2025-07-19_03:30:36,3385.0,3385.0,3385.0,4624.0,4624.0,4624.0
2025-07-19_03:30:36,9972.0,10051.0,11551.0,14099.0,14234.0,15951.0
2025-07-19_03:30:36,10108.0,10435.0,16191.0,14134.0,14535.0,18085.0
2025-07-19_03:30:37,9855.0,10584.0,17654.0,14398.0,14795.0,20305.0
2025-07-19_03:30:37,,,,,,
2025-07-19_03:30:41,6971.0,10593.0,18588.0,3793.0,14796.0,20995.0
2025-07-19_03:30:41,10713.0,11102.0,20037.0,14403.0,14944.0,22571.0
2025-07-19_03:30:41,10086.0,11131.0,21460.0,14394.0,14950.0,22837.0
2025-07-19_03:30:41,,,,,,
2025-07-19_03:30:45,6969.0,11131.0,21529.0,3793.0,14950.0,22944.0
2025-07-19_03:30:45,9808.0,11134.0,22063.0,14014.0,14953.0,23603.0
2025-07-19_03:30:45,9653.0,11135.0,25082.0,13968.0,14953.0,26818.0
2025-07-19_03:30:46,9796.0,11158.0,26165.0,14034.0,14953.0,27628.0
2025-07-19_03:30:46,9831.0,11180.0,27033.0,14027.0,14953.0,27944.0
2025-07-19_03:30:46,9942.0,11183.0,27426.0,14308.0,14953.0,28379.0
2025-07-19_03:30:46,,,,14084.0,14975.0,28850.0
2025-07-19_03:30:50,2778.0,11183.0,27961.0,12176.0,15018.0,29784.0
2025-07-19_03:30:50,,,,,,
2025-07-19_03:30:54,6969.0,11183.0,28199.0,3795.0,15018.0,29787.0
2025-07-19_03:30:54,,,,13980.0,15018.0,30117.0
2025-07-19_03:30:58,3319.0,11184.0,28369.0,12195.0,15018.0,30131.0
2025-07-19_03:30:58,,,,13031.0,15022.0,31332.0
2025-07-19_03:31:02,2778.0,11184.0,28369.0,12189.0,15022.0,31359.0
2025-07-19_03:31:02,,,,,,
2025-07-19_03:31:06,6962.0,11184.0,28410.0,3787.0,15022.0,31359.0
2025-07-19_03:31:06,9943.0,11184.0,28468.0,14376.0,15022.0,31401.0
2025-07-19_03:31:07,,,,,,
2025-07-19_03:31:10,6970.0,11184.0,28468.0,3793.0,15022.0,31401.0
2025-07-19_03:31:11,9467.0,11185.0,28550.0,14284.0,15022.0,31437.0
2025-07-19_03:31:11,9679.0,11186.0,28573.0,13965.0,15022.0,31444.0
2025-07-19_03:31:11,,,,,,
2025-07-19_03:31:15,2780.0,11186.0,28573.0,3776.0,15022.0,31445.0
2025-07-19_03:31:16,,,,,,
2025-07-19_03:31:19,6963.0,11186.0,28575.0,3793.0,15022.0,31445.0
2025-07-19_03:31:20,,,,14056.0,15025.0,31675.0
2025-07-19_03:31:23,3375.0,11186.0,28582.0,12187.0,15025.0,31679.0
2025-07-19_03:31:24,9456.0,11187.0,28641.0,14276.0,15025.0,31698.0
2025-07-19_03:31:24,9738.0,11192.0,28732.0,13895.0,15026.0,31726.0
2025-07-19_03:31:24,9669.0,11192.0,28925.0,13980.0,15026.0,31814.0
2025-07-19_03:31:24,8659.0,11194.0,29141.0,14423.0,15026.0,31910.0
2025-07-19_03:31:24,8549.0,11197.0,29268.0,14102.0,15026.0,31940.0
2025-07-19_03:31:25,,,,14369.0,15026.0,31982.0
2025-07-19_03:31:28,3358.0,11197.0,29268.0,12197.0,15026.0,31991.0
2025-07-19_03:31:29,10152.0,11205.0,29807.0,14236.0,15026.0,32039.0
2025-07-19_03:31:29,9543.0,11210.0,29969.0,14173.0,15027.0,32090.0
2025-07-19_03:31:29,10065.0,11214.0,30110.0,14237.0,15027.0,32101.0
2025-07-19_03:31:29,,,,,,
2025-07-19_03:31:33,6968.0,11214.0,30128.0,3792.0,15027.0,32101.0
2025-07-19_03:31:33,9796.0,11214.0,30135.0,14077.0,15027.0,32125.0
2025-07-19_03:31:34,9539.0,11215.0,30149.0,14177.0,15027.0,32131.0
2025-07-19_03:31:34,9919.0,11215.0,30213.0,14294.0,15027.0,32141.0
2025-07-19_03:31:34,8585.0,11215.0,30263.0,14176.0,15027.0,32169.0
2025-07-19_03:31:34,9575.0,11215.0,30289.0,14192.0,15027.0,32194.0
2025-07-19_03:31:34,9908.0,11284.0,30404.0,14070.0,15070.0,32241.0
2025-07-19_03:31:35,9214.0,11285.0,30498.0,13756.0,15070.0,32269.0
2025-07-19_03:31:35,9850.0,11286.0,30523.0,14016.0,15070.0,32304.0
2025-07-19_03:31:35,9832.0,11287.0,30609.0,14086.0,15070.0,32309.0
2025-07-19_03:31:35,10076.0,11287.0,30631.0,14323.0,15070.0,32329.0
2025-07-19_03:31:35,9810.0,11290.0,30661.0,14023.0,15070.0,32333.0
2025-07-19_03:31:36,8544.0,11290.0,30685.0,13909.0,15070.0,32337.0
2025-07-19_03:31:36,9486.0,11290.0,30889.0,14109.0,15070.0,32658.0
2025-07-19_03:31:36,9803.0,11290.0,30897.0,14222.0,15070.0,32679.0
2025-07-19_03:31:36,,,,14344.0,15070.0,32681.0
2025-07-19_03:31:40,3375.0,11290.0,30897.0,12193.0,15070.0,32688.0
2025-07-19_03:31:40,8548.0,11297.0,30912.0,13917.0,15070.0,32713.0
2025-07-19_03:31:41,2778.0,11297.0,30912.0,12192.0,15070.0,32727.0
2025-07-19_03:31:41,,,,13982.0,15070.0,33137.0
2025-07-19_03:31:45,3302.0,11297.0,30912.0,12192.0,15070.0,33137.0
2025-07-19_03:31:45,10090.0,11312.0,31071.0,14369.0,15073.0,33186.0
2025-07-19_03:31:46,9918.0,11312.0,31089.0,14383.0,15073.0,33194.0
2025-07-19_03:31:46,9678.0,11312.0,31095.0,13926.0,15075.0,33204.0
2025-07-19_03:31:46,9514.0,11312.0,31648.0,14104.0,15095.0,33598.0
2025-07-19_03:31:46,9841.0,11312.0,31677.0,14041.0,15095.0,33635.0
2025-07-19_03:31:46,9797.0,11313.0,31708.0,14089.0,15095.0,33726.0
2025-07-19_03:31:47,9668.0,11313.0,31737.0,13977.0,15095.0,33731.0
2025-07-19_03:31:47,,,,13969.0,15095.0,33733.0
2025-07-19_03:31:51,3358.0,11313.0,31737.0,12189.0,15095.0,33734.0
2025-07-19_03:31:51,9816.0,11314.0,31952.0,14252.0,15095.0,33749.0
2025-07-19_03:31:51,9639.0,11314.0,31962.0,14065.0,15095.0,33761.0
2025-07-19_03:31:51,,,,14045.0,15095.0,33771.0
2025-07-19_03:31:55,3375.0,11314.0,31962.0,12155.0,15097.0,33777.0
2025-07-19_03:31:55,,,,,,
2025-07-19_03:31:59,6966.0,11314.0,31988.0,3792.0,15097.0,33777.0
2025-07-19_03:31:59,9642.0,11314.0,32001.0,13875.0,15097.0,34057.0
2025-07-19_03:31:59,,,,,,
2025-07-19_03:32:03,6965.0,11314.0,32002.0,3792.0,15097.0,34057.0
2025-07-19_03:32:03,,,,,,
2025-07-19_03:32:08,3300.0,11314.0,32002.0,4595.0,15097.0,34060.0
2025-07-19_03:32:08,9990.0,11314.0,32057.0,14225.0,15097.0,34074.0
2025-07-19_03:32:08,10037.0,11314.0,32115.0,14347.0,15097.0,34090.0
2025-07-19_03:32:08,,,,13778.0,15097.0,34090.0
2025-07-19_03:32:12,3302.0,11314.0,32115.0,12188.0,15097.0,34096.0
2025-07-19_03:32:12,9594.0,11319.0,32136.0,14188.0,15097.0,34100.0
2025-07-19_03:32:12,,,,13977.0,15097.0,34100.0
2025-07-19_03:32:16,2778.0,11319.0,32136.0,12198.0,15097.0,34100.0
2025-07-19_03:32:16,9818.0,11319.0,32138.0,14219.0,15097.0,34100.0
2025-07-19_03:32:17,9785.0,11319.0,32142.0,14384.0,15097.0,34103.0
2025-07-19_03:32:17,9190.0,11319.0,32148.0,13933.0,15097.0,34112.0
2025-07-19_03:32:17,8647.0,11319.0,32477.0,14369.0,15097.0,34307.0
2025-07-19_03:32:17,9571.0,11320.0,32479.0,14190.0,15097.0,34313.0
2025-07-19_03:32:18,9687.0,11320.0,32489.0,13986.0,15097.0,34321.0
2025-07-19_03:32:18,9347.0,11320.0,32515.0,14225.0,15097.0,34321.0
2025-07-19_03:32:18,,,,,,
2025-07-19_03:32:22,6973.0,11320.0,32560.0,3792.0,15097.0,34321.0
2025-07-19_03:32:22,,,,,,
2025-07-19_03:32:26,,,,3793.0,15097.0,34321.0
2025-07-19_03:32:30,2778.0,11320.0,32560.0,12193.0,15097.0,34327.0
2025-07-19_03:32:30,8546.0,11320.0,32570.0,13932.0,15097.0,34327.0
2025-07-19_03:32:30,9947.0,11322.0,32591.0,14013.0,15097.0,34331.0
2025-07-19_03:32:30,,,,,,
2025-07-19_03:32:34,6963.0,11322.0,32593.0,3792.0,15097.0,34331.0
2025-07-19_03:32:34,9659.0,11322.0,32594.0,13978.0,15097.0,34334.0
2025-07-19_03:32:35,9893.0,11322.0,32635.0,14373.0,15097.0,34342.0
2025-07-19_03:32:35,10467.0,11338.0,32845.0,14846.0,15377.0,34849.0
2025-07-19_03:32:35,9808.0,11338.0,32852.0,14251.0,15377.0,34850.0
2025-07-19_03:32:35,9868.0,11338.0,32890.0,14396.0,15377.0,34855.0
2025-07-19_03:32:35,,,,14765.0,15377.0,34901.0
2025-07-19_03:32:39,3375.0,11338.0,32890.0,12191.0,15377.0,34901.0
2025-07-19_03:32:39,8520.0,11338.0,32897.0,13760.0,15377.0,34907.0
2025-07-19_03:32:40,9666.0,11338.0,32900.0,14290.0,15377.0,34917.0
2025-07-19_03:32:40,9648.0,11339.0,32915.0,14200.0,15377.0,34928.0
2025-07-19_03:32:40,8512.0,11340.0,32987.0,13267.0,15377.0,35010.0
2025-07-19_03:32:40,10153.0,11340.0,33048.0,14647.0,15377.0,35030.0
2025-07-19_03:32:41,,,,14168.0,15377.0,35040.0
2025-07-19_03:32:44,3302.0,11340.0,33048.0,12194.0,15377.0,35042.0
2025-07-19_03:32:44,9266.0,11344.0,33055.0,13968.0,15377.0,35068.0
2025-07-19_03:32:45,8709.0,11344.0,33120.0,14204.0,15377.0,35074.0
2025-07-19_03:32:45,9195.0,11344.0,33147.0,14005.0,15377.0,35075.0
2025-07-19_03:32:45,9195.0,11344.0,33152.0,13996.0,15377.0,35094.0
2025-07-19_03:32:45,9615.0,11344.0,33154.0,14206.0,15377.0,35096.0
2025-07-19_03:32:45,9847.0,11344.0,33249.0,14379.0,15377.0,35118.0
2025-07-19_03:32:46,,,,13792.0,15377.0,35125.0
2025-07-19_03:32:49,3319.0,11344.0,33249.0,12186.0,15377.0,35125.0
2025-07-19_03:32:50,,,,,,
2025-07-19_03:32:53,6967.0,11344.0,33341.0,3793.0,15377.0,35125.0
2025-07-19_03:32:54,10244.0,11350.0,33378.0,14416.0,15378.0,35300.0
2025-07-19_03:32:54,8555.0,11350.0,33480.0,14063.0,15386.0,35322.0
2025-07-19_03:32:54,,,,,,
2025-07-19_03:32:58,,,,3776.0,15386.0,35322.0
2025-07-19_03:33:02,2778.0,11350.0,33480.0,12148.0,15386.0,35323.0
2025-07-19_03:33:02,9755.0,11350.0,33800.0,14238.0,15386.0,35342.0
2025-07-19_03:33:02,10058.0,11352.0,33826.0,14499.0,15386.0,35360.0
2025-07-19_03:33:02,10179.0,11352.0,33837.0,13875.0,15386.0,35374.0
2025-07-19_03:33:03,8668.0,11352.0,33864.0,13907.0,15386.0,35382.0
2025-07-19_03:33:03,,,,13864.0,15386.0,35385.0
2025-07-19_03:33:07,3319.0,11352.0,33864.0,12187.0,15386.0,35385.0
2025-07-19_03:33:07,9925.0,11352.0,33869.0,13960.0,15386.0,35386.0
2025-07-19_03:33:07,9872.0,11353.0,33880.0,14074.0,15386.0,35386.0
2025-07-19_03:33:07,8640.0,11353.0,33892.0,14174.0,15386.0,35386.0
2025-07-19_03:33:07,,,,14141.0,15393.0,35394.0
2025-07-19_03:33:11,3360.0,11353.0,33892.0,12196.0,15393.0,35394.0
2025-07-19_03:33:11,9643.0,11353.0,33894.0,14103.0,15393.0,35398.0
2025-07-19_03:33:11,10103.0,11353.0,34021.0,14288.0,15393.0,35403.0
2025-07-19_03:33:12,,,,,,
2025-07-19_03:33:16,6967.0,11353.0,34021.0,3792.0,15393.0,35403.0
2025-07-19_03:33:19,2778.0,11353.0,34021.0,12194.0,15393.0,35403.0
2025-07-19_03:33:20,9455.0,11353.0,34021.0,14291.0,15393.0,35404.0
2025-07-19_03:33:20,10172.0,11353.0,34045.0,14113.0,15394.0,35405.0
2025-07-19_03:33:20,9229.0,11353.0,34061.0,13871.0,15394.0,35406.0
2025-07-19_03:33:20,9663.0,11353.0,34062.0,13970.0,15394.0,35406.0
2025-07-19_03:33:20,9195.0,11353.0,34062.0,13918.0,15394.0,35407.0
2025-07-19_03:33:21,9858.0,11353.0,34073.0,14107.0,15394.0,35414.0
2025-07-19_03:33:21,,,,,,
2025-07-19_03:33:25,6951.0,11353.0,34155.0,3793.0,15394.0,35414.0
2025-07-19_03:33:25,9405.0,11353.0,34158.0,14070.0,15394.0,35415.0
2025-07-19_03:33:25,8697.0,11385.0,34202.0,14180.0,15397.0,35431.0
2025-07-19_03:33:25,,,,,,
2025-07-19_03:33:29,6964.0,11385.0,34202.0,3788.0,15397.0,35431.0
2025-07-19_03:33:29,10124.0,11385.0,34205.0,14055.0,15397.0,35437.0
2025-07-19_03:33:30,,,,14015.0,15397.0,35438.0
2025-07-19_03:33:33,3375.0,11385.0,34205.0,12177.0,15397.0,35438.0
2025-07-19_03:33:34,8587.0,11385.0,34211.0,14049.0,15397.0,35439.0
2025-07-19_03:33:34,10130.0,11385.0,34227.0,14258.0,15397.0,35445.0
2025-07-19_03:33:34,,,,,,
2025-07-19_03:33:38,6956.0,11385.0,34253.0,3793.0,15397.0,35445.0
2025-07-19_03:33:38,9674.0,11385.0,34256.0,14194.0,15397.0,35450.0
2025-07-19_03:33:38,,,,,,
2025-07-19_03:33:42,6967.0,11385.0,34271.0,3792.0,15397.0,35450.0
2025-07-19_03:33:42,10223.0,11385.0,34274.0,14508.0,15397.0,35451.0
2025-07-19_03:33:43,10089.0,11385.0,34278.0,14275.0,15397.0,35453.0
2025-07-19_03:33:43,9658.0,11385.0,34287.0,14093.0,15397.0,35457.0
2025-07-19_03:33:43,9817.0,11385.0,34290.0,14217.0,15397.0,35457.0
2025-07-19_03:33:43,9571.0,11385.0,34294.0,13761.0,15397.0,35460.0
2025-07-19_03:33:43,9524.0,11385.0,34322.0,13930.0,15397.0,35460.0
2025-07-19_03:33:44,9685.0,11388.0,34325.0,14173.0,15397.0,35462.0
2025-07-19_03:33:44,9704.0,11388.0,34327.0,14343.0,15397.0,35463.0
2025-07-19_03:33:44,10128.0,11399.0,34355.0,14404.0,15397.0,35463.0
2025-07-19_03:33:44,9878.0,11403.0,34377.0,13892.0,15397.0,35472.0
2025-07-19_03:33:45,9646.0,11403.0,34414.0,14269.0,15397.0,35475.0
2025-07-19_03:33:45,9878.0,11403.0,34422.0,14062.0,15397.0,35484.0
2025-07-19_03:33:45,9666.0,11403.0,34423.0,13982.0,15397.0,35487.0
2025-07-19_03:33:45,9599.0,11403.0,34440.0,13971.0,15397.0,35502.0
2025-07-19_03:33:46,9903.0,11403.0,34443.0,14114.0,15397.0,35507.0
2025-07-19_03:33:46,,,,13933.0,15397.0,35509.0
2025-07-19_03:33:49,3302.0,11403.0,34443.0,12171.0,15397.0,35509.0
2025-07-19_03:33:50,,,,14025.0,15397.0,35955.0
2025-07-19_03:33:53,3377.0,11403.0,34443.0,12190.0,15397.0,35955.0
2025-07-19_03:33:54,,,,13979.0,15397.0,35957.0
2025-07-19_03:33:57,3358.0,11403.0,34443.0,12197.0,15397.0,35958.0
2025-07-19_03:33:57,9858.0,11403.0,34470.0,13942.0,15397.0,35985.0
2025-07-19_03:33:58,,,,,,
2025-07-19_03:34:02,6964.0,11403.0,34470.0,3792.0,15397.0,35985.0
2025-07-19_03:34:02,9685.0,11403.0,34470.0,14167.0,15397.0,35986.0
2025-07-19_03:34:02,9597.0,11403.0,34470.0,13990.0,15397.0,35986.0
2025-07-19_03:34:02,9566.0,11403.0,34471.0,14169.0,15397.0,35991.0
2025-07-19_03:34:02,8524.0,11403.0,34475.0,14020.0,15397.0,35996.0
2025-07-19_03:34:03,9292.0,11403.0,34490.0,14122.0,15397.0,35998.0
2025-07-19_03:34:03,9668.0,11403.0,34490.0,14178.0,15397.0,35999.0
2025-07-19_03:34:03,9566.0,11403.0,34490.0,14194.0,15397.0,36000.0
2025-07-19_03:34:03,,,,14405.0,15397.0,36000.0
2025-07-19_03:34:07,3319.0,11403.0,34490.0,12164.0,15397.0,36000.0
2025-07-19_03:34:07,9647.0,11403.0,34504.0,13971.0,15397.0,36001.0
2025-07-19_03:34:07,10104.0,11420.0,34882.0,14576.0,15397.0,36339.0
2025-07-19_03:34:08,9922.0,11420.0,35026.0,14298.0,15397.0,36342.0
2025-07-19_03:34:08,9997.0,11420.0,35040.0,14207.0,15397.0,36347.0
2025-07-19_03:34:08,9871.0,11420.0,35049.0,14485.0,15397.0,36372.0
2025-07-19_03:34:08,,,,14067.0,15397.0,36380.0
2025-07-19_03:34:12,2778.0,11420.0,35049.0,12187.0,15397.0,36380.0
2025-07-19_03:34:12,9722.0,11420.0,35052.0,14093.0,15397.0,36382.0
2025-07-19_03:34:13,,,,13901.0,15397.0,36392.0
2025-07-19_03:34:16,3375.0,11420.0,35052.0,12186.0,15397.0,36392.0
2025-07-19_03:34:16,8532.0,11420.0,35055.0,13981.0,15397.0,36395.0
2025-07-19_03:34:17,,,,13981.0,15397.0,36395.0
2025-07-19_03:34:20,3375.0,11420.0,35055.0,12185.0,15397.0,36395.0
2025-07-19_03:34:21,,,,13978.0,15397.0,36395.0
2025-07-19_03:34:24,3319.0,11420.0,35055.0,12185.0,15397.0,36395.0
2025-07-19_03:34:24,9810.0,11420.0,35056.0,14221.0,15397.0,36396.0
2025-07-19_03:34:25,8115.0,11420.0,35070.0,13235.0,15397.0,36397.0
2025-07-19_03:34:25,,,,,,
2025-07-19_03:34:29,6967.0,11420.0,35070.0,3792.0,15397.0,36397.0
2025-07-19_03:34:29,9824.0,11421.0,35080.0,14247.0,15397.0,36398.0
2025-07-19_03:34:29,9939.0,11424.0,35088.0,14363.0,15397.0,36401.0
2025-07-19_03:34:29,9292.0,11424.0,35088.0,13798.0,15397.0,36402.0
2025-07-19_03:34:30,8581.0,11424.0,35091.0,13937.0,15397.0,36402.0
2025-07-19_03:34:30,,,,13229.0,15397.0,36408.0
2025-07-19_03:34:34,2778.0,11424.0,35091.0,12194.0,15397.0,36410.0
2025-07-19_03:34:34,9923.0,11424.0,35113.0,13889.0,15397.0,36420.0
2025-07-19_03:34:34,9639.0,11424.0,35116.0,14296.0,15397.0,36423.0
2025-07-19_03:34:34,9747.0,11424.0,35117.0,14366.0,15397.0,36423.0
2025-07-19_03:34:34,10266.0,11426.0,35126.0,14472.0,15397.0,36424.0
2025-07-19_03:34:35,9204.0,11426.0,35126.0,13998.0,15397.0,36424.0
2025-07-19_03:34:35,9233.0,11426.0,35126.0,13776.0,15397.0,36430.0
2025-07-19_03:34:35,10091.0,11426.0,35149.0,14573.0,15397.0,36435.0
2025-07-19_03:34:35,9674.0,11426.0,35149.0,13987.0,15397.0,36437.0
2025-07-19_03:34:36,10095.0,11426.0,35167.0,14049.0,15397.0,36438.0
2025-07-19_03:34:36,9905.0,11433.0,35174.0,14560.0,15397.0,36443.0
2025-07-19_03:34:36,,,,13936.0,15397.0,36443.0
2025-07-19_03:34:40,3319.0,11433.0,35174.0,12167.0,15397.0,36443.0
2025-07-19_03:34:40,9896.0,11433.0,35203.0,14025.0,15397.0,36455.0
2025-07-19_03:34:40,,,,,,
2025-07-19_03:34:44,6964.0,11433.0,35203.0,3794.0,15397.0,36455.0
2025-07-19_03:34:44,8591.0,11433.0,35204.0,14016.0,15397.0,36455.0
2025-07-19_03:34:44,9600.0,11433.0,35213.0,14161.0,15397.0,36455.0
2025-07-19_03:34:45,9173.0,11433.0,35214.0,13819.0,15397.0,36459.0
2025-07-19_03:34:45,9218.0,11433.0,35214.0,14098.0,15397.0,36459.0
2025-07-19_03:34:45,10149.0,11433.0,35392.0,14036.0,15397.0,36459.0
2025-07-19_03:34:45,9273.0,11433.0,35400.0,14216.0,15397.0,36465.0
2025-07-19_03:34:45,10010.0,11433.0,35462.0,14312.0,15397.0,36470.0
2025-07-19_03:34:46,9602.0,11433.0,35462.0,13974.0,15397.0,36470.0
2025-07-19_03:34:46,9340.0,11433.0,35463.0,13938.0,15397.0,36471.0
2025-07-19_03:34:46,9694.0,11433.0,35463.0,14360.0,15397.0,36472.0
2025-07-19_03:34:46,10087.0,11444.0,35497.0,14260.0,15405.0,36529.0
2025-07-19_03:34:47,,,,14247.0,15405.0,36529.0
2025-07-19_03:34:50,2780.0,11444.0,35497.0,12192.0,15405.0,36529.0
2025-07-19_03:34:51,,,,11876.0,15405.0,37771.0
2025-07-19_03:34:55,2778.0,11444.0,35497.0,12189.0,15405.0,37774.0
2025-07-19_03:34:55,,,,,,
2025-07-19_03:34:59,6964.0,11444.0,35497.0,3793.0,15405.0,37774.0
2025-07-19_03:34:59,,,,14522.0,15405.0,37776.0
2025-07-19_03:35:02,3375.0,11444.0,35498.0,12185.0,15405.0,37776.0
2025-07-19_03:35:03,,,,13084.0,15405.0,37778.0
2025-07-19_03:35:07,2778.0,11444.0,35498.0,12196.0,15405.0,37780.0
2025-07-19_03:35:07,,,,14026.0,15405.0,37780.0
2025-07-19_03:35:10,3302.0,11444.0,35498.0,12191.0,15405.0,37780.0
2025-07-19_03:35:11,9588.0,11444.0,35500.0,14005.0,15405.0,37782.0
2025-07-19_03:35:11,9322.0,11444.0,35500.0,13843.0,15405.0,37784.0
2025-07-19_03:35:11,,,,13283.0,15405.0,37888.0
2025-07-19_03:35:15,2778.0,11444.0,35500.0,12187.0,15405.0,37970.0
2025-07-19_03:35:15,9679.0,11444.0,35502.0,14162.0,15405.0,37970.0
2025-07-19_03:35:15,9479.0,11444.0,35502.0,14242.0,15405.0,37971.0
2025-07-19_03:35:16,9681.0,11444.0,35509.0,14173.0,15405.0,37971.0
2025-07-19_03:35:16,8616.0,11444.0,35542.0,14082.0,15405.0,37973.0
2025-07-19_03:35:16,9254.0,11444.0,35548.0,13844.0,15405.0,37981.0
2025-07-19_03:35:16,,,,13955.0,15405.0,37982.0
2025-07-19_03:35:20,3319.0,11444.0,35548.0,12194.0,15405.0,37982.0
2025-07-19_03:35:20,9848.0,11444.0,35549.0,14040.0,15405.0,37982.0
2025-07-19_03:35:20,9815.0,11444.0,35577.0,14369.0,15405.0,37985.0
2025-07-19_03:35:21,9796.0,11444.0,35577.0,14037.0,15405.0,37985.0
2025-07-19_03:35:21,9865.0,11444.0,35578.0,14012.0,15405.0,37993.0
2025-07-19_03:35:21,,,,13633.0,15405.0,37993.0
2025-07-19_03:35:25,3375.0,11444.0,35578.0,12184.0,15405.0,37996.0
2025-07-19_03:35:25,9225.0,11444.0,35582.0,14398.0,15405.0,37999.0
2025-07-19_03:35:25,,,,,,
2025-07-19_03:35:29,6963.0,11444.0,35582.0,3793.0,15405.0,37999.0
2025-07-19_03:35:29,9894.0,11444.0,35590.0,14353.0,15405.0,38000.0
2025-07-19_03:35:29,9873.0,11444.0,35602.0,13956.0,15405.0,38000.0
2025-07-19_03:35:30,10142.0,11444.0,35609.0,14569.0,15405.0,38281.0
2025-07-19_03:35:30,,,,,,
2025-07-19_03:35:34,2778.0,11444.0,35609.0,3776.0,15405.0,38281.0
2025-07-19_03:35:35,9114.0,11444.0,35615.0,14002.0,15405.0,38281.0
2025-07-19_03:35:35,,,,13047.0,15405.0,38284.0
2025-07-19_03:35:39,2778.0,11444.0,35615.0,12192.0,15405.0,38284.0
2025-07-19_03:35:39,9677.0,11444.0,35615.0,14177.0,15405.0,38284.0
2025-07-19_03:35:39,9265.0,11445.0,35618.0,13598.0,15405.0,38284.0
2025-07-19_03:35:39,8664.0,11445.0,35618.0,14221.0,15407.0,38287.0
2025-07-19_03:35:40,,,,14117.0,15407.0,38290.0
2025-07-19_03:35:43,3319.0,11445.0,35618.0,12187.0,15407.0,38290.0
2025-07-19_03:35:43,,,,,,
2025-07-19_03:35:47,6964.0,11445.0,35618.0,3792.0,15407.0,38290.0
2025-07-19_03:35:47,9683.0,11445.0,35618.0,14183.0,15407.0,38290.0
2025-07-19_03:35:48,,,,13263.0,15407.0,38306.0
2025-07-19_03:35:52,2778.0,11445.0,35618.0,12189.0,15407.0,38306.0
2025-07-19_03:35:52,,,,,,
2025-07-19_03:35:56,6966.0,11445.0,35618.0,3786.0,15407.0,38306.0
2025-07-19_03:35:56,,,,14588.0,15407.0,38310.0
2025-07-19_03:35:59,3375.0,11445.0,35618.0,12191.0,15407.0,38310.0
2025-07-19_03:36:00,,,,13927.0,15407.0,38312.0
2025-07-19_03:36:03,3358.0,11445.0,35618.0,12197.0,15407.0,38312.0
2025-07-19_03:36:04,9660.0,11445.0,35618.0,14115.0,15407.0,38313.0
2025-07-19_03:36:04,9679.0,11445.0,35618.0,13972.0,15407.0,38313.0
2025-07-19_03:36:04,,,,14203.0,15407.0,38313.0
2025-07-19_03:36:08,2778.0,11445.0,35618.0,12188.0,15407.0,38313.0
2025-07-19_03:36:08,9190.0,11445.0,35621.0,13794.0,15407.0,38313.0
2025-07-19_03:36:08,9477.0,11445.0,35621.0,14353.0,15407.0,38313.0
2025-07-19_03:36:08,,,,,,
2025-07-19_03:36:12,6969.0,11445.0,35621.0,3793.0,15407.0,38313.0
2025-07-19_03:36:13,9132.0,11445.0,35638.0,13931.0,15407.0,38313.0
2025-07-19_03:36:13,8511.0,11445.0,35647.0,14081.0,15407.0,38314.0
2025-07-19_03:36:13,9916.0,11445.0,35656.0,14346.0,15407.0,38314.0
2025-07-19_03:36:13,,,,14257.0,15407.0,38314.0
2025-07-19_03:36:17,3358.0,11445.0,35656.0,12188.0,15407.0,38314.0
2025-07-19_03:36:17,,,,14105.0,15407.0,38321.0
2025-07-19_03:36:21,3358.0,11445.0,35656.0,12189.0,15407.0,38321.0
2025-07-19_03:36:21,,,,11880.0,15407.0,38326.0
2025-07-19_03:36:25,2778.0,11445.0,35656.0,12173.0,15407.0,38326.0
2025-07-19_03:36:25,10078.0,11447.0,35668.0,14235.0,15407.0,38384.0
2025-07-19_03:36:25,9681.0,11447.0,35669.0,14177.0,15407.0,38392.0
2025-07-19_03:36:26,9811.0,11449.0,35671.0,14258.0,15407.0,38393.0
2025-07-19_03:36:26,9702.0,11449.0,35671.0,14093.0,15407.0,38397.0
2025-07-19_03:36:26,9208.0,11449.0,35671.0,13783.0,15407.0,38397.0
2025-07-19_03:36:26,9798.0,11449.0,35677.0,13973.0,15407.0,38397.0
2025-07-19_03:36:26,,,,14256.0,15407.0,38397.0
2025-07-19_03:36:30,2778.0,11449.0,35677.0,12193.0,15407.0,38397.0
2025-07-19_03:36:30,9585.0,11449.0,35678.0,13979.0,15407.0,38397.0
2025-07-19_03:36:31,9651.0,11449.0,35679.0,14097.0,15407.0,38398.0
2025-07-19_03:36:31,10060.0,11449.0,35679.0,14350.0,15407.0,38402.0
2025-07-19_03:36:31,9652.0,11449.0,35681.0,14188.0,15407.0,38402.0
2025-07-19_03:36:31,,,,,,
2025-07-19_03:36:35,6964.0,11449.0,35681.0,3797.0,15407.0,38402.0
2025-07-19_03:36:35,9847.0,11449.0,35682.0,14072.0,15407.0,38402.0
2025-07-19_03:36:36,,,,13856.0,15407.0,38510.0
2025-07-19_03:36:39,3375.0,11449.0,35682.0,12162.0,15407.0,38510.0
2025-07-19_03:36:39,10279.0,11450.0,35913.0,14382.0,15407.0,38517.0
2025-07-19_03:36:40,9852.0,11450.0,35915.0,13891.0,15407.0,38517.0
2025-07-19_03:36:40,9850.0,11450.0,35924.0,14316.0,15407.0,38518.0
2025-07-19_03:36:40,9332.0,11450.0,35942.0,13861.0,15407.0,38523.0
2025-07-19_03:36:40,9582.0,11450.0,35942.0,14181.0,15407.0,38523.0
2025-07-19_03:36:41,9821.0,11450.0,35943.0,14090.0,15407.0,38524.0
2025-07-19_03:36:41,9875.0,11450.0,35943.0,14302.0,15407.0,38525.0
2025-07-19_03:36:41,,,,,,
2025-07-19_03:36:45,6963.0,11450.0,35943.0,3787.0,15407.0,38525.0
2025-07-19_03:36:45,9672.0,11450.0,35943.0,14170.0,15407.0,38526.0
2025-07-19_03:36:45,9495.0,11450.0,35951.0,14143.0,15407.0,38526.0
2025-07-19_03:36:45,9591.0,11450.0,35952.0,13981.0,15407.0,38535.0
2025-07-19_03:36:46,8724.0,11450.0,35969.0,14514.0,15407.0,38539.0
2025-07-19_03:36:46,9216.0,11450.0,35969.0,13995.0,15407.0,38543.0
2025-07-19_03:36:46,9981.0,11450.0,35970.0,13975.0,15407.0,38543.0
2025-07-19_03:36:46,9659.0,11453.0,35973.0,13975.0,15407.0,38544.0
2025-07-19_03:36:47,,,,14207.0,15407.0,38544.0
2025-07-19_03:36:50,3319.0,11453.0,35973.0,12197.0,15407.0,38544.0
2025-07-19_03:36:50,,,,13362.0,15407.0,38545.0
2025-07-19_03:36:54,2778.0,11453.0,35973.0,12161.0,15407.0,38545.0
2025-07-19_03:36:55,8999.0,11453.0,35974.0,13932.0,15407.0,38545.0
2025-07-19_03:36:55,9494.0,11453.0,35977.0,14218.0,15407.0,38545.0
2025-07-19_03:36:55,,,,14046.0,15407.0,38548.0
2025-07-19_03:36:59,2778.0,11453.0,35977.0,12186.0,15407.0,38548.0
2025-07-19_03:36:59,9671.0,11453.0,35977.0,13976.0,15407.0,38548.0
2025-07-19_03:36:59,9085.0,11455.0,35980.0,14113.0,15407.0,38553.0
2025-07-19_03:36:59,8551.0,11455.0,35988.0,14016.0,15407.0,38555.0
2025-07-19_03:37:00,9906.0,11455.0,35989.0,14560.0,15407.0,38555.0
2025-07-19_03:37:00,,,,14228.0,15407.0,38562.0
2025-07-19_03:37:04,3375.0,11455.0,35989.0,12193.0,15407.0,38562.0
2025-07-19_03:37:04,9837.0,11455.0,35990.0,14065.0,15407.0,38562.0
2025-07-19_03:37:04,8669.0,11455.0,35993.0,14078.0,15407.0,38562.0
2025-07-19_03:37:04,,,,,,
2025-07-19_03:37:08,6968.0,11455.0,35993.0,3792.0,15407.0,38562.0
2025-07-19_03:37:08,8549.0,11455.0,35993.0,13938.0,15407.0,38562.0
2025-07-19_03:37:09,,,,14027.0,15407.0,38563.0
2025-07-19_03:37:12,2778.0,11455.0,35993.0,12193.0,15407.0,38563.0
2025-07-19_03:37:13,9646.0,11455.0,35993.0,14112.0,15407.0,38563.0
2025-07-19_03:37:13,9794.0,11455.0,35993.0,14160.0,15407.0,38564.0
2025-07-19_03:37:13,10218.0,11455.0,35993.0,14308.0,15407.0,38564.0
2025-07-19_03:37:13,10073.0,11455.0,35996.0,14222.0,15407.0,38564.0
2025-07-19_03:37:14,,,,14024.0,15407.0,38570.0
2025-07-19_03:37:17,3358.0,11455.0,35996.0,12200.0,15407.0,38570.0
2025-07-19_03:37:18,9939.0,11455.0,36002.0,14572.0,15407.0,38570.0
2025-07-19_03:37:18,9683.0,11455.0,36003.0,14162.0,15407.0,38570.0
2025-07-19_03:37:18,9821.0,11455.0,36003.0,14047.0,15407.0,38570.0
2025-07-19_03:37:18,9600.0,11455.0,36003.0,14216.0,15407.0,38570.0
2025-07-19_03:37:18,,,,,,
2025-07-19_03:37:22,6970.0,11455.0,36003.0,3786.0,15407.0,38570.0
2025-07-19_03:37:22,10174.0,11455.0,36005.0,14529.0,15407.0,38570.0
2025-07-19_03:37:23,9844.0,11455.0,36006.0,13736.0,15407.0,38570.0
2025-07-19_03:37:23,9672.0,11455.0,36006.0,14171.0,15407.0,38570.0
2025-07-19_03:37:23,,,,13779.0,15407.0,38572.0
2025-07-19_03:37:27,3319.0,11455.0,36006.0,12193.0,15407.0,38572.0
2025-07-19_03:37:27,9585.0,11455.0,36006.0,14193.0,15407.0,38572.0
2025-07-19_03:37:27,,,,13984.0,15407.0,38572.0
2025-07-19_03:37:31,3375.0,11455.0,36006.0,12192.0,15407.0,38573.0
2025-07-19_03:37:31,,,,13895.0,15407.0,38573.0
2025-07-19_03:37:35,2778.0,11455.0,36006.0,12169.0,15407.0,38573.0
2025-07-19_03:37:35,9595.0,11455.0,36006.0,14186.0,15407.0,38573.0
2025-07-19_03:37:36,9704.0,11455.0,36006.0,14139.0,15407.0,38575.0
2025-07-19_03:37:36,9696.0,11455.0,36006.0,14120.0,15407.0,38577.0
2025-07-19_03:37:36,9602.0,11455.0,36006.0,14062.0,15407.0,38578.0
2025-07-19_03:37:36,,,,,,
2025-07-19_03:37:40,6961.0,11455.0,36006.0,3793.0,15407.0,38578.0
2025-07-19_03:37:40,9683.0,11455.0,36006.0,13823.0,15407.0,38578.0
2025-07-19_03:37:40,9284.0,11455.0,36006.0,13790.0,15407.0,38578.0
2025-07-19_03:37:41,9341.0,11455.0,36008.0,13954.0,15407.0,38578.0
2025-07-19_03:37:41,9675.0,11455.0,36008.0,13961.0,15407.0,38579.0
2025-07-19_03:37:41,,,,13609.0,15407.0,38579.0
2025-07-19_03:37:45,3319.0,11455.0,36008.0,12196.0,15407.0,38579.0
2025-07-19_03:37:45,10045.0,11478.0,36220.0,14216.0,15407.0,38692.0
2025-07-19_03:37:45,9664.0,11478.0,36225.0,14176.0,15407.0,38693.0
2025-07-19_03:37:45,9180.0,11478.0,37148.0,14051.0,15407.0,38693.0
2025-07-19_03:37:46,9589.0,11478.0,37148.0,14186.0,15407.0,38693.0
2025-07-19_03:37:46,9659.0,11478.0,37148.0,14107.0,15407.0,38693.0
2025-07-19_03:37:46,9818.0,11478.0,37148.0,14036.0,15407.0,38694.0
2025-07-19_03:37:46,,,,,,
2025-07-19_03:37:50,6966.0,11478.0,37148.0,3792.0,15407.0,38694.0
2025-07-19_03:37:50,10031.0,11478.0,37151.0,14137.0,15407.0,38694.0
2025-07-19_03:37:50,,,,14093.0,15486.0,38801.0
2025-07-19_03:37:54,,,,,,
2025-07-19_03:37:58,6965.0,11478.0,37153.0,3787.0,15486.0,38801.0
2025-07-19_03:37:58,9901.0,11478.0,37155.0,14232.0,15486.0,38801.0
2025-07-19_03:37:59,,,,14152.0,15486.0,38801.0
2025-07-19_03:38:02,3302.0,11478.0,37155.0,12183.0,15486.0,38801.0
2025-07-19_03:38:02,9645.0,11478.0,37159.0,14403.0,15486.0,38805.0
2025-07-19_03:38:03,8543.0,11478.0,37159.0,13691.0,15486.0,38805.0
2025-07-19_03:38:03,,,,13974.0,15486.0,38805.0
2025-07-19_03:38:07,3302.0,11478.0,37159.0,12191.0,15486.0,38805.0
2025-07-19_03:38:07,9498.0,11478.0,37160.0,14402.0,15486.0,38806.0
2025-07-19_03:38:07,9963.0,11478.0,37165.0,14387.0,15486.0,38806.0
2025-07-19_03:38:07,9636.0,11478.0,37165.0,14212.0,15486.0,38806.0
2025-07-19_03:38:08,,,,14090.0,15486.0,38806.0
2025-07-19_03:38:11,3358.0,11478.0,37165.0,12171.0,15486.0,38806.0
2025-07-19_03:38:11,10203.0,11478.0,37325.0,14038.0,15486.0,38876.0
2025-07-19_03:38:12,9872.0,11478.0,37433.0,13996.0,15486.0,38876.0
2025-07-19_03:38:12,8670.0,11478.0,37434.0,14222.0,15486.0,38876.0
2025-07-19_03:38:12,9540.0,11478.0,37435.0,14274.0,15486.0,38876.0
2025-07-19_03:38:12,9686.0,11478.0,37435.0,14168.0,15486.0,38876.0
2025-07-19_03:38:13,,,,13976.0,15486.0,38876.0
2025-07-19_03:38:16,3375.0,11478.0,37435.0,12189.0,15486.0,38876.0
2025-07-19_03:38:17,9681.0,11478.0,37435.0,14174.0,15486.0,38876.0
2025-07-19_03:38:17,10149.0,11478.0,38178.0,14430.0,15486.0,38932.0
2025-07-19_03:38:17,,,,14392.0,15486.0,38933.0
2025-07-19_03:38:21,,,,,,
2025-07-19_03:38:25,6969.0,11478.0,38178.0,3793.0,15486.0,38933.0
2025-07-19_03:38:25,9653.0,11478.0,38178.0,14275.0,15486.0,38933.0
2025-07-19_03:38:25,9670.0,11478.0,38178.0,14167.0,15486.0,38933.0
2025-07-19_03:38:25,,,,,,
2025-07-19_03:38:29,6964.0,11478.0,38178.0,3792.0,15486.0,38933.0
2025-07-19_03:38:29,9834.0,11478.0,38180.0,14082.0,15486.0,38934.0
2025-07-19_03:38:30,9668.0,11478.0,38180.0,14180.0,15486.0,38935.0
2025-07-19_03:38:30,,,,,,
2025-07-19_03:38:34,6967.0,11478.0,38180.0,3793.0,15486.0,38935.0
2025-07-19_03:38:34,9885.0,11478.0,38186.0,14038.0,15486.0,38936.0
2025-07-19_03:38:34,9414.0,11478.0,38192.0,14122.0,15486.0,38936.0
2025-07-19_03:38:34,,,,,,
2025-07-19_03:38:38,6960.0,11478.0,38192.0,3792.0,15486.0,38936.0
2025-07-19_03:38:38,9906.0,11478.0,38193.0,14259.0,15486.0,38938.0
2025-07-19_03:38:39,9684.0,11478.0,38194.0,13980.0,15486.0,38938.0
2025-07-19_03:38:39,9646.0,11478.0,38194.0,14093.0,15486.0,38938.0
2025-07-19_03:38:39,10217.0,11478.0,38237.0,14567.0,15486.0,38938.0
2025-07-19_03:38:39,9667.0,11478.0,38240.0,14372.0,15486.0,38940.0
2025-07-19_03:38:39,9209.0,11478.0,38240.0,13783.0,15486.0,38940.0
2025-07-19_03:38:40,,,,,,
2025-07-19_03:38:44,2780.0,11478.0,38240.0,3776.0,15486.0,38940.0
2025-07-19_03:38:44,,,,,,
2025-07-19_03:38:49,2778.0,11478.0,38240.0,3776.0,15486.0,38940.0
2025-07-19_03:38:49,9676.0,11478.0,38240.0,14041.0,15486.0,38940.0
2025-07-19_03:38:49,8672.0,11478.0,38259.0,14391.0,15486.0,38943.0
2025-07-19_03:38:49,9085.0,11480.0,38264.0,13865.0,15486.0,38944.0
2025-07-19_03:38:50,9999.0,11480.0,38265.0,14332.0,15486.0,38944.0
2025-07-19_03:38:50,9686.0,11480.0,38265.0,14174.0,15486.0,38944.0
2025-07-19_03:38:50,9599.0,11480.0,38266.0,14007.0,15486.0,38944.0
2025-07-19_03:38:50,9732.0,11480.0,38266.0,14151.0,15486.0,38945.0
2025-07-19_03:38:51,,,,14024.0,15486.0,38945.0
2025-07-19_03:38:54,3319.0,11480.0,38266.0,12196.0,15486.0,38945.0
2025-07-19_03:38:54,9727.0,11480.0,38266.0,13910.0,15486.0,38946.0
2025-07-19_03:38:55,9589.0,11480.0,38266.0,13979.0,15486.0,38946.0
2025-07-19_03:38:55,8538.0,11480.0,38275.0,13794.0,15486.0,38949.0
2025-07-19_03:38:55,9746.0,11480.0,38285.0,14234.0,15486.0,38949.0
2025-07-19_03:38:55,9680.0,11480.0,38285.0,13970.0,15486.0,38957.0
2025-07-19_03:38:56,9672.0,11480.0,38285.0,14163.0,15486.0,38957.0
2025-07-19_03:38:56,10301.0,11480.0,38288.0,14341.0,15486.0,38958.0
2025-07-19_03:38:56,,,,,,
2025-07-19_03:39:00,6968.0,11480.0,38288.0,3793.0,15486.0,38958.0
2025-07-19_03:39:00,9629.0,11480.0,38290.0,14013.0,15486.0,38959.0
2025-07-19_03:39:00,9235.0,11480.0,38290.0,14108.0,15486.0,38959.0
2025-07-19_03:39:00,9412.0,11480.0,38290.0,13758.0,15486.0,38959.0
2025-07-19_03:39:01,9635.0,11480.0,38308.0,14070.0,15486.0,38962.0
2025-07-19_03:39:01,9280.0,11480.0,38317.0,14030.0,15486.0,38962.0
2025-07-19_03:39:01,9592.0,11480.0,38318.0,14221.0,15486.0,38962.0
2025-07-19_03:39:01,9594.0,11480.0,38318.0,14123.0,15486.0,38989.0
2025-07-19_03:39:01,,,,,,
2025-07-19_03:39:05,6967.0,11480.0,38318.0,3793.0,15486.0,38989.0
2025-07-19_03:39:05,9666.0,11480.0,38318.0,14174.0,15486.0,38989.0
2025-07-19_03:39:06,9192.0,11480.0,38321.0,14052.0,15486.0,38989.0
2025-07-19_03:39:06,9677.0,11480.0,38321.0,14164.0,15486.0,38989.0
2025-07-19_03:39:06,9682.0,11480.0,38321.0,14171.0,15486.0,38989.0
2025-07-19_03:39:06,9593.0,11480.0,38321.0,14193.0,15486.0,38989.0
2025-07-19_03:39:07,9603.0,11480.0,38321.0,14197.0,15486.0,38989.0
2025-07-19_03:39:07,9658.0,11480.0,38325.0,14277.0,15486.0,38989.0
2025-07-19_03:39:07,,,,,,
2025-07-19_03:39:11,6957.0,11480.0,38325.0,3793.0,15486.0,38989.0
2025-07-19_03:39:11,10038.0,11480.0,38325.0,14507.0,15486.0,38990.0
2025-07-19_03:39:11,9849.0,11480.0,38326.0,14224.0,15486.0,38991.0
2025-07-19_03:39:12,9894.0,11480.0,38327.0,14140.0,15486.0,38992.0
2025-07-19_03:39:12,9676.0,11480.0,38327.0,14168.0,15486.0,38997.0
2025-07-19_03:39:12,9467.0,11480.0,38327.0,14136.0,15486.0,39015.0
2025-07-19_03:39:12,9672.0,11480.0,38327.0,13982.0,15486.0,39015.0
2025-07-19_03:39:13,9968.0,11480.0,38337.0,14180.0,15486.0,39015.0
2025-07-19_03:39:13,9658.0,11480.0,38337.0,13786.0,15486.0,39015.0
2025-07-19_03:39:13,9660.0,11480.0,38339.0,14102.0,15486.0,39015.0
2025-07-19_03:39:13,10004.0,11480.0,38354.0,14393.0,15486.0,39017.0
2025-07-19_03:39:13,9836.0,11480.0,38354.0,14042.0,15486.0,39017.0
2025-07-19_03:39:14,9840.0,11481.0,38355.0,14256.0,15486.0,39018.0
2025-07-19_03:39:14,,,,,,
2025-07-19_03:39:18,6965.0,11481.0,38355.0,3792.0,15486.0,39018.0
2025-07-19_03:39:18,8447.0,11481.0,38356.0,13960.0,15486.0,39018.0
2025-07-19_03:39:18,,,,13795.0,15486.0,39018.0
2025-07-19_03:39:22,3319.0,11481.0,38356.0,12197.0,15486.0,39018.0
2025-07-19_03:39:22,9651.0,11481.0,38356.0,14099.0,15486.0,39018.0
2025-07-19_03:39:22,9682.0,11481.0,38357.0,13801.0,15486.0,39018.0
2025-07-19_03:39:22,9629.0,11481.0,38359.0,14287.0,15486.0,39019.0
2025-07-19_03:39:23,8505.0,11481.0,38359.0,14084.0,15486.0,39019.0
2025-07-19_03:39:23,9689.0,11481.0,38359.0,14328.0,15486.0,39019.0
2025-07-19_03:39:23,,,,14224.0,15486.0,39020.0
2025-07-19_03:39:27,3375.0,11481.0,38359.0,12196.0,15486.0,39020.0
2025-07-19_03:39:27,10231.0,11481.0,38366.0,14515.0,15486.0,39020.0
2025-07-19_03:39:27,,,,13983.0,15486.0,39020.0
2025-07-19_03:39:31,3304.0,11481.0,38366.0,12166.0,15486.0,39020.0
2025-07-19_03:39:31,9594.0,11481.0,38413.0,14145.0,15486.0,39020.0
2025-07-19_03:39:32,10196.0,11481.0,38694.0,14352.0,15486.0,39020.0
2025-07-19_03:39:32,9640.0,11481.0,38695.0,14124.0,15486.0,39021.0
2025-07-19_03:39:32,8608.0,11481.0,38695.0,14113.0,15486.0,39021.0
2025-07-19_03:39:32,,,,14296.0,15486.0,39021.0
2025-07-19_03:39:36,,,,,,
2025-07-19_03:39:40,6963.0,11481.0,38695.0,3793.0,15486.0,39021.0
2025-07-19_03:39:40,9662.0,11481.0,38695.0,14346.0,15486.0,39021.0
2025-07-19_03:39:40,9621.0,11481.0,38711.0,14185.0,15486.0,39021.0
2025-07-19_03:39:40,10348.0,11481.0,38721.0,14579.0,15486.0,39021.0
2025-07-19_03:39:41,9664.0,11481.0,38721.0,14177.0,15486.0,39021.0
2025-07-19_03:39:41,9710.0,11481.0,38721.0,14230.0,15486.0,39022.0
2025-07-19_03:39:41,9676.0,11481.0,38722.0,14171.0,15486.0,39022.0
2025-07-19_03:39:41,9672.0,11481.0,38723.0,13984.0,15486.0,39022.0
2025-07-19_03:39:42,10283.0,11481.0,38723.0,14242.0,15486.0,39022.0
2025-07-19_03:39:42,9818.0,11481.0,38724.0,14071.0,15486.0,39023.0
2025-07-19_03:39:42,,,,13873.0,15486.0,39023.0
2025-07-19_03:39:46,3358.0,11481.0,38724.0,12190.0,15486.0,39025.0
2025-07-19_03:39:46,10019.0,11481.0,38725.0,14384.0,15486.0,39027.0
2025-07-19_03:39:46,9664.0,11481.0,38725.0,14172.0,15486.0,39027.0
2025-07-19_03:39:46,,,,13968.0,15486.0,39027.0
2025-07-19_03:39:50,3302.0,11481.0,38725.0,12194.0,15486.0,39027.0
2025-07-19_03:39:50,9677.0,11481.0,38732.0,14059.0,15486.0,39028.0
2025-07-19_03:39:50,9885.0,11481.0,38732.0,14309.0,15486.0,39028.0
2025-07-19_03:39:51,9628.0,11481.0,38732.0,14091.0,15486.0,39028.0
2025-07-19_03:39:51,,,,14233.0,15486.0,39029.0
2025-07-19_03:39:55,3375.0,11481.0,38732.0,12185.0,15486.0,39029.0
2025-07-19_03:39:55,,,,14281.0,15486.0,39033.0
2025-07-19_03:39:59,2778.0,11481.0,38732.0,12202.0,15486.0,39033.0
2025-07-19_03:39:59,9670.0,11481.0,38732.0,14165.0,15486.0,39033.0
2025-07-19_03:39:59,,,,,,
2025-07-19_03:40:03,6964.0,11481.0,38732.0,3787.0,15486.0,39033.0
2025-07-19_03:40:03,,,,14118.0,15486.0,39033.0
2025-07-19_03:40:07,3358.0,11481.0,38732.0,12174.0,15486.0,39034.0
2025-07-19_03:40:07,,,,,,
2025-07-19_03:40:12,2778.0,11481.0,38732.0,3776.0,15486.0,39034.0
2025-07-19_03:40:12,,,,13802.0,15486.0,39034.0
2025-07-19_03:40:15,3302.0,11481.0,38732.0,12193.0,15486.0,39034.0
2025-07-19_03:40:16,10252.0,11481.0,38742.0,13934.0,15486.0,39107.0
2025-07-19_03:40:16,9653.0,11481.0,38742.0,14109.0,15486.0,39107.0
2025-07-19_03:40:16,,,,,,
2025-07-19_03:40:20,6971.0,11481.0,38742.0,3795.0,15486.0,39107.0
2025-07-19_03:40:20,9644.0,11481.0,38743.0,14100.0,15486.0,39107.0
2025-07-19_03:40:20,9651.0,11481.0,38743.0,14207.0,15486.0,39107.0
2025-07-19_03:40:21,9665.0,11481.0,38743.0,14155.0,15486.0,39107.0
2025-07-19_03:40:21,,,,12045.0,15486.0,39111.0
2025-07-19_03:40:25,2778.0,11481.0,38743.0,12186.0,15486.0,39111.0
2025-07-19_03:40:25,9666.0,11481.0,38743.0,14158.0,15486.0,39111.0
2025-07-19_03:40:25,9636.0,11481.0,38745.0,14012.0,15486.0,39114.0
2025-07-19_03:40:25,,,,,,
2025-07-19_03:40:29,6969.0,11481.0,38745.0,3792.0,15486.0,39114.0
2025-07-19_03:40:29,9670.0,11481.0,38745.0,14166.0,15486.0,39115.0
2025-07-19_03:40:30,8529.0,11481.0,38749.0,14127.0,15486.0,39118.0
2025-07-19_03:40:30,9582.0,11481.0,38749.0,14188.0,15486.0,39118.0
2025-07-19_03:40:30,9778.0,11481.0,38749.0,14190.0,15486.0,39118.0
2025-07-19_03:40:30,9849.0,11481.0,38752.0,14223.0,15486.0,39121.0
2025-07-19_03:40:31,9670.0,11481.0,38752.0,13981.0,15486.0,39121.0
2025-07-19_03:40:31,9521.0,11481.0,38753.0,14102.0,15486.0,39121.0
2025-07-19_03:40:31,9201.0,11481.0,38753.0,13793.0,15486.0,39121.0
2025-07-19_03:40:31,9673.0,11481.0,38753.0,13784.0,15486.0,39121.0
2025-07-19_03:40:31,9853.0,11481.0,38758.0,14269.0,15486.0,39121.0
2025-07-19_03:40:32,9899.0,11481.0,38761.0,14302.0,15486.0,39121.0
2025-07-19_03:40:32,,,,,,
2025-07-19_03:40:36,2778.0,11481.0,38761.0,3776.0,15486.0,39121.0
2025-07-19_03:40:37,9977.0,11481.0,38792.0,14272.0,15486.0,39123.0
2025-07-19_03:40:37,9830.0,11481.0,38792.0,14041.0,15486.0,39123.0
2025-07-19_03:40:37,10228.0,11481.0,38796.0,14305.0,15486.0,39123.0
2025-07-19_03:40:37,8731.0,11481.0,38799.0,14408.0,15486.0,39124.0
2025-07-19_03:40:38,9646.0,11481.0,38799.0,14118.0,15486.0,39124.0
2025-07-19_03:40:38,9669.0,11481.0,38799.0,13968.0,15486.0,39124.0
2025-07-19_03:40:38,9596.0,11481.0,38799.0,14232.0,15486.0,39126.0
2025-07-19_03:40:38,,,,13793.0,15486.0,39126.0
2025-07-19_03:40:42,3319.0,11481.0,38799.0,12182.0,15486.0,39126.0
2025-07-19_03:40:42,10114.0,11481.0,38799.0,14250.0,15486.0,39126.0
2025-07-19_03:40:42,9681.0,11481.0,38799.0,14151.0,15486.0,39127.0
2025-07-19_03:40:43,10058.0,11481.0,38804.0,13802.0,15486.0,39127.0
2025-07-19_03:40:43,9732.0,11481.0,38804.0,14321.0,15486.0,39149.0
2025-07-19_03:40:43,9627.0,11481.0,38805.0,14013.0,15486.0,39149.0
2025-07-19_03:40:43,,,,,,
2025-07-19_03:40:47,6963.0,11481.0,38805.0,3792.0,15486.0,39149.0
2025-07-19_03:40:47,,,,,,
2025-07-19_03:40:51,6964.0,11481.0,38805.0,3793.0,15486.0,39149.0
2025-07-19_03:40:51,9678.0,11481.0,38806.0,14164.0,15486.0,39149.0
2025-07-19_03:40:52,9599.0,11481.0,38806.0,14205.0,15486.0,39149.0
2025-07-19_03:40:52,9515.0,11481.0,38806.0,14315.0,15486.0,39149.0
2025-07-19_03:40:52,9497.0,11481.0,38806.0,14274.0,15486.0,39149.0
2025-07-19_03:40:52,9839.0,11481.0,38806.0,14251.0,15486.0,39149.0
2025-07-19_03:40:52,9654.0,11481.0,38807.0,14057.0,15486.0,39150.0
2025-07-19_03:40:53,9866.0,11481.0,38811.0,14258.0,15486.0,39150.0
2025-07-19_03:40:53,9826.0,11481.0,38811.0,13906.0,15486.0,39152.0
2025-07-19_03:40:53,,,,14108.0,15486.0,39152.0
2025-07-19_03:40:57,3302.0,11481.0,38811.0,12196.0,15486.0,39152.0
2025-07-19_03:40:57,,,,,,
2025-07-19_03:41:01,6969.0,11481.0,38812.0,3793.0,15486.0,39152.0
2025-07-19_03:41:01,9816.0,11481.0,38812.0,14016.0,15486.0,39152.0
2025-07-19_03:41:01,,,,,,
2025-07-19_03:41:05,6957.0,11481.0,38839.0,3792.0,15486.0,39152.0
2025-07-19_03:41:05,9585.0,11481.0,38839.0,14002.0,15486.0,39152.0
2025-07-19_03:41:06,10074.0,11481.0,38839.0,13921.0,15488.0,39154.0
2025-07-19_03:41:06,9679.0,11481.0,38839.0,14176.0,15488.0,39154.0
2025-07-19_03:41:06,9671.0,11481.0,38839.0,13979.0,15488.0,39154.0
2025-07-19_03:41:06,9592.0,11481.0,38839.0,13738.0,15488.0,39154.0
2025-07-19_03:41:07,9648.0,11481.0,38839.0,14275.0,15488.0,39154.0
2025-07-19_03:41:07,,,,14200.0,15488.0,39180.0
2025-07-19_03:41:10,3319.0,11481.0,38839.0,12191.0,15488.0,39180.0
2025-07-19_03:41:11,9674.0,11482.0,38841.0,14177.0,15488.0,39180.0
2025-07-19_03:41:11,9672.0,11482.0,38842.0,14171.0,15488.0,39180.0
2025-07-19_03:41:11,9668.0,11482.0,38842.0,14164.0,15488.0,39180.0
2025-07-19_03:41:11,,,,14274.0,15488.0,39180.0
2025-07-19_03:41:15,3358.0,11482.0,38842.0,12191.0,15488.0,39180.0
2025-07-19_03:41:15,9625.0,11482.0,38842.0,14124.0,15488.0,39180.0
2025-07-19_03:41:16,9667.0,11482.0,38842.0,13780.0,15488.0,39180.0
2025-07-19_03:41:16,,,,14156.0,15488.0,39180.0
2025-07-19_03:41:19,3375.0,11482.0,38842.0,12192.0,15488.0,39180.0
2025-07-19_03:41:20,9457.0,11482.0,38842.0,13791.0,15488.0,39180.0
2025-07-19_03:41:20,9684.0,11482.0,38842.0,14185.0,15488.0,39180.0
2025-07-19_03:41:20,,,,,,
2025-07-19_03:41:24,6967.0,11482.0,38842.0,3793.0,15488.0,39180.0
2025-07-19_03:41:24,9674.0,11482.0,38842.0,14146.0,15488.0,39180.0
2025-07-19_03:41:24,8617.0,11482.0,38846.0,14090.0,15488.0,39180.0
2025-07-19_03:41:25,,,,,,
2025-07-19_03:41:28,6969.0,11482.0,38846.0,3793.0,15488.0,39180.0
2025-07-19_03:41:29,,,,14224.0,15488.0,39180.0
2025-07-19_03:41:32,3358.0,11482.0,38846.0,12191.0,15488.0,39180.0
2025-07-19_03:41:32,9450.0,11482.0,38846.0,14197.0,15488.0,39180.0
2025-07-19_03:41:33,8645.0,11482.0,38850.0,14138.0,15488.0,39189.0
2025-07-19_03:41:33,8708.0,11482.0,38852.0,14213.0,15488.0,39189.0
2025-07-19_03:41:33,9887.0,11482.0,38853.0,14130.0,15488.0,39194.0
2025-07-19_03:41:33,9619.0,11482.0,38853.0,13921.0,15488.0,39194.0
2025-07-19_03:41:34,,,,14257.0,15488.0,39206.0
2025-07-19_03:41:37,2778.0,11482.0,38853.0,12192.0,15488.0,39206.0
2025-07-19_03:41:38,,,,,,
2025-07-19_03:41:41,6969.0,11482.0,38853.0,3793.0,15488.0,39206.0
2025-07-19_03:41:42,,,,14125.0,15488.0,39207.0
2025-07-19_03:41:45,3375.0,11482.0,38853.0,12183.0,15488.0,39207.0
2025-07-19_03:41:46,,,,13791.0,15488.0,39207.0
2025-07-19_03:41:49,3375.0,11482.0,38853.0,12196.0,15488.0,39207.0
2025-07-19_03:41:49,,,,11871.0,15488.0,39207.0
2025-07-19_03:41:53,2778.0,11482.0,38853.0,12192.0,15488.0,39207.0
2025-07-19_03:41:53,,,,13972.0,15488.0,39207.0
2025-07-19_03:41:57,3302.0,11482.0,38853.0,12189.0,15488.0,39207.0
2025-07-19_03:41:57,9705.0,11482.0,38854.0,14219.0,15488.0,39212.0
2025-07-19_03:41:58,9744.0,11482.0,38854.0,14219.0,15488.0,39212.0
2025-07-19_03:41:58,9683.0,11482.0,38854.0,13977.0,15488.0,39212.0
2025-07-19_03:41:58,,,,14144.0,15488.0,39212.0
2025-07-19_03:42:02,3358.0,11482.0,38854.0,12164.0,15488.0,39212.0
2025-07-19_03:42:02,9676.0,11482.0,38856.0,13972.0,15488.0,39212.0
2025-07-19_03:42:02,9930.0,11482.0,38858.0,14562.0,15488.0,39216.0
2025-07-19_03:42:02,9673.0,11482.0,38858.0,13972.0,15488.0,39216.0
2025-07-19_03:42:03,,,,13987.0,15488.0,39216.0
2025-07-19_03:42:07,2778.0,11482.0,38858.0,12188.0,15488.0,39216.0
2025-07-19_03:42:07,9663.0,11482.0,38858.0,14178.0,15488.0,39216.0
2025-07-19_03:42:07,8674.0,11482.0,38872.0,14096.0,15488.0,39216.0
2025-07-19_03:42:07,9963.0,11482.0,38872.0,14383.0,15488.0,39216.0
2025-07-19_03:42:07,,,,14118.0,15488.0,39217.0
2025-07-19_03:42:11,3375.0,11482.0,38872.0,12194.0,15488.0,39217.0
2025-07-19_03:42:11,9887.0,11482.0,38872.0,14056.0,15488.0,39217.0
2025-07-19_03:42:12,9546.0,11482.0,38872.0,14236.0,15488.0,39217.0
2025-07-19_03:42:12,,,,13800.0,15488.0,39217.0
2025-07-19_03:42:16,3319.0,11482.0,38872.0,12192.0,15488.0,39217.0
2025-07-19_03:42:16,8704.0,11482.0,38877.0,14472.0,15488.0,39218.0
2025-07-19_03:42:16,9858.0,11488.0,38884.0,14005.0,15488.0,39218.0
2025-07-19_03:42:16,8561.0,11488.0,38890.0,13916.0,15488.0,39220.0
2025-07-19_03:42:16,9673.0,11488.0,38890.0,14160.0,15488.0,39220.0
2025-07-19_03:42:17,10336.0,11488.0,38893.0,14389.0,15488.0,39220.0
2025-07-19_03:42:17,9852.0,11488.0,38893.0,14022.0,15488.0,39223.0
2025-07-19_03:42:17,,,,13788.0,15488.0,39224.0
2025-07-19_03:42:21,3302.0,11488.0,38893.0,12183.0,15488.0,39224.0
2025-07-19_03:42:21,,,,,,
2025-07-19_03:42:25,6964.0,11488.0,38893.0,3793.0,15488.0,39224.0
2025-07-19_03:42:25,9689.0,11488.0,38893.0,13980.0,15488.0,39224.0
2025-07-19_03:42:25,,,,13785.0,15488.0,39224.0
2025-07-19_03:42:29,3319.0,11488.0,38893.0,12190.0,15488.0,39224.0
2025-07-19_03:42:29,,,,,,
2025-07-19_03:42:33,6968.0,11488.0,38894.0,3793.0,15488.0,39224.0
2025-07-19_03:42:33,9861.0,11488.0,38896.0,14350.0,15488.0,39224.0
2025-07-19_03:42:33,9801.0,11488.0,38896.0,14001.0,15488.0,39224.0
2025-07-19_03:42:34,9675.0,11488.0,38897.0,14328.0,15488.0,39224.0
2025-07-19_03:42:34,9784.0,11488.0,38899.0,14292.0,15488.0,39225.0
2025-07-19_03:42:34,9693.0,11488.0,38903.0,14180.0,15488.0,39225.0
2025-07-19_03:42:34,9669.0,11488.0,38903.0,13981.0,15488.0,39225.0
2025-07-19_03:42:34,9712.0,11488.0,38903.0,14252.0,15488.0,39225.0
2025-07-19_03:42:35,9675.0,11488.0,38903.0,13802.0,15488.0,39225.0
2025-07-19_03:42:35,9682.0,11488.0,38903.0,13951.0,15488.0,39225.0
2025-07-19_03:42:35,,,,,,
2025-07-19_03:42:39,6948.0,11488.0,38910.0,3792.0,15488.0,39225.0
2025-07-19_03:42:39,9656.0,11488.0,38910.0,14103.0,15488.0,39225.0
2025-07-19_03:42:39,8563.0,11488.0,38926.0,14065.0,15488.0,39225.0
2025-07-19_03:42:40,8354.0,11488.0,38930.0,14282.0,15488.0,39232.0
2025-07-19_03:42:40,9662.0,11488.0,38930.0,14311.0,15488.0,39232.0
2025-07-19_03:42:40,9798.0,11488.0,38930.0,14308.0,15488.0,39232.0
2025-07-19_03:42:40,9812.0,11488.0,38930.0,14256.0,15488.0,39232.0
2025-07-19_03:42:40,,,,,,
2025-07-19_03:42:44,6968.0,11488.0,38930.0,3787.0,15488.0,39232.0
2025-07-19_03:42:44,9686.0,11488.0,38930.0,14012.0,15488.0,39232.0
2025-07-19_03:42:45,9652.0,11488.0,38930.0,14102.0,15488.0,39232.0
2025-07-19_03:42:45,9821.0,11488.0,38932.0,14020.0,15488.0,39233.0
2025-07-19_03:42:45,9672.0,11488.0,38932.0,13957.0,15488.0,39233.0
2025-07-19_03:42:45,9860.0,11488.0,38932.0,14043.0,15488.0,39239.0
2025-07-19_03:42:46,,,,14051.0,15488.0,39239.0
2025-07-19_03:42:49,3375.0,11488.0,38932.0,12171.0,15488.0,39239.0
2025-07-19_03:42:49,9662.0,11488.0,38932.0,13973.0,15488.0,39239.0
2025-07-19_03:42:50,10103.0,11488.0,38933.0,14409.0,15488.0,39239.0
2025-07-19_03:42:50,9649.0,11488.0,38933.0,14105.0,15488.0,39239.0
2025-07-19_03:42:50,9657.0,11488.0,38933.0,13975.0,15488.0,39239.0
2025-07-19_03:42:50,9851.0,11488.0,38942.0,14236.0,15488.0,39240.0
2025-07-19_03:42:51,10026.0,11488.0,38942.0,14069.0,15488.0,39240.0
2025-07-19_03:42:51,9589.0,11488.0,38942.0,14179.0,15488.0,39240.0
2025-07-19_03:42:51,,,,13792.0,15488.0,39240.0
2025-07-19_03:42:55,3302.0,11488.0,38942.0,12192.0,15488.0,39240.0
2025-07-19_03:42:55,10128.0,11492.0,38957.0,14400.0,15488.0,39240.0
2025-07-19_03:42:55,8556.0,11492.0,38965.0,13931.0,15488.0,39245.0
2025-07-19_03:42:55,10109.0,11492.0,38968.0,14238.0,15488.0,39245.0
2025-07-19_03:42:56,9927.0,11492.0,38972.0,14247.0,15488.0,39245.0
2025-07-19_03:42:56,,,,13927.0,15488.0,39245.0
2025-07-19_03:42:59,3358.0,11492.0,38972.0,12184.0,15488.0,39245.0
2025-07-19_03:43:00,9675.0,11492.0,38972.0,14208.0,15488.0,39245.0
2025-07-19_03:43:00,,,,,,
2025-07-19_03:43:04,6964.0,11492.0,38972.0,3792.0,15488.0,39245.0
2025-07-19_03:43:04,10043.0,11492.0,38973.0,14614.0,15488.0,39245.0
2025-07-19_03:43:04,,,,,,
2025-07-19_03:43:08,6964.0,11492.0,38973.0,3786.0,15488.0,39245.0
2025-07-19_03:43:08,9681.0,11492.0,38973.0,13977.0,15488.0,39245.0
2025-07-19_03:43:08,9677.0,11492.0,38973.0,14158.0,15488.0,39245.0
2025-07-19_03:43:09,9836.0,11492.0,38991.0,14301.0,15488.0,39247.0
2025-07-19_03:43:09,9758.0,11492.0,38991.0,14241.0,15488.0,39247.0
2025-07-19_03:43:09,10226.0,11492.0,38992.0,14081.0,15488.0,39250.0
2025-07-19_03:43:09,,,,,,
2025-07-19_03:43:13,6968.0,11492.0,38992.0,3792.0,15488.0,39250.0
2025-07-19_03:43:13,9667.0,11492.0,38992.0,13968.0,15488.0,39250.0
2025-07-19_03:43:14,,,,14256.0,15488.0,39266.0
2025-07-19_03:43:17,3358.0,11492.0,38992.0,12198.0,15488.0,39266.0
2025-07-19_03:43:18,,,,13697.0,15488.0,39266.0
2025-07-19_03:43:21,3319.0,11492.0,38992.0,12187.0,15488.0,39266.0
2025-07-19_03:43:21,9587.0,11492.0,38992.0,14024.0,15488.0,39266.0
2025-07-19_03:43:22,9159.0,11492.0,38994.0,13762.0,15488.0,39286.0
2025-07-19_03:43:22,9214.0,11492.0,38994.0,13922.0,15488.0,39286.0
2025-07-19_03:43:22,9665.0,11492.0,38994.0,14171.0,15488.0,39286.0
2025-07-19_03:43:22,8607.0,11492.0,38994.0,13958.0,15488.0,39286.0
2025-07-19_03:43:22,9669.0,11492.0,38994.0,14169.0,15488.0,39286.0
2025-07-19_03:43:23,9905.0,11492.0,38994.0,14183.0,15488.0,39292.0
2025-07-19_03:43:23,9672.0,11492.0,38994.0,14174.0,15488.0,39292.0
2025-07-19_03:43:23,9592.0,11492.0,38994.0,13962.0,15488.0,39292.0
2025-07-19_03:43:23,9714.0,11492.0,38999.0,14024.0,15488.0,39293.0
2025-07-19_03:43:24,9681.0,11492.0,38999.0,13976.0,15488.0,39293.0
2025-07-19_03:43:24,9603.0,11492.0,38999.0,13967.0,15488.0,39293.0
2025-07-19_03:43:24,,,,14028.0,15488.0,39293.0
2025-07-19_03:43:28,3375.0,11492.0,38999.0,12197.0,15488.0,39293.0
2025-07-19_03:43:28,,,,13825.0,15488.0,39293.0
2025-07-19_03:43:32,3302.0,11492.0,38999.0,12193.0,15488.0,39293.0
2025-07-19_03:43:32,9907.0,11492.0,39000.0,14084.0,15488.0,39293.0
2025-07-19_03:43:32,8622.0,11492.0,39000.0,14189.0,15488.0,39293.0
2025-07-19_03:43:32,,,,14110.0,15488.0,39295.0
2025-07-19_03:43:36,3302.0,11492.0,39000.0,12193.0,15488.0,39295.0
2025-07-19_03:43:36,9930.0,11492.0,39001.0,14360.0,15488.0,39295.0
2025-07-19_03:43:36,8555.0,11492.0,39003.0,13722.0,15488.0,39295.0
2025-07-19_03:43:37,,,,14339.0,15488.0,39295.0
2025-07-19_03:43:40,3375.0,11492.0,39003.0,12179.0,15488.0,39295.0
2025-07-19_03:43:40,,,,,,
2025-07-19_03:43:44,6964.0,11492.0,39003.0,3793.0,15488.0,39295.0
2025-07-19_03:43:44,9673.0,11492.0,39003.0,13973.0,15488.0,39295.0
2025-07-19_03:43:45,8552.0,11492.0,39004.0,13958.0,15488.0,39295.0
2025-07-19_03:43:45,,,,14230.0,15488.0,39296.0
2025-07-19_03:43:49,,,,,,
2025-07-19_03:43:52,6970.0,11492.0,39004.0,3792.0,15488.0,39296.0
2025-07-19_03:43:53,9835.0,11492.0,39004.0,14074.0,15488.0,39296.0
2025-07-19_03:43:53,9814.0,11492.0,39004.0,14223.0,15488.0,39296.0
2025-07-19_03:43:53,9851.0,11492.0,39004.0,14228.0,15488.0,39302.0
2025-07-19_03:43:53,9869.0,11492.0,39004.0,13899.0,15488.0,39302.0
2025-07-19_03:43:53,9940.0,11492.0,39004.0,14156.0,15488.0,39303.0
2025-07-19_03:43:54,,,,14301.0,15488.0,39305.0
2025-07-19_03:43:57,3358.0,11492.0,39004.0,12190.0,15488.0,39305.0
2025-07-19_03:43:58,,,,,,
2025-07-19_03:44:01,6969.0,11492.0,39004.0,3793.0,15488.0,39305.0
2025-07-19_03:44:02,9666.0,11492.0,39004.0,14281.0,15488.0,39305.0
2025-07-19_03:44:02,9649.0,11492.0,39004.0,14099.0,15488.0,39305.0
2025-07-19_03:44:02,8643.0,11492.0,39006.0,14192.0,15488.0,39306.0
2025-07-19_03:44:02,10015.0,11492.0,39008.0,14318.0,15488.0,39306.0
2025-07-19_03:44:03,10053.0,11492.0,39008.0,14419.0,15488.0,39307.0
2025-07-19_03:44:03,9805.0,11492.0,39008.0,14315.0,15488.0,39307.0
2025-07-19_03:44:03,9491.0,11492.0,39011.0,14079.0,15488.0,39307.0
2025-07-19_03:44:03,,,,,,
2025-07-19_03:44:07,6962.0,11492.0,39011.0,3793.0,15488.0,39307.0
2025-07-19_03:44:07,,,,,,
2025-07-19_03:44:11,6969.0,11492.0,39011.0,3792.0,15488.0,39307.0
2025-07-19_03:44:11,10027.0,11492.0,39011.0,14078.0,15488.0,39308.0
2025-07-19_03:44:11,9677.0,11492.0,39011.0,14174.0,15488.0,39308.0
2025-07-19_03:44:12,9864.0,11492.0,39011.0,14341.0,15488.0,39308.0
2025-07-19_03:44:12,9942.0,11492.0,39014.0,14126.0,15488.0,39308.0
2025-07-19_03:44:12,8622.0,11492.0,39028.0,14092.0,15488.0,39308.0
2025-07-19_03:44:12,,,,,,
2025-07-19_03:44:16,6969.0,11492.0,39028.0,3793.0,15488.0,39308.0
2025-07-19_03:44:16,,,,14254.0,15488.0,39311.0
2025-07-19_03:44:20,3358.0,11492.0,39028.0,12192.0,15488.0,39311.0
2025-07-19_03:44:20,9646.0,11492.0,39028.0,14169.0,15488.0,39311.0
2025-07-19_03:44:21,9899.0,11492.0,39032.0,14347.0,15488.0,39320.0
2025-07-19_03:44:21,9828.0,11492.0,39032.0,14013.0,15488.0,39320.0
2025-07-19_03:44:21,10305.0,11492.0,39037.0,14680.0,15488.0,39320.0
2025-07-19_03:44:21,9672.0,11492.0,39037.0,14171.0,15488.0,39320.0
2025-07-19_03:44:22,,,,14325.0,15488.0,39320.0
2025-07-19_03:44:25,3375.0,11492.0,39037.0,12187.0,15488.0,39320.0
2025-07-19_03:44:25,9389.0,11492.0,39037.0,14168.0,15488.0,39321.0
2025-07-19_03:44:26,,,,,,
2025-07-19_03:44:30,6964.0,11492.0,39037.0,3792.0,15488.0,39321.0
2025-07-19_03:44:30,9867.0,11492.0,39053.0,13772.0,15488.0,39322.0
2025-07-19_03:44:30,9638.0,11492.0,39054.0,14004.0,15488.0,39322.0
2025-07-19_03:44:30,9966.0,11492.0,39288.0,14035.0,15488.0,39330.0
2025-07-19_03:44:30,8520.0,11492.0,39303.0,13847.0,15488.0,39348.0
2025-07-19_03:44:31,,,,14073.0,15488.0,39348.0
2025-07-19_03:44:34,3358.0,11492.0,39303.0,12186.0,15488.0,39348.0
2025-07-19_03:44:35,,,,14314.0,15488.0,39363.0
2025-07-19_03:44:38,3358.0,11492.0,39303.0,12185.0,15488.0,39363.0
2025-07-19_03:44:38,8647.0,11492.0,39328.0,14095.0,15488.0,39363.0
2025-07-19_03:44:39,9824.0,11492.0,39328.0,14108.0,15488.0,39364.0
2025-07-19_03:44:39,9858.0,11492.0,39329.0,14008.0,15488.0,39364.0
2025-07-19_03:44:39,10110.0,11492.0,39329.0,14233.0,15488.0,39364.0
2025-07-19_03:44:39,10046.0,11492.0,39348.0,14512.0,15488.0,39376.0
2025-07-19_03:44:40,10066.0,11492.0,39350.0,14279.0,15488.0,39376.0
2025-07-19_03:44:40,,,,14327.0,15488.0,39385.0
2025-07-19_03:44:44,3358.0,11492.0,39350.0,12188.0,15488.0,39385.0
2025-07-19_03:44:44,8689.0,11492.0,39352.0,14067.0,15488.0,39385.0
2025-07-19_03:44:44,8583.0,11492.0,39352.0,14212.0,15488.0,39385.0
2025-07-19_03:44:44,8590.0,11492.0,39354.0,14193.0,15488.0,39385.0
2025-07-19_03:44:44,,,,,,
2025-07-19_03:44:48,6969.0,11492.0,39354.0,3793.0,15488.0,39385.0
2025-07-19_03:44:48,8705.0,11492.0,39355.0,14211.0,15488.0,39386.0
2025-07-19_03:44:48,,,,,,
2025-07-19_03:44:52,6966.0,11492.0,39355.0,3792.0,15488.0,39386.0
2025-07-19_03:44:53,8338.0,11492.0,39357.0,13913.0,15488.0,39386.0
2025-07-19_03:44:53,,,,13994.0,15488.0,39386.0
2025-07-19_03:44:56,3358.0,11492.0,39357.0,12179.0,15488.0,39386.0
2025-07-19_03:44:57,,,,14304.0,15488.0,39386.0
2025-07-19_03:45:00,3375.0,11492.0,39357.0,12172.0,15488.0,39386.0
2025-07-19_03:45:01,,,,14262.0,15488.0,39397.0
2025-07-19_03:45:04,3358.0,11492.0,39357.0,12194.0,15488.0,39397.0
2025-07-19_03:45:04,8513.0,11492.0,39359.0,13914.0,15488.0,39398.0
2025-07-19_03:45:05,,,,14289.0,15488.0,39420.0
2025-07-19_03:45:09,2778.0,11492.0,39359.0,12169.0,15488.0,39420.0
2025-07-19_03:45:09,9691.0,11492.0,39359.0,14372.0,15488.0,39420.0
2025-07-19_03:45:09,,,,,,
2025-07-19_03:45:13,6961.0,11492.0,39359.0,3787.0,15488.0,39420.0
2025-07-19_03:45:13,8645.0,11493.0,39378.0,14097.0,15488.0,39420.0
2025-07-19_03:45:13,,,,14105.0,15488.0,39420.0
2025-07-19_03:45:17,3319.0,11493.0,39378.0,12185.0,15488.0,39420.0
2025-07-19_03:45:17,9877.0,11493.0,39378.0,14197.0,15488.0,39420.0
2025-07-19_03:45:17,9847.0,11493.0,39384.0,14236.0,15488.0,39425.0
2025-07-19_03:45:18,8063.0,11493.0,39428.0,13261.0,15488.0,39425.0
2025-07-19_03:45:18,9733.0,11493.0,39428.0,13995.0,15488.0,39425.0
2025-07-19_03:45:18,9841.0,11493.0,39428.0,14261.0,15488.0,39425.0
2025-07-19_03:45:18,,,,,,
2025-07-19_03:45:23,2778.0,11493.0,39428.0,3776.0,15488.0,39425.0
2025-07-19_03:45:23,9853.0,11493.0,39428.0,14207.0,15488.0,39427.0
2025-07-19_03:45:23,,,,,,
2025-07-19_03:45:27,6966.0,11493.0,39428.0,3792.0,15488.0,39427.0
2025-07-19_03:45:27,10154.0,11493.0,39428.0,14054.0,15488.0,39427.0
2025-07-19_03:45:27,8669.0,11493.0,39440.0,14082.0,15488.0,39427.0
2025-07-19_03:45:28,10173.0,11493.0,39440.0,14312.0,15488.0,39427.0
2025-07-19_03:45:28,10144.0,11493.0,39476.0,14617.0,15488.0,39428.0
2025-07-19_03:45:28,10302.0,11493.0,39516.0,14610.0,15488.0,39430.0
2025-07-19_03:45:28,10028.0,11493.0,39518.0,14236.0,15488.0,39430.0
2025-07-19_03:45:29,,,,14076.0,15488.0,39430.0
2025-07-19_03:45:32,,,,,,
2025-07-19_03:45:36,6969.0,11493.0,39518.0,3792.0,15488.0,39430.0
2025-07-19_03:45:36,,,,,,
2025-07-19_03:45:40,6965.0,11493.0,39518.0,3792.0,15488.0,39430.0
2025-07-19_03:45:40,8568.0,11493.0,39518.0,14181.0,15493.0,39520.0
2025-07-19_03:45:41,9921.0,11493.0,39523.0,14241.0,15493.0,39520.0
2025-07-19_03:45:41,,,,,,
2025-07-19_03:45:45,6963.0,11493.0,39523.0,3793.0,15493.0,39520.0
2025-07-19_03:45:45,,,,13962.0,15493.0,39520.0
2025-07-19_03:45:49,3319.0,11493.0,39523.0,12187.0,15493.0,39520.0
2025-07-19_03:45:49,,,,,,
2025-07-19_03:45:53,6955.0,11493.0,39523.0,3792.0,15493.0,39520.0
2025-07-19_03:45:53,10038.0,11493.0,40052.0,14097.0,15493.0,39642.0
2025-07-19_03:45:53,8530.0,11493.0,40052.0,13901.0,15493.0,39642.0
2025-07-19_03:45:53,9931.0,11493.0,40053.0,13969.0,15493.0,39642.0
2025-07-19_03:45:54,9592.0,11493.0,40069.0,13817.0,15493.0,39642.0
2025-07-19_03:45:54,2778.0,11493.0,40069.0,12190.0,15493.0,39642.0
2025-07-19_03:45:55,10014.0,11493.0,40069.0,14353.0,15493.0,39642.0
2025-07-19_03:45:55,9402.0,11493.0,40069.0,13975.0,15493.0,39642.0
2025-07-19_03:45:55,9740.0,11493.0,40069.0,14217.0,15493.0,39642.0
2025-07-19_03:45:55,9040.0,11493.0,40069.0,14020.0,15493.0,39642.0
2025-07-19_03:45:55,,,,,,
2025-07-19_03:45:59,,,,3795.0,15493.0,39642.0
2025-07-19_03:46:03,2778.0,11493.0,40069.0,12195.0,15493.0,39642.0
2025-07-19_03:46:03,10133.0,11493.0,40074.0,14244.0,15493.0,39642.0
2025-07-19_03:46:04,9683.0,11493.0,40074.0,13801.0,15493.0,39642.0
2025-07-19_03:46:04,,,,14223.0,15493.0,39642.0
2025-07-19_03:46:08,3375.0,11493.0,40074.0,12187.0,15493.0,39642.0
2025-07-19_03:46:08,9881.0,11493.0,40079.0,14191.0,15493.0,39642.0
2025-07-19_03:46:08,10241.0,11493.0,40125.0,14288.0,15493.0,39643.0
2025-07-19_03:46:08,8521.0,11493.0,40128.0,13890.0,15493.0,39643.0
2025-07-19_03:46:08,9687.0,11493.0,40132.0,13985.0,15493.0,39643.0
2025-07-19_03:46:09,9306.0,11493.0,40139.0,14141.0,15493.0,39643.0
2025-07-19_03:46:09,9027.0,11493.0,40139.0,14118.0,15493.0,39643.0
2025-07-19_03:46:09,8578.0,11493.0,40141.0,14113.0,15493.0,39643.0
2025-07-19_03:46:09,9593.0,11493.0,40141.0,14206.0,15493.0,39644.0
2025-07-19_03:46:10,8331.0,11493.0,40141.0,13819.0,15493.0,39645.0
2025-07-19_03:46:10,9668.0,11493.0,40141.0,14172.0,15493.0,39645.0
2025-07-19_03:46:10,9955.0,11493.0,40149.0,14367.0,15493.0,39645.0
2025-07-19_03:46:10,10107.0,11493.0,40176.0,14405.0,15493.0,39645.0
2025-07-19_03:46:10,,,,14581.0,15493.0,39645.0
2025-07-19_03:46:14,3360.0,11493.0,40176.0,12200.0,15493.0,39645.0
2025-07-19_03:46:14,10133.0,11493.0,40176.0,13881.0,15493.0,39645.0
2025-07-19_03:46:15,,,,,,
2025-07-19_03:46:18,6964.0,11493.0,40178.0,3792.0,15493.0,39645.0
2025-07-19_03:46:19,9916.0,11493.0,40178.0,14143.0,15493.0,39645.0
2025-07-19_03:46:19,,,,14003.0,15493.0,39645.0
2025-07-19_03:46:22,3375.0,11493.0,40178.0,12164.0,15493.0,39645.0
2025-07-19_03:46:23,9845.0,11493.0,40194.0,14315.0,15493.0,39645.0
2025-07-19_03:46:23,,,,14188.0,15493.0,39645.0
2025-07-19_03:46:27,3358.0,11493.0,40194.0,12165.0,15493.0,39645.0
2025-07-19_03:46:27,9929.0,11493.0,40200.0,14072.0,15493.0,39675.0
2025-07-19_03:46:27,8440.0,11493.0,40200.0,13981.0,15493.0,39675.0
2025-07-19_03:46:27,,,,14093.0,15493.0,39675.0
2025-07-19_03:46:31,2780.0,11493.0,40200.0,12189.0,15493.0,39678.0
2025-07-19_03:46:31,,,,,,
2025-07-19_03:46:35,6970.0,11493.0,40200.0,3794.0,15493.0,39678.0
2025-07-19_03:46:35,8684.0,11493.0,40201.0,14309.0,15493.0,39678.0
2025-07-19_03:46:36,9829.0,11493.0,40204.0,14216.0,15493.0,39680.0
2025-07-19_03:46:36,9677.0,11493.0,40204.0,13972.0,15493.0,39680.0
2025-07-19_03:46:36,9672.0,11493.0,40204.0,13976.0,15493.0,39680.0
2025-07-19_03:46:36,,,,,,
2025-07-19_03:46:40,6963.0,11493.0,40204.0,3793.0,15493.0,39680.0
2025-07-19_03:46:40,9922.0,11493.0,40204.0,14356.0,15493.0,39680.0
2025-07-19_03:46:40,9466.0,11493.0,40204.0,14116.0,15493.0,39680.0
2025-07-19_03:46:41,9890.0,11493.0,40205.0,14195.0,15493.0,39681.0
2025-07-19_03:46:41,,,,13905.0,15493.0,39681.0
2025-07-19_03:46:45,3319.0,11493.0,40205.0,12186.0,15493.0,39681.0
2025-07-19_03:46:45,9360.0,11493.0,40213.0,14043.0,15493.0,39681.0
2025-07-19_03:46:45,,,,14245.0,15493.0,39725.0
2025-07-19_03:46:49,2778.0,11493.0,40213.0,12194.0,15493.0,39725.0
2025-07-19_03:46:49,9659.0,11493.0,40213.0,13946.0,15493.0,39725.0
2025-07-19_03:46:49,8675.0,11493.0,40213.0,14072.0,15493.0,39725.0
2025-07-19_03:46:50,2778.0,11493.0,40213.0,12183.0,15493.0,39725.0
2025-07-19_03:46:50,10159.0,11493.0,40217.0,13867.0,15493.0,39725.0
2025-07-19_03:46:50,,,,14024.0,15493.0,39725.0
2025-07-19_03:46:54,3358.0,11493.0,40217.0,12185.0,15493.0,39732.0
2025-07-19_03:46:54,,,,,,
2025-07-19_03:46:58,6970.0,11493.0,40217.0,3793.0,15493.0,39732.0
2025-07-19_03:46:58,10165.0,11493.0,40218.0,14039.0,15493.0,39732.0
2025-07-19_03:46:59,8631.0,11493.0,40218.0,14138.0,15493.0,39732.0
2025-07-19_03:46:59,9668.0,11493.0,40218.0,14163.0,15493.0,39732.0
2025-07-19_03:46:59,,,,,,
2025-07-19_03:47:03,6965.0,11493.0,40218.0,3793.0,15493.0,39732.0
2025-07-19_03:47:03,8647.0,11493.0,40219.0,14057.0,15493.0,39732.0
2025-07-19_03:47:03,,,,14485.0,15493.0,39733.0
2025-07-19_03:47:07,3358.0,11493.0,40219.0,12182.0,15493.0,39733.0
2025-07-19_03:47:07,,,,,,
2025-07-19_03:47:11,6965.0,11493.0,40219.0,3793.0,15493.0,39733.0
2025-07-19_03:47:11,8523.0,11493.0,40219.0,13252.0,15493.0,39745.0
2025-07-19_03:47:11,8661.0,11493.0,40222.0,14081.0,15493.0,39746.0
2025-07-19_03:47:12,8709.0,11493.0,40222.0,13943.0,15493.0,39746.0
2025-07-19_03:47:12,10133.0,11496.0,40227.0,14456.0,15504.0,39780.0
2025-07-19_03:47:12,9943.0,11496.0,40230.0,14078.0,15504.0,39780.0
2025-07-19_03:47:12,,,,13927.0,15504.0,39782.0
2025-07-19_03:47:16,3302.0,11496.0,40230.0,12185.0,15504.0,39782.0
2025-07-19_03:47:16,9486.0,11496.0,40230.0,13754.0,15504.0,39782.0
2025-07-19_03:47:16,9638.0,11496.0,40230.0,14027.0,15504.0,39782.0
2025-07-19_03:47:17,,,,,,
2025-07-19_03:47:20,6966.0,11496.0,40230.0,3792.0,15504.0,39782.0
2025-07-19_03:47:21,8613.0,11496.0,40230.0,14096.0,15504.0,39782.0
2025-07-19_03:47:21,8614.0,11496.0,40233.0,14098.0,15504.0,39782.0
2025-07-19_03:47:21,10003.0,11496.0,40234.0,14372.0,15504.0,39782.0
2025-07-19_03:47:21,10097.0,11496.0,40237.0,14249.0,15504.0,39782.0
2025-07-19_03:47:22,10189.0,11496.0,40270.0,14142.0,15504.0,39782.0
2025-07-19_03:47:22,,,,13985.0,15504.0,39783.0
2025-07-19_03:47:26,3302.0,11496.0,40270.0,12165.0,15504.0,39783.0
2025-07-19_03:47:26,9641.0,11496.0,40270.0,13916.0,15504.0,39783.0
2025-07-19_03:47:26,9881.0,11496.0,40270.0,14436.0,15504.0,39783.0
2025-07-19_03:47:26,10211.0,11496.0,40271.0,14052.0,15504.0,39786.0
2025-07-19_03:47:26,9708.0,11496.0,40279.0,14003.0,15504.0,39790.0
2025-07-19_03:47:27,9552.0,11496.0,40279.0,14004.0,15504.0,39790.0
2025-07-19_03:47:27,10183.0,11496.0,40281.0,14041.0,15504.0,39790.0
2025-07-19_03:47:27,9909.0,11496.0,40282.0,13769.0,15504.0,39790.0
2025-07-19_03:47:27,,,,,,
2025-07-19_03:47:31,6963.0,11496.0,40282.0,3787.0,15504.0,39790.0
2025-07-19_03:47:31,8072.0,11496.0,40282.0,12857.0,15504.0,39801.0
2025-07-19_03:47:32,,,,14342.0,15504.0,39801.0
2025-07-19_03:47:35,3319.0,11496.0,40282.0,12167.0,15504.0,39801.0
2025-07-19_03:47:35,,,,13795.0,15504.0,39801.0
2025-07-19_03:47:39,3321.0,11496.0,40282.0,12185.0,15504.0,39801.0
2025-07-19_03:47:39,9670.0,11496.0,40282.0,14151.0,15504.0,39801.0
2025-07-19_03:47:40,9834.0,11496.0,40282.0,14266.0,15504.0,39801.0
2025-07-19_03:47:40,9868.0,11496.0,40283.0,14341.0,15504.0,39802.0
2025-07-19_03:47:40,9892.0,11496.0,40283.0,14269.0,15504.0,39802.0
2025-07-19_03:47:40,8594.0,11496.0,40290.0,13913.0,15504.0,39802.0
2025-07-19_03:47:41,,,,,,
2025-07-19_03:47:44,6960.0,11496.0,40290.0,3793.0,15504.0,39802.0
2025-07-19_03:47:45,8523.0,11496.0,40290.0,13342.0,15504.0,39804.0
2025-07-19_03:47:45,,,,,,
2025-07-19_03:47:49,6970.0,11496.0,40290.0,3793.0,15504.0,39804.0
2025-07-19_03:47:49,8647.0,11496.0,40295.0,13926.0,15504.0,39804.0
2025-07-19_03:47:49,8550.0,11496.0,40296.0,13811.0,15504.0,39804.0
2025-07-19_03:47:49,8662.0,11496.0,40296.0,14101.0,15504.0,39804.0
2025-07-19_03:47:49,,,,,,
2025-07-19_03:47:53,6967.0,11496.0,40296.0,3793.0,15504.0,39804.0
2025-07-19_03:47:53,9687.0,11496.0,40296.0,13962.0,15504.0,39804.0
2025-07-19_03:47:54,,,,14017.0,15504.0,39804.0
2025-07-19_03:47:57,3375.0,11496.0,40296.0,12195.0,15504.0,39804.0
2025-07-19_03:47:58,,,,14296.0,15504.0,39813.0
2025-07-19_03:48:01,3358.0,11496.0,40296.0,12196.0,15504.0,39813.0
2025-07-19_03:48:02,,,,14003.0,15504.0,39813.0
2025-07-19_03:48:05,3358.0,11496.0,40296.0,12201.0,15504.0,39813.0
2025-07-19_03:48:05,,,,14035.0,15504.0,39813.0
2025-07-19_03:48:09,3319.0,11496.0,40296.0,12192.0,15504.0,39813.0
2025-07-19_03:48:09,8541.0,11496.0,40296.0,14250.0,15504.0,39859.0
2025-07-19_03:48:10,,,,,,
2025-07-19_03:48:13,6969.0,11496.0,40299.0,3786.0,15504.0,39859.0
2025-07-19_03:48:14,8596.0,11496.0,40299.0,14084.0,15504.0,39859.0
2025-07-19_03:48:14,8587.0,11496.0,40299.0,14073.0,15504.0,39859.0
2025-07-19_03:48:14,9500.0,11498.0,40301.0,13968.0,15504.0,39859.0
2025-07-19_03:48:14,8655.0,11498.0,40307.0,14386.0,15504.0,39859.0
2025-07-19_03:48:15,8529.0,11498.0,40309.0,13835.0,15504.0,39860.0
2025-07-19_03:48:15,8619.0,11498.0,40310.0,13915.0,15504.0,39860.0
2025-07-19_03:48:15,8077.0,11498.0,40311.0,13081.0,15504.0,39860.0
2025-07-19_03:48:15,8534.0,11498.0,40311.0,13806.0,15504.0,39860.0
2025-07-19_03:48:15,8042.0,11498.0,40331.0,13235.0,15504.0,39860.0
2025-07-19_03:48:16,10163.0,11498.0,40335.0,14036.0,15504.0,39980.0
2025-07-19_03:48:16,,,,14660.0,15504.0,40132.0
2025-07-19_03:48:20,2778.0,11498.0,40335.0,12155.0,15504.0,40132.0
2025-07-19_03:48:20,9885.0,11498.0,40336.0,14271.0,15504.0,40132.0
2025-07-19_03:48:20,9559.0,11498.0,40336.0,14164.0,15504.0,40132.0
2025-07-19_03:48:20,,,,13636.0,15504.0,40132.0
2025-07-19_03:48:24,2780.0,11498.0,40336.0,12165.0,15504.0,40132.0
2025-07-19_03:48:24,,,,,,
2025-07-19_03:48:28,6965.0,11498.0,40336.0,3792.0,15504.0,40132.0
2025-07-19_03:48:28,8072.0,11498.0,40336.0,13234.0,15504.0,40132.0
2025-07-19_03:48:29,8083.0,11498.0,40336.0,13342.0,15504.0,40134.0
2025-07-19_03:48:29,8619.0,11498.0,40337.0,14085.0,15504.0,40134.0
2025-07-19_03:48:29,8070.0,11498.0,40337.0,12895.0,15504.0,40134.0
2025-07-19_03:48:29,,,,14219.0,15504.0,40134.0
2025-07-19_03:48:33,3358.0,11498.0,40337.0,12197.0,15504.0,40134.0
2025-07-19_03:48:33,,,,13908.0,15504.0,40217.0
2025-07-19_03:48:37,2778.0,11498.0,40337.0,12184.0,15504.0,40217.0
2025-07-19_03:48:37,8095.0,11498.0,40343.0,12870.0,15504.0,40217.0
2025-07-19_03:48:37,9970.0,11498.0,40345.0,13814.0,15504.0,40217.0
2025-07-19_03:48:38,9752.0,11498.0,40345.0,13999.0,15504.0,40217.0
2025-07-19_03:48:38,9654.0,11498.0,40345.0,14181.0,15504.0,40217.0
2025-07-19_03:48:38,8092.0,11498.0,40345.0,13486.0,15504.0,40217.0
2025-07-19_03:48:38,9901.0,11498.0,40347.0,14190.0,15504.0,40217.0
2025-07-19_03:48:39,9640.0,11498.0,40347.0,14111.0,15504.0,40217.0
2025-07-19_03:48:39,8666.0,11498.0,40358.0,14088.0,15504.0,40217.0
2025-07-19_03:48:39,8077.0,11498.0,40358.0,13266.0,15504.0,40217.0
2025-07-19_03:48:39,,,,,,
2025-07-19_03:48:43,6962.0,11498.0,40358.0,3793.0,15504.0,40217.0
2025-07-19_03:48:43,,,,,,
2025-07-19_03:48:47,6966.0,11498.0,40358.0,3793.0,15504.0,40217.0
2025-07-19_03:48:47,8082.0,11498.0,40358.0,13054.0,15504.0,40217.0
2025-07-19_03:48:47,8062.0,11498.0,40359.0,13049.0,15504.0,40217.0
2025-07-19_03:48:48,9675.0,11498.0,40359.0,14170.0,15504.0,40217.0
2025-07-19_03:48:48,8073.0,11498.0,40360.0,12853.0,15504.0,40218.0
2025-07-19_03:48:48,8546.0,11498.0,40360.0,13839.0,15504.0,40218.0
2025-07-19_03:48:48,8053.0,11498.0,40361.0,13344.0,15504.0,40218.0
2025-07-19_03:48:49,8055.0,11498.0,40361.0,13262.0,15504.0,40218.0
2025-07-19_03:48:49,,,,14287.0,15504.0,40432.0
2025-07-19_03:48:53,2778.0,11498.0,40361.0,12175.0,15504.0,40432.0
2025-07-19_03:48:53,9686.0,11498.0,40361.0,13987.0,15504.0,40432.0
2025-07-19_03:48:53,9231.0,11498.0,40361.0,13782.0,15504.0,40432.0
2025-07-19_03:48:54,9090.0,11498.0,40361.0,14121.0,15504.0,40432.0
2025-07-19_03:48:54,8026.0,11498.0,40362.0,13260.0,15504.0,40432.0
2025-07-19_03:48:54,9830.0,11498.0,40363.0,14007.0,15504.0,40432.0
2025-07-19_03:48:54,8623.0,11498.0,40363.0,14095.0,15504.0,40432.0
2025-07-19_03:48:54,,,,14412.0,15504.0,40432.0
2025-07-19_03:48:58,3358.0,11498.0,40363.0,12192.0,15504.0,40432.0
2025-07-19_03:48:58,10266.0,11498.0,40480.0,14055.0,15504.0,40448.0
2025-07-19_03:48:59,,,,,,
2025-07-19_03:49:02,6964.0,11498.0,40480.0,3793.0,15504.0,40448.0
2025-07-19_03:49:03,10161.0,11498.0,40482.0,13847.0,15504.0,40449.0
2025-07-19_03:49:03,,,,,,
2025-07-19_03:49:07,6969.0,11498.0,40482.0,3786.0,15504.0,40449.0
2025-07-19_03:49:07,,,,13792.0,15504.0,40449.0
2025-07-19_03:49:11,2778.0,11498.0,40482.0,12187.0,15504.0,40449.0
2025-07-19_03:49:11,8534.0,11498.0,40482.0,13249.0,15504.0,40449.0
2025-07-19_03:49:11,8497.0,11498.0,40485.0,13816.0,15504.0,40449.0
2025-07-19_03:49:11,,,,13842.0,15504.0,40449.0
2025-07-19_03:49:15,2780.0,11498.0,40485.0,12188.0,15504.0,40453.0
2025-07-19_03:49:15,,,,,,
2025-07-19_03:49:19,6964.0,11498.0,40485.0,3793.0,15504.0,40453.0
2025-07-19_03:49:19,8678.0,11498.0,40485.0,13917.0,15504.0,40458.0
2025-07-19_03:49:20,9833.0,11498.0,40485.0,14042.0,15504.0,40458.0
2025-07-19_03:49:20,,,,,,
2025-07-19_03:49:24,6964.0,11498.0,40485.0,3793.0,15504.0,40458.0
2025-07-19_03:49:24,8704.0,11498.0,40486.0,14082.0,15504.0,40458.0
2025-07-19_03:49:24,8080.0,11498.0,40486.0,13039.0,15504.0,40458.0
2025-07-19_03:49:24,8079.0,11498.0,40486.0,13225.0,15504.0,40458.0
2025-07-19_03:49:25,8065.0,11498.0,40488.0,13483.0,15504.0,40458.0
2025-07-19_03:49:25,8655.0,11498.0,40491.0,14373.0,15504.0,40458.0
2025-07-19_03:49:25,8067.0,11498.0,40494.0,13049.0,15504.0,40458.0
2025-07-19_03:49:25,,,,,,
2025-07-19_03:49:29,6968.0,11498.0,40494.0,3792.0,15504.0,40458.0
2025-07-19_03:49:29,,,,,,
2025-07-19_03:49:33,6967.0,11498.0,40494.0,3792.0,15504.0,40458.0
2025-07-19_03:49:33,8520.0,11498.0,40495.0,13855.0,15504.0,40458.0
2025-07-19_03:49:34,8516.0,11498.0,40497.0,13935.0,15504.0,40458.0
2025-07-19_03:49:34,,,,,,
2025-07-19_03:49:38,6964.0,11498.0,40497.0,3792.0,15504.0,40458.0
2025-07-19_03:49:38,10171.0,11498.0,40497.0,14046.0,15504.0,40458.0
2025-07-19_03:49:38,,,,,,
2025-07-19_03:49:42,6969.0,11498.0,40497.0,3793.0,15504.0,40458.0
2025-07-19_03:49:42,8619.0,11498.0,40498.0,14095.0,15504.0,40458.0
2025-07-19_03:49:42,8027.0,11498.0,40498.0,13259.0,15504.0,40458.0
2025-07-19_03:49:43,9733.0,11498.0,40499.0,14128.0,15504.0,40458.0
2025-07-19_03:49:43,,,,14012.0,15504.0,40458.0
2025-07-19_03:49:47,3375.0,11498.0,40499.0,12191.0,15504.0,40458.0
2025-07-19_03:49:47,8525.0,11498.0,40499.0,13799.0,15504.0,40458.0
2025-07-19_03:49:47,8689.0,11498.0,40499.0,14094.0,15504.0,40458.0
2025-07-19_03:49:47,10251.0,11498.0,40500.0,14293.0,15504.0,40464.0
2025-07-19_03:49:47,9815.0,11498.0,40500.0,14234.0,15504.0,40464.0
2025-07-19_03:49:48,2778.0,11498.0,40500.0,12191.0,15504.0,40464.0
2025-07-19_03:49:48,,,,14037.0,15504.0,40464.0
2025-07-19_03:49:52,3358.0,11498.0,40500.0,12183.0,15504.0,40464.0
2025-07-19_03:49:52,,,,14208.0,15504.0,40464.0
2025-07-19_03:49:56,3373.0,11498.0,40500.0,12184.0,15504.0,40464.0
2025-07-19_03:49:56,8510.0,11498.0,40500.0,13809.0,15504.0,40464.0
2025-07-19_03:49:56,8677.0,11498.0,40500.0,14193.0,15504.0,40464.0
2025-07-19_03:49:57,8659.0,11498.0,40508.0,14098.0,15504.0,40465.0
2025-07-19_03:49:57,8606.0,11498.0,40508.0,14092.0,15504.0,40465.0
2025-07-19_03:49:57,8683.0,11498.0,40509.0,14200.0,15504.0,40467.0
2025-07-19_03:49:57,10288.0,11498.0,40554.0,14290.0,15504.0,40485.0
2025-07-19_03:49:58,,,,13281.0,15504.0,40486.0
2025-07-19_03:50:02,2778.0,11498.0,40554.0,12188.0,15504.0,40486.0
2025-07-19_03:50:02,9832.0,11498.0,40554.0,14042.0,15504.0,40486.0
2025-07-19_03:50:02,9718.0,11498.0,40554.0,14008.0,15504.0,40486.0
2025-07-19_03:50:02,8087.0,11498.0,40554.0,13273.0,15504.0,40487.0
2025-07-19_03:50:02,8512.0,11498.0,40555.0,13518.0,15504.0,40507.0
2025-07-19_03:50:03,8088.0,11498.0,40555.0,13045.0,15504.0,40507.0
2025-07-19_03:50:03,8060.0,11498.0,40555.0,12865.0,15504.0,40507.0
2025-07-19_03:50:03,8060.0,11498.0,40555.0,13246.0,15504.0,40507.0
2025-07-19_03:50:03,8720.0,11498.0,40574.0,14124.0,15504.0,40509.0
2025-07-19_03:50:04,,,,,,
2025-07-19_03:50:07,6964.0,11498.0,40574.0,3792.0,15504.0,40509.0
2025-07-19_03:50:08,8085.0,11498.0,40574.0,12803.0,15504.0,40509.0
2025-07-19_03:50:08,8644.0,11498.0,40579.0,14078.0,15504.0,40509.0
2025-07-19_03:50:08,,,,,,
2025-07-19_03:50:12,6966.0,11498.0,40579.0,3786.0,15504.0,40509.0
2025-07-19_03:50:12,9494.0,11498.0,40581.0,13994.0,15504.0,40509.0
2025-07-19_03:50:12,8028.0,11498.0,40581.0,13066.0,15504.0,40510.0
2025-07-19_03:50:12,,,,13790.0,15504.0,40511.0
2025-07-19_03:50:16,3302.0,11498.0,40581.0,12191.0,15504.0,40511.0
2025-07-19_03:50:16,8074.0,11498.0,40581.0,13271.0,15504.0,40511.0
2025-07-19_03:50:17,8085.0,11498.0,40582.0,13414.0,15504.0,40512.0
2025-07-19_03:50:17,8087.0,11498.0,40582.0,13270.0,15504.0,40512.0
2025-07-19_03:50:17,8097.0,11498.0,40582.0,13042.0,15504.0,40512.0
2025-07-19_03:50:17,8059.0,11498.0,40582.0,13054.0,15504.0,40512.0
2025-07-19_03:50:17,7974.0,11498.0,40584.0,13231.0,15504.0,40512.0
2025-07-19_03:50:18,8525.0,11498.0,40585.0,13652.0,15504.0,40512.0
2025-07-19_03:50:18,8087.0,11498.0,40585.0,13222.0,15504.0,40512.0
2025-07-19_03:50:18,8682.0,11498.0,40587.0,14001.0,15504.0,40512.0
2025-07-19_03:50:18,9180.0,11498.0,40587.0,13804.0,15504.0,40512.0
2025-07-19_03:50:19,8064.0,11498.0,40587.0,13265.0,15504.0,40512.0
2025-07-19_03:50:19,,,,,,
2025-07-19_03:50:23,2778.0,11498.0,40587.0,3776.0,15504.0,40512.0
2025-07-19_03:50:24,9886.0,11498.0,40587.0,13974.0,15504.0,40512.0
2025-07-19_03:50:24,10151.0,11498.0,40588.0,14057.0,15504.0,40513.0
2025-07-19_03:50:24,7989.0,11498.0,40588.0,13134.0,15504.0,40516.0
2025-07-19_03:50:24,8146.0,11498.0,40588.0,13482.0,15504.0,40516.0
2025-07-19_03:50:24,8056.0,11498.0,40588.0,13083.0,15504.0,40516.0
2025-07-19_03:50:25,9717.0,11498.0,40588.0,14000.0,15504.0,40516.0
2025-07-19_03:50:25,8053.0,11498.0,40588.0,13049.0,15504.0,40516.0
2025-07-19_03:50:25,8076.0,11498.0,40590.0,13066.0,15504.0,40516.0
2025-07-19_03:50:25,,,,14041.0,15504.0,40517.0
2025-07-19_03:50:29,3358.0,11498.0,40590.0,12196.0,15504.0,40517.0
2025-07-19_03:50:29,7995.0,11498.0,40590.0,13250.0,15504.0,40520.0
2025-07-19_03:50:29,8047.0,11498.0,40590.0,13346.0,15504.0,40520.0
2025-07-19_03:50:30,,,,13884.0,15504.0,40520.0
2025-07-19_03:50:33,3375.0,11498.0,40590.0,12183.0,15504.0,40520.0
2025-07-19_03:50:34,8066.0,11498.0,40590.0,13255.0,15504.0,40520.0
2025-07-19_03:50:34,,,,,,
2025-07-19_03:50:38,6961.0,11498.0,40591.0,3792.0,15504.0,40520.0
2025-07-19_03:50:38,2778.0,11498.0,40591.0,12187.0,15504.0,40520.0
2025-07-19_03:50:39,,,,,,
2025-07-19_03:50:42,6963.0,11498.0,40591.0,3794.0,15504.0,40520.0
2025-07-19_03:50:43,8083.0,11498.0,40591.0,13089.0,15504.0,40520.0
2025-07-19_03:50:43,8076.0,11498.0,40591.0,13265.0,15504.0,40520.0
2025-07-19_03:50:43,8079.0,11498.0,40591.0,12805.0,15504.0,40520.0
2025-07-19_03:50:43,8051.0,11498.0,40591.0,13083.0,15504.0,40520.0
2025-07-19_03:50:44,7971.0,11498.0,40591.0,13047.0,15504.0,40520.0
2025-07-19_03:50:44,,,,,,
2025-07-19_03:50:48,3356.0,11498.0,40591.0,4595.0,15504.0,40520.0
2025-07-19_03:50:48,8082.0,11498.0,40591.0,13231.0,15504.0,40520.0
2025-07-19_03:50:48,8078.0,11498.0,40591.0,13229.0,15504.0,40520.0
2025-07-19_03:50:49,,,,13841.0,15504.0,40522.0
2025-07-19_03:50:53,2778.0,11498.0,40591.0,12200.0,15504.0,40522.0
2025-07-19_03:50:53,8094.0,11498.0,40591.0,12855.0,15504.0,40522.0
2025-07-19_03:50:54,2778.0,11498.0,40591.0,12188.0,15504.0,40522.0
2025-07-19_03:50:54,8502.0,11498.0,40591.0,13971.0,15504.0,40522.0
2025-07-19_03:50:54,8654.0,11498.0,40596.0,14364.0,15504.0,40522.0
2025-07-19_03:50:54,8032.0,11498.0,40596.0,13252.0,15504.0,40522.0
2025-07-19_03:50:55,7982.0,11498.0,40596.0,13318.0,15504.0,40522.0
2025-07-19_03:50:55,8021.0,11498.0,40596.0,13042.0,15504.0,40522.0
2025-07-19_03:50:55,8086.0,11498.0,40596.0,13256.0,15504.0,40525.0
2025-07-19_03:50:55,9889.0,11498.0,40596.0,14292.0,15504.0,40525.0
2025-07-19_03:50:55,9735.0,11498.0,40605.0,13792.0,15504.0,40525.0
2025-07-19_03:50:56,8094.0,11498.0,40605.0,13034.0,15504.0,40525.0
2025-07-19_03:50:56,8534.0,11498.0,40605.0,13997.0,15504.0,40525.0
2025-07-19_03:50:56,8541.0,11499.0,40606.0,14042.0,15504.0,40525.0
2025-07-19_03:50:56,8091.0,11499.0,40607.0,13260.0,15504.0,40525.0
2025-07-19_03:50:57,8092.0,11499.0,40607.0,12862.0,15504.0,40525.0
2025-07-19_03:50:57,7967.0,11499.0,40607.0,13235.0,15504.0,40525.0
2025-07-19_03:50:57,8038.0,11499.0,40607.0,13267.0,15504.0,40525.0
2025-07-19_03:50:57,8037.0,11499.0,40607.0,12875.0,15504.0,40535.0
2025-07-19_03:50:57,8045.0,11499.0,40608.0,13312.0,15504.0,40535.0
2025-07-19_03:50:58,8083.0,11499.0,40609.0,13083.0,15504.0,40535.0
2025-07-19_03:50:58,10266.0,11499.0,40611.0,14348.0,15504.0,40535.0
2025-07-19_03:50:58,10193.0,11499.0,40611.0,14003.0,15504.0,40535.0
2025-07-19_03:50:58,8053.0,11499.0,40611.0,13309.0,15504.0,40536.0
2025-07-19_03:50:59,8028.0,11499.0,40611.0,13267.0,15504.0,40536.0
2025-07-19_03:50:59,,,,14030.0,15504.0,40536.0
2025-07-19_03:51:03,3358.0,11499.0,40611.0,12173.0,15504.0,40536.0
2025-07-19_03:51:03,9810.0,11499.0,40612.0,14092.0,15504.0,40536.0
2025-07-19_03:51:03,,,,,,
2025-07-19_03:51:07,6953.0,11499.0,40614.0,3792.0,15504.0,40536.0
2025-07-19_03:51:07,8075.0,11499.0,40614.0,13259.0,15504.0,40536.0
2025-07-19_03:51:07,8043.0,11499.0,40615.0,13348.0,15504.0,40536.0
2025-07-19_03:51:07,8072.0,11499.0,40615.0,13053.0,15504.0,40536.0
2025-07-19_03:51:08,9468.0,11499.0,40615.0,13967.0,15504.0,40536.0
2025-07-19_03:51:08,8106.0,11499.0,40615.0,13081.0,15504.0,40536.0
2025-07-19_03:51:08,9934.0,11499.0,40615.0,13832.0,15504.0,40536.0
2025-07-19_03:51:08,8635.0,11499.0,40620.0,14096.0,15504.0,40536.0
2025-07-19_03:51:09,8075.0,11499.0,40620.0,13086.0,15504.0,40536.0
2025-07-19_03:51:09,,,,14087.0,15504.0,40536.0
2025-07-19_03:51:13,2778.0,11499.0,40620.0,12187.0,15504.0,40536.0
2025-07-19_03:51:13,9715.0,11499.0,40620.0,14244.0,15504.0,40536.0
2025-07-19_03:51:13,8091.0,11499.0,40620.0,13045.0,15504.0,40536.0
2025-07-19_03:51:13,8072.0,11499.0,40620.0,13332.0,15504.0,40536.0
2025-07-19_03:51:13,8089.0,11499.0,40620.0,13059.0,15504.0,40536.0
2025-07-19_03:51:14,,,,,,
2025-07-19_03:51:18,6960.0,11499.0,40620.0,3792.0,15504.0,40536.0
2025-07-19_03:51:18,8600.0,11499.0,40621.0,14063.0,15504.0,40536.0
2025-07-19_03:51:18,9939.0,11499.0,40622.0,13980.0,15504.0,40536.0
2025-07-19_03:51:18,8088.0,11499.0,40622.0,13040.0,15504.0,40536.0
2025-07-19_03:51:18,8038.0,11499.0,40622.0,13044.0,15504.0,40536.0
2025-07-19_03:51:19,9732.0,11499.0,40622.0,14042.0,15504.0,40540.0
2025-07-19_03:51:19,8045.0,11499.0,40622.0,13079.0,15504.0,40540.0
2025-07-19_03:51:19,9495.0,11499.0,40622.0,13777.0,15504.0,40540.0
2025-07-19_03:51:19,8090.0,11499.0,40622.0,13301.0,15504.0,40540.0
2025-07-19_03:51:20,8102.0,11499.0,40633.0,13274.0,15504.0,40540.0
2025-07-19_03:51:20,9714.0,11499.0,40633.0,13983.0,15504.0,40540.0
2025-07-19_03:51:20,8055.0,11499.0,40640.0,13084.0,15504.0,40540.0
2025-07-19_03:51:20,8083.0,11499.0,40640.0,13082.0,15504.0,40540.0
2025-07-19_03:51:20,,,,13655.0,15504.0,40540.0
2025-07-19_03:51:24,3358.0,11499.0,40640.0,12203.0,15504.0,40540.0
2025-07-19_03:51:24,8076.0,11499.0,40640.0,13266.0,15504.0,40540.0
2025-07-19_03:51:25,7979.0,11499.0,40640.0,13270.0,15504.0,40540.0
2025-07-19_03:51:25,9755.0,11499.0,40640.0,14226.0,15504.0,40540.0
2025-07-19_03:51:25,,,,14225.0,15504.0,40540.0
2025-07-19_03:51:29,3358.0,11499.0,40640.0,12189.0,15504.0,40540.0
2025-07-19_03:51:29,8071.0,11499.0,40640.0,13070.0,15504.0,40540.0
2025-07-19_03:51:29,,,,13054.0,15504.0,40543.0
2025-07-19_03:51:33,2778.0,11499.0,40640.0,12186.0,15504.0,40543.0
2025-07-19_03:51:33,8639.0,11499.0,40641.0,13807.0,15504.0,40543.0
2025-07-19_03:51:33,8052.0,11499.0,40641.0,13080.0,15504.0,40543.0
2025-07-19_03:51:34,8078.0,11499.0,40641.0,13050.0,15504.0,40543.0
2025-07-19_03:51:34,,,,,,
2025-07-19_03:51:38,6963.0,11499.0,40641.0,3792.0,15504.0,40543.0
2025-07-19_03:51:38,8038.0,11499.0,40641.0,13240.0,15504.0,40543.0
2025-07-19_03:51:38,8078.0,11499.0,40641.0,13055.0,15504.0,40543.0
2025-07-19_03:51:38,8494.0,11499.0,40645.0,13606.0,15504.0,40543.0
2025-07-19_03:51:38,8072.0,11499.0,40645.0,13090.0,15504.0,40544.0
2025-07-19_03:51:39,8113.0,11499.0,40647.0,13258.0,15504.0,40544.0
2025-07-19_03:51:39,8637.0,11499.0,40647.0,14265.0,15504.0,40544.0
2025-07-19_03:51:39,8090.0,11499.0,40648.0,13229.0,15504.0,40544.0
2025-07-19_03:51:39,8085.0,11499.0,40651.0,13085.0,15504.0,40544.0
2025-07-19_03:51:40,8053.0,11499.0,40651.0,13087.0,15504.0,40544.0
2025-07-19_03:51:40,,,,,,
2025-07-19_03:51:44,6966.0,11499.0,40651.0,3793.0,15504.0,40544.0
2025-07-19_03:51:44,8036.0,11499.0,40651.0,13236.0,15504.0,40544.0
2025-07-19_03:51:44,,,,12146.0,15504.0,40551.0
2025-07-19_03:51:48,2778.0,11499.0,40651.0,12184.0,15504.0,40551.0
2025-07-19_03:51:48,,,,13990.0,15504.0,40551.0
2025-07-19_03:51:52,2780.0,11499.0,40651.0,12186.0,15504.0,40552.0
2025-07-19_03:51:52,8521.0,11499.0,40653.0,13989.0,15504.0,40552.0
2025-07-19_03:51:52,9924.0,11499.0,40653.0,13968.0,15504.0,40556.0
2025-07-19_03:51:53,8082.0,11499.0,40664.0,13227.0,15504.0,40556.0
2025-07-19_03:51:53,8084.0,11499.0,40664.0,13306.0,15504.0,40556.0
2025-07-19_03:51:53,9865.0,11499.0,40664.0,14167.0,15504.0,40556.0
2025-07-19_03:51:53,8080.0,11499.0,40664.0,12863.0,15504.0,40556.0
2025-07-19_03:51:54,8114.0,11499.0,40664.0,12862.0,15504.0,40556.0
2025-07-19_03:51:54,8099.0,11499.0,40666.0,12848.0,15504.0,40556.0
2025-07-19_03:51:54,9401.0,11499.0,40669.0,13972.0,15504.0,40556.0
2025-07-19_03:51:54,8062.0,11499.0,40669.0,13085.0,15504.0,40556.0
2025-07-19_03:51:55,8096.0,11499.0,40669.0,13303.0,15504.0,40556.0
2025-07-19_03:51:55,9340.0,11499.0,40669.0,14041.0,15504.0,40556.0
2025-07-19_03:51:55,8067.0,11505.0,40677.0,13041.0,15504.0,40556.0
2025-07-19_03:51:55,8544.0,11505.0,40677.0,13768.0,15504.0,40556.0
2025-07-19_03:51:55,8039.0,11505.0,40677.0,13232.0,15504.0,40556.0
2025-07-19_03:51:56,9876.0,11505.0,40677.0,14055.0,15504.0,40558.0
2025-07-19_03:51:56,9942.0,11505.0,40678.0,14137.0,15504.0,40558.0
2025-07-19_03:51:56,8083.0,11505.0,40679.0,13239.0,15504.0,40558.0
2025-07-19_03:51:56,8098.0,11505.0,40679.0,13233.0,15504.0,40558.0
2025-07-19_03:51:57,10300.0,11505.0,40680.0,14082.0,15504.0,40568.0
2025-07-19_03:51:57,,,,13972.0,15504.0,40568.0
2025-07-19_03:52:01,3319.0,11505.0,40680.0,12194.0,15504.0,40568.0
2025-07-19_03:52:01,,,,14068.0,15504.0,40568.0
2025-07-19_03:52:04,3375.0,11505.0,40680.0,12183.0,15504.0,40568.0
2025-07-19_03:52:05,8326.0,11505.0,40681.0,12981.0,15504.0,40568.0
2025-07-19_03:52:05,8496.0,11505.0,40682.0,13724.0,15504.0,40568.0
2025-07-19_03:52:05,8609.0,11505.0,40684.0,14097.0,15504.0,40568.0
2025-07-19_03:52:05,8036.0,11505.0,40684.0,13517.0,15504.0,40569.0
2025-07-19_03:52:06,9469.0,11505.0,40684.0,13777.0,15504.0,40569.0
2025-07-19_03:52:06,8074.0,11505.0,40684.0,13240.0,15504.0,40569.0
2025-07-19_03:52:06,,,,14337.0,15504.0,40569.0
2025-07-19_03:52:10,3375.0,11505.0,40684.0,12161.0,15504.0,40569.0
2025-07-19_03:52:10,8053.0,11505.0,40684.0,13232.0,15504.0,40569.0
2025-07-19_03:52:10,8099.0,11505.0,40684.0,13227.0,15504.0,40569.0
2025-07-19_03:52:10,,,,,,
2025-07-19_03:52:14,6959.0,11505.0,40684.0,3793.0,15504.0,40569.0
2025-07-19_03:52:14,8049.0,11505.0,40684.0,13078.0,15504.0,40569.0
2025-07-19_03:52:15,9389.0,11505.0,40684.0,13865.0,15504.0,40574.0
2025-07-19_03:52:15,9966.0,11505.0,40687.0,13982.0,15504.0,40574.0
2025-07-19_03:52:15,8084.0,11505.0,40687.0,13044.0,15504.0,40574.0
2025-07-19_03:52:15,8035.0,11505.0,40687.0,13079.0,15504.0,40574.0
2025-07-19_03:52:15,8068.0,11505.0,40687.0,13041.0,15504.0,40574.0
2025-07-19_03:52:16,,,,,,
2025-07-19_03:52:19,6963.0,11505.0,40687.0,3792.0,15504.0,40574.0
2025-07-19_03:52:20,,,,13784.0,15504.0,40574.0
2025-07-19_03:52:23,3375.0,11505.0,40687.0,12159.0,15504.0,40574.0
2025-07-19_03:52:24,9644.0,11505.0,40687.0,14032.0,15504.0,40574.0
2025-07-19_03:52:24,9847.0,11505.0,40687.0,13830.0,15504.0,40574.0
2025-07-19_03:52:24,8077.0,11505.0,40690.0,13258.0,15504.0,40574.0
2025-07-19_03:52:24,8038.0,11505.0,40690.0,13318.0,15504.0,40574.0
2025-07-19_03:52:25,8361.0,11505.0,40690.0,13826.0,15504.0,40574.0
2025-07-19_03:52:25,,,,,,
2025-07-19_03:52:29,6970.0,11505.0,40690.0,3792.0,15504.0,40574.0
2025-07-19_03:52:29,8045.0,11505.0,40690.0,13048.0,15504.0,40574.0
2025-07-19_03:52:29,8046.0,11505.0,40690.0,13054.0,15504.0,40574.0
2025-07-19_03:52:29,,,,13285.0,15504.0,40591.0
2025-07-19_03:52:33,2778.0,11505.0,40690.0,12189.0,15504.0,40591.0
2025-07-19_03:52:33,8081.0,11505.0,40690.0,13259.0,15504.0,40591.0
2025-07-19_03:52:34,8032.0,11505.0,40690.0,13078.0,15504.0,40591.0
2025-07-19_03:52:34,8576.0,11505.0,40690.0,13952.0,15504.0,40591.0
2025-07-19_03:52:34,8073.0,11505.0,40690.0,13231.0,15504.0,40591.0
2025-07-19_03:52:34,8691.0,11505.0,40690.0,14345.0,15504.0,40591.0
2025-07-19_03:52:35,8080.0,11505.0,40690.0,12890.0,15504.0,40591.0
2025-07-19_03:52:35,8543.0,11505.0,40693.0,14087.0,15504.0,40592.0
2025-07-19_03:52:35,10185.0,11505.0,40693.0,14089.0,15504.0,40592.0
2025-07-19_03:52:35,8046.0,11505.0,40693.0,13254.0,15504.0,40592.0
2025-07-19_03:52:35,8089.0,11505.0,40693.0,13486.0,15504.0,40592.0
2025-07-19_03:52:36,8066.0,11505.0,40700.0,13075.0,15504.0,40592.0
2025-07-19_03:52:36,8069.0,11505.0,40701.0,13266.0,15504.0,40592.0
2025-07-19_03:52:36,8096.0,11505.0,40701.0,13264.0,15504.0,40592.0
2025-07-19_03:52:36,8085.0,11505.0,40701.0,13352.0,15504.0,40598.0
2025-07-19_03:52:36,8713.0,11526.0,40750.0,14382.0,15510.0,40607.0
2025-07-19_03:52:37,8069.0,11526.0,40750.0,12889.0,15510.0,40607.0
2025-07-19_03:52:38,2778.0,11526.0,40750.0,12193.0,15510.0,40607.0
2025-07-19_03:52:38,9671.0,11526.0,40750.0,14182.0,15510.0,40607.0
2025-07-19_03:52:38,8550.0,11526.0,40750.0,13085.0,15510.0,40607.0
2025-07-19_03:52:38,8069.0,11526.0,40750.0,13044.0,15510.0,40607.0
2025-07-19_03:52:38,8047.0,11526.0,40750.0,13052.0,15510.0,40607.0
2025-07-19_03:52:39,,,,,,
2025-07-19_03:52:42,6961.0,11526.0,40750.0,3787.0,15510.0,40607.0
2025-07-19_03:52:43,8070.0,11526.0,40750.0,13055.0,15510.0,40607.0
2025-07-19_03:52:43,8101.0,11526.0,40751.0,13231.0,15510.0,40607.0
2025-07-19_03:52:43,8046.0,11526.0,40751.0,13051.0,15510.0,40607.0
2025-07-19_03:52:43,8530.0,11526.0,40751.0,13818.0,15510.0,40607.0
2025-07-19_03:52:44,8678.0,11526.0,40752.0,14095.0,15510.0,40607.0
2025-07-19_03:52:44,8703.0,11526.0,40752.0,14486.0,15510.0,40608.0
2025-07-19_03:52:44,8078.0,11526.0,40752.0,13225.0,15510.0,40608.0
2025-07-19_03:52:44,,,,,,
2025-07-19_03:52:48,6965.0,11526.0,40752.0,3789.0,15510.0,40608.0
2025-07-19_03:52:48,8061.0,11526.0,40752.0,13085.0,15510.0,40608.0
2025-07-19_03:52:49,8072.0,11526.0,40752.0,13091.0,15510.0,40608.0
2025-07-19_03:52:49,9672.0,11526.0,40753.0,14220.0,15510.0,40609.0
2025-07-19_03:52:49,8046.0,11526.0,40753.0,13260.0,15510.0,40609.0
2025-07-19_03:52:49,,,,13097.0,15510.0,40609.0
2025-07-19_03:52:53,2778.0,11526.0,40753.0,12197.0,15510.0,40609.0
2025-07-19_03:52:53,8068.0,11526.0,40753.0,13270.0,15510.0,40609.0
2025-07-19_03:52:53,7958.0,11526.0,40753.0,13089.0,15510.0,40609.0
2025-07-19_03:52:54,,,,,,
2025-07-19_03:52:57,6968.0,11526.0,40753.0,3792.0,15510.0,40609.0
2025-07-19_03:52:58,,,,,,
2025-07-19_03:53:02,6970.0,11526.0,40753.0,3793.0,15510.0,40609.0
2025-07-19_03:53:02,9962.0,11526.0,40753.0,14004.0,15510.0,40609.0
2025-07-19_03:53:02,8094.0,11526.0,40753.0,13492.0,15510.0,40609.0
2025-07-19_03:53:02,8076.0,11526.0,40753.0,13046.0,15510.0,40609.0
2025-07-19_03:53:02,8594.0,11526.0,40757.0,14063.0,15510.0,40609.0
2025-07-19_03:53:03,8556.0,11526.0,40757.0,13807.0,15510.0,40609.0
2025-07-19_03:53:03,8082.0,11526.0,40757.0,13080.0,15510.0,40609.0
2025-07-19_03:53:03,8087.0,11526.0,40757.0,13310.0,15510.0,40610.0
2025-07-19_03:53:03,8071.0,11526.0,40757.0,13234.0,15510.0,40610.0
2025-07-19_03:53:04,7974.0,11526.0,40757.0,13054.0,15510.0,40610.0
2025-07-19_03:53:04,8078.0,11526.0,40757.0,13237.0,15510.0,40610.0
2025-07-19_03:53:04,8095.0,11526.0,40757.0,13191.0,15510.0,40610.0
2025-07-19_03:53:04,9808.0,11526.0,40757.0,14210.0,15510.0,40610.0
2025-07-19_03:53:04,,,,,,
2025-07-19_03:53:08,6965.0,11526.0,40757.0,3793.0,15510.0,40610.0
2025-07-19_03:53:08,8045.0,11526.0,40757.0,13082.0,15510.0,40610.0
2025-07-19_03:53:09,,,,13436.0,15510.0,40610.0
2025-07-19_03:53:13,2778.0,11526.0,40757.0,12185.0,15510.0,40610.0
2025-07-19_03:53:13,7965.0,11526.0,40758.0,13270.0,15510.0,40610.0
2025-07-19_03:53:13,8011.0,11526.0,40758.0,13343.0,15510.0,40610.0
2025-07-19_03:53:13,,,,14285.0,15510.0,40612.0
2025-07-19_03:53:17,3358.0,11526.0,40758.0,12197.0,15510.0,40612.0
2025-07-19_03:53:17,8077.0,11526.0,40758.0,13345.0,15510.0,40612.0
2025-07-19_03:53:17,8071.0,11526.0,40758.0,13053.0,15510.0,40612.0
2025-07-19_03:53:18,9952.0,11526.0,40759.0,13893.0,15510.0,40613.0
2025-07-19_03:53:18,8099.0,11526.0,40759.0,13055.0,15510.0,40613.0
2025-07-19_03:53:18,8036.0,11526.0,40759.0,13042.0,15510.0,40613.0
2025-07-19_03:53:18,8037.0,11526.0,40761.0,13084.0,15510.0,40613.0
2025-07-19_03:53:19,8074.0,11526.0,40761.0,13046.0,15510.0,40613.0
2025-07-19_03:53:19,9948.0,11526.0,40761.0,13801.0,15510.0,40618.0
2025-07-19_03:53:19,8077.0,11526.0,40761.0,13049.0,15510.0,40618.0
2025-07-19_03:53:19,8644.0,11526.0,40761.0,14086.0,15510.0,40618.0
2025-07-19_03:53:19,8058.0,11526.0,40761.0,13041.0,15510.0,40618.0
2025-07-19_03:53:20,8651.0,11526.0,40782.0,14129.0,15510.0,40618.0
2025-07-19_03:53:20,,,,,,
2025-07-19_03:53:24,6966.0,11526.0,40782.0,3794.0,15510.0,40618.0
2025-07-19_03:53:24,,,,,,
2025-07-19_03:53:28,6969.0,11526.0,40782.0,3787.0,15510.0,40618.0
2025-07-19_03:53:28,8060.0,11526.0,40782.0,13045.0,15510.0,40618.0
2025-07-19_03:53:28,8050.0,11526.0,40782.0,13517.0,15510.0,40618.0
2025-07-19_03:53:28,9869.0,11526.0,40782.0,13924.0,15510.0,40618.0
2025-07-19_03:53:29,8091.0,11526.0,40782.0,13040.0,15510.0,40618.0
2025-07-19_03:53:29,8068.0,11526.0,40782.0,13040.0,15510.0,40618.0
2025-07-19_03:53:29,,,,14272.0,15510.0,40618.0
2025-07-19_03:53:33,3375.0,11526.0,40782.0,12194.0,15510.0,40618.0
2025-07-19_03:53:33,8635.0,11526.0,40783.0,14077.0,15510.0,40618.0
2025-07-19_03:53:33,8091.0,11526.0,40783.0,13261.0,15510.0,40618.0
2025-07-19_03:53:33,,,,13264.0,15510.0,40618.0
2025-07-19_03:53:37,2778.0,11526.0,40783.0,12194.0,15510.0,40618.0
2025-07-19_03:53:37,,,,14055.0,15510.0,40618.0
2025-07-19_03:53:41,3302.0,11526.0,40783.0,12177.0,15510.0,40618.0
2025-07-19_03:53:41,,,,14330.0,15510.0,40618.0
2025-07-19_03:53:45,2778.0,11526.0,40783.0,12176.0,15510.0,40618.0
2025-07-19_03:53:45,8672.0,11526.0,40783.0,14366.0,15510.0,40618.0
2025-07-19_03:53:46,8079.0,11526.0,40783.0,13038.0,15510.0,40618.0
2025-07-19_03:53:46,7961.0,11526.0,40783.0,13040.0,15510.0,40618.0
2025-07-19_03:53:46,8077.0,11526.0,40783.0,13037.0,15510.0,40618.0
2025-07-19_03:53:46,9717.0,11526.0,40783.0,13981.0,15510.0,40618.0
2025-07-19_03:53:47,8071.0,11526.0,40783.0,13043.0,15510.0,40618.0
2025-07-19_03:53:47,8518.0,11526.0,40806.0,13231.0,15510.0,40618.0
2025-07-19_03:53:47,9876.0,11526.0,40817.0,14274.0,15510.0,40618.0
2025-07-19_03:53:47,7972.0,11526.0,40817.0,13082.0,15510.0,40618.0
2025-07-19_03:53:47,8045.0,11526.0,40817.0,13219.0,15510.0,40618.0
2025-07-19_03:53:48,8536.0,11526.0,40817.0,13808.0,15510.0,40618.0
2025-07-19_03:53:48,8113.0,11526.0,40819.0,13264.0,15510.0,40618.0
2025-07-19_03:53:48,,,,14217.0,15510.0,40618.0
2025-07-19_03:53:52,,,,,,
2025-07-19_03:53:56,6963.0,11526.0,40819.0,3792.0,15510.0,40618.0
2025-07-19_03:53:56,8607.0,11526.0,40819.0,13857.0,15510.0,40618.0
2025-07-19_03:53:56,,,,14041.0,15510.0,40618.0
2025-07-19_03:54:00,3358.0,11526.0,40819.0,12182.0,15510.0,40618.0
2025-07-19_03:54:00,8021.0,11526.0,40819.0,13051.0,15510.0,40618.0
2025-07-19_03:54:00,7979.0,11526.0,40822.0,13229.0,15510.0,40618.0
2025-07-19_03:54:00,8056.0,11526.0,40822.0,13036.0,15510.0,40618.0
2025-07-19_03:54:01,,,,,,
2025-07-19_03:54:04,6971.0,11526.0,40822.0,3792.0,15510.0,40618.0
2025-07-19_03:54:05,9964.0,11526.0,40832.0,13796.0,15510.0,40618.0
2025-07-19_03:54:05,,,,,,
2025-07-19_03:54:09,6969.0,11526.0,40832.0,3792.0,15510.0,40618.0
2025-07-19_03:54:09,8041.0,11526.0,40832.0,13060.0,15510.0,40618.0
2025-07-19_03:54:09,8000.0,11526.0,40832.0,13052.0,15510.0,40618.0
2025-07-19_03:54:09,8512.0,11526.0,40832.0,12859.0,15510.0,40618.0
2025-07-19_03:54:10,8602.0,11526.0,40834.0,14093.0,15510.0,40618.0
2025-07-19_03:54:10,8532.0,11526.0,40834.0,13074.0,15510.0,40618.0
2025-07-19_03:54:10,8505.0,11526.0,40834.0,13748.0,15510.0,40618.0
2025-07-19_03:54:10,10008.0,11526.0,40834.0,14298.0,15510.0,40618.0
2025-07-19_03:54:10,8082.0,11526.0,40834.0,13043.0,15510.0,40618.0
2025-07-19_03:54:11,9946.0,11526.0,40834.0,14059.0,15510.0,40621.0
2025-07-19_03:54:11,8649.0,11526.0,40849.0,14092.0,15510.0,40621.0
2025-07-19_03:54:11,8088.0,11526.0,40849.0,13073.0,15510.0,40621.0
2025-07-19_03:54:11,8076.0,11526.0,40850.0,13231.0,15510.0,40621.0
2025-07-19_03:54:12,8339.0,11526.0,40850.0,13753.0,15510.0,40621.0
2025-07-19_03:54:12,,,,,,
2025-07-19_03:54:16,6965.0,11526.0,40850.0,3792.0,15510.0,40621.0
2025-07-19_03:54:16,8537.0,11526.0,40850.0,13043.0,15510.0,40621.0
2025-07-19_03:54:16,,,,,,
2025-07-19_03:54:20,6968.0,11526.0,40850.0,3792.0,15510.0,40621.0
2025-07-19_03:54:20,8066.0,11526.0,40850.0,13078.0,15510.0,40621.0
2025-07-19_03:54:20,,,,,,
2025-07-19_03:54:24,6963.0,11526.0,40850.0,3786.0,15510.0,40621.0
2025-07-19_03:54:24,8678.0,11526.0,40851.0,14112.0,15510.0,40621.0
2025-07-19_03:54:24,8532.0,11526.0,40851.0,13804.0,15510.0,40621.0
2025-07-19_03:54:25,8078.0,11526.0,40851.0,13055.0,15510.0,40621.0
2025-07-19_03:54:25,,,,14023.0,15510.0,40621.0
2025-07-19_03:54:29,3319.0,11526.0,40851.0,12191.0,15510.0,40621.0
2025-07-19_03:54:29,8073.0,11526.0,40851.0,13054.0,15510.0,40621.0
2025-07-19_03:54:29,9507.0,11526.0,40851.0,14283.0,15510.0,40621.0
2025-07-19_03:54:29,8613.0,11526.0,40852.0,14039.0,15510.0,40621.0
2025-07-19_03:54:30,8093.0,11526.0,40852.0,13345.0,15510.0,40621.0
2025-07-19_03:54:30,8632.0,11526.0,40852.0,14086.0,15510.0,40621.0
2025-07-19_03:54:30,8535.0,11526.0,40852.0,13804.0,15510.0,40621.0
2025-07-19_03:54:30,8073.0,11526.0,40852.0,13221.0,15510.0,40621.0
2025-07-19_03:54:30,8587.0,11526.0,40852.0,13892.0,15510.0,40621.0
2025-07-19_03:54:31,8738.0,11526.0,40853.0,14281.0,15510.0,40621.0
2025-07-19_03:54:31,8610.0,11526.0,40853.0,14096.0,15510.0,40621.0
2025-07-19_03:54:31,8037.0,11526.0,40853.0,13049.0,15510.0,40621.0
2025-07-19_03:54:31,8551.0,11526.0,40853.0,13843.0,15510.0,40621.0
2025-07-19_03:54:32,8585.0,11526.0,40853.0,13178.0,15510.0,40623.0
2025-07-19_03:54:32,,,,,,
2025-07-19_03:54:36,6960.0,11526.0,40853.0,3792.0,15510.0,40623.0
2025-07-19_03:54:36,10254.0,11526.0,40855.0,14048.0,15510.0,40624.0
2025-07-19_03:54:36,8070.0,11526.0,40855.0,13234.0,15510.0,40624.0
2025-07-19_03:54:36,,,,14790.0,15510.0,40627.0
2025-07-19_03:54:40,3375.0,11526.0,40855.0,12186.0,15510.0,40627.0
2025-07-19_03:54:40,8069.0,11526.0,40855.0,13031.0,15510.0,40627.0
2025-07-19_03:54:41,9982.0,11526.0,40855.0,13982.0,15510.0,40627.0
2025-07-19_03:54:41,9876.0,11526.0,40856.0,14281.0,15510.0,40627.0
2025-07-19_03:54:41,9905.0,11526.0,40856.0,13989.0,15510.0,40627.0
2025-07-19_03:54:41,7972.0,11526.0,40856.0,13055.0,15510.0,40627.0
2025-07-19_03:54:41,,,,,,
2025-07-19_03:54:45,6968.0,11526.0,40856.0,3793.0,15510.0,40627.0
2025-07-19_03:54:45,,,,13225.0,15510.0,40643.0
2025-07-19_03:54:49,2778.0,11526.0,40856.0,12196.0,15511.0,40644.0
2025-07-19_03:54:50,,,,,,
2025-07-19_03:54:53,6965.0,11526.0,40856.0,3786.0,15511.0,40644.0
2025-07-19_03:54:54,8665.0,11526.0,40856.0,14126.0,15511.0,40644.0
2025-07-19_03:54:54,8613.0,11526.0,40856.0,13844.0,15511.0,40644.0
2025-07-19_03:54:54,8564.0,11526.0,40856.0,14085.0,15511.0,40644.0
2025-07-19_03:54:54,9680.0,11526.0,40856.0,14020.0,15511.0,40644.0
2025-07-19_03:54:54,8560.0,11526.0,40859.0,13803.0,15511.0,40644.0
2025-07-19_03:54:55,,,,14105.0,15511.0,40644.0
2025-07-19_03:54:58,2778.0,11526.0,40859.0,12191.0,15511.0,40644.0
2025-07-19_03:54:59,8074.0,11526.0,40859.0,13082.0,15511.0,40644.0
2025-07-19_03:54:59,8070.0,11526.0,40859.0,13081.0,15511.0,40644.0
2025-07-19_03:54:59,8677.0,11526.0,40868.0,13910.0,15511.0,40644.0
2025-07-19_03:54:59,8112.0,11526.0,40868.0,13355.0,15511.0,40644.0
2025-07-19_03:55:00,10166.0,11528.0,40870.0,14051.0,15511.0,40645.0
2025-07-19_03:55:00,8075.0,11528.0,40870.0,12865.0,15511.0,40645.0
2025-07-19_03:55:00,9979.0,11528.0,40870.0,14139.0,15511.0,40645.0
2025-07-19_03:55:00,8605.0,11528.0,40871.0,14097.0,15511.0,40645.0
2025-07-19_03:55:00,8531.0,11528.0,40871.0,13767.0,15511.0,40645.0
2025-07-19_03:55:01,,,,,,
2025-07-19_03:55:04,6959.0,11528.0,40871.0,3793.0,15511.0,40645.0
2025-07-19_03:55:05,10186.0,11528.0,40871.0,14050.0,15511.0,40645.0
2025-07-19_03:55:05,8628.0,11528.0,40871.0,14223.0,15511.0,40645.0
2025-07-19_03:55:05,9840.0,11528.0,40871.0,14276.0,15511.0,40645.0
2025-07-19_03:55:05,9177.0,11528.0,40871.0,13794.0,15511.0,40645.0
2025-07-19_03:55:06,8112.0,11528.0,40871.0,13049.0,15511.0,40645.0
2025-07-19_03:55:06,,,,14007.0,15511.0,40645.0
2025-07-19_03:55:09,3375.0,11528.0,40871.0,12192.0,15511.0,40645.0
2025-07-19_03:55:10,9176.0,11528.0,40871.0,13825.0,15511.0,40645.0
2025-07-19_03:55:10,8072.0,11528.0,40871.0,13051.0,15511.0,40645.0
2025-07-19_03:55:10,8668.0,11528.0,40871.0,14075.0,15511.0,40645.0
2025-07-19_03:55:10,8537.0,11528.0,40871.0,13801.0,15511.0,40645.0
2025-07-19_03:55:10,9074.0,11528.0,40871.0,14110.0,15511.0,40645.0
2025-07-19_03:55:11,9668.0,11528.0,40871.0,14170.0,15511.0,40645.0
2025-07-19_03:55:11,9719.0,11528.0,40871.0,14019.0,15511.0,40645.0
2025-07-19_03:55:11,10235.0,11528.0,40904.0,14352.0,15511.0,40676.0
2025-07-19_03:55:11,9977.0,11528.0,40904.0,13976.0,15511.0,40676.0
2025-07-19_03:55:12,8077.0,11528.0,40904.0,13259.0,15511.0,40676.0
2025-07-19_03:55:12,8070.0,11528.0,40904.0,12864.0,15511.0,40676.0
2025-07-19_03:55:12,,,,,,
2025-07-19_03:55:16,6967.0,11528.0,40904.0,3793.0,15511.0,40676.0
2025-07-19_03:55:16,10491.0,11528.0,41102.0,14426.0,15511.0,40737.0
2025-07-19_03:55:16,10023.0,11528.0,41102.0,14383.0,15511.0,40737.0
2025-07-19_03:55:16,,,,,,
2025-07-19_03:55:20,6967.0,11528.0,41102.0,3793.0,15511.0,40737.0
2025-07-19_03:55:20,9371.0,11528.0,41102.0,14045.0,15511.0,40737.0
2025-07-19_03:55:21,8074.0,11528.0,41102.0,13304.0,15511.0,40737.0
2025-07-19_03:55:21,,,,,,
2025-07-19_03:55:25,6965.0,11528.0,41102.0,3792.0,15511.0,40737.0
2025-07-19_03:55:25,8046.0,11528.0,41102.0,13041.0,15511.0,40737.0
2025-07-19_03:55:25,9895.0,11528.0,41103.0,14021.0,15511.0,40737.0
2025-07-19_03:55:25,9850.0,11528.0,41103.0,14096.0,15511.0,40737.0
2025-07-19_03:55:26,10112.0,11528.0,41103.0,14256.0,15511.0,40737.0
2025-07-19_03:55:26,8079.0,11528.0,41103.0,13307.0,15511.0,40737.0
2025-07-19_03:55:26,,,,14010.0,15511.0,40737.0
2025-07-19_03:55:30,3375.0,11528.0,41103.0,12195.0,15511.0,40737.0
2025-07-19_03:55:30,8569.0,11528.0,41103.0,14091.0,15511.0,40737.0
2025-07-19_03:55:30,9173.0,11528.0,41104.0,13578.0,15511.0,40737.0
2025-07-19_03:55:30,,,,14068.0,15511.0,40737.0
2025-07-19_03:55:34,2778.0,11528.0,41104.0,12168.0,15511.0,40737.0
2025-07-19_03:55:34,8649.0,11528.0,41104.0,13850.0,15511.0,40737.0
2025-07-19_03:55:35,8058.0,11528.0,41104.0,13043.0,15511.0,40737.0
2025-07-19_03:55:35,8528.0,11528.0,41110.0,13821.0,15511.0,40737.0
2025-07-19_03:55:35,8074.0,11528.0,41110.0,13081.0,15511.0,40737.0
2025-07-19_03:55:35,,,,,,
2025-07-19_03:55:40,3356.0,11528.0,41110.0,4595.0,15511.0,40737.0
2025-07-19_03:55:40,8569.0,11528.0,41110.0,13422.0,15511.0,40737.0
2025-07-19_03:55:40,8595.0,11528.0,41110.0,14059.0,15511.0,40737.0
2025-07-19_03:55:40,9906.0,11528.0,41110.0,13988.0,15511.0,40737.0
2025-07-19_03:55:40,,,,13836.0,15511.0,40737.0
2025-07-19_03:55:44,2778.0,11528.0,41110.0,12184.0,15511.0,40737.0
2025-07-19_03:55:45,9845.0,11528.0,41110.0,13836.0,15511.0,40737.0
2025-07-19_03:55:45,9983.0,11528.0,41110.0,14130.0,15511.0,40738.0
2025-07-19_03:55:45,,,,,,
2025-07-19_03:55:49,6963.0,11528.0,41110.0,3792.0,15511.0,40738.0
2025-07-19_03:55:49,8535.0,11528.0,41110.0,13807.0,15511.0,40738.0
2025-07-19_03:55:49,,,,,,
2025-07-19_03:55:53,6966.0,11528.0,41110.0,3793.0,15511.0,40738.0
2025-07-19_03:55:53,10017.0,11528.0,41110.0,13843.0,15511.0,40738.0
2025-07-19_03:55:53,,,,14501.0,15511.0,40739.0
2025-07-19_03:55:57,3375.0,11528.0,41110.0,12167.0,15511.0,40739.0
2025-07-19_03:55:57,9852.0,11528.0,41110.0,14222.0,15511.0,40740.0
2025-07-19_03:55:58,8547.0,11528.0,41110.0,13786.0,15511.0,40740.0
2025-07-19_03:55:58,8550.0,11528.0,41110.0,14374.0,15511.0,40741.0
2025-07-19_03:55:58,8532.0,11528.0,41110.0,14018.0,15511.0,40741.0
2025-07-19_03:55:58,8547.0,11528.0,41110.0,13798.0,15511.0,40741.0
2025-07-19_03:55:58,8553.0,11528.0,41110.0,14016.0,15511.0,40741.0
2025-07-19_03:55:59,,,,13275.0,15511.0,40763.0
2025-07-19_03:56:03,2778.0,11528.0,41110.0,12183.0,15511.0,40763.0
2025-07-19_03:56:03,9899.0,11528.0,41110.0,14200.0,15511.0,40763.0
2025-07-19_03:56:03,8551.0,11528.0,41111.0,14087.0,15511.0,40763.0
2025-07-19_03:56:03,,,,14503.0,15511.0,40763.0
2025-07-19_03:56:07,3358.0,11528.0,41111.0,12174.0,15511.0,40763.0
2025-07-19_03:56:07,8550.0,11528.0,41111.0,13252.0,15511.0,40763.0
2025-07-19_03:56:07,8521.0,11528.0,41111.0,12899.0,15511.0,40763.0
2025-07-19_03:56:08,8067.0,11528.0,41111.0,13262.0,15511.0,40763.0
2025-07-19_03:56:08,8523.0,11528.0,41111.0,13835.0,15511.0,40763.0
2025-07-19_03:56:08,10165.0,11528.0,41111.0,14108.0,15511.0,40763.0
2025-07-19_03:56:08,,,,13787.0,15511.0,40763.0
2025-07-19_03:56:12,3302.0,11528.0,41111.0,12189.0,15511.0,40763.0
2025-07-19_03:56:12,9760.0,11528.0,41113.0,14353.0,15511.0,40763.0
2025-07-19_03:56:12,8742.0,11528.0,41113.0,14112.0,15511.0,40763.0
2025-07-19_03:56:13,8513.0,11528.0,41113.0,13217.0,15511.0,40763.0
2025-07-19_03:56:13,8039.0,11528.0,41113.0,13333.0,15511.0,40763.0
2025-07-19_03:56:13,8618.0,11528.0,41113.0,14214.0,15511.0,40798.0
2025-07-19_03:56:13,9741.0,11528.0,41113.0,13747.0,15511.0,40801.0
2025-07-19_03:56:14,10133.0,11528.0,41114.0,13919.0,15511.0,40801.0
2025-07-19_03:56:14,10014.0,11528.0,41114.0,14358.0,15511.0,40801.0
2025-07-19_03:56:14,8632.0,11528.0,41114.0,14088.0,15511.0,40801.0
2025-07-19_03:56:14,8078.0,11528.0,41114.0,13302.0,15511.0,40801.0
2025-07-19_03:56:15,8078.0,11528.0,41114.0,13056.0,15511.0,40801.0
2025-07-19_03:56:15,,,,14004.0,15511.0,40801.0
2025-07-19_03:56:18,3358.0,11528.0,41114.0,12161.0,15511.0,40801.0
2025-07-19_03:56:19,,,,13243.0,15511.0,40801.0
2025-07-19_03:56:23,2778.0,11528.0,41114.0,12189.0,15511.0,40801.0
2025-07-19_03:56:23,8538.0,11528.0,41114.0,13229.0,15511.0,40801.0
2025-07-19_03:56:23,8602.0,11528.0,41114.0,14095.0,15511.0,40801.0
2025-07-19_03:56:23,,,,13975.0,15511.0,40801.0
2025-07-19_03:56:27,3358.0,11528.0,41114.0,12194.0,15511.0,40801.0
2025-07-19_03:56:27,,,,14064.0,15511.0,40823.0
2025-07-19_03:56:31,3375.0,11528.0,41114.0,12191.0,15511.0,40823.0
2025-07-19_03:56:31,9835.0,11528.0,41115.0,14213.0,15511.0,40823.0
2025-07-19_03:56:31,9814.0,11528.0,41115.0,14032.0,15511.0,40823.0
2025-07-19_03:56:31,8615.0,11528.0,41116.0,14206.0,15511.0,40823.0
2025-07-19_03:56:32,8676.0,11528.0,41135.0,14357.0,15511.0,40827.0
2025-07-19_03:56:32,8634.0,11528.0,41135.0,14085.0,15511.0,40827.0
2025-07-19_03:56:32,8555.0,11528.0,41135.0,14175.0,15511.0,40827.0
2025-07-19_03:56:32,9483.0,11528.0,41135.0,13727.0,15511.0,40827.0
2025-07-19_03:56:33,,,,13092.0,15511.0,40827.0
2025-07-19_03:56:36,2778.0,11528.0,41135.0,12185.0,15511.0,40827.0
2025-07-19_03:56:37,,,,13837.0,15511.0,40827.0
2025-07-19_03:56:40,2778.0,11528.0,41135.0,12189.0,15511.0,40827.0
2025-07-19_03:56:41,8608.0,11528.0,41138.0,14088.0,15511.0,40827.0
2025-07-19_03:56:41,8050.0,11528.0,41138.0,13513.0,15511.0,40827.0
2025-07-19_03:56:41,8521.0,11528.0,41138.0,13835.0,15511.0,40827.0
2025-07-19_03:56:41,8700.0,11528.0,41138.0,14131.0,15511.0,40827.0
2025-07-19_03:56:42,8669.0,11528.0,41138.0,14215.0,15511.0,40827.0
2025-07-19_03:56:42,,,,14017.0,15511.0,40827.0
2025-07-19_03:56:46,3373.0,11558.0,41188.0,12186.0,15511.0,40827.0
2025-07-19_03:56:46,,,,14310.0,15511.0,40827.0
2025-07-19_03:56:50,2778.0,11558.0,41188.0,12191.0,15511.0,40827.0
2025-07-19_03:56:50,,,,14261.0,15511.0,40827.0
2025-07-19_03:56:54,3358.0,11558.0,41188.0,12194.0,15511.0,40827.0
2025-07-19_03:56:54,8574.0,11558.0,41188.0,13180.0,15511.0,40827.0
2025-07-19_03:56:54,9037.0,11558.0,41188.0,14005.0,15511.0,40827.0
2025-07-19_03:56:54,8538.0,11558.0,41188.0,14156.0,15511.0,40827.0
2025-07-19_03:56:54,,,,,,
2025-07-19_03:56:58,6968.0,11558.0,41188.0,3793.0,15511.0,40827.0
2025-07-19_03:56:58,,,,13825.0,15511.0,40827.0
2025-07-19_03:57:02,3319.0,11558.0,41188.0,12192.0,15511.0,40827.0
2025-07-19_03:57:02,8073.0,11558.0,41188.0,12923.0,15511.0,40827.0
2025-07-19_03:57:03,9726.0,11558.0,41188.0,14258.0,15511.0,40827.0
2025-07-19_03:57:03,10221.0,11558.0,41188.0,14142.0,15511.0,40827.0
2025-07-19_03:57:03,9443.0,11558.0,41188.0,13980.0,15511.0,40827.0
2025-07-19_03:57:03,8514.0,11558.0,41188.0,13300.0,15511.0,40827.0
2025-07-19_03:57:03,10227.0,11558.0,41192.0,14041.0,15511.0,40828.0
2025-07-19_03:57:04,9773.0,11558.0,41192.0,14512.0,15511.0,40828.0
2025-07-19_03:57:04,8522.0,11558.0,41192.0,13892.0,15511.0,40828.0
2025-07-19_03:57:04,8525.0,11558.0,41192.0,13816.0,15511.0,40828.0
2025-07-19_03:57:04,8176.0,11558.0,41194.0,13257.0,15511.0,40828.0
2025-07-19_03:57:05,8529.0,11558.0,41194.0,14133.0,15511.0,40828.0
2025-07-19_03:57:05,8073.0,11558.0,41194.0,13041.0,15511.0,40828.0
2025-07-19_03:57:05,,,,13919.0,15511.0,40828.0
2025-07-19_03:57:09,2778.0,11558.0,41194.0,12186.0,15511.0,40828.0
2025-07-19_03:57:09,,,,14002.0,15511.0,40828.0
2025-07-19_03:57:13,3358.0,11558.0,41194.0,12189.0,15511.0,40828.0
2025-07-19_03:57:13,8711.0,11558.0,41198.0,14215.0,15511.0,40828.0
2025-07-19_03:57:13,,,,13548.0,15511.0,40828.0
2025-07-19_03:57:17,3319.0,11558.0,41198.0,12160.0,15511.0,40828.0
2025-07-19_03:57:17,8097.0,11558.0,41198.0,13236.0,15511.0,40828.0
2025-07-19_03:57:17,9703.0,11558.0,41199.0,14014.0,15511.0,40828.0
2025-07-19_03:57:18,,,,,,
2025-07-19_03:57:21,6969.0,11558.0,41199.0,3787.0,15511.0,40828.0
2025-07-19_03:57:22,10204.0,11558.0,41200.0,14047.0,15511.0,40828.0
2025-07-19_03:57:22,8627.0,11558.0,41200.0,14176.0,15511.0,40828.0
2025-07-19_03:57:22,8081.0,11558.0,41200.0,13080.0,15511.0,40828.0
2025-07-19_03:57:22,8087.0,11558.0,41200.0,13042.0,15511.0,40828.0
2025-07-19_03:57:23,,,,14028.0,15511.0,40828.0
2025-07-19_03:57:26,3375.0,11558.0,41200.0,12182.0,15511.0,40828.0
2025-07-19_03:57:26,9983.0,11558.0,41200.0,13997.0,15511.0,40828.0
2025-07-19_03:57:27,9643.0,11558.0,41201.0,14012.0,15511.0,40828.0
2025-07-19_03:57:27,8525.0,11558.0,41201.0,13809.0,15511.0,40828.0
2025-07-19_03:57:27,9764.0,11558.0,41201.0,14217.0,15511.0,40828.0
2025-07-19_03:57:27,8071.0,11558.0,41201.0,13072.0,15511.0,40828.0
2025-07-19_03:57:28,,,,,,
2025-07-19_03:57:31,6970.0,11558.0,41201.0,3793.0,15511.0,40828.0
2025-07-19_03:57:32,,,,14027.0,15511.0,40828.0
2025-07-19_03:57:35,3319.0,11558.0,41201.0,12189.0,15511.0,40828.0
2025-07-19_03:57:36,10204.0,11558.0,41201.0,13848.0,15511.0,40828.0
2025-07-19_03:57:36,9876.0,11558.0,41201.0,14130.0,15511.0,40828.0
2025-07-19_03:57:36,9763.0,11558.0,41202.0,13988.0,15511.0,40828.0
2025-07-19_03:57:36,,,,14104.0,15511.0,40828.0
2025-07-19_03:57:40,2778.0,11558.0,41202.0,12194.0,15511.0,40828.0
2025-07-19_03:57:40,,,,14182.0,15511.0,40828.0
2025-07-19_03:57:44,2778.0,11558.0,41202.0,12184.0,15511.0,40828.0
2025-07-19_03:57:44,8538.0,11558.0,41206.0,14001.0,15511.0,40828.0
2025-07-19_03:57:45,8645.0,11558.0,41206.0,13952.0,15511.0,40828.0
2025-07-19_03:57:45,10207.0,11558.0,41207.0,14110.0,15511.0,40828.0
2025-07-19_03:57:46,2778.0,11558.0,41207.0,12172.0,15511.0,40828.0
2025-07-19_03:57:46,9319.0,11558.0,41213.0,14217.0,15511.0,40828.0
2025-07-19_03:57:46,9804.0,11558.0,41214.0,14042.0,15511.0,40828.0
2025-07-19_03:57:46,9994.0,11558.0,41214.0,13972.0,15511.0,40828.0
2025-07-19_03:57:47,8534.0,11558.0,41214.0,14103.0,15511.0,40828.0
2025-07-19_03:57:47,9785.0,11558.0,41227.0,14126.0,15511.0,40828.0
2025-07-19_03:57:47,,,,,,
2025-07-19_03:57:51,6965.0,11558.0,41227.0,3792.0,15511.0,40828.0
2025-07-19_03:57:51,8142.0,11558.0,41227.0,13083.0,15511.0,40828.0
2025-07-19_03:57:51,9904.0,11558.0,41227.0,14014.0,15511.0,40828.0
2025-07-19_03:57:52,,,,14240.0,15511.0,40828.0
2025-07-19_03:57:55,3375.0,11558.0,41227.0,12182.0,15511.0,40828.0
2025-07-19_03:57:55,,,,,,
2025-07-19_03:57:59,6967.0,11558.0,41227.0,3792.0,15511.0,40828.0
2025-07-19_03:57:59,,,,13869.0,15511.0,40828.0
2025-07-19_03:58:03,3319.0,11558.0,41227.0,12165.0,15511.0,40828.0
2025-07-19_03:58:03,9898.0,11558.0,41227.0,14074.0,15511.0,40828.0
2025-07-19_03:58:04,9858.0,11558.0,41227.0,14017.0,15511.0,40828.0
2025-07-19_03:58:04,8588.0,11558.0,41227.0,13985.0,15511.0,40828.0
2025-07-19_03:58:04,,,,14049.0,15511.0,40828.0
2025-07-19_03:58:08,3319.0,11558.0,41227.0,12153.0,15511.0,40828.0
2025-07-19_03:58:08,,,,14053.0,15511.0,40828.0
2025-07-19_03:58:12,3375.0,11558.0,41227.0,12192.0,15511.0,40828.0
2025-07-19_03:58:12,8662.0,11558.0,41232.0,14176.0,15511.0,40828.0
2025-07-19_03:58:12,,,,14370.0,15511.0,40828.0
2025-07-19_03:58:16,3358.0,11558.0,41232.0,12165.0,15511.0,40828.0
2025-07-19_03:58:16,10009.0,11558.0,41233.0,14044.0,15511.0,40828.0
2025-07-19_03:58:16,8692.0,11558.0,41234.0,14103.0,15511.0,40828.0
2025-07-19_03:58:16,,,,13259.0,15511.0,40828.0
2025-07-19_03:58:20,2778.0,11558.0,41234.0,12180.0,15511.0,40828.0
2025-07-19_03:58:21,9774.0,11558.0,41234.0,14332.0,15511.0,40828.0
2025-07-19_03:58:21,10166.0,11568.0,41326.0,14322.0,15511.0,40902.0
2025-07-19_03:58:21,9987.0,11568.0,41326.0,13982.0,15511.0,40903.0
2025-07-19_03:58:21,9668.0,11568.0,41326.0,14016.0,15511.0,40903.0
2025-07-19_03:58:22,8654.0,11568.0,41326.0,14186.0,15511.0,40903.0
2025-07-19_03:58:22,8657.0,11568.0,41326.0,14103.0,15511.0,40905.0
2025-07-19_03:58:22,8574.0,11568.0,41326.0,14135.0,15511.0,40905.0
2025-07-19_03:58:22,8605.0,11568.0,41333.0,14375.0,15511.0,40905.0
2025-07-19_03:58:22,8523.0,11568.0,41333.0,13049.0,15511.0,40905.0
2025-07-19_03:58:23,9693.0,11568.0,41333.0,13980.0,15511.0,40905.0
2025-07-19_03:58:23,,,,14292.0,15511.0,40905.0
2025-07-19_03:58:27,2778.0,11568.0,41333.0,12182.0,15511.0,40905.0
2025-07-19_03:58:27,8075.0,11568.0,41333.0,13073.0,15511.0,40905.0
2025-07-19_03:58:28,2778.0,11568.0,41333.0,12165.0,15511.0,40905.0
2025-07-19_03:58:28,8523.0,11568.0,41333.0,14018.0,15511.0,40905.0
2025-07-19_03:58:28,8541.0,11568.0,41333.0,13836.0,15511.0,40905.0
2025-07-19_03:58:28,8657.0,11568.0,41333.0,14074.0,15511.0,40905.0
2025-07-19_03:58:29,9631.0,11568.0,41333.0,13978.0,15511.0,40905.0
2025-07-19_03:58:29,9828.0,11568.0,41333.0,14127.0,15511.0,40905.0
2025-07-19_03:58:29,10080.0,11568.0,41333.0,14490.0,15511.0,40905.0
2025-07-19_03:58:29,,,,,,
2025-07-19_03:58:34,2778.0,11568.0,41333.0,3776.0,15511.0,40905.0
2025-07-19_03:58:34,,,,13859.0,15511.0,40905.0
2025-07-19_03:58:38,2778.0,11568.0,41333.0,12188.0,15511.0,40905.0
2025-07-19_03:58:38,8733.0,11568.0,41333.0,14301.0,15511.0,40905.0
2025-07-19_03:58:38,8080.0,11568.0,41333.0,13261.0,15511.0,40905.0
2025-07-19_03:58:38,9986.0,11569.0,41334.0,14172.0,15511.0,40905.0
2025-07-19_03:58:39,9697.0,11569.0,41334.0,13820.0,15511.0,40905.0
2025-07-19_03:58:39,,,,,,
2025-07-19_03:58:43,6961.0,11569.0,41334.0,3793.0,15511.0,40905.0
2025-07-19_03:58:43,8076.0,11569.0,41334.0,13348.0,15511.0,40905.0
2025-07-19_03:58:43,9932.0,11569.0,41334.0,13900.0,15511.0,40905.0
2025-07-19_03:58:43,,,,11877.0,15511.0,40909.0
2025-07-19_03:58:47,2778.0,11569.0,41334.0,12191.0,15511.0,40909.0
2025-07-19_03:58:47,,,,13049.0,15511.0,40909.0
2025-07-19_03:58:51,2778.0,11569.0,41334.0,12161.0,15511.0,40909.0
2025-07-19_03:58:52,,,,,,
2025-07-19_03:58:55,6960.0,11569.0,41334.0,3793.0,15511.0,40909.0
2025-07-19_03:58:56,9775.0,11569.0,41334.0,14565.0,15511.0,40910.0
2025-07-19_03:58:56,9732.0,11569.0,41334.0,14559.0,15511.0,40910.0
2025-07-19_03:58:56,10184.0,11569.0,41335.0,14031.0,15511.0,40910.0
2025-07-19_03:58:56,8612.0,11569.0,41335.0,14085.0,15511.0,40910.0
2025-07-19_03:58:56,9568.0,11569.0,41335.0,13997.0,15511.0,40910.0
2025-07-19_03:58:57,8648.0,11569.0,41335.0,14103.0,15511.0,40910.0
2025-07-19_03:58:57,9744.0,11569.0,41336.0,13995.0,15511.0,40910.0
2025-07-19_03:58:57,9847.0,11569.0,41336.0,13868.0,15511.0,40910.0
2025-07-19_03:58:57,8061.0,11569.0,41336.0,13266.0,15511.0,40910.0
2025-07-19_03:58:57,9651.0,11569.0,41336.0,14101.0,15511.0,40910.0
2025-07-19_03:58:58,,,,14048.0,15511.0,40910.0
2025-07-19_03:59:01,3373.0,11569.0,41336.0,12182.0,15511.0,40910.0
2025-07-19_03:59:02,,,,,,
2025-07-19_03:59:05,6964.0,11569.0,41336.0,3792.0,15511.0,40910.0
2025-07-19_03:59:06,,,,,,
2025-07-19_03:59:09,6967.0,11569.0,41336.0,3793.0,15511.0,40910.0
2025-07-19_03:59:10,9799.0,11569.0,41336.0,14081.0,15511.0,40910.0
2025-07-19_03:59:10,8562.0,11569.0,41336.0,14139.0,15511.0,40910.0
2025-07-19_03:59:10,,,,14320.0,15511.0,40912.0
2025-07-19_03:59:14,2778.0,11569.0,41336.0,12165.0,15511.0,40912.0
2025-07-19_03:59:14,8637.0,11569.0,41336.0,13973.0,15511.0,40912.0
2025-07-19_03:59:14,10099.0,11569.0,41336.0,14027.0,15511.0,40912.0
2025-07-19_03:59:14,10063.0,11569.0,41336.0,14499.0,15511.0,40912.0
2025-07-19_03:59:15,8073.0,11569.0,41336.0,13051.0,15511.0,40912.0
2025-07-19_03:59:15,9997.0,11569.0,41336.0,14316.0,15511.0,40912.0
2025-07-19_03:59:15,8811.0,11569.0,41336.0,14069.0,15511.0,40912.0
2025-07-19_03:59:15,8620.0,11569.0,41336.0,14099.0,15511.0,40912.0
2025-07-19_03:59:16,8077.0,11569.0,41336.0,13046.0,15511.0,40912.0
2025-07-19_03:59:16,9968.0,11569.0,41339.0,14383.0,15511.0,40912.0
2025-07-19_03:59:16,,,,13831.0,15511.0,40912.0
2025-07-19_03:59:20,3302.0,11569.0,41339.0,12172.0,15511.0,40912.0
2025-07-19_03:59:20,,,,12047.0,15511.0,40912.0
2025-07-19_03:59:24,2778.0,11569.0,41339.0,12169.0,15511.0,40912.0
2025-07-19_03:59:24,,,,13967.0,15511.0,40912.0
2025-07-19_03:59:28,3302.0,11569.0,41339.0,12187.0,15511.0,40912.0
2025-07-19_03:59:28,9990.0,11569.0,41339.0,13999.0,15511.0,40912.0
2025-07-19_03:59:28,,,,,,
2025-07-19_03:59:32,6963.0,11569.0,41339.0,3793.0,15511.0,40912.0
2025-07-19_03:59:32,8580.0,11569.0,41340.0,14273.0,15511.0,40912.0
2025-07-19_03:59:32,8520.0,11569.0,41340.0,13560.0,15511.0,40912.0
2025-07-19_03:59:33,2778.0,11569.0,41340.0,12186.0,15511.0,40912.0
2025-07-19_03:59:34,,,,14015.0,15511.0,40912.0
2025-07-19_03:59:37,3375.0,11569.0,41340.0,12189.0,15511.0,40912.0
2025-07-19_03:59:37,,,,14300.0,15511.0,40923.0
2025-07-19_03:59:41,3358.0,11569.0,41340.0,12200.0,15511.0,40924.0
2025-07-19_03:59:41,,,,13646.0,15511.0,40924.0
2025-07-19_03:59:45,3319.0,11569.0,41340.0,12186.0,15511.0,40924.0
2025-07-19_03:59:45,9717.0,11569.0,41340.0,14145.0,15511.0,40924.0
2025-07-19_03:59:45,8519.0,11569.0,41340.0,13806.0,15511.0,40924.0
2025-07-19_03:59:46,9003.0,11569.0,41340.0,13763.0,15511.0,40924.0
2025-07-19_03:59:46,,,,13791.0,15511.0,40924.0
2025-07-19_03:59:50,3375.0,11569.0,41340.0,12185.0,15511.0,40924.0
2025-07-19_03:59:50,9573.0,11569.0,41340.0,13985.0,15511.0,40924.0
2025-07-19_03:59:50,8638.0,11569.0,41340.0,14425.0,15511.0,40924.0
2025-07-19_03:59:50,9719.0,11569.0,41343.0,14073.0,15511.0,40926.0
2025-07-19_03:59:50,,,,,,
2025-07-19_03:59:54,6962.0,11569.0,41343.0,3793.0,15511.0,40926.0
2025-07-19_03:59:54,,,,,,
2025-07-19_03:59:58,6964.0,11569.0,41343.0,3787.0,15511.0,40926.0
2025-07-19_03:59:58,8601.0,11569.0,41344.0,14466.0,15511.0,40926.0
2025-07-19_03:59:59,,,,,,
2025-07-19_04:00:02,6963.0,11569.0,41344.0,3792.0,15511.0,40926.0
2025-07-19_04:00:03,9898.0,11569.0,41353.0,14340.0,15511.0,40926.0
2025-07-19_04:00:03,8549.0,11569.0,41353.0,13781.0,15511.0,40926.0
2025-07-19_04:00:03,,,,13240.0,15511.0,40926.0
2025-07-19_04:00:07,2778.0,11569.0,41353.0,12186.0,15511.0,40926.0
2025-07-19_04:00:07,10071.0,11569.0,41353.0,14205.0,15511.0,40926.0
2025-07-19_04:00:07,9359.0,11569.0,41353.0,13855.0,15511.0,40926.0
2025-07-19_04:00:08,,,,,,
2025-07-19_04:00:11,6967.0,11569.0,41353.0,3793.0,15511.0,40926.0
2025-07-19_04:00:12,8606.0,11569.0,41353.0,14093.0,15511.0,40926.0
2025-07-19_04:00:12,8549.0,11569.0,41353.0,13789.0,15511.0,40926.0
2025-07-19_04:00:12,,,,14064.0,15511.0,40926.0
2025-07-19_04:00:16,3319.0,11569.0,41353.0,12186.0,15511.0,40926.0
2025-07-19_04:00:16,,,,12918.0,15511.0,40926.0
2025-07-19_04:00:20,2778.0,11569.0,41353.0,12168.0,15511.0,40926.0
2025-07-19_04:00:20,10137.0,11569.0,41354.0,13860.0,15511.0,40926.0
2025-07-19_04:00:20,9812.0,11569.0,41354.0,13994.0,15511.0,40926.0
2025-07-19_04:00:20,8575.0,11569.0,41354.0,14159.0,15511.0,40926.0
2025-07-19_04:00:21,8618.0,11569.0,41354.0,14082.0,15511.0,40926.0
2025-07-19_04:00:21,8675.0,11569.0,41361.0,14084.0,15511.0,40926.0
2025-07-19_04:00:21,,,,14274.0,15511.0,40926.0
2025-07-19_04:00:25,2780.0,11569.0,41361.0,12188.0,15511.0,40926.0
2025-07-19_04:00:25,,,,,,
2025-07-19_04:00:29,6965.0,11569.0,41361.0,3793.0,15511.0,40926.0
2025-07-19_04:00:29,8580.0,11569.0,41361.0,13891.0,15511.0,40926.0
2025-07-19_04:00:29,8535.0,11569.0,41361.0,13983.0,15511.0,40926.0
2025-07-19_04:00:30,8516.0,11569.0,41361.0,13813.0,15511.0,40926.0
2025-07-19_04:00:30,9003.0,11569.0,41361.0,13772.0,15511.0,40926.0
2025-07-19_04:00:30,9697.0,11569.0,41364.0,13818.0,15511.0,40926.0
2025-07-19_04:00:30,8535.0,11569.0,41364.0,13940.0,15511.0,40926.0
2025-07-19_04:00:31,9936.0,11569.0,41364.0,14176.0,15511.0,40926.0
2025-07-19_04:00:31,8668.0,11569.0,41364.0,14037.0,15511.0,40929.0
2025-07-19_04:00:31,,,,14232.0,15511.0,40929.0
2025-07-19_04:00:35,3375.0,11569.0,41364.0,12189.0,15511.0,40929.0
2025-07-19_04:00:35,9173.0,11569.0,41364.0,13620.0,15511.0,40929.0
2025-07-19_04:00:35,9095.0,11569.0,41364.0,14044.0,15511.0,40929.0
2025-07-19_04:00:35,8059.0,11569.0,41364.0,13033.0,15511.0,40929.0
2025-07-19_04:00:36,10166.0,11569.0,41364.0,14229.0,15511.0,40929.0
2025-07-19_04:00:36,8546.0,11569.0,41364.0,14002.0,15511.0,40929.0
2025-07-19_04:00:36,8528.0,11569.0,41364.0,13811.0,15511.0,40929.0
2025-07-19_04:00:36,9063.0,11569.0,41364.0,14032.0,15511.0,40929.0
2025-07-19_04:00:36,8615.0,11569.0,41364.0,14340.0,15511.0,40929.0
2025-07-19_04:00:37,8584.0,11569.0,41364.0,14056.0,15511.0,40929.0
2025-07-19_04:00:37,10588.0,11569.0,41416.0,14142.0,15547.0,40987.0
2025-07-19_04:00:37,9638.0,11569.0,41416.0,14239.0,15547.0,40987.0
2025-07-19_04:00:37,8604.0,11569.0,41416.0,14282.0,15547.0,40987.0
2025-07-19_04:00:38,8534.0,11569.0,41416.0,14047.0,15547.0,40987.0
2025-07-19_04:00:38,9892.0,11569.0,41416.0,14103.0,15547.0,40987.0
2025-07-19_04:00:38,9778.0,11569.0,41416.0,13775.0,15547.0,40987.0
2025-07-19_04:00:38,,,,13983.0,15547.0,40987.0
2025-07-19_04:00:42,2778.0,11569.0,41416.0,12188.0,15547.0,40987.0
2025-07-19_04:00:42,8541.0,11569.0,41416.0,13793.0,15547.0,40987.0
2025-07-19_04:00:43,,,,,,
2025-07-19_04:00:46,6968.0,11569.0,41416.0,3787.0,15547.0,40987.0
2025-07-19_04:00:47,,,,13607.0,15547.0,40987.0
2025-07-19_04:00:50,3319.0,11569.0,41416.0,12188.0,15547.0,40987.0
2025-07-19_04:00:50,,,,,,
2025-07-19_04:00:54,6964.0,11569.0,41416.0,3792.0,15547.0,40987.0
2025-07-19_04:00:54,8064.0,11569.0,41416.0,13303.0,15547.0,40987.0
2025-07-19_04:00:55,9832.0,11569.0,41416.0,13857.0,15547.0,40987.0
2025-07-19_04:00:55,,,,,,
2025-07-19_04:00:59,6967.0,11569.0,41416.0,3793.0,15547.0,40987.0
2025-07-19_04:00:59,,,,14012.0,15547.0,40987.0
2025-07-19_04:01:03,3375.0,11569.0,41416.0,12195.0,15547.0,40987.0
2025-07-19_04:01:03,8578.0,11569.0,41416.0,14179.0,15547.0,40987.0
2025-07-19_04:01:03,10197.0,11569.0,41416.0,14692.0,15547.0,40987.0
2025-07-19_04:01:03,10223.0,11569.0,41416.0,14001.0,15547.0,40987.0
2025-07-19_04:01:04,9915.0,11569.0,41416.0,13998.0,15547.0,40987.0
2025-07-19_04:01:04,8651.0,11569.0,41417.0,14115.0,15547.0,40987.0
2025-07-19_04:01:04,9001.0,11569.0,41417.0,13985.0,15547.0,40987.0
2025-07-19_04:01:04,8089.0,11569.0,41417.0,13301.0,15547.0,40987.0
2025-07-19_04:01:05,,,,14044.0,15547.0,40987.0
2025-07-19_04:01:08,3360.0,11569.0,41417.0,12182.0,15547.0,40987.0
2025-07-19_04:01:09,9715.0,11569.0,41417.0,14016.0,15547.0,40987.0
2025-07-19_04:01:09,9680.0,11569.0,41417.0,13956.0,15547.0,40987.0
2025-07-19_04:01:09,,,,14107.0,15547.0,40987.0
2025-07-19_04:01:13,3302.0,11569.0,41417.0,12172.0,15547.0,40987.0
2025-07-19_04:01:13,9669.0,11569.0,41417.0,13981.0,15547.0,40987.0
2025-07-19_04:01:13,8093.0,11569.0,41417.0,13260.0,15547.0,40987.0
2025-07-19_04:01:13,,,,14207.0,15547.0,40987.0
2025-07-19_04:01:17,3319.0,11569.0,41417.0,12184.0,15547.0,40987.0
2025-07-19_04:01:17,10113.0,11569.0,41471.0,14584.0,15547.0,40990.0
2025-07-19_04:01:17,8506.0,11569.0,41471.0,14047.0,15547.0,40990.0
2025-07-19_04:01:18,9856.0,11569.0,41471.0,14262.0,15547.0,40992.0
2025-07-19_04:01:18,8532.0,11569.0,41471.0,13266.0,15547.0,40992.0
2025-07-19_04:01:18,9969.0,11569.0,41473.0,14280.0,15547.0,40992.0
2025-07-19_04:01:18,,,,,,
2025-07-19_04:01:22,6960.0,11569.0,41473.0,3792.0,15547.0,40992.0
2025-07-19_04:01:22,9515.0,11569.0,41473.0,14263.0,15547.0,40992.0
2025-07-19_04:01:23,9595.0,11569.0,41473.0,14223.0,15547.0,40992.0
2025-07-19_04:01:23,10057.0,11569.0,41473.0,14312.0,15547.0,40992.0
2025-07-19_04:01:23,8514.0,11569.0,41473.0,13836.0,15547.0,40992.0
2025-07-19_04:01:23,,,,13995.0,15547.0,40992.0
2025-07-19_04:01:27,3304.0,11569.0,41473.0,12199.0,15547.0,40992.0
2025-07-19_04:01:27,8583.0,11569.0,41479.0,14181.0,15547.0,40992.0
2025-07-19_04:01:27,,,,,,
2025-07-19_04:01:31,6959.0,11569.0,41484.0,3792.0,15547.0,40992.0
2025-07-19_04:01:32,8538.0,11569.0,41484.0,13902.0,15547.0,40992.0
2025-07-19_04:01:32,10136.0,11569.0,41485.0,14038.0,15547.0,40992.0
2025-07-19_04:01:32,8547.0,11569.0,41485.0,13837.0,15547.0,40992.0
2025-07-19_04:01:32,,,,,,
2025-07-19_04:01:36,6968.0,11569.0,41485.0,3793.0,15547.0,40992.0
2025-07-19_04:01:36,,,,14011.0,15547.0,40992.0
2025-07-19_04:01:40,3358.0,11569.0,41485.0,12193.0,15547.0,40992.0
2025-07-19_04:01:40,8617.0,11569.0,41485.0,14178.0,15547.0,40992.0
2025-07-19_04:01:40,9899.0,11569.0,41485.0,14265.0,15547.0,40992.0
2025-07-19_04:01:41,8056.0,11569.0,41485.0,13040.0,15547.0,40992.0
2025-07-19_04:01:41,,,,,,
2025-07-19_04:01:45,6958.0,11569.0,41485.0,3787.0,15547.0,40992.0
2025-07-19_04:01:45,8087.0,11569.0,41485.0,13518.0,15547.0,40994.0
2025-07-19_04:01:45,9169.0,11569.0,41485.0,13991.0,15547.0,40994.0
2025-07-19_04:01:45,9627.0,11569.0,41485.0,13786.0,15547.0,40994.0
2025-07-19_04:01:49,2778.0,11569.0,41485.0,12191.0,15547.0,40994.0
2025-07-19_04:01:49,8542.0,11569.0,41485.0,13848.0,15547.0,40994.0
2025-07-19_04:01:50,8597.0,11569.0,41485.0,14074.0,15547.0,40994.0
2025-07-19_04:01:50,,,,14273.0,15547.0,40994.0
2025-07-19_04:01:54,3375.0,11569.0,41485.0,12158.0,15547.0,40994.0
2025-07-19_04:01:54,9539.0,11569.0,41486.0,13946.0,15547.0,40994.0
2025-07-19_04:01:54,8527.0,11569.0,41486.0,13803.0,15547.0,40994.0
2025-07-19_04:01:54,8089.0,11569.0,41486.0,13064.0,15547.0,40994.0
2025-07-19_04:01:54,10135.0,11569.0,41486.0,14050.0,15547.0,40994.0
2025-07-19_04:01:55,10175.0,11569.0,41487.0,14053.0,15547.0,40994.0
2025-07-19_04:01:55,9911.0,11569.0,41487.0,14258.0,15547.0,40994.0
2025-07-19_04:01:55,8112.0,11569.0,41487.0,13246.0,15547.0,40994.0
2025-07-19_04:01:55,8079.0,11569.0,41487.0,13045.0,15547.0,40994.0
2025-07-19_04:01:56,8087.0,11569.0,41487.0,13162.0,15547.0,40998.0
2025-07-19_04:01:56,,,,,,
2025-07-19_04:02:00,6967.0,11569.0,41487.0,3792.0,15547.0,40998.0
2025-07-19_04:02:00,9165.0,11569.0,41487.0,13810.0,15547.0,40998.0
2025-07-19_04:02:00,8570.0,11569.0,41487.0,13814.0,15547.0,40998.0
2025-07-19_04:02:00,,,,,,
2025-07-19_04:02:04,6972.0,11569.0,41487.0,3792.0,15547.0,40998.0
2025-07-19_04:02:04,8055.0,11569.0,41487.0,13237.0,15547.0,40998.0
2025-07-19_04:02:04,8067.0,11569.0,41487.0,13048.0,15547.0,40998.0
2025-07-19_04:02:05,8658.0,11569.0,41487.0,14277.0,15547.0,40998.0
2025-07-19_04:02:05,8522.0,11569.0,41487.0,13076.0,15547.0,40998.0
2025-07-19_04:02:05,9745.0,11569.0,41487.0,13992.0,15547.0,40998.0
2025-07-19_04:02:05,8601.0,11569.0,41489.0,14095.0,15547.0,40998.0
2025-07-19_04:02:06,,,,14189.0,15547.0,40998.0
2025-07-19_04:02:09,3319.0,11569.0,41489.0,12190.0,15547.0,40998.0
2025-07-19_04:02:10,,,,,,
2025-07-19_04:02:14,2780.0,11569.0,41489.0,3776.0,15547.0,40998.0
2025-07-19_04:02:14,8610.0,11569.0,41489.0,14363.0,15547.0,40998.0
2025-07-19_04:02:14,8674.0,11569.0,41489.0,14107.0,15547.0,40998.0
2025-07-19_04:02:15,8652.0,11569.0,41497.0,13948.0,15547.0,40998.0
2025-07-19_04:02:15,8656.0,11569.0,41497.0,13838.0,15547.0,40998.0
2025-07-19_04:02:15,,,,14348.0,15547.0,40998.0
2025-07-19_04:02:19,3358.0,11569.0,41497.0,12190.0,15547.0,40998.0
2025-07-19_04:02:19,,,,,,
2025-07-19_04:02:23,6969.0,11569.0,41497.0,3793.0,15547.0,40998.0
2025-07-19_04:02:23,8079.0,11569.0,41497.0,13079.0,15547.0,40998.0
2025-07-19_04:02:23,9573.0,11569.0,41497.0,13731.0,15547.0,40998.0
2025-07-19_04:02:23,8011.0,11569.0,41497.0,13045.0,15547.0,40998.0
2025-07-19_04:02:24,9716.0,11569.0,41500.0,13989.0,15547.0,40998.0
2025-07-19_04:02:24,,,,,,
2025-07-19_04:02:28,6970.0,11569.0,41500.0,3792.0,15547.0,40998.0
2025-07-19_04:02:28,,,,13883.0,15547.0,40998.0
2025-07-19_04:02:32,3375.0,11569.0,41500.0,12186.0,15547.0,40998.0
2025-07-19_04:02:32,8037.0,11569.0,41500.0,13048.0,15547.0,40998.0
2025-07-19_04:02:32,,,,14093.0,15547.0,40998.0
2025-07-19_04:02:36,3319.0,11569.0,41500.0,12163.0,15547.0,40998.0
2025-07-19_04:02:36,10109.0,11569.0,41500.0,14012.0,15547.0,40998.0
2025-07-19_04:02:36,8510.0,11569.0,41500.0,13894.0,15547.0,40998.0
2025-07-19_04:02:36,9796.0,11569.0,41500.0,14068.0,15547.0,40998.0
2025-07-19_04:02:37,9188.0,11569.0,41512.0,13597.0,15547.0,40998.0
2025-07-19_04:02:37,8069.0,11569.0,41512.0,13042.0,15547.0,40998.0
2025-07-19_04:02:37,8586.0,11569.0,41530.0,14088.0,15547.0,40998.0
2025-07-19_04:02:37,8610.0,11569.0,41530.0,14279.0,15547.0,40998.0
2025-07-19_04:02:38,,,,,,
2025-07-19_04:02:41,6968.0,11569.0,41530.0,3792.0,15547.0,40998.0
2025-07-19_04:02:42,,,,13796.0,15547.0,40998.0
2025-07-19_04:02:45,3375.0,11569.0,41530.0,12193.0,15547.0,40998.0
2025-07-19_04:02:46,9736.0,11569.0,41530.0,13799.0,15547.0,40998.0
2025-07-19_04:02:46,8330.0,11569.0,41530.0,13904.0,15547.0,40998.0
2025-07-19_04:02:46,8081.0,11569.0,41530.0,13336.0,15547.0,40999.0
2025-07-19_04:02:46,,,,,,
2025-07-19_04:02:50,6969.0,11569.0,41530.0,3787.0,15547.0,40999.0
2025-07-19_04:02:50,8991.0,11569.0,41531.0,13781.0,15547.0,40999.0
2025-07-19_04:02:50,,,,14025.0,15547.0,40999.0
2025-07-19_04:02:54,3358.0,11569.0,41531.0,12186.0,15547.0,40999.0
2025-07-19_04:02:54,8071.0,11569.0,41531.0,13253.0,15547.0,40999.0
2025-07-19_04:02:54,9722.0,11569.0,41531.0,13978.0,15547.0,40999.0
2025-07-19_04:02:55,8514.0,11569.0,41531.0,13255.0,15547.0,40999.0
2025-07-19_04:02:55,10064.0,11569.0,41531.0,14134.0,15547.0,40999.0
2025-07-19_04:02:55,,,,13236.0,15547.0,40999.0
2025-07-19_04:02:59,2778.0,11569.0,41531.0,12189.0,15547.0,40999.0
2025-07-19_04:02:59,7987.0,11569.0,41531.0,13051.0,15547.0,40999.0
2025-07-19_04:02:59,,,,,,
2025-07-19_04:03:03,6963.0,11569.0,41531.0,3792.0,15547.0,40999.0
2025-07-19_04:03:03,8085.0,11569.0,41531.0,13047.0,15547.0,40999.0
2025-07-19_04:03:04,9837.0,11569.0,41531.0,14257.0,15547.0,40999.0
2025-07-19_04:03:04,,,,,,
2025-07-19_04:03:08,6967.0,11569.0,41531.0,3792.0,15547.0,40999.0
2025-07-19_04:03:08,,,,14048.0,15547.0,40999.0
2025-07-19_04:03:12,3358.0,11569.0,41531.0,12184.0,15547.0,40999.0
2025-07-19_04:03:12,8694.0,11569.0,41531.0,14187.0,15547.0,40999.0
2025-07-19_04:03:12,9605.0,11569.0,41531.0,13977.0,15547.0,40999.0
2025-07-19_04:03:12,10251.0,11569.0,41533.0,14094.0,15547.0,40999.0
2025-07-19_04:03:12,,,,13982.0,15547.0,40999.0
2025-07-19_04:03:16,,,,,,
2025-07-19_04:03:20,6963.0,11569.0,41533.0,3792.0,15547.0,40999.0
2025-07-19_04:03:20,8562.0,11569.0,41533.0,13840.0,15547.0,40999.0
2025-07-19_04:03:20,8069.0,11569.0,41533.0,12884.0,15547.0,40999.0
2025-07-19_04:03:21,,,,14292.0,15547.0,40999.0
2025-07-19_04:03:24,3375.0,11569.0,41533.0,12192.0,15547.0,40999.0
2025-07-19_04:03:25,8624.0,11569.0,41533.0,14095.0,15547.0,40999.0
2025-07-19_04:03:25,9960.0,11569.0,41533.0,13766.0,15547.0,41001.0
2025-07-19_04:03:25,8532.0,11569.0,41533.0,13268.0,15547.0,41001.0
2025-07-19_04:03:25,,,,,,
2025-07-19_04:03:29,6968.0,11569.0,41533.0,3787.0,15547.0,41001.0
2025-07-19_04:03:29,8523.0,11569.0,41533.0,13619.0,15547.0,41001.0
2025-07-19_04:03:30,8131.0,11569.0,41533.0,13239.0,15547.0,41001.0
2025-07-19_04:03:30,,,,14232.0,15547.0,41002.0
2025-07-19_04:03:34,3375.0,11569.0,41533.0,12188.0,15547.0,41002.0
2025-07-19_04:03:34,8082.0,11569.0,41533.0,13056.0,15547.0,41002.0
2025-07-19_04:03:34,9903.0,11569.0,41533.0,13884.0,15547.0,41002.0
2025-07-19_04:03:34,9902.0,11569.0,41533.0,14028.0,15547.0,41002.0
2025-07-19_04:03:34,8682.0,11569.0,41540.0,14177.0,15547.0,41002.0
2025-07-19_04:03:35,8026.0,11569.0,41540.0,13048.0,15547.0,41002.0
2025-07-19_04:03:35,9912.0,11569.0,41540.0,14027.0,15547.0,41002.0
2025-07-19_04:03:35,8634.0,11569.0,41540.0,14198.0,15547.0,41002.0
2025-07-19_04:03:35,9681.0,11569.0,41540.0,13771.0,15547.0,41002.0
2025-07-19_04:03:36,8547.0,11569.0,41540.0,14006.0,15547.0,41002.0
2025-07-19_04:03:36,,,,,,
2025-07-19_04:03:40,6967.0,11569.0,41540.0,3793.0,15547.0,41002.0
2025-07-19_04:03:40,8705.0,11569.0,41540.0,13893.0,15547.0,41002.0
2025-07-19_04:03:40,8604.0,11569.0,41540.0,14263.0,15547.0,41002.0
2025-07-19_04:03:40,9881.0,11569.0,41557.0,13986.0,15547.0,41002.0
2025-07-19_04:03:41,,,,13933.0,15547.0,41002.0
2025-07-19_04:03:44,3317.0,11569.0,41557.0,12195.0,15547.0,41002.0
2025-07-19_04:03:44,10073.0,11569.0,41557.0,14297.0,15547.0,41002.0
2025-07-19_04:03:45,,,,,,
2025-07-19_04:03:48,6966.0,11569.0,41557.0,3792.0,15547.0,41002.0
2025-07-19_04:03:49,3300.0,11569.0,41557.0,12192.0,15547.0,41002.0
2025-07-19_04:03:50,8533.0,11569.0,41559.0,13071.0,15547.0,41003.0
2025-07-19_04:03:50,9738.0,11569.0,41565.0,13977.0,15547.0,41003.0
2025-07-19_04:03:50,8083.0,11569.0,41567.0,13080.0,15547.0,41003.0
2025-07-19_04:03:50,9874.0,11569.0,41567.0,13983.0,15547.0,41003.0
2025-07-19_04:03:50,8093.0,11569.0,41567.0,13264.0,15547.0,41003.0
2025-07-19_04:03:51,,,,,,
2025-07-19_04:03:55,2778.0,11569.0,41567.0,3776.0,15547.0,41003.0
2025-07-19_04:03:55,9973.0,11569.0,41569.0,13785.0,15547.0,41003.0
2025-07-19_04:03:56,8066.0,11569.0,41569.0,13045.0,15547.0,41003.0
2025-07-19_04:03:56,8520.0,11569.0,41569.0,13225.0,15547.0,41003.0
2025-07-19_04:03:56,8084.0,11569.0,41569.0,12891.0,15547.0,41003.0
2025-07-19_04:03:56,7992.0,11569.0,41569.0,13056.0,15547.0,41003.0
2025-07-19_04:03:57,8532.0,11569.0,41569.0,13175.0,15547.0,41003.0
2025-07-19_04:03:57,8116.0,11569.0,41569.0,13227.0,15547.0,41003.0
2025-07-19_04:03:57,10070.0,11569.0,41590.0,14078.0,15547.0,41003.0
2025-07-19_04:03:57,8599.0,11569.0,41590.0,14177.0,15547.0,41003.0
2025-07-19_04:03:57,9148.0,11569.0,41590.0,13792.0,15547.0,41003.0
2025-07-19_04:03:58,8069.0,11569.0,41590.0,13308.0,15547.0,41003.0
2025-07-19_04:03:58,8067.0,11569.0,41590.0,13297.0,15547.0,41003.0
2025-07-19_04:03:58,8338.0,11569.0,41590.0,13899.0,15547.0,41003.0
2025-07-19_04:03:58,8038.0,11569.0,41590.0,13086.0,15547.0,41003.0
2025-07-19_04:03:58,,,,,,
2025-07-19_04:04:02,6963.0,11569.0,41590.0,3793.0,15547.0,41003.0
2025-07-19_04:04:02,,,,13961.0,15547.0,41003.0
2025-07-19_04:04:06,3358.0,11569.0,41590.0,12184.0,15547.0,41004.0
2025-07-19_04:04:06,,,,,,
2025-07-19_04:04:11,2778.0,11569.0,41590.0,3776.0,15547.0,41004.0
2025-07-19_04:04:11,,,,,,
2025-07-19_04:04:15,6966.0,11569.0,41590.0,3793.0,15547.0,41004.0
2025-07-19_04:04:15,8492.0,11569.0,41590.0,14015.0,15547.0,41004.0
2025-07-19_04:04:15,8087.0,11569.0,41590.0,13236.0,15547.0,41004.0
2025-07-19_04:04:15,,,,,,
2025-07-19_04:04:19,6966.0,11569.0,41590.0,3793.0,15547.0,41004.0
2025-07-19_04:04:19,,,,13946.0,15547.0,41004.0
2025-07-19_04:04:23,2778.0,11569.0,41590.0,12185.0,15547.0,41004.0
2025-07-19_04:04:24,8075.0,11569.0,41592.0,13042.0,15547.0,41004.0
2025-07-19_04:04:24,8512.0,11569.0,41592.0,13266.0,15547.0,41004.0
2025-07-19_04:04:24,,,,14011.0,15547.0,41004.0
2025-07-19_04:04:28,3304.0,11569.0,41592.0,12192.0,15547.0,41004.0
2025-07-19_04:04:28,8064.0,11569.0,41592.0,13056.0,15547.0,41004.0
2025-07-19_04:04:28,,,,14100.0,15547.0,41004.0
2025-07-19_04:04:32,3319.0,11569.0,41592.0,12160.0,15547.0,41004.0
2025-07-19_04:04:32,10227.0,11569.0,41593.0,14221.0,15547.0,41004.0
2025-07-19_04:04:32,9428.0,11569.0,41593.0,14179.0,15547.0,41004.0
2025-07-19_04:04:32,8579.0,11569.0,41593.0,14082.0,15547.0,41004.0
2025-07-19_04:04:33,,,,,,
2025-07-19_04:04:36,6961.0,11569.0,41593.0,3793.0,15547.0,41004.0
2025-07-19_04:04:37,9880.0,11569.0,41593.0,13995.0,15547.0,41004.0
2025-07-19_04:04:37,10167.0,11569.0,41597.0,14082.0,15547.0,41006.0
2025-07-19_04:04:37,8088.0,11569.0,41597.0,13346.0,15547.0,41007.0
2025-07-19_04:04:37,9945.0,11569.0,41611.0,13893.0,15547.0,41026.0
2025-07-19_04:04:37,8038.0,11569.0,41611.0,13072.0,15547.0,41026.0
2025-07-19_04:04:38,9696.0,11569.0,41611.0,13938.0,15547.0,41026.0
2025-07-19_04:04:38,7962.0,11569.0,41611.0,13081.0,15547.0,41026.0
2025-07-19_04:04:38,8035.0,11569.0,41611.0,13048.0,15547.0,41026.0
2025-07-19_04:04:38,8083.0,11569.0,41611.0,13048.0,15547.0,41026.0
2025-07-19_04:04:38,9802.0,11569.0,41611.0,14230.0,15547.0,41026.0
2025-07-19_04:04:39,9775.0,11569.0,41611.0,14280.0,15547.0,41027.0
2025-07-19_04:04:39,8046.0,11569.0,41611.0,13349.0,15547.0,41027.0
2025-07-19_04:04:39,8109.0,11569.0,41611.0,13047.0,15547.0,41027.0
2025-07-19_04:04:39,8075.0,11569.0,41611.0,13308.0,15547.0,41027.0
2025-07-19_04:04:40,9969.0,11569.0,41611.0,14301.0,15547.0,41027.0
2025-07-19_04:04:40,,,,13734.0,15547.0,41027.0
2025-07-19_04:04:44,,,,,,
2025-07-19_04:04:48,6945.0,11569.0,41612.0,3792.0,15547.0,41027.0
2025-07-19_04:04:48,8069.0,11569.0,41612.0,12884.0,15547.0,41027.0
2025-07-19_04:04:48,9734.0,11569.0,41612.0,14015.0,15547.0,41027.0
2025-07-19_04:04:48,8061.0,11569.0,41612.0,13056.0,15547.0,41027.0
2025-07-19_04:04:48,8064.0,11569.0,41612.0,12834.0,15547.0,41027.0
2025-07-19_04:04:49,8029.0,11569.0,41612.0,13234.0,15547.0,41027.0
2025-07-19_04:04:49,9898.0,11569.0,41619.0,14101.0,15547.0,41027.0
2025-07-19_04:04:49,8047.0,11569.0,41619.0,13166.0,15547.0,41027.0
2025-07-19_04:04:49,9836.0,11569.0,41619.0,14022.0,15547.0,41027.0
2025-07-19_04:04:50,8520.0,11569.0,41619.0,14093.0,15547.0,41027.0
2025-07-19_04:04:50,,,,,,
2025-07-19_04:04:54,6969.0,11569.0,41619.0,3793.0,15547.0,41027.0
2025-07-19_04:04:54,,,,,,
2025-07-19_04:04:58,6963.0,11569.0,41619.0,3792.0,15547.0,41027.0
2025-07-19_04:04:58,8040.0,11569.0,41619.0,13051.0,15547.0,41027.0
2025-07-19_04:04:58,10024.0,11569.0,41620.0,13790.0,15547.0,41027.0
2025-07-19_04:04:58,8609.0,11569.0,41620.0,14054.0,15547.0,41027.0
2025-07-19_04:04:58,7955.0,11569.0,41622.0,13348.0,15547.0,41027.0
2025-07-19_04:04:59,,,,,,
2025-07-19_04:05:02,6964.0,11569.0,41622.0,3792.0,15547.0,41027.0
2025-07-19_04:05:03,9853.0,11569.0,41622.0,14060.0,15547.0,41027.0
2025-07-19_04:05:03,8539.0,11569.0,41622.0,13665.0,15547.0,41027.0
2025-07-19_04:05:03,8120.0,11590.0,41647.0,13342.0,15547.0,41027.0
2025-07-19_04:05:03,8086.0,11590.0,41647.0,13521.0,15547.0,41027.0
2025-07-19_04:05:04,7961.0,11590.0,41647.0,13082.0,15547.0,41027.0
2025-07-19_04:05:04,10002.0,11590.0,41648.0,14199.0,15547.0,41027.0
2025-07-19_04:05:04,7973.0,11590.0,41648.0,13308.0,15547.0,41027.0
2025-07-19_04:05:04,7990.0,11590.0,41648.0,13082.0,15547.0,41027.0
2025-07-19_04:05:05,9911.0,11590.0,41648.0,13994.0,15547.0,41027.0
2025-07-19_04:05:05,8096.0,11590.0,41648.0,13232.0,15547.0,41027.0
2025-07-19_04:05:05,8641.0,11590.0,41648.0,14200.0,15547.0,41027.0
2025-07-19_04:05:05,9865.0,11590.0,41648.0,14005.0,15547.0,41027.0
2025-07-19_04:05:05,9870.0,11590.0,41648.0,13976.0,15547.0,41027.0
2025-07-19_04:05:06,,,,,,
2025-07-19_04:05:09,6972.0,11590.0,41648.0,3792.0,15547.0,41027.0
2025-07-19_04:05:10,8082.0,11590.0,41648.0,13089.0,15547.0,41027.0
2025-07-19_04:05:10,8514.0,11590.0,41648.0,13784.0,15547.0,41027.0
2025-07-19_04:05:10,8038.0,11590.0,41648.0,13084.0,15547.0,41027.0
2025-07-19_04:05:10,9915.0,11590.0,41648.0,14229.0,15547.0,41027.0
2025-07-19_04:05:11,,,,13240.0,15547.0,41027.0
2025-07-19_04:05:14,2778.0,11590.0,41648.0,12159.0,15547.0,41027.0
2025-07-19_04:05:15,7948.0,11590.0,41648.0,13047.0,15547.0,41027.0
2025-07-19_04:05:15,,,,14006.0,15547.0,41027.0
2025-07-19_04:05:19,2778.0,11590.0,41648.0,12186.0,15547.0,41027.0
2025-07-19_04:05:19,8086.0,11590.0,41648.0,13251.0,15547.0,41027.0
2025-07-19_04:05:19,8523.0,11590.0,41648.0,13832.0,15547.0,41027.0
2025-07-19_04:05:19,8085.0,11590.0,41648.0,13238.0,15547.0,41027.0
2025-07-19_04:05:20,8643.0,11590.0,41648.0,14396.0,15547.0,41027.0
2025-07-19_04:05:24,2778.0,11590.0,41648.0,12164.0,15547.0,41027.0
2025-07-19_04:05:24,7986.0,11590.0,41648.0,13042.0,15547.0,41027.0
2025-07-19_04:05:24,9964.0,11590.0,41649.0,14296.0,15547.0,41027.0
2025-07-19_04:05:24,8035.0,11590.0,41649.0,13354.0,15547.0,41027.0
2025-07-19_04:05:24,10036.0,11590.0,41649.0,14282.0,15547.0,41027.0
2025-07-19_04:05:25,8677.0,11590.0,41649.0,14007.0,15547.0,41027.0
2025-07-19_04:05:25,,,,14240.0,15547.0,41027.0
2025-07-19_04:05:29,3375.0,11590.0,41649.0,12192.0,15547.0,41027.0
2025-07-19_04:05:29,,,,13815.0,15547.0,41027.0
2025-07-19_04:05:33,3302.0,11590.0,41649.0,12154.0,15547.0,41027.0
2025-07-19_04:05:33,8510.0,11590.0,41649.0,13265.0,15547.0,41027.0
2025-07-19_04:05:33,8509.0,11590.0,41655.0,14007.0,15547.0,41027.0
2025-07-19_04:05:33,8052.0,11590.0,41655.0,13086.0,15547.0,41027.0
2025-07-19_04:05:33,10199.0,11590.0,41656.0,14083.0,15547.0,41028.0
2025-07-19_04:05:34,9961.0,11590.0,41656.0,13977.0,15547.0,41028.0
2025-07-19_04:05:34,9681.0,11590.0,41656.0,13763.0,15547.0,41028.0
2025-07-19_04:05:34,,,,14037.0,15547.0,41029.0
2025-07-19_04:05:38,2778.0,11590.0,41656.0,12190.0,15547.0,41029.0
2025-07-19_04:05:38,8551.0,11590.0,41656.0,14113.0,15547.0,41029.0
2025-07-19_04:05:39,2778.0,11590.0,41656.0,12160.0,15547.0,41029.0
2025-07-19_04:05:39,8566.0,11590.0,41656.0,13840.0,15547.0,41029.0
2025-07-19_04:05:39,9723.0,11590.0,41656.0,14016.0,15547.0,41029.0
2025-07-19_04:05:40,8083.0,11590.0,41661.0,13281.0,15547.0,41029.0
2025-07-19_04:05:40,,,,14225.0,15547.0,41029.0
2025-07-19_04:05:44,3358.0,11590.0,41661.0,12189.0,15547.0,41029.0
2025-07-19_04:05:44,2778.0,11590.0,41661.0,12974.0,15550.0,41053.0
2025-07-19_04:05:45,9822.0,11590.0,41661.0,13798.0,15550.0,41053.0
2025-07-19_04:05:45,8018.0,11590.0,41661.0,13407.0,15550.0,41053.0
2025-07-19_04:05:45,9861.0,11590.0,41661.0,14072.0,15550.0,41053.0
2025-07-19_04:05:45,8648.0,11590.0,41661.0,14280.0,15550.0,41053.0
2025-07-19_04:05:46,8700.0,11590.0,41661.0,14321.0,15550.0,41053.0
2025-07-19_04:05:46,,,,,,
2025-07-19_04:05:50,6964.0,11590.0,41661.0,3786.0,15550.0,41053.0
2025-07-19_04:05:50,,,,,,
2025-07-19_04:05:54,6966.0,11590.0,41661.0,3793.0,15550.0,41053.0
2025-07-19_04:05:54,8546.0,11590.0,41664.0,14002.0,15550.0,41053.0
2025-07-19_04:05:54,9897.0,11590.0,41664.0,13985.0,15550.0,41053.0
2025-07-19_04:05:54,10881.0,11855.0,41934.0,14934.0,16051.0,41572.0
2025-07-19_04:05:55,8057.0,11855.0,41934.0,13259.0,16051.0,41572.0
2025-07-19_04:05:55,,,,,,
2025-07-19_04:05:59,2778.0,11855.0,41934.0,3776.0,16051.0,41572.0
2025-07-19_04:05:59,,,,,,
2025-07-19_04:06:04,2778.0,11855.0,41934.0,3776.0,16051.0,41572.0
2025-07-19_04:06:04,8635.0,11855.0,41934.0,13432.0,16051.0,41630.0
2025-07-19_04:06:04,8027.0,11855.0,41934.0,13047.0,16051.0,41630.0
2025-07-19_04:06:05,9370.0,11855.0,41934.0,14052.0,16051.0,41630.0
2025-07-19_04:06:05,,,,14003.0,16051.0,41630.0
2025-07-19_04:06:08,3375.0,11855.0,41934.0,12190.0,16051.0,41630.0
2025-07-19_04:06:09,8691.0,11855.0,41936.0,14100.0,16051.0,41630.0
2025-07-19_04:06:09,8077.0,11855.0,41936.0,13260.0,16051.0,41630.0
2025-07-19_04:06:09,,,,,,
2025-07-19_04:06:13,6960.0,11855.0,41936.0,3793.0,16051.0,41630.0
2025-07-19_04:06:13,8085.0,11855.0,41936.0,13348.0,16051.0,41630.0
2025-07-19_04:06:13,,,,13273.0,16051.0,41630.0
2025-07-19_04:06:17,2780.0,11855.0,41936.0,12163.0,16051.0,41630.0
2025-07-19_04:06:18,8067.0,11855.0,41936.0,13050.0,16051.0,41630.0
2025-07-19_04:06:18,8031.0,11855.0,41936.0,13054.0,16051.0,41630.0
2025-07-19_04:06:18,8119.0,11855.0,41936.0,13047.0,16051.0,41630.0
2025-07-19_04:06:18,,,,,,
2025-07-19_04:06:22,6968.0,11855.0,41936.0,3792.0,16051.0,41630.0
2025-07-19_04:06:22,,,,13860.0,16051.0,41630.0
2025-07-19_04:06:26,2778.0,11855.0,41936.0,12160.0,16051.0,41630.0
2025-07-19_04:06:26,,,,,,
2025-07-19_04:06:30,6961.0,11855.0,41936.0,3787.0,16051.0,41630.0
2025-07-19_04:06:30,10247.0,11855.0,41957.0,14347.0,16051.0,41650.0
2025-07-19_04:06:30,8055.0,11855.0,41957.0,13274.0,16051.0,41650.0
2025-07-19_04:06:31,7977.0,11855.0,41957.0,13346.0,16051.0,41650.0
2025-07-19_04:06:31,9626.0,11855.0,41957.0,14020.0,16051.0,41650.0
2025-07-19_04:06:31,9901.0,11855.0,41957.0,13989.0,16051.0,41650.0
2025-07-19_04:06:31,,,,13096.0,16051.0,41650.0
2025-07-19_04:06:35,2778.0,11855.0,41957.0,12187.0,16051.0,41650.0
2025-07-19_04:06:35,,,,,,
2025-07-19_04:06:39,6965.0,11855.0,41957.0,3792.0,16051.0,41650.0
2025-07-19_04:06:39,9947.0,11855.0,41958.0,14088.0,16051.0,41650.0
2025-07-19_04:06:40,9995.0,11855.0,41958.0,14288.0,16051.0,41650.0
2025-07-19_04:06:40,8086.0,11855.0,41958.0,13263.0,16051.0,41650.0
2025-07-19_04:06:40,8596.0,11855.0,41959.0,14079.0,16051.0,41650.0
2025-07-19_04:06:40,9936.0,11855.0,41961.0,14270.0,16051.0,41650.0
2025-07-19_04:06:41,8069.0,11855.0,41961.0,13043.0,16051.0,41650.0
2025-07-19_04:06:41,8097.0,11855.0,41961.0,13222.0,16051.0,41650.0
2025-07-19_04:06:41,10475.0,11855.0,42066.0,14429.0,16051.0,41650.0
2025-07-19_04:06:41,8054.0,11855.0,42066.0,13076.0,16051.0,41650.0
2025-07-19_04:06:41,10018.0,11855.0,42067.0,14215.0,16051.0,41654.0
2025-07-19_04:06:42,8543.0,11855.0,42067.0,13845.0,16051.0,41654.0
2025-07-19_04:06:42,10126.0,11855.0,42067.0,13903.0,16051.0,41654.0
2025-07-19_04:06:42,7965.0,11855.0,42067.0,13067.0,16051.0,41654.0
2025-07-19_04:06:42,8045.0,11855.0,42067.0,13071.0,16051.0,41654.0
2025-07-19_04:06:42,,,,,,
2025-07-19_04:06:46,6969.0,11855.0,42067.0,3793.0,16051.0,41654.0
2025-07-19_04:06:47,10093.0,11855.0,42076.0,14064.0,16051.0,41662.0
2025-07-19_04:06:47,8082.0,11855.0,42076.0,13259.0,16051.0,41662.0
2025-07-19_04:06:47,8100.0,11855.0,42076.0,13073.0,16051.0,41662.0
2025-07-19_04:06:47,9722.0,11855.0,42076.0,13793.0,16051.0,41662.0
2025-07-19_04:06:47,8625.0,11855.0,42081.0,14092.0,16051.0,41662.0
2025-07-19_04:06:48,9964.0,11855.0,42081.0,13988.0,16051.0,41662.0
2025-07-19_04:06:48,9842.0,11855.0,42081.0,13986.0,16051.0,41662.0
2025-07-19_04:06:48,10410.0,11855.0,42084.0,14390.0,16051.0,41662.0
2025-07-19_04:06:48,9844.0,11855.0,42084.0,13977.0,16051.0,41662.0
2025-07-19_04:06:49,9582.0,11855.0,42084.0,13976.0,16051.0,41662.0
2025-07-19_04:06:49,,,,13993.0,16051.0,41662.0
2025-07-19_04:06:52,3302.0,11855.0,42084.0,12184.0,16051.0,41662.0
2025-07-19_04:06:53,,,,13982.0,16051.0,41662.0
2025-07-19_04:06:56,3375.0,11855.0,42084.0,12195.0,16051.0,41662.0
2025-07-19_04:06:57,10168.0,11855.0,42084.0,14029.0,16051.0,41662.0
2025-07-19_04:06:57,,,,14071.0,16051.0,41664.0
2025-07-19_04:07:00,3358.0,11855.0,42084.0,12192.0,16051.0,41664.0
2025-07-19_04:07:01,8530.0,11855.0,42084.0,13850.0,16051.0,41664.0
2025-07-19_04:07:01,9142.0,11855.0,42084.0,13814.0,16051.0,41664.0
2025-07-19_04:07:01,8067.0,11855.0,42084.0,13051.0,16051.0,41664.0
2025-07-19_04:07:01,8609.0,11855.0,42084.0,14077.0,16051.0,41664.0
2025-07-19_04:07:02,,,,13964.0,16051.0,41664.0
2025-07-19_04:07:05,3302.0,11855.0,42084.0,12148.0,16051.0,41664.0
2025-07-19_04:07:05,,,,11868.0,16051.0,41664.0
2025-07-19_04:07:09,2778.0,11855.0,42084.0,12185.0,16051.0,41664.0
2025-07-19_04:07:10,8525.0,11855.0,42084.0,13983.0,16051.0,41664.0
2025-07-19_04:07:10,8594.0,11855.0,42084.0,14202.0,16051.0,41664.0
2025-07-19_04:07:10,9989.0,11855.0,42084.0,14017.0,16051.0,41664.0
2025-07-19_04:07:10,8068.0,11855.0,42084.0,13252.0,16051.0,41664.0
2025-07-19_04:07:11,,,,,,
2025-07-19_04:07:14,6963.0,11855.0,42084.0,3792.0,16051.0,41664.0
2025-07-19_04:07:15,,,,,,
2025-07-19_04:07:18,6968.0,11855.0,42084.0,3793.0,16051.0,41664.0
2025-07-19_04:07:19,,,,14005.0,16051.0,41664.0
2025-07-19_04:07:22,3302.0,11855.0,42084.0,12182.0,16051.0,41664.0
2025-07-19_04:07:23,9928.0,11855.0,42084.0,13736.0,16051.0,41664.0
2025-07-19_04:07:23,8584.0,11855.0,42084.0,13819.0,16051.0,41664.0
2025-07-19_04:07:23,8510.0,11855.0,42084.0,13827.0,16051.0,41664.0
2025-07-19_04:07:23,9769.0,11855.0,42084.0,14013.0,16051.0,41664.0
2025-07-19_04:07:23,8629.0,11855.0,42084.0,14289.0,16051.0,41664.0
2025-07-19_04:07:24,9822.0,11855.0,42084.0,14358.0,16051.0,41664.0
2025-07-19_04:07:24,8069.0,11855.0,42084.0,13047.0,16051.0,41664.0
2025-07-19_04:07:24,,,,13977.0,16051.0,41664.0
2025-07-19_04:07:28,3319.0,11855.0,42084.0,12161.0,16051.0,41664.0
2025-07-19_04:07:28,8538.0,11855.0,42084.0,13800.0,16051.0,41664.0
2025-07-19_04:07:28,9881.0,11855.0,42084.0,14012.0,16051.0,41664.0
2025-07-19_04:07:28,9809.0,11855.0,42084.0,14025.0,16051.0,41664.0
2025-07-19_04:07:29,9727.0,11855.0,42085.0,13786.0,16051.0,41664.0
2025-07-19_04:07:29,9650.0,11855.0,42085.0,14096.0,16051.0,41664.0
2025-07-19_04:07:29,,,,13099.0,16051.0,41664.0
2025-07-19_04:07:33,2778.0,11855.0,42085.0,12187.0,16051.0,41664.0
2025-07-19_04:07:33,8546.0,11855.0,42085.0,13802.0,16051.0,41664.0
2025-07-19_04:07:33,8090.0,11855.0,42085.0,13275.0,16051.0,41664.0
2025-07-19_04:07:34,8599.0,11855.0,42085.0,14101.0,16051.0,41664.0
2025-07-19_04:07:34,8580.0,11855.0,42085.0,14219.0,16051.0,41664.0
2025-07-19_04:07:34,8021.0,11855.0,42085.0,13053.0,16051.0,41664.0
2025-07-19_04:07:34,,,,14273.0,16051.0,41664.0
2025-07-19_04:07:38,2778.0,11855.0,42085.0,12195.0,16051.0,41665.0
2025-07-19_04:07:38,8538.0,11855.0,42085.0,13835.0,16051.0,41665.0
2025-07-19_04:07:39,,,,13351.0,16051.0,41665.0
2025-07-19_04:07:42,2778.0,11855.0,42085.0,12170.0,16051.0,41665.0
2025-07-19_04:07:43,,,,14118.0,16051.0,41665.0
2025-07-19_04:07:46,3358.0,11855.0,42085.0,12194.0,16051.0,41665.0
2025-07-19_04:07:46,,,,,,
2025-07-19_04:07:50,6966.0,11855.0,42094.0,3787.0,16051.0,41665.0
2025-07-19_04:07:51,,,,,,
2025-07-19_04:07:54,6958.0,11855.0,42094.0,3792.0,16051.0,41665.0
2025-07-19_04:07:55,8604.0,11855.0,42094.0,14097.0,16051.0,41665.0
2025-07-19_04:07:55,8520.0,11855.0,42094.0,14048.0,16051.0,41665.0
2025-07-19_04:07:55,8541.0,11855.0,42094.0,13934.0,16051.0,41665.0
2025-07-19_04:07:55,8542.0,11855.0,42094.0,13808.0,16051.0,41665.0
2025-07-19_04:07:56,8524.0,11855.0,42094.0,13802.0,16051.0,41666.0
2025-07-19_04:07:56,9683.0,11855.0,42094.0,13980.0,16051.0,41666.0
2025-07-19_04:07:56,9518.0,11855.0,42095.0,13609.0,16051.0,41666.0
2025-07-19_04:07:56,,,,,,
2025-07-19_04:08:00,6966.0,11855.0,42095.0,3793.0,16051.0,41666.0
2025-07-19_04:08:00,8067.0,11855.0,42095.0,13044.0,16051.0,41666.0
2025-07-19_04:08:00,8085.0,11855.0,42095.0,13254.0,16051.0,41666.0
2025-07-19_04:08:01,10024.0,11855.0,42095.0,14328.0,16051.0,41666.0
2025-07-19_04:08:01,8077.0,11855.0,42095.0,12866.0,16051.0,41666.0
2025-07-19_04:08:01,10197.0,11855.0,42095.0,14049.0,16051.0,41666.0
2025-07-19_04:08:01,8073.0,11855.0,42095.0,13336.0,16051.0,41666.0
2025-07-19_04:08:02,,,,13794.0,16051.0,41666.0
2025-07-19_04:08:05,3375.0,11855.0,42095.0,12163.0,16051.0,41666.0
2025-07-19_04:08:06,9874.0,11855.0,42095.0,14056.0,16051.0,41666.0
2025-07-19_04:08:06,9760.0,11855.0,42095.0,14047.0,16051.0,41666.0
2025-07-19_04:08:06,9700.0,11855.0,42095.0,13935.0,16051.0,41666.0
2025-07-19_04:08:06,8086.0,11855.0,42095.0,13259.0,16051.0,41666.0
2025-07-19_04:08:06,10062.0,11855.0,42095.0,14336.0,16051.0,41666.0
2025-07-19_04:08:07,8087.0,11855.0,42095.0,13082.0,16051.0,41666.0
2025-07-19_04:08:07,9841.0,11855.0,42095.0,14314.0,16051.0,41682.0
2025-07-19_04:08:07,8525.0,11855.0,42095.0,13800.0,16051.0,41682.0
2025-07-19_04:08:07,8548.0,11855.0,42095.0,13622.0,16051.0,41682.0
2025-07-19_04:08:08,8072.0,11855.0,42095.0,13045.0,16051.0,41682.0
2025-07-19_04:08:08,8070.0,11855.0,42098.0,13254.0,16051.0,41682.0
2025-07-19_04:08:08,8637.0,11855.0,42098.0,14087.0,16051.0,41682.0
2025-07-19_04:08:08,,,,13279.0,16051.0,41682.0
2025-07-19_04:08:12,2778.0,11855.0,42098.0,12193.0,16051.0,41682.0
2025-07-19_04:08:12,9564.0,11855.0,42100.0,14222.0,16051.0,41682.0
2025-07-19_04:08:13,8076.0,11855.0,42100.0,13235.0,16051.0,41682.0
2025-07-19_04:08:13,8607.0,11855.0,42103.0,14091.0,16051.0,41682.0
2025-07-19_04:08:13,,,,14289.0,16051.0,41704.0
2025-07-19_04:08:17,2778.0,11855.0,42103.0,12161.0,16051.0,41704.0
2025-07-19_04:08:17,9792.0,11855.0,42103.0,14010.0,16051.0,41704.0
2025-07-19_04:08:17,,,,,,
2025-07-19_04:08:21,6967.0,11855.0,42110.0,3787.0,16051.0,41704.0
2025-07-19_04:08:21,,,,13784.0,16051.0,41704.0
2025-07-19_04:08:25,3319.0,11855.0,42110.0,12189.0,16051.0,41704.0
2025-07-19_04:08:25,8050.0,11855.0,42110.0,13240.0,16051.0,41704.0
2025-07-19_04:08:26,9980.0,11855.0,42110.0,14425.0,16051.0,41704.0
2025-07-19_04:08:26,8538.0,11855.0,42110.0,14130.0,16051.0,41704.0
2025-07-19_04:08:26,9602.0,11855.0,42110.0,13985.0,16051.0,41704.0
2025-07-19_04:08:26,,,,13093.0,16051.0,41704.0
2025-07-19_04:08:30,2778.0,11855.0,42110.0,12162.0,16051.0,41704.0
2025-07-19_04:08:30,8499.0,11855.0,42110.0,13819.0,16051.0,41704.0
2025-07-19_04:08:31,,,,13051.0,16051.0,41704.0
2025-07-19_04:08:34,2778.0,11855.0,42110.0,12187.0,16051.0,41704.0
2025-07-19_04:08:35,8622.0,11855.0,42110.0,13975.0,16051.0,41704.0
2025-07-19_04:08:35,9725.0,11855.0,42110.0,13978.0,16051.0,41704.0
2025-07-19_04:08:35,8071.0,11855.0,42110.0,13265.0,16051.0,41704.0
2025-07-19_04:08:35,8529.0,11855.0,42110.0,13834.0,16051.0,41704.0
2025-07-19_04:08:36,8533.0,11855.0,42110.0,13587.0,16051.0,41704.0
2025-07-19_04:08:36,9991.0,11855.0,42110.0,14019.0,16051.0,41704.0
2025-07-19_04:08:36,10010.0,11855.0,42110.0,14505.0,16051.0,41704.0
2025-07-19_04:08:36,9903.0,11855.0,42110.0,14113.0,16051.0,41704.0
2025-07-19_04:08:36,8078.0,11855.0,42110.0,13344.0,16051.0,41704.0
2025-07-19_04:08:37,8608.0,11855.0,42110.0,14094.0,16051.0,41704.0
2025-07-19_04:08:37,8034.0,11855.0,42132.0,13257.0,16051.0,41706.0
2025-07-19_04:08:37,,,,14248.0,16051.0,41706.0
2025-07-19_04:08:41,3319.0,11855.0,42132.0,12185.0,16051.0,41706.0
2025-07-19_04:08:41,8049.0,11855.0,42132.0,13045.0,16051.0,41706.0
2025-07-19_04:08:41,8530.0,11855.0,42132.0,13265.0,16051.0,41706.0
2025-07-19_04:08:42,9688.0,11855.0,42132.0,14071.0,16051.0,41706.0
2025-07-19_04:08:42,8090.0,11855.0,42132.0,13238.0,16051.0,41706.0
2025-07-19_04:08:42,8045.0,11856.0,42133.0,12866.0,16051.0,41706.0
2025-07-19_04:08:42,8064.0,11856.0,42133.0,13091.0,16051.0,41706.0
2025-07-19_04:08:42,8057.0,11856.0,42133.0,13268.0,16051.0,41706.0
2025-07-19_04:08:43,8070.0,11856.0,42133.0,13079.0,16051.0,41706.0
2025-07-19_04:08:43,,,,14847.0,16051.0,41706.0
2025-07-19_04:08:47,3358.0,11856.0,42133.0,12194.0,16051.0,41706.0
2025-07-19_04:08:47,,,,,,
2025-07-19_04:08:51,6964.0,11856.0,42133.0,3794.0,16051.0,41706.0
2025-07-19_04:08:51,8528.0,11856.0,42133.0,14063.0,16051.0,41706.0
2025-07-19_04:08:51,8087.0,11856.0,42133.0,13342.0,16051.0,41706.0
2025-07-19_04:08:51,8085.0,11856.0,42136.0,13046.0,16051.0,41706.0
2025-07-19_04:08:52,8666.0,11856.0,42136.0,14102.0,16051.0,41706.0
2025-07-19_04:08:52,8013.0,11856.0,42136.0,13236.0,16051.0,41706.0
2025-07-19_04:08:52,9776.0,11856.0,42136.0,13846.0,16051.0,41706.0
2025-07-19_04:08:52,10110.0,11856.0,42138.0,14066.0,16051.0,41706.0
2025-07-19_04:08:52,8533.0,11856.0,42138.0,13086.0,16051.0,41706.0
2025-07-19_04:08:53,8647.0,11856.0,42138.0,13812.0,16051.0,41706.0
2025-07-19_04:08:53,7945.0,11856.0,42138.0,13071.0,16051.0,41706.0
2025-07-19_04:08:53,9672.0,11856.0,42138.0,13994.0,16051.0,41706.0
2025-07-19_04:08:53,9143.0,11856.0,42138.0,14039.0,16051.0,41706.0
2025-07-19_04:08:54,8531.0,11856.0,42138.0,13894.0,16051.0,41730.0
2025-07-19_04:08:54,,,,,,
2025-07-19_04:08:58,6967.0,11856.0,42138.0,3794.0,16051.0,41730.0
2025-07-19_04:08:58,9933.0,11856.0,42139.0,14293.0,16051.0,41730.0
2025-07-19_04:08:58,7987.0,11856.0,42139.0,13084.0,16051.0,41730.0
2025-07-19_04:08:58,8135.0,11856.0,42139.0,13092.0,16051.0,41730.0
2025-07-19_04:08:58,,,,,,
2025-07-19_04:09:02,6967.0,11856.0,42139.0,3793.0,16051.0,41730.0
2025-07-19_04:09:02,8507.0,11856.0,42139.0,13828.0,16051.0,41730.0
2025-07-19_04:09:03,8083.0,11856.0,42139.0,13080.0,16051.0,41730.0
2025-07-19_04:09:03,8071.0,11856.0,42139.0,13227.0,16051.0,41730.0
2025-07-19_04:09:03,,,,,,
2025-07-19_04:09:07,6967.0,11856.0,42139.0,3786.0,16051.0,41730.0
2025-07-19_04:09:07,8528.0,11856.0,42139.0,13852.0,16051.0,41730.0
2025-07-19_04:09:07,,,,,,
2025-07-19_04:09:12,3356.0,11856.0,42139.0,4595.0,16051.0,41730.0
2025-07-19_04:09:12,8586.0,11856.0,42139.0,13433.0,16051.0,41730.0
2025-07-19_04:09:12,8082.0,11856.0,42139.0,12797.0,16051.0,41730.0
2025-07-19_04:09:12,,,,,,
2025-07-19_04:09:17,2778.0,11856.0,42139.0,3776.0,16051.0,41730.0
2025-07-19_04:09:17,8588.0,11856.0,42139.0,14091.0,16051.0,41730.0
2025-07-19_04:09:17,,,,,,
2025-07-19_04:09:21,6962.0,11856.0,42139.0,3793.0,16051.0,41730.0
2025-07-19_04:09:21,8530.0,11856.0,42139.0,13266.0,16051.0,41730.0
2025-07-19_04:09:22,9333.0,11856.0,42139.0,14220.0,16051.0,41730.0
2025-07-19_04:09:22,8544.0,11856.0,42140.0,13834.0,16051.0,41730.0
2025-07-19_04:09:22,,,,14269.0,16051.0,41730.0
2025-07-19_04:09:26,2778.0,11856.0,42140.0,12168.0,16051.0,41730.0
2025-07-19_04:09:26,,,,14043.0,16051.0,41730.0
2025-07-19_04:09:30,3375.0,11856.0,42140.0,12196.0,16051.0,41730.0
2025-07-19_04:09:30,9443.0,11856.0,42140.0,14206.0,16051.0,41730.0
2025-07-19_04:09:30,8617.0,11856.0,42142.0,13901.0,16051.0,41730.0
2025-07-19_04:09:30,10455.0,11856.0,42142.0,14052.0,16051.0,41730.0
2025-07-19_04:09:31,9855.0,11856.0,42146.0,14232.0,16051.0,41730.0
2025-07-19_04:09:31,9899.0,11856.0,42146.0,13962.0,16051.0,41730.0
2025-07-19_04:09:31,8538.0,11856.0,42146.0,13983.0,16051.0,41730.0
2025-07-19_04:09:31,8028.0,11856.0,42146.0,13229.0,16051.0,41730.0
2025-07-19_04:09:32,9027.0,11856.0,42146.0,13847.0,16051.0,41730.0
2025-07-19_04:09:32,8558.0,11856.0,42146.0,14102.0,16051.0,41730.0
2025-07-19_04:09:32,,,,13927.0,16051.0,41730.0
2025-07-19_04:09:36,3302.0,11856.0,42146.0,12176.0,16051.0,41730.0
2025-07-19_04:09:36,8635.0,11856.0,42146.0,14094.0,16051.0,41730.0
2025-07-19_04:09:36,8564.0,11856.0,42146.0,14092.0,16051.0,41730.0
2025-07-19_04:09:36,9810.0,11856.0,42147.0,14016.0,16051.0,41730.0
2025-07-19_04:09:37,9212.0,11856.0,42147.0,13977.0,16051.0,41730.0
2025-07-19_04:09:37,8085.0,11856.0,42147.0,13255.0,16051.0,41730.0
2025-07-19_04:09:37,9742.0,11856.0,42147.0,13976.0,16051.0,41730.0
2025-07-19_04:09:37,9678.0,11856.0,42147.0,13955.0,16051.0,41730.0
2025-07-19_04:09:37,8333.0,11856.0,42147.0,13143.0,16051.0,41730.0
2025-07-19_04:09:38,,,,14110.0,16051.0,41737.0
2025-07-19_04:09:41,3377.0,11856.0,42147.0,12183.0,16051.0,41737.0
2025-07-19_04:09:42,9762.0,11856.0,42147.0,14041.0,16051.0,41737.0
2025-07-19_04:09:42,8051.0,11856.0,42147.0,13234.0,16051.0,41737.0
2025-07-19_04:09:42,9838.0,11856.0,42147.0,14578.0,16051.0,41737.0
2025-07-19_04:09:42,8538.0,11856.0,42147.0,13807.0,16051.0,41737.0
2025-07-19_04:09:43,8627.0,11856.0,42147.0,14382.0,16051.0,41737.0
2025-07-19_04:09:43,9761.0,11856.0,42147.0,14274.0,16051.0,41737.0
2025-07-19_04:09:43,,,,,,
2025-07-19_04:09:47,6965.0,11856.0,42147.0,3786.0,16051.0,41737.0
2025-07-19_04:09:47,9760.0,11856.0,42147.0,14258.0,16051.0,41737.0
2025-07-19_04:09:47,8555.0,11856.0,42147.0,13897.0,16051.0,41737.0
2025-07-19_04:09:47,8584.0,11856.0,42147.0,14055.0,16051.0,41737.0
2025-07-19_04:09:48,8081.0,11856.0,42147.0,13053.0,16051.0,41737.0
2025-07-19_04:09:48,9883.0,11856.0,42147.0,13765.0,16051.0,41737.0
2025-07-19_04:09:48,8884.0,11856.0,42147.0,13774.0,16051.0,41737.0
2025-07-19_04:09:48,9790.0,11856.0,42147.0,14087.0,16051.0,41737.0
2025-07-19_04:09:49,,,,13045.0,16051.0,41737.0
2025-07-19_04:09:52,2778.0,11856.0,42147.0,12199.0,16051.0,41737.0
2025-07-19_04:09:53,9984.0,11856.0,42147.0,14192.0,16051.0,41737.0
2025-07-19_04:09:53,9996.0,11856.0,42148.0,13999.0,16051.0,41737.0
2025-07-19_04:09:53,8557.0,11856.0,42148.0,13748.0,16051.0,41737.0
2025-07-19_04:09:53,8495.0,11856.0,42148.0,14073.0,16051.0,41737.0
2025-07-19_04:09:53,,,,13865.0,16051.0,41737.0
2025-07-19_04:09:57,2778.0,11856.0,42148.0,12188.0,16051.0,41737.0
2025-07-19_04:09:58,8602.0,11856.0,42148.0,14298.0,16051.0,41737.0
2025-07-19_04:09:58,8524.0,11856.0,42148.0,13816.0,16051.0,41737.0
2025-07-19_04:09:58,9686.0,11856.0,42149.0,13967.0,16051.0,41737.0
2025-07-19_04:09:58,9904.0,11856.0,42149.0,14259.0,16051.0,41737.0
2025-07-19_04:09:59,8584.0,11856.0,42149.0,14097.0,16051.0,41737.0
2025-07-19_04:09:59,,,,14039.0,16051.0,41737.0
2025-07-19_04:10:02,3377.0,11856.0,42149.0,12184.0,16051.0,41737.0
2025-07-19_04:10:03,9172.0,11856.0,42149.0,13781.0,16051.0,41737.0
2025-07-19_04:10:03,8090.0,11856.0,42149.0,13312.0,16051.0,41737.0
2025-07-19_04:10:03,9787.0,11856.0,42149.0,14054.0,16051.0,41737.0
2025-07-19_04:10:03,,,,,,
2025-07-19_04:10:07,6972.0,11856.0,42150.0,3789.0,16051.0,41737.0
2025-07-19_04:10:07,8604.0,11856.0,42150.0,14186.0,16051.0,41737.0
2025-07-19_04:10:08,8526.0,11856.0,42150.0,13055.0,16051.0,41737.0
2025-07-19_04:10:08,10025.0,11856.0,42150.0,14038.0,16051.0,41737.0
2025-07-19_04:10:08,10095.0,11856.0,42151.0,14138.0,16051.0,41744.0
2025-07-19_04:10:08,9718.0,11856.0,42151.0,14044.0,16051.0,41744.0
2025-07-19_04:10:08,9866.0,11856.0,42151.0,13984.0,16051.0,41744.0
2025-07-19_04:10:09,9866.0,11856.0,42151.0,14197.0,16051.0,41744.0
2025-07-19_04:10:09,9756.0,11856.0,42151.0,14007.0,16051.0,41744.0
2025-07-19_04:10:09,9972.0,11856.0,42151.0,14192.0,16051.0,41744.0
2025-07-19_04:10:09,10024.0,11856.0,42151.0,14005.0,16051.0,41744.0
2025-07-19_04:10:10,8540.0,11856.0,42152.0,13849.0,16051.0,41744.0
2025-07-19_04:10:10,10169.0,11856.0,42159.0,14028.0,16051.0,41744.0
2025-07-19_04:10:10,,,,14079.0,16051.0,41744.0
2025-07-19_04:10:14,3319.0,11856.0,42159.0,12184.0,16051.0,41744.0
2025-07-19_04:10:14,,,,14091.0,16051.0,41744.0
2025-07-19_04:10:18,3319.0,11856.0,42159.0,12160.0,16051.0,41744.0
2025-07-19_04:10:18,,,,,,
2025-07-19_04:10:22,6966.0,11856.0,42159.0,3794.0,16051.0,41744.0
2025-07-19_04:10:22,8605.0,11856.0,42159.0,13395.0,16051.0,41744.0
2025-07-19_04:10:23,2780.0,11856.0,42159.0,12197.0,16051.0,41744.0
2025-07-19_04:10:23,9856.0,11856.0,42159.0,14208.0,16051.0,41744.0
2025-07-19_04:10:23,,,,,,
2025-07-19_04:10:28,2778.0,11856.0,42159.0,3776.0,16051.0,41744.0
2025-07-19_04:10:28,9935.0,11856.0,42159.0,14060.0,16051.0,41746.0
2025-07-19_04:10:28,9649.0,11856.0,42159.0,13976.0,16051.0,41746.0
2025-07-19_04:10:29,2778.0,11856.0,42159.0,12160.0,16051.0,41746.0
2025-07-19_04:10:29,8064.0,11856.0,42159.0,13314.0,16051.0,41746.0
2025-07-19_04:10:29,8066.0,11856.0,42159.0,13053.0,16051.0,41746.0
2025-07-19_04:10:30,8056.0,11856.0,42159.0,13045.0,16051.0,41746.0
2025-07-19_04:10:30,8544.0,11856.0,42159.0,13271.0,16051.0,41746.0
2025-07-19_04:10:30,8030.0,11856.0,42159.0,13092.0,16051.0,41746.0
2025-07-19_04:10:30,8518.0,11856.0,42159.0,13081.0,16051.0,41746.0
2025-07-19_04:10:30,,,,13980.0,16051.0,41746.0
2025-07-19_04:10:34,3319.0,11856.0,42159.0,12187.0,16051.0,41746.0
2025-07-19_04:10:34,8527.0,11856.0,42161.0,13837.0,16051.0,41746.0
2025-07-19_04:10:35,10212.0,11856.0,42161.0,14305.0,16051.0,41746.0
2025-07-19_04:10:35,,,,14214.0,16051.0,41746.0
2025-07-19_04:10:39,3358.0,11856.0,42161.0,12188.0,16051.0,41746.0
2025-07-19_04:10:39,9841.0,11856.0,42162.0,13788.0,16051.0,41746.0
2025-07-19_04:10:39,9796.0,11856.0,42162.0,14226.0,16051.0,41746.0
2025-07-19_04:10:39,,,,14265.0,16051.0,41746.0
2025-07-19_04:10:43,3373.0,11856.0,42162.0,12184.0,16051.0,41746.0
2025-07-19_04:10:43,,,,13785.0,16051.0,41746.0
2025-07-19_04:10:47,3302.0,11856.0,42162.0,12196.0,16051.0,41746.0
2025-07-19_04:10:47,8526.0,11856.0,42162.0,13910.0,16051.0,41746.0
2025-07-19_04:10:47,8539.0,11856.0,42163.0,13655.0,16051.0,41746.0
2025-07-19_04:10:47,,,,14091.0,16051.0,41746.0
2025-07-19_04:10:51,2778.0,11856.0,42163.0,12190.0,16051.0,41746.0
2025-07-19_04:10:52,9011.0,11856.0,42194.0,13978.0,16051.0,41746.0
2025-07-19_04:10:52,8084.0,11856.0,42194.0,13049.0,16051.0,41746.0
2025-07-19_04:10:52,8601.0,11856.0,42194.0,14177.0,16051.0,41746.0
2025-07-19_04:10:52,9823.0,11856.0,42194.0,14307.0,16051.0,41746.0
2025-07-19_04:10:52,10258.0,11856.0,42196.0,14125.0,16051.0,41747.0
2025-07-19_04:10:53,10009.0,11856.0,42196.0,14024.0,16051.0,41747.0
2025-07-19_04:10:53,10252.0,11856.0,42198.0,14300.0,16051.0,41747.0
2025-07-19_04:10:53,9758.0,11856.0,42198.0,14217.0,16051.0,41747.0
2025-07-19_04:10:53,9831.0,11856.0,42198.0,14363.0,16051.0,41747.0
2025-07-19_04:10:54,,,,,,
2025-07-19_04:10:57,6965.0,11856.0,42198.0,3793.0,16051.0,41747.0
2025-07-19_04:10:58,,,,13618.0,16051.0,41747.0
2025-07-19_04:11:01,3319.0,11856.0,42198.0,12184.0,16051.0,41747.0
2025-07-19_04:11:02,8654.0,11856.0,42198.0,14207.0,16051.0,41747.0
2025-07-19_04:11:02,9331.0,11856.0,42198.0,14198.0,16051.0,41747.0
2025-07-19_04:11:02,8526.0,11856.0,42198.0,14022.0,16051.0,41747.0
2025-07-19_04:11:02,9759.0,11856.0,42198.0,14133.0,16051.0,41747.0
2025-07-19_04:11:02,,,,14369.0,16051.0,41747.0
2025-07-19_04:11:06,3375.0,11856.0,42198.0,12161.0,16051.0,41747.0
2025-07-19_04:11:06,,,,,,
2025-07-19_04:11:10,6965.0,11856.0,42198.0,3793.0,16051.0,41747.0
2025-07-19_04:11:10,9867.0,11856.0,42198.0,13984.0,16051.0,41747.0
2025-07-19_04:11:11,,,,14316.0,16051.0,41747.0
2025-07-19_04:11:14,3375.0,11856.0,42198.0,12156.0,16051.0,41747.0
2025-07-19_04:11:15,8603.0,11856.0,42198.0,14040.0,16051.0,41747.0
2025-07-19_04:11:15,10214.0,11856.0,42198.0,14575.0,16051.0,41747.0
2025-07-19_04:11:15,9809.0,11856.0,42198.0,14353.0,16051.0,41747.0
2025-07-19_04:11:15,,,,14060.0,16051.0,41747.0
2025-07-19_04:11:19,3358.0,11856.0,42198.0,12167.0,16051.0,41747.0
2025-07-19_04:11:19,,,,14127.0,16051.0,41747.0
2025-07-19_04:11:23,3358.0,11856.0,42198.0,12142.0,16051.0,41747.0
2025-07-19_04:11:23,8521.0,11856.0,42198.0,13803.0,16051.0,41747.0
2025-07-19_04:11:23,8060.0,11856.0,42198.0,13082.0,16051.0,41747.0
2025-07-19_04:11:23,10108.0,11856.0,42198.0,14035.0,16051.0,41747.0
2025-07-19_04:11:24,9957.0,11856.0,42198.0,14347.0,16051.0,41747.0
2025-07-19_04:11:24,9759.0,11856.0,42198.0,14378.0,16051.0,41747.0
2025-07-19_04:11:24,,,,,,
2025-07-19_04:11:28,6964.0,11856.0,42198.0,3792.0,16051.0,41747.0
2025-07-19_04:11:28,10064.0,11856.0,42198.0,14383.0,16051.0,41747.0
2025-07-19_04:11:28,,,,14021.0,16051.0,41747.0
2025-07-19_04:11:32,3319.0,11856.0,42198.0,12160.0,16051.0,41747.0
2025-07-19_04:11:32,,,,14055.0,16051.0,41747.0
2025-07-19_04:11:36,3358.0,11856.0,42198.0,12205.0,16051.0,41747.0
2025-07-19_04:11:36,10126.0,11856.0,42198.0,14031.0,16051.0,41747.0
2025-07-19_04:11:36,8969.0,11856.0,42198.0,13835.0,16051.0,41747.0
2025-07-19_04:11:37,8521.0,11856.0,42198.0,13336.0,16051.0,41747.0
2025-07-19_04:11:37,9720.0,11856.0,42198.0,14224.0,16051.0,41749.0
2025-07-19_04:11:37,9845.0,11856.0,42198.0,13979.0,16051.0,41749.0
2025-07-19_04:11:37,10304.0,11856.0,42201.0,14366.0,16051.0,41749.0
2025-07-19_04:11:38,9671.0,11856.0,42201.0,13951.0,16051.0,41749.0
2025-07-19_04:11:38,8530.0,11856.0,42201.0,13794.0,16051.0,41749.0
2025-07-19_04:11:38,,,,14497.0,16051.0,41749.0
2025-07-19_04:11:42,3319.0,11856.0,42201.0,12138.0,16051.0,41749.0
2025-07-19_04:11:42,9912.0,11856.0,42208.0,13870.0,16051.0,41751.0
2025-07-19_04:11:42,9142.0,11856.0,42208.0,14018.0,16051.0,41751.0
2025-07-19_04:11:42,9202.0,11856.0,42208.0,13673.0,16051.0,41751.0
2025-07-19_04:11:43,10211.0,11856.0,42208.0,14315.0,16051.0,41751.0
2025-07-19_04:11:43,8548.0,11856.0,42208.0,14104.0,16051.0,41751.0
2025-07-19_04:11:43,,,,14284.0,16051.0,41751.0
2025-07-19_04:11:47,3377.0,11856.0,42208.0,12184.0,16051.0,41751.0
2025-07-19_04:11:47,10088.0,11856.0,42208.0,14537.0,16051.0,41751.0
2025-07-19_04:11:47,10065.0,11856.0,42208.0,14502.0,16051.0,41751.0
2025-07-19_04:11:47,10983.0,11856.0,42213.0,15081.0,16051.0,41871.0
2025-07-19_04:11:48,9750.0,11856.0,42213.0,14007.0,16051.0,41871.0
2025-07-19_04:11:48,9669.0,11856.0,42213.0,13736.0,16051.0,41871.0
2025-07-19_04:11:48,8550.0,11856.0,42213.0,13794.0,16051.0,41871.0
2025-07-19_04:11:48,8662.0,11856.0,42213.0,14100.0,16051.0,41871.0
2025-07-19_04:11:49,9976.0,11856.0,42213.0,14024.0,16051.0,41871.0
2025-07-19_04:11:49,9251.0,11856.0,42213.0,14385.0,16051.0,41871.0
2025-07-19_04:11:49,8530.0,11856.0,42213.0,13900.0,16051.0,41871.0
2025-07-19_04:11:49,8625.0,11856.0,42217.0,14081.0,16051.0,41871.0
2025-07-19_04:11:49,,,,,,
2025-07-19_04:11:53,6964.0,11856.0,42217.0,3792.0,16051.0,41871.0
2025-07-19_04:11:53,8657.0,11856.0,42217.0,14161.0,16051.0,41871.0
2025-07-19_04:11:54,10068.0,11856.0,42217.0,14284.0,16051.0,41871.0
2025-07-19_04:11:54,9783.0,11856.0,42217.0,14285.0,16051.0,41871.0
2025-07-19_04:11:54,8585.0,11856.0,42217.0,14082.0,16051.0,41871.0
2025-07-19_04:11:54,8661.0,11856.0,42217.0,14091.0,16051.0,41871.0
2025-07-19_04:11:55,,,,,,
2025-07-19_04:11:58,6965.0,11856.0,42217.0,3794.0,16051.0,41871.0
2025-07-19_04:11:59,,,,,,
2025-07-19_04:12:02,6964.0,11856.0,42217.0,3787.0,16051.0,41871.0
2025-07-19_04:12:03,8516.0,11856.0,42217.0,13896.0,16051.0,41871.0
2025-07-19_04:12:03,8630.0,11856.0,42217.0,14110.0,16051.0,41871.0
2025-07-19_04:12:03,9808.0,11856.0,42217.0,14572.0,16051.0,41871.0
2025-07-19_04:12:03,9840.0,11856.0,42217.0,14044.0,16051.0,41874.0
2025-07-19_04:12:03,8064.0,11856.0,42217.0,13075.0,16051.0,41874.0
2025-07-19_04:12:04,9910.0,11856.0,42217.0,14042.0,16051.0,41874.0
2025-07-19_04:12:04,8545.0,11856.0,42217.0,13840.0,16051.0,41874.0
2025-07-19_04:12:04,10199.0,11856.0,42217.0,14571.0,16051.0,41874.0
2025-07-19_04:12:04,,,,,,
2025-07-19_04:12:08,6965.0,11856.0,42217.0,3792.0,16051.0,41874.0
2025-07-19_04:12:08,9832.0,11856.0,42219.0,14077.0,16051.0,41874.0
2025-07-19_04:12:09,9990.0,11856.0,42219.0,14142.0,16051.0,41874.0
2025-07-19_04:12:09,,,,13615.0,16051.0,41874.0
2025-07-19_04:12:12,3302.0,11856.0,42219.0,12181.0,16051.0,41874.0
2025-07-19_04:12:13,,,,,,
2025-07-19_04:12:16,6955.0,11856.0,42219.0,3792.0,16051.0,41874.0
2025-07-19_04:12:17,,,,,,
2025-07-19_04:12:20,6966.0,11856.0,42219.0,3792.0,16051.0,41874.0
2025-07-19_04:12:21,8892.0,11856.0,42219.0,13785.0,16051.0,41874.0
2025-07-19_04:12:21,10019.0,11856.0,42219.0,13820.0,16051.0,41874.0
2025-07-19_04:12:21,,,,14041.0,16051.0,41874.0
2025-07-19_04:12:25,3375.0,11856.0,42219.0,12155.0,16051.0,41874.0
2025-07-19_04:12:25,,,,,,
2025-07-19_04:12:29,6968.0,11856.0,42219.0,3795.0,16051.0,41874.0
2025-07-19_04:12:29,8523.0,11856.0,42226.0,13275.0,16051.0,41874.0
2025-07-19_04:12:29,10191.0,11856.0,42226.0,14325.0,16051.0,41874.0
2025-07-19_04:12:29,,,,14311.0,16051.0,41874.0
2025-07-19_04:12:33,3375.0,11856.0,42226.0,12190.0,16051.0,41874.0
2025-07-19_04:12:33,10145.0,11856.0,42226.0,14035.0,16051.0,41874.0
2025-07-19_04:12:34,9310.0,11856.0,42237.0,13890.0,16051.0,41874.0
2025-07-19_04:12:34,9443.0,11856.0,42237.0,13986.0,16051.0,41874.0
2025-07-19_04:12:34,8131.0,11856.0,42237.0,13301.0,16051.0,41874.0
2025-07-19_04:12:34,9606.0,11856.0,42237.0,13987.0,16051.0,41874.0
2025-07-19_04:12:34,,,,,,
2025-07-19_04:12:38,6967.0,11856.0,42237.0,3793.0,16051.0,41874.0
2025-07-19_04:12:38,10006.0,11856.0,42237.0,14588.0,16051.0,41874.0
2025-07-19_04:12:39,8530.0,11856.0,42237.0,14025.0,16051.0,41874.0
2025-07-19_04:12:39,8682.0,11856.0,42237.0,14113.0,16051.0,41874.0
2025-07-19_04:12:39,,,,,,
2025-07-19_04:12:43,6967.0,11856.0,42237.0,3793.0,16051.0,41874.0
2025-07-19_04:12:44,2778.0,11856.0,42237.0,12178.0,16051.0,41874.0
2025-07-19_04:12:44,8103.0,11856.0,42237.0,13235.0,16051.0,41874.0
2025-07-19_04:12:44,9990.0,11856.0,42237.0,14287.0,16051.0,41874.0
2025-07-19_04:12:44,9989.0,11856.0,42237.0,14379.0,16051.0,41874.0
2025-07-19_04:12:45,8745.0,11856.0,42237.0,14089.0,16051.0,41874.0
2025-07-19_04:12:45,9436.0,11856.0,42237.0,14020.0,16051.0,41874.0
2025-07-19_04:12:45,8898.0,11856.0,42237.0,13776.0,16051.0,41874.0
2025-07-19_04:12:45,9685.0,11856.0,42237.0,14179.0,16051.0,41874.0
2025-07-19_04:12:46,,,,,,
2025-07-19_04:12:49,6963.0,11856.0,42237.0,3793.0,16051.0,41874.0
2025-07-19_04:12:50,9484.0,11856.0,42237.0,13962.0,16051.0,41874.0
2025-07-19_04:12:50,9827.0,11856.0,42237.0,13971.0,16051.0,41874.0
2025-07-19_04:12:50,9528.0,11856.0,42237.0,13990.0,16051.0,41874.0
2025-07-19_04:12:50,9787.0,11856.0,42237.0,14024.0,16051.0,41874.0
2025-07-19_04:12:50,,,,14053.0,16051.0,41874.0
2025-07-19_04:12:54,2778.0,11856.0,42237.0,12190.0,16051.0,41874.0
2025-07-19_04:12:55,9864.0,11856.0,42237.0,14311.0,16051.0,41874.0
2025-07-19_04:12:55,8599.0,11856.0,42237.0,14246.0,16051.0,41874.0
2025-07-19_04:12:55,9831.0,11856.0,42237.0,14231.0,16051.0,41874.0
2025-07-19_04:12:55,9499.0,11856.0,42237.0,14009.0,16051.0,41874.0
2025-07-19_04:12:55,9704.0,11856.0,42237.0,14066.0,16051.0,41874.0
2025-07-19_04:12:56,9667.0,11856.0,42237.0,14176.0,16051.0,41874.0
2025-07-19_04:12:56,9604.0,11856.0,42237.0,14229.0,16051.0,41874.0
2025-07-19_04:12:56,8526.0,11856.0,42237.0,13758.0,16051.0,41874.0
2025-07-19_04:12:56,,,,,,
2025-07-19_04:13:00,6964.0,11856.0,42237.0,3793.0,16051.0,41874.0
2025-07-19_04:13:00,9677.0,11856.0,42237.0,13983.0,16051.0,41874.0
2025-07-19_04:13:01,9821.0,11856.0,42237.0,14218.0,16051.0,41875.0
2025-07-19_04:13:01,9491.0,11856.0,42237.0,13900.0,16051.0,41875.0
2025-07-19_04:13:01,9565.0,11856.0,42237.0,14182.0,16051.0,41875.0
2025-07-19_04:13:01,9262.0,11856.0,42237.0,13748.0,16051.0,41875.0
2025-07-19_04:13:01,10257.0,11856.0,42244.0,14578.0,16051.0,41875.0
2025-07-19_04:13:02,8529.0,11856.0,42244.0,13896.0,16051.0,41875.0
2025-07-19_04:13:02,9589.0,11856.0,42244.0,14471.0,16051.0,41875.0
2025-07-19_04:13:02,,,,,,
2025-07-19_04:13:06,6965.0,11856.0,42244.0,3792.0,16051.0,41875.0
2025-07-19_04:13:06,9000.0,11856.0,42245.0,14000.0,16051.0,41875.0
2025-07-19_04:13:06,9879.0,11856.0,42245.0,14140.0,16051.0,41875.0
2025-07-19_04:13:07,,,,14222.0,16051.0,41875.0
2025-07-19_04:13:10,3375.0,11856.0,42245.0,12188.0,16051.0,41875.0
2025-07-19_04:13:11,,,,14208.0,16051.0,41875.0
2025-07-19_04:13:14,3377.0,11856.0,42245.0,12187.0,16051.0,41875.0
2025-07-19_04:13:14,8655.0,11856.0,42245.0,14210.0,16051.0,41875.0
2025-07-19_04:13:15,,,,,,
2025-07-19_04:13:18,6968.0,11856.0,42245.0,3792.0,16051.0,41875.0
2025-07-19_04:13:19,9840.0,11856.0,42246.0,14221.0,16051.0,41875.0
2025-07-19_04:13:19,9652.0,11856.0,42246.0,14116.0,16051.0,41875.0
2025-07-19_04:13:19,9689.0,11856.0,42246.0,14243.0,16051.0,41875.0
2025-07-19_04:13:19,9766.0,11856.0,42246.0,14037.0,16051.0,41875.0
2025-07-19_04:13:20,8603.0,11856.0,42246.0,14087.0,16051.0,41875.0
2025-07-19_04:13:20,9664.0,11856.0,42246.0,14129.0,16051.0,41875.0
2025-07-19_04:13:20,,,,13972.0,16051.0,41875.0
2025-07-19_04:13:24,3317.0,11856.0,42246.0,12178.0,16051.0,41875.0
2025-07-19_04:13:24,9284.0,11856.0,42246.0,13994.0,16051.0,41875.0
2025-07-19_04:13:24,9469.0,11856.0,42246.0,14102.0,16051.0,41875.0
2025-07-19_04:13:24,9807.0,11856.0,42246.0,14019.0,16051.0,41875.0
2025-07-19_04:13:25,,,,,,
2025-07-19_04:13:29,2778.0,11856.0,42246.0,3776.0,16051.0,41875.0
2025-07-19_04:13:29,8600.0,11856.0,42246.0,13834.0,16051.0,41875.0
2025-07-19_04:13:30,9921.0,11856.0,42246.0,14545.0,16051.0,41875.0
2025-07-19_04:13:30,,,,13827.0,16051.0,41875.0
2025-07-19_04:13:33,3375.0,11856.0,42246.0,12184.0,16051.0,41875.0
2025-07-19_04:13:34,9483.0,11856.0,42246.0,14386.0,16051.0,41875.0
2025-07-19_04:13:34,10262.0,11856.0,42246.0,14405.0,16051.0,41875.0
2025-07-19_04:13:34,10182.0,11856.0,42246.0,14275.0,16051.0,41875.0
2025-07-19_04:13:34,,,,,,
2025-07-19_04:13:38,6963.0,11856.0,42246.0,3793.0,16051.0,41875.0
2025-07-19_04:13:38,,,,,,
2025-07-19_04:13:43,2778.0,11856.0,42246.0,3776.0,16051.0,41875.0
2025-07-19_04:13:43,9868.0,11856.0,42246.0,14126.0,16051.0,41880.0
2025-07-19_04:13:43,,,,13965.0,16051.0,41880.0
2025-07-19_04:13:47,3319.0,11856.0,42246.0,12182.0,16051.0,41880.0
2025-07-19_04:13:47,,,,,,
2025-07-19_04:13:51,6966.0,11856.0,42246.0,3793.0,16051.0,41880.0
2025-07-19_04:13:51,,,,14213.0,16051.0,41880.0
2025-07-19_04:13:55,3375.0,11856.0,42246.0,12191.0,16051.0,41880.0
2025-07-19_04:13:55,,,,,,
2025-07-19_04:13:59,6968.0,11856.0,42246.0,3793.0,16051.0,41880.0
2025-07-19_04:13:59,,,,,,
2025-07-19_04:14:03,6967.0,11856.0,42246.0,3792.0,16051.0,41880.0
2025-07-19_04:14:03,9661.0,11856.0,42246.0,14051.0,16051.0,41880.0
2025-07-19_04:14:03,,,,13782.0,16051.0,41880.0
2025-07-19_04:14:07,3302.0,11856.0,42246.0,12172.0,16051.0,41880.0
2025-07-19_04:14:07,8557.0,11856.0,42246.0,13901.0,16051.0,41880.0
2025-07-19_04:14:07,,,,14046.0,16051.0,41880.0
2025-07-19_04:14:11,3358.0,11856.0,42246.0,12146.0,16051.0,41880.0
2025-07-19_04:14:11,,,,14060.0,16051.0,41880.0
2025-07-19_04:14:15,2778.0,11856.0,42246.0,12185.0,16051.0,41880.0
2025-07-19_04:14:15,,,,14179.0,16051.0,41880.0
2025-07-19_04:14:19,3358.0,11856.0,42246.0,12192.0,16051.0,41880.0
2025-07-19_04:14:19,9820.0,11856.0,42246.0,14328.0,16051.0,41880.0
2025-07-19_04:14:20,9816.0,11856.0,42246.0,14092.0,16051.0,41880.0
2025-07-19_04:14:20,,,,,,
2025-07-19_04:14:24,6969.0,11856.0,42249.0,3793.0,16051.0,41880.0
2025-07-19_04:14:24,,,,14322.0,16051.0,41880.0
2025-07-19_04:14:28,3375.0,11856.0,42249.0,12184.0,16051.0,41880.0
2025-07-19_04:14:28,9246.0,11856.0,42249.0,13934.0,16051.0,41880.0
2025-07-19_04:14:28,9904.0,11856.0,42249.0,13915.0,16051.0,41880.0
2025-07-19_04:14:28,8688.0,11856.0,42249.0,14218.0,16051.0,41880.0
2025-07-19_04:14:28,8949.0,11856.0,42249.0,13943.0,16051.0,41880.0
2025-07-19_04:14:29,9920.0,11856.0,42249.0,14377.0,16051.0,41880.0
2025-07-19_04:14:29,9593.0,11856.0,42249.0,14000.0,16051.0,41880.0
2025-07-19_04:14:29,,,,13983.0,16051.0,41880.0
2025-07-19_04:14:33,2780.0,11856.0,42249.0,12196.0,16051.0,41880.0
2025-07-19_04:14:33,,,,,,
2025-07-19_04:14:37,6972.0,11856.0,42249.0,3793.0,16051.0,41880.0
2025-07-19_04:14:37,9878.0,11856.0,42249.0,14430.0,16051.0,41880.0
2025-07-19_04:14:37,,,,,,
2025-07-19_04:14:41,6966.0,11856.0,42249.0,3787.0,16051.0,41880.0
2025-07-19_04:14:41,,,,,,
2025-07-19_04:14:45,6954.0,11856.0,42249.0,3792.0,16051.0,41880.0
2025-07-19_04:14:45,,,,13806.0,16051.0,41880.0
2025-07-19_04:14:49,3302.0,11856.0,42249.0,12185.0,16051.0,41880.0
2025-07-19_04:14:49,,,,14233.0,16051.0,41880.0
2025-07-19_04:14:53,2778.0,11856.0,42249.0,12192.0,16051.0,41880.0
2025-07-19_04:14:53,,,,13278.0,16051.0,41880.0
2025-07-19_04:14:57,2778.0,11856.0,42249.0,12191.0,16051.0,41880.0
2025-07-19_04:14:58,10445.0,11856.0,42250.0,14753.0,16051.0,41882.0
2025-07-19_04:14:58,,,,14044.0,16051.0,41882.0
2025-07-19_04:15:02,3373.0,11856.0,42250.0,12183.0,16051.0,41882.0
2025-07-19_04:15:02,,,,13945.0,16051.0,41882.0
2025-07-19_04:15:05,3319.0,11856.0,42250.0,12185.0,16051.0,41882.0
2025-07-19_04:15:06,8486.0,11856.0,42252.0,13928.0,16051.0,41882.0
2025-07-19_04:15:06,,,,14356.0,16051.0,41882.0
2025-07-19_04:15:10,3302.0,11856.0,42252.0,12189.0,16051.0,41882.0
2025-07-19_04:15:10,9225.0,11856.0,42252.0,14034.0,16051.0,41882.0
2025-07-19_04:15:10,9642.0,11856.0,42252.0,14268.0,16051.0,41882.0
2025-07-19_04:15:10,10118.0,11856.0,42252.0,14044.0,16051.0,41882.0
2025-07-19_04:15:10,,,,,,
2025-07-19_04:15:14,6970.0,11856.0,42252.0,3792.0,16051.0,41882.0
2025-07-19_04:15:15,10051.0,11856.0,42252.0,14300.0,16051.0,41882.0
2025-07-19_04:15:15,9890.0,11856.0,42252.0,14112.0,16051.0,41882.0
2025-07-19_04:15:15,,,,,,
2025-07-19_04:15:19,6965.0,11856.0,42252.0,3793.0,16051.0,41882.0
2025-07-19_04:15:19,9799.0,11856.0,42252.0,14225.0,16051.0,41882.0
2025-07-19_04:15:19,9894.0,11856.0,42273.0,14080.0,16051.0,42001.0
2025-07-19_04:15:20,,,,,,
2025-07-19_04:15:23,6970.0,11856.0,42273.0,3792.0,16051.0,42001.0
2025-07-19_04:15:24,8645.0,11856.0,42275.0,13904.0,16051.0,42001.0
2025-07-19_04:15:24,10104.0,11856.0,42275.0,14513.0,16051.0,42002.0
2025-07-19_04:15:24,8564.0,11856.0,42275.0,13959.0,16051.0,42002.0
2025-07-19_04:15:24,,,,14238.0,16051.0,42002.0
2025-07-19_04:15:29,3360.0,11856.0,42275.0,3776.0,16051.0,42002.0
2025-07-19_04:15:29,9677.0,11856.0,42275.0,13748.0,16051.0,42002.0
2025-07-19_04:15:29,8564.0,11856.0,42275.0,14114.0,16051.0,42002.0
2025-07-19_04:15:29,10036.0,11856.0,42275.0,14526.0,16051.0,42002.0
2025-07-19_04:15:30,,,,13973.0,16051.0,42002.0
2025-07-19_04:15:33,3375.0,11856.0,42275.0,12179.0,16051.0,42002.0
2025-07-19_04:15:34,,,,,,
2025-07-19_04:15:37,6968.0,11856.0,42275.0,3793.0,16051.0,42002.0
2025-07-19_04:15:38,8675.0,11856.0,42275.0,14222.0,16051.0,42002.0
2025-07-19_04:15:38,,,,14407.0,16051.0,42002.0
2025-07-19_04:15:42,3375.0,11856.0,42275.0,12192.0,16051.0,42002.0
2025-07-19_04:15:42,10293.0,11856.0,42282.0,14091.0,16051.0,42002.0
2025-07-19_04:15:42,10154.0,11856.0,42282.0,14038.0,16051.0,42002.0
2025-07-19_04:15:42,,,,13974.0,16051.0,42002.0
2025-07-19_04:15:46,3302.0,11856.0,42282.0,12174.0,16051.0,42002.0
2025-07-19_04:15:46,10183.0,11856.0,42282.0,13945.0,16051.0,42002.0
2025-07-19_04:15:46,9649.0,11856.0,42282.0,14174.0,16051.0,42002.0
2025-07-19_04:15:47,8356.0,11856.0,42282.0,13921.0,16051.0,42002.0
2025-07-19_04:15:47,,,,13974.0,16051.0,42002.0
2025-07-19_04:15:51,3375.0,11856.0,42282.0,12190.0,16051.0,42002.0
2025-07-19_04:15:51,,,,,,
2025-07-19_04:15:55,6965.0,11856.0,42282.0,3792.0,16051.0,42002.0
2025-07-19_04:15:55,8575.0,11856.0,42282.0,13950.0,16051.0,42002.0
2025-07-19_04:15:55,,,,,,
2025-07-19_04:15:59,6968.0,11856.0,42282.0,3789.0,16051.0,42002.0
2025-07-19_04:15:59,,,,,,
2025-07-19_04:16:03,6963.0,11856.0,42282.0,3793.0,16051.0,42002.0
2025-07-19_04:16:03,9660.0,11856.0,42282.0,14252.0,16051.0,42002.0
2025-07-19_04:16:03,,,,,,
2025-07-19_04:16:07,6969.0,11856.0,42282.0,3792.0,16051.0,42002.0
2025-07-19_04:16:07,10152.0,11856.0,42282.0,14083.0,16051.0,42002.0
2025-07-19_04:16:08,,,,14272.0,16051.0,42002.0
2025-07-19_04:16:11,3375.0,11856.0,42282.0,12154.0,16051.0,42002.0
2025-07-19_04:16:12,8027.0,11856.0,42283.0,13262.0,16051.0,42018.0
2025-07-19_04:16:12,,,,11879.0,16051.0,42018.0
2025-07-19_04:16:16,2778.0,11856.0,42283.0,12167.0,16051.0,42018.0
2025-07-19_04:16:16,9690.0,11856.0,42283.0,14085.0,16051.0,42018.0
2025-07-19_04:16:16,9887.0,11856.0,42298.0,14562.0,16051.0,42018.0
2025-07-19_04:16:16,8545.0,11856.0,42298.0,14087.0,16051.0,42018.0
2025-07-19_04:16:17,9542.0,11856.0,42298.0,13980.0,16051.0,42018.0
2025-07-19_04:16:17,9818.0,11856.0,42298.0,13815.0,16051.0,42018.0
2025-07-19_04:16:17,,,,,,
2025-07-19_04:16:21,6970.0,11856.0,42298.0,3793.0,16051.0,42018.0
2025-07-19_04:16:21,8597.0,11856.0,42298.0,14098.0,16051.0,42018.0
2025-07-19_04:16:21,,,,14530.0,16051.0,42020.0
2025-07-19_04:16:25,2778.0,11856.0,42298.0,12167.0,16051.0,42020.0
2025-07-19_04:16:25,,,,13998.0,16051.0,42020.0
2025-07-19_04:16:29,3319.0,11856.0,42298.0,12165.0,16051.0,42020.0
2025-07-19_04:16:29,9097.0,11856.0,42298.0,13939.0,16051.0,42020.0
2025-07-19_04:16:29,9448.0,11856.0,42298.0,13862.0,16051.0,42020.0
2025-07-19_04:16:30,,,,13044.0,16051.0,42020.0
2025-07-19_04:16:33,2778.0,11856.0,42298.0,12189.0,16051.0,42020.0
2025-07-19_04:16:34,9888.0,11856.0,42298.0,14187.0,16051.0,42020.0
2025-07-19_04:16:34,,,,,,
2025-07-19_04:16:38,6968.0,11856.0,42298.0,3792.0,16051.0,42020.0
2025-07-19_04:16:38,9874.0,11856.0,42343.0,14383.0,16051.0,42020.0
2025-07-19_04:16:38,8998.0,11856.0,42343.0,14039.0,16051.0,42020.0
2025-07-19_04:16:38,9803.0,11856.0,42343.0,14256.0,16051.0,42020.0
2025-07-19_04:16:39,10122.0,11856.0,42343.0,14130.0,16051.0,42020.0
2025-07-19_04:16:39,,,,,,
2025-07-19_04:16:43,6966.0,11856.0,42343.0,3793.0,16051.0,42020.0
2025-07-19_04:16:43,8590.0,11856.0,42343.0,13848.0,16051.0,42020.0
2025-07-19_04:16:43,9932.0,11856.0,42343.0,14042.0,16051.0,42020.0
2025-07-19_04:16:43,10151.0,11856.0,42343.0,14068.0,16051.0,42020.0
2025-07-19_04:16:44,9682.0,11856.0,42343.0,14074.0,16051.0,42020.0
2025-07-19_04:16:44,10203.0,11856.0,42343.0,14508.0,16051.0,42020.0
2025-07-19_04:16:44,8601.0,11856.0,42343.0,13972.0,16051.0,42020.0
2025-07-19_04:16:44,8521.0,11856.0,42343.0,13274.0,16051.0,42020.0
2025-07-19_04:16:44,9892.0,11856.0,42343.0,14303.0,16051.0,42020.0
2025-07-19_04:16:45,10211.0,11856.0,42343.0,14324.0,16051.0,42020.0
2025-07-19_04:16:45,8522.0,11856.0,42343.0,13921.0,16051.0,42020.0
2025-07-19_04:16:45,10069.0,11856.0,42343.0,14370.0,16051.0,42020.0
2025-07-19_04:16:45,9736.0,11856.0,42343.0,14126.0,16051.0,42020.0
2025-07-19_04:16:46,9968.0,11856.0,42343.0,14381.0,16051.0,42020.0
2025-07-19_04:16:46,2778.0,11856.0,42343.0,12202.0,16051.0,42020.0
2025-07-19_04:16:47,,,,13812.0,16051.0,42020.0
2025-07-19_04:16:50,3358.0,11856.0,42343.0,12198.0,16051.0,42020.0
2025-07-19_04:16:50,9673.0,11856.0,42343.0,14035.0,16051.0,42020.0
2025-07-19_04:16:51,9543.0,11856.0,42344.0,14086.0,16051.0,42020.0
2025-07-19_04:16:51,9006.0,11856.0,42344.0,14055.0,16051.0,42020.0
2025-07-19_04:16:51,8398.0,11856.0,42344.0,14202.0,16051.0,42020.0
2025-07-19_04:16:51,,,,,,
2025-07-19_04:16:55,6958.0,11856.0,42344.0,3793.0,16051.0,42020.0
2025-07-19_04:16:55,,,,14030.0,16051.0,42020.0
2025-07-19_04:16:59,3358.0,11856.0,42344.0,12186.0,16051.0,42020.0
2025-07-19_04:16:59,,,,14212.0,16051.0,42020.0
2025-07-19_04:17:03,3375.0,11856.0,42344.0,12190.0,16051.0,42020.0
2025-07-19_04:17:03,9684.0,11856.0,42344.0,14049.0,16051.0,42020.0
2025-07-19_04:17:03,,,,14278.0,16051.0,42020.0
2025-07-19_04:17:07,3375.0,11856.0,42344.0,12158.0,16051.0,42020.0
2025-07-19_04:17:07,,,,13977.0,16051.0,42020.0
2025-07-19_04:17:11,3358.0,11856.0,42344.0,12187.0,16051.0,42020.0
2025-07-19_04:17:11,9906.0,11856.0,42344.0,13897.0,16051.0,42020.0
2025-07-19_04:17:11,9665.0,11856.0,42349.0,14135.0,16051.0,42022.0
2025-07-19_04:17:12,8525.0,11856.0,42349.0,14078.0,16051.0,42022.0
2025-07-19_04:17:12,9591.0,11856.0,42349.0,13995.0,16051.0,42022.0
2025-07-19_04:17:12,9810.0,11856.0,42349.0,14224.0,16051.0,42022.0
2025-07-19_04:17:12,9902.0,11856.0,42349.0,14007.0,16051.0,42022.0
2025-07-19_04:17:13,9399.0,11856.0,42349.0,14178.0,16051.0,42022.0
2025-07-19_04:17:13,9562.0,11856.0,42349.0,14147.0,16051.0,42022.0
2025-07-19_04:17:13,8597.0,11856.0,42349.0,14129.0,16051.0,42022.0
2025-07-19_04:17:13,,,,,,
2025-07-19_04:17:17,6964.0,11856.0,42349.0,3794.0,16051.0,42022.0
2025-07-19_04:17:17,8695.0,11856.0,42349.0,14232.0,16051.0,42022.0
2025-07-19_04:17:18,10011.0,11909.0,42403.0,14291.0,16051.0,42022.0
2025-07-19_04:17:18,,,,14004.0,16051.0,42022.0
2025-07-19_04:17:22,3319.0,11909.0,42403.0,12190.0,16051.0,42022.0
2025-07-19_04:17:22,9901.0,11909.0,42403.0,14073.0,16051.0,42025.0
2025-07-19_04:17:22,8650.0,11909.0,42403.0,14207.0,16051.0,42025.0
2025-07-19_04:17:22,,,,,,
2025-07-19_04:17:26,6966.0,11909.0,42403.0,3793.0,16051.0,42025.0
2025-07-19_04:17:26,,,,,,
2025-07-19_04:17:30,6964.0,11909.0,42403.0,3793.0,16051.0,42025.0
2025-07-19_04:17:30,8603.0,11909.0,42403.0,14094.0,16051.0,42025.0
2025-07-19_04:17:30,9472.0,11909.0,42403.0,13754.0,16051.0,42025.0
2025-07-19_04:17:31,,,,14291.0,16051.0,42025.0
2025-07-19_04:17:34,3358.0,11909.0,42403.0,12155.0,16051.0,42025.0
2025-07-19_04:17:34,,,,13777.0,16051.0,42025.0
2025-07-19_04:17:38,3302.0,11909.0,42403.0,12162.0,16051.0,42025.0
2025-07-19_04:17:38,7978.0,11909.0,42403.0,13251.0,16051.0,42025.0
2025-07-19_04:17:39,9902.0,11909.0,42403.0,14102.0,16051.0,42025.0
2025-07-19_04:17:39,9565.0,11909.0,42403.0,14136.0,16051.0,42025.0
2025-07-19_04:17:39,,,,14099.0,16051.0,42025.0
2025-07-19_04:17:43,3375.0,11909.0,42403.0,12165.0,16051.0,42027.0
2025-07-19_04:17:43,9900.0,11909.0,42403.0,14109.0,16051.0,42027.0
2025-07-19_04:17:43,,,,,,
2025-07-19_04:17:47,6970.0,11909.0,42403.0,3792.0,16051.0,42027.0
2025-07-19_04:17:48,2778.0,11909.0,42403.0,12186.0,16051.0,42027.0
2025-07-19_04:17:48,,,,14052.0,16051.0,42027.0
2025-07-19_04:17:52,3375.0,11909.0,42403.0,12195.0,16051.0,42027.0
2025-07-19_04:17:52,,,,14271.0,16051.0,42027.0
2025-07-19_04:17:56,3375.0,11909.0,42403.0,12167.0,16051.0,42027.0
2025-07-19_04:17:56,10239.0,11909.0,42412.0,14123.0,16051.0,42033.0
2025-07-19_04:17:56,10131.0,11909.0,42412.0,14171.0,16051.0,42033.0
2025-07-19_04:17:56,,,,,,
2025-07-19_04:18:00,6966.0,11909.0,42412.0,3793.0,16051.0,42033.0
2025-07-19_04:18:00,10358.0,11909.0,42413.0,14652.0,16051.0,42033.0
2025-07-19_04:18:01,,,,14296.0,16051.0,42033.0
2025-07-19_04:18:04,3360.0,11909.0,42413.0,12169.0,16051.0,42033.0
2025-07-19_04:18:05,,,,13976.0,16051.0,42033.0
2025-07-19_04:18:08,3302.0,11909.0,42413.0,12198.0,16051.0,42033.0
2025-07-19_04:18:08,9848.0,11909.0,42413.0,13996.0,16051.0,42033.0
2025-07-19_04:18:09,9814.0,11909.0,42413.0,14280.0,16051.0,42033.0
2025-07-19_04:18:09,,,,14004.0,16051.0,42033.0
2025-07-19_04:18:12,3358.0,11909.0,42413.0,12158.0,16051.0,42033.0
2025-07-19_04:18:13,,,,,,
2025-07-19_04:18:17,6969.0,11909.0,42413.0,3792.0,16051.0,42033.0
2025-07-19_04:18:17,,,,,,
2025-07-19_04:18:21,6961.0,11909.0,42413.0,3786.0,16051.0,42033.0
2025-07-19_04:18:21,,,,13788.0,16051.0,42033.0
2025-07-19_04:18:25,3375.0,11909.0,42413.0,12182.0,16051.0,42033.0
2025-07-19_04:18:25,10302.0,11909.0,42504.0,14348.0,16051.0,42033.0
2025-07-19_04:18:25,9746.0,11909.0,42504.0,14080.0,16051.0,42033.0
2025-07-19_04:18:25,,,,14317.0,16051.0,42033.0
2025-07-19_04:18:29,3358.0,11909.0,42504.0,12187.0,16051.0,42033.0
2025-07-19_04:18:29,,,,13658.0,16051.0,42033.0
2025-07-19_04:18:33,2778.0,11909.0,42504.0,12193.0,16051.0,42033.0
2025-07-19_04:18:33,9816.0,11909.0,42504.0,14071.0,16051.0,42033.0
2025-07-19_04:18:33,,,,,,
2025-07-19_04:18:37,6968.0,11909.0,42504.0,3786.0,16051.0,42033.0
2025-07-19_04:18:37,9722.0,11909.0,42505.0,14051.0,16051.0,42033.0
2025-07-19_04:18:38,9801.0,11909.0,42505.0,13831.0,16051.0,42033.0
2025-07-19_04:18:38,,,,14216.0,16051.0,42033.0
2025-07-19_04:18:42,3375.0,11909.0,42505.0,12184.0,16051.0,42033.0
2025-07-19_04:18:42,9671.0,11909.0,42505.0,14132.0,16051.0,42033.0
2025-07-19_04:18:42,8524.0,11909.0,42505.0,13811.0,16051.0,42033.0
2025-07-19_04:18:42,,,,14363.0,16051.0,42033.0
2025-07-19_04:18:46,,,,,,
2025-07-19_04:18:50,6968.0,11909.0,42505.0,3793.0,16051.0,42033.0
2025-07-19_04:18:50,10175.0,11909.0,42505.0,14228.0,16051.0,42033.0
2025-07-19_04:18:50,9994.0,11909.0,42505.0,14513.0,16051.0,42033.0
2025-07-19_04:18:50,9842.0,11909.0,42505.0,14006.0,16051.0,42035.0
2025-07-19_04:18:51,10416.0,11909.0,42514.0,14321.0,16051.0,42035.0
2025-07-19_04:18:51,,,,14165.0,16051.0,42035.0
2025-07-19_04:18:55,3373.0,11909.0,42514.0,12189.0,16051.0,42035.0
2025-07-19_04:18:55,10651.0,11909.0,42537.0,14950.0,16092.0,42216.0
2025-07-19_04:18:55,8540.0,11909.0,42537.0,13659.0,16092.0,42216.0
2025-07-19_04:18:55,9971.0,11909.0,42537.0,13987.0,16092.0,42216.0
2025-07-19_04:18:55,,,,14504.0,16092.0,42258.0
2025-07-19_04:18:59,2780.0,11909.0,42537.0,12179.0,16092.0,42258.0
2025-07-19_04:19:00,10118.0,11909.0,42537.0,14193.0,16092.0,42258.0
2025-07-19_04:19:00,,,,14314.0,16092.0,42258.0
2025-07-19_04:19:04,2778.0,11909.0,42537.0,12187.0,16092.0,42258.0
2025-07-19_04:19:04,10004.0,11909.0,42537.0,14139.0,16092.0,42258.0
2025-07-19_04:19:04,,,,13703.0,16092.0,42258.0
2025-07-19_04:19:08,3319.0,11909.0,42537.0,12166.0,16092.0,42258.0
2025-07-19_04:19:08,9804.0,11909.0,42537.0,14074.0,16092.0,42258.0
2025-07-19_04:19:08,10088.0,11909.0,42537.0,14124.0,16092.0,42258.0
2025-07-19_04:19:08,,,,14207.0,16092.0,42258.0
2025-07-19_04:19:16,2778.0,11909.0,42537.0,3776.0,16092.0,42258.0
2025-07-19_04:19:16,9613.0,11909.0,42537.0,14221.0,16092.0,42258.0
2025-07-19_04:19:16,10089.0,11909.0,42541.0,13991.0,16092.0,42262.0
2025-07-19_04:19:17,10163.0,11909.0,42541.0,14050.0,16092.0,42262.0
2025-07-19_04:19:17,,,,14099.0,16092.0,42262.0
2025-07-19_04:19:21,3319.0,11909.0,42541.0,12187.0,16092.0,42262.0
2025-07-19_04:19:21,,,,,,
2025-07-19_04:19:25,6966.0,11909.0,42541.0,3792.0,16092.0,42262.0
2025-07-19_04:19:25,9720.0,11909.0,42541.0,14232.0,16092.0,42262.0
2025-07-19_04:19:25,9665.0,11909.0,42541.0,14062.0,16092.0,42262.0
2025-07-19_04:19:25,8713.0,11909.0,42541.0,13948.0,16092.0,42262.0
2025-07-19_04:19:25,10273.0,11909.0,42541.0,14383.0,16092.0,42262.0
2025-07-19_04:19:26,,,,,,
2025-07-19_04:19:29,6968.0,11909.0,42541.0,3795.0,16092.0,42262.0
2025-07-19_04:19:30,10244.0,11909.0,42542.0,14219.0,16092.0,42262.0
2025-07-19_04:19:30,9704.0,11909.0,42542.0,14108.0,16092.0,42262.0
2025-07-19_04:19:30,,,,,,
2025-07-19_04:19:34,6959.0,11909.0,42542.0,3793.0,16092.0,42262.0
2025-07-19_04:19:34,9941.0,11909.0,42542.0,14399.0,16092.0,42262.0
2025-07-19_04:19:34,,,,,,
2025-07-19_04:19:38,6965.0,11909.0,42542.0,3793.0,16092.0,42262.0
2025-07-19_04:19:38,,,,,,
2025-07-19_04:19:42,6970.0,11909.0,42542.0,3792.0,16092.0,42262.0
2025-07-19_04:19:42,9955.0,11909.0,42542.0,14172.0,16092.0,42262.0
2025-07-19_04:19:43,8624.0,11909.0,42543.0,14092.0,16092.0,42262.0
2025-07-19_04:19:43,,,,,,
2025-07-19_04:19:47,6966.0,11909.0,42543.0,3793.0,16092.0,42262.0
2025-07-19_04:19:47,9616.0,11909.0,42543.0,14043.0,16092.0,42262.0
2025-07-19_04:19:47,10164.0,11909.0,42543.0,14111.0,16092.0,42262.0
2025-07-19_04:19:47,10120.0,11909.0,42543.0,14075.0,16092.0,42262.0
2025-07-19_04:19:47,,,,,,
2025-07-19_04:19:51,6965.0,11909.0,42543.0,3787.0,16092.0,42262.0
2025-07-19_04:19:51,10129.0,11909.0,42543.0,14067.0,16092.0,42262.0
2025-07-19_04:19:52,8529.0,11909.0,42543.0,13988.0,16092.0,42262.0
2025-07-19_04:19:52,9731.0,11909.0,42543.0,13981.0,16092.0,42262.0
2025-07-19_04:19:52,8714.0,11909.0,42543.0,14082.0,16092.0,42262.0
2025-07-19_04:19:52,8942.0,11909.0,42543.0,13794.0,16092.0,42262.0
2025-07-19_04:19:53,9198.0,11909.0,42543.0,13830.0,16092.0,42262.0
2025-07-19_04:19:53,10174.0,11909.0,42543.0,14224.0,16092.0,42262.0
2025-07-19_04:19:53,,,,13847.0,16092.0,42262.0
2025-07-19_04:19:57,3321.0,11909.0,42543.0,12185.0,16092.0,42262.0
2025-07-19_04:19:57,9198.0,11909.0,42543.0,14101.0,16092.0,42262.0
2025-07-19_04:19:57,,,,14227.0,16092.0,42262.0
2025-07-19_04:20:01,3358.0,11909.0,42543.0,12201.0,16092.0,42262.0
2025-07-19_04:20:01,8528.0,11909.0,42543.0,13515.0,16092.0,42262.0
2025-07-19_04:20:01,9233.0,11909.0,42543.0,14116.0,16092.0,42262.0
2025-07-19_04:20:02,10252.0,11909.0,42546.0,14423.0,16092.0,42262.0
2025-07-19_04:20:02,10227.0,11909.0,42553.0,14505.0,16092.0,42262.0
2025-07-19_04:20:02,,,,,,
2025-07-19_04:20:06,6955.0,11909.0,42553.0,3787.0,16092.0,42262.0
2025-07-19_04:20:06,,,,11883.0,16092.0,42263.0
2025-07-19_04:20:10,2778.0,11909.0,42553.0,12160.0,16092.0,42263.0
2025-07-19_04:20:10,10251.0,11909.0,42556.0,14184.0,16092.0,42263.0
2025-07-19_04:20:10,10266.0,11909.0,42810.0,14349.0,16092.0,42263.0
2025-07-19_04:20:11,10259.0,11909.0,42811.0,14286.0,16092.0,42264.0
2025-07-19_04:20:12,2778.0,11909.0,42811.0,12188.0,16092.0,42264.0
2025-07-19_04:20:12,,,,13780.0,16092.0,42264.0
2025-07-19_04:20:16,3358.0,11909.0,42811.0,12183.0,16092.0,42264.0
2025-07-19_04:20:16,9042.0,11909.0,42811.0,13826.0,16092.0,42264.0
2025-07-19_04:20:16,9911.0,11909.0,42811.0,14231.0,16092.0,42264.0
2025-07-19_04:20:16,,,,14107.0,16092.0,42264.0
2025-07-19_04:20:20,3377.0,11909.0,42811.0,12191.0,16092.0,42264.0
2025-07-19_04:20:20,9956.0,11909.0,42811.0,13994.0,16092.0,42264.0
2025-07-19_04:20:20,,,,14284.0,16092.0,42264.0
2025-07-19_04:20:24,3375.0,11909.0,42811.0,12169.0,16092.0,42264.0
2025-07-19_04:20:24,9232.0,11909.0,42811.0,14126.0,16092.0,42264.0
2025-07-19_04:20:24,10014.0,11909.0,42811.0,14365.0,16092.0,42264.0
2025-07-19_04:20:25,8717.0,11909.0,42811.0,14400.0,16092.0,42264.0
2025-07-19_04:20:25,10075.0,11909.0,42811.0,14536.0,16092.0,42264.0
2025-07-19_04:20:25,,,,13972.0,16092.0,42264.0
2025-07-19_04:20:29,3358.0,11909.0,42811.0,12173.0,16092.0,42264.0
2025-07-19_04:20:29,7958.0,11909.0,42811.0,13055.0,16092.0,42264.0
2025-07-19_04:20:29,10211.0,11909.0,42874.0,14080.0,16092.0,42303.0
2025-07-19_04:20:29,,,,,,
2025-07-19_04:20:34,2778.0,11909.0,42874.0,3776.0,16092.0,42303.0
2025-07-19_04:20:34,8618.0,11909.0,42874.0,14236.0,16092.0,42303.0
2025-07-19_04:20:34,,,,,,
2025-07-19_04:20:38,6970.0,11909.0,42874.0,3795.0,16092.0,42303.0
2025-07-19_04:20:38,10151.0,11909.0,42874.0,14009.0,16092.0,42303.0
2025-07-19_04:20:39,8551.0,11909.0,42874.0,13817.0,16092.0,42303.0
2025-07-19_04:20:39,8659.0,11909.0,42874.0,14098.0,16092.0,42303.0
2025-07-19_04:20:39,,,,14198.0,16092.0,42303.0
2025-07-19_04:20:43,3358.0,11909.0,42874.0,12169.0,16092.0,42303.0
2025-07-19_04:20:43,,,,14058.0,16092.0,42304.0
2025-07-19_04:20:47,3375.0,11909.0,42874.0,12197.0,16092.0,42304.0
2025-07-19_04:20:47,9505.0,11909.0,42874.0,13920.0,16092.0,42304.0
2025-07-19_04:20:47,9901.0,11909.0,42874.0,14012.0,16092.0,42304.0
2025-07-19_04:20:47,8508.0,11909.0,42874.0,13274.0,16092.0,42304.0
2025-07-19_04:20:48,,,,,,
2025-07-19_04:20:51,6964.0,11909.0,42874.0,3792.0,16092.0,42304.0
2025-07-19_04:20:52,9181.0,11909.0,42874.0,14332.0,16092.0,42304.0
2025-07-19_04:20:52,,,,14365.0,16092.0,42304.0
2025-07-19_04:20:56,2778.0,11909.0,42874.0,12190.0,16092.0,42304.0
2025-07-19_04:20:56,,,,,,
2025-07-19_04:21:00,6966.0,11909.0,42874.0,3792.0,16092.0,42304.0
2025-07-19_04:21:00,8550.0,11909.0,42874.0,13817.0,16092.0,42304.0
2025-07-19_04:21:00,,,,,,
2025-07-19_04:21:04,6965.0,11909.0,42874.0,3793.0,16092.0,42304.0
2025-07-19_04:21:04,,,,,,
2025-07-19_04:21:08,6964.0,11909.0,42874.0,3793.0,16092.0,42304.0
2025-07-19_04:21:08,9069.0,11909.0,42874.0,13628.0,16092.0,42304.0
2025-07-19_04:21:08,,,,14044.0,16092.0,42304.0
2025-07-19_04:21:12,3319.0,11909.0,42874.0,12195.0,16092.0,42304.0
2025-07-19_04:21:12,,,,,,
2025-07-19_04:21:16,6960.0,11909.0,42874.0,3793.0,16092.0,42304.0
2025-07-19_04:21:16,,,,14517.0,16092.0,42304.0
2025-07-19_04:21:20,3375.0,11909.0,42874.0,12195.0,16092.0,42304.0
2025-07-19_04:21:20,10323.0,11909.0,42904.0,14132.0,16096.0,42308.0
2025-07-19_04:21:21,9861.0,11909.0,42904.0,13827.0,16096.0,42308.0
2025-07-19_04:21:21,,,,14243.0,16096.0,42308.0
2025-07-19_04:21:25,3375.0,11909.0,42904.0,12191.0,16096.0,42308.0
2025-07-19_04:21:25,8556.0,11909.0,42904.0,13924.0,16096.0,42308.0
2025-07-19_04:21:25,,,,14040.0,16096.0,42308.0
2025-07-19_04:21:29,3379.0,11909.0,42904.0,12182.0,16096.0,42308.0
2025-07-19_04:21:29,8713.0,11909.0,42913.0,13898.0,16096.0,42308.0
2025-07-19_04:21:29,9857.0,11909.0,42913.0,14609.0,16096.0,42308.0
2025-07-19_04:21:29,9868.0,11909.0,42913.0,13970.0,16096.0,42308.0
2025-07-19_04:21:30,9644.0,11909.0,42913.0,13924.0,16096.0,42308.0
2025-07-19_04:21:30,8522.0,11909.0,42913.0,13655.0,16096.0,42308.0
2025-07-19_04:21:30,,,,14305.0,16096.0,42310.0
2025-07-19_04:21:34,3375.0,11909.0,42913.0,12171.0,16096.0,42310.0
2025-07-19_04:21:34,,,,14216.0,16096.0,42310.0
2025-07-19_04:21:38,3375.0,11909.0,42913.0,12192.0,16096.0,42310.0
2025-07-19_04:21:38,10248.0,11909.0,42944.0,14020.0,16096.0,42371.0
2025-07-19_04:21:38,10106.0,11909.0,42944.0,13844.0,16096.0,42371.0
2025-07-19_04:21:38,9322.0,11909.0,42944.0,14109.0,16096.0,42371.0
2025-07-19_04:21:38,10130.0,11909.0,42944.0,14479.0,16096.0,42372.0
2025-07-19_04:21:39,9910.0,11909.0,42944.0,14085.0,16096.0,42372.0
2025-07-19_04:21:39,9982.0,11909.0,42947.0,14623.0,16096.0,42372.0
2025-07-19_04:21:39,10280.0,11909.0,42975.0,14333.0,16096.0,42373.0
2025-07-19_04:21:39,9951.0,11909.0,42975.0,14292.0,16096.0,42373.0
2025-07-19_04:21:40,,,,14443.0,16096.0,42373.0
2025-07-19_04:21:44,2778.0,11909.0,42975.0,12157.0,16096.0,42373.0
2025-07-19_04:21:44,,,,14178.0,16096.0,42373.0
2025-07-19_04:21:47,3375.0,11909.0,42975.0,12191.0,16096.0,42373.0
2025-07-19_04:21:48,10001.0,11909.0,42975.0,14425.0,16096.0,42373.0
2025-07-19_04:21:48,,,,13791.0,16096.0,42373.0
2025-07-19_04:21:52,3319.0,11909.0,42975.0,12143.0,16096.0,42373.0
2025-07-19_04:21:52,10030.0,11909.0,42975.0,14189.0,16096.0,42373.0
2025-07-19_04:21:52,,,,,,
2025-07-19_04:21:56,6953.0,11909.0,42975.0,3793.0,16096.0,42373.0
2025-07-19_04:21:56,10117.0,11909.0,42991.0,14170.0,16096.0,42373.0
2025-07-19_04:21:56,10050.0,11909.0,42994.0,14097.0,16096.0,42374.0
2025-07-19_04:21:56,9015.0,11909.0,42994.0,13796.0,16096.0,42374.0
2025-07-19_04:21:57,9919.0,11909.0,42994.0,14065.0,16096.0,42374.0
2025-07-19_04:21:57,,,,13826.0,16096.0,42374.0
2025-07-19_04:22:01,3302.0,11909.0,42994.0,12164.0,16096.0,42374.0
2025-07-19_04:22:01,,,,13035.0,16096.0,42374.0
2025-07-19_04:22:05,2778.0,11909.0,42994.0,12198.0,16096.0,42375.0
2025-07-19_04:22:05,,,,14388.0,16096.0,42401.0
2025-07-19_04:22:09,2778.0,11909.0,42994.0,12161.0,16096.0,42401.0
2025-07-19_04:22:09,,,,13956.0,16096.0,42406.0
2025-07-19_04:22:13,3375.0,11909.0,42994.0,12173.0,16096.0,42406.0
2025-07-19_04:22:13,9892.0,11909.0,42994.0,14148.0,16096.0,42406.0
2025-07-19_04:22:13,9711.0,11909.0,42994.0,14139.0,16096.0,42406.0
2025-07-19_04:22:13,9875.0,11909.0,42994.0,13995.0,16096.0,42406.0
2025-07-19_04:22:14,8644.0,11909.0,42994.0,14281.0,16096.0,42406.0
2025-07-19_04:22:14,10063.0,11909.0,42994.0,14418.0,16096.0,42406.0
2025-07-19_04:22:14,9533.0,11909.0,42994.0,14171.0,16096.0,42406.0
2025-07-19_04:22:14,,,,14113.0,16096.0,42406.0
2025-07-19_04:22:18,3321.0,11909.0,42994.0,12159.0,16096.0,42406.0
2025-07-19_04:22:18,9913.0,11911.0,42996.0,14100.0,16096.0,42406.0
2025-07-19_04:22:18,10060.0,11911.0,42996.0,14040.0,16096.0,42406.0
2025-07-19_04:22:19,10253.0,11911.0,43012.0,14500.0,16096.0,42435.0
2025-07-19_04:22:19,9866.0,11911.0,43012.0,14121.0,16096.0,42435.0
2025-07-19_04:22:19,,,,,,
2025-07-19_04:22:23,6967.0,11911.0,43012.0,3793.0,16096.0,42435.0
2025-07-19_04:22:23,8647.0,11911.0,43012.0,14076.0,16096.0,42435.0
2025-07-19_04:22:23,9844.0,11911.0,43012.0,14320.0,16096.0,42435.0
2025-07-19_04:22:24,9902.0,11911.0,43012.0,14068.0,16096.0,42435.0
2025-07-19_04:22:24,9559.0,11911.0,43012.0,14178.0,16096.0,42435.0
2025-07-19_04:22:24,9051.0,11911.0,43012.0,14107.0,16096.0,42435.0
2025-07-19_04:22:24,9900.0,11911.0,43012.0,14088.0,16096.0,42435.0
2025-07-19_04:22:24,9595.0,11911.0,43012.0,14003.0,16096.0,42435.0
2025-07-19_04:22:25,10200.0,11911.0,43084.0,14419.0,16096.0,42435.0
2025-07-19_04:22:25,,,,14173.0,16096.0,42435.0
2025-07-19_04:22:29,3321.0,11911.0,43084.0,12186.0,16096.0,42435.0
2025-07-19_04:22:29,,,,14356.0,16096.0,42435.0
2025-07-19_04:22:33,3358.0,11911.0,43084.0,12190.0,16096.0,42435.0
2025-07-19_04:22:33,,,,14118.0,16096.0,42435.0
2025-07-19_04:22:36,3319.0,11911.0,43084.0,12195.0,16096.0,42435.0
2025-07-19_04:22:37,8538.0,11911.0,43084.0,13941.0,16096.0,42435.0
2025-07-19_04:22:37,8671.0,11911.0,43084.0,14160.0,16096.0,42435.0
2025-07-19_04:22:37,9865.0,11911.0,43084.0,14013.0,16096.0,42435.0
2025-07-19_04:22:37,,,,14335.0,16096.0,42435.0
2025-07-19_04:22:41,3375.0,11911.0,43084.0,12173.0,16096.0,42435.0
2025-07-19_04:22:41,9711.0,11911.0,43084.0,14077.0,16096.0,42435.0
2025-07-19_04:22:41,,,,,,
2025-07-19_04:22:45,6969.0,11911.0,43084.0,3793.0,16096.0,42435.0
2025-07-19_04:22:46,9956.0,11911.0,43084.0,13989.0,16096.0,42435.0
2025-07-19_04:22:46,,,,,,
2025-07-19_04:22:50,6966.0,11911.0,43084.0,3793.0,16096.0,42435.0
2025-07-19_04:22:50,9799.0,11911.0,43084.0,14041.0,16096.0,42435.0
2025-07-19_04:22:50,,,,14230.0,16096.0,42435.0
2025-07-19_04:22:54,3375.0,11911.0,43084.0,12183.0,16096.0,42435.0
2025-07-19_04:22:54,9699.0,11911.0,43084.0,13982.0,16096.0,42435.0
2025-07-19_04:22:54,9715.0,11911.0,43084.0,14059.0,16096.0,42435.0
2025-07-19_04:22:54,,,,14008.0,16096.0,42435.0
2025-07-19_04:22:58,3375.0,11911.0,43084.0,12183.0,16096.0,42435.0
2025-07-19_04:22:58,9746.0,11911.0,43084.0,14283.0,16096.0,42435.0
2025-07-19_04:22:58,,,,13791.0,16096.0,42435.0
2025-07-19_04:23:02,3319.0,11911.0,43084.0,12156.0,16096.0,42435.0
2025-07-19_04:23:02,8523.0,11911.0,43084.0,13514.0,16096.0,42435.0
2025-07-19_04:23:02,,,,13931.0,16096.0,42435.0
2025-07-19_04:23:06,3375.0,11911.0,43084.0,12183.0,16096.0,42435.0
2025-07-19_04:23:06,10042.0,11911.0,43084.0,13864.0,16096.0,42435.0
2025-07-19_04:23:07,,,,14383.0,16096.0,42435.0
2025-07-19_04:23:10,3375.0,11911.0,43084.0,12189.0,16096.0,42435.0
2025-07-19_04:23:10,9902.0,11911.0,43084.0,14089.0,16096.0,42435.0
2025-07-19_04:23:11,,,,,,
2025-07-19_04:23:15,6963.0,11911.0,43084.0,3793.0,16096.0,42435.0
2025-07-19_04:23:15,9504.0,11911.0,43084.0,13703.0,16096.0,42435.0
2025-07-19_04:23:15,9860.0,11911.0,43084.0,14547.0,16096.0,42435.0
2025-07-19_04:23:15,,,,13789.0,16096.0,42435.0
2025-07-19_04:23:19,3319.0,11911.0,43084.0,12162.0,16096.0,42435.0
2025-07-19_04:23:19,9110.0,11911.0,43117.0,13778.0,16096.0,42435.0
2025-07-19_04:23:19,9844.0,11911.0,43120.0,14141.0,16096.0,42435.0
2025-07-19_04:23:20,9723.0,11911.0,43120.0,13987.0,16096.0,42435.0
2025-07-19_04:23:20,9902.0,11911.0,43120.0,14357.0,16096.0,42435.0
2025-07-19_04:23:20,9679.0,11911.0,43120.0,14065.0,16096.0,42435.0
2025-07-19_04:23:20,8651.0,11911.0,43120.0,13900.0,16096.0,42435.0
2025-07-19_04:23:20,,,,14055.0,16096.0,42435.0
2025-07-19_04:23:24,3375.0,11911.0,43120.0,12190.0,16096.0,42435.0
2025-07-19_04:23:24,9937.0,11911.0,43120.0,14398.0,16096.0,42435.0
2025-07-19_04:23:25,9842.0,11911.0,43120.0,14024.0,16096.0,42435.0
2025-07-19_04:23:25,9904.0,11911.0,43120.0,14028.0,16096.0,42435.0
2025-07-19_04:23:25,9991.0,11911.0,43120.0,14209.0,16096.0,42435.0
2025-07-19_04:23:25,,,,13803.0,16096.0,42435.0
2025-07-19_04:23:29,3319.0,11911.0,43120.0,12184.0,16096.0,42435.0
2025-07-19_04:23:29,,,,14192.0,16096.0,42435.0
2025-07-19_04:23:33,3375.0,11911.0,43120.0,12185.0,16096.0,42435.0
2025-07-19_04:23:33,,,,13061.0,16096.0,42435.0
2025-07-19_04:23:37,2778.0,11911.0,43120.0,12191.0,16096.0,42435.0
2025-07-19_04:23:37,,,,13794.0,16096.0,42435.0
2025-07-19_04:23:41,3358.0,11911.0,43120.0,12189.0,16096.0,42435.0
2025-07-19_04:23:41,,,,,,
2025-07-19_04:23:45,6962.0,11911.0,43120.0,3793.0,16096.0,42435.0
2025-07-19_04:23:45,,,,14302.0,16096.0,42435.0
2025-07-19_04:23:49,2778.0,11911.0,43120.0,12186.0,16096.0,42435.0
2025-07-19_04:23:49,10411.0,11911.0,43120.0,14365.0,16096.0,42435.0
2025-07-19_04:23:49,7983.0,11911.0,43120.0,13163.0,16096.0,42435.0
2025-07-19_04:23:50,2778.0,11911.0,43120.0,12188.0,16096.0,42435.0
2025-07-19_04:23:50,9655.0,11911.0,43120.0,13991.0,16096.0,42435.0
2025-07-19_04:23:50,,,,,,
2025-07-19_04:23:54,6963.0,11911.0,43120.0,3792.0,16096.0,42435.0
2025-07-19_04:23:54,8664.0,11911.0,43120.0,14368.0,16096.0,42435.0
2025-07-19_04:23:55,10196.0,11911.0,43120.0,14078.0,16096.0,42435.0
2025-07-19_04:23:55,8552.0,11911.0,43120.0,13906.0,16096.0,42435.0
2025-07-19_04:23:55,,,,,,
2025-07-19_04:23:59,6969.0,11911.0,43120.0,3793.0,16096.0,42435.0
2025-07-19_04:23:59,9885.0,11911.0,43120.0,14023.0,16096.0,42435.0
2025-07-19_04:23:59,,,,14078.0,16096.0,42435.0
2025-07-19_04:24:03,3375.0,11911.0,43120.0,12193.0,16096.0,42435.0
2025-07-19_04:24:03,,,,,,
2025-07-19_04:24:07,6969.0,11911.0,43120.0,3792.0,16096.0,42435.0
2025-07-19_04:24:07,9675.0,11911.0,43120.0,13984.0,16096.0,42435.0
2025-07-19_04:24:08,,,,14037.0,16096.0,42435.0
2025-07-19_04:24:11,3319.0,11911.0,43120.0,12184.0,16096.0,42435.0
2025-07-19_04:24:11,,,,13642.0,16096.0,42435.0
2025-07-19_04:24:15,3358.0,11911.0,43120.0,12197.0,16096.0,42435.0
2025-07-19_04:24:15,9926.0,11911.0,43120.0,14109.0,16096.0,42435.0
2025-07-19_04:24:16,,,,,,
2025-07-19_04:24:19,6970.0,11911.0,43120.0,3795.0,16096.0,42435.0
2025-07-19_04:24:20,9272.0,11911.0,43120.0,14138.0,16096.0,42435.0
2025-07-19_04:24:20,,,,14031.0,16096.0,42435.0
2025-07-19_04:24:24,3319.0,11911.0,43120.0,12185.0,16096.0,42435.0
2025-07-19_04:24:24,9686.0,11911.0,43120.0,14096.0,16096.0,42435.0
2025-07-19_04:24:24,,,,14200.0,16096.0,42435.0
2025-07-19_04:24:28,2778.0,11911.0,43120.0,12164.0,16096.0,42435.0
2025-07-19_04:24:28,9870.0,11911.0,43120.0,14009.0,16096.0,42435.0
2025-07-19_04:24:28,9889.0,11911.0,43120.0,14373.0,16096.0,42435.0
2025-07-19_04:24:29,9441.0,11911.0,43120.0,14159.0,16096.0,42435.0
2025-07-19_04:24:29,10210.0,11911.0,43120.0,14312.0,16096.0,42435.0
2025-07-19_04:24:29,9996.0,11911.0,43120.0,13824.0,16096.0,42435.0
2025-07-19_04:24:29,9634.0,11911.0,43120.0,14047.0,16096.0,42435.0
2025-07-19_04:24:30,9916.0,11911.0,43120.0,14348.0,16096.0,42435.0
2025-07-19_04:24:30,9284.0,11911.0,43120.0,14151.0,16096.0,42435.0
2025-07-19_04:24:30,9801.0,11911.0,43120.0,14210.0,16096.0,42435.0
2025-07-19_04:24:30,9712.0,11911.0,43120.0,14302.0,16096.0,42435.0
2025-07-19_04:24:30,,,,14087.0,16096.0,42435.0
2025-07-19_04:24:34,2778.0,11911.0,43120.0,12164.0,16096.0,42435.0
2025-07-19_04:24:34,9143.0,11911.0,43120.0,13781.0,16096.0,42435.0
2025-07-19_04:24:35,,,,14217.0,16096.0,42435.0
2025-07-19_04:24:38,3358.0,11911.0,43120.0,12190.0,16096.0,42435.0
2025-07-19_04:24:39,,,,14176.0,16096.0,42435.0
2025-07-19_04:24:42,3319.0,11911.0,43120.0,12198.0,16096.0,42435.0
2025-07-19_04:24:43,,,,,,
2025-07-19_04:24:46,6958.0,11911.0,43120.0,3787.0,16096.0,42435.0
2025-07-19_04:24:47,9918.0,11911.0,43120.0,14513.0,16096.0,42435.0
2025-07-19_04:24:47,9891.0,11911.0,43120.0,14308.0,16096.0,42435.0
2025-07-19_04:24:47,10314.0,11911.0,43122.0,14411.0,16096.0,42443.0
2025-07-19_04:24:47,9759.0,11911.0,43122.0,13862.0,16096.0,42443.0
2025-07-19_04:24:48,,,,14005.0,16096.0,42443.0
2025-07-19_04:24:51,3358.0,11911.0,43122.0,12183.0,16096.0,42443.0
2025-07-19_04:24:52,,,,14202.0,16096.0,42443.0
2025-07-19_04:24:55,2778.0,11911.0,43122.0,12187.0,16096.0,42443.0
2025-07-19_04:24:56,,,,,,
2025-07-19_04:24:59,6967.0,11911.0,43122.0,3787.0,16096.0,42443.0
2025-07-19_04:25:00,,,,14291.0,16096.0,42443.0
2025-07-19_04:25:03,3358.0,11911.0,43122.0,12187.0,16096.0,42443.0
2025-07-19_04:25:04,9421.0,11911.0,43122.0,14169.0,16096.0,42443.0
2025-07-19_04:25:04,9715.0,11911.0,43122.0,13819.0,16096.0,42443.0
2025-07-19_04:25:04,8372.0,11911.0,43122.0,13896.0,16096.0,42443.0
2025-07-19_04:25:04,,,,,,
2025-07-19_04:25:08,6964.0,11911.0,43122.0,3793.0,16096.0,42443.0
2025-07-19_04:25:08,10047.0,11911.0,43122.0,14220.0,16096.0,42443.0
2025-07-19_04:25:09,10035.0,11911.0,43122.0,14416.0,16096.0,42443.0
2025-07-19_04:25:09,,,,13969.0,16096.0,42443.0
2025-07-19_04:25:12,3375.0,11911.0,43122.0,12183.0,16096.0,42443.0
2025-07-19_04:25:13,10002.0,11911.0,43122.0,14168.0,16096.0,42443.0
2025-07-19_04:25:13,10020.0,11911.0,43122.0,14500.0,16096.0,42443.0
2025-07-19_04:25:13,9347.0,11911.0,43122.0,13903.0,16096.0,42443.0
2025-07-19_04:25:13,8644.0,11911.0,43122.0,14088.0,16096.0,42443.0
2025-07-19_04:25:14,10067.0,11911.0,43166.0,14674.0,16096.0,42456.0
2025-07-19_04:25:14,9817.0,11911.0,43166.0,14424.0,16096.0,42456.0
2025-07-19_04:25:14,10124.0,11911.0,43166.0,14577.0,16096.0,42456.0
2025-07-19_04:25:14,9881.0,11911.0,43166.0,14082.0,16096.0,42456.0
2025-07-19_04:25:14,10046.0,11911.0,43166.0,14063.0,16096.0,42456.0
2025-07-19_04:25:15,9113.0,11911.0,43166.0,14159.0,16096.0,42456.0
2025-07-19_04:25:15,9809.0,11911.0,43166.0,14363.0,16096.0,42456.0
2025-07-19_04:25:15,,,,14031.0,16096.0,42456.0
2025-07-19_04:25:19,,,,,,
2025-07-19_04:25:23,6964.0,11911.0,43166.0,3792.0,16096.0,42456.0
2025-07-19_04:25:23,9952.0,11911.0,43169.0,14520.0,16096.0,42456.0
2025-07-19_04:25:23,8596.0,11911.0,43170.0,13427.0,16096.0,42456.0
2025-07-19_04:25:23,9867.0,11911.0,43170.0,14106.0,16096.0,42456.0
2025-07-19_04:25:24,,,,13994.0,16096.0,42456.0
2025-07-19_04:25:27,3319.0,11911.0,43170.0,12162.0,16096.0,42456.0
2025-07-19_04:25:27,,,,13897.0,16096.0,42456.0
2025-07-19_04:25:31,2780.0,11911.0,43170.0,12185.0,16096.0,42456.0
2025-07-19_04:25:32,8069.0,11911.0,43170.0,13231.0,16096.0,42456.0
2025-07-19_04:25:32,9859.0,11911.0,43170.0,14020.0,16096.0,42456.0
2025-07-19_04:25:32,10198.0,11911.0,43170.0,14359.0,16096.0,42456.0
2025-07-19_04:25:32,9224.0,11911.0,43170.0,13937.0,16096.0,42456.0
2025-07-19_04:25:32,10141.0,11911.0,43176.0,14136.0,16096.0,42456.0
2025-07-19_04:25:33,,,,14022.0,16096.0,42456.0
2025-07-19_04:25:36,3375.0,11911.0,43176.0,12190.0,16096.0,42456.0
2025-07-19_04:25:37,,,,14007.0,16096.0,42456.0
2025-07-19_04:25:40,3375.0,11911.0,43176.0,12193.0,16096.0,42456.0
2025-07-19_04:25:41,,,,14113.0,16096.0,42456.0
2025-07-19_04:25:44,3360.0,11911.0,43176.0,12184.0,16096.0,42456.0
2025-07-19_04:25:44,,,,14290.0,16096.0,42456.0
2025-07-19_04:25:48,3375.0,11911.0,43176.0,12191.0,16096.0,42456.0
2025-07-19_04:25:48,,,,13884.0,16096.0,42456.0
2025-07-19_04:25:52,3375.0,11911.0,43176.0,12163.0,16096.0,42456.0
2025-07-19_04:25:52,10194.0,11911.0,43176.0,14506.0,16096.0,42456.0
2025-07-19_04:25:52,8629.0,11911.0,43176.0,14130.0,16096.0,42456.0
2025-07-19_04:25:53,,,,13783.0,16096.0,42456.0
2025-07-19_04:25:56,3375.0,11911.0,43176.0,12189.0,16096.0,42456.0
2025-07-19_04:25:57,,,,14647.0,16096.0,42460.0
2025-07-19_04:26:00,3375.0,11911.0,43176.0,12179.0,16096.0,42460.0
2025-07-19_04:26:00,9500.0,11911.0,43176.0,14147.0,16096.0,42460.0
2025-07-19_04:26:01,8535.0,11911.0,43176.0,13934.0,16096.0,42460.0
2025-07-19_04:26:01,,,,14273.0,16096.0,42460.0
2025-07-19_04:26:05,3358.0,11911.0,43176.0,12195.0,16096.0,42460.0
2025-07-19_04:26:05,,,,13974.0,16096.0,42460.0
2025-07-19_04:26:08,,,,,,
2025-07-19_04:26:12,6962.0,11911.0,43176.0,3793.0,16096.0,42460.0
2025-07-19_04:26:13,9335.0,11911.0,43176.0,14255.0,16096.0,42460.0
2025-07-19_04:26:13,10682.0,11911.0,43176.0,14941.0,16096.0,42462.0
2025-07-19_04:26:13,8722.0,11911.0,43176.0,14094.0,16096.0,42462.0
2025-07-19_04:26:13,9946.0,11911.0,43176.0,14209.0,16096.0,42462.0
2025-07-19_04:26:13,9842.0,11911.0,43176.0,14340.0,16096.0,42462.0
2025-07-19_04:26:14,9992.0,11911.0,43178.0,14384.0,16096.0,42462.0
2025-07-19_04:26:14,10169.0,11911.0,43178.0,14440.0,16096.0,42463.0
2025-07-19_04:26:14,,,,,,
2025-07-19_04:26:18,6965.0,11911.0,43178.0,3792.0,16096.0,42463.0
2025-07-19_04:26:18,9899.0,11911.0,43178.0,14065.0,16096.0,42463.0
2025-07-19_04:26:18,9787.0,11911.0,43178.0,14116.0,16096.0,42463.0
2025-07-19_04:26:19,8602.0,11911.0,43178.0,14049.0,16096.0,42463.0
2025-07-19_04:26:19,9874.0,11911.0,43178.0,14108.0,16096.0,42463.0
2025-07-19_04:26:19,,,,14728.0,16096.0,42463.0
2025-07-19_04:26:23,3358.0,11911.0,43178.0,12191.0,16096.0,42463.0
2025-07-19_04:26:23,9666.0,11911.0,43178.0,13971.0,16096.0,42463.0
2025-07-19_04:26:23,,,,14002.0,16096.0,42463.0
2025-07-19_04:26:27,3319.0,11911.0,43178.0,12185.0,16096.0,42463.0
2025-07-19_04:26:27,,,,14105.0,16096.0,42471.0
2025-07-19_04:26:31,,,,,,
2025-07-19_04:26:35,6968.0,11911.0,43178.0,3793.0,16096.0,42471.0
2025-07-19_04:26:35,8685.0,11911.0,43178.0,14099.0,16096.0,42471.0
2025-07-19_04:26:35,9536.0,11911.0,43178.0,14151.0,16096.0,42471.0
2025-07-19_04:26:35,10152.0,11911.0,43178.0,14054.0,16096.0,42471.0
2025-07-19_04:26:36,,,,,,
2025-07-19_04:26:39,6966.0,11911.0,43178.0,3792.0,16096.0,42471.0
2025-07-19_04:26:40,,,,14101.0,16096.0,42471.0
2025-07-19_04:26:43,3373.0,11911.0,43178.0,12189.0,16096.0,42471.0
2025-07-19_04:26:44,10004.0,11911.0,43207.0,14189.0,16096.0,42471.0
2025-07-19_04:26:44,10107.0,11911.0,43207.0,14349.0,16096.0,42471.0
2025-07-19_04:26:44,,,,14117.0,16096.0,42471.0
2025-07-19_04:26:48,3375.0,11911.0,43207.0,12190.0,16096.0,42471.0
2025-07-19_04:26:48,8699.0,11911.0,43207.0,14269.0,16096.0,42471.0
2025-07-19_04:26:48,8663.0,11911.0,43214.0,13917.0,16096.0,42471.0
2025-07-19_04:26:48,9830.0,11911.0,43214.0,14094.0,16096.0,42471.0
2025-07-19_04:26:49,9437.0,11911.0,43214.0,14413.0,16096.0,42471.0
2025-07-19_04:26:49,,,,13936.0,16096.0,42471.0
2025-07-19_04:26:53,3319.0,11911.0,43214.0,12191.0,16096.0,42471.0
2025-07-19_04:26:53,10170.0,11911.0,43214.0,14351.0,16096.0,42471.0
2025-07-19_04:26:53,8681.0,11911.0,43214.0,14486.0,16096.0,42471.0
2025-07-19_04:26:53,9240.0,11911.0,43214.0,13794.0,16096.0,42471.0
2025-07-19_04:26:53,,,,13975.0,16096.0,42471.0
2025-07-19_04:26:57,3302.0,11911.0,43214.0,12196.0,16096.0,42471.0
2025-07-19_04:26:57,10179.0,11911.0,43214.0,14541.0,16096.0,42471.0
2025-07-19_04:26:58,9894.0,11911.0,43214.0,14111.0,16096.0,42471.0
2025-07-19_04:26:58,8563.0,11911.0,43226.0,14111.0,16096.0,42471.0
2025-07-19_04:26:58,9904.0,11911.0,43226.0,13969.0,16096.0,42471.0
2025-07-19_04:26:58,8654.0,11911.0,43226.0,14103.0,16096.0,42471.0
2025-07-19_04:26:58,,,,,,
2025-07-19_04:27:02,6963.0,11911.0,43226.0,3795.0,16096.0,42471.0
2025-07-19_04:27:02,9831.0,11911.0,43226.0,14109.0,16096.0,42471.0
2025-07-19_04:27:03,9743.0,11911.0,43226.0,14003.0,16096.0,42471.0
2025-07-19_04:27:03,9606.0,11911.0,43226.0,14025.0,16096.0,42471.0
2025-07-19_04:27:03,9586.0,11911.0,43226.0,14166.0,16096.0,42471.0
2025-07-19_04:27:03,,,,14122.0,16096.0,42471.0
2025-07-19_04:27:07,3302.0,11911.0,43226.0,12194.0,16096.0,42471.0
2025-07-19_04:27:07,9874.0,11911.0,43226.0,14215.0,16096.0,42471.0
2025-07-19_04:27:08,,,,14231.0,16096.0,42471.0
2025-07-19_04:27:11,3358.0,11911.0,43226.0,12161.0,16096.0,42471.0
2025-07-19_04:27:11,,,,,,
2025-07-19_04:27:15,6965.0,11911.0,43226.0,3793.0,16096.0,42471.0
2025-07-19_04:27:15,10157.0,11911.0,43226.0,14045.0,16096.0,42471.0
2025-07-19_04:27:16,8535.0,11911.0,43226.0,14104.0,16096.0,42471.0
2025-07-19_04:27:16,10105.0,11911.0,43226.0,14021.0,16096.0,42471.0
2025-07-19_04:27:16,10208.0,11911.0,43228.0,14165.0,16096.0,42475.0
2025-07-19_04:27:16,,,,,,
2025-07-19_04:27:20,6968.0,11911.0,43228.0,3793.0,16096.0,42475.0
2025-07-19_04:27:20,10136.0,11911.0,43228.0,14124.0,16096.0,42475.0
2025-07-19_04:27:21,,,,14258.0,16096.0,42475.0
2025-07-19_04:27:24,3375.0,11911.0,43228.0,12186.0,16096.0,42475.0
2025-07-19_04:27:25,9068.0,11911.0,43228.0,14140.0,16096.0,42475.0
2025-07-19_04:27:25,10398.0,11911.0,43228.0,14712.0,16096.0,42475.0
2025-07-19_04:27:25,,,,13099.0,16096.0,42475.0
2025-07-19_04:27:29,2778.0,11911.0,43228.0,12161.0,16096.0,42475.0
2025-07-19_04:27:29,9778.0,11911.0,43228.0,14103.0,16096.0,42475.0
2025-07-19_04:27:29,9405.0,11911.0,43240.0,14128.0,16096.0,42475.0
2025-07-19_04:27:29,10150.0,11911.0,43240.0,14476.0,16096.0,42475.0
2025-07-19_04:27:30,9929.0,11911.0,43240.0,14104.0,16096.0,42475.0
2025-07-19_04:27:30,8703.0,11911.0,43240.0,14204.0,16096.0,42475.0
2025-07-19_04:27:30,9761.0,11911.0,43240.0,14105.0,16096.0,42475.0
2025-07-19_04:27:30,9905.0,11911.0,43240.0,14020.0,16096.0,42475.0
2025-07-19_04:27:30,10219.0,11911.0,43242.0,14118.0,16096.0,42475.0
2025-07-19_04:27:31,9239.0,11911.0,43242.0,14128.0,16096.0,42475.0
2025-07-19_04:27:31,9849.0,11911.0,43242.0,14077.0,16096.0,42475.0
2025-07-19_04:27:31,,,,13990.0,16096.0,42475.0
2025-07-19_04:27:35,3319.0,11911.0,43242.0,12190.0,16096.0,42475.0
2025-07-19_04:27:35,10151.0,11911.0,43242.0,14050.0,16096.0,42475.0
2025-07-19_04:27:35,10014.0,11911.0,43242.0,14684.0,16096.0,42475.0
2025-07-19_04:27:36,10074.0,11911.0,43242.0,14345.0,16096.0,42475.0
2025-07-19_04:27:36,9856.0,11911.0,43251.0,13878.0,16096.0,42475.0
2025-07-19_04:27:36,,,,14087.0,16096.0,42475.0
2025-07-19_04:27:40,3319.0,11911.0,43251.0,12193.0,16096.0,42475.0
2025-07-19_04:27:40,9201.0,11911.0,43251.0,14037.0,16096.0,42475.0
2025-07-19_04:27:40,9432.0,11911.0,43251.0,14159.0,16096.0,42475.0
2025-07-19_04:27:40,10143.0,11911.0,43251.0,14570.0,16096.0,42475.0
2025-07-19_04:27:41,,,,14337.0,16096.0,42504.0
2025-07-19_04:27:44,3375.0,11911.0,43251.0,12190.0,16096.0,42504.0
2025-07-19_04:27:45,,,,13790.0,16096.0,42504.0
2025-07-19_04:27:48,3375.0,11911.0,43251.0,12178.0,16096.0,42504.0
2025-07-19_04:27:48,8527.0,11911.0,43251.0,13836.0,16096.0,42504.0
2025-07-19_04:27:49,10103.0,11911.0,43251.0,14145.0,16096.0,42504.0
2025-07-19_04:27:49,10232.0,11911.0,43259.0,13846.0,16096.0,42504.0
2025-07-19_04:27:49,,,,,,
2025-07-19_04:27:53,6966.0,11911.0,43259.0,3792.0,16096.0,42504.0
2025-07-19_04:27:53,9225.0,11911.0,43259.0,13884.0,16096.0,42504.0
2025-07-19_04:27:53,,,,,,
2025-07-19_04:27:57,6953.0,11911.0,43259.0,3793.0,16096.0,42504.0
2025-07-19_04:27:57,10193.0,11914.0,43264.0,14604.0,16096.0,42504.0
2025-07-19_04:27:58,8566.0,11914.0,43264.0,14064.0,16096.0,42504.0
2025-07-19_04:27:58,10229.0,11914.0,43264.0,14451.0,16096.0,42507.0
2025-07-19_04:27:59,2778.0,11914.0,43264.0,12185.0,16096.0,42507.0
2025-07-19_04:27:59,9740.0,11914.0,43264.0,13998.0,16096.0,42507.0
2025-07-19_04:27:59,10338.0,11914.0,43270.0,14678.0,16096.0,42507.0
2025-07-19_04:27:59,10189.0,11914.0,43270.0,14248.0,16096.0,42507.0
2025-07-19_04:28:00,,,,,,
2025-07-19_04:28:03,6968.0,11914.0,43270.0,3793.0,16096.0,42507.0
2025-07-19_04:28:04,9849.0,11914.0,43270.0,14086.0,16096.0,42507.0
2025-07-19_04:28:04,9924.0,11914.0,43270.0,14185.0,16096.0,42507.0
2025-07-19_04:28:04,10176.0,11914.0,43270.0,14390.0,16096.0,42507.0
2025-07-19_04:28:04,9967.0,11914.0,43270.0,14501.0,16096.0,42507.0
2025-07-19_04:28:05,9894.0,11914.0,43270.0,14279.0,16096.0,42507.0
2025-07-19_04:28:05,9876.0,11914.0,43270.0,14022.0,16096.0,42507.0
2025-07-19_04:28:05,9682.0,11914.0,43270.0,14326.0,16096.0,42507.0
2025-07-19_04:28:05,10138.0,11914.0,43270.0,14386.0,16096.0,42507.0
2025-07-19_04:28:06,10479.0,11914.0,43273.0,14431.0,16096.0,42507.0
2025-07-19_04:28:06,10097.0,11914.0,43273.0,14037.0,16096.0,42507.0
2025-07-19_04:28:06,9815.0,11914.0,43273.0,14015.0,16096.0,42507.0
2025-07-19_04:28:06,9670.0,11914.0,43273.0,14121.0,16096.0,42507.0
2025-07-19_04:28:06,10045.0,11914.0,43273.0,14497.0,16096.0,42507.0
2025-07-19_04:28:07,,,,13972.0,16096.0,42507.0
2025-07-19_04:28:10,3358.0,11914.0,43273.0,12161.0,16096.0,42507.0
2025-07-19_04:28:11,,,,13833.0,16096.0,42507.0
2025-07-19_04:28:14,3358.0,11914.0,43273.0,12195.0,16096.0,42507.0
2025-07-19_04:28:15,10486.0,11914.0,43273.0,14657.0,16096.0,42507.0
2025-07-19_04:28:15,8610.0,11914.0,43273.0,14158.0,16096.0,42507.0
2025-07-19_04:28:15,10453.0,11914.0,43273.0,14666.0,16096.0,42507.0
2025-07-19_04:28:15,9743.0,11914.0,43273.0,14078.0,16097.0,42511.0
2025-07-19_04:28:15,9840.0,11914.0,43273.0,14398.0,16097.0,42511.0
2025-07-19_04:28:16,,,,,,
2025-07-19_04:28:19,6964.0,11914.0,43273.0,3787.0,16097.0,42511.0
2025-07-19_04:28:20,,,,,,
2025-07-19_04:28:23,6967.0,11914.0,43273.0,3793.0,16097.0,42511.0
2025-07-19_04:28:24,10213.0,11914.0,43273.0,14349.0,16097.0,42511.0
2025-07-19_04:28:24,8646.0,11914.0,43273.0,14094.0,16097.0,42511.0
2025-07-19_04:28:24,,,,14310.0,16097.0,42511.0
2025-07-19_04:28:28,3375.0,11914.0,43273.0,12186.0,16097.0,42511.0
2025-07-19_04:28:28,,,,,,
2025-07-19_04:28:32,6968.0,11914.0,43273.0,3793.0,16097.0,42511.0
2025-07-19_04:28:32,10187.0,11914.0,43273.0,14303.0,16097.0,42511.0
2025-07-19_04:28:32,,,,14243.0,16097.0,42511.0
2025-07-19_04:28:36,2778.0,11914.0,43273.0,12160.0,16097.0,42511.0
2025-07-19_04:28:36,10048.0,11914.0,43286.0,14371.0,16097.0,42514.0
2025-07-19_04:28:37,,,,,,
2025-07-19_04:28:40,6965.0,11914.0,43286.0,3793.0,16097.0,42514.0
2025-07-19_04:28:41,9932.0,11914.0,43286.0,14325.0,16097.0,42514.0
2025-07-19_04:28:41,8642.0,11914.0,43286.0,14219.0,16097.0,42514.0
2025-07-19_04:28:41,,,,14498.0,16097.0,42514.0
2025-07-19_04:28:45,3375.0,11914.0,43286.0,12183.0,16097.0,42514.0
2025-07-19_04:28:45,10150.0,11914.0,43287.0,14052.0,16097.0,42515.0
2025-07-19_04:28:45,9771.0,11914.0,43287.0,14270.0,16097.0,42515.0
2025-07-19_04:28:45,10220.0,11914.0,43287.0,14189.0,16097.0,42515.0
2025-07-19_04:28:46,,,,14233.0,16097.0,42515.0
2025-07-19_04:28:49,3375.0,11914.0,43287.0,12183.0,16097.0,42515.0
2025-07-19_04:28:50,10136.0,11914.0,43291.0,14650.0,16097.0,42525.0
2025-07-19_04:28:50,9718.0,11914.0,43291.0,14110.0,16097.0,42525.0
2025-07-19_04:28:50,,,,14006.0,16097.0,42525.0
2025-07-19_04:28:54,3302.0,11914.0,43291.0,12195.0,16097.0,42525.0
2025-07-19_04:28:54,9924.0,11914.0,43291.0,14114.0,16097.0,42525.0
2025-07-19_04:28:54,9201.0,11914.0,43291.0,14139.0,16097.0,42525.0
2025-07-19_04:28:55,,,,14666.0,16097.0,42525.0
2025-07-19_04:28:58,3358.0,11914.0,43291.0,12173.0,16097.0,42525.0
2025-07-19_04:28:58,,,,,,
2025-07-19_04:29:02,6963.0,11914.0,43291.0,3793.0,16097.0,42525.0
2025-07-19_04:29:02,9915.0,11914.0,43291.0,13960.0,16097.0,42525.0
2025-07-19_04:29:03,10298.0,11914.0,43291.0,13947.0,16097.0,42528.0
2025-07-19_04:29:03,9750.0,11914.0,43292.0,14023.0,16097.0,42528.0
2025-07-19_04:29:03,,,,13611.0,16097.0,42528.0
2025-07-19_04:29:07,3358.0,11914.0,43292.0,12171.0,16097.0,42528.0
2025-07-19_04:29:07,,,,,,
2025-07-19_04:29:11,6966.0,11914.0,43292.0,3795.0,16097.0,42528.0
2025-07-19_04:29:11,9922.0,11914.0,43292.0,14361.0,16097.0,42528.0
2025-07-19_04:29:11,9712.0,11914.0,43292.0,13866.0,16097.0,42528.0
2025-07-19_04:29:11,,,,,,
2025-07-19_04:29:15,6965.0,11914.0,43292.0,3793.0,16097.0,42528.0
2025-07-19_04:29:15,9213.0,11914.0,43292.0,13943.0,16097.0,42528.0
2025-07-19_04:29:16,10048.0,11914.0,43292.0,14306.0,16097.0,42528.0
2025-07-19_04:29:16,10222.0,11914.0,43292.0,14632.0,16097.0,42528.0
2025-07-19_04:29:16,,,,13993.0,16097.0,42528.0
2025-07-19_04:29:20,3302.0,11914.0,43292.0,12161.0,16097.0,42528.0
2025-07-19_04:29:20,9880.0,11914.0,43292.0,14087.0,16097.0,42528.0
2025-07-19_04:29:20,,,,13780.0,16097.0,42528.0
2025-07-19_04:29:24,3317.0,11914.0,43292.0,12165.0,16097.0,42528.0
2025-07-19_04:29:24,,,,,,
2025-07-19_04:29:29,2778.0,11914.0,43292.0,3776.0,16097.0,42528.0
2025-07-19_04:29:29,,,,14393.0,16105.0,42538.0
2025-07-19_04:29:33,2778.0,11914.0,43292.0,12159.0,16105.0,42538.0
2025-07-19_04:29:33,9681.0,11914.0,43292.0,13985.0,16105.0,42538.0
2025-07-19_04:29:33,,,,14311.0,16105.0,42538.0
2025-07-19_04:29:37,3358.0,11914.0,43292.0,12194.0,16105.0,42538.0
2025-07-19_04:29:37,,,,,,
2025-07-19_04:29:41,6964.0,11914.0,43292.0,3793.0,16105.0,42538.0
2025-07-19_04:29:41,9773.0,11914.0,43292.0,14204.0,16105.0,42538.0
2025-07-19_04:29:41,9146.0,11914.0,43292.0,13802.0,16105.0,42538.0
2025-07-19_04:29:41,,,,14010.0,16105.0,42538.0
2025-07-19_04:29:45,3319.0,11914.0,43292.0,12167.0,16105.0,42538.0
2025-07-19_04:29:45,10217.0,11914.0,43292.0,14148.0,16105.0,42538.0
2025-07-19_04:29:46,,,,,,
2025-07-19_04:29:49,6967.0,11914.0,43292.0,3793.0,16105.0,42538.0
2025-07-19_04:29:50,,,,14222.0,16105.0,42538.0
2025-07-19_04:29:53,,,,,,
2025-07-19_04:29:57,6968.0,11914.0,43292.0,3792.0,16105.0,42538.0
2025-07-19_04:29:57,,,,,,
2025-07-19_04:30:01,6963.0,11914.0,43292.0,3793.0,16105.0,42538.0
2025-07-19_04:30:01,8662.0,11914.0,43292.0,14398.0,16105.0,42538.0
2025-07-19_04:30:02,9979.0,11914.0,43292.0,14158.0,16105.0,42538.0
2025-07-19_04:30:02,10056.0,11914.0,43292.0,14483.0,16105.0,42538.0
2025-07-19_04:30:02,,,,14289.0,16105.0,42538.0
2025-07-19_04:30:06,3375.0,11914.0,43292.0,12168.0,16105.0,42538.0
2025-07-19_04:30:06,,,,,,
2025-07-19_04:30:10,2780.0,11914.0,43292.0,3776.0,16105.0,42538.0
2025-07-19_04:30:11,9947.0,11914.0,43292.0,14582.0,16105.0,42538.0
2025-07-19_04:30:11,9301.0,11914.0,43292.0,14100.0,16105.0,42538.0
2025-07-19_04:30:11,,,,13918.0,16105.0,42538.0
2025-07-19_04:30:15,3319.0,11914.0,43292.0,12168.0,16105.0,42538.0
2025-07-19_04:30:15,,,,11879.0,16105.0,42538.0
2025-07-19_04:30:19,2778.0,11914.0,43292.0,12183.0,16105.0,42538.0
2025-07-19_04:30:19,,,,14118.0,16105.0,42538.0
2025-07-19_04:30:23,3302.0,11914.0,43292.0,12189.0,16105.0,42538.0
2025-07-19_04:30:23,9684.0,11914.0,43292.0,14180.0,16105.0,42538.0
2025-07-19_04:30:23,,,,,,
2025-07-19_04:30:27,6966.0,11914.0,43292.0,3787.0,16105.0,42538.0
2025-07-19_04:30:27,,,,14109.0,16105.0,42538.0
2025-07-19_04:30:31,3302.0,11914.0,43292.0,12194.0,16105.0,42538.0
2025-07-19_04:30:31,10221.0,11914.0,43292.0,14574.0,16105.0,42538.0
2025-07-19_04:30:31,9613.0,11914.0,43292.0,14200.0,16105.0,42538.0
2025-07-19_04:30:32,,,,,,
2025-07-19_04:30:35,6961.0,11914.0,43292.0,3793.0,16105.0,42538.0
2025-07-19_04:30:36,,,,14150.0,16105.0,42538.0
2025-07-19_04:30:39,3319.0,11914.0,43292.0,12190.0,16105.0,42538.0
2025-07-19_04:30:39,,,,14109.0,16105.0,42538.0
2025-07-19_04:30:43,,,,,,
2025-07-19_04:30:47,6966.0,11914.0,43292.0,3792.0,16105.0,42538.0
2025-07-19_04:30:47,9874.0,11914.0,43292.0,14511.0,16105.0,42552.0
2025-07-19_04:30:48,8682.0,11914.0,43292.0,13845.0,16105.0,42552.0
2025-07-19_04:30:48,10357.0,11914.0,43292.0,14136.0,16105.0,42552.0
2025-07-19_04:30:48,9922.0,11914.0,43292.0,14761.0,16105.0,42555.0
2025-07-19_04:30:48,9911.0,11914.0,43292.0,14304.0,16105.0,42555.0
2025-07-19_04:30:48,10017.0,11914.0,43292.0,14135.0,16105.0,42555.0
2025-07-19_04:30:52,2778.0,11914.0,43292.0,12193.0,16105.0,42555.0
2025-07-19_04:30:53,,,,,,
2025-07-19_04:30:56,6968.0,11914.0,43292.0,3789.0,16105.0,42555.0
2025-07-19_04:30:57,9847.0,11914.0,43292.0,13991.0,16105.0,42555.0
2025-07-19_04:30:57,9890.0,11914.0,43292.0,14110.0,16105.0,42555.0
2025-07-19_04:30:57,9915.0,11914.0,43292.0,13975.0,16105.0,42555.0
2025-07-19_04:30:57,8630.0,11914.0,43292.0,14102.0,16105.0,42555.0
2025-07-19_04:30:57,9766.0,11914.0,43292.0,14294.0,16105.0,42555.0
2025-07-19_04:30:58,10110.0,11914.0,43292.0,14338.0,16105.0,42555.0
2025-07-19_04:30:58,10385.0,11914.0,43293.0,14724.0,16105.0,42559.0
2025-07-19_04:30:58,,,,14541.0,16105.0,42559.0
2025-07-19_04:31:02,3377.0,11914.0,43293.0,12192.0,16105.0,42559.0
2025-07-19_04:31:02,9767.0,11914.0,43293.0,14214.0,16105.0,42559.0
2025-07-19_04:31:02,9591.0,11914.0,43293.0,13989.0,16105.0,42559.0
2025-07-19_04:31:02,9957.0,11914.0,43293.0,14544.0,16105.0,42559.0
2025-07-19_04:31:03,,,,,,
2025-07-19_04:31:07,6966.0,11914.0,43293.0,3787.0,16105.0,42559.0
2025-07-19_04:31:07,,,,14343.0,16105.0,42561.0
2025-07-19_04:31:10,3358.0,11914.0,43293.0,12189.0,16105.0,42561.0
2025-07-19_04:31:11,10017.0,11914.0,43293.0,14325.0,16105.0,42561.0
2025-07-19_04:31:11,,,,14015.0,16105.0,42561.0
2025-07-19_04:31:15,3375.0,11914.0,43293.0,12198.0,16105.0,42561.0
2025-07-19_04:31:15,9607.0,11914.0,43293.0,14040.0,16105.0,42561.0
2025-07-19_04:31:15,,,,14193.0,16105.0,42561.0
2025-07-19_04:31:19,3358.0,11914.0,43293.0,12191.0,16105.0,42561.0
2025-07-19_04:31:19,8681.0,11914.0,43294.0,14351.0,16105.0,42561.0
2025-07-19_04:31:19,9899.0,11914.0,43294.0,14150.0,16105.0,42561.0
2025-07-19_04:31:19,10198.0,11914.0,43294.0,14573.0,16105.0,42561.0
2025-07-19_04:31:20,10067.0,11914.0,43294.0,14301.0,16105.0,42561.0
2025-07-19_04:31:20,8521.0,11914.0,43294.0,13254.0,16105.0,42561.0
2025-07-19_04:31:20,9856.0,11914.0,43294.0,14111.0,16105.0,42561.0
2025-07-19_04:31:20,9994.0,11914.0,43294.0,14349.0,16105.0,42561.0
2025-07-19_04:31:20,10251.0,11914.0,43297.0,14377.0,16105.0,42561.0
2025-07-19_04:31:21,,,,13784.0,16105.0,42561.0
2025-07-19_04:31:24,3319.0,11914.0,43297.0,12187.0,16105.0,42561.0
2025-07-19_04:31:25,9262.0,11914.0,43297.0,13930.0,16105.0,42561.0
2025-07-19_04:31:25,,,,14256.0,16105.0,42561.0
2025-07-19_04:31:29,3358.0,11914.0,43297.0,12165.0,16105.0,42561.0
2025-07-19_04:31:29,,,,14101.0,16105.0,42561.0
2025-07-19_04:31:32,3360.0,11914.0,43297.0,12187.0,16105.0,42561.0
2025-07-19_04:31:33,9203.0,11914.0,43297.0,13794.0,16105.0,42561.0
2025-07-19_04:31:33,10051.0,11914.0,43297.0,14097.0,16105.0,42561.0
2025-07-19_04:31:33,10237.0,11914.0,43297.0,14563.0,16105.0,42561.0
2025-07-19_04:31:33,9375.0,11914.0,43297.0,13850.0,16105.0,42561.0
2025-07-19_04:31:34,10189.0,11914.0,43297.0,14326.0,16105.0,42561.0
2025-07-19_04:31:34,10090.0,11914.0,43297.0,14341.0,16105.0,42561.0
2025-07-19_04:31:34,10072.0,11914.0,43297.0,14502.0,16105.0,42561.0
2025-07-19_04:31:34,10163.0,11914.0,43297.0,14140.0,16105.0,42561.0
2025-07-19_04:31:34,9957.0,11914.0,43297.0,14209.0,16105.0,42561.0
2025-07-19_04:31:35,,,,,,
2025-07-19_04:31:38,6954.0,11914.0,43297.0,3792.0,16105.0,42561.0
2025-07-19_04:31:39,,,,13945.0,16105.0,42561.0
2025-07-19_04:31:42,2778.0,11914.0,43297.0,12168.0,16105.0,42561.0
2025-07-19_04:31:43,,,,14132.0,16105.0,42561.0
2025-07-19_04:31:47,2778.0,11914.0,43297.0,12159.0,16105.0,42561.0
2025-07-19_04:31:47,10114.0,11914.0,43297.0,14133.0,16105.0,42561.0
2025-07-19_04:31:48,2778.0,11914.0,43297.0,12190.0,16105.0,42561.0
2025-07-19_04:31:48,10005.0,11914.0,43297.0,14033.0,16105.0,42561.0
2025-07-19_04:31:48,8541.0,11914.0,43297.0,13807.0,16105.0,42561.0
2025-07-19_04:31:48,10204.0,11914.0,43299.0,14351.0,16105.0,42561.0
2025-07-19_04:31:49,,,,14048.0,16105.0,42561.0
2025-07-19_04:31:52,3375.0,11914.0,43299.0,12168.0,16105.0,42561.0
2025-07-19_04:31:52,10047.0,11914.0,43299.0,14209.0,16105.0,42561.0
2025-07-19_04:31:53,10074.0,11914.0,43299.0,14363.0,16105.0,42561.0
2025-07-19_04:31:53,10034.0,11914.0,43299.0,14353.0,16105.0,42561.0
2025-07-19_04:31:53,9650.0,11914.0,43299.0,13970.0,16105.0,42561.0
2025-07-19_04:31:53,9663.0,11914.0,43299.0,14100.0,16105.0,42561.0
2025-07-19_04:31:54,9903.0,11914.0,43299.0,14073.0,16105.0,42561.0
2025-07-19_04:31:54,,,,,,
2025-07-19_04:31:58,2778.0,11914.0,43299.0,3776.0,16105.0,42561.0
2025-07-19_04:31:58,,,,,,
2025-07-19_04:32:03,2778.0,11914.0,43299.0,3776.0,16105.0,42561.0
2025-07-19_04:32:03,10106.0,11914.0,43299.0,13937.0,16105.0,42561.0
2025-07-19_04:32:03,,,,14033.0,16105.0,42561.0
2025-07-19_04:32:07,3375.0,11914.0,43299.0,12190.0,16105.0,42561.0
2025-07-19_04:32:07,9868.0,11914.0,43299.0,13994.0,16105.0,42561.0
2025-07-19_04:32:08,2780.0,11914.0,43299.0,12174.0,16105.0,42561.0
2025-07-19_04:32:08,10164.0,11914.0,43299.0,14346.0,16105.0,42561.0
2025-07-19_04:32:09,10438.0,11914.0,43301.0,14673.0,16105.0,42561.0
2025-07-19_04:32:09,,,,,,
2025-07-19_04:32:13,6963.0,11914.0,43301.0,3792.0,16105.0,42561.0
2025-07-19_04:32:13,9845.0,11914.0,43301.0,14005.0,16105.0,42561.0
2025-07-19_04:32:13,9884.0,11914.0,43307.0,13891.0,16105.0,42561.0
2025-07-19_04:32:13,10284.0,11914.0,43307.0,13854.0,16108.0,42569.0
2025-07-19_04:32:13,10380.0,11914.0,43307.0,14685.0,16108.0,42569.0
2025-07-19_04:32:14,10044.0,11914.0,43307.0,14296.0,16108.0,42569.0
2025-07-19_04:32:14,,,,13926.0,16108.0,42569.0
2025-07-19_04:32:18,2778.0,11914.0,43307.0,12170.0,16108.0,42569.0
2025-07-19_04:32:18,,,,14344.0,16108.0,42569.0
2025-07-19_04:32:22,3358.0,11914.0,43307.0,12185.0,16108.0,42569.0
2025-07-19_04:32:22,9968.0,11914.0,43307.0,13811.0,16108.0,42569.0
2025-07-19_04:32:22,9913.0,11914.0,43307.0,14140.0,16110.0,42575.0
2025-07-19_04:32:22,8663.0,11914.0,43307.0,14080.0,16110.0,42575.0
2025-07-19_04:32:23,9684.0,11914.0,43307.0,14413.0,16110.0,42575.0
2025-07-19_04:32:23,9787.0,11914.0,43307.0,13749.0,16110.0,42575.0
2025-07-19_04:32:23,10216.0,11914.0,43307.0,14583.0,16110.0,42575.0
2025-07-19_04:32:23,9678.0,11914.0,43307.0,13999.0,16110.0,42575.0
2025-07-19_04:32:24,8533.0,11914.0,43307.0,13902.0,16110.0,42575.0
2025-07-19_04:32:24,8652.0,11914.0,43307.0,14069.0,16110.0,42575.0
2025-07-19_04:32:24,,,,14220.0,16110.0,42575.0
2025-07-19_04:32:28,3375.0,11914.0,43307.0,12191.0,16110.0,42575.0
2025-07-19_04:32:28,9678.0,11914.0,43307.0,14109.0,16110.0,42575.0
2025-07-19_04:32:28,8587.0,11914.0,43307.0,14029.0,16110.0,42575.0
2025-07-19_04:32:28,10340.0,11914.0,43307.0,14325.0,16110.0,42575.0
2025-07-19_04:32:29,,,,14031.0,16110.0,42575.0
2025-07-19_04:32:32,3302.0,11914.0,43307.0,12183.0,16110.0,42575.0
2025-07-19_04:32:33,10143.0,11914.0,43307.0,14068.0,16110.0,42575.0
2025-07-19_04:32:33,8577.0,11914.0,43307.0,13940.0,16110.0,42575.0
2025-07-19_04:32:33,,,,14097.0,16110.0,42575.0
2025-07-19_04:32:37,2778.0,11914.0,43307.0,12171.0,16110.0,42575.0
2025-07-19_04:32:37,,,,14184.0,16110.0,42575.0
2025-07-19_04:32:41,3358.0,11914.0,43307.0,12196.0,16110.0,42575.0
2025-07-19_04:32:41,9978.0,11914.0,43307.0,13801.0,16110.0,42575.0
2025-07-19_04:32:41,9765.0,11914.0,43307.0,14284.0,16110.0,42575.0
2025-07-19_04:32:41,,,,14146.0,16110.0,42624.0
2025-07-19_04:32:45,2778.0,11914.0,43307.0,12184.0,16110.0,42624.0
2025-07-19_04:32:45,8576.0,11914.0,43307.0,14052.0,16110.0,42624.0
2025-07-19_04:32:46,,,,,,
2025-07-19_04:32:49,6960.0,11914.0,43307.0,3793.0,16110.0,42624.0
2025-07-19_04:32:50,10324.0,11914.0,43307.0,14540.0,16110.0,42638.0
2025-07-19_04:32:50,9793.0,11914.0,43319.0,14337.0,16110.0,42638.0
2025-07-19_04:32:50,9193.0,11914.0,43319.0,13934.0,16110.0,42638.0
2025-07-19_04:32:50,10163.0,11914.0,43319.0,14094.0,16110.0,42638.0
2025-07-19_04:32:51,,,,13997.0,16110.0,42638.0
2025-07-19_04:32:54,3319.0,11914.0,43319.0,12185.0,16110.0,42638.0
2025-07-19_04:32:55,10027.0,11914.0,43319.0,14571.0,16110.0,42638.0
2025-07-19_04:32:55,,,,13979.0,16110.0,42638.0
2025-07-19_04:32:59,2778.0,11914.0,43319.0,12187.0,16110.0,42638.0
2025-07-19_04:32:59,10175.0,11914.0,43319.0,14341.0,16110.0,42638.0
2025-07-19_04:32:59,,,,13924.0,16110.0,42638.0
2025-07-19_04:33:03,,,,,,
2025-07-19_04:33:07,6964.0,11914.0,43319.0,3786.0,16110.0,42638.0
2025-07-19_04:33:07,10180.0,11914.0,43319.0,14565.0,16110.0,42638.0
2025-07-19_04:33:07,,,,14485.0,16110.0,42638.0
2025-07-19_04:33:11,2778.0,11914.0,43319.0,12183.0,16110.0,42638.0
2025-07-19_04:33:11,8633.0,11914.0,43319.0,14234.0,16110.0,42638.0
2025-07-19_04:33:11,9895.0,11914.0,43319.0,14112.0,16110.0,42638.0
2025-07-19_04:33:12,,,,,,
2025-07-19_04:33:15,6969.0,11914.0,43319.0,3793.0,16110.0,42638.0
2025-07-19_04:33:16,10057.0,11914.0,43319.0,14496.0,16110.0,42638.0
2025-07-19_04:33:16,8552.0,11914.0,43319.0,13897.0,16110.0,42638.0
2025-07-19_04:33:16,9686.0,11914.0,43319.0,14118.0,16110.0,42638.0
2025-07-19_04:33:16,8618.0,11914.0,43319.0,14034.0,16110.0,42638.0
2025-07-19_04:33:17,10333.0,11914.0,43323.0,14408.0,16110.0,42651.0
2025-07-19_04:33:17,10093.0,11914.0,43323.0,14050.0,16110.0,42651.0
2025-07-19_04:33:17,9698.0,11914.0,43323.0,13748.0,16110.0,42651.0
2025-07-19_04:33:17,10265.0,11914.0,43323.0,14415.0,16110.0,42651.0
2025-07-19_04:33:17,9063.0,11914.0,43323.0,13978.0,16110.0,42651.0
2025-07-19_04:33:18,,,,13958.0,16110.0,42651.0
2025-07-19_04:33:21,3358.0,11914.0,43323.0,12176.0,16110.0,42651.0
2025-07-19_04:33:22,,,,13979.0,16110.0,42651.0
2025-07-19_04:33:25,3319.0,11914.0,43323.0,12197.0,16110.0,42651.0
2025-07-19_04:33:25,10126.0,11914.0,43323.0,13875.0,16110.0,42651.0
2025-07-19_04:33:26,,,,13780.0,16110.0,42651.0
2025-07-19_04:33:29,,,,,,
2025-07-19_04:33:33,6964.0,11914.0,43323.0,3792.0,16110.0,42651.0
2025-07-19_04:33:33,10195.0,11914.0,43323.0,14167.0,16110.0,42651.0
2025-07-19_04:33:34,10091.0,11914.0,43326.0,14628.0,16110.0,42651.0
2025-07-19_04:33:34,10178.0,11914.0,43326.0,14349.0,16110.0,42651.0
2025-07-19_04:33:34,,,,13987.0,16110.0,42651.0
2025-07-19_04:33:38,3358.0,11914.0,43326.0,12187.0,16110.0,42651.0
2025-07-19_04:33:38,9981.0,11914.0,43326.0,14170.0,16110.0,42651.0
2025-07-19_04:33:38,10041.0,11914.0,43326.0,14316.0,16110.0,42651.0
2025-07-19_04:33:38,9958.0,11914.0,43326.0,14353.0,16110.0,42651.0
2025-07-19_04:33:39,,,,13878.0,16110.0,42651.0
2025-07-19_04:33:42,3302.0,11914.0,43326.0,12168.0,16110.0,42651.0
2025-07-19_04:33:43,,,,14024.0,16110.0,42651.0
2025-07-19_04:33:46,3375.0,11914.0,43326.0,12187.0,16110.0,42651.0
2025-07-19_04:33:47,9936.0,11914.0,43326.0,14109.0,16110.0,42651.0
2025-07-19_04:33:47,9786.0,11914.0,43326.0,14397.0,16110.0,42651.0
2025-07-19_04:33:47,8653.0,11914.0,43327.0,14093.0,16110.0,42651.0
2025-07-19_04:33:47,,,,13970.0,16110.0,42651.0
2025-07-19_04:33:51,3319.0,11914.0,43327.0,12191.0,16110.0,42651.0
2025-07-19_04:33:51,10269.0,11914.0,43327.0,14605.0,16110.0,42651.0
2025-07-19_04:33:51,10263.0,11914.0,43327.0,14302.0,16110.0,42651.0
2025-07-19_04:33:52,9963.0,11914.0,43327.0,14293.0,16110.0,42651.0
2025-07-19_04:33:52,10061.0,11914.0,43327.0,14491.0,16110.0,42651.0
2025-07-19_04:33:52,,,,,,
2025-07-19_04:33:56,6965.0,11914.0,43327.0,3793.0,16110.0,42651.0
2025-07-19_04:33:56,10273.0,11914.0,43327.0,14384.0,16110.0,42651.0
2025-07-19_04:33:56,10087.0,11914.0,43327.0,14186.0,16110.0,42651.0
2025-07-19_04:33:56,9927.0,11914.0,43327.0,13955.0,16110.0,42651.0
2025-07-19_04:33:57,,,,14067.0,16110.0,42651.0
2025-07-19_04:34:00,3375.0,11914.0,43327.0,12159.0,16110.0,42651.0
2025-07-19_04:34:01,,,,,,
2025-07-19_04:34:04,6968.0,11914.0,43327.0,3793.0,16110.0,42651.0
2025-07-19_04:34:05,10541.0,11928.0,43349.0,14387.0,16110.0,42655.0
2025-07-19_04:34:05,8550.0,11928.0,43349.0,13899.0,16110.0,42655.0
2025-07-19_04:34:05,9849.0,11928.0,43349.0,13841.0,16110.0,42655.0
2025-07-19_04:34:05,10060.0,11928.0,43349.0,14498.0,16110.0,42655.0
2025-07-19_04:34:05,8567.0,11928.0,43349.0,14088.0,16110.0,42655.0
2025-07-19_04:34:06,10054.0,11928.0,43349.0,14318.0,16110.0,42656.0
2025-07-19_04:34:06,8650.0,11928.0,43349.0,14090.0,16110.0,42656.0
2025-07-19_04:34:06,8539.0,11928.0,43349.0,14101.0,16110.0,42656.0
2025-07-19_04:34:06,9989.0,11928.0,43349.0,13901.0,16110.0,42656.0
2025-07-19_04:34:06,9283.0,11928.0,43349.0,14126.0,16110.0,42656.0
2025-07-19_04:34:07,,,,,,
2025-07-19_04:34:11,6970.0,11928.0,43349.0,3792.0,16110.0,42656.0
2025-07-19_04:34:11,,,,,,
2025-07-19_04:34:15,6964.0,11928.0,43349.0,3793.0,16110.0,42656.0
2025-07-19_04:34:15,10202.0,11928.0,43349.0,14328.0,16110.0,42656.0
2025-07-19_04:34:15,,,,14158.0,16110.0,42656.0
2025-07-19_04:34:19,3358.0,11928.0,43349.0,12161.0,16110.0,42656.0
2025-07-19_04:34:19,9876.0,11928.0,43349.0,13985.0,16110.0,42656.0
2025-07-19_04:34:19,,,,14028.0,16110.0,42656.0
2025-07-19_04:34:23,2780.0,11928.0,43349.0,12166.0,16110.0,42656.0
2025-07-19_04:34:23,8620.0,11928.0,43349.0,13979.0,16110.0,42656.0
2025-07-19_04:34:24,10015.0,11928.0,43349.0,14372.0,16110.0,42656.0
2025-07-19_04:34:24,9913.0,11928.0,43349.0,14386.0,16110.0,42656.0
2025-07-19_04:34:24,9599.0,11928.0,43349.0,14149.0,16110.0,42656.0
2025-07-19_04:34:24,9256.0,11928.0,43349.0,13792.0,16110.0,42656.0
2025-07-19_04:34:24,10430.0,11928.0,43371.0,14659.0,16110.0,42694.0
2025-07-19_04:34:25,,,,13234.0,16110.0,42694.0
2025-07-19_04:34:28,2778.0,11928.0,43371.0,12191.0,16110.0,42694.0
2025-07-19_04:34:29,8556.0,11928.0,43372.0,13755.0,16110.0,42694.0
2025-07-19_04:34:29,10359.0,11928.0,43376.0,14394.0,16110.0,42695.0
2025-07-19_04:34:29,10129.0,11928.0,43376.0,14036.0,16110.0,42695.0
2025-07-19_04:34:29,9540.0,11928.0,43376.0,14221.0,16110.0,42695.0
2025-07-19_04:34:30,,,,13873.0,16110.0,42695.0
2025-07-19_04:34:33,3319.0,11928.0,43376.0,12166.0,16110.0,42695.0
2025-07-19_04:34:33,9877.0,11928.0,43376.0,13858.0,16110.0,42695.0
2025-07-19_04:34:34,,,,13775.0,16110.0,42695.0
2025-07-19_04:34:37,3358.0,11928.0,43376.0,12185.0,16110.0,42695.0
2025-07-19_04:34:38,,,,11695.0,16110.0,42697.0
2025-07-19_04:34:41,2778.0,11928.0,43376.0,12160.0,16110.0,42697.0
2025-07-19_04:34:42,10223.0,11928.0,43376.0,14163.0,16110.0,42697.0
2025-07-19_04:34:42,10076.0,11928.0,43376.0,14071.0,16110.0,42697.0
2025-07-19_04:34:42,,,,,,
2025-07-19_04:34:46,6960.0,11928.0,43376.0,3793.0,16110.0,42697.0
2025-07-19_04:34:46,9230.0,11928.0,43376.0,14117.0,16110.0,42697.0
2025-07-19_04:34:46,9868.0,11928.0,43376.0,13985.0,16110.0,42697.0
2025-07-19_04:34:47,,,,,,
2025-07-19_04:34:50,6964.0,11928.0,43376.0,3787.0,16110.0,42697.0
2025-07-19_04:34:51,9911.0,11928.0,43378.0,14382.0,16110.0,42697.0
2025-07-19_04:34:51,,,,,,
2025-07-19_04:34:55,6968.0,11928.0,43378.0,3787.0,16110.0,42697.0
2025-07-19_04:34:55,,,,,,
2025-07-19_04:34:59,3356.0,11928.0,43378.0,4595.0,16110.0,42697.0
2025-07-19_04:34:59,9885.0,11928.0,43378.0,14125.0,16110.0,42697.0
2025-07-19_04:35:00,,,,13848.0,16110.0,42697.0
2025-07-19_04:35:03,3375.0,11928.0,43378.0,12162.0,16110.0,42697.0
2025-07-19_04:35:04,10022.0,11928.0,43378.0,14353.0,16110.0,42697.0
2025-07-19_04:35:04,8682.0,11928.0,43378.0,14219.0,16110.0,42697.0
2025-07-19_04:35:04,,,,13771.0,16110.0,42697.0
2025-07-19_04:35:08,3319.0,11928.0,43378.0,12195.0,16110.0,42697.0
2025-07-19_04:35:08,10538.0,11928.0,43378.0,14590.0,16110.0,42697.0
2025-07-19_04:35:08,,,,13966.0,16110.0,42697.0
2025-07-19_04:35:12,3319.0,11928.0,43378.0,12159.0,16110.0,42697.0
2025-07-19_04:35:12,10484.0,11928.0,43378.0,14506.0,16110.0,42697.0
2025-07-19_04:35:12,9138.0,11928.0,43379.0,13790.0,16110.0,42697.0
2025-07-19_04:35:12,,,,,,
2025-07-19_04:35:16,6970.0,11928.0,43379.0,3793.0,16110.0,42697.0
2025-07-19_04:35:16,,,,14317.0,16110.0,42697.0
2025-07-19_04:35:20,2778.0,11928.0,43379.0,12185.0,16110.0,42697.0
2025-07-19_04:35:21,9851.0,11928.0,43379.0,13794.0,16110.0,42697.0
2025-07-19_04:35:21,9717.0,11928.0,43379.0,14018.0,16110.0,42697.0
2025-07-19_04:35:21,9200.0,11928.0,43379.0,14146.0,16110.0,42697.0
2025-07-19_04:35:21,10159.0,11928.0,43379.0,14475.0,16110.0,42697.0
2025-07-19_04:35:21,9893.0,11928.0,43379.0,14077.0,16110.0,42697.0
2025-07-19_04:35:22,10495.0,11930.0,43381.0,14619.0,16110.0,42697.0
2025-07-19_04:35:22,,,,13973.0,16110.0,42697.0
2025-07-19_04:35:26,3375.0,11930.0,43381.0,12181.0,16110.0,42697.0
2025-07-19_04:35:26,9725.0,11930.0,43381.0,14100.0,16110.0,42697.0
2025-07-19_04:35:26,10241.0,11930.0,43381.0,14488.0,16110.0,42697.0
2025-07-19_04:35:27,2778.0,11930.0,43381.0,12174.0,16110.0,42697.0
2025-07-19_04:35:27,9683.0,11930.0,43381.0,13585.0,16110.0,42697.0
2025-07-19_04:35:27,9690.0,11930.0,43381.0,13951.0,16110.0,42697.0
2025-07-19_04:35:28,9941.0,11930.0,43381.0,14036.0,16110.0,42697.0
2025-07-19_04:35:28,9927.0,11930.0,43381.0,14381.0,16110.0,42697.0
2025-07-19_04:35:28,9889.0,11930.0,43381.0,13835.0,16110.0,42697.0
2025-07-19_04:35:28,10207.0,11930.0,43381.0,14395.0,16110.0,42697.0
2025-07-19_04:35:28,9839.0,11930.0,43381.0,14016.0,16110.0,42697.0
2025-07-19_04:35:29,8925.0,11930.0,43381.0,14074.0,16110.0,42697.0
2025-07-19_04:35:29,8600.0,11930.0,43381.0,14091.0,16110.0,42697.0
2025-07-19_04:35:29,10013.0,11930.0,43381.0,14286.0,16110.0,42697.0
2025-07-19_04:35:29,9907.0,11930.0,43381.0,14111.0,16110.0,42697.0
2025-07-19_04:35:30,10099.0,11930.0,43381.0,14045.0,16110.0,42697.0
2025-07-19_04:35:30,,,,,,
2025-07-19_04:35:34,2778.0,11930.0,43381.0,3776.0,16110.0,42697.0
2025-07-19_04:35:34,,,,,,
2025-07-19_04:35:38,6968.0,11930.0,43381.0,3792.0,16110.0,42697.0
2025-07-19_04:35:39,,,,13257.0,16110.0,42697.0
2025-07-19_04:35:42,2778.0,11930.0,43381.0,12167.0,16110.0,42697.0
2025-07-19_04:35:43,10228.0,11930.0,43382.0,14403.0,16110.0,42697.0
2025-07-19_04:35:43,9857.0,11930.0,43382.0,14374.0,16110.0,42697.0
2025-07-19_04:35:43,9885.0,11930.0,43386.0,14295.0,16110.0,42697.0
2025-07-19_04:35:43,9504.0,11930.0,43386.0,14092.0,16110.0,42697.0
2025-07-19_04:35:44,10201.0,11930.0,43386.0,14356.0,16110.0,42697.0
2025-07-19_04:35:44,,,,13975.0,16110.0,42697.0
2025-07-19_04:35:48,3319.0,11930.0,43386.0,12191.0,16110.0,42697.0
2025-07-19_04:35:48,9601.0,11930.0,43386.0,13891.0,16110.0,42697.0
2025-07-19_04:35:48,9882.0,11930.0,43386.0,14015.0,16110.0,42697.0
2025-07-19_04:35:48,8659.0,11930.0,43386.0,14398.0,16110.0,42698.0
2025-07-19_04:35:48,,,,14390.0,16110.0,42698.0
2025-07-19_04:35:52,2778.0,11930.0,43386.0,12184.0,16110.0,42698.0
2025-07-19_04:35:52,,,,,,
2025-07-19_04:35:56,6971.0,11930.0,43386.0,3793.0,16110.0,42698.0
2025-07-19_04:35:57,10094.0,11930.0,43386.0,14396.0,16110.0,42698.0
2025-07-19_04:35:57,,,,,,
2025-07-19_04:36:01,6967.0,11930.0,43386.0,3793.0,16110.0,42698.0
2025-07-19_04:36:01,9992.0,11930.0,43386.0,14245.0,16110.0,42698.0
2025-07-19_04:36:01,9605.0,11930.0,43386.0,14165.0,16110.0,42698.0
2025-07-19_04:36:01,10137.0,11930.0,43386.0,14073.0,16110.0,42698.0
2025-07-19_04:36:01,9874.0,11930.0,43386.0,14270.0,16110.0,42718.0
2025-07-19_04:36:02,8538.0,11930.0,43386.0,14176.0,16110.0,42718.0
2025-07-19_04:36:02,9873.0,11930.0,43386.0,14140.0,16110.0,42718.0
2025-07-19_04:36:02,9881.0,11930.0,43386.0,13982.0,16110.0,42718.0
2025-07-19_04:36:02,,,,,,
2025-07-19_04:36:06,6975.0,11930.0,43386.0,3793.0,16110.0,42718.0
2025-07-19_04:36:06,,,,,,
2025-07-19_04:36:10,6959.0,11930.0,43386.0,3792.0,16110.0,42718.0
2025-07-19_04:36:11,10003.0,11930.0,43386.0,14179.0,16110.0,42718.0
2025-07-19_04:36:11,9940.0,11930.0,43386.0,14227.0,16110.0,42720.0
2025-07-19_04:36:11,8564.0,11930.0,43386.0,13928.0,16110.0,42720.0
2025-07-19_04:36:11,,,,,,
2025-07-19_04:36:15,6962.0,11930.0,43386.0,3787.0,16110.0,42720.0
2025-07-19_04:36:15,8673.0,11930.0,43386.0,14165.0,16110.0,42720.0
2025-07-19_04:36:15,9080.0,11930.0,43386.0,13794.0,16110.0,42720.0
2025-07-19_04:36:16,10739.0,11930.0,43392.0,14932.0,16110.0,42720.0
2025-07-19_04:36:16,9732.0,11930.0,43392.0,13991.0,16110.0,42720.0
2025-07-19_04:36:16,10328.0,11930.0,43392.0,14156.0,16110.0,42720.0
2025-07-19_04:36:16,10165.0,11930.0,43395.0,14051.0,16110.0,42720.0
2025-07-19_04:36:17,9897.0,11930.0,43395.0,13802.0,16110.0,42720.0
2025-07-19_04:36:17,,,,14480.0,16110.0,42720.0
2025-07-19_04:36:21,2778.0,11930.0,43395.0,12187.0,16110.0,42720.0
2025-07-19_04:36:21,10006.0,11930.0,43395.0,13980.0,16115.0,42742.0
2025-07-19_04:36:21,8672.0,11930.0,43395.0,14190.0,16115.0,42742.0
2025-07-19_04:36:21,8093.0,11930.0,43395.0,12890.0,16115.0,42742.0
2025-07-19_04:36:22,9676.0,11930.0,43395.0,14117.0,16115.0,42742.0
2025-07-19_04:36:22,10145.0,11930.0,43395.0,13934.0,16115.0,42742.0
2025-07-19_04:36:23,2778.0,11930.0,43395.0,12203.0,16115.0,42742.0
2025-07-19_04:36:23,,,,14115.0,16115.0,42742.0
2025-07-19_04:36:27,2778.0,11930.0,43395.0,12190.0,16115.0,42742.0
2025-07-19_04:36:27,,,,14096.0,16115.0,42745.0
2025-07-19_04:36:31,2778.0,11930.0,43395.0,12166.0,16115.0,42745.0
2025-07-19_04:36:31,8606.0,11930.0,43395.0,14015.0,16115.0,42745.0
2025-07-19_04:36:31,10025.0,11930.0,43395.0,14260.0,16115.0,42745.0
2025-07-19_04:36:31,9903.0,11930.0,43395.0,14264.0,16115.0,42745.0
2025-07-19_04:36:32,,,,,,
2025-07-19_04:36:35,6960.0,11930.0,43395.0,3793.0,16115.0,42745.0
2025-07-19_04:36:36,9886.0,11930.0,43395.0,14372.0,16115.0,42745.0
2025-07-19_04:36:36,8527.0,11930.0,43395.0,14200.0,16115.0,42745.0
2025-07-19_04:36:37,2778.0,11930.0,43395.0,12184.0,16115.0,42745.0
2025-07-19_04:36:37,9883.0,11930.0,43395.0,13980.0,16115.0,42745.0
2025-07-19_04:36:37,9743.0,11930.0,43395.0,14022.0,16115.0,42745.0
2025-07-19_04:36:37,,,,,,
2025-07-19_04:36:41,6962.0,11930.0,43395.0,3793.0,16115.0,42745.0
2025-07-19_04:36:41,10074.0,11930.0,43395.0,14377.0,16115.0,42745.0
2025-07-19_04:36:42,9888.0,11930.0,43395.0,14096.0,16115.0,42745.0
2025-07-19_04:36:42,9387.0,11930.0,43395.0,13930.0,16115.0,42745.0
2025-07-19_04:36:42,9880.0,11930.0,43395.0,14399.0,16115.0,42745.0
2025-07-19_04:36:42,10077.0,11930.0,43395.0,14222.0,16123.0,42814.0
2025-07-19_04:36:43,,,,14211.0,16123.0,42814.0
2025-07-19_04:36:46,3360.0,11930.0,43395.0,12145.0,16123.0,42814.0
2025-07-19_04:36:46,9876.0,11930.0,43395.0,13973.0,16123.0,42814.0
2025-07-19_04:36:47,9998.0,11930.0,43395.0,14080.0,16123.0,42816.0
2025-07-19_04:36:47,,,,,,
2025-07-19_04:36:51,6966.0,11930.0,43395.0,3793.0,16123.0,42816.0
2025-07-19_04:36:51,,,,,,
2025-07-19_04:36:55,3356.0,11930.0,43395.0,4595.0,16123.0,42816.0
2025-07-19_04:36:55,,,,,,
2025-07-19_04:36:59,6963.0,11930.0,43395.0,3786.0,16123.0,42816.0
2025-07-19_04:36:59,8557.0,11930.0,43395.0,13926.0,16123.0,42816.0
2025-07-19_04:37:00,,,,13835.0,16123.0,42816.0
2025-07-19_04:37:03,3302.0,11930.0,43395.0,12194.0,16123.0,42816.0
2025-07-19_04:37:04,9879.0,11930.0,43395.0,14013.0,16123.0,42816.0
2025-07-19_04:37:04,9898.0,11930.0,43395.0,14388.0,16123.0,42816.0
2025-07-19_04:37:04,10091.0,11930.0,43395.0,14670.0,16123.0,42816.0
2025-07-19_04:37:04,9961.0,11930.0,43395.0,14384.0,16123.0,42816.0
2025-07-19_04:37:04,9810.0,11930.0,43395.0,13987.0,16123.0,42816.0
2025-07-19_04:37:05,,,,14064.0,16123.0,42816.0
2025-07-19_04:37:08,3302.0,11930.0,43395.0,12162.0,16123.0,42816.0
2025-07-19_04:37:09,9082.0,11930.0,43395.0,13785.0,16123.0,42816.0
2025-07-19_04:37:09,,,,14167.0,16123.0,42816.0
2025-07-19_04:37:12,3375.0,11930.0,43395.0,12188.0,16123.0,42816.0
2025-07-19_04:37:13,10391.0,11930.0,43399.0,14453.0,16123.0,42816.0
2025-07-19_04:37:13,9959.0,11930.0,43399.0,14289.0,16123.0,42816.0
2025-07-19_04:37:13,8725.0,11930.0,43399.0,14091.0,16123.0,42816.0
2025-07-19_04:37:13,9834.0,11930.0,43402.0,13973.0,16123.0,42816.0
2025-07-19_04:37:13,10276.0,11930.0,43402.0,14399.0,16123.0,42816.0
2025-07-19_04:37:14,,,,,,
2025-07-19_04:37:18,6963.0,11930.0,43402.0,3793.0,16123.0,42816.0
2025-07-19_04:37:18,10220.0,11930.0,43402.0,14318.0,16123.0,42816.0
2025-07-19_04:37:18,,,,13593.0,16123.0,42816.0
2025-07-19_04:37:22,3302.0,11930.0,43402.0,12177.0,16123.0,42816.0
2025-07-19_04:37:22,10057.0,11930.0,43402.0,14419.0,16123.0,42816.0
2025-07-19_04:37:22,,,,13994.0,16123.0,42816.0
2025-07-19_04:37:26,3358.0,11930.0,43402.0,12184.0,16123.0,42816.0
2025-07-19_04:37:26,10291.0,11930.0,43402.0,14386.0,16123.0,42816.0
2025-07-19_04:37:26,9679.0,11930.0,43402.0,14067.0,16123.0,42816.0
2025-07-19_04:37:26,9985.0,11930.0,43423.0,14368.0,16123.0,42816.0
2025-07-19_04:37:27,8546.0,11930.0,43423.0,13640.0,16123.0,42816.0
2025-07-19_04:37:27,9770.0,11930.0,43423.0,14193.0,16123.0,42816.0
2025-07-19_04:37:27,,,,,,
2025-07-19_04:37:31,6964.0,11930.0,43423.0,3795.0,16123.0,42816.0
2025-07-19_04:37:31,9738.0,11930.0,43423.0,13756.0,16123.0,42816.0
2025-07-19_04:37:31,8690.0,11930.0,43423.0,13964.0,16123.0,42816.0
2025-07-19_04:37:32,9725.0,11930.0,43423.0,13989.0,16123.0,42816.0
2025-07-19_04:37:32,10331.0,11930.0,43423.0,14396.0,16123.0,42816.0
2025-07-19_04:37:32,9959.0,11930.0,43423.0,14502.0,16123.0,42816.0
2025-07-19_04:37:32,,,,,,
2025-07-19_04:37:36,6959.0,11930.0,43423.0,3793.0,16123.0,42816.0
2025-07-19_04:37:36,,,,14142.0,16123.0,42816.0
2025-07-19_04:37:40,3358.0,11930.0,43423.0,12189.0,16123.0,42816.0
2025-07-19_04:37:40,8070.0,11930.0,43423.0,13043.0,16123.0,42816.0
2025-07-19_04:37:40,8606.0,11930.0,43423.0,14174.0,16123.0,42816.0
2025-07-19_04:37:41,10354.0,11930.0,43425.0,14423.0,16123.0,42816.0
2025-07-19_04:37:41,9327.0,11930.0,43425.0,13951.0,16123.0,42816.0
2025-07-19_04:37:41,10346.0,11930.0,43425.0,14581.0,16123.0,42816.0
2025-07-19_04:37:41,10300.0,11930.0,43425.0,14509.0,16123.0,42816.0
2025-07-19_04:37:42,,,,,,
2025-07-19_04:37:45,6963.0,11930.0,43425.0,3792.0,16123.0,42816.0
2025-07-19_04:37:46,9751.0,11932.0,43427.0,13970.0,16123.0,42816.0
2025-07-19_04:37:46,,,,13783.0,16123.0,42816.0
2025-07-19_04:37:49,3302.0,11932.0,43427.0,12185.0,16123.0,42816.0
2025-07-19_04:37:50,,,,,,
2025-07-19_04:37:54,6967.0,11932.0,43427.0,3788.0,16123.0,42816.0
2025-07-19_04:37:54,9953.0,11932.0,43427.0,14011.0,16123.0,42816.0
2025-07-19_04:37:54,,,,,,
2025-07-19_04:37:58,6963.0,11932.0,43427.0,3793.0,16123.0,42816.0
2025-07-19_04:37:58,,,,,,
2025-07-19_04:38:02,6968.0,11932.0,43427.0,3793.0,16123.0,42816.0
2025-07-19_04:38:02,10022.0,11932.0,43427.0,14140.0,16123.0,42817.0
2025-07-19_04:38:02,8586.0,11932.0,43427.0,14318.0,16123.0,42817.0
2025-07-19_04:38:02,9961.0,11932.0,43427.0,14351.0,16123.0,42817.0
2025-07-19_04:38:03,9883.0,11932.0,43427.0,14147.0,16123.0,42817.0
2025-07-19_04:38:03,10239.0,11932.0,43427.0,14468.0,16123.0,42817.0
2025-07-19_04:38:03,9486.0,11932.0,43427.0,13731.0,16123.0,42817.0
2025-07-19_04:38:03,,,,,,
2025-07-19_04:38:07,6960.0,11932.0,43427.0,3792.0,16123.0,42817.0
2025-07-19_04:38:07,8525.0,11932.0,43427.0,13895.0,16123.0,42817.0
2025-07-19_04:38:08,8091.0,11932.0,43427.0,13087.0,16123.0,42817.0
2025-07-19_04:38:08,,,,,,
2025-07-19_04:38:12,6966.0,11932.0,43427.0,3793.0,16123.0,42817.0
2025-07-19_04:38:12,10201.0,11932.0,43427.0,14132.0,16123.0,42817.0
2025-07-19_04:38:12,10104.0,11932.0,43427.0,14553.0,16123.0,42818.0
2025-07-19_04:38:12,10166.0,11932.0,43427.0,14517.0,16123.0,42818.0
2025-07-19_04:38:13,,,,14054.0,16123.0,42876.0
2025-07-19_04:38:16,2778.0,11932.0,43427.0,12191.0,16123.0,42876.0
2025-07-19_04:38:17,9917.0,11932.0,43427.0,14610.0,16123.0,42876.0
2025-07-19_04:38:17,9567.0,11932.0,43427.0,14034.0,16123.0,42876.0
2025-07-19_04:38:17,9922.0,11932.0,43427.0,14236.0,16123.0,42876.0
2025-07-19_04:38:17,9841.0,11932.0,43427.0,13988.0,16123.0,42876.0
2025-07-19_04:38:18,8555.0,11932.0,43427.0,14224.0,16123.0,42876.0
2025-07-19_04:38:18,9696.0,11932.0,43427.0,14196.0,16123.0,42876.0
2025-07-19_04:38:18,10217.0,11932.0,43427.0,14692.0,16123.0,42876.0
2025-07-19_04:38:18,9678.0,11932.0,43427.0,14108.0,16123.0,42876.0
2025-07-19_04:38:19,,,,14185.0,16123.0,42876.0
2025-07-19_04:38:22,3375.0,11932.0,43427.0,12186.0,16123.0,42876.0
2025-07-19_04:38:22,9966.0,11932.0,43427.0,14042.0,16123.0,42876.0
2025-07-19_04:38:23,,,,14111.0,16123.0,42876.0
2025-07-19_04:38:27,2778.0,11932.0,43427.0,12164.0,16123.0,42876.0
2025-07-19_04:38:27,9921.0,11932.0,43427.0,14327.0,16123.0,42876.0
2025-07-19_04:38:27,9915.0,11932.0,43427.0,13981.0,16123.0,42876.0
2025-07-19_04:38:27,10021.0,11932.0,43427.0,14223.0,16123.0,42876.0
2025-07-19_04:38:27,8627.0,11932.0,43427.0,14119.0,16123.0,42876.0
2025-07-19_04:38:28,10345.0,11932.0,43427.0,14396.0,16123.0,42876.0
2025-07-19_04:38:28,10105.0,11932.0,43427.0,14097.0,16123.0,42876.0
2025-07-19_04:38:28,,,,14336.0,16123.0,42876.0
2025-07-19_04:38:32,2778.0,11932.0,43427.0,12186.0,16123.0,42876.0
2025-07-19_04:38:32,,,,14366.0,16123.0,42876.0
2025-07-19_04:38:36,2778.0,11932.0,43427.0,12161.0,16123.0,42876.0
2025-07-19_04:38:36,8554.0,11932.0,43427.0,13834.0,16123.0,42876.0
2025-07-19_04:38:36,9982.0,11932.0,43427.0,14231.0,16123.0,42876.0
2025-07-19_04:38:37,,,,,,
2025-07-19_04:38:40,6980.0,11932.0,43434.0,3792.0,16123.0,42876.0
2025-07-19_04:38:41,9936.0,11932.0,43434.0,14211.0,16123.0,42876.0
2025-07-19_04:38:41,9725.0,11932.0,43434.0,13986.0,16123.0,42876.0
2025-07-19_04:38:41,,,,13985.0,16123.0,42876.0
2025-07-19_04:38:45,3375.0,11932.0,43434.0,12160.0,16123.0,42876.0
2025-07-19_04:38:45,10113.0,11932.0,43434.0,14358.0,16123.0,42876.0
2025-07-19_04:38:45,9229.0,11932.0,43434.0,13884.0,16123.0,42876.0
2025-07-19_04:38:46,,,,,,
2025-07-19_04:38:49,6965.0,11932.0,43434.0,3792.0,16123.0,42876.0
2025-07-19_04:38:50,10059.0,11932.0,43434.0,14388.0,16123.0,42876.0
2025-07-19_04:38:50,,,,13790.0,16123.0,42876.0
2025-07-19_04:38:53,3302.0,11932.0,43434.0,12200.0,16123.0,42876.0
2025-07-19_04:38:54,,,,14559.0,16123.0,42876.0
2025-07-19_04:38:57,3375.0,11932.0,43434.0,12169.0,16123.0,42876.0
2025-07-19_04:38:58,,,,14247.0,16123.0,42876.0
2025-07-19_04:39:01,2778.0,11932.0,43434.0,12186.0,16123.0,42876.0
2025-07-19_04:39:02,10159.0,11932.0,43434.0,14717.0,16123.0,42876.0
2025-07-19_04:39:02,9908.0,11932.0,43434.0,14023.0,16123.0,42876.0
2025-07-19_04:39:02,,,,,,
2025-07-19_04:39:07,2780.0,11932.0,43434.0,3776.0,16123.0,42876.0
2025-07-19_04:39:07,,,,14014.0,16123.0,42876.0
2025-07-19_04:39:10,3319.0,11932.0,43434.0,12160.0,16123.0,42876.0
2025-07-19_04:39:11,9844.0,11932.0,43434.0,13791.0,16123.0,42876.0
2025-07-19_04:39:11,10096.0,11932.0,43434.0,14536.0,16123.0,42876.0
2025-07-19_04:39:11,,,,14224.0,16123.0,42876.0
2025-07-19_04:39:15,3319.0,11932.0,43434.0,12198.0,16123.0,42876.0
2025-07-19_04:39:15,9907.0,11932.0,43434.0,14347.0,16123.0,42876.0
2025-07-19_04:39:15,,,,13990.0,16123.0,42876.0
2025-07-19_04:39:19,3375.0,11932.0,43434.0,12168.0,16123.0,42876.0
2025-07-19_04:39:19,,,,,,
2025-07-19_04:39:23,6970.0,11932.0,43434.0,3793.0,16123.0,42876.0
2025-07-19_04:39:23,10131.0,11932.0,43434.0,14323.0,16123.0,42876.0
2025-07-19_04:39:23,10111.0,11932.0,43434.0,14285.0,16123.0,42876.0
2025-07-19_04:39:24,9994.0,11932.0,43434.0,13997.0,16123.0,42876.0
2025-07-19_04:39:24,9898.0,11932.0,43434.0,14137.0,16123.0,42876.0
2025-07-19_04:39:24,10307.0,11932.0,43434.0,14417.0,16128.0,42881.0
2025-07-19_04:39:24,,,,14106.0,16128.0,42881.0
2025-07-19_04:39:28,3319.0,11932.0,43434.0,12184.0,16128.0,42881.0
2025-07-19_04:39:28,9837.0,11932.0,43434.0,14302.0,16128.0,42881.0
2025-07-19_04:39:28,,,,,,
2025-07-19_04:39:32,6965.0,11932.0,43434.0,3792.0,16128.0,42881.0
2025-07-19_04:39:32,10111.0,11932.0,43434.0,14185.0,16128.0,42881.0
2025-07-19_04:39:33,9990.0,11932.0,43434.0,14254.0,16128.0,42881.0
2025-07-19_04:39:33,8579.0,11932.0,43434.0,14203.0,16128.0,42881.0
2025-07-19_04:39:33,10324.0,11932.0,43436.0,14459.0,16128.0,42881.0
2025-07-19_04:39:33,,,,13977.0,16128.0,42881.0
2025-07-19_04:39:37,3319.0,11932.0,43436.0,12200.0,16128.0,42881.0
2025-07-19_04:39:37,8587.0,11932.0,43436.0,13657.0,16128.0,42881.0
2025-07-19_04:39:38,9897.0,11932.0,43436.0,13931.0,16128.0,42881.0
2025-07-19_04:39:38,,,,14604.0,16128.0,42881.0
2025-07-19_04:39:41,3375.0,11932.0,43436.0,12184.0,16128.0,42881.0
2025-07-19_04:39:42,9875.0,11932.0,43436.0,13741.0,16128.0,42881.0
2025-07-19_04:39:42,9750.0,11932.0,43436.0,14109.0,16128.0,42881.0
2025-07-19_04:39:42,9912.0,11932.0,43436.0,14026.0,16128.0,42881.0
2025-07-19_04:39:42,9975.0,11932.0,43436.0,14478.0,16128.0,42881.0
2025-07-19_04:39:43,10179.0,11932.0,43437.0,14045.0,16128.0,42881.0
2025-07-19_04:39:43,9865.0,11932.0,43437.0,14013.0,16128.0,42881.0
2025-07-19_04:39:43,8528.0,11932.0,43437.0,13896.0,16128.0,42881.0
2025-07-19_04:39:43,9006.0,11932.0,43437.0,13818.0,16128.0,42881.0
2025-07-19_04:39:43,8598.0,11932.0,43437.0,14062.0,16128.0,42881.0
2025-07-19_04:39:44,10215.0,11932.0,43437.0,14282.0,16128.0,42881.0
2025-07-19_04:39:44,,,,14083.0,16128.0,42881.0
2025-07-19_04:39:48,3360.0,11932.0,43437.0,12187.0,16128.0,42881.0
2025-07-19_04:39:48,8656.0,11932.0,43437.0,14061.0,16128.0,42881.0
2025-07-19_04:39:48,9863.0,11932.0,43437.0,14137.0,16128.0,42881.0
2025-07-19_04:39:48,,,,13986.0,16128.0,42881.0
2025-07-19_04:39:52,3302.0,11932.0,43437.0,12166.0,16128.0,42881.0
2025-07-19_04:39:52,8654.0,11932.0,43437.0,14247.0,16128.0,42881.0
2025-07-19_04:39:52,,,,,,
2025-07-19_04:39:56,6966.0,11932.0,43437.0,3793.0,16128.0,42881.0
2025-07-19_04:39:57,10103.0,11932.0,43437.0,14291.0,16128.0,42881.0
2025-07-19_04:39:57,11024.0,11932.0,43439.0,15218.0,16128.0,42919.0
2025-07-19_04:39:57,7970.0,11932.0,43439.0,13031.0,16128.0,42919.0
2025-07-19_04:39:57,,,,,,
2025-07-19_04:40:01,6964.0,11932.0,43439.0,3793.0,16128.0,42919.0
2025-07-19_04:40:01,9864.0,11932.0,43439.0,14115.0,16128.0,42919.0
2025-07-19_04:40:01,,,,,,
2025-07-19_04:40:05,6967.0,11932.0,43439.0,3793.0,16128.0,42919.0
2025-07-19_04:40:05,,,,,,
2025-07-19_04:40:09,6960.0,11932.0,43439.0,3793.0,16128.0,42919.0
2025-07-19_04:40:10,,,,,,
2025-07-19_04:40:13,6972.0,11932.0,43439.0,3792.0,16128.0,42919.0
2025-07-19_04:40:14,9967.0,11932.0,43439.0,14138.0,16128.0,42919.0
2025-07-19_04:40:14,,,,,,
2025-07-19_04:40:18,6954.0,11932.0,43439.0,3792.0,16128.0,42919.0
2025-07-19_04:40:18,10148.0,11932.0,43439.0,14082.0,16128.0,42919.0
2025-07-19_04:40:18,9911.0,11932.0,43439.0,14196.0,16128.0,42919.0
2025-07-19_04:40:18,9169.0,11932.0,43439.0,13982.0,16128.0,42919.0
2025-07-19_04:40:18,10207.0,11932.0,43439.0,14714.0,16128.0,42919.0
2025-07-19_04:40:19,10096.0,11932.0,43451.0,14352.0,16128.0,42919.0
2025-07-19_04:40:19,8640.0,11932.0,43451.0,14324.0,16128.0,42919.0
2025-07-19_04:40:19,10353.0,11932.0,43451.0,14063.0,16128.0,42919.0
2025-07-19_04:40:19,8649.0,11932.0,43451.0,14220.0,16128.0,42919.0
2025-07-19_04:40:20,,,,13978.0,16128.0,42919.0
2025-07-19_04:40:23,3302.0,11932.0,43451.0,12168.0,16128.0,42919.0
2025-07-19_04:40:23,,,,13981.0,16128.0,42919.0
2025-07-19_04:40:27,3358.0,11932.0,43451.0,12180.0,16128.0,42919.0
2025-07-19_04:40:27,8572.0,11932.0,43451.0,13751.0,16128.0,42919.0
2025-07-19_04:40:28,10103.0,11932.0,43451.0,14539.0,16128.0,42919.0
2025-07-19_04:40:28,9950.0,11932.0,43455.0,14343.0,16128.0,42919.0
2025-07-19_04:40:28,10116.0,11932.0,43455.0,14295.0,16128.0,42921.0
2025-07-19_04:40:28,,,,14031.0,16128.0,42921.0
2025-07-19_04:40:32,3375.0,11932.0,43455.0,12171.0,16128.0,42921.0
2025-07-19_04:40:32,,,,,,
2025-07-19_04:40:36,6965.0,11932.0,43455.0,3793.0,16128.0,42921.0
2025-07-19_04:40:36,,,,,,
2025-07-19_04:40:40,6965.0,11932.0,43455.0,3793.0,16128.0,42921.0
2025-07-19_04:40:40,9650.0,11932.0,43455.0,14034.0,16128.0,42921.0
2025-07-19_04:40:40,10758.0,11932.0,43466.0,15054.0,16128.0,42923.0
2025-07-19_04:40:41,9927.0,11932.0,43466.0,14023.0,16128.0,42923.0
2025-07-19_04:40:41,10162.0,11932.0,43466.0,14601.0,16128.0,42923.0
2025-07-19_04:40:41,8028.0,11932.0,43466.0,13243.0,16128.0,42923.0
2025-07-19_04:40:41,9965.0,11932.0,43466.0,14036.0,16128.0,42923.0
2025-07-19_04:40:42,10402.0,11932.0,43469.0,14660.0,16128.0,42923.0
2025-07-19_04:40:42,,,,,,
2025-07-19_04:40:46,6969.0,11932.0,43469.0,3786.0,16128.0,42923.0
2025-07-19_04:40:46,,,,14032.0,16128.0,42923.0
2025-07-19_04:40:50,3358.0,11932.0,43469.0,12190.0,16128.0,42923.0
2025-07-19_04:40:50,,,,13987.0,16128.0,42923.0
2025-07-19_04:40:54,3319.0,11932.0,43469.0,12196.0,16128.0,42923.0
2025-07-19_04:40:54,9483.0,11932.0,43469.0,14391.0,16128.0,42923.0
2025-07-19_04:40:54,,,,,,
2025-07-19_04:40:58,,,,3792.0,16128.0,42926.0
2025-07-19_04:41:02,2778.0,11932.0,43469.0,12185.0,16128.0,42926.0
2025-07-19_04:41:02,,,,14014.0,16128.0,42926.0
2025-07-19_04:41:06,2778.0,11932.0,43469.0,12186.0,16128.0,42926.0
2025-07-19_04:41:06,,,,14296.0,16128.0,42927.0
2025-07-19_04:41:10,2778.0,11932.0,43469.0,12191.0,16128.0,42927.0
2025-07-19_04:41:10,10144.0,11932.0,43469.0,14142.0,16128.0,42927.0
2025-07-19_04:41:10,,,,,,
2025-07-19_04:41:14,6967.0,11932.0,43469.0,3793.0,16128.0,42927.0
2025-07-19_04:41:14,9899.0,11932.0,43469.0,14292.0,16128.0,42927.0
2025-07-19_04:41:15,,,,14684.0,16128.0,42928.0
2025-07-19_04:41:18,3358.0,11932.0,43469.0,12187.0,16128.0,42928.0
2025-07-19_04:41:19,,,,13793.0,16128.0,42928.0
2025-07-19_04:41:22,3319.0,11932.0,43469.0,12184.0,16128.0,42928.0
2025-07-19_04:41:23,,,,13780.0,16128.0,42928.0
2025-07-19_04:41:26,3358.0,11932.0,43469.0,12194.0,16128.0,42928.0
2025-07-19_04:41:27,8531.0,11932.0,43469.0,14074.0,16128.0,42928.0
2025-07-19_04:41:27,10007.0,11932.0,43469.0,14572.0,16128.0,42928.0
2025-07-19_04:41:27,9179.0,11932.0,43469.0,13805.0,16128.0,42928.0
2025-07-19_04:41:27,,,,14025.0,16128.0,42928.0
2025-07-19_04:41:31,3375.0,11932.0,43469.0,12192.0,16128.0,42928.0
2025-07-19_04:41:31,9896.0,11932.0,43469.0,13902.0,16128.0,42928.0
2025-07-19_04:41:31,,,,,,
2025-07-19_04:41:35,6966.0,11932.0,43469.0,3793.0,16128.0,42928.0
2025-07-19_04:41:35,8923.0,11932.0,43469.0,13798.0,16128.0,42928.0
2025-07-19_04:41:36,9826.0,11932.0,43469.0,14154.0,16128.0,42928.0
2025-07-19_04:41:36,10284.0,11932.0,43469.0,14358.0,16128.0,42928.0
2025-07-19_04:41:36,,,,14692.0,16128.0,42930.0
2025-07-19_04:41:40,3375.0,11932.0,43469.0,12184.0,16128.0,42930.0
2025-07-19_04:41:40,9881.0,11932.0,43469.0,13989.0,16128.0,42930.0
2025-07-19_04:41:40,9907.0,11932.0,43469.0,14103.0,16128.0,42930.0
2025-07-19_04:41:40,,,,13972.0,16128.0,42930.0
2025-07-19_04:41:44,3319.0,11932.0,43469.0,12183.0,16128.0,42930.0
2025-07-19_04:41:44,,,,,,
2025-07-19_04:41:49,2780.0,11932.0,43469.0,3776.0,16128.0,42930.0
2025-07-19_04:41:49,9715.0,11932.0,43469.0,13979.0,16128.0,42930.0
2025-07-19_04:41:49,,,,,,
2025-07-19_04:41:53,6952.0,11932.0,43469.0,3793.0,16128.0,42930.0
2025-07-19_04:41:53,8588.0,11932.0,43469.0,14138.0,16128.0,42930.0
2025-07-19_04:41:54,9869.0,11932.0,43469.0,13972.0,16128.0,42930.0
2025-07-19_04:41:54,,,,,,
2025-07-19_04:41:58,6960.0,11932.0,43469.0,3793.0,16128.0,42930.0
2025-07-19_04:41:58,9911.0,11932.0,43469.0,14303.0,16128.0,42930.0
2025-07-19_04:41:58,10064.0,11932.0,43469.0,14283.0,16128.0,42930.0
2025-07-19_04:41:58,,,,,,
2025-07-19_04:42:03,2778.0,11932.0,43469.0,3776.0,16128.0,42930.0
2025-07-19_04:42:03,8602.0,11932.0,43469.0,14185.0,16128.0,42930.0
2025-07-19_04:42:03,,,,14621.0,16128.0,42931.0
2025-07-19_04:42:07,2778.0,11932.0,43469.0,12186.0,16128.0,42931.0
2025-07-19_04:42:07,9718.0,11932.0,43469.0,14096.0,16128.0,42931.0
2025-07-19_04:42:08,10178.0,11932.0,43469.0,14141.0,16128.0,42931.0
2025-07-19_04:42:08,,,,13789.0,16128.0,42931.0
2025-07-19_04:42:11,3319.0,11932.0,43469.0,12160.0,16128.0,42931.0
2025-07-19_04:42:12,9593.0,11932.0,43469.0,14046.0,16128.0,42931.0
2025-07-19_04:42:12,9898.0,11932.0,43469.0,14355.0,16128.0,42931.0
2025-07-19_04:42:12,,,,14366.0,16128.0,42934.0
2025-07-19_04:42:16,2778.0,11932.0,43469.0,12162.0,16128.0,42934.0
2025-07-19_04:42:16,10087.0,11932.0,43469.0,14328.0,16128.0,42934.0
2025-07-19_04:42:16,8680.0,11932.0,43469.0,14361.0,16128.0,42934.0
2025-07-19_04:42:17,,,,,,
2025-07-19_04:42:20,6963.0,11932.0,43469.0,3787.0,16128.0,42934.0
2025-07-19_04:42:21,8528.0,11932.0,43469.0,13084.0,16128.0,42934.0
2025-07-19_04:42:21,9875.0,11932.0,43473.0,14428.0,16128.0,42934.0
2025-07-19_04:42:21,10161.0,11932.0,43473.0,14522.0,16128.0,42982.0
2025-07-19_04:42:21,10182.0,11932.0,43473.0,14083.0,16128.0,42982.0
2025-07-19_04:42:22,10219.0,11932.0,43473.0,14379.0,16128.0,42982.0
2025-07-19_04:42:22,,,,,,
2025-07-19_04:42:26,6967.0,11932.0,43473.0,3792.0,16128.0,42982.0
2025-07-19_04:42:26,10099.0,11932.0,43473.0,14145.0,16128.0,42982.0
2025-07-19_04:42:26,10294.0,11932.0,43473.0,14660.0,16128.0,42982.0
2025-07-19_04:42:26,9537.0,11932.0,43473.0,14094.0,16128.0,42982.0
2025-07-19_04:42:27,9878.0,11932.0,43473.0,14156.0,16128.0,42982.0
2025-07-19_04:42:27,10251.0,11932.0,43473.0,14645.0,16128.0,42982.0
2025-07-19_04:42:27,,,,14000.0,16128.0,42982.0
2025-07-19_04:42:31,,,,,,
2025-07-19_04:42:35,6968.0,11932.0,43473.0,3792.0,16128.0,42982.0
2025-07-19_04:42:35,8633.0,11932.0,43473.0,14216.0,16128.0,42982.0
2025-07-19_04:42:35,,,,14098.0,16128.0,42982.0
2025-07-19_04:42:39,3319.0,11932.0,43473.0,12150.0,16128.0,42982.0
2025-07-19_04:42:39,9888.0,11932.0,43473.0,14067.0,16128.0,42982.0
2025-07-19_04:42:39,8723.0,11932.0,43473.0,13916.0,16128.0,42982.0
2025-07-19_04:42:39,9326.0,11932.0,43473.0,14390.0,16128.0,42982.0
2025-07-19_04:42:40,10514.0,11932.0,43473.0,14566.0,16128.0,42982.0
2025-07-19_04:42:40,,,,13805.0,16128.0,42982.0
2025-07-19_04:42:44,3319.0,11932.0,43473.0,12184.0,16128.0,42982.0
2025-07-19_04:42:44,8677.0,11932.0,43473.0,14218.0,16128.0,42982.0
2025-07-19_04:42:44,9904.0,11932.0,43473.0,13970.0,16128.0,42982.0
2025-07-19_04:42:44,10072.0,11932.0,43473.0,14257.0,16128.0,42982.0
2025-07-19_04:42:45,8651.0,11932.0,43473.0,14211.0,16128.0,42982.0
2025-07-19_04:42:45,10040.0,11932.0,43473.0,14191.0,16128.0,42982.0
2025-07-19_04:42:45,9617.0,11932.0,43473.0,14229.0,16128.0,42982.0
2025-07-19_04:42:45,9800.0,11932.0,43473.0,14406.0,16128.0,42982.0
2025-07-19_04:42:45,9951.0,11932.0,43473.0,14127.0,16128.0,42982.0
2025-07-19_04:42:46,8526.0,11932.0,43474.0,13930.0,16128.0,42982.0
2025-07-19_04:42:46,9768.0,11932.0,43474.0,13976.0,16128.0,42982.0
2025-07-19_04:42:46,,,,,,
2025-07-19_04:42:50,6963.0,11932.0,43474.0,3792.0,16128.0,42982.0
2025-07-19_04:42:50,10131.0,11932.0,43474.0,14484.0,16128.0,42982.0
2025-07-19_04:42:50,,,,14412.0,16128.0,42982.0
2025-07-19_04:42:54,3302.0,11932.0,43474.0,12150.0,16128.0,42982.0
2025-07-19_04:42:54,9871.0,11932.0,43474.0,13782.0,16128.0,42982.0
2025-07-19_04:42:54,,,,14721.0,16135.0,42989.0
2025-07-19_04:42:58,3375.0,11932.0,43474.0,12168.0,16135.0,42989.0
2025-07-19_04:42:58,9472.0,11932.0,43474.0,13932.0,16135.0,42989.0
2025-07-19_04:42:58,10191.0,11932.0,43474.0,14396.0,16135.0,42989.0
2025-07-19_04:42:59,8525.0,11932.0,43474.0,13736.0,16135.0,42989.0
2025-07-19_04:42:59,,,,,,
2025-07-19_04:43:03,6974.0,11932.0,43474.0,3793.0,16135.0,42989.0
2025-07-19_04:43:03,,,,,,
2025-07-19_04:43:07,6968.0,11932.0,43474.0,3793.0,16135.0,42989.0
2025-07-19_04:43:07,9882.0,11932.0,43474.0,13805.0,16135.0,42989.0
2025-07-19_04:43:07,,,,13973.0,16135.0,42989.0
2025-07-19_04:43:11,,,,,,
2025-07-19_04:43:15,6968.0,11932.0,43474.0,3793.0,16135.0,42989.0
2025-07-19_04:43:15,9858.0,11932.0,43474.0,13974.0,16135.0,42989.0
2025-07-19_04:43:15,10280.0,11932.0,43474.0,14362.0,16135.0,42989.0
2025-07-19_04:43:15,10213.0,11932.0,43477.0,14247.0,16135.0,42992.0
2025-07-19_04:43:16,10164.0,11932.0,43477.0,14355.0,16135.0,42992.0
2025-07-19_04:43:16,8645.0,11932.0,43498.0,14084.0,16135.0,42992.0
2025-07-19_04:43:16,9244.0,11932.0,43498.0,14374.0,16135.0,42992.0
2025-07-19_04:43:16,,,,,,
2025-07-19_04:43:20,6968.0,11932.0,43498.0,3792.0,16135.0,42992.0
2025-07-19_04:43:20,8499.0,11932.0,43498.0,13733.0,16135.0,42992.0
2025-07-19_04:43:21,9200.0,11932.0,43498.0,13794.0,16135.0,42992.0
2025-07-19_04:43:21,8532.0,11932.0,43501.0,13654.0,16135.0,42992.0
2025-07-19_04:43:21,10076.0,11932.0,43501.0,14316.0,16135.0,42992.0
2025-07-19_04:43:21,,,,,,
2025-07-19_04:43:25,6974.0,11932.0,43501.0,3792.0,16135.0,42992.0
2025-07-19_04:43:25,9870.0,11932.0,43501.0,14122.0,16135.0,42992.0
2025-07-19_04:43:26,,,,14084.0,16135.0,42992.0
2025-07-19_04:43:29,3358.0,11932.0,43501.0,12193.0,16135.0,42992.0
2025-07-19_04:43:30,10222.0,11932.0,43502.0,13842.0,16135.0,42992.0
2025-07-19_04:43:30,,,,11884.0,16135.0,42992.0
2025-07-19_04:43:34,2778.0,11932.0,43502.0,12190.0,16135.0,42992.0
2025-07-19_04:43:34,9988.0,11932.0,43502.0,14137.0,16135.0,42992.0
2025-07-19_04:43:34,,,,14130.0,16135.0,42992.0
2025-07-19_04:43:38,3375.0,11932.0,43502.0,12184.0,16135.0,42992.0
2025-07-19_04:43:38,8547.0,11932.0,43502.0,14101.0,16135.0,42992.0
2025-07-19_04:43:38,,,,13246.0,16135.0,42992.0
2025-07-19_04:43:42,2778.0,11932.0,43502.0,12191.0,16135.0,42992.0
2025-07-19_04:43:42,8516.0,11932.0,43502.0,12927.0,16135.0,42992.0
2025-07-19_04:43:42,,,,13095.0,16135.0,42992.0
2025-07-19_04:43:46,2778.0,11932.0,43502.0,12183.0,16135.0,42992.0
2025-07-19_04:43:47,,,,14056.0,16135.0,42992.0
2025-07-19_04:43:50,2778.0,11932.0,43502.0,12166.0,16135.0,42992.0
2025-07-19_04:43:51,9946.0,11932.0,43502.0,14379.0,16135.0,42992.0
2025-07-19_04:43:51,9245.0,11932.0,43502.0,13681.0,16135.0,42992.0
2025-07-19_04:43:51,,,,12048.0,16135.0,42992.0
2025-07-19_04:43:55,2778.0,11932.0,43502.0,12190.0,16135.0,42992.0
2025-07-19_04:43:55,10157.0,11932.0,43504.0,13859.0,16135.0,42992.0
2025-07-19_04:43:55,10061.0,11932.0,43525.0,14253.0,16135.0,42992.0
2025-07-19_04:43:55,,,,,,
2025-07-19_04:43:59,6961.0,11932.0,43525.0,3793.0,16135.0,42992.0
2025-07-19_04:44:00,9897.0,11932.0,43525.0,13983.0,16135.0,42992.0
2025-07-19_04:44:00,10132.0,11932.0,43525.0,14014.0,16135.0,42992.0
2025-07-19_04:44:00,10064.0,11932.0,43525.0,14564.0,16135.0,42992.0
2025-07-19_04:44:00,10437.0,11932.0,43525.0,14849.0,16135.0,42992.0
2025-07-19_04:44:01,,,,14059.0,16135.0,42992.0
2025-07-19_04:44:04,3377.0,11932.0,43525.0,12164.0,16135.0,42992.0
2025-07-19_04:44:04,10004.0,11932.0,43525.0,14229.0,16135.0,42992.0
2025-07-19_04:44:05,,,,,,
2025-07-19_04:44:08,6968.0,11932.0,43525.0,3793.0,16135.0,42992.0
2025-07-19_04:44:09,10135.0,11932.0,43525.0,14438.0,16135.0,42995.0
2025-07-19_04:44:09,9969.0,11932.0,43526.0,14112.0,16135.0,42995.0
2025-07-19_04:44:09,9893.0,11932.0,43526.0,14021.0,16135.0,42995.0
2025-07-19_04:44:09,,,,14389.0,16135.0,42995.0
2025-07-19_04:44:13,3358.0,11932.0,43526.0,12193.0,16135.0,42995.0
2025-07-19_04:44:13,10186.0,11932.0,43526.0,14355.0,16135.0,42995.0
2025-07-19_04:44:13,,,,13255.0,16135.0,42995.0
2025-07-19_04:44:17,2778.0,11932.0,43526.0,12177.0,16135.0,42995.0
2025-07-19_04:44:18,,,,,,
2025-07-19_04:44:21,6959.0,11932.0,43526.0,3792.0,16135.0,42995.0
2025-07-19_04:44:22,,,,13827.0,16135.0,42995.0
2025-07-19_04:44:25,3319.0,11932.0,43526.0,12187.0,16135.0,42995.0
2025-07-19_04:44:25,,,,14029.0,16135.0,42995.0
2025-07-19_04:44:29,3375.0,11932.0,43526.0,12157.0,16135.0,42995.0
2025-07-19_04:44:29,9027.0,11932.0,43526.0,14030.0,16135.0,42995.0
2025-07-19_04:44:30,,,,14514.0,16135.0,42995.0
2025-07-19_04:44:33,3358.0,11932.0,43526.0,12162.0,16135.0,42995.0
2025-07-19_04:44:33,9890.0,11932.0,43526.0,14124.0,16135.0,42995.0
2025-07-19_04:44:34,8617.0,11932.0,43526.0,13934.0,16135.0,42995.0
2025-07-19_04:44:34,,,,,,
2025-07-19_04:44:38,6954.0,11932.0,43526.0,3793.0,16135.0,42995.0
2025-07-19_04:44:38,,,,,,
2025-07-19_04:44:42,6964.0,11932.0,43526.0,3793.0,16135.0,42995.0
2025-07-19_04:44:42,10154.0,11932.0,43526.0,14244.0,16135.0,42995.0
2025-07-19_04:44:42,10425.0,11932.0,43529.0,14554.0,16135.0,42995.0
2025-07-19_04:44:42,10350.0,11932.0,43529.0,14680.0,16135.0,42996.0
2025-07-19_04:44:43,,,,14123.0,16135.0,42996.0
2025-07-19_04:44:46,3375.0,11932.0,43529.0,12186.0,16135.0,42996.0
2025-07-19_04:44:47,10232.0,11932.0,43529.0,14344.0,16135.0,42996.0
2025-07-19_04:44:47,,,,,,
2025-07-19_04:44:51,6966.0,11932.0,43529.0,3792.0,16135.0,42996.0
2025-07-19_04:44:51,9977.0,11932.0,43529.0,14225.0,16135.0,42996.0
2025-07-19_04:44:51,,,,14369.0,16135.0,42996.0
2025-07-19_04:44:55,3375.0,11932.0,43529.0,12193.0,16135.0,42996.0
2025-07-19_04:44:55,9960.0,11932.0,43529.0,13992.0,16135.0,42996.0
2025-07-19_04:44:55,10213.0,11932.0,43529.0,14470.0,16135.0,42996.0
2025-07-19_04:44:55,,,,13822.0,16135.0,42996.0
2025-07-19_04:44:59,3375.0,11932.0,43529.0,12184.0,16135.0,42996.0
2025-07-19_04:44:59,,,,13551.0,16135.0,42996.0
2025-07-19_04:45:03,3375.0,11932.0,43529.0,12195.0,16135.0,42996.0
2025-07-19_04:45:03,10113.0,11932.0,43529.0,14040.0,16135.0,42996.0
2025-07-19_04:45:03,9018.0,11932.0,43529.0,13792.0,16135.0,42996.0
2025-07-19_04:45:04,9852.0,11932.0,43529.0,14104.0,16135.0,42996.0
2025-07-19_04:45:04,10074.0,11932.0,43529.0,14073.0,16135.0,42996.0
2025-07-19_04:45:04,9573.0,11932.0,43529.0,13972.0,16135.0,42996.0
2025-07-19_04:45:04,9981.0,11932.0,43529.0,14380.0,16135.0,42996.0
2025-07-19_04:45:05,10117.0,11932.0,43529.0,14034.0,16135.0,42996.0
2025-07-19_04:45:05,10097.0,11932.0,43529.0,14285.0,16135.0,42996.0
2025-07-19_04:45:05,,,,14221.0,16135.0,42996.0
2025-07-19_04:45:09,3358.0,11932.0,43529.0,12188.0,16135.0,42996.0
2025-07-19_04:45:09,9825.0,11932.0,43529.0,13985.0,16135.0,42996.0
2025-07-19_04:45:09,10116.0,11932.0,43529.0,14766.0,16135.0,42996.0
2025-07-19_04:45:09,9856.0,11932.0,43529.0,14170.0,16135.0,42996.0
2025-07-19_04:45:10,9913.0,11932.0,43529.0,14112.0,16135.0,42996.0
2025-07-19_04:45:10,9876.0,11932.0,43529.0,14192.0,16135.0,42996.0
2025-07-19_04:45:10,,,,14154.0,16135.0,42996.0
2025-07-19_04:45:14,3375.0,11932.0,43529.0,12197.0,16135.0,42996.0
2025-07-19_04:45:14,9756.0,11932.0,43529.0,14283.0,16135.0,42996.0
2025-07-19_04:45:14,,,,,,
2025-07-19_04:45:18,6957.0,11932.0,43529.0,3795.0,16135.0,42996.0
2025-07-19_04:45:18,,,,14559.0,16135.0,42996.0
2025-07-19_04:45:22,3377.0,11932.0,43529.0,12187.0,16135.0,42996.0
2025-07-19_04:45:22,,,,14312.0,16135.0,42996.0
2025-07-19_04:45:26,3358.0,11932.0,43529.0,12185.0,16135.0,42996.0
2025-07-19_04:45:26,8551.0,11932.0,43529.0,14135.0,16135.0,42996.0
2025-07-19_04:45:26,,,,14320.0,16135.0,42996.0
2025-07-19_04:45:30,3358.0,11932.0,43529.0,12188.0,16135.0,42996.0
2025-07-19_04:45:30,9835.0,11932.0,43529.0,14372.0,16135.0,42996.0
2025-07-19_04:45:34,2778.0,11932.0,43529.0,12167.0,16135.0,42996.0
2025-07-19_04:45:34,10197.0,11932.0,43529.0,14385.0,16135.0,42996.0
2025-07-19_04:45:34,10224.0,11932.0,43529.0,14426.0,16135.0,42996.0
2025-07-19_04:45:35,,,,14287.0,16135.0,42996.0
2025-07-19_04:45:38,,,,,,
2025-07-19_04:45:42,6963.0,11932.0,43529.0,3792.0,16135.0,42996.0
2025-07-19_04:45:42,10092.0,11932.0,43529.0,14216.0,16135.0,42996.0
2025-07-19_04:45:43,,,,,,
2025-07-19_04:45:46,6967.0,11932.0,43529.0,3792.0,16135.0,42996.0
2025-07-19_04:45:47,9969.0,11932.0,43529.0,14142.0,16135.0,42996.0
2025-07-19_04:45:47,8031.0,11932.0,43529.0,13339.0,16135.0,42996.0
2025-07-19_04:45:47,10387.0,11932.0,43529.0,14688.0,16135.0,43001.0
2025-07-19_04:45:47,,,,13936.0,16135.0,43001.0
2025-07-19_04:45:51,3319.0,11932.0,43529.0,12189.0,16135.0,43001.0
2025-07-19_04:45:51,7970.0,11932.0,43529.0,13075.0,16135.0,43001.0
2025-07-19_04:45:51,8587.0,11932.0,43529.0,13934.0,16135.0,43001.0
2025-07-19_04:45:52,9890.0,11932.0,43529.0,13741.0,16135.0,43001.0
2025-07-19_04:45:52,8520.0,11932.0,43529.0,13834.0,16135.0,43001.0
2025-07-19_04:45:52,9702.0,11932.0,43529.0,14014.0,16135.0,43001.0
2025-07-19_04:45:52,9653.0,11932.0,43529.0,13980.0,16135.0,43001.0
2025-07-19_04:45:52,,,,14196.0,16135.0,43001.0
2025-07-19_04:45:56,3358.0,11932.0,43529.0,12186.0,16135.0,43001.0
2025-07-19_04:45:56,9412.0,11932.0,43529.0,14112.0,16135.0,43001.0
2025-07-19_04:45:57,9674.0,11932.0,43529.0,14292.0,16135.0,43001.0
2025-07-19_04:45:57,10056.0,11932.0,43529.0,14565.0,16135.0,43001.0
2025-07-19_04:45:57,,,,14328.0,16135.0,43001.0
2025-07-19_04:46:01,3358.0,11932.0,43529.0,12187.0,16135.0,43001.0
2025-07-19_04:46:01,8597.0,11932.0,43529.0,14086.0,16135.0,43001.0
2025-07-19_04:46:01,9980.0,11932.0,43529.0,14430.0,16135.0,43002.0
2025-07-19_04:46:01,,,,13645.0,16135.0,43002.0
2025-07-19_04:46:05,3319.0,11932.0,43529.0,12193.0,16135.0,43002.0
2025-07-19_04:46:05,,,,14371.0,16135.0,43006.0
2025-07-19_04:46:09,3358.0,11932.0,43529.0,12179.0,16135.0,43006.0
2025-07-19_04:46:09,9876.0,11932.0,43529.0,14394.0,16135.0,43006.0
2025-07-19_04:46:09,,,,13998.0,16135.0,43006.0
2025-07-19_04:46:13,2780.0,11932.0,43529.0,12192.0,16135.0,43006.0
2025-07-19_04:46:14,,,,13796.0,16135.0,43006.0
2025-07-19_04:46:17,3302.0,11932.0,43529.0,12195.0,16135.0,43006.0
2025-07-19_04:46:17,,,,,,
2025-07-19_04:46:21,6966.0,11932.0,43529.0,3793.0,16135.0,43006.0
2025-07-19_04:46:22,10556.0,11932.0,43529.0,14744.0,16135.0,43015.0
2025-07-19_04:46:22,10178.0,11932.0,43529.0,14164.0,16135.0,43015.0
2025-07-19_04:46:22,,,,13977.0,16135.0,43015.0
2025-07-19_04:46:26,3321.0,11932.0,43529.0,12190.0,16135.0,43015.0
2025-07-19_04:46:26,,,,14092.0,16135.0,43015.0
2025-07-19_04:46:30,3319.0,11932.0,43529.0,12192.0,16135.0,43015.0
2025-07-19_04:46:30,,,,14053.0,16135.0,43016.0
2025-07-19_04:46:34,2778.0,11932.0,43529.0,12185.0,16135.0,43016.0
2025-07-19_04:46:34,,,,13981.0,16135.0,43016.0
2025-07-19_04:46:38,3302.0,11932.0,43529.0,12184.0,16135.0,43016.0
2025-07-19_04:46:38,,,,13546.0,16135.0,43016.0
2025-07-19_04:46:41,3319.0,11932.0,43529.0,12167.0,16135.0,43016.0
2025-07-19_04:46:42,10291.0,11932.0,43530.0,14391.0,16135.0,43016.0
2025-07-19_04:46:42,10310.0,11932.0,43530.0,14246.0,16135.0,43016.0
2025-07-19_04:46:42,8721.0,11932.0,43530.0,14092.0,16135.0,43016.0
2025-07-19_04:46:42,9742.0,11932.0,43530.0,13963.0,16135.0,43016.0
2025-07-19_04:46:43,9954.0,11932.0,43530.0,14146.0,16135.0,43016.0
2025-07-19_04:46:43,9992.0,11932.0,43530.0,14085.0,16135.0,43016.0
2025-07-19_04:46:43,10172.0,11932.0,43530.0,14251.0,16135.0,43016.0
2025-07-19_04:46:44,2778.0,11932.0,43530.0,12199.0,16135.0,43016.0
2025-07-19_04:46:44,10191.0,11932.0,43530.0,14320.0,16135.0,43016.0
2025-07-19_04:46:44,,,,14149.0,16135.0,43016.0
2025-07-19_04:46:48,3358.0,11932.0,43530.0,12195.0,16135.0,43016.0
2025-07-19_04:46:48,,,,14022.0,16135.0,43016.0
2025-07-19_04:46:52,3358.0,11932.0,43530.0,12167.0,16135.0,43016.0
2025-07-19_04:46:52,,,,14377.0,16135.0,43016.0
2025-07-19_04:46:56,3390.0,11932.0,43530.0,12188.0,16135.0,43016.0
2025-07-19_04:46:56,,,,14496.0,16135.0,43016.0
2025-07-19_04:47:00,3358.0,11932.0,43530.0,12183.0,16135.0,43016.0
2025-07-19_04:47:00,,,,,,
2025-07-19_04:47:04,6963.0,11932.0,43530.0,3792.0,16135.0,43016.0
2025-07-19_04:47:04,10105.0,11932.0,43530.0,14041.0,16135.0,43016.0
2025-07-19_04:47:04,,,,,,
2025-07-19_04:47:08,6969.0,11932.0,43530.0,3792.0,16135.0,43016.0
2025-07-19_04:47:08,10260.0,11932.0,43530.0,14131.0,16135.0,43016.0
2025-07-19_04:47:09,10066.0,11932.0,43530.0,14107.0,16135.0,43016.0
2025-07-19_04:47:09,9914.0,11932.0,43530.0,14279.0,16135.0,43016.0
2025-07-19_04:47:09,9232.0,11932.0,43530.0,13790.0,16135.0,43016.0
2025-07-19_04:47:09,9875.0,11932.0,43530.0,14093.0,16135.0,43016.0
2025-07-19_04:47:09,10267.0,11932.0,43530.0,14026.0,16135.0,43016.0
2025-07-19_04:47:10,,,,,,
2025-07-19_04:47:13,6954.0,11932.0,43530.0,3786.0,16135.0,43016.0
2025-07-19_04:47:14,10047.0,11932.0,43530.0,14228.0,16135.0,43016.0
2025-07-19_04:47:14,10231.0,11932.0,43530.0,14311.0,16135.0,43016.0
2025-07-19_04:47:14,10246.0,11932.0,43530.0,14479.0,16135.0,43016.0
2025-07-19_04:47:14,,,,,,
2025-07-19_04:47:18,6967.0,11932.0,43533.0,3793.0,16135.0,43016.0
2025-07-19_04:47:18,8630.0,11932.0,43533.0,14247.0,16135.0,43016.0
2025-07-19_04:47:19,10200.0,11932.0,43533.0,14328.0,16135.0,43016.0
2025-07-19_04:47:19,9904.0,11932.0,43533.0,13993.0,16135.0,43016.0
2025-07-19_04:47:19,10008.0,11932.0,43533.0,14118.0,16135.0,43016.0
2025-07-19_04:47:19,10338.0,11932.0,43533.0,14386.0,16135.0,43016.0
2025-07-19_04:47:20,9959.0,11932.0,43533.0,14180.0,16135.0,43016.0
2025-07-19_04:47:20,,,,,,
2025-07-19_04:47:24,6964.0,11932.0,43533.0,3792.0,16135.0,43016.0
2025-07-19_04:47:24,9742.0,11932.0,43533.0,14181.0,16135.0,43016.0
2025-07-19_04:47:24,,,,13927.0,16135.0,43016.0
2025-07-19_04:47:28,3302.0,11932.0,43533.0,12197.0,16135.0,43016.0
2025-07-19_04:47:28,9884.0,11932.0,43533.0,13874.0,16135.0,43016.0
2025-07-19_04:47:28,10156.0,11932.0,43533.0,14280.0,16135.0,43016.0
2025-07-19_04:47:28,9946.0,11932.0,43533.0,14311.0,16135.0,43016.0
2025-07-19_04:47:29,,,,,,
2025-07-19_04:47:32,6963.0,11932.0,43533.0,3787.0,16135.0,43016.0
2025-07-19_04:47:33,9896.0,11932.0,43533.0,14305.0,16135.0,43016.0
2025-07-19_04:47:33,9709.0,11932.0,43533.0,14147.0,16135.0,43016.0
2025-07-19_04:47:33,8552.0,11932.0,43533.0,13899.0,16135.0,43016.0
2025-07-19_04:47:33,,,,13954.0,16135.0,43016.0
2025-07-19_04:47:37,3358.0,11932.0,43533.0,12197.0,16135.0,43016.0
2025-07-19_04:47:37,10265.0,11932.0,43533.0,14483.0,16135.0,43016.0
2025-07-19_04:47:37,,,,13067.0,16135.0,43016.0
2025-07-19_04:47:41,2778.0,11932.0,43533.0,12186.0,16135.0,43016.0
2025-07-19_04:47:41,9810.0,11932.0,43533.0,14197.0,16135.0,43016.0
2025-07-19_04:47:42,9746.0,11932.0,43533.0,14075.0,16135.0,43016.0
2025-07-19_04:47:42,10385.0,11932.0,43533.0,14509.0,16135.0,43016.0
2025-07-19_04:47:42,,,,14301.0,16135.0,43016.0
2025-07-19_04:47:46,3390.0,11932.0,43533.0,12184.0,16135.0,43016.0
2025-07-19_04:47:46,10151.0,11932.0,43533.0,14047.0,16135.0,43016.0
2025-07-19_04:47:46,10036.0,11932.0,43533.0,14403.0,16135.0,43017.0
2025-07-19_04:47:47,10086.0,11932.0,43533.0,14323.0,16135.0,43017.0
2025-07-19_04:47:47,8518.0,11932.0,43533.0,14021.0,16135.0,43017.0
2025-07-19_04:47:47,9985.0,11932.0,43533.0,14185.0,16135.0,43017.0
2025-07-19_04:47:47,10059.0,11932.0,43533.0,14511.0,16135.0,43017.0
2025-07-19_04:47:47,10176.0,11932.0,43533.0,14479.0,16135.0,43017.0
2025-07-19_04:47:48,8744.0,11932.0,43533.0,14217.0,16135.0,43017.0
2025-07-19_04:47:48,9698.0,11932.0,43533.0,13878.0,16135.0,43017.0
2025-07-19_04:47:48,,,,,,
2025-07-19_04:47:52,6964.0,11932.0,43533.0,3795.0,16135.0,43017.0
2025-07-19_04:47:52,9986.0,11932.0,43533.0,14384.0,16135.0,43017.0
2025-07-19_04:47:52,10107.0,11932.0,43533.0,14312.0,16135.0,43017.0
2025-07-19_04:47:52,9865.0,11932.0,43533.0,14145.0,16135.0,43017.0
2025-07-19_04:47:53,10306.0,11932.0,43534.0,14797.0,16135.0,43017.0
2025-07-19_04:47:53,,,,13991.0,16135.0,43017.0
2025-07-19_04:47:57,3375.0,11932.0,43534.0,12193.0,16135.0,43017.0
2025-07-19_04:47:57,10242.0,11932.0,43534.0,14122.0,16135.0,43017.0
2025-07-19_04:47:57,10130.0,11932.0,43534.0,14169.0,16135.0,43017.0
2025-07-19_04:47:57,9120.0,11932.0,43534.0,14181.0,16135.0,43017.0
2025-07-19_04:47:58,8362.0,11932.0,43534.0,13619.0,16135.0,43017.0
2025-07-19_04:47:58,10159.0,11932.0,43534.0,14593.0,16135.0,43017.0
2025-07-19_04:47:58,,,,13939.0,16135.0,43017.0
2025-07-19_04:48:02,3377.0,11932.0,43534.0,12160.0,16135.0,43017.0
2025-07-19_04:48:02,10029.0,11932.0,43534.0,14390.0,16135.0,43017.0
2025-07-19_04:48:02,10202.0,11932.0,43534.0,14527.0,16135.0,43017.0
2025-07-19_04:48:03,,,,,,
2025-07-19_04:48:07,6967.0,11932.0,43548.0,3793.0,16135.0,43017.0
2025-07-19_04:48:07,10148.0,11932.0,43548.0,14545.0,16135.0,43017.0
2025-07-19_04:48:07,10180.0,11932.0,43548.0,14343.0,16136.0,43018.0
2025-07-19_04:48:08,,,,,,
2025-07-19_04:48:11,6960.0,11932.0,43548.0,3793.0,16136.0,43018.0
2025-07-19_04:48:12,10106.0,11932.0,43549.0,14050.0,16136.0,43018.0
2025-07-19_04:48:12,,,,14101.0,16136.0,43026.0
2025-07-19_04:48:16,2778.0,11932.0,43549.0,12166.0,16136.0,43026.0
2025-07-19_04:48:16,10219.0,11932.0,43549.0,14197.0,16136.0,43026.0
2025-07-19_04:48:16,,,,14165.0,16136.0,43026.0
2025-07-19_04:48:20,3375.0,11932.0,43549.0,12183.0,16136.0,43026.0
2025-07-19_04:48:20,10116.0,11932.0,43549.0,14012.0,16136.0,43026.0
2025-07-19_04:48:20,9996.0,11932.0,43549.0,14290.0,16136.0,43026.0
2025-07-19_04:48:21,10076.0,11932.0,43549.0,14326.0,16136.0,43026.0
2025-07-19_04:48:21,,,,13963.0,16136.0,43026.0
2025-07-19_04:48:24,3375.0,11932.0,43549.0,12161.0,16136.0,43026.0
2025-07-19_04:48:25,10106.0,11932.0,43549.0,14041.0,16136.0,43026.0
2025-07-19_04:48:25,,,,13804.0,16136.0,43026.0
2025-07-19_04:48:29,3375.0,11932.0,43549.0,12184.0,16136.0,43026.0
2025-07-19_04:48:29,9881.0,11932.0,43549.0,13759.0,16136.0,43026.0
2025-07-19_04:48:29,,,,,,
2025-07-19_04:48:33,6965.0,11932.0,43549.0,3792.0,16136.0,43026.0
2025-07-19_04:48:33,8650.0,11932.0,43549.0,14464.0,16136.0,43030.0
2025-07-19_04:48:33,,,,,,
2025-07-19_04:48:37,6969.0,11932.0,43549.0,3792.0,16136.0,43030.0
2025-07-19_04:48:37,,,,13935.0,16136.0,43030.0
2025-07-19_04:48:41,3375.0,11932.0,43549.0,12166.0,16136.0,43030.0
2025-07-19_04:48:41,10148.0,11932.0,43549.0,14153.0,16136.0,43030.0
2025-07-19_04:48:41,10139.0,11932.0,43549.0,14200.0,16136.0,43030.0
2025-07-19_04:48:42,9922.0,11932.0,43549.0,14349.0,16136.0,43030.0
2025-07-19_04:48:42,10279.0,11932.0,43549.0,14380.0,16136.0,43030.0
2025-07-19_04:48:42,8549.0,11932.0,43549.0,13948.0,16136.0,43030.0
2025-07-19_04:48:42,10180.0,11932.0,43569.0,13991.0,16136.0,43131.0
2025-07-19_04:48:43,10119.0,11932.0,43569.0,14357.0,16136.0,43131.0
2025-07-19_04:48:43,9076.0,11932.0,43569.0,13935.0,16136.0,43131.0
2025-07-19_04:48:43,8671.0,11932.0,43569.0,14005.0,16136.0,43131.0
2025-07-19_04:48:43,8517.0,11932.0,43569.0,13270.0,16136.0,43131.0
2025-07-19_04:48:43,9636.0,11932.0,43569.0,14204.0,16136.0,43131.0
2025-07-19_04:48:44,8602.0,11932.0,43569.0,14039.0,16136.0,43131.0
2025-07-19_04:48:44,10203.0,11932.0,43569.0,14468.0,16136.0,43149.0
2025-07-19_04:48:44,9974.0,11932.0,43571.0,14087.0,16136.0,43150.0
2025-07-19_04:48:44,,,,,,
2025-07-19_04:48:48,6960.0,11932.0,43571.0,3787.0,16136.0,43150.0
2025-07-19_04:48:48,10214.0,11932.0,43571.0,14378.0,16136.0,43150.0
2025-07-19_04:48:49,,,,14110.0,16136.0,43150.0
2025-07-19_04:48:52,2778.0,11932.0,43571.0,12162.0,16136.0,43150.0
2025-07-19_04:48:53,10041.0,11932.0,43572.0,14400.0,16136.0,43151.0
2025-07-19_04:48:53,9902.0,11932.0,43572.0,14152.0,16136.0,43151.0
2025-07-19_04:48:53,10073.0,11932.0,43572.0,14505.0,16136.0,43151.0
2025-07-19_04:48:53,9743.0,11932.0,43578.0,14109.0,16136.0,43151.0
2025-07-19_04:48:54,8623.0,11932.0,43578.0,14113.0,16136.0,43153.0
2025-07-19_04:48:54,9948.0,11932.0,43578.0,14339.0,16136.0,43153.0
2025-07-19_04:48:54,9881.0,11932.0,43578.0,14317.0,16136.0,43153.0
2025-07-19_04:48:54,8539.0,11932.0,43578.0,13963.0,16136.0,43153.0
2025-07-19_04:48:54,10188.0,11933.0,43579.0,14398.0,16136.0,43153.0
2025-07-19_04:48:55,,,,14058.0,16136.0,43153.0
2025-07-19_04:48:58,3358.0,11933.0,43579.0,12188.0,16136.0,43153.0
2025-07-19_04:48:59,10312.0,11933.0,43587.0,14153.0,16136.0,43153.0
2025-07-19_04:48:59,,,,,,
2025-07-19_04:49:03,6963.0,11933.0,43587.0,3793.0,16136.0,43153.0
2025-07-19_04:49:03,9697.0,11933.0,43587.0,14016.0,16136.0,43153.0
2025-07-19_04:49:03,7969.0,11933.0,43587.0,13238.0,16136.0,43153.0
2025-07-19_04:49:03,9954.0,11933.0,43587.0,14619.0,16136.0,43160.0
2025-07-19_04:49:04,10340.0,11933.0,43587.0,14531.0,16136.0,43160.0
2025-07-19_04:49:04,,,,13972.0,16136.0,43160.0
2025-07-19_04:49:08,3319.0,11933.0,43587.0,12194.0,16136.0,43160.0
2025-07-19_04:49:08,9055.0,11933.0,43587.0,13896.0,16136.0,43160.0
2025-07-19_04:49:08,10158.0,11933.0,43587.0,14544.0,16136.0,43160.0
2025-07-19_04:49:08,10185.0,11940.0,45269.0,14094.0,16136.0,43160.0
2025-07-19_04:49:12,6971.0,11940.0,45269.0,3793.0,16136.0,43160.0
2025-07-19_04:49:12,9913.0,11940.0,45269.0,14078.0,16136.0,43160.0
2025-07-19_04:49:13,10164.0,11940.0,45269.0,14155.0,16136.0,43160.0
2025-07-19_04:49:13,,,,,,
2025-07-19_04:49:17,6964.0,11940.0,45269.0,3793.0,16136.0,43160.0
2025-07-19_04:49:17,9784.0,11940.0,45269.0,14003.0,16136.0,43160.0
2025-07-19_04:49:17,,,,14147.0,16136.0,43160.0
2025-07-19_04:49:21,3319.0,11940.0,45269.0,12193.0,16136.0,43160.0
2025-07-19_04:49:21,,,,14043.0,16136.0,43160.0
2025-07-19_04:49:25,3319.0,11940.0,45269.0,12191.0,16136.0,43160.0
2025-07-19_04:49:25,8689.0,11940.0,45269.0,14088.0,16136.0,43160.0
2025-07-19_04:49:25,,,,,,
2025-07-19_04:49:29,6967.0,11940.0,45269.0,3786.0,16136.0,43160.0
2025-07-19_04:49:29,10202.0,11940.0,45269.0,14398.0,16136.0,43160.0
2025-07-19_04:49:29,9669.0,11940.0,45269.0,14024.0,16136.0,43160.0
2025-07-19_04:49:30,,,,13561.0,16136.0,43160.0
2025-07-19_04:49:33,3358.0,11940.0,45269.0,12189.0,16136.0,43160.0
2025-07-19_04:49:33,9745.0,11940.0,45269.0,14142.0,16136.0,43160.0
2025-07-19_04:49:34,9887.0,11940.0,45269.0,13981.0,16136.0,43160.0
2025-07-19_04:49:34,,,,,,
2025-07-19_04:49:38,6967.0,11940.0,45269.0,3789.0,16136.0,43160.0
2025-07-19_04:49:38,,,,13981.0,16136.0,43160.0
2025-07-19_04:49:42,3375.0,11940.0,45269.0,12148.0,16136.0,43160.0
2025-07-19_04:49:42,,,,13060.0,16136.0,43160.0
2025-07-19_04:49:46,2778.0,11940.0,45269.0,12191.0,16136.0,43160.0
2025-07-19_04:49:46,8011.0,11940.0,45269.0,13247.0,16136.0,43160.0
2025-07-19_04:49:46,,,,13862.0,16136.0,43160.0
2025-07-19_04:49:50,3375.0,11940.0,45269.0,12192.0,16136.0,43160.0
2025-07-19_04:49:50,,,,13772.0,16136.0,43160.0
2025-07-19_04:49:54,3302.0,11940.0,45269.0,12206.0,16136.0,43160.0
2025-07-19_04:49:54,10206.0,11940.0,45269.0,14362.0,16136.0,43160.0
2025-07-19_04:49:54,,,,14287.0,16136.0,43160.0
2025-07-19_04:49:58,2778.0,11940.0,45269.0,12168.0,16136.0,43160.0
2025-07-19_04:49:58,,,,14054.0,16136.0,43160.0
2025-07-19_04:50:02,3377.0,11940.0,45269.0,12144.0,16136.0,43160.0
2025-07-19_04:50:02,9861.0,11940.0,45269.0,13971.0,16136.0,43160.0
2025-07-19_04:50:02,10106.0,11940.0,45269.0,13882.0,16136.0,43160.0
2025-07-19_04:50:03,,,,,,
2025-07-19_04:50:06,6967.0,11940.0,45269.0,3793.0,16136.0,43160.0
2025-07-19_04:50:07,8554.0,11940.0,45269.0,13837.0,16136.0,43160.0
2025-07-19_04:50:07,9903.0,11940.0,45269.0,14398.0,16136.0,43160.0
2025-07-19_04:50:07,,,,13938.0,16136.0,43160.0
2025-07-19_04:50:11,3319.0,11940.0,45269.0,12196.0,16136.0,43160.0
2025-07-19_04:50:11,,,,14020.0,16136.0,43160.0
2025-07-19_04:50:15,2778.0,11940.0,45269.0,12188.0,16136.0,43160.0
2025-07-19_04:50:15,,,,14077.0,16136.0,43167.0
2025-07-19_04:50:19,2778.0,11940.0,45269.0,12178.0,16136.0,43167.0
2025-07-19_04:50:19,9689.0,11940.0,45269.0,13793.0,16136.0,43167.0
2025-07-19_04:50:19,10148.0,11940.0,45269.0,14247.0,16136.0,43167.0
2025-07-19_04:50:19,,,,13616.0,16136.0,43167.0
2025-07-19_04:50:23,3319.0,11940.0,45269.0,12161.0,16136.0,43167.0
2025-07-19_04:50:23,,,,,,
2025-07-19_04:50:27,6964.0,11940.0,45269.0,3792.0,16136.0,43167.0
2025-07-19_04:50:27,10297.0,11940.0,45269.0,14366.0,16136.0,43167.0
2025-07-19_04:50:28,10198.0,11940.0,45269.0,14355.0,16136.0,43167.0
2025-07-19_04:50:28,8655.0,11940.0,45269.0,14074.0,16136.0,43167.0
2025-07-19_04:50:28,10333.0,11940.0,45269.0,14419.0,16136.0,43167.0
2025-07-19_04:50:28,10197.0,11940.0,45269.0,14584.0,16136.0,43167.0
2025-07-19_04:50:29,,,,,,
2025-07-19_04:50:32,6965.0,11940.0,45269.0,3793.0,16136.0,43167.0
2025-07-19_04:50:33,,,,,,
2025-07-19_04:50:36,6964.0,11940.0,45269.0,3792.0,16136.0,43167.0
2025-07-19_04:50:37,9934.0,11940.0,45269.0,14124.0,16136.0,43167.0
2025-07-19_04:50:37,9601.0,11940.0,45269.0,13976.0,16136.0,43167.0
2025-07-19_04:50:37,10484.0,11940.0,45269.0,14860.0,16136.0,43167.0
2025-07-19_04:50:37,,,,14515.0,16136.0,43175.0
2025-07-19_04:50:41,3358.0,11940.0,45269.0,12183.0,16136.0,43175.0
2025-07-19_04:50:41,,,,14495.0,16136.0,43175.0
2025-07-19_04:50:45,3375.0,11940.0,45269.0,12159.0,16136.0,43175.0
2025-07-19_04:50:45,,,,14100.0,16136.0,43175.0
2025-07-19_04:50:49,3375.0,11940.0,45269.0,12159.0,16136.0,43175.0
2025-07-19_04:50:49,10341.0,11940.0,45269.0,14170.0,16136.0,43175.0
2025-07-19_04:50:49,9906.0,11940.0,45269.0,14077.0,16136.0,43175.0
2025-07-19_04:50:49,10087.0,11940.0,45269.0,14235.0,16136.0,43175.0
2025-07-19_04:50:50,9585.0,11940.0,45269.0,13984.0,16136.0,43175.0
2025-07-19_04:50:50,9210.0,11940.0,45269.0,14032.0,16136.0,43175.0
2025-07-19_04:50:50,9777.0,11940.0,45269.0,14297.0,16136.0,43175.0
2025-07-19_04:50:50,9667.0,11940.0,45269.0,14151.0,16136.0,43175.0
2025-07-19_04:50:51,10199.0,11940.0,45269.0,14303.0,16136.0,43175.0
2025-07-19_04:50:51,,,,13832.0,16136.0,43175.0
2025-07-19_04:50:54,3319.0,11940.0,45269.0,12188.0,16136.0,43175.0
2025-07-19_04:50:55,8027.0,11940.0,45269.0,13047.0,16136.0,43175.0
2025-07-19_04:50:55,,,,13793.0,16136.0,43175.0
2025-07-19_04:50:59,3319.0,11940.0,45269.0,12183.0,16136.0,43175.0
2025-07-19_04:50:59,10543.0,11940.0,45269.0,14627.0,16136.0,43175.0
2025-07-19_04:50:59,,,,13786.0,16136.0,43175.0
2025-07-19_04:51:03,3375.0,11940.0,45269.0,12169.0,16136.0,43175.0
2025-07-19_04:51:03,9669.0,11940.0,45269.0,13985.0,16136.0,43175.0
2025-07-19_04:51:03,9774.0,11940.0,45270.0,14085.0,16136.0,43175.0
2025-07-19_04:51:03,9741.0,11940.0,45270.0,13972.0,16136.0,43175.0
2025-07-19_04:51:04,8671.0,11940.0,45270.0,14251.0,16136.0,43175.0
2025-07-19_04:51:04,8638.0,11940.0,45276.0,14009.0,16136.0,43175.0
2025-07-19_04:51:04,10138.0,11949.0,45288.0,14512.0,16136.0,43175.0
2025-07-19_04:51:04,9809.0,11949.0,45288.0,13987.0,16136.0,43175.0
2025-07-19_04:51:04,9908.0,11949.0,45288.0,14279.0,16136.0,43175.0
2025-07-19_04:51:05,9940.0,11949.0,45288.0,14607.0,16136.0,43175.0
2025-07-19_04:51:05,8637.0,11949.0,45288.0,14081.0,16136.0,43175.0
2025-07-19_04:51:05,10197.0,11949.0,45288.0,14607.0,16136.0,43175.0
2025-07-19_04:51:05,10118.0,11949.0,45288.0,13798.0,16136.0,43175.0
2025-07-19_04:51:06,10096.0,11949.0,45288.0,14081.0,16136.0,43175.0
2025-07-19_04:51:06,,,,14564.0,16136.0,43175.0
2025-07-19_04:51:10,3375.0,11949.0,45288.0,12191.0,16136.0,43175.0
2025-07-19_04:51:10,9610.0,11949.0,45288.0,13898.0,16136.0,43175.0
2025-07-19_04:51:10,,,,13971.0,16136.0,43175.0
2025-07-19_04:51:14,3375.0,11949.0,45288.0,12182.0,16136.0,43175.0
2025-07-19_04:51:14,9812.0,11949.0,45288.0,14126.0,16136.0,43175.0
2025-07-19_04:51:14,9899.0,11949.0,45288.0,14009.0,16136.0,43175.0
2025-07-19_04:51:14,10441.0,11949.0,45288.0,14822.0,16136.0,43175.0
2025-07-19_04:51:15,,,,14302.0,16136.0,43175.0
2025-07-19_04:51:18,3358.0,11949.0,45288.0,12202.0,16136.0,43175.0
2025-07-19_04:51:18,10330.0,11949.0,45288.0,14507.0,16136.0,43175.0
2025-07-19_04:51:19,9885.0,11949.0,45288.0,14387.0,16136.0,43175.0
2025-07-19_04:51:19,,,,,,
2025-07-19_04:51:23,6963.0,11949.0,45288.0,3786.0,16136.0,43175.0
2025-07-19_04:51:23,10218.0,11949.0,45288.0,14175.0,16136.0,43175.0
2025-07-19_04:51:23,9895.0,11949.0,45288.0,14387.0,16136.0,43175.0
2025-07-19_04:51:23,8544.0,11949.0,45288.0,13920.0,16136.0,43175.0
2025-07-19_04:51:24,10172.0,11949.0,45288.0,14543.0,16136.0,43175.0
2025-07-19_04:51:24,9607.0,11949.0,45289.0,14094.0,16136.0,43175.0
2025-07-19_04:51:24,9994.0,11949.0,45289.0,14382.0,16136.0,43175.0
2025-07-19_04:51:24,9880.0,11949.0,45289.0,14106.0,16136.0,43175.0
2025-07-19_04:51:25,8628.0,11949.0,45289.0,14089.0,16136.0,43175.0
2025-07-19_04:51:25,10329.0,11949.0,45289.0,14518.0,16136.0,43175.0
2025-07-19_04:51:25,,,,14114.0,16136.0,43175.0
2025-07-19_04:51:29,3319.0,11949.0,45289.0,12191.0,16136.0,43175.0
2025-07-19_04:51:29,9441.0,11949.0,45289.0,13983.0,16136.0,43175.0
2025-07-19_04:51:29,10068.0,11949.0,45289.0,14356.0,16136.0,43175.0
2025-07-19_04:51:29,8514.0,11949.0,45289.0,14025.0,16136.0,43175.0
2025-07-19_04:51:30,,,,14148.0,16136.0,43175.0
2025-07-19_04:51:33,,,,,,
2025-07-19_04:51:37,6964.0,11949.0,45289.0,3793.0,16136.0,43175.0
2025-07-19_04:51:37,10142.0,11949.0,45289.0,14491.0,16136.0,43175.0
2025-07-19_04:51:38,10101.0,11949.0,45291.0,14377.0,16136.0,43178.0
2025-07-19_04:51:38,8584.0,11949.0,45291.0,14173.0,16136.0,43178.0
2025-07-19_04:51:38,,,,13819.0,16136.0,43178.0
2025-07-19_04:51:42,3302.0,11949.0,45291.0,12200.0,16136.0,43178.0
2025-07-19_04:51:42,9900.0,11949.0,45291.0,14151.0,16136.0,43178.0
2025-07-19_04:51:42,9892.0,11949.0,45291.0,14116.0,16136.0,43178.0
2025-07-19_04:51:42,,,,14113.0,16136.0,43178.0
2025-07-19_04:51:46,3302.0,11949.0,45291.0,12183.0,16136.0,43178.0
2025-07-19_04:51:46,,,,13295.0,16136.0,43178.0
2025-07-19_04:51:50,2778.0,11949.0,45291.0,12188.0,16136.0,43178.0
2025-07-19_04:51:50,,,,,,
2025-07-19_04:51:54,6964.0,11949.0,45291.0,3787.0,16136.0,43178.0
2025-07-19_04:51:54,8622.0,11949.0,45291.0,14470.0,16136.0,43178.0
2025-07-19_04:51:55,8689.0,11949.0,45291.0,14164.0,16136.0,43178.0
2025-07-19_04:51:55,10056.0,11949.0,45291.0,14034.0,16136.0,43178.0
2025-07-19_04:51:55,10036.0,11949.0,45291.0,14051.0,16136.0,43178.0
2025-07-19_04:51:55,10182.0,11949.0,45291.0,14276.0,16136.0,43178.0
2025-07-19_04:51:56,,,,14015.0,16136.0,43178.0
2025-07-19_04:51:59,2778.0,11949.0,45291.0,12171.0,16136.0,43178.0
2025-07-19_04:52:00,10160.0,11949.0,45291.0,14170.0,16136.0,43178.0
2025-07-19_04:52:00,,,,,,
2025-07-19_04:52:04,6963.0,11949.0,45291.0,3787.0,16136.0,43178.0
2025-07-19_04:52:04,9794.0,11949.0,45291.0,14014.0,16136.0,43178.0
2025-07-19_04:52:04,8677.0,11949.0,45291.0,14186.0,16136.0,43178.0
2025-07-19_04:52:04,9917.0,11949.0,45292.0,14145.0,16136.0,43178.0
2025-07-19_04:52:05,8546.0,11949.0,45292.0,13938.0,16136.0,43178.0
2025-07-19_04:52:05,9678.0,11949.0,45292.0,13843.0,16136.0,43178.0
2025-07-19_04:52:05,9841.0,11949.0,45292.0,14071.0,16136.0,43178.0
2025-07-19_04:52:05,,,,,,
2025-07-19_04:52:09,6961.0,11949.0,45292.0,3792.0,16136.0,43178.0
2025-07-19_04:52:09,10291.0,11949.0,45294.0,14128.0,16136.0,43178.0
2025-07-19_04:52:10,9515.0,11949.0,45294.0,13917.0,16136.0,43178.0
2025-07-19_04:52:10,10364.0,11949.0,45294.0,14482.0,16136.0,43178.0
2025-07-19_04:52:10,10220.0,11949.0,45294.0,14365.0,16136.0,43178.0
2025-07-19_04:52:10,8610.0,11949.0,45294.0,14201.0,16136.0,43178.0
2025-07-19_04:52:10,9994.0,11949.0,45294.0,14176.0,16136.0,43178.0
2025-07-19_04:52:11,9649.0,11949.0,45294.0,14080.0,16136.0,43178.0
2025-07-19_04:52:11,9888.0,11949.0,45294.0,14134.0,16136.0,43178.0
2025-07-19_04:52:11,9991.0,11949.0,45294.0,14540.0,16136.0,43178.0
2025-07-19_04:52:11,,,,,,
2025-07-19_04:52:15,6966.0,11949.0,45294.0,3793.0,16136.0,43178.0
2025-07-19_04:52:15,10336.0,11949.0,45294.0,14335.0,16136.0,43178.0
2025-07-19_04:52:16,10368.0,11949.0,45294.0,14576.0,16136.0,43178.0
2025-07-19_04:52:16,8614.0,11949.0,45294.0,14084.0,16136.0,43178.0
2025-07-19_04:52:16,,,,,,
2025-07-19_04:52:20,6969.0,11949.0,45294.0,3786.0,16136.0,43178.0
2025-07-19_04:52:20,9729.0,11949.0,45294.0,14111.0,16136.0,43178.0
2025-07-19_04:52:20,8627.0,11949.0,45294.0,14125.0,16136.0,43178.0
2025-07-19_04:52:20,9876.0,11949.0,45294.0,13861.0,16136.0,43178.0
2025-07-19_04:52:21,10531.0,11949.0,45294.0,14681.0,16136.0,43178.0
2025-07-19_04:52:21,10149.0,11949.0,45294.0,14081.0,16136.0,43178.0
2025-07-19_04:52:21,,,,,,
2025-07-19_04:52:25,6962.0,11949.0,45294.0,3793.0,16136.0,43178.0
2025-07-19_04:52:25,9820.0,11949.0,45294.0,14146.0,16136.0,43178.0
2025-07-19_04:52:25,8517.0,11949.0,45294.0,13641.0,16136.0,43178.0
2025-07-19_04:52:26,10225.0,11949.0,45294.0,14487.0,16136.0,43178.0
2025-07-19_04:52:26,,,,,,
2025-07-19_04:52:30,6966.0,11949.0,45294.0,3792.0,16136.0,43178.0
2025-07-19_04:52:30,8551.0,11949.0,45294.0,14188.0,16136.0,43178.0
2025-07-19_04:52:30,9889.0,11949.0,45294.0,14094.0,16136.0,43178.0
2025-07-19_04:52:30,10700.0,11949.0,45323.0,14418.0,16136.0,43178.0
2025-07-19_04:52:31,,,,,,
2025-07-19_04:52:34,6955.0,11949.0,45323.0,3793.0,16136.0,43178.0
2025-07-19_04:52:35,,,,,,
2025-07-19_04:52:39,2778.0,11949.0,45323.0,3776.0,16136.0,43178.0
2025-07-19_04:52:39,9729.0,11949.0,45323.0,14032.0,16136.0,43178.0
2025-07-19_04:52:40,8689.0,11949.0,45331.0,14249.0,16136.0,43188.0
2025-07-19_04:52:40,,,,,,
2025-07-19_04:52:44,6965.0,11949.0,45331.0,3793.0,16136.0,43188.0
2025-07-19_04:52:44,9762.0,11949.0,45332.0,14377.0,16136.0,43188.0
2025-07-19_04:52:45,2780.0,11949.0,45332.0,12172.0,16136.0,43188.0
2025-07-19_04:52:45,8520.0,11949.0,45332.0,13809.0,16136.0,43188.0
2025-07-19_04:52:45,9890.0,11949.0,45332.0,14384.0,16136.0,43188.0
2025-07-19_04:52:45,,,,,,
2025-07-19_04:52:49,6963.0,11949.0,45332.0,3793.0,16136.0,43188.0
2025-07-19_04:52:49,10216.0,11949.0,45332.0,14035.0,16136.0,43225.0
2025-07-19_04:52:50,,,,14253.0,16136.0,43225.0
2025-07-19_04:52:53,2778.0,11949.0,45332.0,12197.0,16136.0,43225.0
2025-07-19_04:52:54,9887.0,11949.0,45332.0,14307.0,16136.0,43225.0
2025-07-19_04:52:54,,,,,,
2025-07-19_04:52:58,6957.0,11949.0,45332.0,3793.0,16136.0,43225.0
2025-07-19_04:52:58,9892.0,11949.0,45332.0,14214.0,16136.0,43225.0
2025-07-19_04:52:58,,,,13962.0,16136.0,43225.0
2025-07-19_04:53:02,3358.0,11949.0,45332.0,12191.0,16136.0,43225.0
2025-07-19_04:53:02,10238.0,11949.0,45332.0,14501.0,16136.0,43225.0
2025-07-19_04:53:02,9721.0,11949.0,45332.0,14104.0,16136.0,43225.0
2025-07-19_04:53:02,10573.0,11949.0,45332.0,14517.0,16136.0,43228.0
2025-07-19_04:53:03,8519.0,11949.0,45332.0,13911.0,16136.0,43228.0
2025-07-19_04:53:03,10039.0,11949.0,45332.0,14175.0,16136.0,43228.0
2025-07-19_04:53:03,,,,13054.0,16136.0,43228.0
2025-07-19_04:53:07,2778.0,11949.0,45332.0,12188.0,16136.0,43228.0
2025-07-19_04:53:07,10492.0,11949.0,45332.0,14653.0,16136.0,43228.0
2025-07-19_04:53:07,9978.0,11949.0,45332.0,13794.0,16136.0,43228.0
2025-07-19_04:53:08,9990.0,11949.0,45332.0,14187.0,16136.0,43228.0
2025-07-19_04:53:08,,,,,,
2025-07-19_04:53:12,6968.0,11949.0,45332.0,3792.0,16136.0,43228.0
2025-07-19_04:53:12,9924.0,11949.0,45332.0,14174.0,16136.0,43228.0
2025-07-19_04:53:12,,,,13798.0,16136.0,43228.0
2025-07-19_04:53:16,3302.0,11949.0,45332.0,12187.0,16136.0,43228.0
2025-07-19_04:53:16,,,,,,
2025-07-19_04:53:20,6960.0,11949.0,45332.0,3792.0,16136.0,43228.0
2025-07-19_04:53:20,,,,,,
2025-07-19_04:53:24,6962.0,11949.0,45332.0,3792.0,16136.0,43228.0
2025-07-19_04:53:24,9892.0,11949.0,45332.0,14020.0,16136.0,43228.0
2025-07-19_04:53:24,9045.0,11949.0,45332.0,14035.0,16136.0,43228.0
2025-07-19_04:53:24,,,,,,
2025-07-19_04:53:28,6963.0,11949.0,45332.0,3793.0,16136.0,43228.0
2025-07-19_04:53:28,9310.0,11949.0,45332.0,14367.0,16136.0,43228.0
2025-07-19_04:53:29,9911.0,11949.0,45332.0,14009.0,16136.0,43228.0
2025-07-19_04:53:29,8329.0,11949.0,45332.0,13802.0,16136.0,43228.0
2025-07-19_04:53:29,9956.0,11949.0,45332.0,14250.0,16136.0,43228.0
2025-07-19_04:53:29,10360.0,11949.0,45332.0,14146.0,16136.0,43232.0
2025-07-19_04:53:30,9227.0,11949.0,45332.0,14179.0,16136.0,43232.0
2025-07-19_04:53:30,8672.0,11949.0,45332.0,13746.0,16136.0,43232.0
2025-07-19_04:53:30,8635.0,11949.0,45332.0,14095.0,16136.0,43232.0
2025-07-19_04:53:30,10287.0,11949.0,45332.0,14108.0,16136.0,43232.0
2025-07-19_04:53:30,10130.0,11949.0,45332.0,14422.0,16136.0,43232.0
2025-07-19_04:53:31,10779.0,11949.0,45342.0,15193.0,16136.0,43234.0
2025-07-19_04:53:31,10233.0,11949.0,45342.0,14543.0,16136.0,43234.0
2025-07-19_04:53:31,,,,13836.0,16136.0,43234.0
2025-07-19_04:53:35,3358.0,11949.0,45342.0,12178.0,16136.0,43234.0
2025-07-19_04:53:35,9747.0,11949.0,45342.0,13797.0,16136.0,43234.0
2025-07-19_04:53:35,9924.0,11949.0,45342.0,14150.0,16136.0,43234.0
2025-07-19_04:53:36,8574.0,11949.0,45342.0,13915.0,16136.0,43234.0
2025-07-19_04:53:36,,,,14343.0,16136.0,43273.0
2025-07-19_04:53:40,3358.0,11949.0,45342.0,12189.0,16136.0,43273.0
2025-07-19_04:53:40,9966.0,11949.0,45342.0,14167.0,16136.0,43273.0
2025-07-19_04:53:40,,,,,,
2025-07-19_04:53:44,2778.0,11949.0,45342.0,3776.0,16136.0,43273.0
2025-07-19_04:53:45,,,,13981.0,16136.0,43273.0
2025-07-19_04:53:48,3319.0,11949.0,45342.0,12192.0,16136.0,43273.0
2025-07-19_04:53:49,9975.0,11949.0,45342.0,13994.0,16136.0,43273.0
2025-07-19_04:53:49,9931.0,11949.0,45342.0,14362.0,16136.0,43273.0
2025-07-19_04:53:49,,,,13059.0,16136.0,43273.0
2025-07-19_04:53:53,2778.0,11949.0,45342.0,12183.0,16136.0,43273.0
2025-07-19_04:53:53,,,,,,
2025-07-19_04:53:57,6968.0,11949.0,45342.0,3793.0,16136.0,43273.0
2025-07-19_04:53:57,9918.0,11949.0,45342.0,14220.0,16136.0,43273.0
2025-07-19_04:53:57,,,,,,
2025-07-19_04:54:01,6966.0,11949.0,45342.0,3792.0,16136.0,43273.0
2025-07-19_04:54:01,,,,14097.0,16136.0,43273.0
2025-07-19_04:54:05,2778.0,11949.0,45342.0,12188.0,16136.0,43273.0
2025-07-19_04:54:06,10306.0,11949.0,45342.0,14243.0,16136.0,43273.0
2025-07-19_04:54:06,10316.0,11949.0,45342.0,14336.0,16136.0,43273.0
2025-07-19_04:54:06,8508.0,11949.0,45342.0,13897.0,16136.0,43273.0
2025-07-19_04:54:06,,,,,,
2025-07-19_04:54:10,6968.0,11949.0,45342.0,3792.0,16136.0,43273.0
2025-07-19_04:54:10,10509.0,11949.0,45342.0,14814.0,16136.0,43273.0
2025-07-19_04:54:10,9615.0,11949.0,45342.0,14214.0,16136.0,43273.0
2025-07-19_04:54:11,9769.0,11949.0,45342.0,14269.0,16136.0,43273.0
2025-07-19_04:54:11,8557.0,11949.0,45342.0,14091.0,16136.0,43273.0
2025-07-19_04:54:11,8568.0,11949.0,45342.0,13969.0,16136.0,43273.0
2025-07-19_04:54:11,9907.0,11949.0,45342.0,14147.0,16136.0,43273.0
2025-07-19_04:54:12,,,,14077.0,16136.0,43273.0
2025-07-19_04:54:15,3319.0,11949.0,45342.0,12157.0,16137.0,43274.0
2025-07-19_04:54:16,10369.0,11949.0,45342.0,14414.0,16137.0,43274.0
2025-07-19_04:54:16,9760.0,11949.0,45342.0,13974.0,16137.0,43274.0
2025-07-19_04:54:16,,,,,,
2025-07-19_04:54:20,6965.0,11949.0,45342.0,3793.0,16137.0,43274.0
2025-07-19_04:54:20,10284.0,11949.0,45342.0,14368.0,16137.0,43274.0
2025-07-19_04:54:20,,,,14058.0,16137.0,43276.0
2025-07-19_04:54:24,3375.0,11949.0,45342.0,12185.0,16137.0,43276.0
2025-07-19_04:54:24,9930.0,11949.0,45342.0,13850.0,16137.0,43276.0
2025-07-19_04:54:24,,,,,,
2025-07-19_04:54:28,6969.0,11949.0,45342.0,3793.0,16137.0,43276.0
2025-07-19_04:54:28,9765.0,11949.0,45342.0,14112.0,16137.0,43276.0
2025-07-19_04:54:29,10231.0,11949.0,45342.0,14319.0,16137.0,43276.0
2025-07-19_04:54:29,,,,,,
2025-07-19_04:54:33,6965.0,11949.0,45342.0,3786.0,16137.0,43276.0
2025-07-19_04:54:33,,,,,,
2025-07-19_04:54:37,6967.0,11949.0,45342.0,3792.0,16137.0,43276.0
2025-07-19_04:54:37,9851.0,11949.0,45342.0,13803.0,16137.0,43276.0
2025-07-19_04:54:37,9762.0,11949.0,45342.0,13986.0,16137.0,43276.0
2025-07-19_04:54:37,10018.0,11949.0,45342.0,14162.0,16137.0,43276.0
2025-07-19_04:54:38,10301.0,11949.0,45342.0,14226.0,16137.0,43276.0
2025-07-19_04:54:38,9643.0,11949.0,45345.0,14455.0,16137.0,43276.0
2025-07-19_04:54:38,9740.0,11949.0,45345.0,14098.0,16137.0,43276.0
2025-07-19_04:54:38,,,,14128.0,16137.0,43276.0
2025-07-19_04:54:42,3377.0,11949.0,45345.0,12142.0,16137.0,43276.0
2025-07-19_04:54:42,,,,14116.0,16137.0,43276.0
2025-07-19_04:54:46,3377.0,11949.0,45345.0,12191.0,16137.0,43276.0
2025-07-19_04:54:46,9653.0,11949.0,45345.0,14177.0,16137.0,43276.0
2025-07-19_04:54:46,,,,13855.0,16137.0,43276.0
2025-07-19_04:54:50,3375.0,11949.0,45345.0,12161.0,16137.0,43276.0
2025-07-19_04:54:50,10135.0,11949.0,45345.0,13855.0,16137.0,43276.0
2025-07-19_04:54:50,,,,,,
2025-07-19_04:54:54,6963.0,11949.0,45345.0,3792.0,16137.0,43276.0
2025-07-19_04:54:54,9934.0,11949.0,45345.0,14179.0,16137.0,43276.0
2025-07-19_04:54:55,9949.0,11949.0,45345.0,14274.0,16137.0,43276.0
2025-07-19_04:54:55,9917.0,11949.0,45345.0,14401.0,16137.0,43276.0
2025-07-19_04:54:55,9907.0,11949.0,45345.0,14143.0,16137.0,43276.0
2025-07-19_04:54:55,10208.0,11949.0,45345.0,14332.0,16137.0,43276.0
2025-07-19_04:54:56,9894.0,11949.0,45345.0,14391.0,16137.0,43276.0
2025-07-19_04:54:56,,,,,,
2025-07-19_04:55:00,6962.0,11949.0,45345.0,3793.0,16137.0,43276.0
2025-07-19_04:55:00,10160.0,11949.0,45345.0,14172.0,16137.0,43276.0
2025-07-19_04:55:00,,,,,,
2025-07-19_04:55:04,,,,3794.0,16137.0,43276.0
2025-07-19_04:55:08,2778.0,11949.0,45345.0,12170.0,16137.0,43276.0
2025-07-19_04:55:08,10257.0,11949.0,45347.0,14319.0,16137.0,43276.0
2025-07-19_04:55:08,9867.0,11949.0,45347.0,14094.0,16137.0,43276.0
2025-07-19_04:55:08,8531.0,11949.0,45347.0,13807.0,16137.0,43276.0
2025-07-19_04:55:09,9568.0,11949.0,45347.0,13807.0,16137.0,43276.0
2025-07-19_04:55:09,10295.0,11949.0,45347.0,14404.0,16137.0,43276.0
2025-07-19_04:55:09,,,,,,
2025-07-19_04:55:13,6969.0,11949.0,45347.0,3793.0,16137.0,43276.0
2025-07-19_04:55:13,10006.0,11949.0,45347.0,14295.0,16137.0,43276.0
2025-07-19_04:55:13,,,,13972.0,16137.0,43276.0
2025-07-19_04:55:17,3358.0,11949.0,45347.0,12160.0,16137.0,43276.0
2025-07-19_04:55:17,9883.0,11949.0,45347.0,13981.0,16137.0,43276.0
2025-07-19_04:55:17,10160.0,11949.0,45348.0,13887.0,16137.0,43276.0
2025-07-19_04:55:18,9967.0,11949.0,45350.0,13984.0,16137.0,43284.0
2025-07-19_04:55:18,10021.0,11949.0,45350.0,14068.0,16137.0,43284.0
2025-07-19_04:55:18,,,,14041.0,16137.0,43284.0
2025-07-19_04:55:22,3375.0,11949.0,45350.0,12154.0,16137.0,43284.0
2025-07-19_04:55:22,9950.0,11949.0,45350.0,14158.0,16137.0,43284.0
2025-07-19_04:55:22,,,,,,
2025-07-19_04:55:26,6967.0,11949.0,45350.0,3793.0,16137.0,43284.0
2025-07-19_04:55:26,8572.0,11949.0,45350.0,14150.0,16137.0,43284.0
2025-07-19_04:55:26,10033.0,11949.0,45350.0,14312.0,16137.0,43284.0
2025-07-19_04:55:27,,,,,,
2025-07-19_04:55:31,6966.0,11949.0,45350.0,3793.0,16137.0,43284.0
2025-07-19_04:55:31,10213.0,11949.0,45350.0,14585.0,16137.0,43284.0
2025-07-19_04:55:31,9547.0,11949.0,45350.0,14125.0,16137.0,43284.0
2025-07-19_04:55:31,10092.0,11949.0,45350.0,14127.0,16137.0,43284.0
2025-07-19_04:55:31,,,,14122.0,16137.0,43284.0
2025-07-19_04:55:35,3358.0,11949.0,45350.0,12191.0,16137.0,43284.0
2025-07-19_04:55:35,9669.0,11949.0,45354.0,14122.0,16137.0,43284.0
2025-07-19_04:55:36,8555.0,11949.0,45354.0,13909.0,16137.0,43284.0
2025-07-19_04:55:36,10232.0,11949.0,45354.0,14431.0,16137.0,43285.0
2025-07-19_04:55:36,9844.0,11949.0,45354.0,14221.0,16137.0,43285.0
2025-07-19_04:55:36,10191.0,11949.0,45354.0,14257.0,16137.0,43285.0
2025-07-19_04:55:37,8645.0,11949.0,45354.0,14373.0,16137.0,43285.0
2025-07-19_04:55:37,9898.0,11949.0,45354.0,14109.0,16137.0,43285.0
2025-07-19_04:55:37,9936.0,11949.0,45354.0,14283.0,16137.0,43285.0
2025-07-19_04:55:37,,,,14610.0,16137.0,43285.0
2025-07-19_04:55:41,3358.0,11949.0,45354.0,12189.0,16137.0,43285.0
2025-07-19_04:55:41,10327.0,11949.0,45354.0,14424.0,16137.0,43290.0
2025-07-19_04:55:41,9618.0,11949.0,45354.0,14092.0,16137.0,43290.0
2025-07-19_04:55:42,9590.0,11949.0,45354.0,13958.0,16137.0,43290.0
2025-07-19_04:55:42,10113.0,11949.0,45354.0,14029.0,16137.0,43290.0
2025-07-19_04:55:42,9943.0,11949.0,45354.0,14209.0,16137.0,43290.0
2025-07-19_04:55:42,10279.0,11949.0,45354.0,14410.0,16137.0,43290.0
2025-07-19_04:55:42,9843.0,11949.0,45354.0,14079.0,16137.0,43290.0
2025-07-19_04:55:43,9975.0,11949.0,45354.0,14267.0,16137.0,43290.0
2025-07-19_04:55:43,10113.0,11949.0,45354.0,14839.0,16137.0,43290.0
2025-07-19_04:55:43,,,,,,
2025-07-19_04:55:47,6966.0,11949.0,45354.0,3793.0,16137.0,43290.0
2025-07-19_04:55:47,10221.0,11949.0,45354.0,14688.0,16137.0,43290.0
2025-07-19_04:55:47,,,,,,
2025-07-19_04:55:51,6964.0,11949.0,45354.0,3787.0,16137.0,43290.0
2025-07-19_04:55:51,9925.0,11949.0,45354.0,14009.0,16137.0,43290.0
2025-07-19_04:55:52,8545.0,11949.0,45354.0,13766.0,16137.0,43290.0
2025-07-19_04:55:52,10133.0,11949.0,45354.0,14485.0,16137.0,43290.0
2025-07-19_04:55:52,,,,13979.0,16137.0,43290.0
2025-07-19_04:55:56,3302.0,11949.0,45354.0,12192.0,16137.0,43290.0
2025-07-19_04:55:56,9682.0,11949.0,45354.0,13986.0,16137.0,43290.0
2025-07-19_04:55:56,8571.0,11949.0,45354.0,13962.0,16137.0,43290.0
2025-07-19_04:55:56,10090.0,11949.0,45354.0,13771.0,16137.0,43290.0
2025-07-19_04:55:57,10074.0,11949.0,45354.0,14498.0,16137.0,43290.0
2025-07-19_04:55:57,8640.0,11949.0,45360.0,14340.0,16137.0,43290.0
2025-07-19_04:55:57,9876.0,11949.0,45360.0,14015.0,16137.0,43290.0
2025-07-19_04:55:57,8580.0,11949.0,45360.0,14178.0,16137.0,43290.0
2025-07-19_04:55:57,10308.0,11949.0,45360.0,14505.0,16137.0,43290.0
2025-07-19_04:55:58,10133.0,11949.0,45360.0,14177.0,16137.0,43290.0
2025-07-19_04:55:58,10018.0,11949.0,45360.0,14373.0,16137.0,43290.0
2025-07-19_04:55:58,9991.0,11949.0,45360.0,14495.0,16137.0,43290.0
2025-07-19_04:55:58,8584.0,11949.0,45360.0,14175.0,16137.0,43290.0
2025-07-19_04:55:59,,,,13835.0,16137.0,43290.0
2025-07-19_04:56:02,3302.0,11949.0,45360.0,12203.0,16137.0,43290.0
2025-07-19_04:56:03,,,,14279.0,16137.0,43290.0
2025-07-19_04:56:06,2778.0,11949.0,45360.0,12183.0,16137.0,43290.0
2025-07-19_04:56:07,10009.0,11949.0,45360.0,14355.0,16137.0,43290.0
2025-07-19_04:56:07,,,,14495.0,16137.0,43290.0
2025-07-19_04:56:11,3358.0,11949.0,45360.0,12194.0,16137.0,43290.0
2025-07-19_04:56:11,,,,14104.0,16137.0,43290.0
2025-07-19_04:56:15,2778.0,11949.0,45360.0,12195.0,16137.0,43290.0
2025-07-19_04:56:15,10000.0,11949.0,45360.0,14356.0,16137.0,43290.0
2025-07-19_04:56:15,10339.0,11949.0,45360.0,14480.0,16137.0,43290.0
2025-07-19_04:56:16,2778.0,11949.0,45360.0,12193.0,16137.0,43290.0
2025-07-19_04:56:16,10124.0,11949.0,45360.0,14049.0,16137.0,43290.0
2025-07-19_04:56:16,9928.0,11949.0,45360.0,14108.0,16137.0,43290.0
2025-07-19_04:56:17,,,,13668.0,16137.0,43290.0
2025-07-19_04:56:20,3302.0,11949.0,45360.0,12193.0,16137.0,43290.0
2025-07-19_04:56:21,9887.0,11949.0,45360.0,14144.0,16137.0,43290.0
2025-07-19_04:56:21,8546.0,11949.0,45360.0,13930.0,16137.0,43290.0
2025-07-19_04:56:21,9865.0,11949.0,45360.0,13896.0,16137.0,43290.0
2025-07-19_04:56:21,10336.0,11949.0,45360.0,14469.0,16137.0,43290.0
2025-07-19_04:56:21,8582.0,11949.0,45360.0,14345.0,16137.0,43290.0
2025-07-19_04:56:22,9870.0,11949.0,45360.0,14248.0,16137.0,43290.0
2025-07-19_04:56:22,,,,13783.0,16137.0,43290.0
2025-07-19_04:56:26,2778.0,11949.0,45360.0,12180.0,16137.0,43290.0
2025-07-19_04:56:26,,,,,,
2025-07-19_04:56:30,6964.0,11949.0,45360.0,3792.0,16137.0,43290.0
2025-07-19_04:56:30,,,,,,
2025-07-19_04:56:34,6968.0,11949.0,45360.0,3792.0,16137.0,43290.0
2025-07-19_04:56:34,8512.0,11949.0,45360.0,13261.0,16137.0,43290.0
2025-07-19_04:56:34,9921.0,11949.0,45360.0,14289.0,16137.0,43290.0
2025-07-19_04:56:35,,,,,,
2025-07-19_04:56:38,6970.0,11949.0,45360.0,3792.0,16137.0,43290.0
2025-07-19_04:56:39,,,,13823.0,16137.0,43290.0
2025-07-19_04:56:42,3358.0,11949.0,45360.0,12164.0,16137.0,43290.0
2025-07-19_04:56:43,10126.0,11949.0,45360.0,14357.0,16137.0,43290.0
2025-07-19_04:56:43,,,,,,
2025-07-19_04:56:47,6963.0,11949.0,45360.0,3792.0,16137.0,43290.0
2025-07-19_04:56:47,9911.0,11949.0,45360.0,14009.0,16137.0,43290.0
2025-07-19_04:56:47,9793.0,11949.0,45360.0,13932.0,16137.0,43290.0
2025-07-19_04:56:47,10432.0,11949.0,45360.0,14663.0,16137.0,43290.0
2025-07-19_04:56:47,10516.0,11949.0,45360.0,14610.0,16137.0,43290.0
2025-07-19_04:56:48,,,,13956.0,16137.0,43290.0
2025-07-19_04:56:51,3375.0,11949.0,45360.0,12185.0,16137.0,43290.0
2025-07-19_04:56:52,,,,,,
2025-07-19_04:56:55,6968.0,11949.0,45360.0,3793.0,16137.0,43290.0
2025-07-19_04:56:56,10400.0,11949.0,45360.0,14454.0,16137.0,43290.0
2025-07-19_04:56:56,10215.0,11949.0,45360.0,13803.0,16137.0,43290.0
2025-07-19_04:56:56,,,,14188.0,16137.0,43290.0
2025-07-19_04:57:00,3375.0,11949.0,45360.0,12190.0,16137.0,43290.0
2025-07-19_04:57:00,9083.0,11949.0,45360.0,13949.0,16137.0,43290.0
2025-07-19_04:57:00,10195.0,11949.0,45360.0,14397.0,16137.0,43290.0
2025-07-19_04:57:00,8550.0,11949.0,45360.0,13765.0,16137.0,43290.0
2025-07-19_04:57:01,9699.0,11949.0,45360.0,14013.0,16137.0,43290.0
2025-07-19_04:57:01,,,,,,
2025-07-19_04:57:05,6971.0,11949.0,45360.0,3793.0,16137.0,43290.0
2025-07-19_04:57:05,,,,,,
2025-07-19_04:57:09,6976.0,11949.0,45360.0,3793.0,16137.0,43290.0
2025-07-19_04:57:09,10331.0,11949.0,45360.0,14291.0,16137.0,43290.0
2025-07-19_04:57:09,8798.0,11949.0,45360.0,14215.0,16137.0,43290.0
2025-07-19_04:57:09,8533.0,11949.0,45360.0,13979.0,16137.0,43290.0
2025-07-19_04:57:10,10423.0,11949.0,45360.0,14893.0,16137.0,43323.0
2025-07-19_04:57:10,9921.0,11949.0,45360.0,14138.0,16137.0,43323.0
2025-07-19_04:57:10,,,,,,
2025-07-19_04:57:14,6960.0,11949.0,45360.0,3793.0,16137.0,43323.0
2025-07-19_04:57:14,,,,,,
2025-07-19_04:57:18,6966.0,11949.0,45360.0,3793.0,16137.0,43323.0
2025-07-19_04:57:18,10267.0,11949.0,45360.0,14667.0,16137.0,43323.0
2025-07-19_04:57:18,,,,,,
2025-07-19_04:57:22,6972.0,11949.0,45360.0,3792.0,16137.0,43323.0
2025-07-19_04:57:22,,,,,,
2025-07-19_04:57:26,6973.0,11949.0,45360.0,3792.0,16137.0,43323.0
2025-07-19_04:57:26,10301.0,11949.0,45360.0,14391.0,16137.0,43323.0
2025-07-19_04:57:27,8642.0,11949.0,45360.0,14205.0,16137.0,43323.0
2025-07-19_04:57:27,10219.0,11949.0,45360.0,14220.0,16137.0,43323.0
2025-07-19_04:57:27,,,,,,
2025-07-19_04:57:31,6982.0,11949.0,45360.0,3793.0,16137.0,43323.0
2025-07-19_04:57:31,10159.0,11949.0,45360.0,14243.0,16137.0,43325.0
2025-07-19_04:57:32,8554.0,11949.0,45360.0,13966.0,16137.0,43325.0
2025-07-19_04:57:32,,,,,,
2025-07-19_04:57:36,6967.0,11949.0,45360.0,3786.0,16137.0,43325.0
2025-07-19_04:57:36,10069.0,11949.0,45360.0,14525.0,16137.0,43326.0
2025-07-19_04:57:36,9907.0,11949.0,45360.0,13988.0,16137.0,43326.0
2025-07-19_04:57:36,7956.0,11949.0,45360.0,13047.0,16137.0,43326.0
2025-07-19_04:57:37,10114.0,11949.0,45360.0,14249.0,16137.0,43326.0
2025-07-19_04:57:37,8632.0,11949.0,45360.0,14217.0,16137.0,43326.0
2025-07-19_04:57:38,2778.0,11949.0,45360.0,12168.0,16137.0,43326.0
2025-07-19_04:57:38,9876.0,11949.0,45360.0,14072.0,16137.0,43326.0
2025-07-19_04:57:38,,,,14005.0,16137.0,43326.0
2025-07-19_04:57:42,3375.0,11949.0,45360.0,12189.0,16137.0,43326.0
2025-07-19_04:57:42,10104.0,11949.0,45360.0,14131.0,16137.0,43326.0
2025-07-19_04:57:42,10312.0,11949.0,45360.0,14594.0,16137.0,43326.0
2025-07-19_04:57:43,10207.0,11949.0,45360.0,14347.0,16137.0,43326.0
2025-07-19_04:57:43,8651.0,11949.0,45360.0,14089.0,16137.0,43326.0
2025-07-19_04:57:43,7982.0,11949.0,45360.0,13274.0,16137.0,43326.0
2025-07-19_04:57:43,10145.0,11949.0,45360.0,13928.0,16137.0,43326.0
2025-07-19_04:57:44,9864.0,11949.0,45360.0,13990.0,16137.0,43326.0
2025-07-19_04:57:44,10194.0,11949.0,45360.0,14079.0,16137.0,43326.0
2025-07-19_04:57:44,8567.0,11949.0,45360.0,13920.0,16137.0,43326.0
2025-07-19_04:57:44,,,,13793.0,16137.0,43326.0
2025-07-19_04:57:48,3319.0,11949.0,45360.0,12143.0,16137.0,43326.0
2025-07-19_04:57:48,,,,14320.0,16137.0,43326.0
2025-07-19_04:57:52,3375.0,11949.0,45360.0,12190.0,16137.0,43326.0
2025-07-19_04:57:52,,,,,,
2025-07-19_04:57:56,6965.0,11949.0,45360.0,3792.0,16137.0,43326.0
2025-07-19_04:57:56,,,,13971.0,16137.0,43326.0
2025-07-19_04:58:00,3358.0,11949.0,45360.0,12195.0,16137.0,43326.0
2025-07-19_04:58:00,10159.0,11949.0,45360.0,14052.0,16137.0,43326.0
2025-07-19_04:58:00,10053.0,11949.0,45360.0,14616.0,16137.0,43326.0
2025-07-19_04:58:00,10282.0,11949.0,45360.0,14481.0,16137.0,43326.0
2025-07-19_04:58:01,9949.0,11949.0,45360.0,14087.0,16137.0,43326.0
2025-07-19_04:58:01,,,,13828.0,16137.0,43326.0
2025-07-19_04:58:05,3375.0,11949.0,45360.0,12193.0,16137.0,43326.0
2025-07-19_04:58:05,,,,,,
2025-07-19_04:58:09,6968.0,11949.0,45360.0,3793.0,16137.0,43326.0
2025-07-19_04:58:09,,,,14035.0,16137.0,43326.0
2025-07-19_04:58:13,3358.0,11949.0,45360.0,12185.0,16137.0,43326.0
2025-07-19_04:58:13,10517.0,11949.0,45360.0,14939.0,16137.0,43338.0
2025-07-19_04:58:13,10108.0,11949.0,45360.0,14346.0,16137.0,43338.0
2025-07-19_04:58:13,,,,14554.0,16137.0,43338.0
2025-07-19_04:58:17,3375.0,11949.0,45360.0,12168.0,16137.0,43338.0
2025-07-19_04:58:17,8657.0,11949.0,45360.0,14090.0,16137.0,43338.0
2025-07-19_04:58:18,8553.0,11949.0,45360.0,13810.0,16137.0,43338.0
2025-07-19_04:58:18,8531.0,11949.0,45360.0,13939.0,16137.0,43338.0
2025-07-19_04:58:18,10097.0,11949.0,45360.0,14568.0,16137.0,43338.0
2025-07-19_04:58:18,10239.0,11949.0,45360.0,14471.0,16137.0,43338.0
2025-07-19_04:58:18,,,,13789.0,16137.0,43338.0
2025-07-19_04:58:22,3358.0,11949.0,45360.0,12162.0,16137.0,43338.0
2025-07-19_04:58:22,9937.0,11949.0,45360.0,14136.0,16137.0,43338.0
2025-07-19_04:58:22,10277.0,11949.0,45360.0,14389.0,16137.0,43338.0
2025-07-19_04:58:23,9855.0,11949.0,45360.0,14114.0,16137.0,43338.0
2025-07-19_04:58:23,,,,14057.0,16137.0,43338.0
2025-07-19_04:58:27,3375.0,11949.0,45360.0,12180.0,16137.0,43338.0
2025-07-19_04:58:27,9172.0,11949.0,45360.0,13779.0,16137.0,43338.0
2025-07-19_04:58:27,10142.0,11949.0,45360.0,14437.0,16137.0,43338.0
2025-07-19_04:58:27,,,,11955.0,16137.0,43338.0
2025-07-19_04:58:31,2778.0,11949.0,45360.0,12186.0,16137.0,43338.0
2025-07-19_04:58:31,8551.0,11949.0,45360.0,13592.0,16137.0,43338.0
2025-07-19_04:58:31,,,,14388.0,16137.0,43338.0
2025-07-19_04:58:35,3319.0,11949.0,45360.0,12185.0,16137.0,43338.0
2025-07-19_04:58:35,10215.0,11949.0,45360.0,14039.0,16137.0,43338.0
2025-07-19_04:58:36,9999.0,11949.0,45360.0,14392.0,16137.0,43338.0
2025-07-19_04:58:36,10593.0,11949.0,45360.0,14522.0,16137.0,43343.0
2025-07-19_04:58:36,10310.0,11949.0,45360.0,14516.0,16137.0,43343.0
2025-07-19_04:58:36,8535.0,11949.0,45360.0,13866.0,16137.0,43343.0
2025-07-19_04:58:37,,,,,,
2025-07-19_04:58:40,6955.0,11949.0,45360.0,3792.0,16137.0,43343.0
2025-07-19_04:58:41,7965.0,11949.0,45360.0,13073.0,16137.0,43343.0
2025-07-19_04:58:41,10179.0,11949.0,45360.0,14342.0,16137.0,43344.0
2025-07-19_04:58:41,9850.0,11949.0,45360.0,14112.0,16137.0,43344.0
2025-07-19_04:58:41,9982.0,11949.0,45360.0,14030.0,16137.0,43344.0
2025-07-19_04:58:41,9972.0,11949.0,45360.0,13995.0,16137.0,43344.0
2025-07-19_04:58:42,9892.0,11949.0,45360.0,14098.0,16137.0,43344.0
2025-07-19_04:58:42,10149.0,11949.0,45360.0,14289.0,16137.0,43344.0
2025-07-19_04:58:42,,,,,,
2025-07-19_04:58:46,6966.0,11949.0,45360.0,3792.0,16137.0,43344.0
2025-07-19_04:58:46,8621.0,11949.0,45360.0,14217.0,16137.0,43344.0
2025-07-19_04:58:46,10019.0,11949.0,45360.0,14323.0,16137.0,43344.0
2025-07-19_04:58:47,9865.0,11949.0,45360.0,14065.0,16137.0,43344.0
2025-07-19_04:58:47,9194.0,11949.0,45360.0,13805.0,16137.0,43344.0
2025-07-19_04:58:47,8495.0,11949.0,45360.0,13716.0,16137.0,43344.0
2025-07-19_04:58:47,10111.0,11949.0,45360.0,14690.0,16137.0,43344.0
2025-07-19_04:58:48,10147.0,11949.0,45360.0,14095.0,16137.0,43344.0
2025-07-19_04:58:48,,,,14522.0,16137.0,43347.0
2025-07-19_04:58:51,3375.0,11949.0,45360.0,12184.0,16137.0,43347.0
2025-07-19_04:58:52,8608.0,11949.0,45360.0,14398.0,16137.0,43347.0
2025-07-19_04:58:52,8552.0,11949.0,45360.0,13939.0,16137.0,43347.0
2025-07-19_04:58:52,,,,,,
2025-07-19_04:58:57,2778.0,11949.0,45360.0,3776.0,16137.0,43347.0
2025-07-19_04:58:57,9560.0,11949.0,45360.0,14164.0,16137.0,43347.0
2025-07-19_04:58:57,8035.0,11949.0,45360.0,13089.0,16137.0,43347.0
2025-07-19_04:58:57,10448.0,11949.0,45360.0,14804.0,16137.0,43347.0
2025-07-19_04:58:57,,,,13982.0,16137.0,43347.0
2025-07-19_04:59:01,3302.0,11949.0,45360.0,12192.0,16137.0,43347.0
2025-07-19_04:59:01,10219.0,11949.0,45360.0,14579.0,16137.0,43349.0
2025-07-19_04:59:02,10065.0,11949.0,45364.0,14650.0,16137.0,43349.0
2025-07-19_04:59:02,,,,,,
2025-07-19_04:59:06,6964.0,11949.0,45364.0,3786.0,16137.0,43349.0
2025-07-19_04:59:06,8658.0,11949.0,45364.0,14470.0,16137.0,43349.0
2025-07-19_04:59:06,9856.0,11949.0,45364.0,13970.0,16137.0,43349.0
2025-07-19_04:59:07,2778.0,11949.0,45364.0,12202.0,16137.0,43349.0
2025-07-19_04:59:07,8639.0,11949.0,45366.0,14021.0,16137.0,43349.0
2025-07-19_04:59:07,10380.0,11949.0,45366.0,14377.0,16137.0,43349.0
2025-07-19_04:59:08,,,,,,
2025-07-19_04:59:11,6961.0,11949.0,45366.0,3793.0,16137.0,43349.0
2025-07-19_04:59:12,8617.0,11949.0,45366.0,14169.0,16137.0,43349.0
2025-07-19_04:59:12,8539.0,11949.0,45366.0,13923.0,16137.0,43349.0
2025-07-19_04:59:12,9837.0,11949.0,45366.0,13982.0,16137.0,43349.0
2025-07-19_04:59:12,10161.0,11949.0,45366.0,14533.0,16137.0,43349.0
2025-07-19_04:59:13,,,,13272.0,16137.0,43349.0
2025-07-19_04:59:16,2778.0,11949.0,45366.0,12185.0,16137.0,43349.0
2025-07-19_04:59:17,10280.0,11949.0,45366.0,14561.0,16138.0,43350.0
2025-07-19_04:59:17,9855.0,11949.0,45366.0,13971.0,16138.0,43350.0
2025-07-19_04:59:17,9869.0,11949.0,45366.0,13993.0,16138.0,43350.0
2025-07-19_04:59:17,,,,,,
2025-07-19_04:59:22,2778.0,11949.0,45366.0,3776.0,16138.0,43350.0
2025-07-19_04:59:22,,,,14196.0,16138.0,43351.0
2025-07-19_04:59:26,2778.0,11949.0,45366.0,12188.0,16138.0,43351.0
2025-07-19_04:59:26,,,,,,
2025-07-19_04:59:30,6959.0,11949.0,45366.0,3792.0,16138.0,43351.0
2025-07-19_04:59:30,,,,13990.0,16138.0,43351.0
2025-07-19_04:59:34,3319.0,11949.0,45366.0,12162.0,16138.0,43351.0
2025-07-19_04:59:34,8539.0,11949.0,45366.0,13838.0,16138.0,43351.0
2025-07-19_04:59:34,,,,,,
2025-07-19_04:59:38,6963.0,11949.0,45366.0,3793.0,16138.0,43351.0
2025-07-19_04:59:38,10045.0,11949.0,45366.0,14307.0,16138.0,43351.0
2025-07-19_04:59:39,,,,,,
2025-07-19_04:59:42,6968.0,11949.0,45366.0,3793.0,16138.0,43351.0
2025-07-19_04:59:43,10072.0,11949.0,45366.0,14360.0,16138.0,43351.0
2025-07-19_04:59:43,9592.0,11949.0,45366.0,13993.0,16138.0,43351.0
2025-07-19_04:59:43,10107.0,11949.0,45366.0,13837.0,16138.0,43351.0
2025-07-19_04:59:43,10103.0,11949.0,45366.0,13895.0,16138.0,43351.0
2025-07-19_04:59:43,,,,,,
2025-07-19_04:59:47,6969.0,11949.0,45366.0,3793.0,16138.0,43351.0
2025-07-19_04:59:47,10430.0,11949.0,45366.0,14684.0,16138.0,43351.0
2025-07-19_04:59:48,9871.0,11949.0,45366.0,13975.0,16138.0,43351.0
2025-07-19_04:59:48,,,,13776.0,16138.0,43351.0
2025-07-19_04:59:52,2780.0,11949.0,45366.0,12193.0,16138.0,43351.0
2025-07-19_04:59:52,10155.0,11949.0,45366.0,14157.0,16138.0,43351.0
2025-07-19_04:59:52,10175.0,11949.0,45366.0,14048.0,16138.0,43351.0
2025-07-19_04:59:52,,,,14220.0,16138.0,43351.0
2025-07-19_04:59:56,2778.0,11949.0,45366.0,12165.0,16138.0,43351.0
2025-07-19_04:59:56,8527.0,11949.0,45366.0,13830.0,16138.0,43351.0
2025-07-19_04:59:57,10149.0,11949.0,45366.0,13834.0,16138.0,43351.0
2025-07-19_04:59:57,8624.0,11949.0,45366.0,14002.0,16138.0,43351.0
2025-07-19_04:59:57,,,,14170.0,16138.0,43351.0
2025-07-19_05:00:01,3321.0,11949.0,45366.0,12167.0,16138.0,43351.0
2025-07-19_05:00:01,8539.0,11949.0,45366.0,13926.0,16138.0,43351.0
2025-07-19_05:00:01,10193.0,11949.0,45366.0,14507.0,16138.0,43351.0
2025-07-19_05:00:01,10158.0,11949.0,45366.0,13756.0,16138.0,43351.0
2025-07-19_05:00:02,10007.0,11949.0,45366.0,14321.0,16138.0,43351.0
2025-07-19_05:00:02,10388.0,11949.0,45366.0,14385.0,16138.0,43351.0
2025-07-19_05:00:02,10086.0,11949.0,45374.0,14281.0,16138.0,43351.0
2025-07-19_05:00:02,10229.0,11949.0,45374.0,14665.0,16138.0,43351.0
2025-07-19_05:00:03,10297.0,11949.0,45374.0,14696.0,16138.0,43351.0
2025-07-19_05:00:03,8617.0,11949.0,45374.0,14224.0,16138.0,43351.0
2025-07-19_05:00:03,8679.0,11949.0,45374.0,14217.0,16138.0,43351.0
2025-07-19_05:00:03,9882.0,11949.0,45374.0,13969.0,16138.0,43351.0
2025-07-19_05:00:04,,,,13936.0,16138.0,43351.0
2025-07-19_05:00:07,3375.0,11949.0,45374.0,12164.0,16138.0,43351.0
2025-07-19_05:00:07,8526.0,11949.0,45374.0,13815.0,16138.0,43351.0
2025-07-19_05:00:08,9876.0,11949.0,45374.0,14133.0,16138.0,43351.0
2025-07-19_05:00:08,9959.0,11949.0,45374.0,14180.0,16138.0,43351.0
2025-07-19_05:00:08,,,,14045.0,16138.0,43351.0
2025-07-19_05:00:12,3358.0,11949.0,45374.0,12193.0,16138.0,43351.0
2025-07-19_05:00:12,,,,,,
2025-07-19_05:00:16,6966.0,11949.0,45374.0,3793.0,16138.0,43351.0
2025-07-19_05:00:16,9144.0,11949.0,45374.0,13964.0,16138.0,43351.0
2025-07-19_05:00:16,,,,13968.0,16138.0,43351.0
2025-07-19_05:00:20,3319.0,11949.0,45374.0,12183.0,16138.0,43351.0
2025-07-19_05:00:20,8607.0,11949.0,45374.0,14082.0,16138.0,43351.0
2025-07-19_05:00:20,10220.0,11949.0,45374.0,14415.0,16138.0,43351.0
2025-07-19_05:00:21,10322.0,11949.0,45374.0,14397.0,16138.0,43351.0
2025-07-19_05:00:21,10199.0,11949.0,45374.0,14533.0,16138.0,43351.0
2025-07-19_05:00:21,8532.0,11949.0,45374.0,13047.0,16138.0,43351.0
2025-07-19_05:00:21,10278.0,11949.0,45374.0,14289.0,16138.0,43351.0
2025-07-19_05:00:22,9837.0,11949.0,45374.0,14105.0,16138.0,43351.0
2025-07-19_05:00:22,10196.0,11949.0,45374.0,14470.0,16138.0,43351.0
2025-07-19_05:00:22,10249.0,11949.0,45374.0,14408.0,16138.0,43351.0
2025-07-19_05:00:22,9264.0,11949.0,45374.0,14105.0,16138.0,43351.0
2025-07-19_05:00:22,,,,13831.0,16138.0,43351.0
2025-07-19_05:00:26,3302.0,11949.0,45374.0,12190.0,16138.0,43351.0
2025-07-19_05:00:26,9949.0,11949.0,45374.0,13813.0,16138.0,43351.0
2025-07-19_05:00:27,,,,14886.0,16138.0,43351.0
2025-07-19_05:00:30,2780.0,11949.0,45374.0,12186.0,16138.0,43351.0
2025-07-19_05:00:31,,,,14285.0,16138.0,43351.0
2025-07-19_05:00:34,3375.0,11949.0,45374.0,12158.0,16138.0,43351.0
2025-07-19_05:00:34,,,,,,
2025-07-19_05:00:38,6969.0,11949.0,45374.0,3792.0,16138.0,43351.0
2025-07-19_05:00:39,10116.0,11949.0,45374.0,14050.0,16138.0,43351.0
2025-07-19_05:00:39,,,,,,
2025-07-19_05:00:43,6964.0,11949.0,45374.0,3792.0,16138.0,43351.0
2025-07-19_05:00:43,10201.0,11949.0,45374.0,14381.0,16138.0,43351.0
2025-07-19_05:00:43,10341.0,11949.0,45374.0,14590.0,16138.0,43351.0
2025-07-19_05:00:43,9979.0,11949.0,45374.0,14377.0,16138.0,43351.0
2025-07-19_05:00:43,,,,13838.0,16138.0,43351.0
2025-07-19_05:00:47,3375.0,11949.0,45374.0,12193.0,16138.0,43351.0
2025-07-19_05:00:47,10132.0,11949.0,45389.0,13774.0,16138.0,43351.0
2025-07-19_05:00:48,,,,,,
2025-07-19_05:00:51,6967.0,11949.0,45389.0,3795.0,16138.0,43351.0
2025-07-19_05:00:52,9178.0,11949.0,45389.0,13989.0,16138.0,43351.0
2025-07-19_05:00:52,8530.0,11949.0,45389.0,13936.0,16138.0,43351.0
2025-07-19_05:00:52,,,,,,
2025-07-19_05:00:56,6968.0,11949.0,45389.0,3792.0,16138.0,43351.0
2025-07-19_05:00:56,10142.0,11949.0,45389.0,14085.0,16138.0,43351.0
2025-07-19_05:00:56,,,,11879.0,16138.0,43351.0
2025-07-19_05:01:00,2778.0,11949.0,45389.0,12196.0,16138.0,43351.0
2025-07-19_05:01:00,,,,,,
2025-07-19_05:01:04,6968.0,11949.0,45389.0,3793.0,16138.0,43351.0
2025-07-19_05:01:04,10306.0,11949.0,45404.0,14198.0,16138.0,43351.0
2025-07-19_05:01:05,10122.0,11949.0,45404.0,14085.0,16138.0,43351.0
2025-07-19_05:01:05,9931.0,11949.0,45404.0,14162.0,16138.0,43351.0
2025-07-19_05:01:05,9881.0,11949.0,45404.0,13982.0,16138.0,43351.0
2025-07-19_05:01:05,,,,,,
2025-07-19_05:01:09,6961.0,11949.0,45404.0,3793.0,16138.0,43351.0
2025-07-19_05:01:09,9952.0,11949.0,45404.0,14332.0,16138.0,43351.0
2025-07-19_05:01:10,,,,,,
2025-07-19_05:01:14,6970.0,11949.0,45404.0,3793.0,16138.0,43351.0
2025-07-19_05:01:14,10166.0,11949.0,45404.0,14153.0,16138.0,43352.0
2025-07-19_05:01:14,9338.0,11949.0,45404.0,13933.0,16138.0,43352.0
2025-07-19_05:01:14,9751.0,11949.0,45404.0,13980.0,16138.0,43352.0
2025-07-19_05:01:14,,,,13990.0,16138.0,43352.0
2025-07-19_05:01:18,3375.0,11949.0,45404.0,12187.0,16138.0,43352.0
2025-07-19_05:01:18,10118.0,11949.0,45404.0,14060.0,16138.0,43352.0
2025-07-19_05:01:18,9783.0,11949.0,45404.0,14129.0,16138.0,43352.0
2025-07-19_05:01:19,10054.0,11949.0,45424.0,14346.0,16138.0,43352.0
2025-07-19_05:01:19,9976.0,11949.0,45424.0,14540.0,16138.0,43352.0
2025-07-19_05:01:19,10340.0,11949.0,45424.0,14512.0,16138.0,43352.0
2025-07-19_05:01:19,,,,,,
2025-07-19_05:01:23,6959.0,11949.0,45424.0,3793.0,16138.0,43352.0
2025-07-19_05:01:23,10196.0,11949.0,45424.0,14306.0,16138.0,43352.0
2025-07-19_05:01:24,10243.0,11949.0,45424.0,14388.0,16138.0,43352.0
2025-07-19_05:01:24,,,,,,
2025-07-19_05:01:28,2778.0,11949.0,45424.0,3776.0,16138.0,43352.0
2025-07-19_05:01:29,9156.0,11949.0,45424.0,13895.0,16138.0,43352.0
2025-07-19_05:01:29,9180.0,11949.0,45424.0,14010.0,16138.0,43352.0
2025-07-19_05:01:29,10183.0,11949.0,45424.0,14203.0,16138.0,43352.0
2025-07-19_05:01:29,,,,,,
2025-07-19_05:01:33,6967.0,11949.0,45424.0,3793.0,16138.0,43352.0
2025-07-19_05:01:33,10157.0,11949.0,45424.0,13880.0,16138.0,43352.0
2025-07-19_05:01:34,8607.0,11949.0,45424.0,14083.0,16138.0,43352.0
2025-07-19_05:01:34,,,,,,
2025-07-19_05:01:38,2778.0,11949.0,45424.0,3776.0,16138.0,43352.0
2025-07-19_05:01:38,10391.0,11949.0,45424.0,14879.0,16138.0,43352.0
2025-07-19_05:01:39,,,,13794.0,16138.0,43352.0
2025-07-19_05:01:42,3302.0,11949.0,45424.0,12189.0,16138.0,43352.0
2025-07-19_05:01:43,9619.0,11949.0,45424.0,13826.0,16138.0,43352.0
2025-07-19_05:01:43,10073.0,11949.0,45424.0,14509.0,16138.0,43352.0
2025-07-19_05:01:43,9596.0,11949.0,45424.0,14204.0,16138.0,43352.0
2025-07-19_05:01:43,,,,,,
2025-07-19_05:01:47,6969.0,11949.0,45424.0,3793.0,16138.0,43352.0
2025-07-19_05:01:47,9793.0,11949.0,45424.0,13709.0,16138.0,43352.0
2025-07-19_05:01:48,8679.0,11949.0,45424.0,14353.0,16138.0,43352.0
2025-07-19_05:01:48,,,,13947.0,16138.0,43352.0
2025-07-19_05:01:51,3319.0,11949.0,45424.0,12183.0,16138.0,43352.0
2025-07-19_05:01:52,8549.0,11949.0,45424.0,13539.0,16138.0,43352.0
2025-07-19_05:01:52,10147.0,11949.0,45424.0,14434.0,16138.0,43352.0
2025-07-19_05:01:52,9988.0,11949.0,45424.0,14175.0,16138.0,43352.0
2025-07-19_05:01:52,10109.0,11949.0,45424.0,14138.0,16138.0,43352.0
2025-07-19_05:01:52,8571.0,11949.0,45424.0,13927.0,16138.0,43352.0
2025-07-19_05:01:53,,,,14255.0,16138.0,43352.0
2025-07-19_05:01:57,2778.0,11949.0,45424.0,12198.0,16138.0,43352.0
2025-07-19_05:01:57,10293.0,11949.0,45424.0,14361.0,16138.0,43352.0
2025-07-19_05:01:57,9932.0,11949.0,45424.0,14201.0,16138.0,43352.0
2025-07-19_05:01:57,10081.0,11949.0,45424.0,14369.0,16138.0,43352.0
2025-07-19_05:01:57,9628.0,11949.0,45425.0,13984.0,16138.0,43352.0
2025-07-19_05:01:58,10227.0,11949.0,45425.0,14317.0,16138.0,43352.0
2025-07-19_05:01:59,3356.0,11949.0,45425.0,12166.0,16138.0,43352.0
2025-07-19_05:01:59,8541.0,11949.0,45425.0,13833.0,16138.0,43352.0
2025-07-19_05:01:59,10416.0,11949.0,45427.0,14329.0,16138.0,43352.0
2025-07-19_05:01:59,10003.0,11949.0,45427.0,14493.0,16138.0,43352.0
2025-07-19_05:01:59,9912.0,11949.0,45427.0,13897.0,16138.0,43352.0
2025-07-19_05:02:00,10121.0,11949.0,45427.0,13830.0,16138.0,43352.0
2025-07-19_05:02:00,,,,14087.0,16138.0,43353.0
2025-07-19_05:02:04,2778.0,11949.0,45427.0,12197.0,16138.0,43353.0
2025-07-19_05:02:04,,,,14221.0,16138.0,43353.0
2025-07-19_05:02:08,3375.0,11949.0,45427.0,12196.0,16138.0,43353.0
2025-07-19_05:02:08,10638.0,11949.0,45427.0,15301.0,16138.0,43386.0
2025-07-19_05:02:08,,,,14082.0,16138.0,43386.0
2025-07-19_05:02:12,3360.0,11949.0,45427.0,12185.0,16138.0,43386.0
2025-07-19_05:02:12,9732.0,11949.0,45427.0,13798.0,16138.0,43386.0
2025-07-19_05:02:12,10121.0,11949.0,45427.0,14318.0,16138.0,43386.0
2025-07-19_05:02:12,10196.0,11949.0,45427.0,14582.0,16138.0,43386.0
2025-07-19_05:02:13,8694.0,11949.0,45427.0,14225.0,16138.0,43386.0
2025-07-19_05:02:13,9734.0,11949.0,45427.0,13950.0,16138.0,43386.0
2025-07-19_05:02:13,10606.0,11949.0,45427.0,14426.0,16138.0,43387.0
2025-07-19_05:02:13,10133.0,11949.0,45427.0,14459.0,16138.0,43387.0
2025-07-19_05:02:14,,,,,,
2025-07-19_05:02:17,6971.0,11949.0,45427.0,3786.0,16138.0,43387.0
2025-07-19_05:02:18,,,,14738.0,16138.0,43387.0
2025-07-19_05:02:21,3375.0,11949.0,45427.0,12192.0,16138.0,43387.0
2025-07-19_05:02:22,9867.0,11949.0,45427.0,13866.0,16138.0,43387.0
2025-07-19_05:02:22,10177.0,11949.0,45427.0,14562.0,16138.0,43387.0
2025-07-19_05:02:22,,,,14130.0,16138.0,43387.0
2025-07-19_05:02:26,3375.0,11949.0,45427.0,12190.0,16138.0,43387.0
2025-07-19_05:02:26,9925.0,11949.0,45427.0,14187.0,16138.0,43387.0
2025-07-19_05:02:26,9888.0,11949.0,45427.0,14375.0,16138.0,43387.0
2025-07-19_05:02:26,8677.0,11949.0,45427.0,14087.0,16138.0,43387.0
2025-07-19_05:02:27,8996.0,11949.0,45427.0,13939.0,16138.0,43387.0
2025-07-19_05:02:27,10088.0,11949.0,45427.0,14318.0,16138.0,43387.0
2025-07-19_05:02:27,,,,14320.0,16138.0,43391.0
2025-07-19_05:02:31,2778.0,11949.0,45427.0,12185.0,16138.0,43391.0
2025-07-19_05:02:31,9830.0,11949.0,45427.0,13970.0,16138.0,43391.0
2025-07-19_05:02:31,9726.0,11949.0,45427.0,14295.0,16138.0,43391.0
2025-07-19_05:02:31,,,,,,
2025-07-19_05:02:35,6965.0,11949.0,45427.0,3793.0,16138.0,43391.0
2025-07-19_05:02:36,8608.0,11949.0,45427.0,13918.0,16138.0,43391.0
2025-07-19_05:02:36,10104.0,11949.0,45427.0,14333.0,16138.0,43391.0
2025-07-19_05:02:36,9888.0,11949.0,45427.0,14027.0,16138.0,43391.0
2025-07-19_05:02:36,,,,,,
2025-07-19_05:02:40,6960.0,11949.0,45427.0,3792.0,16138.0,43391.0
2025-07-19_05:02:40,9890.0,11949.0,45427.0,14294.0,16138.0,43391.0
2025-07-19_05:02:40,9847.0,11949.0,45427.0,14017.0,16138.0,43391.0
2025-07-19_05:02:41,9884.0,11949.0,45427.0,13825.0,16138.0,43391.0
2025-07-19_05:02:41,9665.0,11949.0,45427.0,14078.0,16138.0,43391.0
2025-07-19_05:02:41,10244.0,11949.0,45427.0,14641.0,16138.0,43391.0
2025-07-19_05:02:41,9859.0,11949.0,45427.0,13966.0,16138.0,43391.0
2025-07-19_05:02:42,10111.0,11949.0,45427.0,14440.0,16138.0,43391.0
2025-07-19_05:02:42,,,,13982.0,16138.0,43391.0
2025-07-19_05:02:45,3302.0,11949.0,45427.0,12189.0,16138.0,43391.0
2025-07-19_05:02:46,10366.0,11949.0,45427.0,14391.0,16138.0,43392.0
2025-07-19_05:02:46,,,,,,
2025-07-19_05:02:50,6968.0,11949.0,45427.0,3792.0,16138.0,43392.0
2025-07-19_05:02:50,,,,14282.0,16138.0,43392.0
2025-07-19_05:02:54,3358.0,11949.0,45427.0,12198.0,16138.0,43392.0
2025-07-19_05:02:55,2778.0,11949.0,45427.0,12975.0,16138.0,43392.0
2025-07-19_05:02:55,9880.0,11949.0,45427.0,14106.0,16138.0,43392.0
2025-07-19_05:02:55,8607.0,11949.0,45427.0,13965.0,16138.0,43398.0
2025-07-19_05:02:55,,,,,,
2025-07-19_05:02:59,6969.0,11949.0,45427.0,3794.0,16138.0,43398.0
2025-07-19_05:02:59,10129.0,11949.0,45427.0,14333.0,16138.0,43398.0
2025-07-19_05:02:59,10282.0,11949.0,45427.0,14409.0,16138.0,43398.0
2025-07-19_05:03:00,10165.0,11949.0,45427.0,14489.0,16138.0,43398.0
2025-07-19_05:03:00,9285.0,11949.0,45427.0,13932.0,16138.0,43398.0
2025-07-19_05:03:00,10123.0,11949.0,45427.0,14070.0,16138.0,43398.0
2025-07-19_05:03:00,10126.0,11949.0,45427.0,14508.0,16138.0,43398.0
2025-07-19_05:03:01,10370.0,11951.0,45433.0,14729.0,16138.0,43398.0
2025-07-19_05:03:01,10260.0,11951.0,45433.0,14646.0,16138.0,43398.0
2025-07-19_05:03:01,10543.0,11951.0,45438.0,14474.0,16138.0,43398.0
2025-07-19_05:03:01,,,,,,
2025-07-19_05:03:05,6967.0,11951.0,45438.0,3793.0,16138.0,43398.0
2025-07-19_05:03:05,8529.0,11951.0,45438.0,13944.0,16138.0,43398.0
2025-07-19_05:03:05,,,,,,
2025-07-19_05:03:09,6968.0,11951.0,45438.0,3793.0,16138.0,43398.0
2025-07-19_05:03:10,9626.0,11951.0,45438.0,14164.0,16138.0,43398.0
2025-07-19_05:03:10,,,,,,
2025-07-19_05:03:14,6963.0,11951.0,45438.0,3794.0,16138.0,43398.0
2025-07-19_05:03:14,10216.0,11951.0,45451.0,14124.0,16138.0,43804.0
2025-07-19_05:03:14,10208.0,11951.0,45451.0,14101.0,16138.0,43804.0
2025-07-19_05:03:14,,,,14374.0,16138.0,43804.0
2025-07-19_05:03:18,2778.0,11951.0,45451.0,12195.0,16138.0,43804.0
2025-07-19_05:03:18,10359.0,11951.0,45451.0,14535.0,16138.0,43804.0
2025-07-19_05:03:18,9874.0,11951.0,45451.0,13908.0,16138.0,43804.0
2025-07-19_05:03:19,9962.0,11951.0,45451.0,14306.0,16138.0,43804.0
2025-07-19_05:03:19,,,,,,
2025-07-19_05:03:23,2778.0,11951.0,45451.0,3776.0,16138.0,43804.0
2025-07-19_05:03:24,,,,14365.0,16138.0,43804.0
2025-07-19_05:03:27,3375.0,11951.0,45451.0,12190.0,16138.0,43804.0
2025-07-19_05:03:27,,,,14263.0,16138.0,43804.0
2025-07-19_05:03:31,2778.0,11951.0,45451.0,12187.0,16138.0,43804.0
2025-07-19_05:03:32,,,,,,
2025-07-19_05:03:35,6969.0,11951.0,45451.0,3792.0,16138.0,43804.0
2025-07-19_05:03:36,10211.0,11951.0,45451.0,14129.0,16138.0,43804.0
2025-07-19_05:03:36,10302.0,11951.0,45451.0,14378.0,16138.0,43804.0
2025-07-19_05:03:36,10208.0,11951.0,45451.0,14530.0,16138.0,43804.0
2025-07-19_05:03:36,,,,13666.0,16138.0,43804.0
2025-07-19_05:03:40,3375.0,11951.0,45451.0,12191.0,16138.0,43804.0
2025-07-19_05:03:40,10135.0,11951.0,45451.0,14084.0,16138.0,43804.0
2025-07-19_05:03:40,9840.0,11951.0,45451.0,13965.0,16138.0,43804.0
2025-07-19_05:03:41,,,,,,
2025-07-19_05:03:45,2778.0,11951.0,45451.0,3776.0,16138.0,43804.0
2025-07-19_05:03:45,10186.0,11951.0,45451.0,14649.0,16138.0,43804.0
2025-07-19_05:03:45,9844.0,11951.0,45451.0,14272.0,16138.0,43804.0
2025-07-19_05:03:46,10070.0,11951.0,45451.0,14063.0,16138.0,43804.0
2025-07-19_05:03:46,,,,12048.0,16138.0,43804.0
2025-07-19_05:03:50,2778.0,11951.0,45451.0,12187.0,16138.0,43804.0
2025-07-19_05:03:50,10283.0,11951.0,45451.0,14571.0,16138.0,43804.0
2025-07-19_05:03:51,2778.0,11951.0,45451.0,12198.0,16138.0,43804.0
2025-07-19_05:03:51,10015.0,11951.0,45451.0,13863.0,16138.0,43804.0
2025-07-19_05:03:51,10266.0,11951.0,45451.0,14367.0,16138.0,43804.0
2025-07-19_05:03:52,10294.0,11951.0,45451.0,14388.0,16138.0,43804.0
2025-07-19_05:03:52,8533.0,11951.0,45451.0,13910.0,16138.0,43804.0
2025-07-19_05:03:52,,,,13762.0,16138.0,43804.0
2025-07-19_05:03:56,3321.0,11951.0,45451.0,12184.0,16138.0,43804.0
2025-07-19_05:03:56,10002.0,11951.0,45451.0,14395.0,16138.0,43804.0
2025-07-19_05:03:56,9976.0,11951.0,45451.0,14057.0,16138.0,43804.0
2025-07-19_05:03:56,10516.0,11951.0,45452.0,14400.0,16138.0,43804.0
2025-07-19_05:03:56,9894.0,11951.0,45452.0,14096.0,16138.0,43804.0
2025-07-19_05:03:57,,,,14121.0,16138.0,43804.0
2025-07-19_05:04:00,3302.0,11951.0,45452.0,12166.0,16138.0,43804.0
2025-07-19_05:04:01,,,,14152.0,16138.0,43804.0
2025-07-19_05:04:04,3358.0,11951.0,45452.0,12189.0,16138.0,43804.0
2025-07-19_05:04:05,9953.0,11951.0,45452.0,14386.0,16138.0,43804.0
2025-07-19_05:04:05,10137.0,11951.0,45452.0,13832.0,16138.0,43804.0
2025-07-19_05:04:05,8523.0,11951.0,45452.0,13269.0,16138.0,43804.0
2025-07-19_05:04:05,9936.0,11951.0,45452.0,14158.0,16138.0,43804.0
2025-07-19_05:04:05,10096.0,11951.0,45452.0,14543.0,16138.0,43804.0
2025-07-19_05:04:06,10300.0,11951.0,45453.0,14237.0,16138.0,43804.0
2025-07-19_05:04:06,,,,,,
2025-07-19_05:04:10,6964.0,11951.0,45453.0,3787.0,16138.0,43804.0
2025-07-19_05:04:10,,,,13890.0,16138.0,43804.0
2025-07-19_05:04:14,2778.0,11951.0,45453.0,12190.0,16138.0,43804.0
2025-07-19_05:04:14,8656.0,11951.0,45453.0,14342.0,16138.0,43804.0
2025-07-19_05:04:14,8527.0,11951.0,45453.0,13627.0,16138.0,43804.0
2025-07-19_05:04:15,2778.0,11951.0,45453.0,12193.0,16138.0,43804.0
2025-07-19_05:04:15,,,,,,
2025-07-19_05:04:19,6965.0,11951.0,45453.0,3793.0,16138.0,43804.0
2025-07-19_05:04:23,2778.0,11951.0,45453.0,12184.0,16138.0,43804.0
2025-07-19_05:04:23,9857.0,11951.0,45453.0,14066.0,16138.0,43804.0
2025-07-19_05:04:23,8653.0,11951.0,45453.0,14240.0,16138.0,43804.0
2025-07-19_05:04:24,10178.0,11951.0,45463.0,14673.0,16138.0,43804.0
2025-07-19_05:04:24,7967.0,11951.0,45463.0,13040.0,16138.0,43804.0
2025-07-19_05:04:24,9884.0,11951.0,45463.0,14400.0,16138.0,43804.0
2025-07-19_05:04:24,10091.0,11951.0,45463.0,14044.0,16138.0,43804.0
2025-07-19_05:04:25,,,,13981.0,16138.0,43804.0
2025-07-19_05:04:28,3358.0,11951.0,45463.0,12166.0,16138.0,43804.0
2025-07-19_05:04:28,10455.0,11951.0,45464.0,14634.0,16138.0,43807.0
2025-07-19_05:04:29,10107.0,11951.0,45464.0,14295.0,16138.0,43807.0
2025-07-19_05:04:29,,,,,,
2025-07-19_05:04:33,6962.0,11951.0,45464.0,3792.0,16138.0,43807.0
2025-07-19_05:04:33,,,,14094.0,16138.0,43809.0
2025-07-19_05:04:37,3302.0,11951.0,45464.0,12183.0,16138.0,43809.0
2025-07-19_05:04:37,8520.0,11951.0,45464.0,14087.0,16138.0,43809.0
2025-07-19_05:04:37,9895.0,11951.0,45464.0,14364.0,16138.0,43809.0
2025-07-19_05:04:37,9982.0,11951.0,45464.0,14106.0,16138.0,43809.0
2025-07-19_05:04:38,9993.0,11951.0,45464.0,13950.0,16138.0,43809.0
2025-07-19_05:04:38,10323.0,11951.0,45464.0,14475.0,16138.0,43809.0
2025-07-19_05:04:38,9854.0,11951.0,45464.0,14436.0,16138.0,43809.0
2025-07-19_05:04:38,8529.0,11951.0,45464.0,13896.0,16138.0,43809.0
2025-07-19_05:04:39,,,,14195.0,16138.0,43809.0
2025-07-19_05:04:42,3375.0,11951.0,45464.0,12186.0,16138.0,43809.0
2025-07-19_05:04:42,,,,,,
2025-07-19_05:04:46,6965.0,11951.0,45464.0,3793.0,16138.0,43809.0
2025-07-19_05:04:46,8570.0,11951.0,45464.0,14240.0,16138.0,43809.0
2025-07-19_05:04:47,9767.0,11951.0,45464.0,14139.0,16138.0,43809.0
2025-07-19_05:04:47,8611.0,11951.0,45464.0,14089.0,16138.0,43809.0
2025-07-19_05:04:47,,,,13926.0,16138.0,43809.0
2025-07-19_05:04:51,3358.0,11951.0,45464.0,12197.0,16138.0,43809.0
2025-07-19_05:04:51,9967.0,11951.0,45464.0,13988.0,16138.0,43809.0
2025-07-19_05:04:51,9709.0,11951.0,45464.0,14103.0,16138.0,43809.0
2025-07-19_05:04:51,,,,13783.0,16138.0,43809.0
2025-07-19_05:04:55,3375.0,11951.0,45464.0,12183.0,16138.0,43809.0
2025-07-19_05:04:55,,,,13802.0,16138.0,43809.0
2025-07-19_05:04:59,,,,,,
2025-07-19_05:05:03,6965.0,11951.0,45464.0,3792.0,16138.0,43809.0
2025-07-19_05:05:03,8707.0,11951.0,45464.0,14232.0,16138.0,43809.0
2025-07-19_05:05:03,,,,,,
2025-07-19_05:05:07,6963.0,11951.0,45464.0,3786.0,16138.0,43809.0
2025-07-19_05:05:07,10327.0,11951.0,45467.0,14384.0,16138.0,43809.0
2025-07-19_05:05:08,10356.0,11951.0,45467.0,14518.0,16138.0,43809.0
2025-07-19_05:05:08,10304.0,11951.0,45467.0,14346.0,16138.0,43809.0
2025-07-19_05:05:08,9451.0,11951.0,45467.0,13794.0,16138.0,43809.0
2025-07-19_05:05:08,9664.0,11951.0,45467.0,14325.0,16138.0,43809.0
2025-07-19_05:05:08,8629.0,11951.0,45467.0,14212.0,16138.0,43809.0
2025-07-19_05:05:09,10337.0,11951.0,45467.0,14542.0,16138.0,43809.0
2025-07-19_05:05:09,9966.0,11951.0,45467.0,13990.0,16138.0,43809.0
2025-07-19_05:05:09,,,,11883.0,16138.0,43809.0
2025-07-19_05:05:13,2778.0,11951.0,45467.0,12194.0,16138.0,43809.0
2025-07-19_05:05:13,9875.0,11951.0,45467.0,14133.0,16138.0,43811.0
2025-07-19_05:05:13,9803.0,11951.0,45467.0,14018.0,16138.0,43811.0
2025-07-19_05:05:14,,,,14096.0,16138.0,43811.0
2025-07-19_05:05:17,2778.0,11951.0,45467.0,12160.0,16138.0,43811.0
2025-07-19_05:05:18,10128.0,11951.0,45467.0,14167.0,16138.0,43811.0
2025-07-19_05:05:18,9955.0,11951.0,45467.0,14203.0,16138.0,43811.0
2025-07-19_05:05:18,8620.0,11951.0,45467.0,14156.0,16138.0,43811.0
2025-07-19_05:05:18,10073.0,11951.0,45467.0,14330.0,16138.0,43811.0
2025-07-19_05:05:19,10298.0,11951.0,45467.0,14600.0,16138.0,43811.0
2025-07-19_05:05:19,9869.0,11951.0,45467.0,14112.0,16138.0,43811.0
2025-07-19_05:05:19,10431.0,11951.0,45467.0,14490.0,16138.0,43814.0
2025-07-19_05:05:19,9229.0,11951.0,45467.0,13803.0,16138.0,43814.0
2025-07-19_05:05:19,8649.0,11951.0,45467.0,14086.0,16138.0,43814.0
2025-07-19_05:05:20,8696.0,11951.0,45467.0,13948.0,16138.0,43814.0
2025-07-19_05:05:20,10335.0,11951.0,45467.0,14552.0,16138.0,43814.0
2025-07-19_05:05:20,8611.0,11951.0,45467.0,14130.0,16138.0,43814.0
2025-07-19_05:05:20,,,,13283.0,16138.0,43814.0
2025-07-19_05:05:24,2778.0,11951.0,45467.0,12186.0,16138.0,43814.0
2025-07-19_05:05:24,10125.0,11951.0,45467.0,14130.0,16138.0,43814.0
2025-07-19_05:05:25,8524.0,11951.0,45467.0,13796.0,16138.0,43814.0
2025-07-19_05:05:25,9965.0,11951.0,45467.0,14373.0,16138.0,43814.0
2025-07-19_05:05:25,10237.0,11951.0,45467.0,14372.0,16138.0,43814.0
2025-07-19_05:05:25,8624.0,11951.0,45467.0,14404.0,16138.0,43814.0
2025-07-19_05:05:25,10054.0,11951.0,45467.0,14275.0,16138.0,43814.0
2025-07-19_05:05:26,9889.0,11951.0,45467.0,14014.0,16138.0,43814.0
2025-07-19_05:05:26,,,,,,
2025-07-19_05:05:30,6971.0,11951.0,45467.0,3793.0,16138.0,43814.0
2025-07-19_05:05:30,9196.0,11951.0,45467.0,13934.0,16138.0,43814.0
2025-07-19_05:05:30,,,,,,
2025-07-19_05:05:34,6970.0,11951.0,45467.0,3787.0,16138.0,43814.0
2025-07-19_05:05:34,9899.0,11951.0,45467.0,13906.0,16138.0,43814.0
2025-07-19_05:05:34,9985.0,11951.0,45467.0,14279.0,16138.0,43814.0
2025-07-19_05:05:35,,,,13994.0,16138.0,43814.0
2025-07-19_05:05:38,3302.0,11951.0,45467.0,12196.0,16138.0,43814.0
2025-07-19_05:05:38,9823.0,11951.0,45467.0,14011.0,16138.0,43814.0
2025-07-19_05:05:39,9716.0,11951.0,45467.0,14091.0,16138.0,43814.0
2025-07-19_05:05:39,9748.0,11951.0,45467.0,14063.0,16138.0,43814.0
2025-07-19_05:05:39,9701.0,11951.0,45467.0,13738.0,16138.0,43814.0
2025-07-19_05:05:39,9860.0,11951.0,45467.0,14015.0,16138.0,43814.0
2025-07-19_05:05:40,,,,14103.0,16138.0,43814.0
2025-07-19_05:05:43,3319.0,11951.0,45467.0,12195.0,16138.0,43814.0
2025-07-19_05:05:43,,,,,,
2025-07-19_05:05:47,6973.0,11951.0,45467.0,3792.0,16138.0,43814.0
2025-07-19_05:05:47,,,,14205.0,16138.0,43814.0
2025-07-19_05:05:51,3319.0,11951.0,45467.0,12159.0,16138.0,43814.0
2025-07-19_05:05:51,10001.0,11951.0,45467.0,14023.0,16138.0,43814.0
2025-07-19_05:05:52,10082.0,11951.0,45467.0,14305.0,16138.0,43814.0
2025-07-19_05:05:52,10124.0,11951.0,45467.0,13916.0,16138.0,43814.0
2025-07-19_05:05:52,8717.0,11951.0,45467.0,14228.0,16138.0,43814.0
2025-07-19_05:05:52,,,,,,
2025-07-19_05:05:56,6962.0,11951.0,45467.0,3787.0,16138.0,43814.0
2025-07-19_05:05:56,9631.0,11951.0,45467.0,14019.0,16138.0,43814.0
2025-07-19_05:05:56,8635.0,11951.0,45467.0,14473.0,16138.0,43814.0
2025-07-19_05:05:57,9894.0,11951.0,45467.0,14079.0,16138.0,43814.0
2025-07-19_05:05:57,10030.0,11951.0,45467.0,14653.0,16139.0,43816.0
2025-07-19_05:05:57,,,,13786.0,16139.0,43816.0
2025-07-19_05:06:01,3358.0,11951.0,45467.0,12194.0,16139.0,43816.0
2025-07-19_05:06:01,9854.0,11951.0,45467.0,13933.0,16139.0,43816.0
2025-07-19_05:06:01,9862.0,11951.0,45467.0,13861.0,16139.0,43816.0
2025-07-19_05:06:01,,,,13969.0,16139.0,43816.0
2025-07-19_05:06:05,3375.0,11951.0,45467.0,12161.0,16139.0,43816.0
2025-07-19_05:06:05,8103.0,11951.0,45467.0,13517.0,16139.0,43816.0
2025-07-19_05:06:06,,,,13061.0,16139.0,43816.0
2025-07-19_05:06:09,2778.0,11951.0,45467.0,12185.0,16139.0,43816.0
2025-07-19_05:06:10,10142.0,11951.0,45467.0,14383.0,16139.0,43816.0
2025-07-19_05:06:10,,,,11870.0,16139.0,43816.0
2025-07-19_05:06:14,2778.0,11951.0,45467.0,12185.0,16139.0,43816.0
2025-07-19_05:06:14,8695.0,11951.0,45467.0,14220.0,16139.0,43816.0
2025-07-19_05:06:14,9970.0,11951.0,45467.0,13862.0,16139.0,43816.0
2025-07-19_05:06:14,10285.0,11951.0,45467.0,14509.0,16139.0,43816.0
2025-07-19_05:06:15,,,,,,
2025-07-19_05:06:18,6969.0,11951.0,45467.0,3792.0,16139.0,43816.0
2025-07-19_05:06:19,10488.0,11951.0,45467.0,14692.0,16139.0,43817.0
2025-07-19_05:06:19,8625.0,11951.0,45467.0,14211.0,16139.0,43817.0
2025-07-19_05:06:19,8537.0,11951.0,45467.0,13834.0,16139.0,43817.0
2025-07-19_05:06:19,10334.0,11951.0,45467.0,14380.0,16139.0,43817.0
2025-07-19_05:06:19,,,,,,
2025-07-19_05:06:24,2780.0,11951.0,45467.0,3776.0,16139.0,43817.0
2025-07-19_05:06:24,8918.0,11951.0,45467.0,13588.0,16139.0,43817.0
2025-07-19_05:06:24,10303.0,11951.0,45467.0,14409.0,16139.0,43817.0
2025-07-19_05:06:25,,,,14157.0,16139.0,43817.0
2025-07-19_05:06:29,2778.0,11951.0,45467.0,12185.0,16139.0,43817.0
2025-07-19_05:06:29,10049.0,11951.0,45467.0,13748.0,16139.0,43817.0
2025-07-19_05:06:29,,,,14007.0,16139.0,43817.0
2025-07-19_05:06:33,2778.0,11951.0,45467.0,12159.0,16139.0,43817.0
2025-07-19_05:06:33,,,,,,
2025-07-19_05:06:37,6964.0,11951.0,45467.0,3793.0,16139.0,43817.0
2025-07-19_05:06:37,,,,,,
2025-07-19_05:06:41,6968.0,11951.0,45467.0,3793.0,16139.0,43817.0
2025-07-19_05:06:41,8651.0,11951.0,45468.0,14192.0,16139.0,43817.0
2025-07-19_05:06:42,,,,,,
2025-07-19_05:06:46,6966.0,11951.0,45468.0,3789.0,16139.0,43817.0
2025-07-19_05:06:46,8638.0,11951.0,45468.0,14215.0,16139.0,43817.0
2025-07-19_05:06:46,,,,,,
2025-07-19_05:06:50,6958.0,11951.0,45468.0,3793.0,16139.0,43817.0
2025-07-19_05:06:50,10523.0,11951.0,45468.0,14694.0,16139.0,43817.0
2025-07-19_05:06:50,,,,,,
2025-07-19_05:06:54,6970.0,11951.0,45468.0,3786.0,16139.0,43817.0
2025-07-19_05:06:55,10089.0,11951.0,45468.0,14040.0,16139.0,43817.0
2025-07-19_05:06:55,,,,,,
2025-07-19_05:06:59,6969.0,11951.0,45468.0,3792.0,16139.0,43817.0
2025-07-19_05:06:59,10168.0,11951.0,45469.0,14288.0,16139.0,43817.0
2025-07-19_05:06:59,7953.0,11951.0,45469.0,13089.0,16139.0,43817.0
2025-07-19_05:06:59,8522.0,11951.0,45469.0,13232.0,16139.0,43817.0
2025-07-19_05:06:59,9737.0,11951.0,45469.0,13978.0,16139.0,43817.0
2025-07-19_05:07:00,8551.0,11951.0,45469.0,13823.0,16139.0,43817.0
2025-07-19_05:07:00,9953.0,11951.0,45469.0,13978.0,16139.0,43817.0
2025-07-19_05:07:00,10290.0,11951.0,45469.0,14584.0,16139.0,43817.0
2025-07-19_05:07:00,10078.0,11951.0,45469.0,14565.0,16139.0,43817.0
2025-07-19_05:07:01,8636.0,11951.0,45469.0,13994.0,16139.0,43817.0
2025-07-19_05:07:01,9985.0,11951.0,45469.0,13982.0,16139.0,43817.0
2025-07-19_05:07:01,9988.0,11951.0,45469.0,14082.0,16139.0,43817.0
2025-07-19_05:07:01,,,,14259.0,16139.0,43817.0
2025-07-19_05:07:05,,,,,,
2025-07-19_05:07:09,6968.0,11951.0,45469.0,3792.0,16139.0,43817.0
2025-07-19_05:07:09,10137.0,11951.0,45469.0,14380.0,16139.0,43817.0
2025-07-19_05:07:09,9824.0,11951.0,45469.0,14010.0,16139.0,43817.0
2025-07-19_05:07:10,10077.0,11951.0,45469.0,14347.0,16139.0,43817.0
2025-07-19_05:07:10,,,,,,
2025-07-19_05:07:14,6962.0,11951.0,45469.0,3793.0,16139.0,43817.0
2025-07-19_05:07:14,10137.0,11951.0,45469.0,14401.0,16139.0,43859.0
2025-07-19_05:07:14,7964.0,11951.0,45469.0,13089.0,16139.0,43859.0
2025-07-19_05:07:14,9066.0,11951.0,45469.0,13817.0,16139.0,43859.0
2025-07-19_05:07:14,10153.0,11951.0,45469.0,14368.0,16139.0,43859.0
2025-07-19_05:07:15,9284.0,11951.0,45469.0,14108.0,16139.0,43859.0
2025-07-19_05:07:15,8673.0,11951.0,45469.0,14085.0,16139.0,43859.0
2025-07-19_05:07:15,,,,,,
2025-07-19_05:07:19,6971.0,11951.0,45469.0,3793.0,16139.0,43859.0
2025-07-19_05:07:19,9565.0,11953.0,45471.0,14397.0,16139.0,43859.0
2025-07-19_05:07:19,,,,13792.0,16139.0,43859.0
2025-07-19_05:07:23,3321.0,11953.0,45471.0,12185.0,16139.0,43859.0
2025-07-19_05:07:23,,,,14330.0,16139.0,43859.0
2025-07-19_05:07:27,2780.0,11953.0,45471.0,12183.0,16139.0,43859.0
2025-07-19_05:07:27,9811.0,11953.0,45471.0,14066.0,16139.0,43859.0
2025-07-19_05:07:28,,,,,,
2025-07-19_05:07:31,6970.0,11953.0,45471.0,3792.0,16139.0,43859.0
2025-07-19_05:07:32,7957.0,11953.0,45471.0,13050.0,16139.0,43859.0
2025-07-19_05:07:32,8604.0,11953.0,45471.0,14181.0,16139.0,43859.0
2025-07-19_05:07:32,10131.0,11953.0,45471.0,14031.0,16139.0,43859.0
2025-07-19_05:07:32,9976.0,11953.0,45471.0,14264.0,16139.0,43859.0
2025-07-19_05:07:33,9940.0,11953.0,45471.0,14111.0,16139.0,43859.0
2025-07-19_05:07:33,8084.0,11953.0,45471.0,13051.0,16139.0,43859.0
2025-07-19_05:07:33,10231.0,11953.0,45471.0,14360.0,16139.0,43859.0
2025-07-19_05:07:33,10036.0,11953.0,45471.0,14150.0,16139.0,43859.0
2025-07-19_05:07:34,8630.0,11953.0,45471.0,14145.0,16139.0,43859.0
2025-07-19_05:07:34,,,,14197.0,16139.0,43859.0
2025-07-19_05:07:37,3319.0,11953.0,45471.0,12165.0,16139.0,43859.0
2025-07-19_05:07:38,8573.0,11953.0,45471.0,14147.0,16139.0,43859.0
2025-07-19_05:07:38,9817.0,11953.0,45471.0,14115.0,16139.0,43859.0
2025-07-19_05:07:38,,,,14739.0,16139.0,43859.0
2025-07-19_05:07:42,2778.0,11953.0,45471.0,12188.0,16139.0,43859.0
2025-07-19_05:07:42,10303.0,11953.0,45471.0,14419.0,16139.0,43859.0
2025-07-19_05:07:42,8610.0,11953.0,45471.0,13807.0,16139.0,43859.0
2025-07-19_05:07:43,9887.0,11953.0,45471.0,14026.0,16139.0,43859.0
2025-07-19_05:07:43,9958.0,11953.0,45471.0,14386.0,16139.0,43859.0
2025-07-19_05:07:43,9848.0,11953.0,45471.0,14003.0,16139.0,43859.0
2025-07-19_05:07:43,,,,,,
2025-07-19_05:07:47,6961.0,11953.0,45471.0,3792.0,16139.0,43859.0
2025-07-19_05:07:47,,,,,,
2025-07-19_05:07:51,6962.0,11953.0,45471.0,3793.0,16139.0,43859.0
2025-07-19_05:07:52,10689.0,11953.0,45474.0,15214.0,16139.0,43860.0
2025-07-19_05:07:52,10416.0,11953.0,45474.0,14686.0,16139.0,43860.0
2025-07-19_05:07:52,10296.0,11953.0,45474.0,14174.0,16139.0,43860.0
2025-07-19_05:07:52,9886.0,11953.0,45474.0,14360.0,16139.0,43860.0
2025-07-19_05:07:53,,,,,,
2025-07-19_05:07:56,6969.0,11953.0,45474.0,3793.0,16139.0,43860.0
2025-07-19_05:07:57,,,,13826.0,16139.0,43860.0
2025-07-19_05:08:00,3302.0,11953.0,45474.0,12136.0,16139.0,43860.0
2025-07-19_05:08:00,8539.0,11953.0,45474.0,13755.0,16139.0,43860.0
2025-07-19_05:08:01,9832.0,11953.0,45474.0,14401.0,16139.0,43860.0
2025-07-19_05:08:01,8593.0,11953.0,45474.0,14091.0,16139.0,43860.0
2025-07-19_05:08:01,9522.0,11953.0,45474.0,14048.0,16139.0,43860.0
2025-07-19_05:08:01,,,,14022.0,16139.0,43860.0
2025-07-19_05:08:05,2778.0,11953.0,45474.0,12192.0,16139.0,43860.0
2025-07-19_05:08:05,10200.0,11953.0,45474.0,14326.0,16139.0,43860.0
2025-07-19_05:08:06,9064.0,11953.0,45474.0,13779.0,16139.0,43860.0
2025-07-19_05:08:06,,,,14089.0,16139.0,43860.0
2025-07-19_05:08:10,3375.0,11953.0,45474.0,12191.0,16139.0,43860.0
2025-07-19_05:08:10,,,,,,
2025-07-19_05:08:14,6963.0,11953.0,45474.0,3793.0,16139.0,43860.0
2025-07-19_05:08:14,,,,,,
2025-07-19_05:08:18,6968.0,11953.0,45474.0,3793.0,16139.0,43860.0
2025-07-19_05:08:18,8920.0,11953.0,45474.0,13640.0,16139.0,43860.0
2025-07-19_05:08:18,8532.0,11953.0,45474.0,13077.0,16139.0,43860.0
2025-07-19_05:08:18,9961.0,11953.0,45474.0,13963.0,16139.0,43860.0
2025-07-19_05:08:18,,,,14291.0,16139.0,43860.0
2025-07-19_05:08:22,3319.0,11953.0,45474.0,12183.0,16139.0,43860.0
2025-07-19_05:08:22,9887.0,11953.0,45474.0,14116.0,16139.0,43860.0
2025-07-19_05:08:23,8630.0,11953.0,45475.0,14080.0,16139.0,43860.0
2025-07-19_05:08:23,10286.0,11953.0,45475.0,14933.0,16139.0,43860.0
2025-07-19_05:08:23,10115.0,11953.0,45475.0,14126.0,16139.0,43860.0
2025-07-19_05:08:23,,,,,,
2025-07-19_05:08:27,6969.0,11953.0,45475.0,3792.0,16139.0,43860.0
2025-07-19_05:08:27,10328.0,11953.0,45475.0,14419.0,16139.0,43860.0
2025-07-19_05:08:28,,,,,,
2025-07-19_05:08:31,6966.0,11953.0,45475.0,3792.0,16139.0,43860.0
2025-07-19_05:08:32,8619.0,11953.0,45475.0,14212.0,16139.0,43860.0
2025-07-19_05:08:32,10463.0,11953.0,45475.0,14085.0,16139.0,43860.0
2025-07-19_05:08:32,10010.0,11953.0,45475.0,14003.0,16139.0,43860.0
2025-07-19_05:08:32,,,,13843.0,16139.0,43860.0
2025-07-19_05:08:36,3302.0,11953.0,45475.0,12192.0,16139.0,43860.0
2025-07-19_05:08:36,,,,,,
2025-07-19_05:08:40,6971.0,11953.0,45475.0,3792.0,16139.0,43860.0
2025-07-19_05:08:40,9284.0,11953.0,45475.0,13997.0,16139.0,43860.0
2025-07-19_05:08:41,,,,14025.0,16139.0,43860.0
2025-07-19_05:08:44,3358.0,11953.0,45475.0,12192.0,16139.0,43860.0
2025-07-19_05:08:44,,,,14099.0,16139.0,43860.0
2025-07-19_05:08:48,3302.0,11953.0,45475.0,12184.0,16139.0,43860.0
2025-07-19_05:08:48,9667.0,11953.0,45475.0,13982.0,16139.0,43860.0
2025-07-19_05:08:49,10261.0,11953.0,45475.0,14758.0,16139.0,43860.0
2025-07-19_05:08:49,,,,13833.0,16139.0,43860.0
2025-07-19_05:08:53,3358.0,11953.0,45475.0,12188.0,16139.0,43860.0
2025-07-19_05:08:53,9124.0,11953.0,45475.0,13925.0,16139.0,43860.0
2025-07-19_05:08:53,10094.0,11953.0,45475.0,14028.0,16139.0,43860.0
2025-07-19_05:08:53,9821.0,11953.0,45475.0,14213.0,16139.0,43860.0
2025-07-19_05:08:53,10258.0,11953.0,45475.0,14263.0,16139.0,43860.0
2025-07-19_05:08:54,,,,13769.0,16139.0,43860.0
2025-07-19_05:08:57,3358.0,11953.0,45475.0,12184.0,16139.0,43860.0
2025-07-19_05:08:57,9840.0,11953.0,45475.0,13789.0,16139.0,43860.0
2025-07-19_05:08:58,10013.0,11953.0,45475.0,14393.0,16139.0,43860.0
2025-07-19_05:08:59,2778.0,11953.0,45475.0,12191.0,16139.0,43860.0
2025-07-19_05:08:59,,,,13562.0,16139.0,43860.0
2025-07-19_05:09:02,3319.0,11953.0,45475.0,12184.0,16139.0,43860.0
2025-07-19_05:09:03,,,,,,
2025-07-19_05:09:06,6952.0,11953.0,45475.0,3792.0,16139.0,43860.0
2025-07-19_05:09:07,9980.0,11953.0,45475.0,14412.0,16139.0,43860.0
2025-07-19_05:09:07,8526.0,11953.0,45475.0,13914.0,16139.0,43860.0
2025-07-19_05:09:07,,,,,,
2025-07-19_05:09:11,6970.0,11953.0,45475.0,3793.0,16139.0,43860.0
2025-07-19_05:09:11,10315.0,11953.0,45475.0,14335.0,16139.0,43860.0
2025-07-19_05:09:11,9840.0,11953.0,45475.0,14191.0,16139.0,43860.0
2025-07-19_05:09:12,9903.0,11953.0,45475.0,13964.0,16139.0,43860.0
2025-07-19_05:09:12,10308.0,11953.0,45475.0,13903.0,16139.0,43860.0
2025-07-19_05:09:12,10281.0,11953.0,45475.0,14321.0,16139.0,43860.0
2025-07-19_05:09:12,9164.0,11953.0,45475.0,13997.0,16139.0,43860.0
2025-07-19_05:09:13,10582.0,11953.0,45480.0,14210.0,16139.0,43862.0
2025-07-19_05:09:13,,,,14335.0,16139.0,43862.0
2025-07-19_05:09:16,3375.0,11953.0,45480.0,12184.0,16139.0,43862.0
2025-07-19_05:09:17,8626.0,11953.0,45480.0,14460.0,16139.0,43862.0
2025-07-19_05:09:17,10109.0,11953.0,45480.0,14087.0,16139.0,43862.0
2025-07-19_05:09:17,10192.0,11953.0,45480.0,14221.0,16139.0,43862.0
2025-07-19_05:09:17,9826.0,11953.0,45480.0,13854.0,16139.0,43862.0
2025-07-19_05:09:18,8529.0,11953.0,45480.0,14093.0,16139.0,43862.0
2025-07-19_05:09:18,9901.0,11953.0,45480.0,14116.0,16139.0,43862.0
2025-07-19_05:09:18,8519.0,11953.0,45480.0,13638.0,16139.0,43862.0
2025-07-19_05:09:18,9895.0,11953.0,45480.0,14294.0,16139.0,43862.0
2025-07-19_05:09:18,10100.0,11953.0,45480.0,14391.0,16139.0,43862.0
2025-07-19_05:09:19,10207.0,11953.0,45480.0,14140.0,16139.0,43862.0
2025-07-19_05:09:19,,,,,,
2025-07-19_05:09:23,6965.0,11953.0,45480.0,3792.0,16139.0,43862.0
2025-07-19_05:09:23,,,,,,
2025-07-19_05:09:27,6967.0,11953.0,45480.0,3793.0,16139.0,43862.0
2025-07-19_05:09:27,,,,14034.0,16139.0,43862.0
2025-07-19_05:09:31,3319.0,11953.0,45480.0,12184.0,16139.0,43862.0
2025-07-19_05:09:31,8595.0,11953.0,45480.0,13968.0,16139.0,43862.0
2025-07-19_05:09:31,10131.0,11953.0,45480.0,14083.0,16139.0,43862.0
2025-07-19_05:09:31,,,,14289.0,16139.0,43862.0
2025-07-19_05:09:35,3375.0,11953.0,45480.0,12169.0,16139.0,43862.0
2025-07-19_05:09:35,,,,,,
2025-07-19_05:09:39,6966.0,11953.0,45480.0,3793.0,16139.0,43862.0
2025-07-19_05:09:39,8106.0,11953.0,45480.0,13232.0,16139.0,43862.0
2025-07-19_05:09:40,10135.0,11953.0,45480.0,14372.0,16139.0,43862.0
2025-07-19_05:09:40,10475.0,11953.0,45480.0,14654.0,16139.0,43862.0
2025-07-19_05:09:40,,,,11877.0,16139.0,43862.0
2025-07-19_05:09:44,,,,,,
2025-07-19_05:09:48,6966.0,11953.0,45480.0,3793.0,16139.0,43862.0
2025-07-19_05:09:48,10349.0,11954.0,45481.0,14397.0,16139.0,43862.0
2025-07-19_05:09:48,10331.0,11954.0,45481.0,14438.0,16139.0,43862.0
2025-07-19_05:09:48,9843.0,11954.0,45481.0,14059.0,16139.0,43862.0
2025-07-19_05:09:49,9422.0,11954.0,45481.0,13637.0,16139.0,43862.0
2025-07-19_05:09:49,10083.0,11954.0,45481.0,14300.0,16139.0,43862.0
2025-07-19_05:09:49,10019.0,11954.0,45481.0,14010.0,16139.0,43862.0
2025-07-19_05:09:49,10360.0,11954.0,45481.0,14483.0,16139.0,43862.0
2025-07-19_05:09:49,9834.0,11954.0,45481.0,13985.0,16139.0,43862.0
2025-07-19_05:09:50,9890.0,11954.0,45481.0,14104.0,16139.0,43862.0
2025-07-19_05:09:50,10114.0,11954.0,45481.0,14125.0,16139.0,43862.0
2025-07-19_05:09:50,9755.0,11954.0,45482.0,14184.0,16139.0,43862.0
2025-07-19_05:09:50,10381.0,11954.0,45482.0,14675.0,16139.0,43862.0
2025-07-19_05:09:51,10314.0,11954.0,45484.0,14650.0,16139.0,43862.0
2025-07-19_05:09:51,,,,13898.0,16139.0,43862.0
2025-07-19_05:09:54,3319.0,11954.0,45484.0,12166.0,16139.0,43862.0
2025-07-19_05:09:55,10288.0,11954.0,45484.0,14508.0,16139.0,43862.0
2025-07-19_05:09:55,9971.0,11954.0,45484.0,14354.0,16139.0,43862.0
2025-07-19_05:09:55,,,,14286.0,16139.0,43862.0
2025-07-19_05:09:59,2778.0,11954.0,45484.0,12185.0,16139.0,43862.0
2025-07-19_05:09:59,9976.0,11954.0,45484.0,13968.0,16139.0,43862.0
2025-07-19_05:09:59,9908.0,11954.0,45484.0,14217.0,16139.0,43862.0
2025-07-19_05:10:00,,,,,,
2025-07-19_05:10:03,6967.0,11954.0,45484.0,3795.0,16139.0,43862.0
2025-07-19_05:10:04,,,,14158.0,16139.0,43862.0
2025-07-19_05:10:07,3358.0,11954.0,45484.0,12184.0,16139.0,43862.0
2025-07-19_05:10:07,8658.0,11954.0,45484.0,13846.0,16139.0,43862.0
2025-07-19_05:10:08,10225.0,11954.0,45484.0,14598.0,16139.0,43862.0
2025-07-19_05:10:08,10341.0,11954.0,45484.0,14535.0,16139.0,43865.0
2025-07-19_05:10:08,10290.0,11954.0,45484.0,14435.0,16139.0,43865.0
2025-07-19_05:10:08,10214.0,11954.0,45484.0,14345.0,16139.0,43865.0
2025-07-19_05:10:09,8646.0,11954.0,45484.0,14092.0,16139.0,43865.0
2025-07-19_05:10:09,10307.0,11954.0,45484.0,14511.0,16139.0,43865.0
2025-07-19_05:10:09,8644.0,11954.0,45484.0,14228.0,16139.0,43865.0
2025-07-19_05:10:09,8574.0,11954.0,45484.0,13947.0,16139.0,43865.0
2025-07-19_05:10:09,,,,,,
2025-07-19_05:10:13,6963.0,11954.0,45484.0,3793.0,16139.0,43865.0
2025-07-19_05:10:13,9967.0,11954.0,45484.0,13985.0,16139.0,43865.0
2025-07-19_05:10:14,9965.0,11954.0,45484.0,14534.0,16139.0,43865.0
2025-07-19_05:10:14,10231.0,11954.0,45493.0,14613.0,16139.0,43865.0
2025-07-19_05:10:14,10610.0,11954.0,45493.0,14971.0,16139.0,43865.0
2025-07-19_05:10:14,10964.0,11954.0,45495.0,15175.0,16139.0,43865.0
2025-07-19_05:10:15,9725.0,11954.0,45495.0,13955.0,16139.0,43865.0
2025-07-19_05:10:15,9761.0,11954.0,45511.0,13974.0,16139.0,43865.0
2025-07-19_05:10:15,8553.0,11954.0,45511.0,13744.0,16139.0,43865.0
2025-07-19_05:10:15,10074.0,11954.0,45511.0,14432.0,16139.0,43865.0
2025-07-19_05:10:15,,,,,,
2025-07-19_05:10:19,6968.0,11954.0,45511.0,3793.0,16139.0,43865.0
2025-07-19_05:10:19,,,,,,
2025-07-19_05:10:24,2778.0,11954.0,45511.0,3776.0,16139.0,43865.0
2025-07-19_05:10:24,9844.0,11954.0,45511.0,13730.0,16139.0,43865.0
2025-07-19_05:10:24,9934.0,11954.0,45511.0,14148.0,16139.0,43865.0
2025-07-19_05:10:25,,,,14023.0,16139.0,43865.0
2025-07-19_05:10:28,3319.0,11954.0,45511.0,12190.0,16139.0,43865.0
2025-07-19_05:10:29,8039.0,11954.0,45511.0,12903.0,16139.0,43865.0
2025-07-19_05:10:29,10021.0,11954.0,45511.0,14026.0,16139.0,43865.0
2025-07-19_05:10:29,9869.0,11954.0,45511.0,14044.0,16139.0,43865.0
2025-07-19_05:10:29,,,,,,
2025-07-19_05:10:33,6963.0,11954.0,45511.0,3792.0,16139.0,43865.0
2025-07-19_05:10:33,10224.0,11954.0,45520.0,14322.0,16139.0,43865.0
2025-07-19_05:10:33,,,,13800.0,16139.0,43865.0
2025-07-19_05:10:37,3302.0,11954.0,45520.0,12190.0,16139.0,43865.0
2025-07-19_05:10:37,8591.0,11954.0,45520.0,14340.0,16139.0,43865.0
2025-07-19_05:10:37,9706.0,11954.0,45520.0,14003.0,16139.0,43865.0
2025-07-19_05:10:38,,,,,,
2025-07-19_05:10:42,6963.0,11954.0,45520.0,3793.0,16139.0,43865.0
2025-07-19_05:10:42,,,,,,
2025-07-19_05:10:46,2780.0,11954.0,45520.0,3776.0,16139.0,43865.0
2025-07-19_05:10:46,10411.0,11954.0,45520.0,14560.0,16139.0,43865.0
2025-07-19_05:10:47,10097.0,11954.0,45520.0,14367.0,16139.0,43865.0
2025-07-19_05:10:47,9194.0,11954.0,45520.0,13928.0,16139.0,43865.0
2025-07-19_05:10:47,10185.0,11954.0,45520.0,14328.0,16139.0,43865.0
2025-07-19_05:10:47,8648.0,11954.0,45520.0,14015.0,16139.0,43865.0
2025-07-19_05:10:48,,,,14428.0,16139.0,43865.0
2025-07-19_05:10:51,3319.0,11954.0,45520.0,12185.0,16139.0,43865.0
2025-07-19_05:10:51,10301.0,11954.0,45520.0,14403.0,16139.0,43865.0
2025-07-19_05:10:52,8603.0,11954.0,45520.0,14078.0,16139.0,43865.0
2025-07-19_05:10:52,8551.0,11954.0,45520.0,13928.0,16139.0,43865.0
2025-07-19_05:10:52,10094.0,11954.0,45520.0,14406.0,16139.0,43865.0
2025-07-19_05:10:52,10206.0,11954.0,45520.0,14719.0,16139.0,43865.0
2025-07-19_05:10:52,10346.0,11954.0,45527.0,14520.0,16139.0,43865.0
2025-07-19_05:10:53,,,,14130.0,16139.0,43865.0
2025-07-19_05:10:57,2778.0,11954.0,45527.0,12175.0,16139.0,43865.0
2025-07-19_05:10:57,8534.0,11954.0,45527.0,13899.0,16139.0,43865.0
2025-07-19_05:10:57,10319.0,11954.0,45527.0,14425.0,16139.0,43865.0
2025-07-19_05:10:57,,,,14153.0,16139.0,43865.0
2025-07-19_05:11:01,3373.0,11954.0,45527.0,12189.0,16139.0,43865.0
2025-07-19_05:11:01,,,,,,
2025-07-19_05:11:05,6966.0,11954.0,45527.0,3792.0,16139.0,43865.0
2025-07-19_05:11:05,9992.0,11954.0,45529.0,14150.0,16139.0,43865.0
2025-07-19_05:11:06,,,,,,
2025-07-19_05:11:09,6966.0,11954.0,45529.0,3793.0,16139.0,43865.0
2025-07-19_05:11:10,8680.0,11954.0,45529.0,14118.0,16139.0,43865.0
2025-07-19_05:11:10,,,,13761.0,16139.0,43865.0
2025-07-19_05:11:14,3319.0,11954.0,45529.0,12163.0,16139.0,43865.0
2025-07-19_05:11:14,9816.0,11954.0,45529.0,14042.0,16139.0,43865.0
2025-07-19_05:11:14,,,,13783.0,16139.0,43865.0
2025-07-19_05:11:18,3319.0,11954.0,45529.0,12185.0,16139.0,43865.0
2025-07-19_05:11:18,9963.0,11954.0,45529.0,13874.0,16139.0,43865.0
2025-07-19_05:11:18,,,,,,
2025-07-19_05:11:22,6970.0,11954.0,45529.0,3793.0,16139.0,43865.0
2025-07-19_05:11:22,9914.0,11954.0,45529.0,14059.0,16139.0,43865.0
2025-07-19_05:11:22,10083.0,11954.0,45529.0,14173.0,16139.0,43865.0
2025-07-19_05:11:23,10092.0,11954.0,45529.0,14287.0,16139.0,43865.0
2025-07-19_05:11:23,10236.0,11954.0,45529.0,14406.0,16139.0,43865.0
2025-07-19_05:11:23,,,,14275.0,16139.0,43865.0
2025-07-19_05:11:27,3358.0,11954.0,45529.0,12188.0,16139.0,43865.0
2025-07-19_05:11:27,10011.0,11954.0,45529.0,14001.0,16139.0,43865.0
2025-07-19_05:11:27,,,,13824.0,16139.0,43865.0
2025-07-19_05:11:31,3304.0,11954.0,45529.0,12180.0,16139.0,43865.0
2025-07-19_05:11:31,,,,,,
2025-07-19_05:11:35,6967.0,11954.0,45529.0,3792.0,16139.0,43865.0
2025-07-19_05:11:35,9878.0,11954.0,45529.0,14093.0,16139.0,43865.0
2025-07-19_05:11:35,10269.0,11954.0,45529.0,14326.0,16139.0,43865.0
2025-07-19_05:11:36,,,,14045.0,16139.0,43865.0
2025-07-19_05:11:39,2778.0,11954.0,45529.0,12192.0,16139.0,43865.0
2025-07-19_05:11:40,9651.0,11954.0,45529.0,13831.0,16139.0,43865.0
2025-07-19_05:11:40,,,,12042.0,16139.0,43865.0
2025-07-19_05:11:44,2778.0,11954.0,45529.0,12195.0,16139.0,43865.0
2025-07-19_05:11:44,9994.0,11954.0,45529.0,13820.0,16139.0,43865.0
2025-07-19_05:11:44,10224.0,11954.0,45529.0,14127.0,16139.0,43865.0
2025-07-19_05:11:44,9882.0,11954.0,45529.0,14096.0,16139.0,43865.0
2025-07-19_05:11:45,10079.0,11954.0,45529.0,14358.0,16139.0,43865.0
2025-07-19_05:11:45,9873.0,11954.0,45529.0,14146.0,16139.0,43865.0
2025-07-19_05:11:45,9662.0,11954.0,45529.0,14104.0,16139.0,43865.0
2025-07-19_05:11:45,10211.0,11954.0,45529.0,14306.0,16139.0,43865.0
2025-07-19_05:11:45,10500.0,11954.0,45530.0,14360.0,16139.0,43865.0
2025-07-19_05:11:46,10085.0,11954.0,45530.0,14346.0,16139.0,43865.0
2025-07-19_05:11:46,9538.0,11954.0,45530.0,13972.0,16139.0,43865.0
2025-07-19_05:11:46,,,,14312.0,16139.0,43865.0
2025-07-19_05:11:50,3375.0,11954.0,45530.0,12167.0,16139.0,43865.0
2025-07-19_05:11:50,9238.0,11954.0,45530.0,13939.0,16139.0,43865.0
2025-07-19_05:11:50,10181.0,11954.0,45530.0,14180.0,16139.0,43865.0
2025-07-19_05:11:50,10208.0,11954.0,45530.0,14325.0,16139.0,43865.0
2025-07-19_05:11:51,10247.0,11954.0,45530.0,14371.0,16139.0,43865.0
2025-07-19_05:11:51,10118.0,11954.0,45530.0,14092.0,16139.0,43865.0
2025-07-19_05:11:51,10350.0,11954.0,45530.0,14367.0,16139.0,43865.0
2025-07-19_05:11:51,,,,,,
2025-07-19_05:11:55,6965.0,11954.0,45530.0,3793.0,16139.0,43865.0
2025-07-19_05:11:55,,,,13776.0,16139.0,43865.0
2025-07-19_05:11:59,3375.0,11954.0,45530.0,12186.0,16139.0,43865.0
2025-07-19_05:11:59,10313.0,11954.0,45530.0,14430.0,16139.0,43865.0
2025-07-19_05:11:59,,,,14116.0,16139.0,43865.0
2025-07-19_05:12:03,3358.0,11954.0,45530.0,12159.0,16139.0,43865.0
2025-07-19_05:12:03,9562.0,11954.0,45530.0,13961.0,16139.0,43865.0
2025-07-19_05:12:04,8711.0,11954.0,45530.0,14217.0,16139.0,43865.0
2025-07-19_05:12:04,,,,13062.0,16139.0,43865.0
2025-07-19_05:12:08,2778.0,11954.0,45530.0,12183.0,16139.0,43865.0
2025-07-19_05:12:08,9934.0,11954.0,45530.0,14006.0,16139.0,43865.0
2025-07-19_05:12:08,,,,13945.0,16139.0,43865.0
2025-07-19_05:12:12,3319.0,11954.0,45530.0,12184.0,16139.0,43865.0
2025-07-19_05:12:12,,,,14013.0,16139.0,43865.0
2025-07-19_05:12:16,3375.0,11954.0,45530.0,12181.0,16139.0,43865.0
2025-07-19_05:12:16,9750.0,11954.0,45531.0,14071.0,16139.0,43865.0
2025-07-19_05:12:16,,,,14027.0,16139.0,43865.0
2025-07-19_05:12:20,2778.0,11954.0,45531.0,12193.0,16139.0,43865.0
2025-07-19_05:12:20,9880.0,11954.0,45531.0,14100.0,16139.0,43865.0
2025-07-19_05:12:20,10221.0,11954.0,45531.0,14358.0,16139.0,43865.0
2025-07-19_05:12:21,10292.0,11954.0,45531.0,14322.0,16139.0,43865.0
2025-07-19_05:12:21,9979.0,11954.0,45531.0,14430.0,16139.0,43865.0
2025-07-19_05:12:21,8882.0,11954.0,45536.0,14321.0,16139.0,43865.0
2025-07-19_05:12:21,10147.0,11954.0,45536.0,13864.0,16139.0,43865.0
2025-07-19_05:12:22,9983.0,11954.0,45536.0,14031.0,16139.0,43865.0
2025-07-19_05:12:22,9186.0,11954.0,45536.0,13642.0,16139.0,43865.0
2025-07-19_05:12:22,,,,,,
2025-07-19_05:12:26,6959.0,11954.0,45536.0,3793.0,16139.0,43865.0
2025-07-19_05:12:26,,,,13967.0,16139.0,43865.0
2025-07-19_05:12:30,3375.0,11954.0,45536.0,12186.0,16139.0,43865.0
2025-07-19_05:12:30,8621.0,11954.0,45536.0,14209.0,16139.0,43865.0
2025-07-19_05:12:30,9773.0,11954.0,45536.0,13928.0,16139.0,43865.0
2025-07-19_05:12:30,9887.0,11954.0,45536.0,14006.0,16139.0,43865.0
2025-07-19_05:12:31,10115.0,11954.0,45536.0,13849.0,16139.0,43865.0
2025-07-19_05:12:31,9893.0,11954.0,45536.0,14105.0,16139.0,43865.0
2025-07-19_05:12:31,,,,,,
2025-07-19_05:12:35,6969.0,11954.0,45536.0,3792.0,16139.0,43865.0
2025-07-19_05:12:35,,,,13941.0,16139.0,43865.0
2025-07-19_05:12:39,3302.0,11954.0,45536.0,12171.0,16139.0,43865.0
2025-07-19_05:12:39,10085.0,11954.0,45536.0,14120.0,16139.0,43865.0
2025-07-19_05:12:39,,,,,,
2025-07-19_05:12:43,6958.0,11954.0,45536.0,3795.0,16139.0,43865.0
2025-07-19_05:12:43,,,,,,
2025-07-19_05:12:47,6966.0,11954.0,45536.0,3793.0,16139.0,43865.0
2025-07-19_05:12:47,9607.0,11954.0,45536.0,13985.0,16139.0,43865.0
2025-07-19_05:12:48,8526.0,11954.0,45536.0,13077.0,16139.0,43865.0
2025-07-19_05:12:48,,,,,,
2025-07-19_05:12:52,6960.0,11954.0,45536.0,3792.0,16139.0,43865.0
2025-07-19_05:12:52,9873.0,11954.0,45536.0,14060.0,16139.0,43865.0
2025-07-19_05:12:52,,,,14257.0,16139.0,43865.0
2025-07-19_05:12:56,3375.0,11954.0,45536.0,12160.0,16139.0,43865.0
2025-07-19_05:12:56,10017.0,11954.0,45536.0,14025.0,16139.0,43865.0
2025-07-19_05:12:56,9969.0,11954.0,45536.0,14408.0,16139.0,43865.0
2025-07-19_05:12:56,,,,,,
2025-07-19_05:13:00,6965.0,11954.0,45536.0,3787.0,16139.0,43865.0
2025-07-19_05:13:01,10254.0,11954.0,45536.0,14448.0,16139.0,43865.0
2025-07-19_05:13:01,10338.0,11954.0,45536.0,14392.0,16139.0,43865.0
2025-07-19_05:13:01,10191.0,11954.0,45536.0,14487.0,16139.0,43865.0
2025-07-19_05:13:01,9941.0,11954.0,45536.0,14335.0,16139.0,43865.0
2025-07-19_05:13:02,10206.0,11954.0,45536.0,14204.0,16139.0,43865.0
2025-07-19_05:13:02,,,,14384.0,16139.0,43865.0
2025-07-19_05:13:05,3375.0,11954.0,45536.0,12191.0,16139.0,43865.0
2025-07-19_05:13:06,,,,14044.0,16139.0,43865.0
2025-07-19_05:13:09,3358.0,11954.0,45536.0,12200.0,16139.0,43865.0
2025-07-19_05:13:10,,,,,,
2025-07-19_05:13:13,6958.0,11954.0,45536.0,3793.0,16139.0,43865.0
2025-07-19_05:13:14,9897.0,11954.0,45536.0,14150.0,16139.0,43865.0
2025-07-19_05:13:14,,,,14340.0,16139.0,43865.0
2025-07-19_05:13:18,3358.0,11954.0,45536.0,12199.0,16139.0,43865.0
2025-07-19_05:13:18,9859.0,11954.0,45536.0,14293.0,16139.0,43865.0
2025-07-19_05:13:18,9722.0,11954.0,45536.0,14170.0,16139.0,43865.0
2025-07-19_05:13:18,,,,14053.0,16139.0,43865.0
2025-07-19_05:13:22,3358.0,11954.0,45536.0,12175.0,16139.0,43865.0
2025-07-19_05:13:22,10212.0,11954.0,45536.0,14321.0,16139.0,43868.0
2025-07-19_05:13:22,8519.0,11954.0,45536.0,13813.0,16139.0,43868.0
2025-07-19_05:13:23,,,,14356.0,16139.0,43868.0
2025-07-19_05:13:26,3375.0,11954.0,45536.0,12182.0,16139.0,43868.0
2025-07-19_05:13:26,10300.0,11954.0,45536.0,14385.0,16139.0,43868.0
2025-07-19_05:13:27,8502.0,11954.0,45536.0,13055.0,16139.0,43868.0
2025-07-19_05:13:27,,,,,,
2025-07-19_05:13:31,6966.0,11954.0,45536.0,3792.0,16139.0,43868.0
2025-07-19_05:13:31,10204.0,11954.0,45536.0,14078.0,16139.0,43868.0
2025-07-19_05:13:31,10337.0,11954.0,45536.0,14602.0,16139.0,43868.0
2025-07-19_05:13:31,10547.0,11954.0,45536.0,14397.0,16139.0,43868.0
2025-07-19_05:13:32,9851.0,11954.0,45536.0,14388.0,16139.0,43868.0
2025-07-19_05:13:32,9929.0,11954.0,45536.0,14101.0,16139.0,43868.0
2025-07-19_05:13:32,,,,13078.0,16139.0,43868.0
2025-07-19_05:13:36,2778.0,11954.0,45536.0,12174.0,16139.0,43868.0
2025-07-19_05:13:36,9176.0,11954.0,45536.0,13765.0,16139.0,43868.0
2025-07-19_05:13:36,10120.0,11954.0,45536.0,14313.0,16139.0,43868.0
2025-07-19_05:13:37,10273.0,11954.0,45536.0,14394.0,16139.0,43868.0
2025-07-19_05:13:37,,,,,,
2025-07-19_05:13:41,6968.0,11954.0,45536.0,3793.0,16139.0,43868.0
2025-07-19_05:13:41,10311.0,11954.0,45536.0,14520.0,16139.0,43868.0
2025-07-19_05:13:41,10417.0,11954.0,45536.0,14582.0,16139.0,43868.0
2025-07-19_05:13:41,,,,13985.0,16139.0,43868.0
2025-07-19_05:13:45,3302.0,11954.0,45536.0,12186.0,16139.0,43868.0
2025-07-19_05:13:45,,,,14213.0,16139.0,43868.0
2025-07-19_05:13:49,3375.0,11954.0,45536.0,12179.0,16139.0,43868.0
2025-07-19_05:13:49,10280.0,11954.0,45536.0,14249.0,16139.0,43868.0
2025-07-19_05:13:49,8630.0,11954.0,45536.0,14083.0,16139.0,43868.0
2025-07-19_05:13:49,10682.0,11954.0,45536.0,14658.0,16139.0,43868.0
2025-07-19_05:13:50,10183.0,11954.0,45536.0,14580.0,16139.0,43868.0
2025-07-19_05:13:50,9926.0,11954.0,45536.0,13976.0,16139.0,43868.0
2025-07-19_05:13:50,9666.0,11954.0,45536.0,13976.0,16139.0,43868.0
2025-07-19_05:13:50,,,,,,
2025-07-19_05:13:54,6963.0,11954.0,45536.0,3793.0,16139.0,43868.0
2025-07-19_05:13:54,10307.0,11954.0,45536.0,14417.0,16139.0,43868.0
2025-07-19_05:13:55,,,,14322.0,16139.0,43868.0
2025-07-19_05:13:58,3358.0,11954.0,45536.0,12191.0,16139.0,43868.0
2025-07-19_05:13:58,,,,14077.0,16139.0,43868.0
2025-07-19_05:14:02,2778.0,11954.0,45536.0,12167.0,16139.0,43868.0
2025-07-19_05:14:03,9913.0,11954.0,45536.0,13978.0,16139.0,43868.0
2025-07-19_05:14:03,10371.0,11954.0,45536.0,14394.0,16139.0,43868.0
2025-07-19_05:14:03,10307.0,11954.0,45538.0,14652.0,16139.0,43868.0
2025-07-19_05:14:03,10133.0,11954.0,45538.0,14084.0,16139.0,43868.0
2025-07-19_05:14:03,,,,,,
2025-07-19_05:14:07,6964.0,11954.0,45538.0,3792.0,16139.0,43868.0
2025-07-19_05:14:07,9873.0,11954.0,45538.0,14103.0,16139.0,43868.0
2025-07-19_05:14:08,9365.0,11954.0,45538.0,13683.0,16139.0,43868.0
2025-07-19_05:14:08,10141.0,11954.0,45538.0,14403.0,16139.0,43868.0
2025-07-19_05:14:08,9834.0,11954.0,45538.0,14017.0,16139.0,43868.0
2025-07-19_05:14:08,10295.0,11954.0,45538.0,14498.0,16139.0,43868.0
2025-07-19_05:14:09,9684.0,11954.0,45538.0,14009.0,16139.0,43868.0
2025-07-19_05:14:09,10076.0,11954.0,45538.0,14310.0,16139.0,43868.0
2025-07-19_05:14:09,9721.0,11954.0,45538.0,14110.0,16139.0,43868.0
2025-07-19_05:14:09,8590.0,11954.0,45538.0,14018.0,16139.0,43868.0
2025-07-19_05:14:09,10089.0,11954.0,45538.0,14358.0,16139.0,43868.0
2025-07-19_05:14:10,10326.0,11954.0,45538.0,14528.0,16139.0,43868.0
2025-07-19_05:14:10,10225.0,11954.0,45538.0,14350.0,16139.0,43868.0
2025-07-19_05:14:10,9620.0,11954.0,45538.0,14227.0,16139.0,43868.0
2025-07-19_05:14:10,9804.0,11954.0,45538.0,14132.0,16139.0,43868.0
2025-07-19_05:14:11,10088.0,11954.0,45538.0,14266.0,16139.0,43868.0
2025-07-19_05:14:11,8622.0,11954.0,45538.0,14206.0,16139.0,43868.0
2025-07-19_05:14:11,,,,14075.0,16139.0,43868.0
2025-07-19_05:14:15,3358.0,11954.0,45538.0,12158.0,16139.0,43868.0
2025-07-19_05:14:15,,,,,,
2025-07-19_05:14:19,6958.0,11954.0,45538.0,3792.0,16139.0,43868.0
2025-07-19_05:14:19,10153.0,11954.0,45538.0,14512.0,16139.0,43868.0
2025-07-19_05:14:19,10081.0,11954.0,45538.0,14331.0,16139.0,43868.0
2025-07-19_05:14:19,10138.0,11954.0,45538.0,14339.0,16139.0,43868.0
2025-07-19_05:14:20,,,,14048.0,16139.0,43868.0
2025-07-19_05:14:23,3319.0,11954.0,45538.0,12179.0,16139.0,43868.0
2025-07-19_05:14:24,,,,14297.0,16139.0,43868.0
2025-07-19_05:14:27,3358.0,11954.0,45538.0,12203.0,16139.0,43868.0
2025-07-19_05:14:27,10395.0,11954.0,45538.0,14653.0,16139.0,43868.0
2025-07-19_05:14:28,10530.0,11954.0,45538.0,14857.0,16139.0,43868.0
2025-07-19_05:14:28,10518.0,11954.0,45538.0,14408.0,16139.0,43868.0
2025-07-19_05:14:28,,,,14675.0,16139.0,43868.0
2025-07-19_05:14:32,2778.0,11954.0,45538.0,12171.0,16139.0,43868.0
2025-07-19_05:14:32,10075.0,11954.0,45538.0,14541.0,16139.0,43868.0
2025-07-19_05:14:32,10164.0,11954.0,45538.0,14028.0,16139.0,43868.0
2025-07-19_05:14:33,10287.0,11954.0,45538.0,14484.0,16139.0,43868.0
2025-07-19_05:14:33,9701.0,11954.0,45538.0,14114.0,16139.0,43868.0
2025-07-19_05:14:33,,,,,,
2025-07-19_05:14:37,6968.0,11954.0,45538.0,3793.0,16139.0,43868.0
2025-07-19_05:14:37,,,,,,
2025-07-19_05:14:41,6967.0,11954.0,45538.0,3793.0,16139.0,43868.0
2025-07-19_05:14:41,8694.0,11954.0,45538.0,14389.0,16139.0,43868.0
2025-07-19_05:14:41,8553.0,11954.0,45538.0,13659.0,16139.0,43868.0
2025-07-19_05:14:42,,,,14800.0,16139.0,43868.0
2025-07-19_05:14:46,2778.0,11954.0,45538.0,12190.0,16139.0,43868.0
2025-07-19_05:14:46,,,,12054.0,16139.0,43868.0
2025-07-19_05:14:50,2778.0,11954.0,45538.0,12169.0,16139.0,43868.0
2025-07-19_05:14:50,,,,13642.0,16139.0,43868.0
2025-07-19_05:14:54,3319.0,11954.0,45538.0,12193.0,16139.0,43868.0
2025-07-19_05:14:54,8733.0,11954.0,45538.0,14236.0,16139.0,43868.0
2025-07-19_05:14:54,10187.0,11954.0,45538.0,14498.0,16139.0,43868.0
2025-07-19_05:14:54,,,,13782.0,16139.0,43868.0
2025-07-19_05:14:58,3319.0,11954.0,45538.0,12196.0,16139.0,43868.0
2025-07-19_05:14:58,10082.0,11954.0,45538.0,14546.0,16139.0,43868.0
2025-07-19_05:14:58,9795.0,11954.0,45538.0,14152.0,16139.0,43868.0
2025-07-19_05:14:59,9996.0,11954.0,45538.0,14091.0,16139.0,43869.0
2025-07-19_05:14:59,10381.0,11954.0,45538.0,14386.0,16139.0,43869.0
2025-07-19_05:14:59,9876.0,11954.0,45538.0,14101.0,16139.0,43869.0
2025-07-19_05:14:59,10061.0,11954.0,45538.0,14497.0,16139.0,43869.0
2025-07-19_05:14:59,10133.0,11954.0,45538.0,14271.0,16139.0,43869.0
2025-07-19_05:15:00,,,,,,
2025-07-19_05:15:04,6959.0,11954.0,45538.0,3795.0,16139.0,43869.0
2025-07-19_05:15:04,,,,,,
2025-07-19_05:15:08,6964.0,11954.0,45538.0,3792.0,16139.0,43869.0
2025-07-19_05:15:08,,,,,,
2025-07-19_05:15:12,6965.0,11954.0,45538.0,3792.0,16139.0,43869.0
2025-07-19_05:15:12,10251.0,11954.0,45538.0,14334.0,16139.0,43869.0
2025-07-19_05:15:12,10118.0,11954.0,45538.0,13823.0,16139.0,43869.0
2025-07-19_05:15:12,,,,,,
2025-07-19_05:15:16,6960.0,11954.0,45538.0,3793.0,16139.0,43869.0
2025-07-19_05:15:16,10185.0,11954.0,45541.0,14585.0,16139.0,43870.0
2025-07-19_05:15:17,9926.0,11954.0,45541.0,14417.0,16139.0,43870.0
2025-07-19_05:15:17,9957.0,11954.0,45541.0,13977.0,16139.0,43870.0
2025-07-19_05:15:17,9971.0,11954.0,45541.0,13982.0,16139.0,43870.0
2025-07-19_05:15:17,,,,14168.0,16139.0,43870.0
2025-07-19_05:15:21,3358.0,11954.0,45541.0,12182.0,16139.0,43870.0
2025-07-19_05:15:21,9850.0,11954.0,45541.0,13785.0,16139.0,43870.0
2025-07-19_05:15:21,10009.0,11954.0,45541.0,14286.0,16139.0,43870.0
2025-07-19_05:15:21,9886.0,11954.0,45541.0,14090.0,16139.0,43870.0
2025-07-19_05:15:22,10234.0,11954.0,45541.0,14735.0,16139.0,43870.0
2025-07-19_05:15:22,10123.0,11954.0,45541.0,14245.0,16139.0,43870.0
2025-07-19_05:15:22,9914.0,11954.0,45541.0,14285.0,16139.0,43870.0
2025-07-19_05:15:22,,,,14025.0,16139.0,43870.0
2025-07-19_05:15:26,3375.0,11954.0,45541.0,12192.0,16139.0,43870.0
2025-07-19_05:15:26,,,,,,
2025-07-19_05:15:30,6968.0,11954.0,45541.0,3792.0,16139.0,43870.0
2025-07-19_05:15:30,,,,14269.0,16139.0,43870.0
2025-07-19_05:15:34,3358.0,11954.0,45541.0,12185.0,16139.0,43870.0
2025-07-19_05:15:34,,,,,,
2025-07-19_05:15:38,6961.0,11954.0,45541.0,3792.0,16139.0,43870.0
2025-07-19_05:15:38,,,,14020.0,16139.0,43870.0
2025-07-19_05:15:42,3375.0,11954.0,45541.0,12149.0,16139.0,43870.0
2025-07-19_05:15:42,10137.0,11954.0,45541.0,14579.0,16139.0,43871.0
2025-07-19_05:15:42,9973.0,11954.0,45541.0,14401.0,16139.0,43871.0
2025-07-19_05:15:43,,,,14011.0,16139.0,43871.0
2025-07-19_05:15:46,3377.0,11954.0,45541.0,12190.0,16139.0,43871.0
2025-07-19_05:15:47,,,,,,
2025-07-19_05:15:50,6966.0,11954.0,45541.0,3793.0,16139.0,43871.0
2025-07-19_05:15:51,,,,,,
2025-07-19_05:15:55,6970.0,11954.0,45541.0,3792.0,16139.0,43871.0
2025-07-19_05:15:55,8661.0,11954.0,45549.0,14194.0,16139.0,43871.0
2025-07-19_05:15:55,8745.0,11954.0,45549.0,14125.0,16139.0,43871.0
2025-07-19_05:15:55,,,,13794.0,16139.0,43871.0
2025-07-19_05:15:59,3319.0,11954.0,45549.0,12169.0,16139.0,43871.0
2025-07-19_05:15:59,9904.0,11954.0,45549.0,13867.0,16139.0,43871.0
2025-07-19_05:15:59,10211.0,11954.0,45549.0,14655.0,16139.0,43871.0
2025-07-19_05:15:59,10617.0,11954.0,45549.0,14616.0,16139.0,43871.0
2025-07-19_05:16:00,9695.0,11954.0,45549.0,14038.0,16139.0,43871.0
2025-07-19_05:16:00,,,,14076.0,16139.0,43871.0
2025-07-19_05:16:04,2778.0,11954.0,45549.0,12161.0,16139.0,43871.0
2025-07-19_05:16:04,,,,,,
2025-07-19_05:16:08,2778.0,11954.0,45549.0,3776.0,16139.0,43871.0
2025-07-19_05:16:09,,,,13742.0,16139.0,43871.0
2025-07-19_05:16:12,3375.0,11954.0,45549.0,12183.0,16139.0,43871.0
2025-07-19_05:16:13,,,,14281.0,16139.0,43871.0
2025-07-19_05:16:16,3375.0,11954.0,45549.0,12190.0,16139.0,43871.0
2025-07-19_05:16:16,9886.0,11954.0,45549.0,14109.0,16139.0,43871.0
2025-07-19_05:16:17,9572.0,11954.0,45549.0,14285.0,16139.0,43871.0
2025-07-19_05:16:17,9943.0,11954.0,45549.0,13835.0,16139.0,43871.0
2025-07-19_05:16:17,9882.0,11954.0,45549.0,13933.0,16139.0,43871.0
2025-07-19_05:16:17,,,,14708.0,16139.0,43871.0
2025-07-19_05:16:21,3358.0,11954.0,45549.0,12186.0,16139.0,43871.0
2025-07-19_05:16:21,10107.0,11954.0,45549.0,14303.0,16139.0,43871.0
2025-07-19_05:16:22,10162.0,11954.0,45549.0,14171.0,16139.0,43871.0
2025-07-19_05:16:22,8545.0,11954.0,45549.0,13911.0,16139.0,43871.0
2025-07-19_05:16:22,10308.0,11954.0,45549.0,14529.0,16139.0,43871.0
2025-07-19_05:16:23,2778.0,11954.0,45549.0,12197.0,16139.0,43871.0
2025-07-19_05:16:23,,,,,,
2025-07-19_05:16:27,6971.0,11954.0,45549.0,3792.0,16139.0,43871.0
2025-07-19_05:16:27,10103.0,11954.0,45550.0,13895.0,16139.0,43871.0
2025-07-19_05:16:27,10342.0,11954.0,45550.0,14650.0,16139.0,43871.0
2025-07-19_05:16:28,10048.0,11954.0,45550.0,14162.0,16139.0,43871.0
2025-07-19_05:16:28,10234.0,11954.0,45550.0,14039.0,16139.0,43871.0
2025-07-19_05:16:28,,,,14044.0,16139.0,43871.0
2025-07-19_05:16:32,2778.0,11954.0,45550.0,12186.0,16139.0,43871.0
2025-07-19_05:16:32,9773.0,11954.0,45550.0,14028.0,16139.0,43871.0
2025-07-19_05:16:32,10386.0,11954.0,45550.0,14242.0,16139.0,43871.0
2025-07-19_05:16:33,10167.0,11954.0,45550.0,14541.0,16139.0,43871.0
2025-07-19_05:16:33,,,,14048.0,16139.0,43871.0
2025-07-19_05:16:36,3375.0,11954.0,45550.0,12192.0,16139.0,43871.0
2025-07-19_05:16:37,10617.0,11954.0,45555.0,14514.0,16139.0,43878.0
2025-07-19_05:16:37,10006.0,11954.0,45555.0,13916.0,16139.0,43878.0
2025-07-19_05:16:37,8738.0,11954.0,45555.0,14112.0,16139.0,43879.0
2025-07-19_05:16:37,10146.0,11954.0,45555.0,14421.0,16139.0,43879.0
2025-07-19_05:16:38,9988.0,11954.0,45555.0,14370.0,16139.0,43879.0
2025-07-19_05:16:38,,,,13835.0,16139.0,43879.0
2025-07-19_05:16:42,3358.0,11954.0,45555.0,12194.0,16139.0,43879.0
2025-07-19_05:16:42,10362.0,11954.0,45555.0,14731.0,16139.0,43879.0
2025-07-19_05:16:42,10201.0,11954.0,45555.0,14306.0,16139.0,43879.0
2025-07-19_05:16:42,,,,14429.0,16139.0,43880.0
2025-07-19_05:16:46,2778.0,11954.0,45555.0,12169.0,16139.0,43880.0
2025-07-19_05:16:46,,,,14172.0,16139.0,43880.0
2025-07-19_05:16:50,3375.0,11954.0,45555.0,12189.0,16139.0,43880.0
2025-07-19_05:16:50,9600.0,11954.0,45555.0,13984.0,16139.0,43880.0
2025-07-19_05:16:50,10296.0,11954.0,45555.0,14629.0,16139.0,43880.0
2025-07-19_05:16:51,9892.0,11954.0,45555.0,14368.0,16139.0,43880.0
2025-07-19_05:16:51,8669.0,11954.0,45555.0,14220.0,16139.0,43880.0
2025-07-19_05:16:51,,,,14716.0,16139.0,43880.0
2025-07-19_05:16:55,2778.0,11954.0,45555.0,12190.0,16139.0,43880.0
2025-07-19_05:16:55,,,,,,
2025-07-19_05:16:59,6961.0,11954.0,45555.0,3792.0,16139.0,43880.0
2025-07-19_05:16:59,9322.0,11954.0,45555.0,13858.0,16139.0,43880.0
2025-07-19_05:16:59,9100.0,11954.0,45555.0,13907.0,16139.0,43880.0
2025-07-19_05:17:00,10352.0,11954.0,45555.0,14578.0,16139.0,43882.0
2025-07-19_05:17:00,10321.0,11954.0,45556.0,14164.0,16139.0,43888.0
2025-07-19_05:17:00,10239.0,11954.0,45556.0,14441.0,16139.0,43888.0
2025-07-19_05:17:00,10358.0,11954.0,45556.0,14549.0,16139.0,43888.0
2025-07-19_05:17:01,9877.0,11954.0,45559.0,14410.0,16139.0,43888.0
2025-07-19_05:17:01,,,,13930.0,16139.0,43888.0
2025-07-19_05:17:04,,,,,,
2025-07-19_05:17:08,6958.0,11954.0,45559.0,3795.0,16139.0,43888.0
2025-07-19_05:17:09,10060.0,11954.0,45559.0,14296.0,16139.0,43888.0
2025-07-19_05:17:09,10336.0,11954.0,45568.0,14765.0,16139.0,43888.0
2025-07-19_05:17:09,10338.0,11954.0,45568.0,14583.0,16139.0,43888.0
2025-07-19_05:17:09,9937.0,11954.0,45568.0,14174.0,16139.0,43888.0
2025-07-19_05:17:09,,,,14082.0,16139.0,43888.0
2025-07-19_05:17:13,3319.0,11954.0,45568.0,12191.0,16139.0,43888.0
2025-07-19_05:17:13,,,,14272.0,16139.0,43888.0
2025-07-19_05:17:17,3375.0,11954.0,45568.0,12191.0,16139.0,43888.0
2025-07-19_05:17:17,,,,13080.0,16139.0,43888.0
2025-07-19_05:17:21,2778.0,11954.0,45568.0,12188.0,16139.0,43888.0
2025-07-19_05:17:21,9674.0,11954.0,45568.0,13987.0,16139.0,43888.0
2025-07-19_05:17:21,,,,,,
2025-07-19_05:17:25,6966.0,11954.0,45568.0,3793.0,16139.0,43888.0
2025-07-19_05:17:25,10364.0,11954.0,45568.0,14392.0,16139.0,43888.0
2025-07-19_05:17:26,10524.0,11954.0,45568.0,14644.0,16139.0,43888.0
2025-07-19_05:17:26,9947.0,11954.0,45568.0,14380.0,16139.0,43888.0
2025-07-19_05:17:26,8578.0,11954.0,45568.0,14274.0,16139.0,43888.0
2025-07-19_05:17:26,10108.0,11954.0,45568.0,14188.0,16139.0,43888.0
2025-07-19_05:17:27,,,,,,
2025-07-19_05:17:30,6966.0,11954.0,45568.0,3792.0,16139.0,43888.0
2025-07-19_05:17:31,9892.0,11954.0,45568.0,14217.0,16139.0,43888.0
2025-07-19_05:17:31,,,,,,
2025-07-19_05:17:35,6963.0,11954.0,45568.0,3792.0,16139.0,43888.0
2025-07-19_05:17:35,8588.0,11954.0,45568.0,14022.0,16139.0,43888.0
2025-07-19_05:17:35,8697.0,11954.0,45568.0,14087.0,16139.0,43888.0
2025-07-19_05:17:35,8511.0,11954.0,45568.0,13496.0,16139.0,43888.0
2025-07-19_05:17:36,10173.0,11954.0,45568.0,14261.0,16139.0,43888.0
2025-07-19_05:17:36,10243.0,11954.0,45568.0,14290.0,16139.0,43888.0
2025-07-19_05:17:36,,,,13857.0,16139.0,43888.0
2025-07-19_05:17:40,3358.0,11954.0,45568.0,12199.0,16139.0,43888.0
2025-07-19_05:17:40,10342.0,11954.0,45568.0,14500.0,16139.0,43888.0
2025-07-19_05:17:40,,,,,,
2025-07-19_05:17:44,6966.0,11954.0,45568.0,3793.0,16139.0,43888.0
2025-07-19_05:17:44,,,,13782.0,16139.0,43888.0
2025-07-19_05:17:48,3375.0,11954.0,45568.0,12192.0,16139.0,43888.0
2025-07-19_05:17:48,8644.0,11954.0,45568.0,14186.0,16139.0,43888.0
2025-07-19_05:17:48,8634.0,11954.0,45568.0,14111.0,16139.0,43888.0
2025-07-19_05:17:48,10120.0,11954.0,45570.0,14068.0,16139.0,43888.0
2025-07-19_05:17:49,,,,13243.0,16139.0,43888.0
2025-07-19_05:17:53,2778.0,11954.0,45570.0,12184.0,16139.0,43888.0
2025-07-19_05:17:53,10434.0,11954.0,45570.0,14613.0,16139.0,43888.0
2025-07-19_05:17:53,10102.0,11954.0,45570.0,14052.0,16139.0,43888.0
2025-07-19_05:17:53,10080.0,11954.0,45570.0,14690.0,16139.0,43888.0
2025-07-19_05:17:53,10365.0,11954.0,45570.0,14476.0,16139.0,43888.0
2025-07-19_05:17:54,,,,,,
2025-07-19_05:17:58,2778.0,11954.0,45570.0,3776.0,16139.0,43888.0
2025-07-19_05:17:58,9854.0,11954.0,45570.0,14075.0,16139.0,43888.0
2025-07-19_05:17:59,10266.0,11954.0,45570.0,14572.0,16139.0,43888.0
2025-07-19_05:17:59,,,,,,
2025-07-19_05:18:03,6968.0,11954.0,45570.0,3793.0,16139.0,43888.0
2025-07-19_05:18:03,,,,,,
2025-07-19_05:18:07,6964.0,11954.0,45570.0,3793.0,16139.0,43888.0
2025-07-19_05:18:07,8712.0,11954.0,45570.0,14471.0,16139.0,43888.0
2025-07-19_05:18:07,10210.0,11954.0,45570.0,14356.0,16139.0,43889.0
2025-07-19_05:18:07,10359.0,11954.0,45570.0,14397.0,16139.0,43889.0
2025-07-19_05:18:08,10317.0,11954.0,45570.0,14343.0,16139.0,43889.0
2025-07-19_05:18:08,9825.0,11954.0,45584.0,14355.0,16139.0,43889.0
2025-07-19_05:18:08,9910.0,11954.0,45584.0,14141.0,16139.0,43889.0
2025-07-19_05:18:08,10682.0,11954.0,45584.0,15079.0,16139.0,43889.0
2025-07-19_05:18:08,8519.0,11954.0,45584.0,13941.0,16139.0,43889.0
2025-07-19_05:18:09,9464.0,11954.0,45584.0,13930.0,16139.0,43889.0
2025-07-19_05:18:09,,,,13906.0,16139.0,43889.0
2025-07-19_05:18:13,3375.0,11954.0,45584.0,12191.0,16139.0,43889.0
2025-07-19_05:18:13,,,,,,
2025-07-19_05:18:17,6969.0,11954.0,45584.0,3793.0,16139.0,43889.0
2025-07-19_05:18:17,10400.0,11954.0,45584.0,14165.0,16139.0,43889.0
2025-07-19_05:18:17,,,,14352.0,16139.0,43889.0
2025-07-19_05:18:21,3375.0,11954.0,45584.0,12173.0,16139.0,43889.0
2025-07-19_05:18:21,9854.0,11954.0,45584.0,13983.0,16139.0,43889.0
2025-07-19_05:18:21,,,,,,
2025-07-19_05:18:25,6965.0,11954.0,45584.0,3793.0,16139.0,43889.0
2025-07-19_05:18:25,9731.0,11954.0,45584.0,14077.0,16139.0,43889.0
2025-07-19_05:18:26,9817.0,11954.0,45584.0,14267.0,16139.0,43889.0
2025-07-19_05:18:26,10371.0,11954.0,45584.0,14672.0,16139.0,43889.0
2025-07-19_05:18:26,9698.0,11954.0,45584.0,14076.0,16139.0,43889.0
2025-07-19_05:18:26,10148.0,11954.0,45584.0,14038.0,16139.0,43889.0
2025-07-19_05:18:26,10157.0,11954.0,45584.0,14275.0,16139.0,43889.0
2025-07-19_05:18:27,,,,13983.0,16139.0,43889.0
2025-07-19_05:18:30,3319.0,11954.0,45584.0,12167.0,16139.0,43889.0
2025-07-19_05:18:31,,,,,,
2025-07-19_05:18:34,6966.0,11954.0,45584.0,3787.0,16139.0,43889.0
2025-07-19_05:18:35,,,,,,
2025-07-19_05:18:39,6969.0,11954.0,45584.0,3792.0,16139.0,43889.0
2025-07-19_05:18:39,,,,,,
2025-07-19_05:18:43,6956.0,11954.0,45584.0,3792.0,16139.0,43889.0
2025-07-19_05:18:43,8529.0,11954.0,45584.0,13918.0,16139.0,43889.0
2025-07-19_05:18:43,9876.0,11954.0,45584.0,14149.0,16139.0,43898.0
2025-07-19_05:18:43,,,,14035.0,16139.0,43898.0
2025-07-19_05:18:47,3358.0,11954.0,45584.0,12175.0,16139.0,43898.0
2025-07-19_05:18:47,,,,,,
2025-07-19_05:18:51,6969.0,11954.0,45584.0,3793.0,16139.0,43898.0
2025-07-19_05:18:51,7996.0,11954.0,45584.0,13081.0,16139.0,43898.0
2025-07-19_05:18:51,,,,,,
2025-07-19_05:18:55,6964.0,11954.0,45584.0,3793.0,16139.0,43898.0
2025-07-19_05:18:55,9653.0,11954.0,45584.0,14090.0,16139.0,43898.0
2025-07-19_05:18:56,,,,,,
2025-07-19_05:19:00,6963.0,11954.0,45584.0,3792.0,16139.0,43898.0
2025-07-19_05:19:00,,,,,,
2025-07-19_05:19:04,6963.0,11954.0,45584.0,3787.0,16139.0,43898.0
2025-07-19_05:19:04,9860.0,11954.0,45584.0,14345.0,16139.0,43898.0
2025-07-19_05:19:04,,,,14318.0,16139.0,43898.0
2025-07-19_05:19:08,3358.0,11954.0,45584.0,12165.0,16139.0,43898.0
2025-07-19_05:19:08,10305.0,11954.0,45584.0,14346.0,16139.0,43898.0
2025-07-19_05:19:08,,,,,,
2025-07-19_05:19:12,6968.0,11954.0,45584.0,3792.0,16139.0,43898.0
2025-07-19_05:19:12,10118.0,11954.0,45584.0,14088.0,16139.0,43898.0
2025-07-19_05:19:12,,,,14028.0,16139.0,43898.0
2025-07-19_05:19:16,3358.0,11954.0,45584.0,12194.0,16139.0,43898.0
2025-07-19_05:19:16,10032.0,11954.0,45584.0,14065.0,16139.0,43898.0
2025-07-19_05:19:16,9847.0,11954.0,45586.0,14080.0,16139.0,43898.0
2025-07-19_05:19:17,10037.0,11954.0,45586.0,13979.0,16139.0,43898.0
2025-07-19_05:19:17,10179.0,11954.0,45586.0,14346.0,16139.0,43898.0
2025-07-19_05:19:17,9886.0,11954.0,45586.0,14321.0,16139.0,43898.0
2025-07-19_05:19:17,,,,14406.0,16139.0,43898.0
2025-07-19_05:19:21,3358.0,11954.0,45586.0,12162.0,16139.0,43898.0
2025-07-19_05:19:21,,,,,,
2025-07-19_05:19:25,6968.0,11954.0,45586.0,3792.0,16139.0,43898.0
2025-07-19_05:19:25,,,,13794.0,16139.0,43898.0
2025-07-19_05:19:29,3358.0,11954.0,45586.0,12188.0,16139.0,43898.0
2025-07-19_05:19:29,10492.0,11954.0,45586.0,14764.0,16139.0,43898.0
2025-07-19_05:19:30,9902.0,11954.0,45586.0,14364.0,16139.0,43898.0
2025-07-19_05:19:30,,,,,,
2025-07-19_05:19:34,6963.0,11954.0,45586.0,3792.0,16139.0,43898.0
2025-07-19_05:19:34,9855.0,11954.0,45586.0,14223.0,16139.0,43898.0
2025-07-19_05:19:34,7946.0,11954.0,45586.0,13074.0,16139.0,43898.0
2025-07-19_05:19:34,,,,14290.0,16139.0,43898.0
2025-07-19_05:19:38,3375.0,11954.0,45586.0,12192.0,16139.0,43898.0
2025-07-19_05:19:38,10128.0,11954.0,45586.0,14029.0,16139.0,43898.0
2025-07-19_05:19:38,10303.0,11954.0,45586.0,14608.0,16139.0,43898.0
2025-07-19_05:19:39,8576.0,11954.0,45586.0,13819.0,16139.0,43898.0
2025-07-19_05:19:39,8576.0,11954.0,45586.0,13938.0,16139.0,43898.0
2025-07-19_05:19:39,10415.0,11954.0,45587.0,14676.0,16139.0,43898.0
2025-07-19_05:19:39,8503.0,11954.0,45587.0,13657.0,16139.0,43898.0
2025-07-19_05:19:39,8677.0,11954.0,45587.0,14090.0,16139.0,43898.0
2025-07-19_05:19:40,9857.0,11954.0,45587.0,13985.0,16139.0,43898.0
2025-07-19_05:19:40,9738.0,11954.0,45587.0,13983.0,16139.0,43898.0
2025-07-19_05:19:40,,,,13795.0,16139.0,43898.0
2025-07-19_05:19:44,3375.0,11954.0,45587.0,12183.0,16139.0,43898.0
2025-07-19_05:19:44,9867.0,11954.0,45587.0,13860.0,16139.0,43898.0
2025-07-19_05:19:44,,,,14557.0,16139.0,43898.0
2025-07-19_05:19:48,3375.0,11954.0,45587.0,12185.0,16139.0,43898.0
2025-07-19_05:19:48,8708.0,11954.0,45587.0,14481.0,16139.0,43898.0
2025-07-19_05:19:48,,,,13061.0,16139.0,43898.0
2025-07-19_05:19:52,2778.0,11954.0,45587.0,12161.0,16139.0,43898.0
2025-07-19_05:19:52,10316.0,11954.0,45587.0,14528.0,16139.0,43898.0
2025-07-19_05:19:53,,,,13789.0,16139.0,43898.0
2025-07-19_05:19:56,3302.0,11954.0,45587.0,12159.0,16139.0,43898.0
2025-07-19_05:19:57,,,,14004.0,16139.0,43898.0
2025-07-19_05:20:00,3375.0,11954.0,45587.0,12183.0,16139.0,43898.0
2025-07-19_05:20:01,10318.0,11954.0,45587.0,14280.0,16139.0,43898.0
2025-07-19_05:20:01,10119.0,11954.0,45587.0,13748.0,16139.0,43898.0
2025-07-19_05:20:01,10403.0,11954.0,45587.0,14863.0,16139.0,43898.0
2025-07-19_05:20:01,10015.0,11954.0,45587.0,14179.0,16139.0,43899.0
2025-07-19_05:20:01,9970.0,11954.0,45587.0,14367.0,16139.0,43899.0
2025-07-19_05:20:02,9974.0,11954.0,45587.0,13903.0,16139.0,43899.0
2025-07-19_05:20:02,10553.0,11954.0,45588.0,14442.0,16139.0,43899.0
2025-07-19_05:20:02,,,,14259.0,16139.0,43899.0
2025-07-19_05:20:06,3375.0,11954.0,45588.0,12160.0,16139.0,43899.0
2025-07-19_05:20:06,,,,13973.0,16139.0,43899.0
2025-07-19_05:20:10,3358.0,11954.0,45588.0,12191.0,16139.0,43899.0
2025-07-19_05:20:10,10190.0,11954.0,45588.0,14487.0,16139.0,43899.0
2025-07-19_05:20:10,10158.0,11954.0,45588.0,13956.0,16139.0,43899.0
2025-07-19_05:20:10,,,,13775.0,16139.0,43899.0
2025-07-19_05:20:14,3304.0,11954.0,45588.0,12169.0,16139.0,43899.0
2025-07-19_05:20:14,,,,,,
2025-07-19_05:20:18,6968.0,11954.0,45588.0,3792.0,16139.0,43899.0
2025-07-19_05:20:18,9995.0,11954.0,45588.0,14206.0,16139.0,43899.0
2025-07-19_05:20:18,9730.0,11954.0,45588.0,14304.0,16139.0,43899.0
2025-07-19_05:20:19,10116.0,11954.0,45588.0,14526.0,16139.0,43899.0
2025-07-19_05:20:19,10309.0,11954.0,45588.0,14611.0,16139.0,43899.0
2025-07-19_05:20:19,,,,13914.0,16139.0,43899.0
2025-07-19_05:20:23,2778.0,11954.0,45588.0,12174.0,16139.0,43899.0
2025-07-19_05:20:23,,,,13829.0,16139.0,43899.0
2025-07-19_05:20:27,3358.0,11954.0,45588.0,12179.0,16139.0,43899.0
2025-07-19_05:20:27,10268.0,11954.0,45588.0,14427.0,16139.0,43899.0
2025-07-19_05:20:27,10182.0,11954.0,45588.0,14557.0,16139.0,43899.0
2025-07-19_05:20:27,10006.0,11954.0,45588.0,14230.0,16139.0,43899.0
2025-07-19_05:20:28,9874.0,11954.0,45588.0,14569.0,16139.0,43899.0
2025-07-19_05:20:28,9904.0,11954.0,45588.0,13959.0,16139.0,43899.0
2025-07-19_05:20:28,10166.0,11954.0,45588.0,14531.0,16139.0,43899.0
2025-07-19_05:20:28,10098.0,11954.0,45588.0,13830.0,16139.0,43899.0
2025-07-19_05:20:29,8515.0,11954.0,45588.0,13907.0,16139.0,43899.0
2025-07-19_05:20:29,10194.0,11954.0,45588.0,14309.0,16139.0,43899.0
2025-07-19_05:20:29,10278.0,11954.0,45588.0,14563.0,16139.0,43899.0
2025-07-19_05:20:29,10250.0,11954.0,45588.0,14368.0,16139.0,43899.0
2025-07-19_05:20:30,,,,,,
2025-07-19_05:20:33,6967.0,11954.0,45588.0,3793.0,16139.0,43899.0
2025-07-19_05:20:34,10075.0,11954.0,45588.0,14364.0,16139.0,43899.0
2025-07-19_05:20:34,,,,,,
2025-07-19_05:20:38,,,,3792.0,16139.0,43899.0
2025-07-19_05:20:41,2778.0,11954.0,45588.0,12194.0,16139.0,43899.0
2025-07-19_05:20:42,8546.0,11954.0,45588.0,13971.0,16139.0,43899.0
2025-07-19_05:20:42,10093.0,11954.0,45588.0,14325.0,16139.0,43899.0
2025-07-19_05:20:42,9888.0,11954.0,45588.0,14026.0,16139.0,43899.0
2025-07-19_05:20:42,9822.0,11954.0,45588.0,14261.0,16139.0,43899.0
2025-07-19_05:20:43,8014.0,11954.0,45588.0,12868.0,16139.0,43899.0
2025-07-19_05:20:43,10008.0,11954.0,45588.0,14144.0,16139.0,43899.0
2025-07-19_05:20:43,9867.0,11954.0,45588.0,14354.0,16139.0,43899.0
2025-07-19_05:20:43,8779.0,11954.0,45589.0,14173.0,16139.0,43899.0
2025-07-19_05:20:43,10132.0,11954.0,45589.0,14689.0,16139.0,43899.0
2025-07-19_05:20:44,8626.0,11954.0,45589.0,14370.0,16139.0,43899.0
2025-07-19_05:20:44,9965.0,11954.0,45589.0,14296.0,16139.0,43899.0
2025-07-19_05:20:44,,,,14393.0,16139.0,43899.0
2025-07-19_05:20:48,3358.0,11954.0,45589.0,12161.0,16139.0,43899.0
2025-07-19_05:20:48,,,,13852.0,16139.0,43899.0
2025-07-19_05:20:52,3319.0,11954.0,45589.0,12165.0,16139.0,43899.0
2025-07-19_05:20:52,9590.0,11954.0,45591.0,14139.0,16139.0,43899.0
2025-07-19_05:20:52,8672.0,11954.0,45591.0,14207.0,16139.0,43899.0
2025-07-19_05:20:52,10088.0,11954.0,45591.0,14497.0,16139.0,43899.0
2025-07-19_05:20:53,10468.0,11954.0,45591.0,14528.0,16139.0,43899.0
2025-07-19_05:20:53,,,,,,
2025-07-19_05:20:57,6966.0,11954.0,45591.0,3793.0,16139.0,43899.0
2025-07-19_05:21:00,2778.0,11954.0,45591.0,12184.0,16139.0,43899.0
2025-07-19_05:21:01,8540.0,11954.0,45591.0,13921.0,16139.0,43899.0
2025-07-19_05:21:01,10206.0,11954.0,45591.0,14409.0,16139.0,43899.0
2025-07-19_05:21:01,,,,13984.0,16139.0,43899.0
2025-07-19_05:21:05,3302.0,11954.0,45591.0,12184.0,16139.0,43899.0
2025-07-19_05:21:05,9913.0,11954.0,45591.0,14180.0,16139.0,43899.0
2025-07-19_05:21:05,9855.0,11954.0,45591.0,14114.0,16139.0,43899.0
2025-07-19_05:21:05,,,,13822.0,16139.0,43899.0
2025-07-19_05:21:09,2778.0,11954.0,45591.0,12169.0,16139.0,43899.0
2025-07-19_05:21:09,9822.0,11954.0,45591.0,13970.0,16139.0,43899.0
2025-07-19_05:21:10,,,,,,
2025-07-19_05:21:14,6969.0,11954.0,45591.0,3793.0,16139.0,43899.0
2025-07-19_05:21:14,10143.0,11954.0,45591.0,14633.0,16139.0,43899.0
2025-07-19_05:21:14,9896.0,11954.0,45591.0,14044.0,16139.0,43899.0
2025-07-19_05:21:14,,,,14287.0,16139.0,43899.0
2025-07-19_05:21:18,2778.0,11954.0,45591.0,12188.0,16139.0,43899.0
2025-07-19_05:21:18,9707.0,11954.0,45591.0,14073.0,16139.0,43899.0
2025-07-19_05:21:19,,,,14304.0,16139.0,43904.0
2025-07-19_05:21:22,2778.0,11954.0,45591.0,12191.0,16139.0,43904.0
2025-07-19_05:21:23,10261.0,11954.0,45591.0,14849.0,16139.0,43904.0
2025-07-19_05:21:23,8653.0,11954.0,45591.0,14384.0,16139.0,43904.0
2025-07-19_05:21:23,,,,14018.0,16139.0,43904.0
2025-07-19_05:21:27,3302.0,11954.0,45591.0,12186.0,16139.0,43904.0
2025-07-19_05:21:27,9851.0,11954.0,45591.0,14099.0,16139.0,43904.0
2025-07-19_05:21:27,,,,13931.0,16139.0,43904.0
2025-07-19_05:21:31,2778.0,11954.0,45591.0,12190.0,16139.0,43904.0
2025-07-19_05:21:31,9967.0,11954.0,45591.0,14066.0,16139.0,43906.0
2025-07-19_05:21:31,8566.0,11954.0,45593.0,13952.0,16139.0,43906.0
2025-07-19_05:21:32,9868.0,11954.0,45593.0,14237.0,16139.0,43906.0
2025-07-19_05:21:32,9969.0,11954.0,45593.0,13749.0,16139.0,43906.0
2025-07-19_05:21:32,9592.0,11954.0,45593.0,14178.0,16139.0,43906.0
2025-07-19_05:21:32,9999.0,11954.0,45593.0,14379.0,16139.0,43906.0
2025-07-19_05:21:33,9993.0,11954.0,45593.0,14199.0,16139.0,43906.0
2025-07-19_05:21:33,,,,13817.0,16139.0,43906.0
2025-07-19_05:21:37,2778.0,11954.0,45593.0,12183.0,16139.0,43906.0
2025-07-19_05:21:37,10158.0,11954.0,45593.0,14273.0,16139.0,43906.0
2025-07-19_05:21:37,,,,,,
2025-07-19_05:21:41,6964.0,11954.0,45593.0,3792.0,16139.0,43906.0
2025-07-19_05:21:41,10150.0,11954.0,45593.0,14088.0,16139.0,43906.0
2025-07-19_05:21:41,9908.0,11954.0,45593.0,14105.0,16139.0,43906.0
2025-07-19_05:21:42,10162.0,11954.0,45593.0,14417.0,16139.0,43909.0
2025-07-19_05:21:42,9708.0,11954.0,45593.0,14072.0,16139.0,43909.0
2025-07-19_05:21:42,10298.0,11954.0,45593.0,14370.0,16139.0,43909.0
2025-07-19_05:21:42,10209.0,11954.0,45593.0,14517.0,16139.0,43909.0
2025-07-19_05:21:43,10072.0,11954.0,45593.0,14324.0,16139.0,43909.0
2025-07-19_05:21:43,9976.0,11954.0,45593.0,13962.0,16139.0,43909.0
2025-07-19_05:21:43,10230.0,11954.0,45593.0,14337.0,16139.0,43909.0
2025-07-19_05:21:43,10037.0,11954.0,45593.0,14118.0,16139.0,43909.0
2025-07-19_05:21:43,,,,13056.0,16139.0,43909.0
2025-07-19_05:21:47,2778.0,11954.0,45593.0,12166.0,16139.0,43909.0
2025-07-19_05:21:48,9803.0,11954.0,45593.0,14515.0,16139.0,43909.0
2025-07-19_05:21:48,10259.0,11954.0,45593.0,14639.0,16139.0,43910.0
2025-07-19_05:21:48,10036.0,11954.0,45593.0,14300.0,16139.0,43910.0
2025-07-19_05:21:48,,,,13817.0,16139.0,43910.0
2025-07-19_05:21:52,3321.0,11954.0,45593.0,12153.0,16139.0,43910.0
2025-07-19_05:21:52,10068.0,11954.0,45593.0,14305.0,16139.0,43910.0
2025-07-19_05:21:52,9869.0,11954.0,45593.0,14300.0,16139.0,43910.0
2025-07-19_05:21:53,10363.0,11954.0,45593.0,14520.0,16139.0,43910.0
2025-07-19_05:21:53,10115.0,11954.0,45593.0,14020.0,16139.0,43910.0
2025-07-19_05:21:53,7982.0,11954.0,45593.0,12845.0,16139.0,43910.0
2025-07-19_05:21:53,,,,,,
2025-07-19_05:21:57,6967.0,11954.0,45593.0,3792.0,16139.0,43910.0
2025-07-19_05:21:57,10337.0,11954.0,45593.0,14426.0,16139.0,43910.0
2025-07-19_05:21:58,9930.0,11954.0,45593.0,14234.0,16139.0,43910.0
2025-07-19_05:21:58,10074.0,11954.0,45593.0,14531.0,16139.0,43910.0
2025-07-19_05:21:58,9867.0,11954.0,45593.0,14108.0,16139.0,43910.0
2025-07-19_05:21:58,,,,14501.0,16139.0,43910.0
2025-07-19_05:22:02,3375.0,11954.0,45593.0,12194.0,16139.0,43910.0
2025-07-19_05:22:02,,,,,,
2025-07-19_05:22:06,6965.0,11954.0,45593.0,3792.0,16139.0,43910.0
2025-07-19_05:22:06,,,,,,
2025-07-19_05:22:10,6967.0,11954.0,45593.0,3792.0,16139.0,43910.0
2025-07-19_05:22:10,10258.0,11954.0,45593.0,14357.0,16139.0,43910.0
2025-07-19_05:22:10,9973.0,11954.0,45593.0,14424.0,16139.0,43910.0
2025-07-19_05:22:11,9994.0,11954.0,45593.0,14101.0,16139.0,43910.0
2025-07-19_05:22:11,10296.0,11954.0,45593.0,14361.0,16139.0,43910.0
2025-07-19_05:22:11,9882.0,11954.0,45593.0,13747.0,16139.0,43910.0
2025-07-19_05:22:11,9966.0,11954.0,45593.0,14128.0,16139.0,43910.0
2025-07-19_05:22:12,9924.0,11954.0,45593.0,14138.0,16139.0,43910.0
2025-07-19_05:22:12,10250.0,11954.0,45594.0,14326.0,16139.0,43910.0
2025-07-19_05:22:12,9881.0,11954.0,45594.0,14036.0,16139.0,43910.0
2025-07-19_05:22:12,8095.0,11954.0,45594.0,13448.0,16139.0,43910.0
2025-07-19_05:22:13,8128.0,11954.0,45594.0,13083.0,16139.0,43910.0
2025-07-19_05:22:13,,,,13969.0,16139.0,43910.0
2025-07-19_05:22:16,3375.0,11954.0,45594.0,12183.0,16139.0,43910.0
2025-07-19_05:22:17,10022.0,11954.0,45599.0,14064.0,16139.0,43910.0
2025-07-19_05:22:17,,,,13775.0,16139.0,43910.0
2025-07-19_05:22:21,3375.0,11954.0,45599.0,12186.0,16139.0,43910.0
2025-07-19_05:22:21,9904.0,11954.0,45599.0,14252.0,16139.0,43910.0
2025-07-19_05:22:21,10006.0,11954.0,45599.0,14020.0,16139.0,43910.0
2025-07-19_05:22:21,10197.0,11954.0,45599.0,14330.0,16139.0,43910.0
2025-07-19_05:22:21,9968.0,11954.0,45599.0,13980.0,16139.0,43910.0
2025-07-19_05:22:22,10135.0,11954.0,45599.0,14366.0,16139.0,43910.0
2025-07-19_05:22:22,,,,14601.0,16139.0,43910.0
2025-07-19_05:22:26,3377.0,11954.0,45599.0,12189.0,16139.0,43910.0
2025-07-19_05:22:26,10440.0,11954.0,45599.0,14494.0,16139.0,43910.0
2025-07-19_05:22:26,,,,,,
2025-07-19_05:22:30,6964.0,11954.0,45599.0,3793.0,16139.0,43910.0
2025-07-19_05:22:30,,,,13948.0,16139.0,43910.0
2025-07-19_05:22:34,3375.0,11954.0,45599.0,12187.0,16139.0,43910.0
2025-07-19_05:22:34,8621.0,11954.0,45599.0,14007.0,16139.0,43910.0
2025-07-19_05:22:34,,,,14043.0,16139.0,43910.0
2025-07-19_05:22:38,3358.0,11954.0,45599.0,12189.0,16139.0,43910.0
2025-07-19_05:22:38,9835.0,11954.0,45599.0,14233.0,16139.0,43910.0
2025-07-19_05:22:38,8613.0,11954.0,45599.0,14075.0,16139.0,43910.0
2025-07-19_05:22:39,10224.0,11954.0,45599.0,14365.0,16139.0,43910.0
2025-07-19_05:22:39,9969.0,11954.0,45599.0,14574.0,16139.0,43910.0
2025-07-19_05:22:39,10472.0,11954.0,45600.0,14428.0,16139.0,43910.0
2025-07-19_05:22:39,,,,,,
2025-07-19_05:22:44,2780.0,11954.0,45600.0,3776.0,16139.0,43910.0
2025-07-19_05:22:44,9938.0,11954.0,45607.0,14368.0,16139.0,43910.0
2025-07-19_05:22:44,10032.0,11954.0,45607.0,14409.0,16139.0,43910.0
2025-07-19_05:22:44,8604.0,11954.0,45607.0,14081.0,16139.0,43910.0
2025-07-19_05:22:45,9045.0,11954.0,45609.0,13789.0,16139.0,43910.0
2025-07-19_05:22:45,10259.0,11954.0,45609.0,14365.0,16139.0,43910.0
2025-07-19_05:22:45,10158.0,11954.0,45609.0,14287.0,16139.0,43910.0
2025-07-19_05:22:45,9978.0,11954.0,45609.0,14070.0,16139.0,43910.0
2025-07-19_05:22:46,10089.0,11954.0,45609.0,14361.0,16139.0,43910.0
2025-07-19_05:22:46,8603.0,11954.0,45609.0,14031.0,16139.0,43910.0
2025-07-19_05:22:46,10291.0,11954.0,45609.0,14446.0,16139.0,43910.0
2025-07-19_05:22:46,10134.0,11954.0,45609.0,14589.0,16139.0,43910.0
2025-07-19_05:22:46,,,,,,
2025-07-19_05:22:50,6966.0,11954.0,45609.0,3795.0,16139.0,43910.0
2025-07-19_05:22:50,8616.0,11954.0,45609.0,14083.0,16139.0,43910.0
2025-07-19_05:22:51,10302.0,11954.0,45609.0,14654.0,16139.0,43910.0
2025-07-19_05:22:51,10285.0,11954.0,45609.0,14622.0,16139.0,43910.0
2025-07-19_05:22:51,8607.0,11954.0,45609.0,14383.0,16139.0,43910.0
2025-07-19_05:22:51,9785.0,11954.0,45609.0,14378.0,16139.0,43910.0
2025-07-19_05:22:51,8611.0,11954.0,45610.0,14057.0,16139.0,43910.0
2025-07-19_05:22:52,9852.0,11954.0,45610.0,14058.0,16139.0,43910.0
2025-07-19_05:22:53,2778.0,11954.0,45610.0,12169.0,16139.0,43910.0
2025-07-19_05:22:53,,,,,,
2025-07-19_05:22:57,6969.0,11954.0,45610.0,3793.0,16139.0,43910.0
2025-07-19_05:22:57,,,,13999.0,16139.0,43910.0
2025-07-19_05:23:01,3358.0,11954.0,45610.0,12187.0,16139.0,43910.0
2025-07-19_05:23:01,10564.0,11954.0,45610.0,14905.0,16139.0,43910.0
2025-07-19_05:23:01,,,,13860.0,16139.0,43910.0
2025-07-19_05:23:05,3358.0,11954.0,45610.0,12189.0,16139.0,43910.0
2025-07-19_05:23:05,10105.0,11954.0,45610.0,14541.0,16139.0,43910.0
2025-07-19_05:23:05,9796.0,11954.0,45610.0,14104.0,16139.0,43910.0
2025-07-19_05:23:05,10403.0,11954.0,45610.0,14666.0,16139.0,43910.0
2025-07-19_05:23:06,9575.0,11954.0,45610.0,14010.0,16139.0,43910.0
2025-07-19_05:23:06,,,,15186.0,16139.0,43923.0
2025-07-19_05:23:10,2778.0,11954.0,45610.0,12159.0,16139.0,43923.0
2025-07-19_05:23:10,8018.0,11954.0,45610.0,13083.0,16139.0,43923.0
2025-07-19_05:23:10,10297.0,11954.0,45610.0,14503.0,16139.0,43923.0
2025-07-19_05:23:10,10042.0,11954.0,45610.0,14164.0,16139.0,43923.0
2025-07-19_05:23:11,10276.0,11954.0,45610.0,14154.0,16139.0,43923.0
2025-07-19_05:23:11,10032.0,11954.0,45610.0,14367.0,16139.0,43949.0
2025-07-19_05:23:11,9873.0,11954.0,45610.0,14130.0,16139.0,43949.0
2025-07-19_05:23:11,9750.0,11954.0,45610.0,13971.0,16139.0,43949.0
2025-07-19_05:23:11,9691.0,11954.0,45610.0,13839.0,16139.0,43949.0
2025-07-19_05:23:12,10245.0,11954.0,45610.0,14250.0,16139.0,43949.0
2025-07-19_05:23:12,,,,,,
2025-07-19_05:23:16,6968.0,11954.0,45610.0,3792.0,16139.0,43949.0
2025-07-19_05:23:16,10302.0,11954.0,45610.0,14581.0,16139.0,43955.0
2025-07-19_05:23:16,9968.0,11954.0,45610.0,14025.0,16139.0,43955.0
2025-07-19_05:23:16,10043.0,11954.0,45610.0,14501.0,16139.0,43955.0
2025-07-19_05:23:17,10145.0,11954.0,45610.0,14081.0,16139.0,43955.0
2025-07-19_05:23:17,10080.0,11954.0,45610.0,14265.0,16139.0,43955.0
2025-07-19_05:23:17,10241.0,11954.0,45610.0,14355.0,16139.0,43955.0
2025-07-19_05:23:17,10248.0,11954.0,45610.0,14324.0,16139.0,43955.0
2025-07-19_05:23:18,10080.0,11954.0,45610.0,14509.0,16139.0,43955.0
2025-07-19_05:23:18,8621.0,11954.0,45610.0,14205.0,16139.0,43955.0
2025-07-19_05:23:18,9954.0,11954.0,45610.0,14105.0,16139.0,43955.0
2025-07-19_05:23:18,9957.0,11954.0,45610.0,14090.0,16139.0,43955.0
2025-07-19_05:23:18,9854.0,11954.0,45610.0,13973.0,16139.0,43955.0
2025-07-19_05:23:19,10064.0,11954.0,45610.0,14047.0,16139.0,43955.0
2025-07-19_05:23:19,10001.0,11954.0,45610.0,13855.0,16139.0,43955.0
2025-07-19_05:23:19,9879.0,11954.0,45610.0,14269.0,16139.0,43955.0
2025-07-19_05:23:19,10003.0,11954.0,45610.0,13985.0,16139.0,43955.0
2025-07-19_05:23:20,,,,14231.0,16139.0,43955.0
2025-07-19_05:23:23,3375.0,11954.0,45610.0,12162.0,16139.0,43955.0
2025-07-19_05:23:23,8654.0,11954.0,45611.0,14210.0,16139.0,43955.0
2025-07-19_05:23:24,9949.0,11954.0,45611.0,13987.0,16139.0,43955.0
2025-07-19_05:23:24,10086.0,11954.0,45611.0,14046.0,16139.0,43955.0
2025-07-19_05:23:24,,,,,,
2025-07-19_05:23:29,2778.0,11954.0,45611.0,3776.0,16139.0,43955.0
2025-07-19_05:23:29,9696.0,11954.0,45611.0,13957.0,16139.0,43955.0
2025-07-19_05:23:29,9909.0,11954.0,45611.0,14131.0,16139.0,43955.0
2025-07-19_05:23:29,,,,,,
2025-07-19_05:23:33,6969.0,11954.0,45611.0,3792.0,16139.0,43955.0
2025-07-19_05:23:33,10008.0,11954.0,45618.0,14151.0,16139.0,43955.0
2025-07-19_05:23:34,10291.0,11954.0,45618.0,14380.0,16139.0,43955.0
2025-07-19_05:23:34,10623.0,11954.0,45618.0,14921.0,16139.0,43955.0
2025-07-19_05:23:34,9789.0,11954.0,45618.0,13763.0,16139.0,43955.0
2025-07-19_05:23:34,,,,,,
2025-07-19_05:23:38,6960.0,11954.0,45618.0,3793.0,16139.0,43955.0
2025-07-19_05:23:38,,,,14535.0,16139.0,43955.0
2025-07-19_05:23:42,3375.0,11954.0,45618.0,12185.0,16139.0,43955.0
2025-07-19_05:23:42,,,,,,
2025-07-19_05:23:46,6968.0,11954.0,45618.0,3792.0,16139.0,43955.0
2025-07-19_05:23:46,8524.0,11954.0,45618.0,13928.0,16139.0,43955.0
2025-07-19_05:23:46,10189.0,11954.0,45619.0,14089.0,16139.0,43955.0
2025-07-19_05:23:47,10134.0,11954.0,45619.0,14373.0,16139.0,43955.0
2025-07-19_05:23:47,,,,,,
2025-07-19_05:23:51,6967.0,11954.0,45619.0,3792.0,16139.0,43955.0
2025-07-19_05:23:51,9543.0,11954.0,45619.0,14571.0,16139.0,43955.0
2025-07-19_05:23:51,10332.0,11954.0,45619.0,14493.0,16139.0,43955.0
2025-07-19_05:23:51,9981.0,11954.0,45619.0,14179.0,16139.0,43955.0
2025-07-19_05:23:52,9974.0,11954.0,45619.0,14029.0,16139.0,43955.0
2025-07-19_05:23:52,10469.0,11954.0,45619.0,14821.0,16139.0,43955.0
2025-07-19_05:23:52,,,,,,
2025-07-19_05:23:56,6969.0,11954.0,45619.0,3792.0,16139.0,43955.0
2025-07-19_05:23:56,9892.0,11954.0,45619.0,14120.0,16139.0,43955.0
2025-07-19_05:23:56,,,,,,
2025-07-19_05:24:00,6968.0,11954.0,45619.0,3793.0,16139.0,43955.0
2025-07-19_05:24:00,,,,13938.0,16139.0,43955.0
2025-07-19_05:24:04,3375.0,11954.0,45619.0,12195.0,16139.0,43955.0
2025-07-19_05:24:04,9989.0,11954.0,45619.0,14651.0,16139.0,43955.0
2025-07-19_05:24:04,10132.0,11955.0,45620.0,14022.0,16139.0,43955.0
2025-07-19_05:24:05,,,,13749.0,16139.0,43955.0
2025-07-19_05:24:08,3375.0,11955.0,45620.0,12184.0,16139.0,43955.0
2025-07-19_05:24:09,,,,13852.0,16139.0,43955.0
2025-07-19_05:24:12,2778.0,11955.0,45620.0,12193.0,16139.0,43955.0
2025-07-19_05:24:13,10465.0,11955.0,45620.0,14541.0,16139.0,43955.0
2025-07-19_05:24:13,,,,,,
2025-07-19_05:24:17,6970.0,11955.0,45620.0,3793.0,16139.0,43955.0
2025-07-19_05:24:17,9957.0,11955.0,45620.0,14538.0,16139.0,43955.0
2025-07-19_05:24:17,,,,13773.0,16139.0,43955.0
2025-07-19_05:24:21,3358.0,11955.0,45620.0,12189.0,16139.0,43955.0
2025-07-19_05:24:21,8676.0,11955.0,45620.0,14283.0,16139.0,43955.0
2025-07-19_05:24:21,10232.0,11955.0,45620.0,14370.0,16139.0,43955.0
2025-07-19_05:24:22,10177.0,11955.0,45621.0,14149.0,16139.0,43955.0
2025-07-19_05:24:22,8605.0,11955.0,45621.0,14048.0,16139.0,43955.0
2025-07-19_05:24:22,10203.0,11955.0,45621.0,14541.0,16139.0,43955.0
2025-07-19_05:24:22,10169.0,11955.0,45621.0,14573.0,16139.0,43955.0
2025-07-19_05:24:22,10158.0,11955.0,45621.0,14342.0,16139.0,43955.0
2025-07-19_05:24:23,9972.0,11955.0,45621.0,13974.0,16139.0,43955.0
2025-07-19_05:24:23,9594.0,11955.0,45621.0,14147.0,16139.0,43955.0
2025-07-19_05:24:23,,,,,,
2025-07-19_05:24:27,6967.0,11955.0,45621.0,3787.0,16139.0,43955.0
2025-07-19_05:24:27,10249.0,11955.0,45621.0,14450.0,16139.0,43955.0
2025-07-19_05:24:27,,,,,,
2025-07-19_05:24:31,6966.0,11955.0,45621.0,3786.0,16139.0,43955.0
2025-07-19_05:24:31,7986.0,11955.0,45621.0,13255.0,16139.0,43955.0
2025-07-19_05:24:32,9717.0,11955.0,45621.0,14085.0,16139.0,43955.0
2025-07-19_05:24:32,,,,,,
2025-07-19_05:24:36,6962.0,11955.0,45621.0,3793.0,16139.0,43955.0
2025-07-19_05:24:36,,,,14239.0,16139.0,43955.0
2025-07-19_05:24:40,3358.0,11955.0,45621.0,12183.0,16139.0,43955.0
2025-07-19_05:24:40,10362.0,11955.0,45621.0,14574.0,16139.0,43955.0
2025-07-19_05:24:40,9832.0,11955.0,45621.0,13972.0,16139.0,43955.0
2025-07-19_05:24:40,9881.0,11955.0,45621.0,14345.0,16139.0,43955.0
2025-07-19_05:24:40,10205.0,11955.0,45621.0,14171.0,16139.0,43955.0
2025-07-19_05:24:41,,,,,,
2025-07-19_05:24:45,2780.0,11955.0,45621.0,3776.0,16139.0,43955.0
2025-07-19_05:24:45,10039.0,11955.0,45621.0,14272.0,16139.0,43955.0
2025-07-19_05:24:45,,,,,,
2025-07-19_05:24:49,6965.0,11955.0,45621.0,3787.0,16139.0,43955.0
2025-07-19_05:24:49,9749.0,11955.0,45621.0,13904.0,16139.0,43955.0
2025-07-19_05:24:50,10301.0,11955.0,45621.0,14482.0,16139.0,43955.0
2025-07-19_05:24:50,,,,14294.0,16139.0,43955.0
2025-07-19_05:24:54,3375.0,11955.0,45621.0,12192.0,16139.0,43955.0
2025-07-19_05:24:54,9992.0,11955.0,45621.0,14512.0,16139.0,43955.0
2025-07-19_05:24:54,10107.0,11955.0,45621.0,14215.0,16139.0,43955.0
2025-07-19_05:24:54,,,,13791.0,16139.0,43955.0
2025-07-19_05:24:58,,,,,,
2025-07-19_05:25:02,6976.0,11955.0,45621.0,3792.0,16139.0,43955.0
2025-07-19_05:25:02,10148.0,11955.0,45621.0,14324.0,16139.0,43955.0
2025-07-19_05:25:02,9983.0,11955.0,45621.0,14311.0,16139.0,43955.0
2025-07-19_05:25:02,10313.0,11955.0,45621.0,14483.0,16139.0,43955.0
2025-07-19_05:25:03,,,,,,
2025-07-19_05:25:06,6965.0,11955.0,45621.0,3792.0,16139.0,43955.0
2025-07-19_05:25:07,10227.0,11955.0,45621.0,14144.0,16139.0,43955.0
2025-07-19_05:25:07,,,,,,
2025-07-19_05:25:11,6969.0,11955.0,45621.0,3792.0,16139.0,43955.0
2025-07-19_05:25:11,,,,,,
2025-07-19_05:25:15,6971.0,11955.0,45621.0,3793.0,16139.0,43955.0
2025-07-19_05:25:15,,,,,,
2025-07-19_05:25:19,6968.0,11955.0,45621.0,3794.0,16139.0,43955.0
2025-07-19_05:25:19,10216.0,11955.0,45621.0,14532.0,16139.0,43955.0
2025-07-19_05:25:19,10229.0,11955.0,45621.0,14478.0,16139.0,43955.0
2025-07-19_05:25:19,,,,,,
2025-07-19_05:25:23,6971.0,11955.0,45621.0,3792.0,16139.0,43955.0
2025-07-19_05:25:24,10236.0,11955.0,45621.0,14458.0,16139.0,43955.0
2025-07-19_05:25:24,10087.0,11955.0,45621.0,14533.0,16139.0,43955.0
2025-07-19_05:25:24,10339.0,11955.0,45621.0,14417.0,16139.0,43955.0
2025-07-19_05:25:24,,,,,,
2025-07-19_05:25:28,6963.0,11955.0,45621.0,3792.0,16139.0,43955.0
2025-07-19_05:25:28,8637.0,11955.0,45621.0,13831.0,16139.0,43955.0
2025-07-19_05:25:29,10097.0,11955.0,45621.0,14341.0,16139.0,43955.0
2025-07-19_05:25:29,9859.0,11955.0,45621.0,14078.0,16139.0,43955.0
2025-07-19_05:25:29,8617.0,11955.0,45621.0,13968.0,16139.0,43955.0
2025-07-19_05:25:29,10197.0,11955.0,45621.0,14079.0,16139.0,43955.0
2025-07-19_05:25:29,8633.0,11955.0,45621.0,14219.0,16139.0,43955.0
2025-07-19_05:25:30,10660.0,11955.0,45621.0,14518.0,16139.0,43955.0
2025-07-19_05:25:30,,,,13999.0,16139.0,43955.0
2025-07-19_05:25:34,3302.0,11955.0,45621.0,12192.0,16139.0,43955.0
2025-07-19_05:25:34,9609.0,11955.0,45621.0,14099.0,16139.0,43955.0
2025-07-19_05:25:34,,,,13953.0,16139.0,43955.0
2025-07-19_05:25:38,3375.0,11955.0,45621.0,12184.0,16139.0,43955.0
2025-07-19_05:25:38,,,,14162.0,16139.0,43955.0
2025-07-19_05:25:42,3375.0,11955.0,45621.0,12186.0,16139.0,43955.0
2025-07-19_05:25:42,10717.0,11955.0,45621.0,15248.0,16139.0,43958.0
2025-07-19_05:25:42,10137.0,11955.0,45621.0,14068.0,16139.0,43958.0
2025-07-19_05:25:42,10163.0,11955.0,45621.0,14064.0,16139.0,43958.0
2025-07-19_05:25:43,9192.0,11955.0,45621.0,13857.0,16139.0,43958.0
2025-07-19_05:25:43,10214.0,11955.0,45621.0,14298.0,16139.0,43958.0
2025-07-19_05:25:43,,,,12044.0,16139.0,43958.0
2025-07-19_05:25:47,2778.0,11955.0,45621.0,12191.0,16139.0,43958.0
2025-07-19_05:25:47,,,,,,
2025-07-19_05:25:51,6963.0,11955.0,45621.0,3787.0,16139.0,43958.0
2025-07-19_05:25:51,,,,,,
2025-07-19_05:25:55,6968.0,11955.0,45621.0,3792.0,16139.0,43958.0
2025-07-19_05:25:55,9843.0,11955.0,45621.0,14374.0,16139.0,43958.0
2025-07-19_05:25:55,9757.0,11955.0,45621.0,14082.0,16139.0,43958.0
2025-07-19_05:25:56,,,,14026.0,16139.0,43958.0
2025-07-19_05:25:59,,,,,,
2025-07-19_05:26:03,6965.0,11955.0,45621.0,3793.0,16139.0,43958.0
2025-07-19_05:26:04,,,,14603.0,16139.0,43958.0
2025-07-19_05:26:07,3375.0,11955.0,45621.0,12184.0,16139.0,43958.0
2025-07-19_05:26:07,9978.0,11955.0,45621.0,13981.0,16139.0,43958.0
2025-07-19_05:26:08,10005.0,11955.0,45621.0,13813.0,16139.0,43958.0
2025-07-19_05:26:08,,,,14243.0,16139.0,43958.0
2025-07-19_05:26:12,2778.0,11955.0,45621.0,12163.0,16139.0,43958.0
2025-07-19_05:26:12,,,,13336.0,16139.0,43958.0
2025-07-19_05:26:16,2778.0,11955.0,45621.0,12190.0,16139.0,43958.0
2025-07-19_05:26:16,9981.0,11955.0,45621.0,14172.0,16139.0,43958.0
2025-07-19_05:26:16,10280.0,11955.0,45621.0,14523.0,16139.0,43958.0
2025-07-19_05:26:16,9938.0,11955.0,45621.0,13966.0,16139.0,43958.0
2025-07-19_05:26:17,9927.0,11955.0,45621.0,14141.0,16139.0,43958.0
2025-07-19_05:26:17,,,,,,
2025-07-19_05:26:21,6972.0,11955.0,45621.0,3793.0,16139.0,43958.0
2025-07-19_05:26:21,,,,14983.0,16139.0,43958.0
2025-07-19_05:26:25,3358.0,11955.0,45621.0,12194.0,16139.0,43958.0
2025-07-19_05:26:25,,,,14100.0,16139.0,43958.0
2025-07-19_05:26:29,3302.0,11955.0,45621.0,12141.0,16139.0,43958.0
2025-07-19_05:26:29,9690.0,11955.0,45621.0,14122.0,16139.0,43958.0
2025-07-19_05:26:29,10123.0,11955.0,45621.0,14399.0,16139.0,43958.0
2025-07-19_05:26:30,2778.0,11955.0,45621.0,12200.0,16139.0,43958.0
2025-07-19_05:26:30,10668.0,11955.0,45621.0,14915.0,16139.0,43958.0
2025-07-19_05:26:30,10089.0,11955.0,45621.0,14352.0,16139.0,43958.0
2025-07-19_05:26:31,10306.0,11955.0,45621.0,14319.0,16139.0,43958.0
2025-07-19_05:26:31,,,,,,
2025-07-19_05:26:35,,,,3776.0,16139.0,43958.0
2025-07-19_05:26:38,,,,,,
2025-07-19_05:26:42,6955.0,11955.0,45621.0,3793.0,16139.0,43958.0
2025-07-19_05:26:42,8540.0,11955.0,45621.0,14479.0,16139.0,43959.0
2025-07-19_05:26:43,9716.0,11955.0,45621.0,14126.0,16139.0,43959.0
2025-07-19_05:26:43,,,,12046.0,16139.0,43959.0
2025-07-19_05:26:47,2780.0,11955.0,45621.0,12170.0,16139.0,43959.0
2025-07-19_05:26:47,8633.0,11955.0,45621.0,14183.0,16139.0,43959.0
2025-07-19_05:26:47,10159.0,11955.0,45621.0,14177.0,16139.0,43959.0
2025-07-19_05:26:47,,,,,,
2025-07-19_05:26:51,6964.0,11955.0,45621.0,3795.0,16139.0,43959.0
2025-07-19_05:26:51,10460.0,11955.0,45624.0,14676.0,16139.0,43959.0
2025-07-19_05:26:52,9977.0,11955.0,45624.0,14286.0,16139.0,43959.0
2025-07-19_05:26:52,10086.0,11955.0,45624.0,14372.0,16139.0,43959.0
2025-07-19_05:26:52,,,,,,
2025-07-19_05:26:56,6965.0,11955.0,45624.0,3793.0,16139.0,43959.0
2025-07-19_05:26:56,10228.0,11955.0,45624.0,14317.0,16139.0,43959.0
2025-07-19_05:26:56,,,,,,
2025-07-19_05:27:00,6966.0,11955.0,45624.0,3793.0,16139.0,43959.0
2025-07-19_05:27:01,9971.0,11955.0,45624.0,13858.0,16139.0,43959.0
2025-07-19_05:27:01,10107.0,11955.0,45625.0,13927.0,16139.0,43959.0
2025-07-19_05:27:01,8594.0,11955.0,45625.0,14157.0,16139.0,43959.0
2025-07-19_05:27:01,9888.0,11955.0,45625.0,14121.0,16139.0,43959.0
2025-07-19_05:27:01,,,,,,
2025-07-19_05:27:05,6968.0,11955.0,45625.0,3792.0,16139.0,43959.0
2025-07-19_05:27:05,10119.0,11955.0,45625.0,14505.0,16139.0,43959.0
2025-07-19_05:27:06,9448.0,11955.0,45625.0,14103.0,16139.0,43959.0
2025-07-19_05:27:06,,,,,,
2025-07-19_05:27:10,6963.0,11955.0,45625.0,3793.0,16139.0,43959.0
2025-07-19_05:27:10,,,,14661.0,16139.0,43959.0
2025-07-19_05:27:14,3375.0,11955.0,45625.0,12187.0,16139.0,43959.0
2025-07-19_05:27:14,10323.0,11955.0,45625.0,14421.0,16139.0,43959.0
2025-07-19_05:27:14,9907.0,11955.0,45625.0,14259.0,16139.0,43959.0
2025-07-19_05:27:14,9994.0,11955.0,45625.0,14398.0,16139.0,43959.0
2025-07-19_05:27:15,10029.0,11955.0,45625.0,14172.0,16139.0,43959.0
2025-07-19_05:27:15,,,,14239.0,16139.0,43959.0
2025-07-19_05:27:19,3358.0,11955.0,45625.0,12170.0,16139.0,43959.0
2025-07-19_05:27:19,10386.0,11955.0,45625.0,14613.0,16139.0,43959.0
2025-07-19_05:27:19,,,,14130.0,16139.0,43959.0
2025-07-19_05:27:23,3358.0,11955.0,45625.0,12190.0,16139.0,43959.0
2025-07-19_05:27:23,9607.0,11955.0,45625.0,14156.0,16139.0,43959.0
2025-07-19_05:27:23,,,,,,
2025-07-19_05:27:27,6966.0,11955.0,45625.0,3793.0,16139.0,43959.0
2025-07-19_05:27:27,10159.0,11955.0,45625.0,14512.0,16139.0,43959.0
2025-07-19_05:27:27,8650.0,11955.0,45625.0,14208.0,16139.0,43959.0
2025-07-19_05:27:28,,,,,,
2025-07-19_05:27:31,6965.0,11955.0,45625.0,3793.0,16139.0,43959.0
2025-07-19_05:27:32,8631.0,11955.0,45625.0,14062.0,16139.0,43959.0
2025-07-19_05:27:32,10432.0,11955.0,45625.0,14462.0,16139.0,43959.0
2025-07-19_05:27:32,9596.0,11955.0,45625.0,13948.0,16139.0,43959.0
2025-07-19_05:27:32,9963.0,11955.0,45625.0,14245.0,16139.0,43959.0
2025-07-19_05:27:32,,,,,,
2025-07-19_05:27:36,6970.0,11955.0,45625.0,3787.0,16139.0,43959.0
2025-07-19_05:27:37,,,,14294.0,16139.0,43959.0
2025-07-19_05:27:40,2778.0,11955.0,45625.0,12183.0,16139.0,43959.0
2025-07-19_05:27:41,10210.0,11955.0,45625.0,14546.0,16139.0,43961.0
2025-07-19_05:27:41,,,,,,
2025-07-19_05:27:45,6969.0,11955.0,45625.0,3792.0,16139.0,43961.0
2025-07-19_05:27:45,10073.0,11955.0,45625.0,14513.0,16139.0,43961.0
2025-07-19_05:27:45,10214.0,11955.0,45625.0,14329.0,16139.0,43961.0
2025-07-19_05:27:45,10336.0,11955.0,45625.0,14827.0,16139.0,43961.0
2025-07-19_05:27:46,,,,13838.0,16139.0,43961.0
2025-07-19_05:27:49,3319.0,11955.0,45625.0,12182.0,16139.0,43961.0
2025-07-19_05:27:49,10081.0,11955.0,45625.0,14555.0,16139.0,43961.0
2025-07-19_05:27:50,8364.0,11955.0,45625.0,13817.0,16139.0,43961.0
2025-07-19_05:27:50,9764.0,11955.0,45625.0,14134.0,16139.0,43961.0
2025-07-19_05:27:50,9972.0,11955.0,45625.0,13975.0,16139.0,43961.0
2025-07-19_05:27:50,,,,13900.0,16139.0,43961.0
2025-07-19_05:27:54,3302.0,11955.0,45625.0,12184.0,16139.0,43961.0
2025-07-19_05:27:54,10083.0,11955.0,45625.0,14107.0,16139.0,43961.0
2025-07-19_05:27:54,8601.0,11955.0,45625.0,14213.0,16139.0,43961.0
2025-07-19_05:27:55,10535.0,11955.0,45625.0,14693.0,16139.0,43961.0
2025-07-19_05:27:55,9971.0,11955.0,45625.0,13801.0,16139.0,43961.0
2025-07-19_05:27:55,,,,,,
2025-07-19_05:27:59,6967.0,11955.0,45625.0,3787.0,16139.0,43961.0
2025-07-19_05:27:59,8765.0,11955.0,45625.0,14210.0,16139.0,43961.0
2025-07-19_05:27:59,,,,14111.0,16139.0,43961.0
2025-07-19_05:28:03,3319.0,11955.0,45625.0,12183.0,16139.0,43961.0
2025-07-19_05:28:03,,,,13769.0,16139.0,43961.0
2025-07-19_05:28:07,3319.0,11955.0,45625.0,12182.0,16139.0,43961.0
2025-07-19_05:28:07,,,,,,
2025-07-19_05:28:12,2778.0,11955.0,45625.0,3778.0,16139.0,43961.0
2025-07-19_05:28:12,10113.0,11955.0,45625.0,14358.0,16139.0,43961.0
2025-07-19_05:28:12,9879.0,11955.0,45625.0,14239.0,16139.0,43961.0
2025-07-19_05:28:12,,,,,,
2025-07-19_05:28:16,6966.0,11955.0,45625.0,3793.0,16139.0,43961.0
2025-07-19_05:28:16,10259.0,11955.0,45625.0,14375.0,16139.0,43961.0
2025-07-19_05:28:17,10431.0,11955.0,45625.0,14652.0,16139.0,43961.0
2025-07-19_05:28:17,,,,11885.0,16139.0,43961.0
2025-07-19_05:28:21,2778.0,11955.0,45625.0,12186.0,16139.0,43961.0
2025-07-19_05:28:21,9757.0,11955.0,45625.0,13796.0,16139.0,43961.0
2025-07-19_05:28:21,9184.0,11955.0,45625.0,14045.0,16139.0,43961.0
2025-07-19_05:28:21,9953.0,11955.0,45625.0,14524.0,16139.0,43961.0
2025-07-19_05:28:22,,,,,,
2025-07-19_05:28:26,6953.0,11955.0,45625.0,3787.0,16139.0,43961.0
2025-07-19_05:28:26,9759.0,11955.0,45625.0,14304.0,16139.0,43961.0
2025-07-19_05:28:26,9882.0,11955.0,45625.0,14098.0,16139.0,43961.0
2025-07-19_05:28:26,,,,13896.0,16139.0,43961.0
2025-07-19_05:28:30,3358.0,11955.0,45625.0,12190.0,16139.0,43961.0
2025-07-19_05:28:30,,,,14013.0,16139.0,43961.0
2025-07-19_05:28:34,3319.0,11955.0,45625.0,12160.0,16139.0,43961.0
2025-07-19_05:28:34,10256.0,11955.0,45625.0,14418.0,16139.0,43961.0
2025-07-19_05:28:34,10077.0,11955.0,45625.0,14495.0,16139.0,43961.0
2025-07-19_05:28:34,,,,,,
2025-07-19_05:28:38,6959.0,11955.0,45625.0,3793.0,16139.0,43961.0
2025-07-19_05:28:39,9999.0,11955.0,45625.0,13981.0,16139.0,43961.0
2025-07-19_05:28:39,10530.0,11955.0,45625.0,14463.0,16139.0,43961.0
2025-07-19_05:28:39,8548.0,11955.0,45625.0,13954.0,16139.0,43961.0
2025-07-19_05:28:39,9027.0,11955.0,45625.0,13989.0,16139.0,43961.0
2025-07-19_05:28:39,9871.0,11955.0,45625.0,14145.0,16139.0,43961.0
2025-07-19_05:28:40,,,,13945.0,16139.0,43961.0
2025-07-19_05:28:43,3319.0,11955.0,45625.0,12192.0,16139.0,43961.0
2025-07-19_05:28:44,9625.0,11955.0,45625.0,13962.0,16139.0,43961.0
2025-07-19_05:28:44,,,,,,
2025-07-19_05:28:48,6958.0,11955.0,45625.0,3793.0,16139.0,43961.0
2025-07-19_05:28:48,9717.0,11955.0,45625.0,14111.0,16139.0,43961.0
2025-07-19_05:28:48,9979.0,11955.0,45625.0,14464.0,16139.0,43961.0
2025-07-19_05:28:48,9704.0,11955.0,45625.0,14047.0,16139.0,43961.0
2025-07-19_05:28:48,10079.0,11955.0,45625.0,14040.0,16139.0,43961.0
2025-07-19_05:28:49,9840.0,11955.0,45625.0,14247.0,16139.0,43961.0
2025-07-19_05:28:49,10212.0,11955.0,45625.0,14391.0,16139.0,43961.0
2025-07-19_05:28:49,,,,,,
2025-07-19_05:28:53,6964.0,11955.0,45625.0,3792.0,16139.0,43961.0
2025-07-19_05:28:53,9834.0,11955.0,45625.0,14072.0,16139.0,43961.0
2025-07-19_05:28:53,9667.0,11955.0,45625.0,14113.0,16139.0,43961.0
2025-07-19_05:28:54,,,,,,
2025-07-19_05:28:57,6968.0,11955.0,45625.0,3793.0,16139.0,43961.0
2025-07-19_05:28:58,,,,12494.0,16139.0,43983.0
2025-07-19_05:29:01,2778.0,11955.0,45625.0,12185.0,16139.0,43983.0
2025-07-19_05:29:02,9854.0,11955.0,45625.0,13966.0,16139.0,43983.0
2025-07-19_05:29:02,9692.0,11955.0,45625.0,13990.0,16139.0,43983.0
2025-07-19_05:29:02,9877.0,11955.0,45625.0,13991.0,16139.0,43983.0
2025-07-19_05:29:02,10679.0,11955.0,45625.0,14958.0,16139.0,43983.0
2025-07-19_05:29:03,10035.0,11955.0,45625.0,14656.0,16139.0,43983.0
2025-07-19_05:29:03,,,,13792.0,16139.0,43983.0
2025-07-19_05:29:06,3375.0,11955.0,45625.0,12167.0,16139.0,43983.0
2025-07-19_05:29:07,,,,,,
2025-07-19_05:29:10,6964.0,11955.0,45625.0,3793.0,16139.0,43983.0
2025-07-19_05:29:11,10316.0,11955.0,45625.0,14668.0,16139.0,43983.0
2025-07-19_05:29:11,10311.0,11955.0,45625.0,14284.0,16139.0,43983.0
2025-07-19_05:29:11,9191.0,11955.0,45625.0,13831.0,16139.0,43983.0
2025-07-19_05:29:11,8531.0,11955.0,45625.0,14108.0,16139.0,43983.0
2025-07-19_05:29:11,10103.0,11955.0,45625.0,14548.0,16139.0,43983.0
2025-07-19_05:29:12,10173.0,11955.0,45625.0,14530.0,16139.0,43983.0
2025-07-19_05:29:12,10166.0,11955.0,45625.0,14483.0,16139.0,43983.0
2025-07-19_05:29:12,,,,14571.0,16139.0,43983.0
2025-07-19_05:29:16,3375.0,11955.0,45625.0,12147.0,16139.0,43983.0
2025-07-19_05:29:16,9769.0,11955.0,45626.0,14561.0,16139.0,43983.0
2025-07-19_05:29:16,10324.0,11955.0,45626.0,14476.0,16139.0,43983.0
2025-07-19_05:29:17,,,,13779.0,16139.0,43983.0
2025-07-19_05:29:20,3319.0,11955.0,45626.0,12192.0,16139.0,43983.0
2025-07-19_05:29:20,,,,13984.0,16139.0,43983.0
2025-07-19_05:29:24,3358.0,11955.0,45626.0,12166.0,16139.0,43983.0
2025-07-19_05:29:24,9839.0,11955.0,45626.0,13990.0,16139.0,43983.0
2025-07-19_05:29:25,10123.0,11955.0,45626.0,14372.0,16139.0,43983.0
2025-07-19_05:29:25,10355.0,11955.0,45626.0,14526.0,16139.0,43983.0
2025-07-19_05:29:25,9977.0,11955.0,45626.0,13827.0,16139.0,43983.0
2025-07-19_05:29:25,9824.0,11955.0,45626.0,14277.0,16139.0,43983.0
2025-07-19_05:29:25,,,,14169.0,16139.0,43983.0
2025-07-19_05:29:29,3375.0,11955.0,45626.0,12186.0,16139.0,43983.0
2025-07-19_05:29:29,10271.0,11955.0,45626.0,14513.0,16139.0,43983.0
2025-07-19_05:29:30,8670.0,11955.0,45626.0,13936.0,16139.0,43983.0
2025-07-19_05:29:30,9940.0,11955.0,45626.0,14035.0,16139.0,43983.0
2025-07-19_05:29:30,,,,14213.0,16139.0,43983.0
2025-07-19_05:29:34,3373.0,11955.0,45626.0,12192.0,16139.0,43983.0
2025-07-19_05:29:34,10188.0,11955.0,45626.0,14160.0,16139.0,43983.0
2025-07-19_05:29:34,10163.0,11955.0,45626.0,14577.0,16139.0,43983.0
2025-07-19_05:29:34,10642.0,11955.0,45626.0,14976.0,16139.0,43983.0
2025-07-19_05:29:35,,,,14382.0,16139.0,43983.0
2025-07-19_05:29:38,3302.0,11955.0,45626.0,12185.0,16139.0,43983.0
2025-07-19_05:29:38,9812.0,11955.0,45626.0,13985.0,16139.0,43983.0
2025-07-19_05:29:39,,,,14581.0,16139.0,43983.0
2025-07-19_05:29:42,3375.0,11955.0,45626.0,12184.0,16139.0,43983.0
2025-07-19_05:29:43,,,,,,
2025-07-19_05:29:46,6969.0,11955.0,45626.0,3792.0,16139.0,43983.0
2025-07-19_05:29:47,10332.0,11955.0,45626.0,14412.0,16139.0,43983.0
2025-07-19_05:29:47,,,,,,
2025-07-19_05:29:51,6968.0,11955.0,45626.0,3793.0,16139.0,43983.0
2025-07-19_05:29:51,8593.0,11955.0,45626.0,14222.0,16139.0,43983.0
2025-07-19_05:29:51,10150.0,11955.0,45626.0,14092.0,16139.0,43983.0
2025-07-19_05:29:51,10243.0,11955.0,45626.0,14460.0,16139.0,43983.0
2025-07-19_05:29:52,9914.0,11955.0,45626.0,14301.0,16139.0,43983.0
2025-07-19_05:29:52,10231.0,11955.0,45626.0,14543.0,16139.0,43983.0
2025-07-19_05:29:52,9981.0,11955.0,45626.0,13991.0,16139.0,43983.0
2025-07-19_05:29:52,10207.0,11955.0,45626.0,14348.0,16139.0,43983.0
2025-07-19_05:29:52,10049.0,11955.0,45626.0,13968.0,16139.0,43983.0
2025-07-19_05:29:53,9906.0,11955.0,45626.0,14403.0,16139.0,43983.0
2025-07-19_05:29:53,,,,,,
2025-07-19_05:29:57,6968.0,11955.0,45626.0,3793.0,16139.0,43983.0
2025-07-19_05:29:57,,,,,,
2025-07-19_05:30:01,6968.0,11955.0,45626.0,3792.0,16139.0,43983.0
2025-07-19_05:30:01,,,,11888.0,16139.0,43983.0
2025-07-19_05:30:05,2778.0,11955.0,45626.0,12187.0,16139.0,43983.0
2025-07-19_05:30:05,,,,13533.0,16139.0,43983.0
2025-07-19_05:30:09,3319.0,11955.0,45626.0,12185.0,16139.0,43983.0
2025-07-19_05:30:09,,,,13845.0,16139.0,43983.0
2025-07-19_05:30:13,3358.0,11955.0,45626.0,12184.0,16139.0,43983.0
2025-07-19_05:30:13,9982.0,11955.0,45627.0,14033.0,16139.0,43983.0
2025-07-19_05:30:13,10005.0,11955.0,45627.0,14033.0,16139.0,43983.0
2025-07-19_05:30:13,,,,13972.0,16139.0,43983.0
2025-07-19_05:30:17,3319.0,11955.0,45627.0,12173.0,16139.0,43983.0
2025-07-19_05:30:17,9748.0,11955.0,45627.0,13784.0,16139.0,43983.0
2025-07-19_05:30:17,9938.0,11955.0,45627.0,14126.0,16139.0,43983.0
2025-07-19_05:30:18,10198.0,11955.0,45627.0,14331.0,16139.0,43983.0
2025-07-19_05:30:18,9952.0,11955.0,45627.0,14120.0,16139.0,43983.0
2025-07-19_05:30:18,10212.0,11955.0,45627.0,14229.0,16139.0,43983.0
2025-07-19_05:30:18,10323.0,11955.0,45627.0,14499.0,16139.0,43983.0
2025-07-19_05:30:19,10163.0,11955.0,45627.0,14354.0,16139.0,43983.0
2025-07-19_05:30:19,10127.0,11955.0,45627.0,14332.0,16139.0,43983.0
2025-07-19_05:30:19,,,,,,
2025-07-19_05:30:23,6962.0,11955.0,45627.0,3795.0,16139.0,43983.0
2025-07-19_05:30:23,,,,,,
2025-07-19_05:30:27,6968.0,11955.0,45627.0,3793.0,16139.0,43983.0
2025-07-19_05:30:27,10217.0,11955.0,45627.0,14502.0,16139.0,43983.0
2025-07-19_05:30:27,9863.0,11955.0,45627.0,14365.0,16139.0,43983.0
2025-07-19_05:30:27,,,,,,
2025-07-19_05:30:31,6964.0,11955.0,45629.0,3793.0,16139.0,43983.0
2025-07-19_05:30:31,,,,,,
2025-07-19_05:30:35,6964.0,11955.0,45629.0,3793.0,16139.0,43983.0
2025-07-19_05:30:35,,,,,,
2025-07-19_05:30:39,6969.0,11955.0,45629.0,3793.0,16139.0,43983.0
2025-07-19_05:30:40,,,,,,
2025-07-19_05:30:43,6963.0,11955.0,45629.0,3786.0,16139.0,43983.0
2025-07-19_05:30:44,,,,,,
2025-07-19_05:30:47,6963.0,11955.0,45629.0,3792.0,16139.0,43983.0
2025-07-19_05:30:48,,,,13978.0,16139.0,43983.0
2025-07-19_05:30:51,3319.0,11955.0,45629.0,12194.0,16139.0,43983.0
2025-07-19_05:30:51,,,,,,
2025-07-19_05:30:55,6965.0,11955.0,45629.0,3787.0,16139.0,43983.0
2025-07-19_05:30:56,,,,,,
2025-07-19_05:30:59,6956.0,11955.0,45629.0,3786.0,16139.0,43983.0
2025-07-19_05:31:00,,,,,,
2025-07-19_05:31:03,6964.0,11955.0,45629.0,3788.0,16139.0,43983.0
2025-07-19_05:31:04,,,,14142.0,16139.0,43983.0
2025-07-19_05:31:07,2778.0,11955.0,45629.0,12184.0,16139.0,43983.0
2025-07-19_05:31:08,,,,,,
2025-07-19_05:31:11,6966.0,11955.0,45629.0,3792.0,16139.0,43983.0
2025-07-19_05:31:12,9909.0,11955.0,45629.0,14112.0,16139.0,43983.0
2025-07-19_05:31:12,9982.0,11955.0,45629.0,14179.0,16139.0,43983.0
2025-07-19_05:31:12,8514.0,11955.0,45629.0,13149.0,16139.0,43983.0
2025-07-19_05:31:12,9014.0,11955.0,45630.0,13985.0,16139.0,43983.0
2025-07-19_05:31:13,,,,,,
2025-07-19_05:31:16,6964.0,11955.0,45630.0,3793.0,16139.0,43983.0
2025-07-19_05:31:17,9139.0,11955.0,45630.0,13796.0,16139.0,43983.0
2025-07-19_05:31:17,,,,14242.0,16139.0,43983.0
2025-07-19_05:31:20,3375.0,11955.0,45630.0,12169.0,16139.0,43983.0
2025-07-19_05:31:21,,,,14040.0,16139.0,43983.0
2025-07-19_05:31:25,2778.0,11955.0,45630.0,12169.0,16139.0,43983.0
2025-07-19_05:31:25,8980.0,11955.0,45630.0,14008.0,16139.0,43983.0
2025-07-19_05:31:25,10249.0,11955.0,45630.0,14295.0,16139.0,43983.0
2025-07-19_05:31:25,9567.0,11955.0,45630.0,14165.0,16139.0,43983.0
2025-07-19_05:31:26,9331.0,11955.0,45630.0,13812.0,16139.0,43983.0
2025-07-19_05:31:26,,,,,,
2025-07-19_05:31:30,6952.0,11955.0,45630.0,3793.0,16139.0,43983.0
2025-07-19_05:31:30,9853.0,11955.0,45630.0,14572.0,16139.0,43983.0
2025-07-19_05:31:30,9859.0,11955.0,45630.0,14374.0,16139.0,43983.0
2025-07-19_05:31:30,,,,,,
2025-07-19_05:31:34,6966.0,11955.0,45630.0,3792.0,16139.0,43983.0
2025-07-19_05:31:34,9568.0,11955.0,45630.0,13997.0,16139.0,43983.0
2025-07-19_05:31:34,9400.0,11955.0,45630.0,14109.0,16139.0,43983.0
2025-07-19_05:31:35,9986.0,11955.0,45630.0,14345.0,16139.0,43983.0
2025-07-19_05:31:35,,,,,,
2025-07-19_05:31:39,6965.0,11955.0,45630.0,3792.0,16139.0,43983.0
2025-07-19_05:31:39,9122.0,11955.0,45630.0,13904.0,16139.0,43983.0
2025-07-19_05:31:39,9703.0,11955.0,45630.0,14528.0,16139.0,43983.0
2025-07-19_05:31:39,,,,14173.0,16139.0,43985.0
2025-07-19_05:31:43,3358.0,11955.0,45630.0,12165.0,16139.0,43985.0
2025-07-19_05:31:43,,,,14103.0,16139.0,43985.0
2025-07-19_05:31:47,3375.0,11955.0,45630.0,12186.0,16139.0,43985.0
2025-07-19_05:31:47,8675.0,11955.0,45630.0,14096.0,16139.0,43985.0
2025-07-19_05:31:47,9304.0,11955.0,45630.0,14028.0,16139.0,43985.0
2025-07-19_05:31:48,10566.0,11955.0,45630.0,14808.0,16139.0,43986.0
2025-07-19_05:31:48,9839.0,11955.0,45630.0,14464.0,16139.0,43986.0
2025-07-19_05:31:48,,,,,,
2025-07-19_05:31:52,6968.0,11955.0,45630.0,3787.0,16139.0,43986.0
2025-07-19_05:31:52,9686.0,11955.0,45630.0,13982.0,16139.0,43986.0
2025-07-19_05:31:52,9493.0,11955.0,45630.0,14241.0,16139.0,43986.0
2025-07-19_05:31:53,8662.0,11955.0,45630.0,14452.0,16139.0,43986.0
2025-07-19_05:31:53,,,,14570.0,16139.0,43986.0
2025-07-19_05:31:56,3375.0,11955.0,45630.0,12193.0,16139.0,43986.0
2025-07-19_05:31:57,9473.0,11955.0,45630.0,13939.0,16139.0,43986.0
2025-07-19_05:31:57,,,,13978.0,16139.0,43986.0
2025-07-19_05:32:01,3302.0,11955.0,45630.0,12159.0,16139.0,43986.0
2025-07-19_05:32:01,,,,,,
2025-07-19_05:32:05,6956.0,11955.0,45630.0,3792.0,16139.0,43986.0
2025-07-19_05:32:05,9698.0,11955.0,45630.0,14327.0,16139.0,43986.0
2025-07-19_05:32:05,9581.0,11955.0,45630.0,14018.0,16139.0,43986.0
2025-07-19_05:32:05,,,,13827.0,16139.0,43986.0
2025-07-19_05:32:09,,,,,,
2025-07-19_05:32:13,6970.0,11955.0,45630.0,3792.0,16139.0,43986.0
2025-07-19_05:32:13,9853.0,11955.0,45630.0,14073.0,16139.0,43986.0
2025-07-19_05:32:13,9874.0,11955.0,45630.0,13933.0,16139.0,43986.0
2025-07-19_05:32:13,8668.0,11955.0,45630.0,14066.0,16139.0,43986.0
2025-07-19_05:32:14,,,,,,
2025-07-19_05:32:17,6963.0,11955.0,45630.0,3794.0,16139.0,43986.0
2025-07-19_05:32:18,,,,,,
2025-07-19_05:32:22,2778.0,11955.0,45630.0,3776.0,16139.0,43986.0
2025-07-19_05:32:22,10234.0,11955.0,45630.0,13771.0,16139.0,43986.0
2025-07-19_05:32:23,,,,11879.0,16139.0,43986.0
2025-07-19_05:32:26,,,,,,
2025-07-19_05:32:30,6966.0,11955.0,45630.0,3792.0,16139.0,43986.0
2025-07-19_05:32:30,9893.0,11955.0,45630.0,14545.0,16139.0,43986.0
2025-07-19_05:32:31,10236.0,11955.0,45630.0,14141.0,16139.0,43986.0
2025-07-19_05:32:31,9597.0,11955.0,45630.0,13996.0,16139.0,43986.0
2025-07-19_05:32:31,,,,,,
2025-07-19_05:32:35,6964.0,11955.0,45630.0,3792.0,16139.0,43986.0
2025-07-19_05:32:35,9601.0,11955.0,45630.0,14197.0,16139.0,43986.0
2025-07-19_05:32:35,8695.0,11955.0,45630.0,14036.0,16139.0,43986.0
2025-07-19_05:32:35,10145.0,11955.0,45630.0,14431.0,16139.0,43986.0
2025-07-19_05:32:36,9681.0,11955.0,45630.0,14147.0,16139.0,43986.0
2025-07-19_05:32:36,9677.0,11955.0,45630.0,13962.0,16139.0,43986.0
2025-07-19_05:32:36,9411.0,11955.0,45630.0,13987.0,16139.0,43986.0
2025-07-19_05:32:36,9427.0,11955.0,45630.0,14201.0,16139.0,43986.0
2025-07-19_05:32:37,9180.0,11955.0,45630.0,13984.0,16139.0,43986.0
2025-07-19_05:32:37,9753.0,11955.0,45630.0,14334.0,16139.0,43986.0
2025-07-19_05:32:37,,,,,,
2025-07-19_05:32:41,3356.0,11955.0,45630.0,4596.0,16139.0,43986.0
2025-07-19_05:32:42,9684.0,11955.0,45630.0,14175.0,16139.0,43986.0
2025-07-19_05:32:42,9921.0,11955.0,45630.0,14076.0,16139.0,43986.0
2025-07-19_05:32:42,9666.0,11955.0,45630.0,14171.0,16139.0,43986.0
2025-07-19_05:32:42,,,,14283.0,16139.0,43986.0
2025-07-19_05:32:46,2778.0,11955.0,45630.0,12186.0,16139.0,43986.0
2025-07-19_05:32:46,,,,,,
2025-07-19_05:32:50,6968.0,11955.0,45630.0,3793.0,16139.0,43986.0
2025-07-19_05:32:50,9905.0,11955.0,45632.0,14095.0,16139.0,43986.0
2025-07-19_05:32:51,10420.0,11964.0,45650.0,14731.0,16139.0,43988.0
2025-07-19_05:32:51,,,,,,
2025-07-19_05:32:55,6964.0,11964.0,45650.0,3793.0,16139.0,43988.0
2025-07-19_05:32:55,10265.0,11964.0,45650.0,14314.0,16139.0,43988.0
2025-07-19_05:32:55,,,,13782.0,16139.0,43988.0
2025-07-19_05:32:59,3358.0,11964.0,45650.0,12158.0,16139.0,43988.0
2025-07-19_05:32:59,9672.0,11964.0,45650.0,13770.0,16139.0,43988.0
2025-07-19_05:32:59,8705.0,11964.0,45650.0,14069.0,16139.0,43988.0
2025-07-19_05:32:59,10476.0,11964.0,45650.0,14414.0,16139.0,43988.0
2025-07-19_05:33:00,10131.0,11964.0,45650.0,14043.0,16139.0,43988.0
2025-07-19_05:33:00,10051.0,11964.0,45650.0,14306.0,16139.0,43988.0
2025-07-19_05:33:00,9438.0,11964.0,45650.0,14330.0,16139.0,43988.0
2025-07-19_05:33:00,8702.0,11964.0,45650.0,14479.0,16139.0,43989.0
2025-07-19_05:33:00,9686.0,11964.0,45650.0,13984.0,16139.0,43989.0
2025-07-19_05:33:01,9656.0,11964.0,45650.0,14082.0,16139.0,43989.0
2025-07-19_05:33:01,8713.0,11964.0,45650.0,14218.0,16139.0,43989.0
2025-07-19_05:33:01,8568.0,11964.0,45650.0,14005.0,16139.0,43989.0
2025-07-19_05:33:01,9984.0,11964.0,45650.0,14359.0,16139.0,43989.0
2025-07-19_05:33:01,9828.0,11964.0,45650.0,14249.0,16139.0,43989.0
2025-07-19_05:33:02,10420.0,11964.0,45652.0,13857.0,16139.0,43989.0
2025-07-19_05:33:02,9866.0,11964.0,45652.0,14318.0,16139.0,43989.0
2025-07-19_05:33:02,,,,13781.0,16139.0,43989.0
2025-07-19_05:33:06,3319.0,11964.0,45652.0,12189.0,16139.0,43989.0
2025-07-19_05:33:06,,,,14012.0,16139.0,43989.0
2025-07-19_05:33:10,3302.0,11964.0,45652.0,12167.0,16139.0,43989.0
2025-07-19_05:33:10,,,,14211.0,16139.0,43989.0
2025-07-19_05:33:14,3358.0,11964.0,45652.0,12170.0,16139.0,43989.0
2025-07-19_05:33:14,9714.0,11964.0,45652.0,14069.0,16139.0,43989.0
2025-07-19_05:33:14,,,,,,
2025-07-19_05:33:18,6970.0,11964.0,45652.0,3792.0,16139.0,43989.0
2025-07-19_05:33:18,9604.0,11964.0,45652.0,14013.0,16139.0,43989.0
2025-07-19_05:33:18,8647.0,11964.0,45652.0,13849.0,16139.0,43989.0
2025-07-19_05:33:19,10055.0,11964.0,45652.0,14312.0,16139.0,43989.0
2025-07-19_05:33:19,,,,14184.0,16139.0,43989.0
2025-07-19_05:33:23,3375.0,11964.0,45652.0,12184.0,16139.0,43989.0
2025-07-19_05:33:23,,,,13977.0,16139.0,43989.0
2025-07-19_05:33:26,3319.0,11964.0,45652.0,12160.0,16139.0,43989.0
2025-07-19_05:33:27,9664.0,11964.0,45652.0,13973.0,16139.0,43989.0
2025-07-19_05:33:27,10059.0,11964.0,45652.0,14511.0,16139.0,43989.0
2025-07-19_05:33:27,9984.0,11964.0,45652.0,14166.0,16139.0,43989.0
2025-07-19_05:33:27,10157.0,11964.0,45652.0,13870.0,16139.0,43989.0
2025-07-19_05:33:28,10222.0,11964.0,45652.0,14039.0,16139.0,43989.0
2025-07-19_05:33:28,9621.0,11964.0,45652.0,14077.0,16139.0,43989.0
2025-07-19_05:33:28,8108.0,11964.0,45652.0,13267.0,16139.0,43989.0
2025-07-19_05:33:28,9888.0,11964.0,45652.0,13957.0,16139.0,43989.0
2025-07-19_05:33:28,9860.0,11964.0,45652.0,14059.0,16139.0,43989.0
2025-07-19_05:33:29,8485.0,11964.0,45652.0,13751.0,16139.0,43989.0
2025-07-19_05:33:29,9937.0,11964.0,45652.0,13959.0,16139.0,43989.0
2025-07-19_05:33:29,,,,14569.0,16139.0,43989.0
2025-07-19_05:33:33,3377.0,11964.0,45652.0,12191.0,16139.0,43989.0
2025-07-19_05:33:33,10217.0,11964.0,45652.0,14167.0,16139.0,43989.0
2025-07-19_05:33:33,9341.0,11964.0,45652.0,14119.0,16139.0,43989.0
2025-07-19_05:33:34,9473.0,11964.0,45652.0,13927.0,16139.0,43989.0
2025-07-19_05:33:34,9828.0,11964.0,45652.0,14227.0,16139.0,43989.0
2025-07-19_05:33:34,,,,,,
2025-07-19_05:33:38,6967.0,11964.0,45652.0,3793.0,16139.0,43989.0
2025-07-19_05:33:38,,,,13975.0,16139.0,43989.0
2025-07-19_05:33:42,3302.0,11964.0,45652.0,12200.0,16139.0,43989.0
2025-07-19_05:33:42,9839.0,11964.0,45652.0,14034.0,16139.0,43989.0
2025-07-19_05:33:42,9228.0,11964.0,45652.0,13537.0,16139.0,43989.0
2025-07-19_05:33:42,9933.0,11964.0,45652.0,14342.0,16139.0,43989.0
2025-07-19_05:33:43,,,,,,
2025-07-19_05:33:46,6959.0,11964.0,45652.0,3793.0,16139.0,43989.0
2025-07-19_05:33:47,9721.0,11964.0,45661.0,14256.0,16139.0,43989.0
2025-07-19_05:33:47,9250.0,11964.0,45661.0,13925.0,16139.0,43989.0
2025-07-19_05:33:47,,,,13974.0,16139.0,43989.0
2025-07-19_05:33:51,3375.0,11964.0,45661.0,12186.0,16139.0,43989.0
2025-07-19_05:33:51,,,,,,
2025-07-19_05:33:55,2778.0,11964.0,45661.0,3776.0,16139.0,43989.0
2025-07-19_05:33:56,,,,13983.0,16139.0,43989.0
2025-07-19_05:33:59,3375.0,11964.0,45661.0,12169.0,16139.0,43989.0
2025-07-19_05:34:00,,,,13978.0,16139.0,43989.0
2025-07-19_05:34:03,3358.0,11964.0,45661.0,12186.0,16139.0,43989.0
2025-07-19_05:34:03,9947.0,11964.0,45661.0,14351.0,16139.0,43989.0
2025-07-19_05:34:04,,,,,,
2025-07-19_05:34:08,6972.0,11964.0,45661.0,3793.0,16139.0,43989.0
2025-07-19_05:34:08,9335.0,11964.0,45661.0,14109.0,16139.0,43989.0
2025-07-19_05:34:08,,,,,,
2025-07-19_05:34:12,6964.0,11964.0,45661.0,3793.0,16139.0,43989.0
2025-07-19_05:34:12,,,,,,
2025-07-19_05:34:16,6967.0,11964.0,45661.0,3787.0,16139.0,43989.0
2025-07-19_05:34:16,,,,,,
2025-07-19_05:34:20,6960.0,11964.0,45661.0,3792.0,16139.0,43989.0
2025-07-19_05:34:20,9603.0,11964.0,45661.0,13881.0,16139.0,43989.0
2025-07-19_05:34:20,8538.0,11964.0,45661.0,13934.0,16139.0,43989.0
2025-07-19_05:34:20,8609.0,11964.0,45661.0,13903.0,16139.0,43989.0
2025-07-19_05:34:21,,,,,,
2025-07-19_05:34:25,6969.0,11964.0,45661.0,3793.0,16139.0,43989.0
2025-07-19_05:34:25,,,,14193.0,16139.0,43989.0
2025-07-19_05:34:28,3358.0,11964.0,45661.0,12190.0,16139.0,43989.0
2025-07-19_05:34:29,,,,14292.0,16139.0,43989.0
2025-07-19_05:34:33,2778.0,11964.0,45661.0,12187.0,16139.0,43989.0
2025-07-19_05:34:33,,,,,,
2025-07-19_05:34:37,6969.0,11964.0,45661.0,3793.0,16139.0,43989.0
2025-07-19_05:34:37,,,,14213.0,16139.0,43989.0
2025-07-19_05:34:40,3319.0,11964.0,45661.0,12188.0,16139.0,43989.0
2025-07-19_05:34:41,9642.0,11964.0,45661.0,14193.0,16139.0,43989.0
2025-07-19_05:34:41,9994.0,11964.0,45661.0,14563.0,16139.0,43989.0
2025-07-19_05:34:41,,,,13852.0,16139.0,43989.0
2025-07-19_05:34:45,2778.0,11964.0,45661.0,12187.0,16139.0,43989.0
2025-07-19_05:34:45,,,,,,
2025-07-19_05:34:49,6966.0,11964.0,45661.0,3792.0,16139.0,43989.0
2025-07-19_05:34:49,10122.0,11964.0,45661.0,14233.0,16139.0,43989.0
2025-07-19_05:34:49,9796.0,11964.0,45661.0,14033.0,16139.0,43989.0
2025-07-19_05:34:50,9621.0,11964.0,45661.0,14104.0,16139.0,43989.0
2025-07-19_05:34:50,9136.0,11964.0,45661.0,14112.0,16139.0,43989.0
2025-07-19_05:34:50,9544.0,11964.0,45661.0,14113.0,16139.0,43989.0
2025-07-19_05:34:50,9746.0,11964.0,45661.0,14342.0,16139.0,43989.0
2025-07-19_05:34:51,9495.0,11964.0,45661.0,14112.0,16139.0,43989.0
2025-07-19_05:34:51,9859.0,11964.0,45661.0,14237.0,16139.0,43989.0
2025-07-19_05:34:51,,,,,,
2025-07-19_05:34:55,6956.0,11964.0,45661.0,3793.0,16139.0,43989.0
2025-07-19_05:34:55,9920.0,11964.0,45661.0,14059.0,16139.0,43989.0
2025-07-19_05:34:55,9593.0,11964.0,45661.0,14222.0,16139.0,43989.0
2025-07-19_05:34:56,,,,,,
2025-07-19_05:34:59,6963.0,11964.0,45661.0,3792.0,16139.0,43989.0
2025-07-19_05:35:00,9707.0,11964.0,45661.0,14112.0,16139.0,43989.0
2025-07-19_05:35:00,10142.0,11964.0,45661.0,14668.0,16139.0,43989.0
2025-07-19_05:35:00,10265.0,11964.0,45661.0,14411.0,16139.0,43989.0
2025-07-19_05:35:00,9703.0,11964.0,45661.0,14184.0,16139.0,43989.0
2025-07-19_05:35:01,10027.0,11964.0,45661.0,14320.0,16139.0,43989.0
2025-07-19_05:35:01,8544.0,11964.0,45661.0,13941.0,16139.0,43989.0
2025-07-19_05:35:01,,,,,,
2025-07-19_05:35:05,6962.0,11964.0,45661.0,3786.0,16139.0,43989.0
2025-07-19_05:35:05,9827.0,11964.0,45661.0,14323.0,16139.0,43989.0
2025-07-19_05:35:05,9114.0,11964.0,45661.0,13937.0,16139.0,43989.0
2025-07-19_05:35:05,9568.0,11964.0,45661.0,14210.0,16139.0,43989.0
2025-07-19_05:35:06,9571.0,11964.0,45661.0,13956.0,16139.0,43989.0
2025-07-19_05:35:06,9527.0,11964.0,45661.0,14190.0,16139.0,43989.0
2025-07-19_05:35:06,9661.0,11964.0,45661.0,14288.0,16139.0,43989.0
2025-07-19_05:35:06,9833.0,11964.0,45661.0,14330.0,16139.0,43989.0
2025-07-19_05:35:06,9649.0,11964.0,45661.0,14171.0,16139.0,43989.0
2025-07-19_05:35:07,9649.0,11964.0,45661.0,14172.0,16139.0,43989.0
2025-07-19_05:35:07,10223.0,11964.0,45661.0,14329.0,16139.0,43989.0
2025-07-19_05:35:07,8533.0,11964.0,45661.0,13601.0,16139.0,43989.0
2025-07-19_05:35:07,9906.0,11964.0,45661.0,14559.0,16139.0,43989.0
2025-07-19_05:35:08,10057.0,11964.0,45661.0,14214.0,16139.0,43989.0
2025-07-19_05:35:08,9678.0,11964.0,45661.0,13970.0,16139.0,43989.0
2025-07-19_05:35:08,9939.0,11964.0,45661.0,14060.0,16139.0,43989.0
2025-07-19_05:35:08,,,,,,
2025-07-19_05:35:12,6963.0,11964.0,45661.0,3792.0,16139.0,43989.0
2025-07-19_05:35:12,9829.0,11964.0,45661.0,14272.0,16139.0,43989.0
2025-07-19_05:35:12,9573.0,11964.0,45661.0,14174.0,16139.0,43989.0
2025-07-19_05:35:13,,,,,,
2025-07-19_05:35:17,6967.0,11964.0,45661.0,3792.0,16139.0,43989.0
2025-07-19_05:35:17,,,,,,
2025-07-19_05:35:21,6966.0,11964.0,45661.0,3793.0,16139.0,43989.0
2025-07-19_05:35:21,10433.0,11964.0,45661.0,14436.0,16139.0,43989.0
2025-07-19_05:35:21,8673.0,11964.0,45661.0,14195.0,16139.0,43989.0
2025-07-19_05:35:21,9824.0,11964.0,45661.0,14043.0,16139.0,43989.0
2025-07-19_05:35:21,,,,14221.0,16139.0,43989.0
2025-07-19_05:35:25,3358.0,11964.0,45661.0,12163.0,16139.0,43989.0
2025-07-19_05:35:25,9590.0,11964.0,45661.0,14179.0,16139.0,43989.0
2025-07-19_05:35:26,,,,,,
2025-07-19_05:35:29,6881.0,11964.0,45661.0,3793.0,16139.0,43989.0
2025-07-19_05:35:30,9791.0,11964.0,45661.0,14026.0,16139.0,43989.0
2025-07-19_05:35:30,,,,,,
2025-07-19_05:35:34,6964.0,11964.0,45661.0,3794.0,16139.0,43989.0
2025-07-19_05:35:34,,,,,,
2025-07-19_05:35:38,6964.0,11964.0,45661.0,3792.0,16139.0,43989.0
2025-07-19_05:35:38,9536.0,11964.0,45661.0,14153.0,16139.0,43989.0
2025-07-19_05:35:38,8720.0,11964.0,45661.0,13931.0,16139.0,43989.0
2025-07-19_05:35:38,9181.0,11964.0,45661.0,14108.0,16139.0,43989.0
2025-07-19_05:35:38,9662.0,11964.0,45661.0,13984.0,16139.0,43989.0
2025-07-19_05:35:39,9791.0,11964.0,45661.0,14224.0,16139.0,43989.0
2025-07-19_05:35:39,,,,,,
2025-07-19_05:35:43,6969.0,11964.0,45661.0,3793.0,16139.0,43989.0
2025-07-19_05:35:43,9620.0,11964.0,45661.0,14073.0,16139.0,43989.0
2025-07-19_05:35:43,9799.0,11964.0,45661.0,14244.0,16139.0,43989.0
2025-07-19_05:35:43,10143.0,11964.0,45661.0,14133.0,16139.0,43989.0
2025-07-19_05:35:44,,,,,,
2025-07-19_05:35:47,6964.0,11964.0,45661.0,3793.0,16139.0,43989.0
2025-07-19_05:35:48,9597.0,11964.0,45661.0,13972.0,16139.0,43989.0
2025-07-19_05:35:48,10176.0,11964.0,45661.0,14363.0,16139.0,43989.0
2025-07-19_05:35:48,,,,,,
2025-07-19_05:35:52,6964.0,11964.0,45661.0,3793.0,16139.0,43989.0
2025-07-19_05:35:52,8654.0,11964.0,45661.0,14015.0,16139.0,43989.0
2025-07-19_05:35:52,8689.0,11964.0,45661.0,14195.0,16139.0,43989.0
2025-07-19_05:35:52,10056.0,11964.0,45661.0,14337.0,16139.0,43989.0
2025-07-19_05:35:53,10067.0,11964.0,45661.0,14508.0,16139.0,43989.0
2025-07-19_05:35:53,9625.0,11964.0,45661.0,14283.0,16139.0,43989.0
2025-07-19_05:35:53,9223.0,11964.0,45661.0,14100.0,16139.0,43989.0
2025-07-19_05:35:53,10020.0,11964.0,45661.0,14503.0,16139.0,43989.0
2025-07-19_05:35:54,,,,13995.0,16139.0,43989.0
2025-07-19_05:35:57,2778.0,11964.0,45661.0,12169.0,16139.0,43989.0
2025-07-19_05:35:58,9171.0,11964.0,45661.0,13973.0,16139.0,43989.0
2025-07-19_05:35:58,9643.0,11964.0,45661.0,14349.0,16139.0,43989.0
2025-07-19_05:35:58,,,,,,
2025-07-19_05:36:02,6962.0,11964.0,45661.0,3795.0,16139.0,43989.0
2025-07-19_05:36:02,8629.0,11964.0,45661.0,14206.0,16139.0,43989.0
2025-07-19_05:36:02,,,,,,
2025-07-19_05:36:06,6955.0,11964.0,45661.0,3793.0,16139.0,43989.0
2025-07-19_05:36:06,,,,,,
2025-07-19_05:36:10,6964.0,11964.0,45661.0,3793.0,16139.0,43989.0
2025-07-19_05:36:10,9185.0,11964.0,45661.0,13808.0,16139.0,43989.0
2025-07-19_05:36:11,9521.0,11964.0,45661.0,14096.0,16139.0,43989.0
2025-07-19_05:36:11,,,,13867.0,16139.0,43989.0
2025-07-19_05:36:14,3375.0,11964.0,45661.0,12186.0,16139.0,43989.0
2025-07-19_05:36:15,9815.0,11964.0,45661.0,14032.0,16139.0,43989.0
2025-07-19_05:36:15,9696.0,11964.0,45661.0,14216.0,16139.0,43989.0
2025-07-19_05:36:15,9946.0,11964.0,45661.0,14370.0,16139.0,43989.0
2025-07-19_05:36:15,9877.0,11964.0,45661.0,14346.0,16139.0,43989.0
2025-07-19_05:36:16,9536.0,11964.0,45661.0,14326.0,16139.0,43989.0
2025-07-19_05:36:16,9190.0,11964.0,45661.0,13968.0,16139.0,43989.0
2025-07-19_05:36:16,9844.0,11964.0,45661.0,13812.0,16139.0,43989.0
2025-07-19_05:36:16,,,,14000.0,16139.0,43989.0
2025-07-19_05:36:20,3319.0,11964.0,45661.0,12175.0,16139.0,43989.0
2025-07-19_05:36:20,8653.0,11964.0,45661.0,14214.0,16139.0,43989.0
2025-07-19_05:36:20,9510.0,11964.0,45661.0,14109.0,16139.0,43989.0
2025-07-19_05:36:21,9815.0,11964.0,45661.0,14362.0,16139.0,43989.0
2025-07-19_05:36:21,10162.0,11964.0,45661.0,13941.0,16139.0,43989.0
2025-07-19_05:36:21,9824.0,11964.0,45661.0,14278.0,16139.0,43989.0
2025-07-19_05:36:21,8983.0,11964.0,45661.0,14100.0,16139.0,43989.0
2025-07-19_05:36:22,9452.0,11964.0,45661.0,13974.0,16139.0,43989.0
2025-07-19_05:36:22,9667.0,11964.0,45661.0,13976.0,16139.0,43989.0
2025-07-19_05:36:22,9829.0,11964.0,45661.0,14021.0,16139.0,43989.0
2025-07-19_05:36:22,9873.0,11964.0,45661.0,14102.0,16139.0,43989.0
2025-07-19_05:36:22,9186.0,11964.0,45661.0,13831.0,16139.0,43989.0
2025-07-19_05:36:23,9787.0,11964.0,45661.0,14250.0,16139.0,43989.0
2025-07-19_05:36:23,9799.0,11964.0,45661.0,14349.0,16139.0,43989.0
2025-07-19_05:36:23,10346.0,11964.0,45661.0,14599.0,16139.0,43989.0
2025-07-19_05:36:23,9642.0,11964.0,45661.0,14159.0,16139.0,43989.0
2025-07-19_05:36:24,9653.0,11964.0,45661.0,13980.0,16139.0,43989.0
2025-07-19_05:36:24,9839.0,11964.0,45661.0,14037.0,16139.0,43989.0
2025-07-19_05:36:24,9879.0,11964.0,45661.0,14187.0,16139.0,43989.0
2025-07-19_05:36:24,10137.0,11964.0,45661.0,14532.0,16139.0,43989.0
2025-07-19_05:36:24,9630.0,11964.0,45661.0,14134.0,16139.0,43989.0
2025-07-19_05:36:25,9615.0,11964.0,45661.0,14314.0,16139.0,43989.0
2025-07-19_05:36:25,8813.0,11964.0,45661.0,14206.0,16139.0,43989.0
2025-07-19_05:36:25,9690.0,11964.0,45661.0,13981.0,16139.0,43989.0
2025-07-19_05:36:25,8549.0,11964.0,45661.0,13927.0,16139.0,43989.0
2025-07-19_05:36:26,9626.0,11964.0,45661.0,14168.0,16139.0,43989.0
2025-07-19_05:36:26,9601.0,11964.0,45661.0,13980.0,16139.0,43989.0
2025-07-19_05:36:26,,,,13795.0,16139.0,43989.0
2025-07-19_05:36:30,3375.0,11964.0,45661.0,12187.0,16139.0,43989.0
2025-07-19_05:36:30,,,,14017.0,16139.0,43989.0
2025-07-19_05:36:34,3375.0,11964.0,45661.0,12185.0,16139.0,43989.0
2025-07-19_05:36:34,10368.0,11964.0,45661.0,14434.0,16139.0,43989.0
2025-07-19_05:36:34,9695.0,11964.0,45661.0,14012.0,16139.0,43989.0
2025-07-19_05:36:34,,,,14195.0,16139.0,43989.0
2025-07-19_05:36:38,3375.0,11964.0,45661.0,12188.0,16139.0,43989.0
2025-07-19_05:36:38,10166.0,11964.0,45661.0,14334.0,16139.0,43989.0
2025-07-19_05:36:38,9269.0,11965.0,45662.0,14208.0,16139.0,43989.0
2025-07-19_05:36:39,9783.0,11965.0,45662.0,14117.0,16139.0,43989.0
2025-07-19_05:36:39,9936.0,11965.0,45662.0,13926.0,16139.0,43989.0
2025-07-19_05:36:39,9670.0,11965.0,45662.0,13981.0,16139.0,43989.0
2025-07-19_05:36:39,9626.0,11965.0,45662.0,14310.0,16139.0,43989.0
2025-07-19_05:36:39,,,,13970.0,16139.0,43989.0
2025-07-19_05:36:43,3321.0,11965.0,45662.0,12191.0,16139.0,43989.0
2025-07-19_05:36:43,,,,14706.0,16139.0,43989.0
2025-07-19_05:36:47,2778.0,11965.0,45662.0,12185.0,16139.0,43989.0
2025-07-19_05:36:48,9377.0,11965.0,45662.0,14136.0,16139.0,43989.0
2025-07-19_05:36:48,9638.0,11965.0,45662.0,14084.0,16139.0,43989.0
2025-07-19_05:36:48,9425.0,11965.0,45662.0,14126.0,16139.0,43989.0
2025-07-19_05:36:48,,,,13232.0,16139.0,43989.0
2025-07-19_05:36:52,2778.0,11965.0,45662.0,12188.0,16139.0,43989.0
2025-07-19_05:36:52,,,,,,
2025-07-19_05:36:56,6968.0,11965.0,45662.0,3792.0,16139.0,43989.0
2025-07-19_05:36:56,9841.0,11965.0,45662.0,14256.0,16139.0,43989.0
2025-07-19_05:36:56,9189.0,11965.0,45662.0,14133.0,16139.0,43989.0
2025-07-19_05:36:57,9923.0,11965.0,45662.0,14103.0,16139.0,43989.0
2025-07-19_05:36:57,10136.0,11965.0,45662.0,13914.0,16139.0,43989.0
2025-07-19_05:36:57,9828.0,11965.0,45662.0,14231.0,16139.0,43989.0
2025-07-19_05:36:57,9754.0,11965.0,45662.0,14070.0,16139.0,43989.0
2025-07-19_05:36:58,9602.0,11965.0,45662.0,14220.0,16139.0,43989.0
2025-07-19_05:36:58,10151.0,11965.0,45662.0,14054.0,16139.0,43989.0
2025-07-19_05:36:58,,,,13063.0,16139.0,43989.0
2025-07-19_05:37:02,2778.0,11965.0,45662.0,12192.0,16139.0,43989.0
2025-07-19_05:37:02,9852.0,11965.0,45662.0,14256.0,16139.0,43989.0
2025-07-19_05:37:02,9626.0,11965.0,45662.0,13975.0,16139.0,43989.0
2025-07-19_05:37:03,9913.0,11965.0,45662.0,14380.0,16139.0,43989.0
2025-07-19_05:37:03,8543.0,11965.0,45662.0,13789.0,16139.0,43989.0
2025-07-19_05:37:04,3302.0,11965.0,45662.0,12194.0,16139.0,43989.0
2025-07-19_05:37:04,8540.0,11965.0,45662.0,14098.0,16139.0,43989.0
2025-07-19_05:37:04,9862.0,11965.0,45662.0,14042.0,16139.0,43989.0
2025-07-19_05:37:04,9645.0,11965.0,45662.0,14118.0,16139.0,43989.0
2025-07-19_05:37:05,,,,13784.0,16139.0,43989.0
2025-07-19_05:37:08,3375.0,11965.0,45662.0,12156.0,16139.0,43989.0
2025-07-19_05:37:08,,,,14118.0,16139.0,43989.0
2025-07-19_05:37:12,3319.0,11965.0,45662.0,12188.0,16139.0,43989.0
2025-07-19_05:37:12,9847.0,11965.0,45662.0,14227.0,16139.0,43989.0
2025-07-19_05:37:13,9636.0,11965.0,45662.0,14282.0,16139.0,43989.0
2025-07-19_05:37:13,8518.0,11965.0,45662.0,13827.0,16139.0,43989.0
2025-07-19_05:37:13,9775.0,11965.0,45662.0,14688.0,16139.0,43992.0
2025-07-19_05:37:13,9834.0,11965.0,45662.0,14223.0,16139.0,43992.0
2025-07-19_05:37:14,9536.0,11965.0,45662.0,13717.0,16139.0,43992.0
2025-07-19_05:37:14,9673.0,11965.0,45662.0,13982.0,16139.0,43992.0
2025-07-19_05:37:14,9811.0,11965.0,45662.0,14035.0,16139.0,43992.0
2025-07-19_05:37:14,9703.0,11965.0,45662.0,14204.0,16139.0,43992.0
2025-07-19_05:37:14,9904.0,11965.0,45662.0,14304.0,16139.0,43992.0
2025-07-19_05:37:15,9633.0,11965.0,45662.0,14304.0,16139.0,43992.0
2025-07-19_05:37:15,8578.0,11965.0,45662.0,13953.0,16139.0,43992.0
2025-07-19_05:37:15,9916.0,11965.0,45662.0,13837.0,16139.0,43996.0
2025-07-19_05:37:15,9679.0,11965.0,45662.0,13973.0,16139.0,43996.0
2025-07-19_05:37:16,9688.0,11965.0,45662.0,14177.0,16139.0,43996.0
2025-07-19_05:37:16,,,,14490.0,16139.0,43996.0
2025-07-19_05:37:20,2778.0,11965.0,45662.0,12170.0,16139.0,43996.0
2025-07-19_05:37:20,9604.0,11965.0,45662.0,14021.0,16139.0,43996.0
2025-07-19_05:37:20,10193.0,11965.0,45663.0,14382.0,16139.0,43996.0
2025-07-19_05:37:20,9584.0,11965.0,45663.0,13804.0,16139.0,43996.0
2025-07-19_05:37:21,,,,13979.0,16139.0,43996.0
2025-07-19_05:37:24,3375.0,11965.0,45663.0,12170.0,16139.0,43996.0
2025-07-19_05:37:25,9413.0,11965.0,45663.0,14116.0,16139.0,43996.0
2025-07-19_05:37:25,,,,13793.0,16139.0,43996.0
2025-07-19_05:37:28,3319.0,11965.0,45663.0,12186.0,16139.0,43996.0
2025-07-19_05:37:29,10543.0,11965.0,45663.0,14423.0,16139.0,43996.0
2025-07-19_05:37:29,,,,14584.0,16139.0,43996.0
2025-07-19_05:37:33,2778.0,11965.0,45663.0,12159.0,16139.0,43996.0
2025-07-19_05:37:33,10244.0,11965.0,45688.0,14339.0,16139.0,43996.0
2025-07-19_05:37:33,,,,13975.0,16139.0,43996.0
2025-07-19_05:37:37,3302.0,11965.0,45688.0,12187.0,16139.0,43996.0
2025-07-19_05:37:37,,,,13973.0,16139.0,43996.0
2025-07-19_05:37:41,3302.0,11965.0,45688.0,12154.0,16139.0,43996.0
2025-07-19_05:37:41,,,,13829.0,16139.0,43996.0
2025-07-19_05:37:45,3358.0,11965.0,45688.0,12200.0,16139.0,43996.0
2025-07-19_05:37:45,,,,13976.0,16139.0,43996.0
2025-07-19_05:37:49,3375.0,11965.0,45688.0,12182.0,16139.0,43996.0
2025-07-19_05:37:49,9681.0,11965.0,45688.0,14309.0,16139.0,43996.0
2025-07-19_05:37:49,8664.0,11965.0,45688.0,14210.0,16139.0,43996.0
2025-07-19_05:37:50,2778.0,11965.0,45688.0,12192.0,16139.0,43996.0
2025-07-19_05:37:50,9210.0,11965.0,45688.0,14005.0,16139.0,43996.0
2025-07-19_05:37:50,8764.0,11965.0,45688.0,14388.0,16139.0,43996.0
2025-07-19_05:37:51,9895.0,11965.0,45688.0,14087.0,16139.0,43996.0
2025-07-19_05:37:51,9793.0,11965.0,45688.0,14223.0,16139.0,43996.0
2025-07-19_05:37:51,9573.0,11965.0,45688.0,13968.0,16139.0,43996.0
2025-07-19_05:37:51,9151.0,11965.0,45688.0,13785.0,16139.0,43996.0
2025-07-19_05:37:51,,,,14224.0,16139.0,43996.0
2025-07-19_05:37:55,3302.0,11965.0,45688.0,12182.0,16139.0,43996.0
2025-07-19_05:37:55,9647.0,11965.0,45688.0,14283.0,16139.0,43996.0
2025-07-19_05:37:56,9668.0,11965.0,45688.0,14288.0,16139.0,43996.0
2025-07-19_05:37:56,,,,14153.0,16139.0,43996.0
2025-07-19_05:38:00,3375.0,11965.0,45688.0,12183.0,16139.0,43996.0
2025-07-19_05:38:00,10171.0,11965.0,45688.0,14174.0,16139.0,43996.0
2025-07-19_05:38:00,,,,,,
2025-07-19_05:38:04,6968.0,11965.0,45688.0,3793.0,16139.0,43996.0
2025-07-19_05:38:04,,,,13873.0,16139.0,43996.0
2025-07-19_05:38:08,3375.0,11965.0,45688.0,12185.0,16139.0,43996.0
2025-07-19_05:38:08,9827.0,11965.0,45688.0,14132.0,16139.0,43996.0
2025-07-19_05:38:08,9001.0,11965.0,45688.0,13790.0,16139.0,43996.0
2025-07-19_05:38:08,,,,,,
2025-07-19_05:38:12,6957.0,11965.0,45688.0,3792.0,16139.0,43996.0
2025-07-19_05:38:12,10033.0,11965.0,45688.0,14326.0,16139.0,43996.0
2025-07-19_05:38:13,9456.0,11965.0,45688.0,14090.0,16139.0,43996.0
2025-07-19_05:38:13,9627.0,11965.0,45688.0,14105.0,16139.0,43996.0
2025-07-19_05:38:13,,,,14380.0,16139.0,43996.0
2025-07-19_05:38:17,3358.0,11965.0,45688.0,12143.0,16139.0,43996.0
2025-07-19_05:38:17,9039.0,11965.0,45688.0,13780.0,16139.0,43996.0
2025-07-19_05:38:17,8623.0,11965.0,45688.0,14093.0,16139.0,43996.0
2025-07-19_05:38:17,,,,,,
2025-07-19_05:38:21,6964.0,11965.0,45688.0,3786.0,16139.0,43996.0
2025-07-19_05:38:21,,,,,,
2025-07-19_05:38:25,6961.0,11965.0,45688.0,3794.0,16139.0,43996.0
2025-07-19_05:38:25,,,,14108.0,16139.0,43996.0
2025-07-19_05:38:29,3358.0,11965.0,45688.0,12169.0,16139.0,43996.0
2025-07-19_05:38:29,,,,13977.0,16139.0,43996.0
2025-07-19_05:38:33,3319.0,11965.0,45688.0,12177.0,16139.0,43996.0
2025-07-19_05:38:33,8576.0,11965.0,45688.0,13829.0,16139.0,43996.0
2025-07-19_05:38:34,10107.0,11965.0,45688.0,14564.0,16139.0,43996.0
2025-07-19_05:38:34,10238.0,11965.0,45688.0,14461.0,16139.0,43996.0
2025-07-19_05:38:34,9865.0,11965.0,45688.0,14131.0,16139.0,43996.0
2025-07-19_05:38:34,,,,14022.0,16139.0,43996.0
2025-07-19_05:38:38,3358.0,11965.0,45688.0,12195.0,16139.0,43996.0
2025-07-19_05:38:38,9871.0,11965.0,45688.0,14088.0,16139.0,43996.0
2025-07-19_05:38:38,9555.0,11965.0,45688.0,14325.0,16139.0,43996.0
2025-07-19_05:38:39,9029.0,11965.0,45688.0,13784.0,16139.0,43996.0
2025-07-19_05:38:39,9842.0,11965.0,45688.0,14222.0,16139.0,43996.0
2025-07-19_05:38:39,8698.0,11965.0,45688.0,13980.0,16139.0,43996.0
2025-07-19_05:38:39,,,,12487.0,16139.0,43996.0
2025-07-19_05:38:43,2778.0,11965.0,45688.0,12185.0,16139.0,43996.0
2025-07-19_05:38:43,,,,13780.0,16139.0,43996.0
2025-07-19_05:38:47,3375.0,11965.0,45688.0,12161.0,16139.0,43996.0
2025-07-19_05:38:47,9475.0,11965.0,45688.0,14322.0,16139.0,43996.0
2025-07-19_05:38:47,9646.0,11965.0,45688.0,14006.0,16139.0,43996.0
2025-07-19_05:38:48,,,,,,
2025-07-19_05:38:51,6969.0,11965.0,45688.0,3792.0,16139.0,43996.0
2025-07-19_05:38:52,9680.0,11965.0,45688.0,14171.0,16139.0,43996.0
2025-07-19_05:38:52,9645.0,11965.0,45688.0,14115.0,16139.0,43996.0
2025-07-19_05:38:52,10099.0,11965.0,45688.0,14176.0,16139.0,43996.0
2025-07-19_05:38:52,9881.0,11965.0,45688.0,14305.0,16139.0,43996.0
2025-07-19_05:38:53,9291.0,11965.0,45688.0,13741.0,16139.0,43996.0
2025-07-19_05:38:53,,,,,,
2025-07-19_05:38:57,6968.0,11965.0,45688.0,3786.0,16139.0,43996.0
2025-07-19_05:38:57,9794.0,11965.0,45688.0,13925.0,16139.0,43996.0
2025-07-19_05:38:57,9689.0,11965.0,45688.0,14217.0,16139.0,43996.0
2025-07-19_05:38:57,9832.0,11965.0,45688.0,14122.0,16139.0,43996.0
2025-07-19_05:38:57,9583.0,11965.0,45688.0,13989.0,16139.0,43996.0
2025-07-19_05:38:58,,,,,,
2025-07-19_05:39:01,6964.0,11965.0,45688.0,3793.0,16139.0,43996.0
2025-07-19_05:39:02,9830.0,11965.0,45688.0,14220.0,16139.0,43996.0
2025-07-19_05:39:02,9414.0,11965.0,45688.0,14109.0,16139.0,43996.0
2025-07-19_05:39:02,9653.0,11965.0,45688.0,14099.0,16139.0,43996.0
2025-07-19_05:39:02,9272.0,11965.0,45688.0,13934.0,16139.0,43996.0
2025-07-19_05:39:03,9827.0,11965.0,45688.0,14228.0,16139.0,43996.0
2025-07-19_05:39:03,,,,,,
2025-07-19_05:39:07,6960.0,11965.0,45688.0,3792.0,16139.0,43996.0
2025-07-19_05:39:07,,,,14085.0,16139.0,43996.0
2025-07-19_05:39:11,3319.0,11965.0,45688.0,12194.0,16139.0,43996.0
2025-07-19_05:39:11,9426.0,11965.0,45688.0,13995.0,16139.0,43996.0
2025-07-19_05:39:11,9830.0,11965.0,45688.0,14112.0,16139.0,43996.0
2025-07-19_05:39:11,9704.0,11965.0,45688.0,14009.0,16139.0,43996.0
2025-07-19_05:39:11,9819.0,11965.0,45688.0,14400.0,16139.0,43996.0
2025-07-19_05:39:12,10298.0,11965.0,45688.0,14443.0,16139.0,43996.0
2025-07-19_05:39:12,,,,14213.0,16139.0,43996.0
2025-07-19_05:39:15,3358.0,11965.0,45688.0,12194.0,16139.0,43996.0
2025-07-19_05:39:16,10516.0,11965.0,45688.0,14768.0,16139.0,43996.0
2025-07-19_05:39:16,,,,14394.0,16139.0,43996.0
2025-07-19_05:39:20,3375.0,11965.0,45688.0,12159.0,16139.0,43996.0
2025-07-19_05:39:20,,,,13799.0,16139.0,43996.0
2025-07-19_05:39:24,3375.0,11965.0,45688.0,12188.0,16139.0,43996.0
2025-07-19_05:39:24,10114.0,11965.0,45688.0,14549.0,16139.0,43996.0
2025-07-19_05:39:24,,,,14138.0,16139.0,43996.0
2025-07-19_05:39:28,3302.0,11965.0,45688.0,12167.0,16139.0,43996.0
2025-07-19_05:39:28,,,,13773.0,16139.0,43996.0
2025-07-19_05:39:32,3321.0,11965.0,45688.0,12183.0,16139.0,43996.0
2025-07-19_05:39:32,9634.0,11965.0,45688.0,14418.0,16139.0,43996.0
2025-07-19_05:39:32,,,,14130.0,16139.0,43996.0
2025-07-19_05:39:36,,,,,,
2025-07-19_05:39:40,6963.0,11965.0,45688.0,3793.0,16139.0,43996.0
2025-07-19_05:39:40,,,,,,
2025-07-19_05:39:44,6969.0,11965.0,45688.0,3792.0,16139.0,43996.0
2025-07-19_05:39:44,9889.0,11965.0,45688.0,14294.0,16139.0,43996.0
2025-07-19_05:39:44,9717.0,11965.0,45688.0,14146.0,16139.0,43996.0
2025-07-19_05:39:44,,,,,,
2025-07-19_05:39:48,6963.0,11965.0,45688.0,3792.0,16139.0,43996.0
2025-07-19_05:39:48,,,,14092.0,16139.0,43996.0
2025-07-19_05:39:52,3302.0,11965.0,45688.0,12174.0,16139.0,43996.0
2025-07-19_05:39:52,10058.0,11965.0,45688.0,14362.0,16139.0,43996.0
2025-07-19_05:39:52,,,,13787.0,16139.0,43996.0
2025-07-19_05:39:56,3358.0,11965.0,45688.0,12147.0,16139.0,43996.0
2025-07-19_05:39:56,,,,13801.0,16139.0,43996.0
2025-07-19_05:40:00,3319.0,11965.0,45688.0,12162.0,16139.0,43996.0
2025-07-19_05:40:00,10245.0,11965.0,45688.0,14299.0,16139.0,43996.0
2025-07-19_05:40:00,9839.0,11965.0,45688.0,14004.0,16139.0,43996.0
2025-07-19_05:40:01,9804.0,11965.0,45688.0,14247.0,16139.0,43996.0
2025-07-19_05:40:01,9781.0,11965.0,45688.0,14366.0,16139.0,43996.0
2025-07-19_05:40:01,9787.0,11965.0,45688.0,14383.0,16139.0,43996.0
2025-07-19_05:40:01,10193.0,11965.0,45688.0,14524.0,16139.0,43996.0
2025-07-19_05:40:02,,,,14322.0,16139.0,43996.0
2025-07-19_05:40:05,3375.0,11965.0,45688.0,12183.0,16139.0,43996.0
2025-07-19_05:40:06,9813.0,11965.0,45688.0,14289.0,16139.0,43996.0
2025-07-19_05:40:06,9631.0,11965.0,45688.0,14285.0,16139.0,43996.0
2025-07-19_05:40:06,9683.0,11965.0,45688.0,14163.0,16139.0,43996.0
2025-07-19_05:40:06,9661.0,11965.0,45688.0,14297.0,16139.0,43996.0
2025-07-19_05:40:06,10170.0,11965.0,45688.0,14339.0,16139.0,43996.0
2025-07-19_05:40:07,8412.0,11965.0,45688.0,14140.0,16139.0,43996.0
2025-07-19_05:40:07,9664.0,11965.0,45688.0,14090.0,16139.0,43996.0
2025-07-19_05:40:07,9924.0,11965.0,45688.0,14106.0,16139.0,43996.0
2025-07-19_05:40:07,9956.0,11965.0,45688.0,14602.0,16139.0,43996.0
2025-07-19_05:40:08,9658.0,11965.0,45688.0,14250.0,16139.0,43996.0
2025-07-19_05:40:08,9592.0,11965.0,45688.0,13982.0,16139.0,43996.0
2025-07-19_05:40:08,,,,,,
2025-07-19_05:40:12,3300.0,11965.0,45688.0,4595.0,16139.0,43998.0
2025-07-19_05:40:12,,,,,,
2025-07-19_05:40:16,6964.0,11965.0,45688.0,3792.0,16139.0,43998.0
2025-07-19_05:40:16,9862.0,11965.0,45688.0,14350.0,16139.0,43998.0
2025-07-19_05:40:17,8651.0,11965.0,45688.0,14043.0,16139.0,43998.0
2025-07-19_05:40:17,,,,,,
2025-07-19_05:40:21,6958.0,11965.0,45688.0,3792.0,16139.0,43998.0
2025-07-19_05:40:21,9672.0,11965.0,45688.0,13949.0,16139.0,43998.0
2025-07-19_05:40:21,9898.0,11965.0,45688.0,14109.0,16139.0,43998.0
2025-07-19_05:40:21,9680.0,11965.0,45688.0,13969.0,16139.0,43998.0
2025-07-19_05:40:22,9964.0,11965.0,45688.0,14314.0,16139.0,43998.0
2025-07-19_05:40:22,9488.0,11965.0,45688.0,14388.0,16139.0,43998.0
2025-07-19_05:40:22,,,,,,
2025-07-19_05:40:26,6966.0,11965.0,45689.0,3793.0,16139.0,43998.0
2025-07-19_05:40:26,9656.0,11965.0,45689.0,14280.0,16139.0,43998.0
2025-07-19_05:40:26,,,,13898.0,16139.0,44001.0
2025-07-19_05:40:30,2778.0,11965.0,45689.0,12192.0,16139.0,44001.0
2025-07-19_05:40:30,9896.0,11965.0,45689.0,14080.0,16139.0,44001.0
2025-07-19_05:40:31,9210.0,11965.0,45689.0,13755.0,16139.0,44001.0
2025-07-19_05:40:31,,,,13977.0,16139.0,44001.0
2025-07-19_05:40:35,3302.0,11965.0,45689.0,12166.0,16139.0,44001.0
2025-07-19_05:40:35,10274.0,11965.0,45689.0,14289.0,16139.0,44001.0
2025-07-19_05:40:35,9290.0,11965.0,45689.0,14115.0,16139.0,44001.0
2025-07-19_05:40:35,9669.0,11965.0,45689.0,14130.0,16139.0,44001.0
2025-07-19_05:40:35,9874.0,11965.0,45689.0,14238.0,16139.0,44001.0
2025-07-19_05:40:36,,,,13844.0,16139.0,44001.0
2025-07-19_05:40:39,3302.0,11965.0,45689.0,12183.0,16139.0,44001.0
2025-07-19_05:40:39,9671.0,11965.0,45689.0,13972.0,16139.0,44001.0
2025-07-19_05:40:40,9816.0,11965.0,45689.0,14032.0,16139.0,44001.0
2025-07-19_05:40:40,9800.0,11965.0,45689.0,14354.0,16139.0,44001.0
2025-07-19_05:40:40,9906.0,11965.0,45689.0,14546.0,16139.0,44001.0
2025-07-19_05:40:40,,,,14053.0,16139.0,44001.0
2025-07-19_05:40:44,3302.0,11965.0,45689.0,12168.0,16139.0,44001.0
2025-07-19_05:40:44,9337.0,11965.0,45689.0,14043.0,16139.0,44001.0
2025-07-19_05:40:45,8896.0,11965.0,45689.0,13792.0,16139.0,44001.0
2025-07-19_05:40:45,9681.0,11965.0,45689.0,14171.0,16139.0,44001.0
2025-07-19_05:40:45,9737.0,11965.0,45689.0,14024.0,16139.0,44001.0
2025-07-19_05:40:45,9671.0,11965.0,45689.0,14178.0,16139.0,44001.0
2025-07-19_05:40:45,8518.0,11965.0,45689.0,13900.0,16139.0,44001.0
2025-07-19_05:40:46,9662.0,11965.0,45689.0,14092.0,16139.0,44001.0
2025-07-19_05:40:46,9663.0,11965.0,45689.0,13957.0,16139.0,44001.0
2025-07-19_05:40:46,10200.0,11965.0,45689.0,14638.0,16139.0,44001.0
2025-07-19_05:40:46,10052.0,11965.0,45689.0,14194.0,16139.0,44001.0
2025-07-19_05:40:47,9629.0,11965.0,45689.0,14290.0,16139.0,44001.0
2025-07-19_05:40:47,9965.0,11965.0,45689.0,14153.0,16139.0,44001.0
2025-07-19_05:40:47,9125.0,11965.0,45689.0,14047.0,16139.0,44001.0
2025-07-19_05:40:47,9683.0,11965.0,45689.0,14161.0,16139.0,44001.0
2025-07-19_05:40:48,10402.0,11965.0,45689.0,14587.0,16139.0,44001.0
2025-07-19_05:40:48,10729.0,11965.0,45689.0,14432.0,16139.0,44001.0
2025-07-19_05:40:48,,,,,,
2025-07-19_05:40:52,6964.0,11965.0,45689.0,3793.0,16139.0,44001.0
2025-07-19_05:40:52,,,,,,
2025-07-19_05:40:56,6959.0,11965.0,45689.0,3786.0,16139.0,44001.0
2025-07-19_05:40:56,9669.0,11965.0,45689.0,13983.0,16139.0,44001.0
2025-07-19_05:40:56,9063.0,11965.0,45689.0,14130.0,16139.0,44001.0
2025-07-19_05:40:57,9184.0,11965.0,45689.0,13976.0,16139.0,44001.0
2025-07-19_05:40:57,,,,13809.0,16139.0,44001.0
2025-07-19_05:41:01,2778.0,11965.0,45689.0,12192.0,16139.0,44001.0
2025-07-19_05:41:01,9679.0,11965.0,45689.0,14178.0,16139.0,44001.0
2025-07-19_05:41:01,,,,13760.0,16139.0,44001.0
2025-07-19_05:41:05,2778.0,11965.0,45689.0,12185.0,16139.0,44001.0
2025-07-19_05:41:05,9822.0,11965.0,45691.0,14272.0,16139.0,44001.0
2025-07-19_05:41:05,9880.0,11965.0,45691.0,14321.0,16139.0,44001.0
2025-07-19_05:41:06,,,,13823.0,16139.0,44001.0
2025-07-19_05:41:09,3375.0,11965.0,45691.0,12159.0,16139.0,44001.0
2025-07-19_05:41:09,,,,13978.0,16139.0,44001.0
2025-07-19_05:41:13,3319.0,11965.0,45691.0,12184.0,16139.0,44001.0
2025-07-19_05:41:13,9584.0,11965.0,45693.0,13988.0,16139.0,44001.0
2025-07-19_05:41:14,9894.0,11965.0,45693.0,14395.0,16139.0,44001.0
2025-07-19_05:41:14,9903.0,11965.0,45693.0,14361.0,16139.0,44001.0
2025-07-19_05:41:14,9835.0,11965.0,45693.0,14028.0,16139.0,44001.0
2025-07-19_05:41:14,10289.0,11965.0,45693.0,14496.0,16139.0,44001.0
2025-07-19_05:41:14,9946.0,11965.0,45693.0,14356.0,16139.0,44001.0
2025-07-19_05:41:15,10390.0,11965.0,45693.0,14369.0,16139.0,44001.0
2025-07-19_05:41:15,9668.0,11965.0,45693.0,13979.0,16139.0,44001.0
2025-07-19_05:41:15,,,,14265.0,16139.0,44001.0
2025-07-19_05:41:19,2778.0,11965.0,45693.0,12187.0,16139.0,44001.0
2025-07-19_05:41:19,9654.0,11965.0,45693.0,13977.0,16139.0,44001.0
2025-07-19_05:41:19,9493.0,11965.0,45693.0,14203.0,16139.0,44001.0
2025-07-19_05:41:20,9629.0,11965.0,45693.0,14089.0,16139.0,44001.0
2025-07-19_05:41:20,9649.0,11965.0,45693.0,14089.0,16139.0,44001.0
2025-07-19_05:41:20,10159.0,11965.0,45693.0,14312.0,16139.0,44001.0
2025-07-19_05:41:20,9251.0,11965.0,45693.0,14116.0,16139.0,44001.0
2025-07-19_05:41:21,9613.0,11965.0,45693.0,14299.0,16139.0,44001.0
2025-07-19_05:41:21,9465.0,11965.0,45693.0,14286.0,16139.0,44001.0
2025-07-19_05:41:21,9975.0,11965.0,45693.0,14564.0,16139.0,44001.0
2025-07-19_05:41:21,,,,14343.0,16139.0,44001.0
2025-07-19_05:41:25,3358.0,11965.0,45693.0,12161.0,16139.0,44001.0
2025-07-19_05:41:25,,,,13940.0,16139.0,44001.0
2025-07-19_05:41:29,3319.0,11965.0,45693.0,12192.0,16139.0,44001.0
2025-07-19_05:41:29,8586.0,11965.0,45693.0,13987.0,16139.0,44001.0
2025-07-19_05:41:29,,,,13781.0,16139.0,44001.0
2025-07-19_05:41:33,3319.0,11965.0,45693.0,12143.0,16139.0,44001.0
2025-07-19_05:41:33,9684.0,11965.0,45693.0,14162.0,16139.0,44001.0
2025-07-19_05:41:33,9449.0,11965.0,45693.0,14194.0,16139.0,44001.0
2025-07-19_05:41:34,,,,13785.0,16139.0,44001.0
2025-07-19_05:41:37,3302.0,11965.0,45693.0,12176.0,16139.0,44001.0
2025-07-19_05:41:38,,,,14110.0,16139.0,44001.0
2025-07-19_05:41:41,3302.0,11965.0,45693.0,12187.0,16139.0,44001.0
2025-07-19_05:41:41,,,,14044.0,16139.0,44001.0
2025-07-19_05:41:45,3373.0,11965.0,45693.0,12184.0,16139.0,44001.0
2025-07-19_05:41:45,9670.0,11965.0,45693.0,13982.0,16139.0,44001.0
2025-07-19_05:41:46,9678.0,11965.0,45693.0,14019.0,16139.0,44001.0
2025-07-19_05:41:46,,,,,,
2025-07-19_05:41:50,6965.0,11965.0,45693.0,3786.0,16139.0,44001.0
2025-07-19_05:41:50,9369.0,11965.0,45693.0,14117.0,16139.0,44001.0
2025-07-19_05:41:50,9675.0,11965.0,45693.0,13983.0,16139.0,44001.0
2025-07-19_05:41:50,10002.0,11965.0,45693.0,14166.0,16139.0,44001.0
2025-07-19_05:41:50,10023.0,11965.0,45693.0,14356.0,16139.0,44001.0
2025-07-19_05:41:51,9892.0,11965.0,45693.0,14346.0,16139.0,44001.0
2025-07-19_05:41:51,9847.0,11965.0,45693.0,14229.0,16139.0,44001.0
2025-07-19_05:41:51,9903.0,11965.0,45693.0,14258.0,16139.0,44001.0
2025-07-19_05:41:51,9800.0,11965.0,45693.0,14224.0,16139.0,44001.0
2025-07-19_05:41:52,9648.0,11965.0,45693.0,14289.0,16139.0,44001.0
2025-07-19_05:41:52,9677.0,11965.0,45693.0,13968.0,16139.0,44001.0
2025-07-19_05:41:52,,,,,,
2025-07-19_05:41:56,6964.0,11965.0,45693.0,3793.0,16139.0,44001.0
2025-07-19_05:41:56,8998.0,11965.0,45693.0,14123.0,16139.0,44001.0
2025-07-19_05:41:56,,,,,,
2025-07-19_05:42:01,2780.0,11965.0,45693.0,3776.0,16139.0,44001.0
2025-07-19_05:42:01,9657.0,11965.0,45693.0,14029.0,16139.0,44001.0
2025-07-19_05:42:01,9916.0,11965.0,45693.0,14282.0,16139.0,44001.0
2025-07-19_05:42:01,9668.0,11965.0,45693.0,14171.0,16139.0,44001.0
2025-07-19_05:42:02,10330.0,11965.0,45693.0,14686.0,16139.0,44001.0
2025-07-19_05:42:02,9843.0,11965.0,45693.0,14249.0,16139.0,44001.0
2025-07-19_05:42:02,9672.0,11965.0,45693.0,13978.0,16139.0,44001.0
2025-07-19_05:42:02,9694.0,11965.0,45693.0,14174.0,16139.0,44001.0
2025-07-19_05:42:03,9698.0,11965.0,45693.0,13927.0,16139.0,44001.0
2025-07-19_05:42:03,9682.0,11965.0,45693.0,13825.0,16139.0,44001.0
2025-07-19_05:42:03,9677.0,11965.0,45693.0,14178.0,16139.0,44001.0
2025-07-19_05:42:03,,,,14208.0,16139.0,44001.0
2025-07-19_05:42:07,3358.0,11965.0,45693.0,12194.0,16139.0,44001.0
2025-07-19_05:42:07,,,,14016.0,16139.0,44001.0
2025-07-19_05:42:11,3319.0,11965.0,45693.0,12190.0,16139.0,44001.0
2025-07-19_05:42:11,9940.0,11965.0,45693.0,14330.0,16139.0,44001.0
2025-07-19_05:42:11,9673.0,11965.0,45693.0,13971.0,16139.0,44001.0
2025-07-19_05:42:12,9674.0,11965.0,45693.0,13926.0,16139.0,44001.0
2025-07-19_05:42:12,10066.0,11965.0,45693.0,14313.0,16139.0,44001.0
2025-07-19_05:42:12,9682.0,11965.0,45693.0,13779.0,16139.0,44001.0
2025-07-19_05:42:12,9832.0,11965.0,45693.0,14213.0,16139.0,44001.0
2025-07-19_05:42:12,10115.0,11965.0,45693.0,14362.0,16139.0,44001.0
2025-07-19_05:42:13,9671.0,11965.0,45693.0,14173.0,16139.0,44001.0
2025-07-19_05:42:13,9720.0,11965.0,45693.0,14285.0,16139.0,44001.0
2025-07-19_05:42:13,9670.0,11965.0,45693.0,13978.0,16139.0,44001.0
2025-07-19_05:42:13,9566.0,11965.0,45693.0,14158.0,16139.0,44001.0
2025-07-19_05:42:13,9657.0,11965.0,45693.0,14176.0,16139.0,44001.0
2025-07-19_05:42:14,9794.0,11965.0,45693.0,14229.0,16139.0,44001.0
2025-07-19_05:42:14,9595.0,11965.0,45693.0,14189.0,16139.0,44001.0
2025-07-19_05:42:14,9657.0,11965.0,45693.0,14394.0,16139.0,44001.0
2025-07-19_05:42:14,9649.0,11965.0,45693.0,14132.0,16139.0,44001.0
2025-07-19_05:42:15,9671.0,11965.0,45693.0,13975.0,16139.0,44001.0
2025-07-19_05:42:15,9866.0,11965.0,45693.0,14342.0,16139.0,44001.0
2025-07-19_05:42:15,,,,14085.0,16139.0,44001.0
2025-07-19_05:42:19,3358.0,11965.0,45693.0,12197.0,16139.0,44001.0
2025-07-19_05:42:19,9502.0,11965.0,45693.0,14110.0,16139.0,44001.0
2025-07-19_05:42:19,10083.0,11965.0,45693.0,14499.0,16139.0,44001.0
2025-07-19_05:42:19,9853.0,11965.0,45693.0,14131.0,16139.0,44001.0
2025-07-19_05:42:20,10141.0,11965.0,45693.0,14328.0,16139.0,44001.0
2025-07-19_05:42:20,9928.0,11965.0,45693.0,14178.0,16139.0,44001.0
2025-07-19_05:42:20,9708.0,11965.0,45693.0,13896.0,16139.0,44001.0
2025-07-19_05:42:20,9633.0,11965.0,45693.0,14103.0,16139.0,44001.0
2025-07-19_05:42:21,,,,13785.0,16139.0,44001.0
2025-07-19_05:42:24,3358.0,11965.0,45693.0,12194.0,16139.0,44001.0
2025-07-19_05:42:24,9672.0,11965.0,45693.0,13979.0,16139.0,44001.0
2025-07-19_05:42:25,9879.0,11965.0,45693.0,14131.0,16139.0,44001.0
2025-07-19_05:42:25,9924.0,11965.0,45693.0,14372.0,16139.0,44001.0
2025-07-19_05:42:25,9683.0,11965.0,45693.0,13976.0,16139.0,44001.0
2025-07-19_05:42:25,9708.0,11965.0,45693.0,13977.0,16139.0,44001.0
2025-07-19_05:42:26,,,,13981.0,16139.0,44001.0
2025-07-19_05:42:29,3319.0,11965.0,45693.0,12188.0,16139.0,44001.0
2025-07-19_05:42:29,10164.0,11965.0,45693.0,14134.0,16139.0,44001.0
2025-07-19_05:42:30,9672.0,11965.0,45693.0,14154.0,16139.0,44001.0
2025-07-19_05:42:30,,,,13643.0,16139.0,44001.0
2025-07-19_05:42:34,3319.0,11965.0,45693.0,12167.0,16139.0,44001.0
2025-07-19_05:42:34,9628.0,11965.0,45693.0,13916.0,16139.0,44001.0
2025-07-19_05:42:34,9668.0,11965.0,45693.0,14171.0,16139.0,44001.0
2025-07-19_05:42:34,9712.0,11965.0,45693.0,14003.0,16139.0,44001.0
2025-07-19_05:42:34,9839.0,11965.0,45693.0,14266.0,16139.0,44001.0
2025-07-19_05:42:35,,,,14520.0,16139.0,44001.0
2025-07-19_05:42:38,3358.0,11965.0,45693.0,12144.0,16139.0,44001.0
2025-07-19_05:42:39,9327.0,11965.0,45693.0,14047.0,16139.0,44001.0
2025-07-19_05:42:39,,,,,,
2025-07-19_05:42:43,6960.0,11965.0,45693.0,3795.0,16139.0,44001.0
2025-07-19_05:42:44,2778.0,11965.0,45693.0,12187.0,16139.0,44001.0
2025-07-19_05:42:44,10083.0,11965.0,45693.0,14508.0,16139.0,44001.0
2025-07-19_05:42:44,,,,13789.0,16139.0,44001.0
2025-07-19_05:42:48,3375.0,11965.0,45693.0,12199.0,16139.0,44001.0
2025-07-19_05:42:48,9674.0,11965.0,45693.0,14086.0,16139.0,44001.0
2025-07-19_05:42:48,9958.0,11965.0,45693.0,14258.0,16139.0,44001.0
2025-07-19_05:42:48,,,,13933.0,16139.0,44001.0
2025-07-19_05:42:52,2778.0,11965.0,45693.0,12195.0,16139.0,44001.0
2025-07-19_05:42:52,9830.0,11965.0,45693.0,14248.0,16139.0,44001.0
2025-07-19_05:42:53,9682.0,11965.0,45693.0,14297.0,16139.0,44001.0
2025-07-19_05:42:53,,,,,,
2025-07-19_05:42:57,6967.0,11965.0,45693.0,3793.0,16139.0,44001.0
2025-07-19_05:42:57,9601.0,11965.0,45693.0,14273.0,16139.0,44001.0
2025-07-19_05:42:57,,,,13061.0,16139.0,44001.0
2025-07-19_05:43:01,2778.0,11965.0,45693.0,12187.0,16139.0,44001.0
2025-07-19_05:43:02,2778.0,11965.0,45693.0,12978.0,16139.0,44001.0
2025-07-19_05:43:02,9874.0,11965.0,45693.0,14121.0,16139.0,44001.0
2025-07-19_05:43:02,9685.0,11965.0,45693.0,14204.0,16139.0,44001.0
2025-07-19_05:43:03,,,,13980.0,16139.0,44001.0
2025-07-19_05:43:06,3319.0,11965.0,45693.0,12184.0,16139.0,44001.0
2025-07-19_05:43:06,9650.0,11965.0,45693.0,14280.0,16139.0,44001.0
2025-07-19_05:43:07,10096.0,11965.0,45693.0,14329.0,16139.0,44001.0
2025-07-19_05:43:07,9668.0,11965.0,45693.0,13977.0,16139.0,44001.0
2025-07-19_05:43:07,9671.0,11965.0,45693.0,14053.0,16139.0,44001.0
2025-07-19_05:43:07,9666.0,11965.0,45693.0,13972.0,16139.0,44001.0
2025-07-19_05:43:08,9181.0,11965.0,45693.0,13976.0,16139.0,44001.0
2025-07-19_05:43:08,,,,13781.0,16139.0,44001.0
2025-07-19_05:43:12,3319.0,11965.0,45693.0,12167.0,16139.0,44001.0
2025-07-19_05:43:12,9661.0,11965.0,45693.0,14289.0,16139.0,44001.0
2025-07-19_05:43:12,9866.0,11965.0,45693.0,14382.0,16139.0,44001.0
2025-07-19_05:43:12,9904.0,11965.0,45693.0,14286.0,16139.0,44001.0
2025-07-19_05:43:12,,,,,,
2025-07-19_05:43:17,2778.0,11965.0,45693.0,3776.0,16139.0,44001.0
2025-07-19_05:43:17,9480.0,11965.0,45693.0,14328.0,16139.0,44001.0
2025-07-19_05:43:17,9670.0,11965.0,45693.0,13970.0,16139.0,44001.0
2025-07-19_05:43:17,9660.0,11965.0,45693.0,14302.0,16139.0,44001.0
2025-07-19_05:43:18,9669.0,11965.0,45693.0,13975.0,16139.0,44001.0
2025-07-19_05:43:18,9802.0,11965.0,45693.0,14318.0,16139.0,44001.0
2025-07-19_05:43:18,10031.0,11965.0,45693.0,14314.0,16139.0,44001.0
2025-07-19_05:43:18,9669.0,11965.0,45693.0,13961.0,16139.0,44001.0
2025-07-19_05:43:19,9671.0,11965.0,45693.0,13975.0,16139.0,44001.0
2025-07-19_05:43:19,,,,,,
2025-07-19_05:43:23,6970.0,11965.0,45693.0,3794.0,16139.0,44001.0
2025-07-19_05:43:23,,,,,,
2025-07-19_05:43:27,6966.0,11965.0,45693.0,3793.0,16139.0,44001.0
2025-07-19_05:43:27,9671.0,11965.0,45693.0,13958.0,16139.0,44001.0
2025-07-19_05:43:27,9293.0,11965.0,45693.0,14096.0,16139.0,44001.0
2025-07-19_05:43:27,,,,13787.0,16139.0,44001.0
2025-07-19_05:43:31,3302.0,11965.0,45693.0,12196.0,16139.0,44001.0
2025-07-19_05:43:31,9027.0,11965.0,45693.0,13963.0,16139.0,44001.0
2025-07-19_05:43:32,,,,13800.0,16139.0,44001.0
2025-07-19_05:43:35,3302.0,11965.0,45693.0,12192.0,16139.0,44001.0
2025-07-19_05:43:35,,,,,,
2025-07-19_05:43:39,6968.0,11965.0,45693.0,3793.0,16139.0,44001.0
2025-07-19_05:43:39,9671.0,11965.0,45693.0,14173.0,16139.0,44001.0
2025-07-19_05:43:40,10139.0,11965.0,45693.0,14366.0,16139.0,44001.0
2025-07-19_05:43:40,9857.0,11965.0,45693.0,14076.0,16139.0,44001.0
2025-07-19_05:43:40,9676.0,11965.0,45693.0,13976.0,16139.0,44001.0
2025-07-19_05:43:40,10063.0,11965.0,45693.0,14512.0,16139.0,44001.0
2025-07-19_05:43:41,9683.0,11965.0,45693.0,14169.0,16139.0,44001.0
2025-07-19_05:43:41,9729.0,11965.0,45693.0,14245.0,16139.0,44001.0
2025-07-19_05:43:41,,,,11867.0,16139.0,44001.0
2025-07-19_05:43:45,2778.0,11965.0,45693.0,12168.0,16139.0,44001.0
2025-07-19_05:43:45,9735.0,11965.0,45693.0,13899.0,16139.0,44001.0
2025-07-19_05:43:45,,,,13968.0,16139.0,44001.0
2025-07-19_05:43:49,,,,,,
2025-07-19_05:43:53,6966.0,11965.0,45693.0,3794.0,16139.0,44001.0
2025-07-19_05:43:53,,,,13984.0,16139.0,44001.0
2025-07-19_05:43:57,3375.0,11965.0,45693.0,12190.0,16139.0,44001.0
2025-07-19_05:43:57,9677.0,11965.0,45693.0,14170.0,16139.0,44001.0
2025-07-19_05:43:57,9688.0,11965.0,45693.0,14162.0,16139.0,44001.0
2025-07-19_05:43:58,,,,14235.0,16139.0,44001.0
2025-07-19_05:44:01,3360.0,11965.0,45693.0,12199.0,16139.0,44001.0
2025-07-19_05:44:01,,,,13777.0,16139.0,44001.0
2025-07-19_05:44:05,3319.0,11965.0,45693.0,12164.0,16139.0,44001.0
2025-07-19_05:44:05,9846.0,11965.0,45693.0,14233.0,16139.0,44001.0
2025-07-19_05:44:06,,,,14027.0,16139.0,44001.0
2025-07-19_05:44:09,3373.0,11965.0,45693.0,12186.0,16139.0,44001.0
2025-07-19_05:44:09,9668.0,11965.0,45693.0,14164.0,16139.0,44001.0
2025-07-19_05:44:10,9670.0,11965.0,45693.0,13982.0,16139.0,44001.0
2025-07-19_05:44:10,9705.0,11965.0,45693.0,13984.0,16139.0,44001.0
2025-07-19_05:44:10,,,,,,
2025-07-19_05:44:14,6966.0,11965.0,45693.0,3792.0,16139.0,44001.0
2025-07-19_05:44:14,,,,,,
2025-07-19_05:44:18,6967.0,11965.0,45693.0,3793.0,16139.0,44001.0
2025-07-19_05:44:18,9453.0,11965.0,45693.0,13938.0,16139.0,44001.0
2025-07-19_05:44:18,9642.0,11965.0,45693.0,14108.0,16139.0,44001.0
2025-07-19_05:44:19,10129.0,11965.0,45693.0,14250.0,16139.0,44001.0
2025-07-19_05:44:19,9910.0,11965.0,45693.0,14257.0,16139.0,44001.0
2025-07-19_05:44:19,,,,13789.0,16139.0,44001.0
2025-07-19_05:44:23,3302.0,11965.0,45693.0,12199.0,16139.0,44001.0
2025-07-19_05:44:23,,,,13987.0,16139.0,44001.0
2025-07-19_05:44:27,3319.0,11965.0,45693.0,12162.0,16139.0,44001.0
2025-07-19_05:44:27,10068.0,11965.0,45693.0,14315.0,16139.0,44001.0
2025-07-19_05:44:27,9690.0,11965.0,45693.0,14170.0,16139.0,44001.0
2025-07-19_05:44:27,9678.0,11965.0,45693.0,13971.0,16139.0,44001.0
2025-07-19_05:44:28,9668.0,11965.0,45693.0,13968.0,16139.0,44001.0
2025-07-19_05:44:28,9670.0,11965.0,45693.0,13794.0,16139.0,44001.0
2025-07-19_05:44:28,9918.0,11965.0,45693.0,14274.0,16139.0,44001.0
2025-07-19_05:44:28,9511.0,11965.0,45693.0,14285.0,16139.0,44001.0
2025-07-19_05:44:29,9835.0,11965.0,45693.0,14035.0,16139.0,44001.0
2025-07-19_05:44:29,9646.0,11965.0,45693.0,14109.0,16139.0,44001.0
2025-07-19_05:44:29,9671.0,11965.0,45693.0,14172.0,16139.0,44001.0
2025-07-19_05:44:29,9671.0,11965.0,45693.0,13967.0,16139.0,44001.0
2025-07-19_05:44:30,9480.0,11965.0,45693.0,14094.0,16139.0,44001.0
2025-07-19_05:44:30,9671.0,11965.0,45693.0,13972.0,16139.0,44001.0
2025-07-19_05:44:30,9655.0,11965.0,45693.0,14285.0,16139.0,44001.0
2025-07-19_05:44:30,9670.0,11965.0,45693.0,13965.0,16139.0,44001.0
2025-07-19_05:44:30,9669.0,11965.0,45693.0,14170.0,16139.0,44001.0
2025-07-19_05:44:31,9413.0,11965.0,45693.0,13960.0,16139.0,44001.0
2025-07-19_05:44:31,,,,13961.0,16139.0,44001.0
2025-07-19_05:44:35,3319.0,11965.0,45693.0,12186.0,16139.0,44001.0
2025-07-19_05:44:35,10053.0,11965.0,45693.0,14362.0,16139.0,44001.0
2025-07-19_05:44:35,9672.0,11965.0,45693.0,13964.0,16139.0,44001.0
2025-07-19_05:44:35,9671.0,11965.0,45693.0,13974.0,16139.0,44001.0
2025-07-19_05:44:35,9674.0,11965.0,45693.0,13980.0,16139.0,44001.0
2025-07-19_05:44:36,9179.0,11965.0,45693.0,13970.0,16139.0,44001.0
2025-07-19_05:44:36,9646.0,11965.0,45693.0,14286.0,16139.0,44001.0
2025-07-19_05:44:36,10087.0,11965.0,45693.0,14519.0,16139.0,44001.0
2025-07-19_05:44:36,9740.0,11965.0,45693.0,14323.0,16139.0,44001.0
2025-07-19_05:44:37,9795.0,11965.0,45693.0,14210.0,16139.0,44001.0
2025-07-19_05:44:37,,,,,,
2025-07-19_05:44:41,6969.0,11965.0,45693.0,3792.0,16139.0,44001.0
2025-07-19_05:44:41,,,,,,
2025-07-19_05:44:45,6963.0,11965.0,45693.0,3793.0,16139.0,44001.0
2025-07-19_05:44:45,,,,13778.0,16139.0,44001.0
2025-07-19_05:44:49,3304.0,11965.0,45693.0,12183.0,16139.0,44001.0
2025-07-19_05:44:49,9670.0,11965.0,45693.0,13976.0,16139.0,44001.0
2025-07-19_05:44:49,9303.0,11965.0,45693.0,13920.0,16139.0,44001.0
2025-07-19_05:44:49,,,,,,
2025-07-19_05:44:53,6964.0,11965.0,45693.0,3793.0,16139.0,44001.0
2025-07-19_05:44:53,9840.0,11965.0,45693.0,14078.0,16139.0,44001.0
2025-07-19_05:44:53,9676.0,11965.0,45693.0,13974.0,16139.0,44001.0
2025-07-19_05:44:54,10238.0,11965.0,45693.0,14048.0,16139.0,44001.0
2025-07-19_05:44:54,9083.0,11965.0,45693.0,13941.0,16139.0,44001.0
2025-07-19_05:44:54,,,,,,
2025-07-19_05:44:58,6959.0,11965.0,45693.0,3792.0,16139.0,44001.0
2025-07-19_05:44:58,9687.0,11965.0,45693.0,13957.0,16139.0,44001.0
2025-07-19_05:44:58,9924.0,11965.0,45693.0,14423.0,16139.0,44001.0
2025-07-19_05:44:58,9805.0,11965.0,45693.0,14030.0,16139.0,44001.0
2025-07-19_05:44:59,10106.0,11965.0,45693.0,14363.0,16139.0,44001.0
2025-07-19_05:44:59,9647.0,11965.0,45693.0,13923.0,16139.0,44001.0
2025-07-19_05:44:59,9761.0,11965.0,45693.0,14314.0,16139.0,44001.0
2025-07-19_05:44:59,9668.0,11965.0,45693.0,13978.0,16139.0,44001.0
2025-07-19_05:45:00,,,,13979.0,16139.0,44001.0
2025-07-19_05:45:03,3319.0,11965.0,45693.0,12190.0,16139.0,44001.0
2025-07-19_05:45:03,9058.0,11965.0,45693.0,13930.0,16139.0,44001.0
2025-07-19_05:45:04,9824.0,11965.0,45693.0,14217.0,16139.0,44001.0
2025-07-19_05:45:04,,,,13973.0,16139.0,44001.0
2025-07-19_05:45:08,,,,,,
2025-07-19_05:45:11,6967.0,11965.0,45693.0,3794.0,16139.0,44001.0
2025-07-19_05:45:12,9512.0,11965.0,45693.0,14088.0,16139.0,44001.0
2025-07-19_05:45:12,,,,14228.0,16139.0,44001.0
2025-07-19_05:45:16,3375.0,11965.0,45693.0,12179.0,16139.0,44001.0
2025-07-19_05:45:16,9791.0,11965.0,45693.0,14023.0,16139.0,44001.0
2025-07-19_05:45:16,9677.0,11965.0,45693.0,13971.0,16139.0,44001.0
2025-07-19_05:45:16,9685.0,11965.0,45693.0,13982.0,16139.0,44001.0
2025-07-19_05:45:16,,,,13610.0,16139.0,44001.0
2025-07-19_05:45:20,3302.0,11965.0,45693.0,12184.0,16139.0,44001.0
2025-07-19_05:45:20,,,,14050.0,16139.0,44001.0
2025-07-19_05:45:24,3375.0,11965.0,45693.0,12192.0,16139.0,44001.0
2025-07-19_05:45:24,9679.0,11965.0,45693.0,14181.0,16139.0,44001.0
2025-07-19_05:45:25,9607.0,11965.0,45693.0,14110.0,16139.0,44001.0
2025-07-19_05:45:25,9454.0,11965.0,45693.0,14080.0,16139.0,44001.0
2025-07-19_05:45:25,9711.0,11965.0,45693.0,14106.0,16139.0,44001.0
2025-07-19_05:45:25,9663.0,11965.0,45693.0,14169.0,16139.0,44001.0
2025-07-19_05:45:25,9661.0,11965.0,45693.0,13982.0,16139.0,44001.0
2025-07-19_05:45:26,,,,13971.0,16139.0,44001.0
2025-07-19_05:45:29,3375.0,11965.0,45693.0,12187.0,16139.0,44001.0
2025-07-19_05:45:30,9799.0,11965.0,45693.0,14226.0,16139.0,44001.0
2025-07-19_05:45:30,9812.0,11965.0,45693.0,13786.0,16139.0,44001.0
2025-07-19_05:45:30,9672.0,11965.0,45693.0,14164.0,16139.0,44001.0
2025-07-19_05:45:30,,,,,,
2025-07-19_05:45:34,6963.0,11965.0,45693.0,3793.0,16139.0,44001.0
2025-07-19_05:45:34,10118.0,11965.0,45693.0,14247.0,16139.0,44001.0
2025-07-19_05:45:35,,,,13074.0,16139.0,44001.0
2025-07-19_05:45:38,2778.0,11965.0,45693.0,12186.0,16139.0,44001.0
2025-07-19_05:45:39,9795.0,11965.0,45693.0,14222.0,16139.0,44001.0
2025-07-19_05:45:39,9678.0,11965.0,45693.0,14398.0,16139.0,44001.0
2025-07-19_05:45:39,9669.0,11965.0,45693.0,14175.0,16139.0,44001.0
2025-07-19_05:45:39,,,,,,
2025-07-19_05:45:43,6960.0,11965.0,45693.0,3792.0,16139.0,44001.0
2025-07-19_05:45:43,9672.0,11965.0,45693.0,14464.0,16139.0,44001.0
2025-07-19_05:45:44,9732.0,11965.0,45693.0,14079.0,16139.0,44001.0
2025-07-19_05:45:44,9583.0,11965.0,45693.0,13975.0,16139.0,44001.0
2025-07-19_05:45:44,,,,,,
2025-07-19_05:45:48,6964.0,11965.0,45693.0,3792.0,16139.0,44001.0
2025-07-19_05:45:48,,,,,,
2025-07-19_05:45:52,6965.0,11965.0,45693.0,3787.0,16139.0,44001.0
2025-07-19_05:45:52,9668.0,11965.0,45693.0,13819.0,16139.0,44001.0
2025-07-19_05:45:52,9727.0,11965.0,45693.0,13847.0,16139.0,44001.0
2025-07-19_05:45:53,,,,14103.0,16139.0,44001.0
2025-07-19_05:45:56,3375.0,11965.0,45693.0,12183.0,16139.0,44001.0
2025-07-19_05:45:56,9687.0,11965.0,45693.0,13767.0,16139.0,44001.0
2025-07-19_05:45:57,9876.0,11965.0,45693.0,14289.0,16139.0,44001.0
2025-07-19_05:45:57,9672.0,11965.0,45693.0,13973.0,16139.0,44001.0
2025-07-19_05:45:57,,,,14091.0,16139.0,44001.0
2025-07-19_05:46:01,3375.0,11965.0,45693.0,12184.0,16139.0,44001.0
2025-07-19_05:46:01,9673.0,11965.0,45693.0,14178.0,16139.0,44001.0
2025-07-19_05:46:01,10206.0,11965.0,45696.0,14527.0,16139.0,44001.0
2025-07-19_05:46:02,9403.0,11965.0,45696.0,13930.0,16139.0,44001.0
2025-07-19_05:46:02,9671.0,11965.0,45696.0,14170.0,16139.0,44001.0
2025-07-19_05:46:02,,,,,,
2025-07-19_05:46:06,,,,3792.0,16139.0,44001.0
2025-07-19_05:46:10,2778.0,11965.0,45696.0,12187.0,16139.0,44001.0
2025-07-19_05:46:10,10021.0,11965.0,45698.0,14359.0,16139.0,44001.0
2025-07-19_05:46:10,9635.0,11965.0,45698.0,14279.0,16139.0,44001.0
2025-07-19_05:46:10,9798.0,11965.0,45698.0,13852.0,16139.0,44001.0
2025-07-19_05:46:10,9679.0,11965.0,45698.0,13965.0,16139.0,44001.0
2025-07-19_05:46:11,9592.0,11965.0,45698.0,14226.0,16139.0,44001.0
2025-07-19_05:46:11,9692.0,11965.0,45698.0,14191.0,16139.0,44001.0
2025-07-19_05:46:11,9908.0,11965.0,45699.0,14078.0,16139.0,44004.0
2025-07-19_05:46:11,,,,,,
2025-07-19_05:46:15,6964.0,11965.0,45699.0,3793.0,16139.0,44004.0
2025-07-19_05:46:15,9648.0,11965.0,45699.0,14294.0,16139.0,44004.0
2025-07-19_05:46:16,,,,,,
2025-07-19_05:46:19,6968.0,11965.0,45699.0,3792.0,16139.0,44004.0
2025-07-19_05:46:20,9792.0,11965.0,45699.0,14250.0,16139.0,44004.0
2025-07-19_05:46:20,10140.0,11965.0,45699.0,14582.0,16139.0,44004.0
2025-07-19_05:46:20,9943.0,11965.0,45699.0,14308.0,16139.0,44004.0
2025-07-19_05:46:20,9673.0,11965.0,45699.0,13971.0,16139.0,44004.0
2025-07-19_05:46:21,9647.0,11965.0,45699.0,13977.0,16139.0,44004.0
2025-07-19_05:46:21,9685.0,11965.0,45699.0,13995.0,16139.0,44004.0
2025-07-19_05:46:21,,,,13796.0,16139.0,44004.0
2025-07-19_05:46:25,3302.0,11965.0,45699.0,12168.0,16139.0,44004.0
2025-07-19_05:46:25,9684.0,11965.0,45699.0,13731.0,16139.0,44004.0
2025-07-19_05:46:25,9851.0,11965.0,45699.0,14070.0,16139.0,44004.0
2025-07-19_05:46:25,9838.0,11965.0,45699.0,14219.0,16139.0,44004.0
2025-07-19_05:46:25,9635.0,11965.0,45699.0,14223.0,16139.0,44004.0
2025-07-19_05:46:26,,,,13975.0,16139.0,44004.0
2025-07-19_05:46:29,3319.0,11965.0,45699.0,12178.0,16139.0,44004.0
2025-07-19_05:46:30,9847.0,11965.0,45699.0,14238.0,16139.0,44004.0
2025-07-19_05:46:30,9645.0,11965.0,45699.0,14112.0,16139.0,44004.0
2025-07-19_05:46:30,9669.0,11965.0,45699.0,14172.0,16139.0,44004.0
2025-07-19_05:46:30,9648.0,11965.0,45699.0,14295.0,16139.0,44004.0
2025-07-19_05:46:31,10085.0,11965.0,45699.0,14273.0,16139.0,44004.0
2025-07-19_05:46:31,9846.0,11965.0,45699.0,14225.0,16139.0,44004.0
2025-07-19_05:46:31,9673.0,11965.0,45699.0,14166.0,16139.0,44004.0
2025-07-19_05:46:31,9883.0,11965.0,45699.0,14133.0,16139.0,44004.0
2025-07-19_05:46:31,9679.0,11965.0,45699.0,14170.0,16139.0,44004.0
2025-07-19_05:46:32,9670.0,11965.0,45699.0,13788.0,16139.0,44004.0
2025-07-19_05:46:32,9824.0,11965.0,45699.0,14032.0,16139.0,44004.0
2025-07-19_05:46:32,,,,14039.0,16139.0,44004.0
2025-07-19_05:46:36,3319.0,11965.0,45699.0,12189.0,16139.0,44004.0
2025-07-19_05:46:36,10099.0,11965.0,45699.0,14242.0,16139.0,44004.0
2025-07-19_05:46:36,9661.0,11965.0,45699.0,14460.0,16139.0,44004.0
2025-07-19_05:46:36,,,,13970.0,16139.0,44004.0
2025-07-19_05:46:40,,,,,,
2025-07-19_05:46:44,6965.0,11965.0,45699.0,3792.0,16139.0,44004.0
2025-07-19_05:46:44,10068.0,11965.0,45699.0,14320.0,16139.0,44004.0
2025-07-19_05:46:44,9679.0,11965.0,45699.0,14164.0,16139.0,44004.0
2025-07-19_05:46:45,9666.0,11965.0,45699.0,14176.0,16139.0,44004.0
2025-07-19_05:46:45,9683.0,11965.0,45699.0,14180.0,16139.0,44004.0
2025-07-19_05:46:45,9670.0,11965.0,45699.0,13964.0,16139.0,44004.0
2025-07-19_05:46:45,9826.0,11965.0,45699.0,14228.0,16139.0,44004.0
2025-07-19_05:46:46,,,,,,
2025-07-19_05:46:49,6966.0,11965.0,45699.0,3793.0,16139.0,44004.0
2025-07-19_05:46:50,9669.0,11965.0,45699.0,13982.0,16139.0,44004.0
2025-07-19_05:46:50,9675.0,11965.0,45699.0,13974.0,16139.0,44004.0
2025-07-19_05:46:50,,,,,,
2025-07-19_05:46:54,6965.0,11965.0,45699.0,3792.0,16139.0,44004.0
2025-07-19_05:46:54,9821.0,11965.0,45699.0,14348.0,16139.0,44004.0
2025-07-19_05:46:54,9669.0,11965.0,45699.0,13999.0,16139.0,44004.0
2025-07-19_05:46:55,9679.0,11965.0,45699.0,13981.0,16139.0,44004.0
2025-07-19_05:46:55,9668.0,11965.0,45699.0,13974.0,16139.0,44004.0
2025-07-19_05:46:55,,,,13786.0,16139.0,44004.0
2025-07-19_05:46:59,3302.0,11965.0,45699.0,12194.0,16139.0,44004.0
2025-07-19_05:46:59,9909.0,11965.0,45699.0,14245.0,16139.0,44004.0
2025-07-19_05:46:59,9890.0,11965.0,45699.0,14250.0,16139.0,44004.0
2025-07-19_05:46:59,9674.0,11965.0,45699.0,13980.0,16139.0,44004.0
2025-07-19_05:47:00,,,,13777.0,16139.0,44004.0
2025-07-19_05:47:03,3302.0,11965.0,45699.0,12196.0,16139.0,44004.0
2025-07-19_05:47:03,9763.0,11965.0,45699.0,14250.0,16139.0,44004.0
2025-07-19_05:47:04,9796.0,11965.0,45699.0,14028.0,16139.0,44004.0
2025-07-19_05:47:04,9788.0,11965.0,45699.0,14015.0,16139.0,44004.0
2025-07-19_05:47:04,9674.0,11965.0,45699.0,14165.0,16139.0,44004.0
2025-07-19_05:47:04,9671.0,11965.0,45699.0,14169.0,16139.0,44004.0
2025-07-19_05:47:05,9790.0,11965.0,45699.0,14028.0,16139.0,44004.0
2025-07-19_05:47:05,9572.0,11965.0,45699.0,13977.0,16139.0,44004.0
2025-07-19_05:47:05,9669.0,11965.0,45699.0,13963.0,16139.0,44004.0
2025-07-19_05:47:05,9672.0,11965.0,45699.0,14178.0,16139.0,44004.0
2025-07-19_05:47:05,9676.0,11965.0,45699.0,14212.0,16139.0,44004.0
2025-07-19_05:47:06,8547.0,11965.0,45699.0,13965.0,16139.0,44004.0
2025-07-19_05:47:06,,,,14442.0,16139.0,44004.0
2025-07-19_05:47:10,2780.0,11965.0,45699.0,12194.0,16139.0,44004.0
2025-07-19_05:47:10,,,,,,
2025-07-19_05:47:14,6968.0,11965.0,45699.0,3793.0,16139.0,44004.0
2025-07-19_05:47:14,9626.0,11965.0,45699.0,14287.0,16139.0,44004.0
2025-07-19_05:47:14,9672.0,11965.0,45699.0,14176.0,16139.0,44004.0
2025-07-19_05:47:15,,,,,,
2025-07-19_05:47:18,6957.0,11965.0,45699.0,3793.0,16139.0,44004.0
2025-07-19_05:47:19,10040.0,11965.0,45699.0,14587.0,16139.0,44004.0
2025-07-19_05:47:19,9644.0,11965.0,45699.0,14277.0,16139.0,44004.0
2025-07-19_05:47:19,9673.0,11965.0,45699.0,13972.0,16139.0,44004.0
2025-07-19_05:47:19,9734.0,11965.0,45699.0,14070.0,16139.0,44004.0
2025-07-19_05:47:19,9677.0,11965.0,45699.0,14020.0,16139.0,44004.0
2025-07-19_05:47:20,9670.0,11965.0,45699.0,13968.0,16139.0,44004.0
2025-07-19_05:47:20,9679.0,11965.0,45699.0,14224.0,16139.0,44004.0
2025-07-19_05:47:20,9664.0,11965.0,45699.0,14287.0,16139.0,44004.0
2025-07-19_05:47:20,9669.0,11965.0,45699.0,13970.0,16139.0,44004.0
2025-07-19_05:47:21,9961.0,11965.0,45699.0,14371.0,16139.0,44004.0
2025-07-19_05:47:21,,,,14033.0,16139.0,44004.0
2025-07-19_05:47:25,3358.0,11965.0,45699.0,12195.0,16139.0,44004.0
2025-07-19_05:47:25,,,,13985.0,16139.0,44004.0
2025-07-19_05:47:28,3319.0,11965.0,45699.0,12190.0,16139.0,44004.0
2025-07-19_05:47:29,9675.0,11965.0,45699.0,14168.0,16139.0,44004.0
2025-07-19_05:47:29,9673.0,11965.0,45699.0,14199.0,16139.0,44004.0
2025-07-19_05:47:29,9785.0,11965.0,45699.0,14367.0,16139.0,44004.0
2025-07-19_05:47:29,9665.0,11965.0,45699.0,13790.0,16139.0,44004.0
2025-07-19_05:47:30,10095.0,11965.0,45699.0,14238.0,16139.0,44004.0
2025-07-19_05:47:30,9681.0,11965.0,45701.0,14188.0,16139.0,44004.0
2025-07-19_05:47:30,9646.0,11965.0,45701.0,14283.0,16139.0,44004.0
2025-07-19_05:47:30,9654.0,11965.0,45701.0,14324.0,16139.0,44004.0
2025-07-19_05:47:30,9295.0,11965.0,45701.0,14181.0,16139.0,44004.0
2025-07-19_05:47:31,9650.0,11965.0,45701.0,13981.0,16139.0,44004.0
2025-07-19_05:47:31,9668.0,11965.0,45701.0,13982.0,16139.0,44004.0
2025-07-19_05:47:31,9674.0,11965.0,45701.0,13983.0,16139.0,44004.0
2025-07-19_05:47:31,10201.0,11965.0,45701.0,14532.0,16139.0,44004.0
2025-07-19_05:47:32,,,,13780.0,16139.0,44004.0
2025-07-19_05:47:35,3319.0,11965.0,45701.0,12153.0,16139.0,44004.0
2025-07-19_05:47:35,10222.0,11965.0,45701.0,14300.0,16139.0,44004.0
2025-07-19_05:47:36,9292.0,11965.0,45701.0,14176.0,16139.0,44004.0
2025-07-19_05:47:36,9671.0,11965.0,45701.0,14161.0,16139.0,44004.0
2025-07-19_05:47:36,,,,,,
2025-07-19_05:47:40,6969.0,11965.0,45701.0,3792.0,16139.0,44004.0
2025-07-19_05:47:40,9665.0,11965.0,45701.0,13798.0,16139.0,44004.0
2025-07-19_05:47:40,9800.0,11965.0,45701.0,13996.0,16139.0,44004.0
2025-07-19_05:47:41,9648.0,11965.0,45701.0,14270.0,16139.0,44004.0
2025-07-19_05:47:41,9815.0,11965.0,45701.0,14184.0,16139.0,44004.0
2025-07-19_05:47:41,,,,,,
2025-07-19_05:47:45,6968.0,11965.0,45701.0,3787.0,16139.0,44004.0
2025-07-19_05:47:45,,,,,,
2025-07-19_05:47:49,6963.0,11965.0,45701.0,3793.0,16139.0,44004.0
2025-07-19_05:47:49,9753.0,11965.0,45701.0,14240.0,16139.0,44004.0
2025-07-19_05:47:49,9936.0,11965.0,45701.0,14206.0,16139.0,44004.0
2025-07-19_05:47:50,9672.0,11965.0,45701.0,13968.0,16139.0,44004.0
2025-07-19_05:47:50,,,,13960.0,16139.0,44004.0
2025-07-19_05:47:54,3302.0,11965.0,45701.0,12195.0,16139.0,44004.0
2025-07-19_05:47:54,10093.0,11965.0,45701.0,14506.0,16139.0,44004.0
2025-07-19_05:47:54,9827.0,11965.0,45701.0,14046.0,16139.0,44004.0
2025-07-19_05:47:54,9672.0,11965.0,45701.0,14166.0,16139.0,44004.0
2025-07-19_05:47:54,10064.0,11965.0,45701.0,14344.0,16139.0,44004.0
2025-07-19_05:47:55,9681.0,11965.0,45701.0,14150.0,16139.0,44004.0
2025-07-19_05:47:55,,,,13794.0,16139.0,44004.0
2025-07-19_05:47:59,3319.0,11965.0,45701.0,12188.0,16139.0,44004.0
2025-07-19_05:47:59,9672.0,11965.0,45701.0,14164.0,16139.0,44004.0
2025-07-19_05:47:59,9669.0,11965.0,45701.0,13976.0,16139.0,44004.0
2025-07-19_05:47:59,,,,14244.0,16139.0,44004.0
2025-07-19_05:48:03,2778.0,11965.0,45701.0,12194.0,16139.0,44004.0
2025-07-19_05:48:03,9805.0,11965.0,45701.0,14045.0,16139.0,44004.0
2025-07-19_05:48:03,9677.0,11965.0,45701.0,13767.0,16139.0,44004.0
2025-07-19_05:48:04,9668.0,11965.0,45701.0,13978.0,16139.0,44004.0
2025-07-19_05:48:04,,,,13787.0,16139.0,44004.0
2025-07-19_05:48:08,3319.0,11965.0,45701.0,12190.0,16139.0,44004.0
2025-07-19_05:48:08,9704.0,11965.0,45701.0,14167.0,16139.0,44004.0
2025-07-19_05:48:08,,,,13801.0,16139.0,44004.0
2025-07-19_05:48:12,3358.0,11965.0,45701.0,12162.0,16139.0,44004.0
2025-07-19_05:48:12,,,,14260.0,16139.0,44004.0
2025-07-19_05:48:16,3375.0,11965.0,45701.0,12174.0,16139.0,44004.0
2025-07-19_05:48:16,9751.0,11965.0,45701.0,14232.0,16139.0,44004.0
2025-07-19_05:48:16,9836.0,11965.0,45701.0,14036.0,16139.0,44004.0
2025-07-19_05:48:16,10045.0,11965.0,45701.0,14287.0,16139.0,44004.0
2025-07-19_05:48:16,9674.0,11965.0,45701.0,13738.0,16139.0,44004.0
2025-07-19_05:48:17,9665.0,11965.0,45701.0,13965.0,16139.0,44004.0
2025-07-19_05:48:17,9670.0,11965.0,45701.0,14170.0,16139.0,44004.0
2025-07-19_05:48:17,9815.0,11965.0,45701.0,14292.0,16139.0,44004.0
2025-07-19_05:48:17,,,,12499.0,16139.0,44004.0
2025-07-19_05:48:21,2778.0,11965.0,45701.0,12173.0,16139.0,44004.0
2025-07-19_05:48:21,10163.0,11965.0,45701.0,14532.0,16139.0,44004.0
2025-07-19_05:48:22,9620.0,11965.0,45701.0,14269.0,16139.0,44004.0
2025-07-19_05:48:22,9792.0,11965.0,45701.0,14218.0,16139.0,44004.0
2025-07-19_05:48:22,9677.0,11965.0,45701.0,14172.0,16139.0,44004.0
2025-07-19_05:48:22,,,,14039.0,16139.0,44004.0
2025-07-19_05:48:26,3319.0,11965.0,45701.0,12162.0,16139.0,44004.0
2025-07-19_05:48:26,9686.0,11965.0,45701.0,13977.0,16139.0,44004.0
2025-07-19_05:48:26,9665.0,11965.0,45701.0,14080.0,16139.0,44004.0
2025-07-19_05:48:27,9675.0,11965.0,45701.0,14197.0,16139.0,44004.0
2025-07-19_05:48:27,9674.0,11965.0,45701.0,13967.0,16139.0,44004.0
2025-07-19_05:48:27,,,,12048.0,16139.0,44004.0
2025-07-19_05:48:31,2778.0,11965.0,45701.0,12193.0,16139.0,44004.0
2025-07-19_05:48:31,9674.0,11965.0,45701.0,13800.0,16139.0,44004.0
2025-07-19_05:48:31,,,,13974.0,16139.0,44004.0
2025-07-19_05:48:35,3302.0,11965.0,45701.0,12187.0,16139.0,44004.0
2025-07-19_05:48:35,,,,14019.0,16139.0,44004.0
2025-07-19_05:48:39,3321.0,11965.0,45701.0,12184.0,16139.0,44004.0
2025-07-19_05:48:39,,,,,,
2025-07-19_05:48:43,6969.0,11965.0,45701.0,3793.0,16139.0,44004.0
2025-07-19_05:48:43,9792.0,11965.0,45701.0,14221.0,16139.0,44004.0
2025-07-19_05:48:43,9682.0,11965.0,45701.0,13983.0,16139.0,44004.0
2025-07-19_05:48:44,9990.0,11965.0,45701.0,14146.0,16139.0,44004.0
2025-07-19_05:48:44,9297.0,11965.0,45701.0,14220.0,16139.0,44004.0
2025-07-19_05:48:44,9685.0,11965.0,45701.0,14135.0,16139.0,44004.0
2025-07-19_05:48:44,9648.0,11965.0,45701.0,14294.0,16139.0,44004.0
2025-07-19_05:48:45,9665.0,11965.0,45701.0,13972.0,16139.0,44004.0
2025-07-19_05:48:45,9795.0,11965.0,45729.0,14211.0,16139.0,44004.0
2025-07-19_05:48:45,9678.0,11965.0,45729.0,14055.0,16139.0,44004.0
2025-07-19_05:48:45,9683.0,11965.0,45729.0,14119.0,16139.0,44004.0
2025-07-19_05:48:46,9661.0,11965.0,45729.0,14288.0,16139.0,44004.0
2025-07-19_05:48:46,9382.0,11965.0,45729.0,14110.0,16139.0,44004.0
2025-07-19_05:48:46,,,,,,
2025-07-19_05:48:50,6969.0,11965.0,45729.0,3793.0,16139.0,44004.0
2025-07-19_05:48:50,10010.0,11965.0,45729.0,14354.0,16139.0,44004.0
2025-07-19_05:48:50,9756.0,11965.0,45729.0,14242.0,16139.0,44004.0
2025-07-19_05:48:51,9672.0,11965.0,45729.0,14170.0,16139.0,44004.0
2025-07-19_05:48:51,9667.0,11965.0,45729.0,14173.0,16139.0,44004.0
2025-07-19_05:48:51,,,,,,
2025-07-19_05:48:55,6964.0,11965.0,45729.0,3793.0,16139.0,44004.0
2025-07-19_05:48:56,2778.0,11965.0,45729.0,12185.0,16139.0,44004.0
2025-07-19_05:48:56,,,,,,
2025-07-19_05:49:00,6969.0,11965.0,45729.0,3786.0,16139.0,44004.0
2025-07-19_05:49:00,,,,,,
2025-07-19_05:49:04,2778.0,11965.0,45729.0,3776.0,16139.0,44004.0
2025-07-19_05:49:05,9403.0,11965.0,45729.0,13927.0,16139.0,44004.0
2025-07-19_05:49:05,9648.0,11965.0,45729.0,14286.0,16139.0,44004.0
2025-07-19_05:49:05,9678.0,11965.0,45729.0,14161.0,16139.0,44004.0
2025-07-19_05:49:05,9839.0,11965.0,45729.0,14043.0,16139.0,44004.0
2025-07-19_05:49:06,9677.0,11965.0,45729.0,14174.0,16139.0,44004.0
2025-07-19_05:49:06,9666.0,11965.0,45729.0,13968.0,16139.0,44004.0
2025-07-19_05:49:06,,,,14044.0,16139.0,44004.0
2025-07-19_05:49:10,3375.0,11965.0,45729.0,12183.0,16139.0,44004.0
2025-07-19_05:49:10,,,,13785.0,16139.0,44004.0
2025-07-19_05:49:14,3302.0,11965.0,45729.0,12169.0,16139.0,44004.0
2025-07-19_05:49:14,,,,,,
2025-07-19_05:49:18,6969.0,11965.0,45729.0,3792.0,16139.0,44004.0
2025-07-19_05:49:18,,,,,,
2025-07-19_05:49:22,6966.0,11965.0,45729.0,3793.0,16139.0,44004.0
2025-07-19_05:49:22,9675.0,11965.0,45729.0,14176.0,16139.0,44004.0
2025-07-19_05:49:22,,,,14005.0,16139.0,44004.0
2025-07-19_05:49:26,3358.0,11965.0,45729.0,12189.0,16139.0,44004.0
2025-07-19_05:49:26,9672.0,11965.0,45729.0,13974.0,16139.0,44004.0
2025-07-19_05:49:26,9829.0,11965.0,45729.0,14423.0,16139.0,44004.0
2025-07-19_05:49:27,9859.0,11965.0,45729.0,14298.0,16139.0,44005.0
2025-07-19_05:49:27,9737.0,11965.0,45729.0,14391.0,16139.0,44005.0
2025-07-19_05:49:27,9679.0,11965.0,45729.0,13981.0,16139.0,44005.0
2025-07-19_05:49:27,9875.0,11965.0,45729.0,14275.0,16139.0,44005.0
2025-07-19_05:49:27,9669.0,11965.0,45729.0,13979.0,16139.0,44005.0
2025-07-19_05:49:28,9986.0,11965.0,45734.0,14169.0,16139.0,44005.0
2025-07-19_05:49:28,9669.0,11965.0,45734.0,13972.0,16141.0,44007.0
2025-07-19_05:49:28,,,,,,
2025-07-19_05:49:32,6969.0,11965.0,45734.0,3787.0,16141.0,44007.0
2025-07-19_05:49:32,9682.0,11965.0,45734.0,14196.0,16141.0,44007.0
2025-07-19_05:49:32,9679.0,11965.0,45734.0,14010.0,16141.0,44007.0
2025-07-19_05:49:33,9820.0,11965.0,45734.0,14198.0,16141.0,44007.0
2025-07-19_05:49:33,9863.0,11965.0,45734.0,13885.0,16141.0,44007.0
2025-07-19_05:49:33,9670.0,11965.0,45734.0,14153.0,16141.0,44007.0
2025-07-19_05:49:33,,,,14099.0,16141.0,44007.0
2025-07-19_05:49:37,3358.0,11965.0,45734.0,12187.0,16141.0,44007.0
2025-07-19_05:49:37,9698.0,11965.0,45734.0,13959.0,16141.0,44007.0
2025-07-19_05:49:37,,,,14119.0,16141.0,44007.0
2025-07-19_05:49:41,3319.0,11965.0,45734.0,12184.0,16141.0,44007.0
2025-07-19_05:49:41,9682.0,11965.0,45734.0,13981.0,16141.0,44007.0
2025-07-19_05:49:42,9672.0,11965.0,45734.0,14168.0,16141.0,44007.0
2025-07-19_05:49:42,9687.0,11965.0,45734.0,14064.0,16141.0,44007.0
2025-07-19_05:49:42,9594.0,11965.0,45734.0,13974.0,16141.0,44007.0
2025-07-19_05:49:42,9704.0,11965.0,45734.0,14016.0,16141.0,44007.0
2025-07-19_05:49:42,10121.0,11965.0,45734.0,14258.0,16141.0,44007.0
2025-07-19_05:49:43,9793.0,11965.0,45734.0,14048.0,16141.0,44007.0
2025-07-19_05:49:43,,,,13811.0,16141.0,44007.0
2025-07-19_05:49:47,3302.0,11965.0,45734.0,12189.0,16141.0,44007.0
2025-07-19_05:49:47,9677.0,11965.0,45734.0,14172.0,16141.0,44007.0
2025-07-19_05:49:47,10254.0,11965.0,45736.0,14325.0,16141.0,44007.0
2025-07-19_05:49:47,9829.0,11965.0,45736.0,14224.0,16141.0,44007.0
2025-07-19_05:49:48,,,,13875.0,16141.0,44007.0
2025-07-19_05:49:51,2780.0,11965.0,45736.0,12197.0,16141.0,44007.0
2025-07-19_05:49:52,9864.0,11965.0,45736.0,14144.0,16141.0,44007.0
2025-07-19_05:49:52,,,,,,
2025-07-19_05:49:56,6959.0,11965.0,45736.0,3792.0,16141.0,44007.0
2025-07-19_05:49:56,,,,,,
2025-07-19_05:50:00,6966.0,11965.0,45736.0,3793.0,16141.0,44007.0
2025-07-19_05:50:00,9912.0,11965.0,45736.0,14540.0,16141.0,44007.0
2025-07-19_05:50:00,10239.0,11965.0,45736.0,14358.0,16141.0,44007.0
2025-07-19_05:50:00,,,,,,
2025-07-19_05:50:04,6975.0,11965.0,45736.0,3793.0,16141.0,44007.0
2025-07-19_05:50:04,9839.0,11965.0,45736.0,14230.0,16141.0,44007.0
2025-07-19_05:50:05,9672.0,11965.0,45736.0,14174.0,16141.0,44007.0
2025-07-19_05:50:05,9614.0,11965.0,45736.0,14195.0,16141.0,44007.0
2025-07-19_05:50:05,9142.0,11965.0,45736.0,13944.0,16141.0,44007.0
2025-07-19_05:50:05,9815.0,11965.0,45736.0,14258.0,16141.0,44007.0
2025-07-19_05:50:06,9647.0,11965.0,45736.0,14104.0,16141.0,44007.0
2025-07-19_05:50:06,9672.0,11965.0,45736.0,14173.0,16141.0,44007.0
2025-07-19_05:50:06,9977.0,11965.0,45736.0,14306.0,16141.0,44007.0
2025-07-19_05:50:06,10228.0,11965.0,45736.0,14498.0,16141.0,44007.0
2025-07-19_05:50:06,9707.0,11965.0,45736.0,14027.0,16141.0,44007.0
2025-07-19_05:50:07,9673.0,11965.0,45736.0,14168.0,16141.0,44007.0
2025-07-19_05:50:07,9672.0,11965.0,45736.0,13977.0,16141.0,44007.0
2025-07-19_05:50:07,9670.0,11965.0,45736.0,14171.0,16141.0,44007.0
2025-07-19_05:50:07,9676.0,11965.0,45736.0,14174.0,16141.0,44007.0
2025-07-19_05:50:08,,,,13786.0,16141.0,44007.0
2025-07-19_05:50:11,3375.0,11965.0,45736.0,12188.0,16141.0,44007.0
2025-07-19_05:50:11,9670.0,11965.0,45736.0,14175.0,16141.0,44007.0
2025-07-19_05:50:12,9592.0,11965.0,45736.0,13980.0,16141.0,44007.0
2025-07-19_05:50:12,9645.0,11965.0,45736.0,14293.0,16141.0,44007.0
2025-07-19_05:50:12,9668.0,11965.0,45736.0,13964.0,16141.0,44007.0
2025-07-19_05:50:12,,,,,,
2025-07-19_05:50:16,6963.0,11965.0,45736.0,3797.0,16141.0,44007.0
2025-07-19_05:50:16,9668.0,11965.0,45736.0,14085.0,16141.0,44007.0
2025-07-19_05:50:17,9647.0,11965.0,45736.0,14074.0,16141.0,44007.0
2025-07-19_05:50:17,9699.0,11965.0,45736.0,14125.0,16141.0,44007.0
2025-07-19_05:50:17,9678.0,11965.0,45736.0,13977.0,16141.0,44007.0
2025-07-19_05:50:17,9684.0,11965.0,45736.0,14155.0,16141.0,44007.0
2025-07-19_05:50:17,,,,,,
2025-07-19_05:50:21,6967.0,11965.0,45736.0,3793.0,16141.0,44007.0
2025-07-19_05:50:21,9671.0,11965.0,45736.0,14460.0,16141.0,44007.0
2025-07-19_05:50:22,9155.0,11965.0,45736.0,13802.0,16141.0,44007.0
2025-07-19_05:50:22,,,,,,
2025-07-19_05:50:26,6960.0,11965.0,45736.0,3793.0,16141.0,44007.0
2025-07-19_05:50:26,9082.0,11965.0,45736.0,13914.0,16141.0,44007.0
2025-07-19_05:50:26,9666.0,11965.0,45736.0,13973.0,16141.0,44007.0
2025-07-19_05:50:27,,,,14113.0,16141.0,44007.0
2025-07-19_05:50:30,3319.0,11965.0,45736.0,12187.0,16141.0,44007.0
2025-07-19_05:50:30,,,,,,
2025-07-19_05:50:34,6968.0,11965.0,45736.0,3793.0,16141.0,44007.0
2025-07-19_05:50:35,9911.0,11965.0,45736.0,14349.0,16141.0,44007.0
2025-07-19_05:50:35,,,,14247.0,16141.0,44007.0
2025-07-19_05:50:38,3377.0,11965.0,45736.0,12195.0,16141.0,44007.0
2025-07-19_05:50:39,9674.0,11965.0,45736.0,13974.0,16141.0,44007.0
2025-07-19_05:50:39,9921.0,11965.0,45736.0,14367.0,16141.0,44007.0
2025-07-19_05:50:39,9671.0,11965.0,45736.0,14163.0,16141.0,44007.0
2025-07-19_05:50:39,9668.0,11965.0,45736.0,13984.0,16141.0,44007.0
2025-07-19_05:50:39,9692.0,11965.0,45736.0,14195.0,16141.0,44007.0
2025-07-19_05:50:40,8615.0,11965.0,45736.0,13976.0,16141.0,44007.0
2025-07-19_05:50:40,9671.0,11965.0,45736.0,14263.0,16141.0,44007.0
2025-07-19_05:50:40,9705.0,11965.0,45736.0,13996.0,16141.0,44007.0
2025-07-19_05:50:40,9672.0,11965.0,45736.0,13966.0,16141.0,44007.0
2025-07-19_05:50:41,10066.0,11965.0,45736.0,14510.0,16141.0,44007.0
2025-07-19_05:50:41,,,,,,
2025-07-19_05:50:45,6954.0,11965.0,45736.0,3792.0,16141.0,44007.0
2025-07-19_05:50:45,9602.0,11965.0,45736.0,14215.0,16141.0,44007.0
2025-07-19_05:50:45,9677.0,11965.0,45736.0,14013.0,16141.0,44007.0
2025-07-19_05:50:45,,,,,,
2025-07-19_05:50:49,6964.0,11965.0,45736.0,3787.0,16141.0,44007.0
2025-07-19_05:50:49,9670.0,11965.0,45736.0,13974.0,16141.0,44007.0
2025-07-19_05:50:49,9679.0,11965.0,45736.0,13796.0,16141.0,44007.0
2025-07-19_05:50:50,9673.0,11965.0,45736.0,13980.0,16141.0,44007.0
2025-07-19_05:50:50,9643.0,11965.0,45736.0,14313.0,16141.0,44007.0
2025-07-19_05:50:50,9644.0,11965.0,45736.0,14297.0,16141.0,44007.0
2025-07-19_05:50:50,9652.0,11965.0,45736.0,14287.0,16141.0,44007.0
2025-07-19_05:50:51,9624.0,11965.0,45736.0,14105.0,16141.0,44007.0
2025-07-19_05:50:51,9653.0,11965.0,45736.0,14319.0,16141.0,44007.0
2025-07-19_05:50:51,9711.0,11965.0,45736.0,14027.0,16141.0,44007.0
2025-07-19_05:50:51,,,,,,
2025-07-19_05:50:55,6964.0,11965.0,45736.0,3793.0,16141.0,44007.0
2025-07-19_05:50:56,6968.0,11965.0,45736.0,3804.0,16141.0,44021.0
2025-07-19_05:50:56,9798.0,11965.0,45736.0,14231.0,16141.0,44021.0
2025-07-19_05:50:56,10132.0,11965.0,45736.0,14321.0,16141.0,44021.0
2025-07-19_05:50:57,9829.0,11965.0,45736.0,14050.0,16141.0,44021.0
2025-07-19_05:50:57,9887.0,11965.0,45736.0,14235.0,16141.0,44021.0
2025-07-19_05:50:57,9669.0,11965.0,45736.0,13967.0,16141.0,44021.0
2025-07-19_05:50:57,9673.0,11965.0,45736.0,14175.0,16141.0,44021.0
2025-07-19_05:50:58,9669.0,11965.0,45736.0,13971.0,16141.0,44021.0
2025-07-19_05:50:58,9643.0,11965.0,45736.0,14282.0,16141.0,44021.0
2025-07-19_05:50:58,9676.0,11965.0,45736.0,14203.0,16141.0,44021.0
2025-07-19_05:50:58,9829.0,11965.0,45736.0,14230.0,16141.0,44021.0
2025-07-19_05:50:58,9860.0,11965.0,45736.0,14072.0,16141.0,44021.0
2025-07-19_05:50:59,9673.0,11965.0,45736.0,14206.0,16141.0,44021.0
2025-07-19_05:50:59,,,,14316.0,16141.0,44021.0
2025-07-19_05:51:03,,,,,,
2025-07-19_05:51:07,6973.0,11965.0,45736.0,3787.0,16141.0,44021.0
2025-07-19_05:51:07,9668.0,11965.0,45736.0,13968.0,16141.0,44021.0
2025-07-19_05:51:07,,,,13851.0,16141.0,44021.0
2025-07-19_05:51:11,2778.0,11965.0,45736.0,12189.0,16141.0,44021.0
2025-07-19_05:51:11,9629.0,11965.0,45736.0,14141.0,16141.0,44021.0
2025-07-19_05:51:11,9686.0,11965.0,45736.0,14331.0,16141.0,44021.0
2025-07-19_05:51:12,9670.0,11965.0,45736.0,14164.0,16141.0,44021.0
2025-07-19_05:51:12,9674.0,11965.0,45736.0,13971.0,16141.0,44021.0
2025-07-19_05:51:12,9887.0,11965.0,45736.0,14084.0,16141.0,44021.0
2025-07-19_05:51:12,9677.0,11965.0,45736.0,13977.0,16141.0,44021.0
2025-07-19_05:51:13,9664.0,11965.0,45736.0,14158.0,16141.0,44021.0
2025-07-19_05:51:13,9641.0,11965.0,45736.0,14226.0,16141.0,44021.0
2025-07-19_05:51:13,9396.0,11965.0,45736.0,13926.0,16141.0,44021.0
2025-07-19_05:51:13,9880.0,11965.0,45736.0,14231.0,16141.0,44021.0
2025-07-19_05:51:13,9672.0,11965.0,45736.0,14176.0,16141.0,44021.0
2025-07-19_05:51:14,9677.0,11965.0,45736.0,14178.0,16141.0,44021.0
2025-07-19_05:51:14,9669.0,11965.0,45736.0,14153.0,16141.0,44021.0
2025-07-19_05:51:14,9658.0,11965.0,45736.0,13804.0,16141.0,44021.0
2025-07-19_05:51:14,9675.0,11965.0,45736.0,13974.0,16141.0,44021.0
2025-07-19_05:51:15,9672.0,11965.0,45736.0,13971.0,16141.0,44021.0
2025-07-19_05:51:15,,,,,,
2025-07-19_05:51:19,6966.0,11965.0,45736.0,3793.0,16141.0,44021.0
2025-07-19_05:51:19,10130.0,11965.0,45736.0,14397.0,16141.0,44021.0
2025-07-19_05:51:19,9843.0,11965.0,45738.0,14033.0,16141.0,44021.0
2025-07-19_05:51:19,9660.0,11965.0,45738.0,14286.0,16141.0,44021.0
2025-07-19_05:51:20,9674.0,11965.0,45738.0,13971.0,16141.0,44021.0
2025-07-19_05:51:20,,,,12049.0,16141.0,44021.0
2025-07-19_05:51:24,2778.0,11965.0,45738.0,12180.0,16141.0,44021.0
2025-07-19_05:51:24,9664.0,11965.0,45738.0,14101.0,16141.0,44021.0
2025-07-19_05:51:24,,,,,,
2025-07-19_05:51:28,6967.0,11965.0,45738.0,3792.0,16141.0,44021.0
2025-07-19_05:51:28,9676.0,11965.0,45738.0,14180.0,16141.0,44021.0
2025-07-19_05:51:28,9672.0,11965.0,45738.0,13978.0,16141.0,44021.0
2025-07-19_05:51:29,9888.0,11965.0,45738.0,14314.0,16141.0,44021.0
2025-07-19_05:51:29,9852.0,11965.0,45738.0,14297.0,16141.0,44021.0
2025-07-19_05:51:29,,,,,,
2025-07-19_05:51:33,6968.0,11965.0,45738.0,3792.0,16141.0,44021.0
2025-07-19_05:51:33,,,,,,
2025-07-19_05:51:37,6967.0,11965.0,45738.0,3793.0,16141.0,44021.0
2025-07-19_05:51:37,9678.0,11965.0,45738.0,14173.0,16141.0,44021.0
2025-07-19_05:51:37,9798.0,11965.0,45738.0,14010.0,16141.0,44021.0
2025-07-19_05:51:38,9637.0,11965.0,45738.0,14072.0,16141.0,44021.0
2025-07-19_05:51:38,,,,,,
2025-07-19_05:51:42,6967.0,11965.0,45738.0,3793.0,16141.0,44021.0
2025-07-19_05:51:42,,,,,,
2025-07-19_05:51:46,6968.0,11965.0,45738.0,3793.0,16141.0,44021.0
2025-07-19_05:51:46,9767.0,11965.0,45738.0,14307.0,16141.0,44021.0
2025-07-19_05:51:46,9672.0,11965.0,45738.0,14174.0,16141.0,44021.0
2025-07-19_05:51:46,9714.0,11965.0,45738.0,13987.0,16141.0,44021.0
2025-07-19_05:51:47,9670.0,11965.0,45738.0,13763.0,16141.0,44021.0
2025-07-19_05:51:47,,,,,,
2025-07-19_05:51:51,2778.0,11965.0,45738.0,3776.0,16141.0,44021.0
2025-07-19_05:51:51,8398.0,11965.0,45738.0,14174.0,16141.0,44021.0
2025-07-19_05:51:52,9668.0,11965.0,45738.0,13974.0,16141.0,44021.0
2025-07-19_05:51:52,,,,,,
2025-07-19_05:51:56,6968.0,11965.0,45738.0,3793.0,16141.0,44021.0
2025-07-19_05:51:56,9670.0,11965.0,45738.0,13983.0,16141.0,44021.0
2025-07-19_05:51:56,9675.0,11965.0,45738.0,14151.0,16141.0,44021.0
2025-07-19_05:51:56,9891.0,11965.0,45738.0,14319.0,16141.0,44021.0
2025-07-19_05:51:57,9795.0,11965.0,45738.0,14321.0,16141.0,44021.0
2025-07-19_05:51:57,,,,,,
2025-07-19_05:52:01,6965.0,11965.0,45738.0,3792.0,16141.0,44021.0
2025-07-19_05:52:01,9682.0,11965.0,45738.0,13736.0,16141.0,44021.0
2025-07-19_05:52:01,,,,,,
2025-07-19_05:52:05,6959.0,11965.0,45738.0,3794.0,16141.0,44021.0
2025-07-19_05:52:05,9858.0,11965.0,45738.0,14327.0,16141.0,44021.0
2025-07-19_05:52:05,,,,,,
2025-07-19_05:52:09,6963.0,11965.0,45738.0,3786.0,16141.0,44021.0
2025-07-19_05:52:09,,,,13830.0,16141.0,44021.0
2025-07-19_05:52:13,3302.0,11965.0,45738.0,12190.0,16141.0,44021.0
2025-07-19_05:52:13,9884.0,11965.0,45738.0,14321.0,16141.0,44021.0
2025-07-19_05:52:13,10155.0,11965.0,45738.0,14652.0,16141.0,44021.0
2025-07-19_05:52:14,2778.0,11965.0,45738.0,12177.0,16141.0,44021.0
2025-07-19_05:52:15,9607.0,11965.0,45738.0,13984.0,16141.0,44021.0
2025-07-19_05:52:15,8646.0,11965.0,45738.0,14486.0,16141.0,44021.0
2025-07-19_05:52:15,10107.0,11965.0,45738.0,14359.0,16141.0,44021.0
2025-07-19_05:52:15,9921.0,11965.0,45738.0,14116.0,16141.0,44021.0
2025-07-19_05:52:15,9674.0,11965.0,45738.0,13972.0,16141.0,44021.0
2025-07-19_05:52:16,9805.0,11965.0,45738.0,14084.0,16141.0,44021.0
2025-07-19_05:52:16,8566.0,11965.0,45738.0,13971.0,16141.0,44021.0
2025-07-19_05:52:16,9940.0,11965.0,45738.0,13864.0,16141.0,44021.0
2025-07-19_05:52:16,9861.0,11965.0,45738.0,14427.0,16141.0,44021.0
2025-07-19_05:52:16,8602.0,11965.0,45738.0,14092.0,16141.0,44021.0
2025-07-19_05:52:17,9671.0,11965.0,45738.0,14171.0,16141.0,44021.0
2025-07-19_05:52:17,9524.0,11965.0,45738.0,14093.0,16141.0,44021.0
2025-07-19_05:52:17,,,,13815.0,16141.0,44021.0
2025-07-19_05:52:21,,,,,,
2025-07-19_05:52:25,6964.0,11965.0,45738.0,3793.0,16141.0,44021.0
2025-07-19_05:52:25,9573.0,11965.0,45738.0,13799.0,16141.0,44021.0
2025-07-19_05:52:25,,,,,,
2025-07-19_05:52:29,6963.0,11965.0,45738.0,3793.0,16141.0,44021.0
2025-07-19_05:52:29,8661.0,11965.0,45738.0,14126.0,16141.0,44021.0
2025-07-19_05:52:29,,,,,,
2025-07-19_05:52:33,6969.0,11965.0,45738.0,3792.0,16141.0,44021.0
2025-07-19_05:52:33,,,,14189.0,16141.0,44021.0
2025-07-19_05:52:37,3358.0,11965.0,45738.0,12166.0,16141.0,44021.0
2025-07-19_05:52:37,9970.0,11965.0,45738.0,13887.0,16141.0,44022.0
2025-07-19_05:52:37,8502.0,11965.0,45738.0,13493.0,16141.0,44022.0
2025-07-19_05:52:38,,,,13785.0,16141.0,44022.0
2025-07-19_05:52:41,3317.0,11965.0,45738.0,12180.0,16141.0,44022.0
2025-07-19_05:52:41,9817.0,11965.0,45738.0,14366.0,16141.0,44022.0
2025-07-19_05:52:42,10020.0,11965.0,45738.0,14312.0,16141.0,44022.0
2025-07-19_05:52:42,9991.0,11965.0,45738.0,14090.0,16141.0,44022.0
2025-07-19_05:52:42,10291.0,11965.0,45738.0,14663.0,16141.0,44022.0
2025-07-19_05:52:42,,,,13787.0,16141.0,44022.0
2025-07-19_05:52:46,3319.0,11965.0,45738.0,12197.0,16141.0,44022.0
2025-07-19_05:52:46,9899.0,11965.0,45738.0,14283.0,16141.0,44022.0
2025-07-19_05:52:47,9657.0,11965.0,45738.0,14146.0,16141.0,44022.0
2025-07-19_05:52:47,9862.0,11965.0,45738.0,14081.0,16141.0,44022.0
2025-07-19_05:52:47,9958.0,11965.0,45738.0,13987.0,16141.0,44022.0
2025-07-19_05:52:47,8611.0,11965.0,45738.0,14348.0,16141.0,44022.0
2025-07-19_05:52:47,9569.0,11965.0,45738.0,14184.0,16141.0,44022.0
2025-07-19_05:52:48,,,,13966.0,16141.0,44022.0
2025-07-19_05:52:51,3375.0,11965.0,45738.0,12164.0,16141.0,44022.0
2025-07-19_05:52:52,9699.0,11965.0,45738.0,14073.0,16141.0,44022.0
2025-07-19_05:52:52,,,,13974.0,16141.0,44022.0
2025-07-19_05:52:56,3375.0,11965.0,45738.0,12187.0,16141.0,44022.0
2025-07-19_05:52:56,8530.0,11965.0,45738.0,13898.0,16141.0,44022.0
2025-07-19_05:52:56,9034.0,11965.0,45738.0,13823.0,16141.0,44022.0
2025-07-19_05:52:56,,,,,,
2025-07-19_05:53:00,6965.0,11965.0,45738.0,3792.0,16141.0,44022.0
2025-07-19_05:53:00,9637.0,11965.0,45738.0,13976.0,16141.0,44022.0
2025-07-19_05:53:00,10150.0,11965.0,45738.0,14420.0,16141.0,44027.0
2025-07-19_05:53:01,,,,,,
2025-07-19_05:53:04,6964.0,11965.0,45738.0,3794.0,16141.0,44027.0
2025-07-19_05:53:05,,,,,,
2025-07-19_05:53:08,6956.0,11965.0,45738.0,3792.0,16141.0,44027.0
2025-07-19_05:53:09,9849.0,11965.0,45738.0,14314.0,16141.0,44027.0
2025-07-19_05:53:09,9820.0,11965.0,45738.0,14070.0,16141.0,44027.0
2025-07-19_05:53:09,9622.0,11965.0,45738.0,14288.0,16141.0,44027.0
2025-07-19_05:53:09,9048.0,11965.0,45738.0,14012.0,16141.0,44027.0
2025-07-19_05:53:10,,,,14172.0,16141.0,44027.0
2025-07-19_05:53:13,3375.0,11965.0,45738.0,12167.0,16141.0,44027.0
2025-07-19_05:53:13,9852.0,11965.0,45738.0,13764.0,16141.0,44027.0
2025-07-19_05:53:14,2778.0,11965.0,45738.0,12194.0,16141.0,44027.0
2025-07-19_05:53:15,9707.0,11965.0,45738.0,13985.0,16141.0,44027.0
2025-07-19_05:53:15,9269.0,11965.0,45738.0,13937.0,16141.0,44027.0
2025-07-19_05:53:15,9869.0,11965.0,45738.0,13904.0,16141.0,44027.0
2025-07-19_05:53:15,9612.0,11965.0,45738.0,13980.0,16141.0,44027.0
2025-07-19_05:53:15,,,,,,
2025-07-19_05:53:19,6970.0,11965.0,45738.0,3788.0,16141.0,44027.0
2025-07-19_05:53:19,9270.0,11965.0,45738.0,13796.0,16141.0,44027.0
2025-07-19_05:53:20,7960.0,11965.0,45738.0,13234.0,16141.0,44027.0
2025-07-19_05:53:20,8601.0,11965.0,45738.0,14125.0,16141.0,44027.0
2025-07-19_05:53:20,,,,13091.0,16141.0,44027.0
2025-07-19_05:53:24,2778.0,11965.0,45738.0,12193.0,16141.0,44027.0
2025-07-19_05:53:24,9589.0,11965.0,45738.0,14173.0,16141.0,44027.0
2025-07-19_05:53:24,9898.0,11965.0,45738.0,14261.0,16141.0,44027.0
2025-07-19_05:53:25,9674.0,11965.0,45738.0,13975.0,16141.0,44027.0
2025-07-19_05:53:25,9649.0,11965.0,45738.0,14095.0,16141.0,44027.0
2025-07-19_05:53:25,9901.0,11965.0,45738.0,14066.0,16141.0,44028.0
2025-07-19_05:53:25,,,,,,
2025-07-19_05:53:29,6964.0,11965.0,45738.0,3792.0,16141.0,44028.0
2025-07-19_05:53:29,,,,,,
2025-07-19_05:53:33,6960.0,11965.0,45738.0,3795.0,16141.0,44028.0
2025-07-19_05:53:33,9682.0,11965.0,45738.0,14166.0,16141.0,44028.0
2025-07-19_05:53:34,8572.0,11965.0,45738.0,13652.0,16141.0,44028.0
2025-07-19_05:53:34,8588.0,11965.0,45738.0,14465.0,16141.0,44028.0
2025-07-19_05:53:34,8600.0,11965.0,45738.0,14084.0,16141.0,44028.0
2025-07-19_05:53:34,9128.0,11965.0,45738.0,13917.0,16141.0,44028.0
2025-07-19_05:53:35,9580.0,11965.0,45738.0,14154.0,16141.0,44028.0
2025-07-19_05:53:35,10207.0,11965.0,45738.0,14049.0,16141.0,44028.0
2025-07-19_05:53:35,10036.0,11965.0,45738.0,13846.0,16141.0,44028.0
2025-07-19_05:53:35,9587.0,11965.0,45738.0,13964.0,16141.0,44028.0
2025-07-19_05:53:35,,,,13848.0,16141.0,44028.0
2025-07-19_05:53:39,2778.0,11965.0,45738.0,12181.0,16141.0,44028.0
2025-07-19_05:53:40,,,,13799.0,16141.0,44028.0
2025-07-19_05:53:43,3319.0,11965.0,45738.0,12183.0,16141.0,44028.0
2025-07-19_05:53:43,8699.0,11965.0,45738.0,14170.0,16141.0,44028.0
2025-07-19_05:53:44,10230.0,11965.0,45738.0,14072.0,16141.0,44028.0
2025-07-19_05:53:44,8655.0,11965.0,45738.0,13928.0,16141.0,44028.0
2025-07-19_05:53:44,,,,13981.0,16141.0,44028.0
2025-07-19_05:53:48,,,,,,
2025-07-19_05:53:52,6967.0,11965.0,45738.0,3793.0,16141.0,44028.0
2025-07-19_05:53:52,9816.0,11965.0,45738.0,14222.0,16141.0,44028.0
2025-07-19_05:53:52,8529.0,11965.0,45738.0,13900.0,16141.0,44028.0
2025-07-19_05:53:52,9826.0,11965.0,45738.0,14365.0,16141.0,44028.0
2025-07-19_05:53:53,8540.0,11965.0,45738.0,13932.0,16141.0,44028.0
2025-07-19_05:53:53,9695.0,11965.0,45738.0,14017.0,16141.0,44028.0
2025-07-19_05:53:53,,,,14141.0,16141.0,44028.0
2025-07-19_05:53:57,3302.0,11965.0,45738.0,12194.0,16141.0,44028.0
2025-07-19_05:53:57,9889.0,11965.0,45738.0,14151.0,16141.0,44028.0
2025-07-19_05:53:57,9135.0,11965.0,45738.0,13865.0,16141.0,44028.0
2025-07-19_05:53:57,9628.0,11965.0,45738.0,13728.0,16141.0,44028.0
2025-07-19_05:53:58,9186.0,11965.0,45738.0,13954.0,16141.0,44028.0
2025-07-19_05:53:58,,,,14364.0,16141.0,44028.0
2025-07-19_05:54:02,3358.0,11965.0,45738.0,12184.0,16141.0,44028.0
2025-07-19_05:54:02,10212.0,11965.0,45738.0,13852.0,16141.0,44028.0
2025-07-19_05:54:02,9875.0,11965.0,45738.0,14063.0,16141.0,44028.0
2025-07-19_05:54:02,9800.0,11965.0,45738.0,14296.0,16141.0,44028.0
2025-07-19_05:54:02,10085.0,11965.0,45738.0,14314.0,16141.0,44028.0
2025-07-19_05:54:03,9978.0,11965.0,45738.0,14036.0,16141.0,44028.0
2025-07-19_05:54:03,9672.0,11965.0,45738.0,14009.0,16141.0,44028.0
2025-07-19_05:54:03,,,,,,
2025-07-19_05:54:07,6967.0,11965.0,45738.0,3789.0,16141.0,44028.0
2025-07-19_05:54:07,,,,14117.0,16141.0,44028.0
2025-07-19_05:54:11,3302.0,11965.0,45738.0,12192.0,16141.0,44028.0
2025-07-19_05:54:11,9444.0,11965.0,45738.0,14282.0,16141.0,44028.0
2025-07-19_05:54:11,8532.0,11965.0,45738.0,13938.0,16141.0,44028.0
2025-07-19_05:54:11,9959.0,11965.0,45738.0,14124.0,16141.0,44028.0
2025-07-19_05:54:12,9634.0,11965.0,45738.0,14292.0,16141.0,44028.0
2025-07-19_05:54:12,9562.0,11965.0,45738.0,13993.0,16141.0,44028.0
2025-07-19_05:54:12,11051.0,11965.0,45738.0,15235.0,16141.0,44033.0
2025-07-19_05:54:12,,,,14194.0,16141.0,44033.0
2025-07-19_05:54:16,3375.0,11965.0,45738.0,12187.0,16141.0,44033.0
2025-07-19_05:54:16,8624.0,11965.0,45738.0,14082.0,16141.0,44033.0
2025-07-19_05:54:17,8650.0,11965.0,45738.0,13917.0,16141.0,44033.0
2025-07-19_05:54:17,9664.0,11965.0,45738.0,13929.0,16141.0,44033.0
2025-07-19_05:54:17,,,,,,
2025-07-19_05:54:21,6971.0,11965.0,45738.0,3786.0,16141.0,44033.0
2025-07-19_05:54:21,9845.0,11965.0,45738.0,13825.0,16141.0,44033.0
2025-07-19_05:54:21,,,,13797.0,16141.0,44033.0
2025-07-19_05:54:25,3377.0,11965.0,45738.0,12186.0,16141.0,44033.0
2025-07-19_05:54:25,9586.0,11965.0,45738.0,14033.0,16141.0,44033.0
2025-07-19_05:54:25,9597.0,11965.0,45738.0,14195.0,16141.0,44033.0
2025-07-19_05:54:26,,,,14056.0,16141.0,44033.0
2025-07-19_05:54:29,3319.0,11965.0,45738.0,12186.0,16141.0,44033.0
2025-07-19_05:54:29,9688.0,11965.0,45738.0,13976.0,16141.0,44033.0
2025-07-19_05:54:30,9657.0,11965.0,45738.0,14296.0,16141.0,44033.0
2025-07-19_05:54:30,,,,13984.0,16141.0,44033.0
2025-07-19_05:54:34,3377.0,11965.0,45738.0,12182.0,16141.0,44033.0
2025-07-19_05:54:35,2778.0,11965.0,45738.0,12987.0,16141.0,44033.0
2025-07-19_05:54:35,8662.0,11965.0,45738.0,14501.0,16141.0,44033.0
2025-07-19_05:54:35,8011.0,11965.0,45738.0,13088.0,16141.0,44033.0
2025-07-19_05:54:35,8682.0,11965.0,45738.0,14216.0,16141.0,44033.0
2025-07-19_05:54:35,9662.0,11965.0,45738.0,13977.0,16141.0,44033.0
2025-07-19_05:54:36,,,,11877.0,16141.0,44033.0
2025-07-19_05:54:39,2778.0,11965.0,45738.0,12185.0,16141.0,44033.0
2025-07-19_05:54:40,9243.0,11965.0,45738.0,13907.0,16141.0,44033.0
2025-07-19_05:54:40,9170.0,11965.0,45738.0,13837.0,16141.0,44033.0
2025-07-19_05:54:40,,,,14399.0,16141.0,44036.0
2025-07-19_05:54:44,2778.0,11965.0,45738.0,12193.0,16141.0,44036.0
2025-07-19_05:54:44,8945.0,11965.0,45738.0,13946.0,16141.0,44036.0
2025-07-19_05:54:44,9551.0,11965.0,45738.0,14273.0,16141.0,44036.0
2025-07-19_05:54:45,,,,,,
2025-07-19_05:54:48,6968.0,11965.0,45738.0,3792.0,16141.0,44036.0
2025-07-19_05:54:49,10283.0,11965.0,45738.0,14126.0,16141.0,44036.0
2025-07-19_05:54:49,10513.0,11965.0,45738.0,14541.0,16141.0,44036.0
2025-07-19_05:54:49,8535.0,11965.0,45738.0,13928.0,16141.0,44036.0
2025-07-19_05:54:49,9713.0,11965.0,45738.0,14073.0,16141.0,44036.0
2025-07-19_05:54:50,9177.0,11965.0,45738.0,14072.0,16141.0,44036.0
2025-07-19_05:54:50,9944.0,11965.0,45738.0,14324.0,16141.0,44036.0
2025-07-19_05:54:50,9620.0,11965.0,45738.0,13815.0,16141.0,44036.0
2025-07-19_05:54:50,,,,,,
2025-07-19_05:54:54,6968.0,11965.0,45738.0,3793.0,16141.0,44036.0
2025-07-19_05:54:54,,,,14556.0,16141.0,44036.0
2025-07-19_05:54:58,3358.0,11965.0,45738.0,12185.0,16141.0,44036.0
2025-07-19_05:54:58,9926.0,11965.0,45738.0,14117.0,16141.0,44036.0
2025-07-19_05:54:58,,,,13846.0,16141.0,44036.0
2025-07-19_05:55:02,3319.0,11965.0,45738.0,12183.0,16141.0,44036.0
2025-07-19_05:55:02,,,,14051.0,16141.0,44036.0
2025-07-19_05:55:06,3319.0,11965.0,45738.0,12159.0,16141.0,44036.0
2025-07-19_05:55:06,9873.0,11965.0,45738.0,14067.0,16141.0,44036.0
2025-07-19_05:55:06,10146.0,11965.0,45738.0,14163.0,16141.0,44036.0
2025-07-19_05:55:07,8951.0,11965.0,45738.0,13930.0,16141.0,44036.0
2025-07-19_05:55:07,,,,,,
2025-07-19_05:55:11,6970.0,11965.0,45738.0,3793.0,16141.0,44036.0
2025-07-19_05:55:11,,,,14004.0,16141.0,44036.0
2025-07-19_05:55:15,3319.0,11965.0,45738.0,12198.0,16141.0,44036.0
2025-07-19_05:55:15,9630.0,11965.0,45738.0,14026.0,16141.0,44036.0
2025-07-19_05:55:15,10287.0,11965.0,45738.0,14405.0,16141.0,44036.0
2025-07-19_05:55:15,9601.0,11965.0,45738.0,13994.0,16141.0,44036.0
2025-07-19_05:55:15,8620.0,11965.0,45738.0,14350.0,16141.0,44036.0
2025-07-19_05:55:16,8110.0,11965.0,45738.0,13092.0,16141.0,44036.0
2025-07-19_05:55:16,9815.0,11965.0,45738.0,14267.0,16141.0,44036.0
2025-07-19_05:55:16,9583.0,11965.0,45738.0,14223.0,16141.0,44036.0
2025-07-19_05:55:16,,,,14270.0,16141.0,44036.0
2025-07-19_05:55:20,2778.0,11965.0,45738.0,12163.0,16141.0,44036.0
2025-07-19_05:55:20,9982.0,11965.0,45738.0,14342.0,16141.0,44036.0
2025-07-19_05:55:21,9844.0,11965.0,45738.0,13859.0,16141.0,44036.0
2025-07-19_05:55:21,10126.0,11965.0,45738.0,14032.0,16141.0,44036.0
2025-07-19_05:55:21,,,,,,
2025-07-19_05:55:25,6965.0,11965.0,45738.0,3792.0,16141.0,44036.0
2025-07-19_05:55:25,9914.0,11965.0,45738.0,14192.0,16141.0,44036.0
2025-07-19_05:55:25,9688.0,11965.0,45738.0,13974.0,16141.0,44036.0
2025-07-19_05:55:25,9659.0,11965.0,45738.0,14305.0,16141.0,44036.0
2025-07-19_05:55:26,9709.0,11965.0,45738.0,14066.0,16141.0,44036.0
2025-07-19_05:55:26,10042.0,11965.0,45738.0,14357.0,16141.0,44036.0
2025-07-19_05:55:26,10176.0,11965.0,45738.0,14162.0,16141.0,44036.0
2025-07-19_05:55:26,10825.0,11965.0,45738.0,15217.0,16141.0,44036.0
2025-07-19_05:55:27,9741.0,11965.0,45738.0,14351.0,16141.0,44036.0
2025-07-19_05:55:27,,,,,,
2025-07-19_05:55:31,6967.0,11965.0,45738.0,3793.0,16141.0,44036.0
2025-07-19_05:55:31,10202.0,11965.0,45738.0,14322.0,16141.0,44036.0
2025-07-19_05:55:31,10252.0,11965.0,45738.0,14369.0,16141.0,44036.0
2025-07-19_05:55:31,9215.0,11965.0,45738.0,13940.0,16141.0,44036.0
2025-07-19_05:55:32,,,,14289.0,16141.0,44036.0
2025-07-19_05:55:35,3358.0,11965.0,45738.0,12168.0,16141.0,44036.0
2025-07-19_05:55:36,9927.0,11965.0,45738.0,14109.0,16141.0,44036.0
2025-07-19_05:55:36,,,,13992.0,16141.0,44036.0
2025-07-19_05:55:40,2778.0,11965.0,45738.0,12162.0,16141.0,44036.0
2025-07-19_05:55:40,9871.0,11965.0,45738.0,14052.0,16141.0,44036.0
2025-07-19_05:55:40,,,,,,
2025-07-19_05:55:44,6977.0,11965.0,45738.0,3793.0,16141.0,44036.0
2025-07-19_05:55:44,9581.0,11965.0,45738.0,14484.0,16141.0,44036.0
2025-07-19_05:55:44,,,,14113.0,16141.0,44036.0
2025-07-19_05:55:48,3302.0,11965.0,45738.0,12163.0,16141.0,44036.0
2025-07-19_05:55:48,9229.0,11965.0,45738.0,14115.0,16141.0,44036.0
2025-07-19_05:55:49,10327.0,11965.0,45738.0,14570.0,16141.0,44036.0
2025-07-19_05:55:49,9831.0,11965.0,45738.0,13909.0,16141.0,44036.0
2025-07-19_05:55:49,9209.0,11965.0,45738.0,13792.0,16141.0,44036.0
2025-07-19_05:55:49,,,,14036.0,16141.0,44036.0
2025-07-19_05:55:53,3375.0,11965.0,45738.0,12192.0,16141.0,44036.0
2025-07-19_05:55:53,9849.0,11965.0,45738.0,14304.0,16141.0,44036.0
2025-07-19_05:55:53,,,,,,
2025-07-19_05:55:57,6962.0,11965.0,45738.0,3793.0,16141.0,44036.0
2025-07-19_05:55:57,9924.0,11965.0,45738.0,14125.0,16141.0,44036.0
2025-07-19_05:55:58,8631.0,11965.0,45738.0,13910.0,16141.0,44036.0
2025-07-19_05:55:58,9535.0,11965.0,45738.0,14128.0,16141.0,44036.0
2025-07-19_05:55:58,9785.0,11965.0,45738.0,13915.0,16141.0,44036.0
2025-07-19_05:55:58,,,,,,
2025-07-19_05:56:02,6964.0,11965.0,45738.0,3792.0,16141.0,44036.0
2025-07-19_05:56:02,9933.0,11965.0,45738.0,14248.0,16141.0,44036.0
2025-07-19_05:56:03,10411.0,11965.0,45738.0,14682.0,16141.0,44036.0
2025-07-19_05:56:03,9497.0,11965.0,45738.0,13985.0,16141.0,44036.0
2025-07-19_05:56:03,9645.0,11965.0,45738.0,14030.0,16141.0,44036.0
2025-07-19_05:56:03,9693.0,11965.0,45738.0,14322.0,16141.0,44036.0
2025-07-19_05:56:03,9850.0,11965.0,45738.0,14233.0,16141.0,44036.0
2025-07-19_05:56:04,8676.0,11965.0,45738.0,14032.0,16141.0,44036.0
2025-07-19_05:56:04,9812.0,11965.0,45738.0,14064.0,16141.0,44036.0
2025-07-19_05:56:04,10267.0,11965.0,45738.0,14420.0,16141.0,44036.0
2025-07-19_05:56:04,9875.0,11965.0,45738.0,14118.0,16141.0,44036.0
2025-07-19_05:56:05,,,,,,
2025-07-19_05:56:08,6965.0,11965.0,45738.0,3793.0,16141.0,44036.0
2025-07-19_05:56:09,9642.0,11965.0,45738.0,14138.0,16141.0,44036.0
2025-07-19_05:56:09,9142.0,11965.0,45738.0,13875.0,16141.0,44036.0
2025-07-19_05:56:09,9674.0,11965.0,45738.0,14176.0,16141.0,44036.0
2025-07-19_05:56:09,9400.0,11965.0,45738.0,14129.0,16141.0,44036.0
2025-07-19_05:56:09,,,,,,
2025-07-19_05:56:13,6964.0,11965.0,45738.0,3793.0,16141.0,44036.0
2025-07-19_05:56:13,9814.0,11965.0,45738.0,14191.0,16141.0,44036.0
2025-07-19_05:56:14,9884.0,11965.0,45738.0,14018.0,16141.0,44036.0
2025-07-19_05:56:14,10159.0,11965.0,45738.0,14237.0,16141.0,44036.0
2025-07-19_05:56:14,,,,,,
2025-07-19_05:56:19,2778.0,11965.0,45738.0,3776.0,16141.0,44036.0
2025-07-19_05:56:19,,,,,,
2025-07-19_05:56:23,6955.0,11965.0,45738.0,3793.0,16141.0,44036.0
2025-07-19_05:56:23,9850.0,11965.0,45738.0,13828.0,16141.0,44036.0
2025-07-19_05:56:23,,,,14382.0,16141.0,44036.0
2025-07-19_05:56:27,3358.0,11965.0,45738.0,12184.0,16141.0,44036.0
2025-07-19_05:56:27,9842.0,11965.0,45738.0,14241.0,16141.0,44036.0
2025-07-19_05:56:27,9846.0,11965.0,45738.0,14045.0,16141.0,44036.0
2025-07-19_05:56:27,9849.0,11965.0,45738.0,14117.0,16141.0,44036.0
2025-07-19_05:56:28,9711.0,11965.0,45738.0,14141.0,16141.0,44036.0
2025-07-19_05:56:28,,,,,,
2025-07-19_05:56:32,6965.0,11965.0,45738.0,3793.0,16141.0,44036.0
2025-07-19_05:56:32,2778.0,11965.0,45738.0,12191.0,16141.0,44036.0
2025-07-19_05:56:33,,,,,,
2025-07-19_05:56:36,6963.0,11965.0,45738.0,3792.0,16141.0,44036.0
2025-07-19_05:56:37,9486.0,11965.0,45738.0,14474.0,16141.0,44036.0
2025-07-19_05:56:37,,,,,,
2025-07-19_05:56:41,6967.0,11965.0,45738.0,3792.0,16141.0,44036.0
2025-07-19_05:56:41,,,,14391.0,16141.0,44036.0
2025-07-19_05:56:45,3375.0,11965.0,45738.0,12183.0,16141.0,44036.0
2025-07-19_05:56:45,8520.0,11965.0,45738.0,13228.0,16141.0,44036.0
2025-07-19_05:56:45,10197.0,11965.0,45738.0,14355.0,16141.0,44036.0
2025-07-19_05:56:45,,,,,,
2025-07-19_05:56:49,6965.0,11965.0,45738.0,3792.0,16141.0,44036.0
2025-07-19_05:56:49,9670.0,11965.0,45738.0,14178.0,16141.0,44036.0
2025-07-19_05:56:50,9826.0,11965.0,45738.0,14056.0,16141.0,44036.0
2025-07-19_05:56:50,9836.0,11965.0,45738.0,14212.0,16141.0,44036.0
2025-07-19_05:56:50,,,,,,
2025-07-19_05:56:54,6966.0,11965.0,45738.0,3792.0,16141.0,44036.0
2025-07-19_05:56:54,,,,13960.0,16141.0,44036.0
2025-07-19_05:56:58,3302.0,11965.0,45738.0,12191.0,16141.0,44036.0
2025-07-19_05:56:58,9678.0,11965.0,45738.0,14011.0,16141.0,44036.0
2025-07-19_05:56:58,9622.0,11965.0,45738.0,13998.0,16141.0,44036.0
2025-07-19_05:56:58,,,,13980.0,16141.0,44036.0
2025-07-19_05:57:02,,,,,,
2025-07-19_05:57:06,6967.0,11965.0,45738.0,3792.0,16141.0,44036.0
2025-07-19_05:57:06,10098.0,11965.0,45738.0,14256.0,16141.0,44036.0
2025-07-19_05:57:06,,,,13963.0,16141.0,44036.0
2025-07-19_05:57:10,3375.0,11965.0,45738.0,12184.0,16141.0,44036.0
2025-07-19_05:57:10,9226.0,11965.0,45738.0,13939.0,16141.0,44036.0
2025-07-19_05:57:11,,,,13988.0,16141.0,44036.0
2025-07-19_05:57:14,3375.0,11965.0,45738.0,12154.0,16141.0,44036.0
2025-07-19_05:57:14,9573.0,11965.0,45738.0,14017.0,16141.0,44036.0
2025-07-19_05:57:15,,,,13784.0,16141.0,44036.0
2025-07-19_05:57:18,3302.0,11965.0,45738.0,12165.0,16141.0,44036.0
2025-07-19_05:57:19,9797.0,11965.0,45738.0,14226.0,16141.0,44036.0
2025-07-19_05:57:19,9948.0,11965.0,45738.0,14122.0,16141.0,44036.0
2025-07-19_05:57:19,9948.0,11965.0,45738.0,14376.0,16141.0,44036.0
2025-07-19_05:57:19,9676.0,11965.0,45738.0,14115.0,16141.0,44036.0
2025-07-19_05:57:20,10179.0,11965.0,45738.0,14411.0,16141.0,44036.0
2025-07-19_05:57:20,9660.0,11965.0,45738.0,14469.0,16141.0,44036.0
2025-07-19_05:57:20,,,,,,
2025-07-19_05:57:24,6971.0,11965.0,45738.0,3793.0,16141.0,44036.0
2025-07-19_05:57:24,8732.0,11965.0,45738.0,14260.0,16141.0,44036.0
2025-07-19_05:57:24,9683.0,11965.0,45738.0,14094.0,16141.0,44036.0
2025-07-19_05:57:25,,,,,,
2025-07-19_05:57:28,6971.0,11965.0,45738.0,3792.0,16141.0,44036.0
2025-07-19_05:57:29,9678.0,11965.0,45738.0,13977.0,16141.0,44036.0
2025-07-19_05:57:29,9877.0,11965.0,45738.0,13986.0,16141.0,44036.0
2025-07-19_05:57:29,,,,13074.0,16141.0,44036.0
2025-07-19_05:57:33,2778.0,11965.0,45738.0,12160.0,16141.0,44036.0
2025-07-19_05:57:33,9646.0,11965.0,45738.0,13775.0,16141.0,44036.0
2025-07-19_05:57:33,9672.0,11965.0,45738.0,13974.0,16141.0,44036.0
2025-07-19_05:57:33,,,,13972.0,16141.0,44036.0
2025-07-19_05:57:37,3360.0,11965.0,45738.0,12181.0,16141.0,44036.0
2025-07-19_05:57:37,10108.0,11965.0,45738.0,13829.0,16141.0,44036.0
2025-07-19_05:57:38,9640.0,11965.0,45738.0,13986.0,16141.0,44036.0
2025-07-19_05:57:38,9630.0,11965.0,45738.0,14291.0,16141.0,44036.0
2025-07-19_05:57:38,9582.0,11965.0,45738.0,13983.0,16141.0,44036.0
2025-07-19_05:57:38,9716.0,11965.0,45738.0,14348.0,16141.0,44036.0
2025-07-19_05:57:39,10073.0,11965.0,45738.0,14257.0,16141.0,44036.0
2025-07-19_05:57:39,10113.0,11965.0,45738.0,14317.0,16141.0,44036.0
2025-07-19_05:57:39,9485.0,11965.0,45738.0,13958.0,16141.0,44036.0
2025-07-19_05:57:39,8703.0,11965.0,45739.0,14100.0,16141.0,44036.0
2025-07-19_05:57:40,9828.0,11965.0,45739.0,13835.0,16141.0,44036.0
2025-07-19_05:57:40,9681.0,11965.0,45739.0,14300.0,16141.0,44036.0
2025-07-19_05:57:40,9086.0,11965.0,45739.0,13694.0,16141.0,44036.0
2025-07-19_05:57:40,10182.0,11965.0,45741.0,14564.0,16141.0,44036.0
2025-07-19_05:57:40,,,,14119.0,16141.0,44036.0
2025-07-19_05:57:44,3358.0,11965.0,45741.0,12177.0,16141.0,44036.0
2025-07-19_05:57:44,,,,,,
2025-07-19_05:57:48,6965.0,11965.0,45741.0,3793.0,16141.0,44036.0
2025-07-19_05:57:48,10184.0,11965.0,45741.0,14330.0,16141.0,44036.0
2025-07-19_05:57:48,9677.0,11965.0,45741.0,14194.0,16141.0,44036.0
2025-07-19_05:57:49,,,,,,
2025-07-19_05:57:53,2778.0,11965.0,45741.0,3776.0,16141.0,44036.0
2025-07-19_05:57:53,9817.0,11965.0,45741.0,14021.0,16141.0,44036.0
2025-07-19_05:57:54,9668.0,11965.0,45741.0,13974.0,16141.0,44036.0
2025-07-19_05:57:54,9796.0,11965.0,45741.0,14223.0,16141.0,44036.0
2025-07-19_05:57:54,10170.0,11965.0,45741.0,14345.0,16141.0,44036.0
2025-07-19_05:57:54,9933.0,11965.0,45741.0,14272.0,16141.0,44036.0
2025-07-19_05:57:54,,,,,,
2025-07-19_05:57:58,6964.0,11965.0,45741.0,3786.0,16141.0,44036.0
2025-07-19_05:57:58,8603.0,11965.0,45741.0,14205.0,16141.0,44036.0
2025-07-19_05:57:59,9226.0,11965.0,45741.0,14022.0,16141.0,44036.0
2025-07-19_05:57:59,9762.0,11965.0,45741.0,14282.0,16141.0,44036.0
2025-07-19_05:57:59,9732.0,11965.0,45741.0,14031.0,16141.0,44036.0
2025-07-19_05:57:59,10279.0,11965.0,45741.0,14509.0,16141.0,44036.0
2025-07-19_05:58:00,,,,13789.0,16141.0,44036.0
2025-07-19_05:58:03,,,,,,
2025-07-19_05:58:07,6968.0,11965.0,45741.0,3792.0,16141.0,44036.0
2025-07-19_05:58:07,9922.0,11965.0,45741.0,14111.0,16141.0,44036.0
2025-07-19_05:58:08,,,,,,
2025-07-19_05:58:11,6959.0,11965.0,45741.0,3793.0,16141.0,44036.0
2025-07-19_05:58:12,8567.0,11965.0,45741.0,13944.0,16141.0,44036.0
2025-07-19_05:58:12,9716.0,11965.0,45741.0,14092.0,16141.0,44036.0
2025-07-19_05:58:12,9720.0,11965.0,45741.0,14042.0,16141.0,44036.0
2025-07-19_05:58:12,9549.0,11965.0,45741.0,14121.0,16141.0,44036.0
2025-07-19_05:58:13,,,,,,
2025-07-19_05:58:17,2778.0,11965.0,45741.0,3776.0,16141.0,44036.0
2025-07-19_05:58:17,,,,13833.0,16141.0,44036.0
2025-07-19_05:58:21,3302.0,11965.0,45741.0,12189.0,16141.0,44036.0
2025-07-19_05:58:21,8527.0,11965.0,45741.0,13930.0,16141.0,44036.0
2025-07-19_05:58:21,9929.0,11965.0,45741.0,14135.0,16141.0,44036.0
2025-07-19_05:58:22,8555.0,11965.0,45741.0,13944.0,16141.0,44036.0
2025-07-19_05:58:22,8341.0,11965.0,45741.0,13939.0,16141.0,44036.0
2025-07-19_05:58:22,9646.0,11965.0,45741.0,14573.0,16141.0,44036.0
2025-07-19_05:58:22,9678.0,11965.0,45741.0,13740.0,16141.0,44036.0
2025-07-19_05:58:22,10135.0,11965.0,45741.0,14204.0,16141.0,44036.0
2025-07-19_05:58:23,9792.0,11965.0,45741.0,14181.0,16141.0,44036.0
2025-07-19_05:58:23,10500.0,11965.0,45741.0,14534.0,16141.0,44036.0
2025-07-19_05:58:23,,,,14367.0,16141.0,44036.0
2025-07-19_05:58:27,2778.0,11965.0,45741.0,12187.0,16141.0,44036.0
2025-07-19_05:58:27,9158.0,11965.0,45741.0,14006.0,16141.0,44036.0
2025-07-19_05:58:27,,,,,,
2025-07-19_05:58:31,6965.0,11965.0,45741.0,3793.0,16141.0,44036.0
2025-07-19_05:58:31,9908.0,11965.0,45741.0,14180.0,16141.0,44036.0
2025-07-19_05:58:32,9316.0,11965.0,45741.0,14133.0,16141.0,44036.0
2025-07-19_05:58:32,9790.0,11965.0,45741.0,14035.0,16141.0,44036.0
2025-07-19_05:58:32,,,,,,
2025-07-19_05:58:36,6955.0,11965.0,45741.0,3795.0,16141.0,44036.0
2025-07-19_05:58:36,9579.0,11965.0,45741.0,14228.0,16141.0,44036.0
2025-07-19_05:58:36,,,,14214.0,16141.0,44036.0
2025-07-19_05:58:40,3375.0,11965.0,45741.0,12150.0,16141.0,44036.0
2025-07-19_05:58:40,9893.0,11965.0,45741.0,14029.0,16141.0,44036.0
2025-07-19_05:58:40,,,,14115.0,16141.0,44036.0
2025-07-19_05:58:44,3375.0,11965.0,45741.0,12192.0,16141.0,44036.0
2025-07-19_05:58:44,9890.0,11965.0,45741.0,14108.0,16141.0,44036.0
2025-07-19_05:58:45,,,,14155.0,16141.0,44036.0
2025-07-19_05:58:48,3375.0,11965.0,45741.0,12188.0,16141.0,44036.0
2025-07-19_05:58:49,9666.0,11965.0,45741.0,13966.0,16141.0,44036.0
2025-07-19_05:58:49,9964.0,11965.0,45741.0,14314.0,16141.0,44036.0
2025-07-19_05:58:49,9680.0,11965.0,45741.0,14187.0,16141.0,44036.0
2025-07-19_05:58:49,10130.0,11965.0,45741.0,14138.0,16141.0,44036.0
2025-07-19_05:58:49,9720.0,11965.0,45741.0,14216.0,16141.0,44036.0
2025-07-19_05:58:50,,,,13614.0,16141.0,44036.0
2025-07-19_05:58:53,3319.0,11965.0,45741.0,12190.0,16141.0,44036.0
2025-07-19_05:58:54,9994.0,11965.0,45741.0,14040.0,16141.0,44036.0
2025-07-19_05:58:54,9504.0,11965.0,45741.0,14283.0,16141.0,44036.0
2025-07-19_05:58:54,9769.0,11965.0,45741.0,14028.0,16141.0,44036.0
2025-07-19_05:58:54,,,,,,
2025-07-19_05:58:58,6967.0,11965.0,45741.0,3793.0,16141.0,44036.0
2025-07-19_05:58:58,9932.0,11965.0,45741.0,14301.0,16141.0,44036.0
2025-07-19_05:58:59,9604.0,11965.0,45741.0,13982.0,16141.0,44036.0
2025-07-19_05:58:59,9484.0,11965.0,45741.0,14118.0,16141.0,44036.0
2025-07-19_05:58:59,9836.0,11965.0,45741.0,14244.0,16141.0,44036.0
2025-07-19_05:58:59,,,,13778.0,16141.0,44036.0
2025-07-19_05:59:03,3319.0,11965.0,45741.0,12186.0,16141.0,44036.0
2025-07-19_05:59:03,8528.0,11965.0,45741.0,14006.0,16141.0,44036.0
2025-07-19_05:59:03,9837.0,11965.0,45741.0,14049.0,16141.0,44036.0
2025-07-19_05:59:04,9660.0,11965.0,45741.0,14332.0,16141.0,44036.0
2025-07-19_05:59:04,9626.0,11965.0,45741.0,14209.0,16141.0,44036.0
2025-07-19_05:59:04,9851.0,11965.0,45741.0,14134.0,16141.0,44036.0
2025-07-19_05:59:04,9843.0,11965.0,45741.0,14037.0,16141.0,44036.0
2025-07-19_05:59:04,9645.0,11965.0,45741.0,14284.0,16141.0,44036.0
2025-07-19_05:59:05,9686.0,11965.0,45741.0,13932.0,16141.0,44036.0
2025-07-19_05:59:05,,,,,,
2025-07-19_05:59:09,6963.0,11965.0,45741.0,3788.0,16141.0,44036.0
2025-07-19_05:59:09,9996.0,11965.0,45745.0,14362.0,16141.0,44036.0
2025-07-19_05:59:09,9623.0,11965.0,45745.0,14288.0,16141.0,44036.0
2025-07-19_05:59:09,9711.0,11965.0,45745.0,14109.0,16141.0,44036.0
2025-07-19_05:59:10,9673.0,11965.0,45745.0,14078.0,16141.0,44036.0
2025-07-19_05:59:10,10088.0,11965.0,45745.0,14225.0,16141.0,44036.0
2025-07-19_05:59:10,9644.0,11965.0,45745.0,14084.0,16141.0,44036.0
2025-07-19_05:59:10,,,,13275.0,16141.0,44036.0
2025-07-19_05:59:14,2778.0,11965.0,45745.0,12186.0,16141.0,44036.0
2025-07-19_05:59:14,9682.0,11965.0,45745.0,14334.0,16141.0,44036.0
2025-07-19_05:59:15,9647.0,11965.0,45745.0,14136.0,16141.0,44036.0
2025-07-19_05:59:15,9883.0,11965.0,45745.0,13845.0,16141.0,44036.0
2025-07-19_05:59:15,9625.0,11965.0,45745.0,13933.0,16141.0,44036.0
2025-07-19_05:59:15,,,,13927.0,16141.0,44036.0
2025-07-19_05:59:19,3302.0,11965.0,45745.0,12195.0,16141.0,44036.0
2025-07-19_05:59:19,9744.0,11965.0,45745.0,14136.0,16141.0,44036.0
2025-07-19_05:59:19,9659.0,11965.0,45745.0,14103.0,16141.0,44036.0
2025-07-19_05:59:20,9596.0,11965.0,45745.0,13982.0,16141.0,44036.0
2025-07-19_05:59:20,,,,,,
2025-07-19_05:59:24,6963.0,11965.0,45745.0,3793.0,16141.0,44036.0
2025-07-19_05:59:24,,,,13797.0,16141.0,44036.0
2025-07-19_05:59:28,3319.0,11965.0,45745.0,12184.0,16141.0,44036.0
2025-07-19_05:59:28,,,,14410.0,16141.0,44036.0
2025-07-19_05:59:31,3358.0,11965.0,45745.0,12184.0,16141.0,44036.0
2025-07-19_05:59:32,9669.0,11965.0,45745.0,14153.0,16141.0,44036.0
2025-07-19_05:59:32,,,,14378.0,16141.0,44036.0
2025-07-19_05:59:36,3319.0,11965.0,45745.0,12190.0,16141.0,44036.0
2025-07-19_05:59:36,9713.0,11965.0,45745.0,14140.0,16141.0,44036.0
2025-07-19_05:59:36,,,,13824.0,16141.0,44036.0
2025-07-19_05:59:40,3375.0,11965.0,45745.0,12187.0,16141.0,44036.0
2025-07-19_05:59:40,10099.0,11965.0,45745.0,14256.0,16141.0,44036.0
2025-07-19_05:59:40,9648.0,11965.0,45745.0,14137.0,16141.0,44036.0
2025-07-19_05:59:40,,,,13778.0,16141.0,44036.0
2025-07-19_05:59:44,3321.0,11965.0,45745.0,12186.0,16141.0,44036.0
2025-07-19_05:59:44,9853.0,11965.0,45745.0,14080.0,16141.0,44036.0
2025-07-19_05:59:45,,,,14122.0,16141.0,44036.0
2025-07-19_05:59:48,3321.0,11965.0,45745.0,12185.0,16141.0,44036.0
2025-07-19_05:59:48,9400.0,11965.0,45745.0,13943.0,16141.0,44036.0
2025-07-19_05:59:49,9676.0,11965.0,45745.0,13867.0,16141.0,44036.0
2025-07-19_05:59:49,9941.0,11965.0,45745.0,14284.0,16141.0,44036.0
2025-07-19_05:59:49,,,,13979.0,16141.0,44036.0
2025-07-19_05:59:53,3319.0,11965.0,45745.0,12190.0,16141.0,44036.0
2025-07-19_05:59:53,,,,,,
2025-07-19_05:59:57,6971.0,11965.0,45745.0,3793.0,16141.0,44036.0
2025-07-19_05:59:57,10203.0,11965.0,45745.0,14157.0,16141.0,44036.0
2025-07-19_05:59:57,10086.0,11965.0,45745.0,14508.0,16141.0,44036.0
2025-07-19_05:59:57,9675.0,11965.0,45745.0,13857.0,16141.0,44036.0
2025-07-19_05:59:58,9883.0,11965.0,45745.0,13950.0,16141.0,44036.0
2025-07-19_05:59:58,9667.0,11965.0,45745.0,14189.0,16141.0,44036.0
2025-07-19_05:59:58,9662.0,11965.0,45745.0,14323.0,16141.0,44036.0
2025-07-19_05:59:58,9765.0,11965.0,45745.0,14126.0,16141.0,44036.0
2025-07-19_05:59:59,9291.0,11965.0,45745.0,14110.0,16141.0,44036.0
2025-07-19_05:59:59,9886.0,11965.0,45745.0,14320.0,16141.0,44036.0
2025-07-19_05:59:59,9410.0,11965.0,45745.0,13928.0,16141.0,44036.0
2025-07-19_05:59:59,,,,14140.0,16141.0,44036.0
2025-07-19_06:00:03,3377.0,11965.0,45745.0,12183.0,16141.0,44036.0
2025-07-19_06:00:03,,,,13766.0,16141.0,44036.0
2025-07-19_06:00:07,3319.0,11965.0,45745.0,12188.0,16141.0,44036.0
2025-07-19_06:00:07,9703.0,11965.0,45745.0,14103.0,16141.0,44036.0
2025-07-19_06:00:07,,,,14129.0,16141.0,44036.0
2025-07-19_06:00:11,3358.0,11965.0,45745.0,12193.0,16141.0,44036.0
2025-07-19_06:00:11,,,,,,
2025-07-19_06:00:15,6969.0,11965.0,45745.0,3792.0,16141.0,44036.0
2025-07-19_06:00:15,9639.0,11965.0,45745.0,14019.0,16141.0,44036.0
2025-07-19_06:00:15,,,,13929.0,16141.0,44036.0
2025-07-19_06:00:19,2778.0,11965.0,45745.0,12187.0,16141.0,44036.0
2025-07-19_06:00:19,,,,14054.0,16141.0,44036.0
2025-07-19_06:00:23,3321.0,11965.0,45745.0,12191.0,16141.0,44036.0
2025-07-19_06:00:23,9796.0,11965.0,45745.0,14286.0,16141.0,44036.0
2025-07-19_06:00:24,9683.0,11965.0,45745.0,14035.0,16141.0,44036.0
2025-07-19_06:00:24,9846.0,11965.0,45745.0,14047.0,16141.0,44036.0
2025-07-19_06:00:24,9430.0,11965.0,45745.0,13996.0,16141.0,44036.0
2025-07-19_06:00:24,9827.0,11965.0,45745.0,14040.0,16141.0,44036.0
2025-07-19_06:00:24,9684.0,11965.0,45745.0,13979.0,16141.0,44036.0
2025-07-19_06:00:25,9688.0,11965.0,45745.0,13817.0,16141.0,44036.0
2025-07-19_06:00:25,9824.0,11965.0,45745.0,14022.0,16141.0,44036.0
2025-07-19_06:00:25,9649.0,11965.0,45745.0,13979.0,16141.0,44036.0
2025-07-19_06:00:25,9142.0,11965.0,45745.0,13796.0,16141.0,44036.0
2025-07-19_06:00:25,,,,,,
2025-07-19_06:00:29,6966.0,11965.0,45745.0,3793.0,16141.0,44036.0
2025-07-19_06:00:29,,,,,,
2025-07-19_06:00:33,6968.0,11965.0,45745.0,3793.0,16141.0,44036.0
2025-07-19_06:00:34,9876.0,11965.0,45745.0,14026.0,16141.0,44036.0
2025-07-19_06:00:34,9668.0,11965.0,45745.0,14197.0,16141.0,44036.0
2025-07-19_06:00:34,,,,,,
2025-07-19_06:00:38,6964.0,11965.0,45745.0,3792.0,16141.0,44036.0
2025-07-19_06:00:38,9675.0,11965.0,45745.0,14274.0,16141.0,44036.0
2025-07-19_06:00:38,9181.0,11965.0,45745.0,13987.0,16141.0,44036.0
2025-07-19_06:00:38,,,,,,
2025-07-19_06:00:42,6967.0,11965.0,45745.0,3793.0,16141.0,44036.0
2025-07-19_06:00:42,10109.0,11965.0,45745.0,14527.0,16141.0,44036.0
2025-07-19_06:00:43,,,,,,
2025-07-19_06:00:46,6967.0,11965.0,45745.0,3793.0,16141.0,44036.0
2025-07-19_06:00:47,2778.0,11965.0,45745.0,12167.0,16141.0,44036.0
2025-07-19_06:00:48,10347.0,11965.0,45745.0,14347.0,16141.0,44036.0
2025-07-19_06:00:48,9671.0,11965.0,45745.0,14294.0,16141.0,44036.0
2025-07-19_06:00:48,,,,13775.0,16141.0,44036.0
2025-07-19_06:00:52,3304.0,11965.0,45745.0,12183.0,16141.0,44036.0
2025-07-19_06:00:52,10063.0,11965.0,45745.0,14474.0,16141.0,44036.0
2025-07-19_06:00:52,9416.0,11965.0,45745.0,13932.0,16141.0,44036.0
2025-07-19_06:00:52,,,,,,
2025-07-19_06:00:56,6968.0,11965.0,45745.0,3793.0,16141.0,44036.0
2025-07-19_06:00:56,,,,,,
2025-07-19_06:01:00,,,,3792.0,16141.0,44044.0
2025-07-19_06:01:04,2778.0,11965.0,45745.0,12197.0,16141.0,44044.0
2025-07-19_06:01:04,9703.0,11965.0,45745.0,14168.0,16141.0,44044.0
2025-07-19_06:01:05,9969.0,11965.0,45745.0,14173.0,16141.0,44044.0
2025-07-19_06:01:05,,,,13984.0,16141.0,44044.0
2025-07-19_06:01:08,3375.0,11965.0,45745.0,12160.0,16141.0,44044.0
2025-07-19_06:01:09,9674.0,11965.0,45745.0,14173.0,16141.0,44044.0
2025-07-19_06:01:09,,,,14298.0,16141.0,44044.0
2025-07-19_06:01:13,3375.0,11965.0,45745.0,12187.0,16141.0,44044.0
2025-07-19_06:01:13,9594.0,11965.0,45745.0,14011.0,16141.0,44044.0
2025-07-19_06:01:13,10104.0,11965.0,45745.0,14353.0,16141.0,44044.0
2025-07-19_06:01:13,10074.0,11965.0,45745.0,14295.0,16141.0,44044.0
2025-07-19_06:01:13,10336.0,11965.0,45745.0,14573.0,16141.0,44044.0
2025-07-19_06:01:14,9187.0,11965.0,45745.0,13956.0,16141.0,44044.0
2025-07-19_06:01:14,9841.0,11965.0,45745.0,14075.0,16141.0,44044.0
2025-07-19_06:01:14,9637.0,11965.0,45745.0,14133.0,16141.0,44044.0
2025-07-19_06:01:14,10180.0,11965.0,45745.0,14361.0,16141.0,44044.0
2025-07-19_06:01:14,9669.0,11965.0,45745.0,14150.0,16141.0,44044.0
2025-07-19_06:01:15,9791.0,11965.0,45745.0,14339.0,16141.0,44044.0
2025-07-19_06:01:15,9656.0,11965.0,45745.0,13975.0,16141.0,44044.0
2025-07-19_06:01:15,9698.0,11965.0,45745.0,14270.0,16141.0,44044.0
2025-07-19_06:01:15,,,,,,
2025-07-19_06:01:19,6878.0,11965.0,45745.0,3793.0,16141.0,44044.0
2025-07-19_06:01:19,8749.0,11965.0,45987.0,14492.0,16141.0,44044.0
2025-07-19_06:01:20,10379.0,11965.0,45987.0,14390.0,16141.0,44044.0
2025-07-19_06:01:20,9668.0,11965.0,45987.0,14172.0,16141.0,44044.0
2025-07-19_06:01:20,,,,13779.0,16141.0,44044.0
2025-07-19_06:01:24,3375.0,11965.0,45987.0,12189.0,16141.0,44044.0
2025-07-19_06:01:24,9164.0,11965.0,45987.0,14046.0,16141.0,44044.0
2025-07-19_06:01:24,,,,13831.0,16141.0,44044.0
2025-07-19_06:01:28,3375.0,11965.0,45987.0,12159.0,16141.0,44044.0
2025-07-19_06:01:28,10206.0,11965.0,45987.0,14338.0,16141.0,44044.0
2025-07-19_06:01:28,9678.0,11965.0,45987.0,14316.0,16141.0,44044.0
2025-07-19_06:01:28,9508.0,11965.0,45987.0,14109.0,16141.0,44044.0
2025-07-19_06:01:29,9859.0,11965.0,45987.0,14013.0,16141.0,44044.0
2025-07-19_06:01:29,,,,,,
2025-07-19_06:01:33,6966.0,11965.0,45987.0,3793.0,16141.0,44044.0
2025-07-19_06:01:33,10236.0,11965.0,45987.0,14256.0,16141.0,44044.0
2025-07-19_06:01:33,,,,,,
2025-07-19_06:01:37,6967.0,11965.0,45987.0,3792.0,16141.0,44044.0
2025-07-19_06:01:37,,,,,,
2025-07-19_06:01:41,6967.0,11965.0,45987.0,3793.0,16141.0,44044.0
2025-07-19_06:01:41,9801.0,11965.0,45987.0,14224.0,16141.0,44044.0
2025-07-19_06:01:42,9813.0,11965.0,45987.0,14208.0,16141.0,44044.0
2025-07-19_06:01:42,,,,14222.0,16141.0,44044.0
2025-07-19_06:01:46,3375.0,11965.0,45987.0,12196.0,16141.0,44044.0
2025-07-19_06:01:46,9678.0,11965.0,45987.0,14165.0,16141.0,44044.0
2025-07-19_06:01:46,9482.0,11965.0,45987.0,14277.0,16141.0,44044.0
2025-07-19_06:01:46,,,,,,
2025-07-19_06:01:50,6966.0,11965.0,45987.0,3792.0,16141.0,44044.0
2025-07-19_06:01:50,9942.0,11965.0,45987.0,14543.0,16141.0,44044.0
2025-07-19_06:01:50,9571.0,11965.0,45987.0,13991.0,16141.0,44044.0
2025-07-19_06:01:51,9931.0,11965.0,45987.0,14079.0,16141.0,44044.0
2025-07-19_06:01:51,10013.0,11965.0,45987.0,14296.0,16141.0,44044.0
2025-07-19_06:01:51,9730.0,11965.0,45987.0,14104.0,16141.0,44044.0
2025-07-19_06:01:51,,,,13782.0,16141.0,44044.0
2025-07-19_06:01:55,3319.0,11965.0,45987.0,12184.0,16141.0,44044.0
2025-07-19_06:01:55,,,,14041.0,16141.0,44044.0
2025-07-19_06:01:59,3358.0,11965.0,45987.0,12191.0,16141.0,44044.0
2025-07-19_06:01:59,10084.0,11965.0,45987.0,14111.0,16141.0,44044.0
2025-07-19_06:01:59,,,,,,
2025-07-19_06:02:03,6963.0,11965.0,45987.0,3792.0,16141.0,44044.0
2025-07-19_06:02:03,9541.0,11965.0,45987.0,14183.0,16141.0,44044.0
2025-07-19_06:02:04,9799.0,11965.0,45987.0,14024.0,16141.0,44044.0
2025-07-19_06:02:04,8723.0,11965.0,45987.0,14091.0,16141.0,44044.0
2025-07-19_06:02:04,9666.0,11965.0,45987.0,14294.0,16141.0,44044.0
2025-07-19_06:02:04,8581.0,11965.0,45987.0,14165.0,16141.0,44044.0
2025-07-19_06:02:04,9398.0,11965.0,45987.0,14280.0,16141.0,44044.0
2025-07-19_06:02:05,9667.0,11965.0,45987.0,14172.0,16141.0,44044.0
2025-07-19_06:02:05,,,,13995.0,16141.0,44044.0
2025-07-19_06:02:09,3319.0,11965.0,45987.0,12154.0,16141.0,44044.0
2025-07-19_06:02:09,,,,13981.0,16141.0,44044.0
2025-07-19_06:02:13,3358.0,11965.0,45987.0,12159.0,16141.0,44044.0
2025-07-19_06:02:13,9674.0,11965.0,45987.0,13977.0,16141.0,44044.0
2025-07-19_06:02:13,9841.0,11965.0,45987.0,14076.0,16141.0,44044.0
2025-07-19_06:02:13,9663.0,11965.0,45987.0,14240.0,16141.0,44044.0
2025-07-19_06:02:14,,,,14324.0,16141.0,44044.0
2025-07-19_06:02:17,3375.0,11965.0,45987.0,12160.0,16141.0,44044.0
2025-07-19_06:02:17,9591.0,11965.0,45987.0,14004.0,16141.0,44044.0
2025-07-19_06:02:18,9788.0,11965.0,45987.0,14021.0,16141.0,44044.0
2025-07-19_06:02:18,9788.0,11965.0,45987.0,14039.0,16141.0,44044.0
2025-07-19_06:02:18,9517.0,11965.0,45987.0,14164.0,16141.0,44044.0
2025-07-19_06:02:18,9674.0,11965.0,45987.0,14174.0,16141.0,44044.0
2025-07-19_06:02:19,9669.0,11965.0,45987.0,13965.0,16141.0,44044.0
2025-07-19_06:02:19,,,,13787.0,16141.0,44044.0
2025-07-19_06:02:23,3375.0,11965.0,45987.0,12162.0,16141.0,44044.0
2025-07-19_06:02:23,,,,14182.0,16141.0,44044.0
2025-07-19_06:02:26,3302.0,11965.0,45987.0,12190.0,16141.0,44044.0
2025-07-19_06:02:27,9488.0,11965.0,45987.0,14160.0,16141.0,44044.0
2025-07-19_06:02:27,9648.0,11965.0,45987.0,14085.0,16141.0,44044.0
2025-07-19_06:02:27,9635.0,11965.0,45987.0,14100.0,16141.0,44044.0
2025-07-19_06:02:27,9169.0,11965.0,45987.0,14031.0,16141.0,44044.0
2025-07-19_06:02:28,,,,,,
2025-07-19_06:02:31,6965.0,11965.0,45987.0,3793.0,16141.0,44044.0
2025-07-19_06:02:32,9671.0,11965.0,45987.0,14171.0,16141.0,44044.0
2025-07-19_06:02:32,9669.0,11965.0,45987.0,13979.0,16141.0,44044.0
2025-07-19_06:02:32,9593.0,11965.0,45987.0,14011.0,16141.0,44044.0
2025-07-19_06:02:32,9758.0,11965.0,45987.0,14219.0,16141.0,44044.0
2025-07-19_06:02:33,8708.0,11973.0,46057.0,13939.0,16141.0,44044.0
2025-07-19_06:02:33,9667.0,11973.0,46057.0,14091.0,16141.0,44044.0
2025-07-19_06:02:33,9947.0,11973.0,46057.0,14189.0,16141.0,44044.0
2025-07-19_06:02:33,9690.0,11973.0,46057.0,14150.0,16141.0,44044.0
2025-07-19_06:02:34,9650.0,11973.0,46057.0,14300.0,16141.0,44044.0
2025-07-19_06:02:34,9680.0,11973.0,46057.0,13984.0,16141.0,44044.0
2025-07-19_06:02:34,9644.0,11973.0,46057.0,14105.0,16141.0,44044.0
2025-07-19_06:02:34,9561.0,11973.0,46057.0,14145.0,16141.0,44045.0
2025-07-19_06:02:34,,,,,,
2025-07-19_06:02:38,6960.0,11973.0,46057.0,3792.0,16141.0,44045.0
2025-07-19_06:02:38,9676.0,11973.0,46057.0,14404.0,16141.0,44045.0
2025-07-19_06:02:39,,,,,,
2025-07-19_06:02:42,6963.0,11973.0,46057.0,3793.0,16141.0,44045.0
2025-07-19_06:02:43,,,,,,
2025-07-19_06:02:46,6963.0,11973.0,46057.0,3792.0,16141.0,44045.0
2025-07-19_06:02:47,9567.0,11973.0,46057.0,14319.0,16141.0,44045.0
2025-07-19_06:02:47,10011.0,11973.0,46057.0,14142.0,16141.0,44045.0
2025-07-19_06:02:47,10210.0,11973.0,46057.0,14315.0,16141.0,44045.0
2025-07-19_06:02:47,9603.0,11973.0,46057.0,13978.0,16141.0,44045.0
2025-07-19_06:02:47,,,,,,
2025-07-19_06:02:51,6958.0,11973.0,46057.0,3792.0,16141.0,44045.0
2025-07-19_06:02:51,9677.0,11973.0,46057.0,14165.0,16141.0,44045.0
2025-07-19_06:02:52,9681.0,11973.0,46057.0,13979.0,16141.0,44045.0
2025-07-19_06:02:52,,,,,,
2025-07-19_06:02:56,6969.0,11973.0,46057.0,3787.0,16141.0,44045.0
2025-07-19_06:02:56,,,,13765.0,16141.0,44045.0
2025-07-19_06:03:00,3319.0,11973.0,46057.0,12190.0,16141.0,44045.0
2025-07-19_06:03:00,,,,14305.0,16141.0,44045.0
2025-07-19_06:03:04,3375.0,11973.0,46057.0,12181.0,16141.0,44045.0
2025-07-19_06:03:04,9857.0,11973.0,46057.0,14269.0,16141.0,44045.0
2025-07-19_06:03:04,,,,13788.0,16141.0,44045.0
2025-07-19_06:03:08,3358.0,11973.0,46057.0,12179.0,16141.0,44045.0
2025-07-19_06:03:08,9655.0,11973.0,46057.0,13916.0,16141.0,44045.0
2025-07-19_06:03:08,9840.0,11973.0,46057.0,14225.0,16141.0,44045.0
2025-07-19_06:03:08,9541.0,11973.0,46057.0,14201.0,16141.0,44045.0
2025-07-19_06:03:09,9672.0,11973.0,46057.0,13760.0,16141.0,44045.0
2025-07-19_06:03:09,,,,,,
2025-07-19_06:03:13,6971.0,11973.0,46057.0,3788.0,16141.0,44045.0
2025-07-19_06:03:13,9537.0,11973.0,46057.0,13981.0,16141.0,44045.0
2025-07-19_06:03:13,10125.0,11973.0,46057.0,14549.0,16141.0,44045.0
2025-07-19_06:03:13,9712.0,11973.0,46057.0,13786.0,16141.0,44045.0
2025-07-19_06:03:13,9671.0,11973.0,46057.0,14167.0,16141.0,44045.0
2025-07-19_06:03:14,,,,,,
2025-07-19_06:03:17,6967.0,11973.0,46057.0,3792.0,16141.0,44045.0
2025-07-19_06:03:18,9677.0,11973.0,46057.0,13983.0,16141.0,44045.0
2025-07-19_06:03:18,9676.0,11973.0,46057.0,13987.0,16141.0,44045.0
2025-07-19_06:03:18,,,,,,
2025-07-19_06:03:22,6970.0,11973.0,46057.0,3793.0,16141.0,44045.0
2025-07-19_06:03:22,8544.0,11973.0,46057.0,13921.0,16141.0,44045.0
2025-07-19_06:03:22,10093.0,11973.0,46057.0,14253.0,16141.0,44045.0
2025-07-19_06:03:23,9682.0,11973.0,46057.0,14286.0,16141.0,44045.0
2025-07-19_06:03:23,9596.0,11973.0,46057.0,14185.0,16141.0,44045.0
2025-07-19_06:03:23,9980.0,11973.0,46059.0,14395.0,16141.0,44046.0
2025-07-19_06:03:23,9715.0,11973.0,46059.0,14222.0,16141.0,44046.0
2025-07-19_06:03:24,9790.0,11973.0,46059.0,14024.0,16141.0,44046.0
2025-07-19_06:03:24,9879.0,11973.0,46059.0,14310.0,16141.0,44046.0
2025-07-19_06:03:24,9127.0,11973.0,46059.0,14100.0,16141.0,44046.0
2025-07-19_06:03:24,10086.0,11973.0,46059.0,14518.0,16141.0,44046.0
2025-07-19_06:03:25,9583.0,11973.0,46059.0,14001.0,16141.0,44046.0
2025-07-19_06:03:25,9684.0,11973.0,46059.0,14190.0,16141.0,44046.0
2025-07-19_06:03:25,9857.0,11973.0,46059.0,14241.0,16141.0,44046.0
2025-07-19_06:03:25,9683.0,11973.0,46059.0,13794.0,16141.0,44049.0
2025-07-19_06:03:25,9666.0,11973.0,46059.0,14008.0,16141.0,44049.0
2025-07-19_06:03:26,,,,13982.0,16141.0,44049.0
2025-07-19_06:03:29,3358.0,11973.0,46059.0,12184.0,16141.0,44049.0
2025-07-19_06:03:30,9604.0,11973.0,46059.0,14188.0,16141.0,44049.0
2025-07-19_06:03:30,,,,,,
2025-07-19_06:03:34,6965.0,11973.0,46059.0,3794.0,16141.0,44049.0
2025-07-19_06:03:34,9739.0,11973.0,46059.0,14076.0,16141.0,44049.0
2025-07-19_06:03:34,10032.0,11973.0,46059.0,14294.0,16141.0,44049.0
2025-07-19_06:03:34,9659.0,11973.0,46059.0,13747.0,16141.0,44049.0
2025-07-19_06:03:34,,,,14432.0,16141.0,44049.0
2025-07-19_06:03:38,2778.0,11973.0,46059.0,12160.0,16141.0,44049.0
2025-07-19_06:03:39,9677.0,11973.0,46059.0,13978.0,16141.0,44049.0
2025-07-19_06:03:39,9816.0,11973.0,46059.0,14028.0,16141.0,44049.0
2025-07-19_06:03:39,9993.0,11973.0,46059.0,14117.0,16141.0,44049.0
2025-07-19_06:03:39,,,,,,
2025-07-19_06:03:43,6959.0,11973.0,46059.0,3793.0,16141.0,44049.0
2025-07-19_06:03:43,,,,14099.0,16141.0,44049.0
2025-07-19_06:03:47,3375.0,11973.0,46059.0,12163.0,16141.0,44049.0
2025-07-19_06:03:47,9189.0,11973.0,46059.0,13832.0,16141.0,44049.0
2025-07-19_06:03:47,9598.0,11973.0,46059.0,13989.0,16141.0,44049.0
2025-07-19_06:03:48,,,,,,
2025-07-19_06:03:51,6953.0,11973.0,46059.0,3793.0,16141.0,44049.0
2025-07-19_06:03:52,,,,,,
2025-07-19_06:03:55,6955.0,11973.0,46059.0,3793.0,16141.0,44049.0
2025-07-19_06:03:56,9684.0,11973.0,46059.0,14177.0,16141.0,44049.0
2025-07-19_06:03:56,9920.0,11973.0,46059.0,14231.0,16141.0,44049.0
2025-07-19_06:03:56,9791.0,11973.0,46059.0,14031.0,16141.0,44049.0
2025-07-19_06:03:56,,,,,,
2025-07-19_06:04:00,6960.0,11973.0,46059.0,3793.0,16141.0,44049.0
2025-07-19_06:04:00,9629.0,11973.0,46059.0,14377.0,16141.0,44049.0
2025-07-19_06:04:01,9661.0,11973.0,46059.0,13959.0,16141.0,44049.0
2025-07-19_06:04:01,9678.0,11973.0,46059.0,13983.0,16141.0,44049.0
2025-07-19_06:04:01,9504.0,11973.0,46059.0,14291.0,16141.0,44049.0
2025-07-19_06:04:01,9416.0,11973.0,46059.0,13981.0,16141.0,44049.0
2025-07-19_06:04:01,,,,14063.0,16141.0,44049.0
2025-07-19_06:04:05,3358.0,11973.0,46059.0,12167.0,16141.0,44049.0
2025-07-19_06:04:05,9780.0,11973.0,46059.0,14151.0,16141.0,44054.0
2025-07-19_06:04:06,9815.0,11973.0,46059.0,14043.0,16141.0,44054.0
2025-07-19_06:04:06,10072.0,11973.0,46059.0,14331.0,16141.0,44054.0
2025-07-19_06:04:06,9682.0,11973.0,46059.0,13964.0,16141.0,44054.0
2025-07-19_06:04:06,9612.0,11973.0,46059.0,14262.0,16141.0,44054.0
2025-07-19_06:04:07,9672.0,11973.0,46059.0,13936.0,16141.0,44054.0
2025-07-19_06:04:07,9900.0,11973.0,46059.0,14122.0,16141.0,44054.0
2025-07-19_06:04:07,9594.0,11973.0,46059.0,14028.0,16141.0,44054.0
2025-07-19_06:04:07,9619.0,11973.0,46059.0,14087.0,16141.0,44054.0
2025-07-19_06:04:07,9671.0,11973.0,46059.0,13794.0,16141.0,44054.0
2025-07-19_06:04:08,9788.0,11973.0,46059.0,14317.0,16141.0,44054.0
2025-07-19_06:04:08,9460.0,11973.0,46059.0,13837.0,16141.0,44054.0
2025-07-19_06:04:08,9681.0,11973.0,46059.0,13978.0,16141.0,44054.0
2025-07-19_06:04:08,9646.0,11973.0,46059.0,14295.0,16141.0,44054.0
2025-07-19_06:04:09,9623.0,11973.0,46059.0,14093.0,16141.0,44054.0
2025-07-19_06:04:09,,,,14360.0,16141.0,44054.0
2025-07-19_06:04:12,3358.0,11973.0,46059.0,12185.0,16141.0,44054.0
2025-07-19_06:04:13,9778.0,11973.0,46059.0,14215.0,16141.0,44054.0
2025-07-19_06:04:13,,,,14254.0,16141.0,44054.0
2025-07-19_06:04:17,3375.0,11973.0,46059.0,12188.0,16141.0,44054.0
2025-07-19_06:04:17,9668.0,11973.0,46059.0,13743.0,16141.0,44054.0
2025-07-19_06:04:17,9636.0,11973.0,46059.0,14146.0,16141.0,44054.0
2025-07-19_06:04:17,10366.0,11973.0,46059.0,14625.0,16141.0,44055.0
2025-07-19_06:04:18,,,,,,
2025-07-19_06:04:21,6964.0,11973.0,46059.0,3793.0,16141.0,44055.0
2025-07-19_06:04:22,9690.0,11973.0,46059.0,14291.0,16141.0,44055.0
2025-07-19_06:04:22,,,,,,
2025-07-19_06:04:26,6963.0,11973.0,46059.0,3792.0,16141.0,44055.0
2025-07-19_06:04:26,,,,,,
2025-07-19_06:04:30,6967.0,11973.0,46059.0,3793.0,16141.0,44055.0
2025-07-19_06:04:30,9671.0,11973.0,46059.0,14184.0,16141.0,44055.0
2025-07-19_06:04:30,9683.0,11973.0,46059.0,14166.0,16141.0,44055.0
2025-07-19_06:04:30,10046.0,11973.0,46059.0,14361.0,16141.0,44055.0
2025-07-19_06:04:31,9563.0,11973.0,46059.0,14318.0,16141.0,44055.0
2025-07-19_06:04:31,,,,,,
2025-07-19_06:04:35,6967.0,11973.0,46059.0,3794.0,16141.0,44055.0
2025-07-19_06:04:35,9717.0,11973.0,46059.0,14071.0,16141.0,44055.0
2025-07-19_06:04:35,9911.0,11973.0,46059.0,14260.0,16141.0,44055.0
2025-07-19_06:04:35,9798.0,11973.0,46059.0,14047.0,16141.0,44055.0
2025-07-19_06:04:35,9846.0,11973.0,46059.0,14098.0,16141.0,44055.0
2025-07-19_06:04:36,9656.0,11973.0,46059.0,14117.0,16141.0,44055.0
2025-07-19_06:04:36,8698.0,11973.0,46059.0,14224.0,16141.0,44055.0
2025-07-19_06:04:36,,,,14253.0,16141.0,44075.0
2025-07-19_06:04:40,3302.0,11973.0,46059.0,12198.0,16141.0,44075.0
2025-07-19_06:04:40,9260.0,11973.0,46059.0,13937.0,16141.0,44075.0
2025-07-19_06:04:40,9656.0,11973.0,46059.0,14015.0,16141.0,44075.0
2025-07-19_06:04:40,9674.0,11973.0,46059.0,13982.0,16141.0,44075.0
2025-07-19_06:04:41,9823.0,11973.0,46059.0,14244.0,16141.0,44075.0
2025-07-19_06:04:41,9666.0,11973.0,46059.0,13977.0,16141.0,44075.0
2025-07-19_06:04:41,,,,13779.0,16141.0,44075.0
2025-07-19_06:04:45,3375.0,11973.0,46059.0,12184.0,16141.0,44075.0
2025-07-19_06:04:45,,,,13791.0,16141.0,44075.0
2025-07-19_06:04:49,3375.0,11973.0,46059.0,12159.0,16141.0,44075.0
2025-07-19_06:04:49,10118.0,11973.0,46059.0,14054.0,16141.0,44075.0
2025-07-19_06:04:49,10310.0,11973.0,46059.0,14513.0,16141.0,44075.0
2025-07-19_06:04:49,8655.0,11973.0,46059.0,14014.0,16141.0,44075.0
2025-07-19_06:04:50,9983.0,11973.0,46059.0,14585.0,16141.0,44075.0
2025-07-19_06:04:50,,,,14149.0,16141.0,44075.0
2025-07-19_06:04:54,3304.0,11973.0,46059.0,12176.0,16141.0,44075.0
2025-07-19_06:04:54,9278.0,11973.0,46059.0,13927.0,16141.0,44075.0
2025-07-19_06:04:54,9923.0,11973.0,46059.0,14165.0,16141.0,44075.0
2025-07-19_06:04:54,10096.0,11973.0,46059.0,14324.0,16141.0,44075.0
2025-07-19_06:04:54,9449.0,11973.0,46059.0,13932.0,16141.0,44075.0
2025-07-19_06:04:55,9919.0,11973.0,46059.0,14260.0,16141.0,44075.0
2025-07-19_06:04:55,9608.0,11973.0,46059.0,14107.0,16141.0,44075.0
2025-07-19_06:04:55,9668.0,11973.0,46059.0,13971.0,16141.0,44075.0
2025-07-19_06:04:55,9644.0,11973.0,46059.0,13974.0,16141.0,44075.0
2025-07-19_06:04:55,9656.0,11973.0,46059.0,14328.0,16141.0,44075.0
2025-07-19_06:04:56,8598.0,11973.0,46059.0,14154.0,16141.0,44075.0
2025-07-19_06:04:56,9648.0,11973.0,46059.0,14101.0,16141.0,44075.0
2025-07-19_06:04:56,9542.0,11973.0,46059.0,14329.0,16141.0,44075.0
2025-07-19_06:04:56,9717.0,11973.0,46059.0,14158.0,16141.0,44075.0
2025-07-19_06:04:57,,,,,,
2025-07-19_06:05:00,6965.0,11973.0,46059.0,3793.0,16141.0,44075.0
2025-07-19_06:05:01,9947.0,11973.0,46059.0,14165.0,16141.0,44075.0
2025-07-19_06:05:01,9879.0,11973.0,46059.0,14229.0,16141.0,44075.0
2025-07-19_06:05:01,9667.0,11973.0,46059.0,14173.0,16141.0,44075.0
2025-07-19_06:05:01,,,,,,
2025-07-19_06:05:05,6965.0,11973.0,46059.0,3787.0,16141.0,44075.0
2025-07-19_06:05:05,9668.0,11973.0,46059.0,13974.0,16141.0,44075.0
2025-07-19_06:05:05,,,,13860.0,16141.0,44075.0
2025-07-19_06:05:09,3358.0,11973.0,46059.0,12196.0,16141.0,44075.0
2025-07-19_06:05:09,9665.0,11973.0,46059.0,13977.0,16141.0,44075.0
2025-07-19_06:05:10,10350.0,11973.0,46060.0,14570.0,16141.0,44075.0
2025-07-19_06:05:10,9917.0,11973.0,46060.0,14244.0,16141.0,44075.0
2025-07-19_06:05:10,,,,13976.0,16141.0,44075.0
2025-07-19_06:05:14,3319.0,11973.0,46060.0,12185.0,16141.0,44075.0
2025-07-19_06:05:14,8680.0,11973.0,46060.0,13734.0,16141.0,44075.0
2025-07-19_06:05:14,9766.0,11973.0,46060.0,14404.0,16141.0,44075.0
2025-07-19_06:05:15,9864.0,11973.0,46060.0,14423.0,16141.0,44075.0
2025-07-19_06:05:15,10640.0,11973.0,46060.0,14705.0,16141.0,44075.0
2025-07-19_06:05:15,9712.0,11973.0,46060.0,14538.0,16141.0,44075.0
2025-07-19_06:05:15,,,,14091.0,16141.0,44075.0
2025-07-19_06:05:19,3319.0,11973.0,46060.0,12184.0,16141.0,44075.0
2025-07-19_06:05:19,,,,,,
2025-07-19_06:05:23,6966.0,11973.0,46060.0,3792.0,16141.0,44075.0
2025-07-19_06:05:23,9531.0,11973.0,46060.0,14292.0,16141.0,44075.0
2025-07-19_06:05:23,,,,,,
2025-07-19_06:05:27,6971.0,11973.0,46060.0,3792.0,16141.0,44075.0
2025-07-19_06:05:27,9679.0,11973.0,46060.0,14164.0,16141.0,44075.0
2025-07-19_06:05:28,9893.0,11973.0,46060.0,14112.0,16141.0,44075.0
2025-07-19_06:05:28,9681.0,11973.0,46060.0,13977.0,16141.0,44075.0
2025-07-19_06:05:28,9265.0,11973.0,46060.0,14109.0,16141.0,44075.0
2025-07-19_06:05:28,,,,,,
2025-07-19_06:05:32,6967.0,11973.0,46060.0,3792.0,16141.0,44075.0
2025-07-19_06:05:32,9691.0,11973.0,46060.0,13802.0,16141.0,44075.0
2025-07-19_06:05:33,9818.0,11973.0,46060.0,14223.0,16141.0,44075.0
2025-07-19_06:05:33,9918.0,11973.0,46060.0,14172.0,16141.0,44075.0
2025-07-19_06:05:33,9641.0,11973.0,46060.0,14001.0,16141.0,44075.0
2025-07-19_06:05:33,9601.0,11973.0,46060.0,14195.0,16141.0,44075.0
2025-07-19_06:05:34,9814.0,11973.0,46060.0,14273.0,16141.0,44075.0
2025-07-19_06:05:34,,,,,,
2025-07-19_06:05:38,6977.0,11973.0,46060.0,3792.0,16141.0,44075.0
2025-07-19_06:05:38,9672.0,11973.0,46060.0,13977.0,16141.0,44075.0
2025-07-19_06:05:38,,,,,,
2025-07-19_06:05:42,6964.0,11973.0,46060.0,3793.0,16141.0,44075.0
2025-07-19_06:05:42,9652.0,11973.0,46060.0,14098.0,16141.0,44075.0
2025-07-19_06:05:42,,,,14047.0,16141.0,44075.0
2025-07-19_06:05:46,3358.0,11973.0,46060.0,12184.0,16141.0,44075.0
2025-07-19_06:05:46,9677.0,11973.0,46060.0,13978.0,16141.0,44075.0
2025-07-19_06:05:46,9844.0,11973.0,46060.0,13883.0,16141.0,44075.0
2025-07-19_06:05:47,9641.0,11973.0,46060.0,14101.0,16141.0,44075.0
2025-07-19_06:05:47,9653.0,11973.0,46060.0,14095.0,16141.0,44075.0
2025-07-19_06:05:47,9647.0,11973.0,46060.0,13927.0,16141.0,44075.0
2025-07-19_06:05:47,9679.0,11973.0,46060.0,14179.0,16141.0,44075.0
2025-07-19_06:05:48,9675.0,11973.0,46060.0,14186.0,16141.0,44075.0
2025-07-19_06:05:48,10116.0,11973.0,46060.0,14361.0,16141.0,44075.0
2025-07-19_06:05:48,9164.0,11973.0,46060.0,14027.0,16141.0,44075.0
2025-07-19_06:05:48,9494.0,11973.0,46060.0,14277.0,16141.0,44075.0
2025-07-19_06:05:48,,,,13981.0,16141.0,44075.0
2025-07-19_06:05:52,3375.0,11973.0,46060.0,12144.0,16141.0,44075.0
2025-07-19_06:05:52,9195.0,11973.0,46060.0,13985.0,16141.0,44075.0
2025-07-19_06:05:53,9853.0,11973.0,46060.0,14139.0,16141.0,44075.0
2025-07-19_06:05:53,10187.0,11973.0,46060.0,14361.0,16141.0,44075.0
2025-07-19_06:05:53,,,,,,
2025-07-19_06:05:57,6961.0,11973.0,46060.0,3793.0,16141.0,44075.0
2025-07-19_06:05:57,9600.0,11973.0,46060.0,14274.0,16141.0,44075.0
2025-07-19_06:05:57,9654.0,11973.0,46060.0,13908.0,16141.0,44075.0
2025-07-19_06:05:57,9966.0,11973.0,46060.0,14128.0,16141.0,44075.0
2025-07-19_06:05:58,9912.0,11973.0,46060.0,14249.0,16141.0,44075.0
2025-07-19_06:05:58,,,,14356.0,16141.0,44075.0
2025-07-19_06:06:02,3375.0,11973.0,46060.0,12182.0,16141.0,44075.0
2025-07-19_06:06:02,9832.0,11973.0,46060.0,14070.0,16141.0,44075.0
2025-07-19_06:06:02,9235.0,11973.0,46060.0,13931.0,16141.0,44075.0
2025-07-19_06:06:02,9913.0,11973.0,46060.0,14251.0,16141.0,44075.0
2025-07-19_06:06:02,9648.0,11973.0,46060.0,14100.0,16141.0,44075.0
2025-07-19_06:06:03,9705.0,11973.0,46060.0,13728.0,16141.0,44075.0
2025-07-19_06:06:03,9872.0,11973.0,46060.0,14390.0,16141.0,44075.0
2025-07-19_06:06:03,,,,,,
2025-07-19_06:06:07,6963.0,11973.0,46060.0,3786.0,16141.0,44075.0
2025-07-19_06:06:07,9467.0,11973.0,46060.0,14117.0,16141.0,44075.0
2025-07-19_06:06:07,9474.0,11973.0,46060.0,14278.0,16141.0,44075.0
2025-07-19_06:06:08,,,,13975.0,16141.0,44075.0
2025-07-19_06:06:11,3319.0,11973.0,46060.0,12167.0,16141.0,44075.0
2025-07-19_06:06:11,9675.0,11973.0,46060.0,14320.0,16141.0,44075.0
2025-07-19_06:06:12,8712.0,11973.0,46060.0,14250.0,16141.0,44075.0
2025-07-19_06:06:12,9829.0,11973.0,46060.0,14269.0,16141.0,44075.0
2025-07-19_06:06:12,9670.0,11973.0,46060.0,13975.0,16141.0,44075.0
2025-07-19_06:06:12,9947.0,11973.0,46060.0,14258.0,16141.0,44075.0
2025-07-19_06:06:13,,,,,,
2025-07-19_06:06:16,6975.0,11973.0,46060.0,3793.0,16141.0,44075.0
2025-07-19_06:06:17,9715.0,11973.0,46060.0,13870.0,16141.0,44075.0
2025-07-19_06:06:17,9688.0,11973.0,46060.0,14319.0,16141.0,44075.0
2025-07-19_06:06:17,9682.0,11973.0,46060.0,13989.0,16141.0,44075.0
2025-07-19_06:06:17,9836.0,11973.0,46060.0,14265.0,16141.0,44075.0
2025-07-19_06:06:17,9632.0,11973.0,46060.0,14283.0,16141.0,44075.0
2025-07-19_06:06:18,9672.0,11973.0,46060.0,14165.0,16141.0,44075.0
2025-07-19_06:06:18,9742.0,11973.0,46060.0,14247.0,16141.0,44075.0
2025-07-19_06:06:18,9846.0,11973.0,46060.0,14219.0,16141.0,44075.0
2025-07-19_06:06:18,9669.0,11973.0,46060.0,14165.0,16141.0,44075.0
2025-07-19_06:06:19,10246.0,11973.0,46060.0,14299.0,16141.0,44075.0
2025-07-19_06:06:19,9119.0,11973.0,46060.0,14109.0,16141.0,44075.0
2025-07-19_06:06:19,9737.0,11973.0,46060.0,14215.0,16141.0,44075.0
2025-07-19_06:06:19,9808.0,11974.0,46061.0,14223.0,16141.0,44075.0
2025-07-19_06:06:20,9642.0,11974.0,46061.0,14292.0,16141.0,44075.0
2025-07-19_06:06:20,9824.0,11974.0,46061.0,14239.0,16141.0,44075.0
2025-07-19_06:06:20,,,,13793.0,16141.0,44075.0
2025-07-19_06:06:24,3319.0,11974.0,46061.0,12175.0,16141.0,44075.0
2025-07-19_06:06:24,9669.0,11974.0,46061.0,14110.0,16141.0,44075.0
2025-07-19_06:06:24,9517.0,11974.0,46061.0,14273.0,16141.0,44075.0
2025-07-19_06:06:24,9673.0,11974.0,46061.0,14355.0,16141.0,44075.0
2025-07-19_06:06:25,,,,14323.0,16141.0,44075.0
2025-07-19_06:06:28,3358.0,11974.0,46061.0,12161.0,16141.0,44075.0
2025-07-19_06:06:29,,,,13792.0,16141.0,44075.0
2025-07-19_06:06:32,3302.0,11974.0,46061.0,12196.0,16141.0,44075.0
2025-07-19_06:06:32,9672.0,11974.0,46061.0,14176.0,16141.0,44075.0
2025-07-19_06:06:33,9847.0,11974.0,46061.0,14223.0,16141.0,44075.0
2025-07-19_06:06:33,9848.0,11974.0,46061.0,14234.0,16141.0,44075.0
2025-07-19_06:06:33,,,,13558.0,16141.0,44075.0
2025-07-19_06:06:37,3302.0,11974.0,46061.0,12186.0,16141.0,44075.0
2025-07-19_06:06:37,9670.0,11974.0,46061.0,13772.0,16141.0,44075.0
2025-07-19_06:06:37,,,,13792.0,16141.0,44075.0
2025-07-19_06:06:41,3319.0,11974.0,46061.0,12186.0,16141.0,44075.0
2025-07-19_06:06:41,9672.0,11974.0,46061.0,13970.0,16141.0,44075.0
2025-07-19_06:06:41,9636.0,11974.0,46061.0,14101.0,16141.0,44075.0
2025-07-19_06:06:42,,,,13978.0,16141.0,44075.0
2025-07-19_06:06:45,3319.0,11974.0,46061.0,12141.0,16141.0,44075.0
2025-07-19_06:06:45,,,,13785.0,16141.0,44075.0
2025-07-19_06:06:49,3319.0,11974.0,46061.0,12187.0,16141.0,44075.0
2025-07-19_06:06:49,,,,,,
2025-07-19_06:06:53,6965.0,11974.0,46061.0,3793.0,16141.0,44075.0
2025-07-19_06:06:53,10078.0,11974.0,46061.0,14314.0,16141.0,44075.0
2025-07-19_06:06:54,9267.0,11974.0,46061.0,13969.0,16141.0,44075.0
2025-07-19_06:06:54,9681.0,11974.0,46061.0,14167.0,16141.0,44075.0
2025-07-19_06:06:54,,,,,,
2025-07-19_06:06:58,6965.0,11974.0,46061.0,3793.0,16141.0,44075.0
2025-07-19_06:06:58,9593.0,11974.0,46061.0,14193.0,16141.0,44075.0
2025-07-19_06:06:58,,,,,,
2025-07-19_06:07:02,6965.0,11974.0,46061.0,3793.0,16141.0,44075.0
2025-07-19_06:07:02,,,,14089.0,16141.0,44075.0
2025-07-19_06:07:06,3375.0,11974.0,46061.0,12194.0,16141.0,44075.0
2025-07-19_06:07:06,9631.0,11974.0,46061.0,14097.0,16141.0,44075.0
2025-07-19_06:07:06,9466.0,11974.0,46061.0,14196.0,16141.0,44075.0
2025-07-19_06:07:07,9733.0,11974.0,46061.0,14168.0,16141.0,44075.0
2025-07-19_06:07:07,9785.0,11974.0,46061.0,14278.0,16141.0,44075.0
2025-07-19_06:07:07,9676.0,11974.0,46061.0,14166.0,16141.0,44075.0
2025-07-19_06:07:07,9513.0,11974.0,46061.0,14168.0,16141.0,44075.0
2025-07-19_06:07:08,9978.0,11974.0,46061.0,14307.0,16141.0,44075.0
2025-07-19_06:07:08,9682.0,11974.0,46061.0,14391.0,16141.0,44075.0
2025-07-19_06:07:08,9942.0,11974.0,46061.0,14356.0,16141.0,44075.0
2025-07-19_06:07:08,9964.0,11974.0,46061.0,14512.0,16141.0,44075.0
2025-07-19_06:07:08,10137.0,11974.0,46106.0,14508.0,16141.0,44075.0
2025-07-19_06:07:09,9127.0,11974.0,46106.0,14115.0,16141.0,44075.0
2025-07-19_06:07:09,9677.0,11974.0,46106.0,14170.0,16141.0,44075.0
2025-07-19_06:07:09,,,,13785.0,16141.0,44075.0
2025-07-19_06:07:13,3358.0,11974.0,46106.0,12203.0,16141.0,44075.0
2025-07-19_06:07:13,9710.0,11974.0,46106.0,14012.0,16141.0,44075.0
2025-07-19_06:07:13,,,,13968.0,16141.0,44075.0
2025-07-19_06:07:17,3319.0,11974.0,46106.0,12161.0,16141.0,44075.0
2025-07-19_06:07:17,9671.0,11974.0,46106.0,13978.0,16141.0,44075.0
2025-07-19_06:07:17,9843.0,11974.0,46106.0,14213.0,16141.0,44075.0
2025-07-19_06:07:18,9666.0,11974.0,46106.0,14320.0,16141.0,44075.0
2025-07-19_06:07:18,10126.0,11974.0,46106.0,14264.0,16141.0,44075.0
2025-07-19_06:07:18,9671.0,11974.0,46106.0,14283.0,16141.0,44075.0
2025-07-19_06:07:18,9651.0,11974.0,46106.0,14278.0,16141.0,44075.0
2025-07-19_06:07:19,9918.0,11974.0,46106.0,14364.0,16141.0,44075.0
2025-07-19_06:07:19,,,,,,
2025-07-19_06:07:23,6970.0,11974.0,46106.0,3792.0,16141.0,44075.0
2025-07-19_06:07:23,,,,14102.0,16141.0,44076.0
2025-07-19_06:07:27,2778.0,11974.0,46106.0,12196.0,16141.0,44076.0
2025-07-19_06:07:27,9677.0,11974.0,46106.0,14007.0,16141.0,44076.0
2025-07-19_06:07:27,,,,,,
2025-07-19_06:07:31,6967.0,11974.0,46106.0,3793.0,16141.0,44076.0
2025-07-19_06:07:31,,,,14000.0,16141.0,44076.0
2025-07-19_06:07:35,3373.0,11974.0,46106.0,12192.0,16141.0,44076.0
2025-07-19_06:07:35,9628.0,11974.0,46106.0,14295.0,16141.0,44076.0
2025-07-19_06:07:35,9751.0,11974.0,46106.0,14301.0,16141.0,44076.0
2025-07-19_06:07:36,,,,,,
2025-07-19_06:07:39,6962.0,11974.0,46106.0,3793.0,16141.0,44076.0
2025-07-19_06:07:40,9227.0,11974.0,46106.0,13911.0,16141.0,44076.0
2025-07-19_06:07:40,,,,14002.0,16141.0,44076.0
2025-07-19_06:07:43,3304.0,11974.0,46106.0,12190.0,16141.0,44076.0
2025-07-19_06:07:44,9671.0,11974.0,46106.0,13978.0,16141.0,44076.0
2025-07-19_06:07:44,9821.0,11974.0,46106.0,14010.0,16141.0,44076.0
2025-07-19_06:07:44,9766.0,11974.0,46106.0,14309.0,16141.0,44076.0
2025-07-19_06:07:44,9658.0,11974.0,46106.0,14166.0,16141.0,44076.0
2025-07-19_06:07:45,9672.0,11974.0,46106.0,14168.0,16141.0,44076.0
2025-07-19_06:07:45,9675.0,11974.0,46106.0,14174.0,16141.0,44076.0
2025-07-19_06:07:45,9836.0,11974.0,46106.0,14246.0,16141.0,44076.0
2025-07-19_06:07:45,,,,13942.0,16141.0,44076.0
2025-07-19_06:07:49,3302.0,11974.0,46106.0,12192.0,16141.0,44076.0
2025-07-19_06:07:49,10087.0,11974.0,46106.0,14233.0,16141.0,44076.0
2025-07-19_06:07:49,9051.0,11974.0,46106.0,13967.0,16141.0,44076.0
2025-07-19_06:07:50,9717.0,11974.0,46106.0,14290.0,16141.0,44076.0
2025-07-19_06:07:50,9893.0,11974.0,46106.0,14345.0,16141.0,44076.0
2025-07-19_06:07:50,9671.0,11974.0,46106.0,13976.0,16141.0,44076.0
2025-07-19_06:07:50,9876.0,11974.0,46106.0,14277.0,16141.0,44076.0
2025-07-19_06:07:51,9708.0,11974.0,46106.0,14209.0,16141.0,44076.0
2025-07-19_06:07:51,9672.0,11974.0,46106.0,14161.0,16141.0,44076.0
2025-07-19_06:07:51,9671.0,11974.0,46106.0,14159.0,16141.0,44076.0
2025-07-19_06:07:51,9682.0,11974.0,46106.0,14177.0,16141.0,44076.0
2025-07-19_06:07:52,9672.0,11974.0,46106.0,13976.0,16141.0,44076.0
2025-07-19_06:07:52,9834.0,11974.0,46106.0,14261.0,16141.0,44076.0
2025-07-19_06:07:52,9668.0,11974.0,46106.0,13976.0,16141.0,44076.0
2025-07-19_06:07:52,9494.0,11974.0,46106.0,13957.0,16141.0,44076.0
2025-07-19_06:07:52,9953.0,11974.0,46106.0,14393.0,16141.0,44076.0
2025-07-19_06:07:53,9842.0,11974.0,46106.0,14397.0,16141.0,44076.0
2025-07-19_06:07:53,,,,13795.0,16141.0,44076.0
2025-07-19_06:07:57,3319.0,11974.0,46106.0,12169.0,16141.0,44076.0
2025-07-19_06:07:57,,,,13940.0,16141.0,44076.0
2025-07-19_06:08:00,3319.0,11974.0,46106.0,12183.0,16141.0,44076.0
2025-07-19_06:08:01,9829.0,11974.0,46106.0,14137.0,16141.0,44076.0
2025-07-19_06:08:01,9841.0,11974.0,46106.0,14006.0,16141.0,44076.0
2025-07-19_06:08:01,9478.0,11974.0,46106.0,14287.0,16141.0,44076.0
2025-07-19_06:08:01,,,,,,
2025-07-19_06:08:05,6964.0,11974.0,46106.0,3795.0,16141.0,44076.0
2025-07-19_06:08:05,9668.0,11974.0,46106.0,14171.0,16141.0,44076.0
2025-07-19_06:08:06,9672.0,11974.0,46106.0,14169.0,16141.0,44076.0
2025-07-19_06:08:06,10100.0,11974.0,46106.0,14233.0,16141.0,44076.0
2025-07-19_06:08:06,10096.0,11974.0,46106.0,14248.0,16141.0,44076.0
2025-07-19_06:08:06,9713.0,11974.0,46106.0,14085.0,16141.0,44076.0
2025-07-19_06:08:06,9651.0,11974.0,46106.0,14319.0,16141.0,44076.0
2025-07-19_06:08:07,9668.0,11974.0,46106.0,14172.0,16141.0,44076.0
2025-07-19_06:08:07,9702.0,11974.0,46106.0,14133.0,16141.0,44076.0
2025-07-19_06:08:07,9682.0,11974.0,46106.0,13984.0,16141.0,44076.0
2025-07-19_06:08:07,,,,12799.0,16141.0,44077.0
2025-07-19_06:08:11,2778.0,11974.0,46106.0,12190.0,16141.0,44077.0
2025-07-19_06:08:11,,,,14132.0,16141.0,44077.0
2025-07-19_06:08:15,3373.0,11974.0,46106.0,12185.0,16141.0,44077.0
2025-07-19_06:08:15,,,,,,
2025-07-19_06:08:19,6965.0,11974.0,46106.0,3793.0,16141.0,44077.0
2025-07-19_06:08:19,,,,,,
2025-07-19_06:08:23,6963.0,11974.0,46106.0,3793.0,16141.0,44077.0
2025-07-19_06:08:23,9716.0,11974.0,46106.0,14239.0,16141.0,44077.0
2025-07-19_06:08:24,9827.0,11974.0,46106.0,14223.0,16141.0,44077.0
2025-07-19_06:08:24,9666.0,11974.0,46106.0,13981.0,16141.0,44077.0
2025-07-19_06:08:24,9672.0,11974.0,46106.0,13973.0,16141.0,44077.0
2025-07-19_06:08:24,9675.0,11974.0,46106.0,13972.0,16141.0,44077.0
2025-07-19_06:08:25,9647.0,11974.0,46106.0,14133.0,16141.0,44077.0
2025-07-19_06:08:25,,,,,,
2025-07-19_06:08:29,6964.0,11974.0,46106.0,3792.0,16141.0,44077.0
2025-07-19_06:08:29,9589.0,11974.0,46106.0,13999.0,16141.0,44096.0
2025-07-19_06:08:29,9671.0,11974.0,46106.0,13970.0,16141.0,44096.0
2025-07-19_06:08:29,9691.0,11974.0,46106.0,14139.0,16141.0,44096.0
2025-07-19_06:08:30,9667.0,11974.0,46106.0,13793.0,16141.0,44096.0
2025-07-19_06:08:30,10173.0,11974.0,46106.0,14361.0,16141.0,44096.0
2025-07-19_06:08:30,,,,,,
2025-07-19_06:08:34,6966.0,11974.0,46106.0,3793.0,16141.0,44096.0
2025-07-19_06:08:34,8927.0,11974.0,46106.0,14287.0,16141.0,44096.0
2025-07-19_06:08:34,9670.0,11974.0,46106.0,13976.0,16141.0,44096.0
2025-07-19_06:08:35,9690.0,11974.0,46106.0,14328.0,16141.0,44096.0
2025-07-19_06:08:35,9811.0,11974.0,46106.0,14019.0,16141.0,44096.0
2025-07-19_06:08:35,,,,,,
2025-07-19_06:08:39,6964.0,11974.0,46106.0,3793.0,16141.0,44096.0
2025-07-19_06:08:39,9773.0,11974.0,46106.0,14127.0,16141.0,44096.0
2025-07-19_06:08:39,9653.0,11974.0,46106.0,14302.0,16141.0,44096.0
2025-07-19_06:08:39,9596.0,11974.0,46106.0,13739.0,16141.0,44096.0
2025-07-19_06:08:40,,,,13697.0,16141.0,44096.0
2025-07-19_06:08:43,2778.0,11974.0,46106.0,12201.0,16141.0,44096.0
2025-07-19_06:08:44,,,,13788.0,16141.0,44096.0
2025-07-19_06:08:47,3360.0,11974.0,46106.0,12192.0,16141.0,44096.0
2025-07-19_06:08:48,9672.0,11974.0,46106.0,14166.0,16141.0,44096.0
2025-07-19_06:08:48,9719.0,11974.0,46106.0,14224.0,16141.0,44096.0
2025-07-19_06:08:48,,,,,,
2025-07-19_06:08:52,6963.0,11974.0,46106.0,3793.0,16141.0,44096.0
2025-07-19_06:08:52,,,,14247.0,16141.0,44096.0
2025-07-19_06:08:56,3377.0,11974.0,46106.0,12184.0,16141.0,44096.0
2025-07-19_06:08:56,10022.0,11974.0,46106.0,14004.0,16141.0,44096.0
2025-07-19_06:08:56,10241.0,11974.0,46106.0,14306.0,16141.0,44096.0
2025-07-19_06:08:56,9668.0,11974.0,46106.0,14172.0,16141.0,44096.0
2025-07-19_06:08:57,,,,,,
2025-07-19_06:09:00,6969.0,11974.0,46106.0,3793.0,16141.0,44096.0
2025-07-19_06:09:01,9668.0,11974.0,46106.0,14169.0,16141.0,44096.0
2025-07-19_06:09:01,9898.0,11974.0,46106.0,14273.0,16141.0,44096.0
2025-07-19_06:09:01,9668.0,11974.0,46106.0,13980.0,16141.0,44096.0
2025-07-19_06:09:01,9677.0,11974.0,46106.0,14154.0,16141.0,44096.0
2025-07-19_06:09:02,9688.0,11974.0,46106.0,13988.0,16141.0,44096.0
2025-07-19_06:09:02,9679.0,11974.0,46106.0,14173.0,16141.0,44096.0
2025-07-19_06:09:02,9714.0,11974.0,46106.0,14003.0,16141.0,44096.0
2025-07-19_06:09:02,10155.0,11974.0,46106.0,14532.0,16141.0,44096.0
2025-07-19_06:09:02,9503.0,11974.0,46106.0,14288.0,16141.0,44096.0
2025-07-19_06:09:03,9704.0,11974.0,46106.0,14291.0,16141.0,44096.0
2025-07-19_06:09:03,10068.0,11974.0,46106.0,14325.0,16141.0,44096.0
2025-07-19_06:09:03,9675.0,11974.0,46106.0,14174.0,16141.0,44096.0
2025-07-19_06:09:03,10123.0,11974.0,46106.0,14237.0,16141.0,44096.0
2025-07-19_06:09:04,9669.0,11974.0,46106.0,13972.0,16141.0,44096.0
2025-07-19_06:09:04,9694.0,11974.0,46106.0,14152.0,16141.0,44096.0
2025-07-19_06:09:04,9647.0,11974.0,46106.0,14282.0,16141.0,44096.0
2025-07-19_06:09:04,,,,,,
2025-07-19_06:09:08,6968.0,11974.0,46106.0,3793.0,16141.0,44096.0
2025-07-19_06:09:08,9803.0,11974.0,46106.0,14034.0,16141.0,44096.0
2025-07-19_06:09:09,9528.0,11974.0,46106.0,14011.0,16141.0,44096.0
2025-07-19_06:09:09,9672.0,11974.0,46106.0,13985.0,16141.0,44096.0
2025-07-19_06:09:09,9681.0,11974.0,46106.0,14123.0,16141.0,44096.0
2025-07-19_06:09:09,9671.0,11974.0,46106.0,13981.0,16141.0,44096.0
2025-07-19_06:09:09,10062.0,11974.0,46109.0,14267.0,16141.0,44096.0
2025-07-19_06:09:10,9662.0,11974.0,46109.0,14185.0,16141.0,44096.0
2025-07-19_06:09:10,9802.0,11974.0,46109.0,14033.0,16141.0,44096.0
2025-07-19_06:09:10,9068.0,11974.0,46109.0,14011.0,16141.0,44096.0
2025-07-19_06:09:10,,,,14048.0,16141.0,44096.0
2025-07-19_06:09:14,3375.0,11974.0,46109.0,12193.0,16141.0,44096.0
2025-07-19_06:09:14,9672.0,11974.0,46109.0,13963.0,16141.0,44096.0
2025-07-19_06:09:14,9843.0,11974.0,46109.0,14081.0,16141.0,44096.0
2025-07-19_06:09:15,,,,,,
2025-07-19_06:09:18,6966.0,11974.0,46109.0,3792.0,16141.0,44096.0
2025-07-19_06:09:19,9675.0,11974.0,46109.0,14174.0,16141.0,44096.0
2025-07-19_06:09:19,,,,14042.0,16141.0,44096.0
2025-07-19_06:09:23,3375.0,11974.0,46109.0,12191.0,16141.0,44096.0
2025-07-19_06:09:23,9656.0,11974.0,46109.0,14168.0,16141.0,44096.0
2025-07-19_06:09:23,,,,14055.0,16141.0,44096.0
2025-07-19_06:09:27,3358.0,11974.0,46109.0,12190.0,16141.0,44096.0
2025-07-19_06:09:27,9670.0,11974.0,46109.0,13981.0,16141.0,44096.0
2025-07-19_06:09:27,9745.0,11974.0,46109.0,14066.0,16141.0,44096.0
2025-07-19_06:09:27,,,,,,
2025-07-19_06:09:31,6960.0,11974.0,46109.0,3795.0,16141.0,44096.0
2025-07-19_06:09:31,9671.0,11974.0,46109.0,14262.0,16141.0,44096.0
2025-07-19_06:09:32,9580.0,11974.0,46109.0,14114.0,16141.0,44096.0
2025-07-19_06:09:32,9658.0,11974.0,46109.0,13981.0,16141.0,44096.0
2025-07-19_06:09:32,9802.0,11974.0,46109.0,14036.0,16141.0,44096.0
2025-07-19_06:09:32,9671.0,11974.0,46109.0,13981.0,16141.0,44096.0
2025-07-19_06:09:32,9668.0,11974.0,46109.0,14161.0,16141.0,44096.0
2025-07-19_06:09:33,9669.0,11974.0,46109.0,13953.0,16141.0,44096.0
2025-07-19_06:09:33,9798.0,11974.0,46109.0,14031.0,16141.0,44096.0
2025-07-19_06:09:33,9671.0,11974.0,46109.0,13966.0,16141.0,44096.0
2025-07-19_06:09:33,9919.0,11974.0,46109.0,14151.0,16141.0,44096.0
2025-07-19_06:09:34,9625.0,11974.0,46109.0,14315.0,16141.0,44096.0
2025-07-19_06:09:34,9579.0,11974.0,46109.0,13976.0,16141.0,44096.0
2025-07-19_06:09:34,9424.0,11974.0,46109.0,14099.0,16141.0,44096.0
2025-07-19_06:09:34,9679.0,11974.0,46109.0,13972.0,16141.0,44096.0
2025-07-19_06:09:34,9831.0,11974.0,46109.0,14073.0,16141.0,44096.0
2025-07-19_06:09:35,9677.0,11974.0,46109.0,13966.0,16141.0,44096.0
2025-07-19_06:09:35,9673.0,11974.0,46109.0,14169.0,16141.0,44096.0
2025-07-19_06:09:35,9673.0,11974.0,46109.0,13924.0,16141.0,44096.0
2025-07-19_06:09:35,9667.0,11974.0,46109.0,14169.0,16141.0,44096.0
2025-07-19_06:09:36,9466.0,11974.0,46109.0,13933.0,16141.0,44096.0
2025-07-19_06:09:36,9474.0,11974.0,46109.0,14112.0,16141.0,44096.0
2025-07-19_06:09:36,9673.0,11974.0,46109.0,13807.0,16141.0,44096.0
2025-07-19_06:09:36,9329.0,11974.0,46109.0,13957.0,16141.0,44096.0
2025-07-19_06:09:36,9765.0,11974.0,46109.0,14217.0,16141.0,44096.0
2025-07-19_06:09:37,9677.0,11974.0,46109.0,13977.0,16141.0,44096.0
2025-07-19_06:09:37,10091.0,11974.0,46109.0,14546.0,16141.0,44096.0
2025-07-19_06:09:37,9630.0,11974.0,46109.0,14172.0,16141.0,44096.0
2025-07-19_06:09:37,9686.0,11974.0,46109.0,14177.0,16141.0,44096.0
2025-07-19_06:09:38,9676.0,11974.0,46109.0,14159.0,16141.0,44096.0
2025-07-19_06:09:38,9951.0,11974.0,46109.0,14391.0,16141.0,44096.0
2025-07-19_06:09:38,9618.0,11974.0,46109.0,14110.0,16141.0,44096.0
2025-07-19_06:09:38,9680.0,11974.0,46109.0,14021.0,16141.0,44096.0
2025-07-19_06:09:38,9878.0,11974.0,46109.0,14170.0,16141.0,44096.0
2025-07-19_06:09:39,10085.0,11974.0,46109.0,14252.0,16141.0,44096.0
2025-07-19_06:09:39,9807.0,11974.0,46109.0,14276.0,16141.0,44096.0
2025-07-19_06:09:39,9683.0,11974.0,46109.0,13968.0,16141.0,44096.0
2025-07-19_06:09:39,9685.0,11974.0,46109.0,13971.0,16141.0,44096.0
2025-07-19_06:09:40,9728.0,11974.0,46109.0,13883.0,16141.0,44096.0
2025-07-19_06:09:40,9611.0,11974.0,46109.0,14280.0,16141.0,44096.0
2025-07-19_06:09:40,10167.0,11974.0,46109.0,14348.0,16141.0,44096.0
2025-07-19_06:09:40,9650.0,11974.0,46109.0,14111.0,16141.0,44096.0
2025-07-19_06:09:40,9658.0,11974.0,46109.0,14169.0,16141.0,44096.0
2025-07-19_06:09:41,,,,14159.0,16141.0,44096.0
2025-07-19_06:09:44,3375.0,11974.0,46109.0,12193.0,16141.0,44096.0
2025-07-19_06:09:45,2778.0,11974.0,46109.0,12984.0,16141.0,44096.0
2025-07-19_06:09:45,10147.0,11974.0,46109.0,14040.0,16141.0,44096.0
2025-07-19_06:09:46,10127.0,11974.0,46109.0,14360.0,16141.0,44096.0
2025-07-19_06:09:46,9664.0,11974.0,46109.0,14104.0,16141.0,44096.0
2025-07-19_06:09:46,9963.0,11974.0,46109.0,14568.0,16141.0,44096.0
2025-07-19_06:09:46,9681.0,11974.0,46109.0,14173.0,16141.0,44096.0
2025-07-19_06:09:47,9673.0,11974.0,46109.0,13977.0,16141.0,44096.0
2025-07-19_06:09:47,9667.0,11974.0,46109.0,14021.0,16141.0,44096.0
2025-07-19_06:09:47,,,,,,
2025-07-19_06:09:51,6968.0,11974.0,46109.0,3793.0,16141.0,44096.0
2025-07-19_06:09:51,9661.0,11974.0,46109.0,14327.0,16141.0,44096.0
2025-07-19_06:09:51,,,,13792.0,16141.0,44096.0
2025-07-19_06:09:55,3375.0,11974.0,46109.0,12185.0,16141.0,44096.0
2025-07-19_06:09:55,9649.0,11974.0,46109.0,14273.0,16141.0,44096.0
2025-07-19_06:09:55,9678.0,11974.0,46109.0,14169.0,16141.0,44096.0
2025-07-19_06:09:56,9647.0,11974.0,46109.0,14290.0,16141.0,44096.0
2025-07-19_06:09:56,9724.0,11974.0,46109.0,13859.0,16141.0,44096.0
2025-07-19_06:09:56,9663.0,11974.0,46109.0,13964.0,16141.0,44096.0
2025-07-19_06:09:56,9666.0,11974.0,46109.0,14173.0,16141.0,44096.0
2025-07-19_06:09:57,9680.0,11974.0,46109.0,14181.0,16141.0,44096.0
2025-07-19_06:09:57,,,,13973.0,16141.0,44096.0
2025-07-19_06:10:01,3319.0,11974.0,46109.0,12184.0,16141.0,44096.0
2025-07-19_06:10:01,,,,,,
2025-07-19_06:10:05,6962.0,11974.0,46109.0,3786.0,16141.0,44096.0
2025-07-19_06:10:05,9672.0,11974.0,46109.0,13984.0,16141.0,44096.0
2025-07-19_06:10:05,10151.0,11974.0,46110.0,14205.0,16141.0,44096.0
2025-07-19_06:10:05,9684.0,11974.0,46110.0,13969.0,16141.0,44096.0
2025-07-19_06:10:05,9674.0,11974.0,46110.0,14172.0,16141.0,44096.0
2025-07-19_06:10:06,9685.0,11974.0,46110.0,13982.0,16141.0,44096.0
2025-07-19_06:10:06,9664.0,11974.0,46110.0,13981.0,16141.0,44096.0
2025-07-19_06:10:06,9671.0,11974.0,46110.0,13980.0,16141.0,44096.0
2025-07-19_06:10:06,9589.0,11974.0,46110.0,13778.0,16141.0,44096.0
2025-07-19_06:10:07,,,,14052.0,16141.0,44096.0
2025-07-19_06:10:10,3375.0,11974.0,46110.0,12195.0,16141.0,44096.0
2025-07-19_06:10:10,9672.0,11974.0,46110.0,14172.0,16141.0,44096.0
2025-07-19_06:10:11,9178.0,11974.0,46110.0,13983.0,16141.0,44096.0
2025-07-19_06:10:11,,,,13877.0,16141.0,44096.0
2025-07-19_06:10:15,3358.0,11974.0,46110.0,12197.0,16141.0,44096.0
2025-07-19_06:10:15,9654.0,11974.0,46110.0,14168.0,16141.0,44096.0
2025-07-19_06:10:15,9690.0,11974.0,46110.0,13983.0,16141.0,44096.0
2025-07-19_06:10:15,9672.0,11974.0,46110.0,13965.0,16141.0,44096.0
2025-07-19_06:10:16,9977.0,11974.0,46110.0,14472.0,16141.0,44096.0
2025-07-19_06:10:16,,,,14294.0,16141.0,44096.0
2025-07-19_06:10:19,3358.0,11974.0,46110.0,12192.0,16141.0,44096.0
2025-07-19_06:10:20,9671.0,11974.0,46110.0,14162.0,16141.0,44096.0
2025-07-19_06:10:20,,,,,,
2025-07-19_06:10:24,6963.0,11974.0,46110.0,3792.0,16141.0,44096.0
2025-07-19_06:10:24,9678.0,11974.0,46110.0,14169.0,16141.0,44096.0
2025-07-19_06:10:24,9653.0,11974.0,46110.0,13976.0,16141.0,44096.0
2025-07-19_06:10:24,9674.0,11974.0,46110.0,14166.0,16141.0,44096.0
2025-07-19_06:10:25,9671.0,11974.0,46110.0,13975.0,16141.0,44096.0
2025-07-19_06:10:25,9675.0,11974.0,46110.0,14177.0,16141.0,44096.0
2025-07-19_06:10:25,9658.0,11974.0,46110.0,14333.0,16141.0,44096.0
2025-07-19_06:10:25,10126.0,11974.0,46110.0,14398.0,16141.0,44096.0
2025-07-19_06:10:26,9672.0,11974.0,46110.0,13971.0,16141.0,44096.0
2025-07-19_06:10:26,9673.0,11974.0,46110.0,13976.0,16141.0,44096.0
2025-07-19_06:10:26,,,,14267.0,16141.0,44096.0
2025-07-19_06:10:30,2780.0,11974.0,46110.0,12160.0,16141.0,44096.0
2025-07-19_06:10:30,,,,13984.0,16141.0,44096.0
2025-07-19_06:10:34,3302.0,11974.0,46110.0,12195.0,16141.0,44096.0
2025-07-19_06:10:34,9674.0,11974.0,46110.0,13987.0,16141.0,44096.0
2025-07-19_06:10:34,9668.0,11974.0,46110.0,14172.0,16141.0,44096.0
2025-07-19_06:10:34,9703.0,11974.0,46110.0,14014.0,16141.0,44096.0
2025-07-19_06:10:35,9686.0,11974.0,46110.0,14213.0,16141.0,44096.0
2025-07-19_06:10:35,9645.0,11974.0,46110.0,14109.0,16141.0,44096.0
2025-07-19_06:10:35,9669.0,11974.0,46110.0,14196.0,16141.0,44096.0
2025-07-19_06:10:35,9909.0,11974.0,46110.0,14293.0,16141.0,44096.0
2025-07-19_06:10:35,,,,14005.0,16141.0,44096.0
2025-07-19_06:10:39,3358.0,11974.0,46110.0,12185.0,16141.0,44096.0
2025-07-19_06:10:39,9646.0,11974.0,46110.0,14283.0,16141.0,44096.0
2025-07-19_06:10:40,,,,,,
2025-07-19_06:10:43,,,,3793.0,16141.0,44096.0
2025-07-19_06:10:47,2778.0,11974.0,46110.0,12184.0,16141.0,44096.0
2025-07-19_06:10:47,9784.0,11974.0,46110.0,13902.0,16141.0,44096.0
2025-07-19_06:10:48,9838.0,11974.0,46110.0,14029.0,16141.0,44096.0
2025-07-19_06:10:48,9644.0,11974.0,46110.0,14092.0,16141.0,44096.0
2025-07-19_06:10:48,9549.0,11974.0,46110.0,13972.0,16141.0,44096.0
2025-07-19_06:10:48,9673.0,11974.0,46110.0,14197.0,16141.0,44096.0
2025-07-19_06:10:49,9683.0,11974.0,46110.0,13976.0,16141.0,44096.0
2025-07-19_06:10:49,9816.0,11974.0,46110.0,14236.0,16141.0,44096.0
2025-07-19_06:10:49,9513.0,11974.0,46110.0,14183.0,16141.0,44096.0
2025-07-19_06:10:49,,,,14069.0,16141.0,44096.0
2025-07-19_06:10:53,2778.0,11974.0,46110.0,12172.0,16141.0,44096.0
2025-07-19_06:10:53,9838.0,11974.0,46110.0,14249.0,16141.0,44096.0
2025-07-19_06:10:54,,,,13778.0,16141.0,44096.0
2025-07-19_06:10:57,3375.0,11974.0,46110.0,12167.0,16141.0,44096.0
2025-07-19_06:10:58,9669.0,11974.0,46110.0,13977.0,16141.0,44096.0
2025-07-19_06:10:58,9794.0,11974.0,46110.0,14024.0,16141.0,44096.0
2025-07-19_06:10:58,9638.0,11974.0,46110.0,14287.0,16141.0,44096.0
2025-07-19_06:10:58,9735.0,11974.0,46110.0,14077.0,16141.0,44096.0
2025-07-19_06:10:59,,,,,,
2025-07-19_06:11:02,6960.0,11974.0,46110.0,3787.0,16141.0,44096.0
2025-07-19_06:11:03,9722.0,11974.0,46110.0,14503.0,16141.0,44096.0
2025-07-19_06:11:03,9656.0,11974.0,46110.0,14166.0,16141.0,44096.0
2025-07-19_06:11:03,,,,,,
2025-07-19_06:11:07,6964.0,11974.0,46110.0,3793.0,16141.0,44096.0
2025-07-19_06:11:07,9436.0,11974.0,46110.0,14228.0,16141.0,44096.0
2025-07-19_06:11:07,,,,,,
2025-07-19_06:11:11,6966.0,11974.0,46110.0,3786.0,16141.0,44096.0
2025-07-19_06:11:11,9674.0,11974.0,46110.0,14173.0,16141.0,44096.0
2025-07-19_06:11:11,9673.0,11974.0,46110.0,14008.0,16141.0,44096.0
2025-07-19_06:11:12,9654.0,11974.0,46110.0,14153.0,16141.0,44096.0
2025-07-19_06:11:12,9673.0,11974.0,46110.0,14162.0,16141.0,44096.0
2025-07-19_06:11:12,9672.0,11974.0,46110.0,14174.0,16141.0,44096.0
2025-07-19_06:11:12,10120.0,11974.0,46110.0,14234.0,16141.0,44096.0
2025-07-19_06:11:13,,,,,,
2025-07-19_06:11:16,6963.0,11974.0,46110.0,3792.0,16141.0,44096.0
2025-07-19_06:11:17,9685.0,11974.0,46110.0,13978.0,16141.0,44096.0
2025-07-19_06:11:17,10144.0,11974.0,46110.0,14363.0,16141.0,44096.0
2025-07-19_06:11:17,,,,,,
2025-07-19_06:11:21,6969.0,11974.0,46110.0,3793.0,16141.0,44096.0
2025-07-19_06:11:21,9471.0,11974.0,46110.0,13754.0,16141.0,44096.0
2025-07-19_06:11:21,9806.0,11974.0,46110.0,14256.0,16141.0,44096.0
2025-07-19_06:11:22,9325.0,11974.0,46110.0,13867.0,16141.0,44096.0
2025-07-19_06:11:22,8965.0,11974.0,46110.0,14107.0,16141.0,44096.0
2025-07-19_06:11:22,9665.0,11974.0,46110.0,13986.0,16141.0,44096.0
2025-07-19_06:11:22,,,,13974.0,16141.0,44096.0
2025-07-19_06:11:26,3360.0,11974.0,46110.0,12187.0,16141.0,44096.0
2025-07-19_06:11:26,9667.0,11974.0,46110.0,13966.0,16141.0,44096.0
2025-07-19_06:11:27,9418.0,11974.0,46110.0,13923.0,16141.0,44096.0
2025-07-19_06:11:27,9669.0,11974.0,46110.0,14173.0,16141.0,44096.0
2025-07-19_06:11:27,,,,,,
2025-07-19_06:11:31,6960.0,11974.0,46110.0,3792.0,16141.0,44096.0
2025-07-19_06:11:31,,,,14504.0,16141.0,44096.0
2025-07-19_06:11:35,3358.0,11974.0,46110.0,12184.0,16141.0,44096.0
2025-07-19_06:11:35,9809.0,11974.0,46110.0,14195.0,16141.0,44096.0
2025-07-19_06:11:35,9710.0,11974.0,46110.0,14250.0,16141.0,44096.0
2025-07-19_06:11:35,9669.0,11974.0,46110.0,14003.0,16141.0,44096.0
2025-07-19_06:11:36,9657.0,11974.0,46110.0,13979.0,16141.0,44096.0
2025-07-19_06:11:36,,,,13778.0,16141.0,44096.0
2025-07-19_06:11:40,3302.0,11974.0,46110.0,12157.0,16141.0,44096.0
2025-07-19_06:11:40,9673.0,11974.0,46110.0,13983.0,16141.0,44096.0
2025-07-19_06:11:40,,,,,,
2025-07-19_06:11:44,6968.0,11974.0,46110.0,3793.0,16141.0,44096.0
2025-07-19_06:11:44,9670.0,11974.0,46110.0,13981.0,16141.0,44096.0
2025-07-19_06:11:44,10216.0,11974.0,46117.0,14478.0,16141.0,44096.0
2025-07-19_06:11:45,9673.0,11974.0,46117.0,13971.0,16141.0,44096.0
2025-07-19_06:11:45,9675.0,11974.0,46117.0,14164.0,16141.0,44096.0
2025-07-19_06:11:45,,,,,,
2025-07-19_06:11:49,6964.0,11974.0,46117.0,3793.0,16141.0,44096.0
2025-07-19_06:11:49,9670.0,11974.0,46117.0,14167.0,16141.0,44096.0
2025-07-19_06:11:49,8546.0,11974.0,46117.0,13734.0,16141.0,44096.0
2025-07-19_06:11:49,9671.0,11974.0,46117.0,14131.0,16141.0,44096.0
2025-07-19_06:11:50,8612.0,11974.0,46117.0,14039.0,16141.0,44096.0
2025-07-19_06:11:50,9680.0,11974.0,46117.0,14292.0,16141.0,44096.0
2025-07-19_06:11:50,8596.0,11974.0,46117.0,13816.0,16141.0,44096.0
2025-07-19_06:11:50,9763.0,11974.0,46117.0,14021.0,16141.0,44096.0
2025-07-19_06:11:50,9619.0,11974.0,46117.0,14296.0,16141.0,44096.0
2025-07-19_06:11:51,,,,13074.0,16141.0,44096.0
2025-07-19_06:11:55,2778.0,11974.0,46117.0,12169.0,16141.0,44096.0
2025-07-19_06:11:55,9188.0,11974.0,46117.0,13793.0,16141.0,44096.0
2025-07-19_06:11:55,,,,14166.0,16141.0,44096.0
2025-07-19_06:11:59,3358.0,11974.0,46117.0,12189.0,16141.0,44096.0
2025-07-19_06:11:59,9829.0,11974.0,46117.0,14040.0,16141.0,44096.0
2025-07-19_06:11:59,9663.0,11974.0,46117.0,13839.0,16141.0,44096.0
2025-07-19_06:11:59,10232.0,11974.0,46122.0,14096.0,16141.0,44096.0
2025-07-19_06:12:00,8035.0,11974.0,46122.0,13283.0,16141.0,44096.0
2025-07-19_06:12:00,9866.0,11974.0,46122.0,14313.0,16141.0,44096.0
2025-07-19_06:12:00,9962.0,11974.0,46122.0,14512.0,16141.0,44096.0
2025-07-19_06:12:00,9890.0,11974.0,46122.0,14248.0,16141.0,44096.0
2025-07-19_06:12:01,9581.0,11974.0,46122.0,14207.0,16141.0,44096.0
2025-07-19_06:12:01,9813.0,11974.0,46122.0,14080.0,16141.0,44096.0
2025-07-19_06:12:01,9215.0,11974.0,46122.0,14027.0,16141.0,44096.0
2025-07-19_06:12:01,8746.0,11974.0,46122.0,14208.0,16141.0,44096.0
2025-07-19_06:12:01,8549.0,11974.0,46122.0,13890.0,16141.0,44096.0
2025-07-19_06:12:02,9679.0,11974.0,46122.0,13986.0,16141.0,44096.0
2025-07-19_06:12:02,9690.0,11974.0,46122.0,14320.0,16141.0,44096.0
2025-07-19_06:12:02,8650.0,11974.0,46122.0,14183.0,16141.0,44096.0
2025-07-19_06:12:02,9870.0,11974.0,46122.0,14159.0,16141.0,44096.0
2025-07-19_06:12:03,9585.0,11974.0,46122.0,14219.0,16141.0,44096.0
2025-07-19_06:12:03,10029.0,11974.0,46122.0,14354.0,16141.0,44096.0
2025-07-19_06:12:03,10176.0,11974.0,46122.0,14177.0,16141.0,44096.0
2025-07-19_06:12:03,,,,13778.0,16141.0,44096.0
2025-07-19_06:12:07,3319.0,11974.0,46122.0,12186.0,16141.0,44096.0
2025-07-19_06:12:07,9635.0,11974.0,46122.0,14271.0,16141.0,44096.0
2025-07-19_06:12:07,,,,13777.0,16141.0,44096.0
2025-07-19_06:12:11,3375.0,11974.0,46122.0,12181.0,16141.0,44096.0
2025-07-19_06:12:11,9671.0,11974.0,46122.0,14176.0,16141.0,44096.0
2025-07-19_06:12:11,9526.0,11974.0,46122.0,13993.0,16141.0,44096.0
2025-07-19_06:12:12,8670.0,11974.0,46122.0,13988.0,16141.0,44096.0
2025-07-19_06:12:12,10364.0,11974.0,46122.0,14430.0,16141.0,44096.0
2025-07-19_06:12:12,9628.0,11974.0,46122.0,14276.0,16141.0,44096.0
2025-07-19_06:12:12,8535.0,11974.0,46122.0,13962.0,16141.0,44096.0
2025-07-19_06:12:12,9638.0,11974.0,46122.0,14281.0,16141.0,44096.0
2025-07-19_06:12:13,9665.0,11974.0,46122.0,14160.0,16141.0,44096.0
2025-07-19_06:12:13,,,,13792.0,16141.0,44096.0
2025-07-19_06:12:17,,,,,,
2025-07-19_06:12:20,6963.0,11974.0,46122.0,3786.0,16141.0,44096.0
2025-07-19_06:12:21,,,,13942.0,16141.0,44096.0
2025-07-19_06:12:25,2778.0,11974.0,46122.0,12187.0,16141.0,44096.0
2025-07-19_06:12:25,,,,14380.0,16141.0,44096.0
2025-07-19_06:12:28,3375.0,11974.0,46122.0,12189.0,16141.0,44096.0
2025-07-19_06:12:29,,,,14200.0,16141.0,44096.0
2025-07-19_06:12:32,3358.0,11974.0,46122.0,12166.0,16141.0,44096.0
2025-07-19_06:12:33,9845.0,11974.0,46122.0,14330.0,16141.0,44096.0
2025-07-19_06:12:33,9466.0,11974.0,46122.0,13966.0,16141.0,44096.0
2025-07-19_06:12:33,9602.0,11974.0,46122.0,14018.0,16141.0,44096.0
2025-07-19_06:12:33,9988.0,11974.0,46122.0,14097.0,16141.0,44096.0
2025-07-19_06:12:33,9682.0,11974.0,46122.0,13981.0,16141.0,44096.0
2025-07-19_06:12:34,9502.0,11974.0,46122.0,14213.0,16141.0,44096.0
2025-07-19_06:12:34,9583.0,11974.0,46122.0,13977.0,16141.0,44096.0
2025-07-19_06:12:34,9814.0,11974.0,46122.0,14037.0,16141.0,44096.0
2025-07-19_06:12:34,,,,14291.0,16141.0,44096.0
2025-07-19_06:12:38,,,,,,
2025-07-19_06:12:42,6965.0,11974.0,46122.0,3792.0,16141.0,44096.0
2025-07-19_06:12:42,9118.0,11974.0,46122.0,14149.0,16141.0,44096.0
2025-07-19_06:12:42,9821.0,11974.0,46122.0,14219.0,16141.0,44101.0
2025-07-19_06:12:43,10142.0,11974.0,46122.0,14236.0,16141.0,44101.0
2025-07-19_06:12:43,8109.0,11974.0,46122.0,13260.0,16141.0,44101.0
2025-07-19_06:12:43,,,,,,
2025-07-19_06:12:47,6972.0,11974.0,46122.0,3793.0,16141.0,44101.0
2025-07-19_06:12:47,8616.0,11974.0,46122.0,13971.0,16141.0,44101.0
2025-07-19_06:12:47,,,,13781.0,16141.0,44101.0
2025-07-19_06:12:51,3373.0,11974.0,46122.0,12191.0,16141.0,44101.0
2025-07-19_06:12:51,9844.0,11974.0,46122.0,14029.0,16141.0,44101.0
2025-07-19_06:12:51,8536.0,11974.0,46122.0,13940.0,16141.0,44101.0
2025-07-19_06:12:52,8591.0,11974.0,46122.0,14071.0,16141.0,44101.0
2025-07-19_06:12:52,9683.0,11974.0,46122.0,14174.0,16141.0,44101.0
2025-07-19_06:12:52,9800.0,11974.0,46122.0,14017.0,16141.0,44101.0
2025-07-19_06:12:52,9658.0,11974.0,46122.0,14094.0,16141.0,44101.0
2025-07-19_06:12:53,9152.0,11974.0,46124.0,13982.0,16141.0,44101.0
2025-07-19_06:12:53,9201.0,11974.0,46124.0,14013.0,16141.0,44101.0
2025-07-19_06:12:53,,,,14085.0,16141.0,44101.0
2025-07-19_06:12:57,,,,,,
2025-07-19_06:13:00,6962.0,11974.0,46124.0,3792.0,16141.0,44101.0
2025-07-19_06:13:01,9710.0,11974.0,46124.0,14218.0,16141.0,44101.0
2025-07-19_06:13:01,8556.0,11974.0,46124.0,14389.0,16141.0,44101.0
2025-07-19_06:13:01,9601.0,11974.0,46129.0,14198.0,16141.0,44101.0
2025-07-19_06:13:01,10129.0,11974.0,46129.0,14344.0,16141.0,44101.0
2025-07-19_06:13:02,10110.0,11974.0,46129.0,14251.0,16141.0,44101.0
2025-07-19_06:13:02,,,,,,
2025-07-19_06:13:06,6965.0,11974.0,46129.0,3793.0,16141.0,44101.0
2025-07-19_06:13:06,,,,13894.0,16141.0,44101.0
2025-07-19_06:13:10,2778.0,11974.0,46129.0,12192.0,16141.0,44101.0
2025-07-19_06:13:10,9616.0,11974.0,46129.0,14408.0,16141.0,44101.0
2025-07-19_06:13:10,9896.0,11974.0,46129.0,14075.0,16141.0,44101.0
2025-07-19_06:13:10,,,,,,
2025-07-19_06:13:15,2778.0,11974.0,46129.0,3776.0,16141.0,44101.0
2025-07-19_06:13:15,9027.0,11974.0,46129.0,14044.0,16141.0,44101.0
2025-07-19_06:13:15,10037.0,11974.0,46129.0,14395.0,16141.0,44101.0
2025-07-19_06:13:16,,,,,,
2025-07-19_06:13:19,6963.0,11974.0,46129.0,3793.0,16141.0,44101.0
2025-07-19_06:13:20,10144.0,11974.0,46129.0,14025.0,16141.0,44101.0
2025-07-19_06:13:20,9837.0,11974.0,46129.0,14035.0,16141.0,44101.0
2025-07-19_06:13:20,10019.0,11974.0,46130.0,14541.0,16141.0,44101.0
2025-07-19_06:13:20,,,,14227.0,16141.0,44101.0
2025-07-19_06:13:24,3358.0,11974.0,46130.0,12190.0,16141.0,44101.0
2025-07-19_06:13:24,9901.0,11974.0,46130.0,13872.0,16141.0,44101.0
2025-07-19_06:13:24,9949.0,11974.0,46130.0,14367.0,16141.0,44101.0
2025-07-19_06:13:25,9693.0,11974.0,46130.0,13978.0,16141.0,44101.0
2025-07-19_06:13:25,9699.0,11974.0,46130.0,14046.0,16141.0,44101.0
2025-07-19_06:13:25,,,,14353.0,16141.0,44101.0
2025-07-19_06:13:29,3375.0,11974.0,46130.0,12191.0,16141.0,44101.0
2025-07-19_06:13:29,9816.0,11974.0,46130.0,14024.0,16141.0,44101.0
2025-07-19_06:13:29,,,,14050.0,16141.0,44101.0
2025-07-19_06:13:33,3319.0,11974.0,46130.0,12183.0,16141.0,44101.0
2025-07-19_06:13:33,,,,14048.0,16141.0,44101.0
2025-07-19_06:13:37,3319.0,11974.0,46130.0,12197.0,16141.0,44101.0
2025-07-19_06:13:37,9844.0,11974.0,46130.0,14034.0,16141.0,44101.0
2025-07-19_06:13:37,9425.0,11974.0,46130.0,14356.0,16141.0,44102.0
2025-07-19_06:13:37,,,,13821.0,16141.0,44102.0
2025-07-19_06:13:41,3302.0,11974.0,46130.0,12191.0,16141.0,44102.0
2025-07-19_06:13:41,,,,,,
2025-07-19_06:13:45,6958.0,11974.0,46130.0,3792.0,16141.0,44102.0
2025-07-19_06:13:45,9249.0,11974.0,46130.0,13947.0,16141.0,44102.0
2025-07-19_06:13:46,9763.0,11974.0,46130.0,14071.0,16141.0,44102.0
2025-07-19_06:13:46,,,,,,
2025-07-19_06:13:50,6964.0,11974.0,46130.0,3793.0,16141.0,44102.0
2025-07-19_06:13:50,8651.0,11974.0,46130.0,14166.0,16141.0,44102.0
2025-07-19_06:13:50,8547.0,11974.0,46130.0,13934.0,16141.0,44102.0
2025-07-19_06:13:50,8661.0,11974.0,46130.0,14058.0,16141.0,44102.0
2025-07-19_06:13:50,9660.0,11974.0,46130.0,13911.0,16141.0,44102.0
2025-07-19_06:13:51,,,,14006.0,16141.0,44102.0
2025-07-19_06:13:54,3319.0,11974.0,46130.0,12185.0,16141.0,44102.0
2025-07-19_06:13:55,8653.0,11974.0,46130.0,14207.0,16141.0,44102.0
2025-07-19_06:13:55,9253.0,11974.0,46130.0,13937.0,16141.0,44102.0
2025-07-19_06:13:55,9934.0,11974.0,46130.0,14586.0,16141.0,44102.0
2025-07-19_06:13:55,,,,,,
2025-07-19_06:13:59,6968.0,11974.0,46130.0,3792.0,16141.0,44102.0
2025-07-19_06:13:59,9535.0,11974.0,46130.0,14298.0,16141.0,44102.0
2025-07-19_06:14:00,9932.0,11974.0,46130.0,14382.0,16141.0,44102.0
2025-07-19_06:14:00,9745.0,11974.0,46130.0,14039.0,16141.0,44102.0
2025-07-19_06:14:00,,,,13784.0,16141.0,44102.0
2025-07-19_06:14:04,3375.0,11974.0,46130.0,12159.0,16141.0,44102.0
2025-07-19_06:14:04,8512.0,11974.0,46130.0,13852.0,16141.0,44102.0
2025-07-19_06:14:04,9198.0,11974.0,46130.0,13779.0,16141.0,44102.0
2025-07-19_06:14:05,9671.0,11974.0,46130.0,13978.0,16141.0,44102.0
2025-07-19_06:14:05,9706.0,11974.0,46130.0,13792.0,16141.0,44102.0
2025-07-19_06:14:05,9456.0,11974.0,46130.0,14124.0,16141.0,44102.0
2025-07-19_06:14:05,,,,13829.0,16141.0,44102.0
2025-07-19_06:14:09,2778.0,11974.0,46130.0,12185.0,16141.0,44102.0
2025-07-19_06:14:09,,,,,,
2025-07-19_06:14:13,6967.0,11974.0,46130.0,3792.0,16141.0,44102.0
2025-07-19_06:14:13,9831.0,11974.0,46130.0,14126.0,16141.0,44102.0
2025-07-19_06:14:14,9685.0,11974.0,46130.0,14173.0,16141.0,44102.0
2025-07-19_06:14:14,9851.0,11974.0,46130.0,14043.0,16141.0,44102.0
2025-07-19_06:14:14,9577.0,11974.0,46130.0,13977.0,16141.0,44102.0
2025-07-19_06:14:14,10027.0,11974.0,46130.0,13848.0,16141.0,44102.0
2025-07-19_06:14:18,2778.0,11974.0,46130.0,12191.0,16141.0,44102.0
2025-07-19_06:14:18,9468.0,11974.0,46130.0,14144.0,16141.0,44102.0
2025-07-19_06:14:19,9850.0,11974.0,46130.0,14040.0,16141.0,44102.0
2025-07-19_06:14:19,9874.0,11974.0,46130.0,14145.0,16141.0,44102.0
2025-07-19_06:14:19,8781.0,11974.0,46130.0,14088.0,16141.0,44102.0
2025-07-19_06:14:19,10177.0,11974.0,46130.0,14042.0,16141.0,44102.0
2025-07-19_06:14:19,9605.0,11974.0,46130.0,14202.0,16141.0,44102.0
2025-07-19_06:14:20,9675.0,11974.0,46130.0,14171.0,16141.0,44102.0
2025-07-19_06:14:20,,,,,,
2025-07-19_06:14:24,6966.0,11974.0,46130.0,3793.0,16141.0,44102.0
2025-07-19_06:14:24,9632.0,11974.0,46130.0,14286.0,16141.0,44102.0
2025-07-19_06:14:24,9706.0,11974.0,46130.0,14164.0,16141.0,44102.0
2025-07-19_06:14:24,,,,,,
2025-07-19_06:14:28,6968.0,11974.0,46130.0,3792.0,16141.0,44102.0
2025-07-19_06:14:28,,,,13792.0,16141.0,44102.0
2025-07-19_06:14:32,3377.0,11974.0,46130.0,12188.0,16141.0,44102.0
2025-07-19_06:14:32,9591.0,11974.0,46130.0,14013.0,16141.0,44102.0
2025-07-19_06:14:33,9992.0,11974.0,46130.0,13990.0,16141.0,44102.0
2025-07-19_06:14:33,9683.0,11974.0,46130.0,13979.0,16141.0,44102.0
2025-07-19_06:14:33,,,,13825.0,16141.0,44102.0
2025-07-19_06:14:37,3375.0,11974.0,46130.0,12184.0,16141.0,44102.0
2025-07-19_06:14:37,,,,,,
2025-07-19_06:14:41,6970.0,11974.0,46130.0,3792.0,16141.0,44102.0
2025-07-19_06:14:41,,,,,,
2025-07-19_06:14:45,6963.0,11974.0,46130.0,3792.0,16141.0,44102.0
2025-07-19_06:14:45,9382.0,11974.0,46130.0,13944.0,16141.0,44102.0
2025-07-19_06:14:45,9916.0,11974.0,46130.0,14254.0,16141.0,44102.0
2025-07-19_06:14:45,8547.0,11974.0,46130.0,14010.0,16141.0,44102.0
2025-07-19_06:14:46,9703.0,11974.0,46130.0,14332.0,16141.0,44102.0
2025-07-19_06:14:46,,,,,,
2025-07-19_06:14:50,6974.0,11974.0,46130.0,3793.0,16141.0,44102.0
2025-07-19_06:14:50,9940.0,11974.0,46130.0,14354.0,16141.0,44102.0
2025-07-19_06:14:50,8576.0,11974.0,46130.0,13971.0,16141.0,44102.0
2025-07-19_06:14:50,,,,14046.0,16141.0,44102.0
2025-07-19_06:14:54,3375.0,11974.0,46130.0,12166.0,16141.0,44102.0
2025-07-19_06:14:54,,,,,,
2025-07-19_06:14:58,6968.0,11974.0,46130.0,3792.0,16141.0,44102.0
2025-07-19_06:14:58,9862.0,11974.0,46130.0,14078.0,16141.0,44102.0
2025-07-19_06:14:59,9890.0,11974.0,46130.0,14068.0,16141.0,44102.0
2025-07-19_06:14:59,,,,,,
2025-07-19_06:15:03,2778.0,11974.0,46130.0,3776.0,16141.0,44102.0
2025-07-19_06:15:03,9675.0,11974.0,46130.0,14316.0,16141.0,44102.0
2025-07-19_06:15:04,9831.0,11974.0,46130.0,13987.0,16141.0,44102.0
2025-07-19_06:15:04,8705.0,11974.0,46130.0,14222.0,16141.0,44102.0
2025-07-19_06:15:04,,,,,,
2025-07-19_06:15:08,6968.0,11974.0,46130.0,3793.0,16141.0,44102.0
2025-07-19_06:15:08,,,,14220.0,16141.0,44102.0
2025-07-19_06:15:12,3319.0,11974.0,46130.0,12168.0,16141.0,44102.0
2025-07-19_06:15:12,,,,,,
2025-07-19_06:15:16,6964.0,11974.0,46130.0,3793.0,16141.0,44102.0
2025-07-19_06:15:16,9574.0,11974.0,46130.0,14209.0,16141.0,44102.0
2025-07-19_06:15:16,,,,13788.0,16141.0,44102.0
2025-07-19_06:15:20,3319.0,11974.0,46130.0,12189.0,16141.0,44102.0
2025-07-19_06:15:20,,,,13782.0,16141.0,44102.0
2025-07-19_06:15:24,3375.0,11974.0,46130.0,12160.0,16141.0,44102.0
2025-07-19_06:15:24,8515.0,11974.0,46130.0,14056.0,16141.0,44102.0
2025-07-19_06:15:24,8525.0,11974.0,46130.0,13942.0,16141.0,44102.0
2025-07-19_06:15:25,,,,14143.0,16141.0,44102.0
2025-07-19_06:15:28,3319.0,11974.0,46130.0,12167.0,16141.0,44102.0
2025-07-19_06:15:28,9922.0,11974.0,46130.0,14118.0,16141.0,44102.0
2025-07-19_06:15:29,,,,13989.0,16141.0,44102.0
2025-07-19_06:15:32,3319.0,11974.0,46130.0,12194.0,16141.0,44102.0
2025-07-19_06:15:33,,,,,,
2025-07-19_06:15:36,6966.0,11974.0,46130.0,3792.0,16141.0,44102.0
2025-07-19_06:15:37,10071.0,11974.0,46130.0,14497.0,16141.0,44102.0
2025-07-19_06:15:37,9494.0,11974.0,46130.0,14156.0,16141.0,44102.0
2025-07-19_06:15:37,9667.0,11974.0,46130.0,14155.0,16141.0,44102.0
2025-07-19_06:15:37,,,,13951.0,16141.0,44102.0
2025-07-19_06:15:41,2778.0,11974.0,46130.0,12186.0,16141.0,44102.0
2025-07-19_06:15:42,9628.0,11974.0,46130.0,14233.0,16141.0,44102.0
2025-07-19_06:15:42,9218.0,11974.0,46130.0,13879.0,16141.0,44102.0
2025-07-19_06:15:42,,,,13976.0,16141.0,44102.0
2025-07-19_06:15:46,3358.0,11974.0,46130.0,12188.0,16141.0,44102.0
2025-07-19_06:15:46,,,,14031.0,16141.0,44102.0
2025-07-19_06:15:50,2778.0,11974.0,46130.0,12190.0,16141.0,44102.0
2025-07-19_06:15:50,9864.0,11974.0,46130.0,14326.0,16141.0,44102.0
2025-07-19_06:15:50,8675.0,11974.0,46130.0,13938.0,16141.0,44102.0
2025-07-19_06:15:51,10121.0,11974.0,46130.0,14612.0,16141.0,44102.0
2025-07-19_06:15:51,9899.0,11974.0,46130.0,13987.0,16141.0,44102.0
2025-07-19_06:15:51,9784.0,11974.0,46130.0,14220.0,16141.0,44102.0
2025-07-19_06:15:51,9654.0,11974.0,46130.0,14159.0,16141.0,44102.0
2025-07-19_06:15:51,10095.0,11974.0,46130.0,14503.0,16141.0,44102.0
2025-07-19_06:15:52,10269.0,11974.0,46130.0,14781.0,16141.0,44102.0
2025-07-19_06:15:52,,,,,,
2025-07-19_06:15:56,6965.0,11974.0,46130.0,3792.0,16141.0,44102.0
2025-07-19_06:15:56,9160.0,11974.0,46130.0,14039.0,16141.0,44102.0
2025-07-19_06:15:56,,,,13803.0,16141.0,44102.0
2025-07-19_06:16:00,3319.0,11974.0,46130.0,12191.0,16141.0,44102.0
2025-07-19_06:16:00,9801.0,11974.0,46130.0,13782.0,16141.0,44102.0
2025-07-19_06:16:00,9698.0,11974.0,46130.0,14002.0,16141.0,44102.0
2025-07-19_06:16:01,9012.0,11974.0,46130.0,13779.0,16141.0,44102.0
2025-07-19_06:16:01,,,,,,
2025-07-19_06:16:05,6965.0,11974.0,46130.0,3793.0,16141.0,44102.0
2025-07-19_06:16:05,9968.0,11974.0,46130.0,14120.0,16141.0,44102.0
2025-07-19_06:16:06,2778.0,11974.0,46130.0,12199.0,16141.0,44102.0
2025-07-19_06:16:06,9678.0,11974.0,46130.0,13738.0,16141.0,44102.0
