2025-07-19_06:16:17,3385.0,3385.0,3385.0,4624.0,4624.0,4624.0
2025-07-19_06:16:17,9440.0,9518.0,10995.0,14015.0,14155.0,15807.0
2025-07-19_06:16:17,9861.0,9952.0,14381.0,14388.0,14542.0,20231.0
2025-07-19_06:16:17,8708.0,10253.0,17480.0,14095.0,14801.0,21200.0
2025-07-19_06:16:18,9601.0,10264.0,17922.0,14225.0,14806.0,21754.0
2025-07-19_06:16:18,9047.0,10271.0,19448.0,13793.0,14807.0,22811.0
2025-07-19_06:16:18,10089.0,10335.0,20813.0,14264.0,14808.0,23305.0
2025-07-19_06:16:18,9231.0,10372.0,21641.0,14142.0,14809.0,24045.0
2025-07-19_06:16:19,9686.0,10373.0,21871.0,14042.0,14809.0,24141.0
2025-07-19_06:16:19,9669.0,10382.0,23856.0,13971.0,14812.0,25558.0
2025-07-19_06:16:19,9729.0,10387.0,24129.0,14315.0,14815.0,25589.0
2025-07-19_06:16:19,9615.0,10407.0,24557.0,14312.0,14816.0,26595.0
2025-07-19_06:16:19,9159.0,10536.0,24824.0,13597.0,14842.0,27003.0
2025-07-19_06:16:20,9450.0,10541.0,25646.0,14005.0,14843.0,27405.0
2025-07-19_06:16:20,9579.0,10547.0,25755.0,14060.0,14845.0,27957.0
2025-07-19_06:16:20,,,,13991.0,14845.0,28123.0
2025-07-19_06:16:24,3375.0,10548.0,25887.0,12193.0,14887.0,28974.0
2025-07-19_06:16:24,,,,,,
2025-07-19_06:16:28,6964.0,10553.0,26569.0,3792.0,14887.0,29528.0
2025-07-19_06:16:28,8975.0,10558.0,26623.0,13762.0,14887.0,29566.0
2025-07-19_06:16:28,10183.0,10739.0,27429.0,14326.0,15006.0,30094.0
2025-07-19_06:16:28,9344.0,10742.0,27460.0,13964.0,15006.0,30139.0
2025-07-19_06:16:29,10292.0,10829.0,28119.0,14422.0,15012.0,30315.0
2025-07-19_06:16:29,9702.0,10829.0,28164.0,14224.0,15034.0,30392.0
2025-07-19_06:16:29,9657.0,10836.0,28279.0,13972.0,15034.0,30406.0
2025-07-19_06:16:29,9970.0,10838.0,28407.0,14573.0,15034.0,30427.0
2025-07-19_06:16:29,9332.0,10838.0,28513.0,14007.0,15034.0,30463.0
2025-07-19_06:16:30,9573.0,10838.0,28636.0,13982.0,15034.0,30672.0
2025-07-19_06:16:30,10345.0,11229.0,29179.0,14459.0,15315.0,31100.0
2025-07-19_06:16:30,9695.0,11229.0,29231.0,13854.0,15315.0,31107.0
2025-07-19_06:16:30,9926.0,11237.0,29668.0,14290.0,15317.0,31373.0
2025-07-19_06:16:31,9833.0,11237.0,29869.0,14127.0,15317.0,31403.0
2025-07-19_06:16:31,,,,14023.0,15317.0,31427.0
2025-07-19_06:16:35,3377.0,11237.0,29869.0,12181.0,15317.0,31429.0
2025-07-19_06:16:35,9987.0,11237.0,30026.0,14406.0,15317.0,31474.0
2025-07-19_06:16:35,9468.0,11237.0,30070.0,14201.0,15317.0,31506.0
2025-07-19_06:16:35,9294.0,11239.0,30107.0,13942.0,15317.0,31512.0
2025-07-19_06:16:35,,,,13639.0,15317.0,32136.0
2025-07-19_06:16:39,3302.0,11239.0,30199.0,12190.0,15317.0,32233.0
2025-07-19_06:16:39,8702.0,11241.0,30288.0,14090.0,15317.0,32240.0
2025-07-19_06:16:40,8517.0,11241.0,30364.0,13271.0,15317.0,32529.0
2025-07-19_06:16:40,9614.0,11241.0,30373.0,13974.0,15317.0,32541.0
2025-07-19_06:16:40,9575.0,11241.0,30389.0,13995.0,15317.0,32554.0
2025-07-19_06:16:40,9849.0,11241.0,30441.0,14376.0,15317.0,32652.0
2025-07-19_06:16:40,,,,,,
2025-07-19_06:16:44,6969.0,11241.0,30551.0,3786.0,15317.0,32684.0
2025-07-19_06:16:44,10313.0,11241.0,30961.0,14236.0,15317.0,32994.0
2025-07-19_06:16:45,9993.0,11242.0,31754.0,14121.0,15317.0,33242.0
2025-07-19_06:16:45,,,,13791.0,15317.0,33262.0
2025-07-19_06:16:49,3302.0,11242.0,31754.0,12164.0,15319.0,33276.0
2025-07-19_06:16:49,,,,14306.0,15338.0,33355.0
2025-07-19_06:16:53,,,,,,
2025-07-19_06:16:56,6968.0,11242.0,31789.0,3793.0,15338.0,33355.0
2025-07-19_06:16:57,,,,,,
2025-07-19_06:17:01,2778.0,11242.0,32256.0,3776.0,15338.0,33355.0
2025-07-19_06:17:01,,,,13974.0,15338.0,33360.0
2025-07-19_06:17:05,3302.0,11242.0,32256.0,12192.0,15338.0,33360.0
2025-07-19_06:17:05,8122.0,11243.0,32322.0,13049.0,15338.0,33442.0
2025-07-19_06:17:05,9036.0,11248.0,32336.0,13925.0,15338.0,33460.0
2025-07-19_06:17:06,8554.0,11249.0,32355.0,14128.0,15338.0,33546.0
2025-07-19_06:17:06,10135.0,11251.0,32371.0,14309.0,15339.0,33611.0
2025-07-19_06:17:06,9690.0,11251.0,32371.0,14168.0,15339.0,33616.0
2025-07-19_06:17:06,9492.0,11251.0,32391.0,13795.0,15339.0,33622.0
2025-07-19_06:17:07,8636.0,11251.0,32482.0,13990.0,15339.0,33643.0
2025-07-19_06:17:07,9896.0,11252.0,32511.0,14233.0,15339.0,33670.0
2025-07-19_06:17:07,,,,11878.0,15339.0,34896.0
2025-07-19_06:17:11,2778.0,11252.0,32511.0,12170.0,15340.0,34922.0
2025-07-19_06:17:11,9957.0,11252.0,32548.0,14391.0,15340.0,34922.0
2025-07-19_06:17:11,,,,,,
2025-07-19_06:17:15,6967.0,11255.0,32575.0,3793.0,15340.0,34922.0
2025-07-19_06:17:16,6970.0,11255.0,32578.0,3804.0,15340.0,34936.0
2025-07-19_06:17:16,,,,14295.0,15340.0,34942.0
2025-07-19_06:17:20,3358.0,11255.0,32578.0,12180.0,15340.0,34965.0
2025-07-19_06:17:20,,,,13799.0,15340.0,34976.0
2025-07-19_06:17:24,2778.0,11255.0,32578.0,12186.0,15340.0,34977.0
2025-07-19_06:17:24,9391.0,11255.0,32585.0,14125.0,15340.0,34978.0
2025-07-19_06:17:24,9595.0,11255.0,32587.0,14009.0,15340.0,34979.0
2025-07-19_06:17:25,,,,14362.0,15340.0,34981.0
2025-07-19_06:17:28,2778.0,11255.0,32587.0,12154.0,15340.0,34990.0
2025-07-19_06:17:29,9861.0,11255.0,32607.0,14142.0,15340.0,34995.0
2025-07-19_06:17:29,8539.0,11255.0,32611.0,14005.0,15340.0,34996.0
2025-07-19_06:17:29,9661.0,11255.0,32631.0,14135.0,15340.0,35029.0
2025-07-19_06:17:29,9716.0,11257.0,32636.0,14219.0,15340.0,35182.0
2025-07-19_06:17:30,9660.0,11257.0,32640.0,14181.0,15342.0,35186.0
2025-07-19_06:17:30,10152.0,11257.0,32651.0,14467.0,15342.0,35190.0
2025-07-19_06:17:30,8561.0,11258.0,32708.0,13803.0,15342.0,35230.0
2025-07-19_06:17:30,9684.0,11258.0,32711.0,13978.0,15342.0,35250.0
2025-07-19_06:17:30,,,,,,
2025-07-19_06:17:34,6965.0,11258.0,32711.0,3792.0,15342.0,35318.0
2025-07-19_06:17:34,9746.0,11269.0,32733.0,13988.0,15342.0,35321.0
2025-07-19_06:17:35,9676.0,11269.0,32745.0,14306.0,15342.0,35329.0
2025-07-19_06:17:35,9454.0,11269.0,32759.0,13936.0,15342.0,35331.0
2025-07-19_06:17:35,9672.0,11269.0,32760.0,13888.0,15342.0,35342.0
2025-07-19_06:17:35,,,,,,
2025-07-19_06:17:39,6961.0,11269.0,32861.0,3793.0,15342.0,35342.0
2025-07-19_06:17:39,8540.0,11275.0,32892.0,14275.0,15342.0,35363.0
2025-07-19_06:17:40,,,,14390.0,15342.0,35366.0
2025-07-19_06:17:43,3375.0,11275.0,32892.0,12196.0,15342.0,35383.0
2025-07-19_06:17:43,9674.0,11275.0,32893.0,13773.0,15342.0,35390.0
2025-07-19_06:17:44,,,,,,
2025-07-19_06:17:47,6958.0,11275.0,32894.0,3793.0,15342.0,35390.0
2025-07-19_06:17:48,,,,13995.0,15342.0,35399.0
2025-07-19_06:17:51,3319.0,11275.0,32894.0,12194.0,15342.0,35401.0
2025-07-19_06:17:51,8540.0,11275.0,32906.0,13679.0,15342.0,35404.0
2025-07-19_06:17:52,10140.0,11275.0,32962.0,14400.0,15342.0,35406.0
2025-07-19_06:17:52,9928.0,11275.0,32970.0,14043.0,15342.0,35423.0
2025-07-19_06:17:52,9422.0,11275.0,32972.0,14237.0,15342.0,35435.0
2025-07-19_06:17:52,9578.0,11275.0,32973.0,13792.0,15342.0,35441.0
2025-07-19_06:17:53,9771.0,11275.0,32974.0,13972.0,15342.0,35443.0
2025-07-19_06:17:53,8681.0,11278.0,32988.0,14296.0,15342.0,35454.0
2025-07-19_06:17:54,6965.0,11278.0,32988.0,3793.0,15342.0,35454.0
2025-07-19_06:17:54,9594.0,11278.0,33011.0,14022.0,15342.0,35464.0
2025-07-19_06:17:54,9994.0,11280.0,33018.0,14139.0,15342.0,35466.0
2025-07-19_06:17:54,,,,13934.0,15342.0,35468.0
2025-07-19_06:17:58,3319.0,11280.0,33018.0,12187.0,15342.0,35468.0
2025-07-19_06:17:58,9252.0,11280.0,33020.0,14085.0,15342.0,35474.0
2025-07-19_06:17:58,10164.0,11282.0,33048.0,14040.0,15342.0,35475.0
2025-07-19_06:17:59,8673.0,11282.0,33081.0,14202.0,15342.0,35477.0
2025-07-19_06:17:59,9864.0,11282.0,33105.0,14221.0,15342.0,35494.0
2025-07-19_06:17:59,9569.0,11282.0,33109.0,14208.0,15342.0,35495.0
2025-07-19_06:17:59,10147.0,11374.0,33239.0,14165.0,15345.0,35542.0
2025-07-19_06:17:59,9758.0,11374.0,33338.0,14374.0,15345.0,35641.0
2025-07-19_06:18:00,,,,14331.0,15345.0,35651.0
2025-07-19_06:18:03,2778.0,11374.0,33338.0,12197.0,15345.0,35657.0
2025-07-19_06:18:04,9379.0,11374.0,33353.0,14129.0,15345.0,35659.0
2025-07-19_06:18:04,,,,13803.0,15345.0,35659.0
2025-07-19_06:18:08,3319.0,11374.0,33353.0,12160.0,15345.0,35659.0
2025-07-19_06:18:08,8624.0,11374.0,33379.0,14287.0,15345.0,35664.0
2025-07-19_06:18:08,10044.0,11374.0,33426.0,14313.0,15346.0,35667.0
2025-07-19_06:18:08,,,,13974.0,15346.0,35669.0
2025-07-19_06:18:12,3319.0,11374.0,33426.0,12193.0,15346.0,35669.0
2025-07-19_06:18:12,10162.0,11375.0,33471.0,14044.0,15348.0,35831.0
2025-07-19_06:18:12,9656.0,11375.0,33474.0,14102.0,15348.0,35834.0
2025-07-19_06:18:13,9218.0,11375.0,33475.0,13915.0,15348.0,35862.0
2025-07-19_06:18:13,,,,14102.0,15348.0,35868.0
2025-07-19_06:18:16,3319.0,11375.0,33475.0,12169.0,15348.0,35868.0
2025-07-19_06:18:17,8527.0,11375.0,33551.0,12900.0,15348.0,35882.0
2025-07-19_06:18:17,9670.0,11375.0,33553.0,13968.0,15348.0,35885.0
2025-07-19_06:18:17,9704.0,11375.0,33553.0,14055.0,15348.0,35886.0
2025-07-19_06:18:17,9679.0,11375.0,33620.0,13978.0,15348.0,35892.0
2025-07-19_06:18:18,,,,,,
2025-07-19_06:18:22,2778.0,11375.0,33620.0,3776.0,15348.0,35892.0
2025-07-19_06:18:22,8647.0,11375.0,33622.0,14182.0,15348.0,35893.0
2025-07-19_06:18:22,,,,,,
2025-07-19_06:18:26,6966.0,11375.0,33630.0,3792.0,15348.0,35893.0
2025-07-19_06:18:26,10227.0,11393.0,33841.0,14103.0,15348.0,35895.0
2025-07-19_06:18:27,9959.0,11393.0,33844.0,14550.0,15348.0,35901.0
2025-07-19_06:18:27,9232.0,11393.0,33844.0,13850.0,15348.0,35920.0
2025-07-19_06:18:27,10172.0,11393.0,33855.0,13920.0,15348.0,35930.0
2025-07-19_06:18:27,10331.0,11394.0,33902.0,14176.0,15348.0,35931.0
2025-07-19_06:18:27,9564.0,11395.0,33907.0,14185.0,15348.0,35931.0
2025-07-19_06:18:28,9493.0,11395.0,33911.0,13980.0,15348.0,35934.0
2025-07-19_06:18:28,9595.0,11395.0,33914.0,13994.0,15348.0,35938.0
2025-07-19_06:18:28,,,,,,
2025-07-19_06:18:32,6968.0,11395.0,33915.0,3792.0,15348.0,35938.0
2025-07-19_06:18:32,9996.0,11408.0,33983.0,14312.0,15351.0,35967.0
2025-07-19_06:18:32,9858.0,11408.0,33987.0,14248.0,15351.0,35968.0
2025-07-19_06:18:33,8709.0,11408.0,33990.0,14200.0,15351.0,35969.0
2025-07-19_06:18:33,,,,14038.0,15351.0,35970.0
2025-07-19_06:18:37,3319.0,11408.0,33990.0,12150.0,15351.0,35970.0
2025-07-19_06:18:37,9678.0,11408.0,33993.0,13982.0,15351.0,35972.0
2025-07-19_06:18:37,9613.0,11408.0,33993.0,13797.0,15351.0,35974.0
2025-07-19_06:18:37,9681.0,11408.0,34006.0,14185.0,15351.0,35975.0
2025-07-19_06:18:37,10120.0,11408.0,34023.0,14043.0,15351.0,35978.0
2025-07-19_06:18:38,10013.0,11413.0,34053.0,14388.0,15351.0,36016.0
2025-07-19_06:18:38,9570.0,11413.0,34055.0,14159.0,15351.0,36016.0
2025-07-19_06:18:38,8695.0,11413.0,34057.0,14095.0,15351.0,36024.0
2025-07-19_06:18:38,,,,14234.0,15351.0,36025.0
2025-07-19_06:18:42,3375.0,11413.0,34057.0,12194.0,15351.0,36025.0
2025-07-19_06:18:42,8578.0,11414.0,34064.0,13786.0,15351.0,36027.0
2025-07-19_06:18:42,,,,14075.0,15351.0,36027.0
2025-07-19_06:18:46,3319.0,11414.0,34064.0,12186.0,15351.0,36027.0
2025-07-19_06:18:46,9670.0,11414.0,34064.0,14180.0,15351.0,36029.0
2025-07-19_06:18:47,9594.0,11414.0,34066.0,13994.0,15351.0,36031.0
2025-07-19_06:18:47,,,,13841.0,15351.0,36032.0
2025-07-19_06:18:51,2778.0,11414.0,34066.0,12184.0,15351.0,36114.0
2025-07-19_06:18:51,,,,,,
2025-07-19_06:18:55,2778.0,11414.0,34066.0,3776.0,15351.0,36114.0
2025-07-19_06:18:56,9503.0,11414.0,34066.0,14296.0,15351.0,36118.0
2025-07-19_06:18:56,9748.0,11416.0,34072.0,13946.0,15351.0,36118.0
2025-07-19_06:18:56,10064.0,11427.0,34170.0,14268.0,15394.0,36171.0
2025-07-19_06:18:56,8537.0,11427.0,34170.0,13901.0,15394.0,36175.0
2025-07-19_06:18:57,,,,13988.0,15394.0,36175.0
2025-07-19_06:19:00,,,,,,
2025-07-19_06:19:04,6964.0,11427.0,34170.0,3792.0,15394.0,36175.0
2025-07-19_06:19:04,8516.0,11427.0,34199.0,13845.0,15394.0,36177.0
2025-07-19_06:19:04,,,,14320.0,15394.0,36184.0
2025-07-19_06:19:08,3375.0,11427.0,34199.0,12187.0,15394.0,36201.0
2025-07-19_06:19:08,8684.0,11427.0,34258.0,14383.0,15394.0,36202.0
2025-07-19_06:19:09,9182.0,11427.0,34260.0,13872.0,15394.0,36211.0
2025-07-19_06:19:09,,,,14311.0,15394.0,36213.0
2025-07-19_06:19:13,3377.0,11427.0,34260.0,12189.0,15394.0,36214.0
2025-07-19_06:19:13,,,,14251.0,15394.0,36223.0
2025-07-19_06:19:16,3319.0,11427.0,34260.0,12193.0,15394.0,36223.0
2025-07-19_06:19:17,8355.0,11427.0,34281.0,13798.0,15394.0,36226.0
2025-07-19_06:19:17,9531.0,11433.0,34293.0,13776.0,15394.0,36226.0
2025-07-19_06:19:17,9793.0,11433.0,34300.0,14540.0,15394.0,36228.0
2025-07-19_06:19:17,9903.0,11433.0,34331.0,14317.0,15394.0,36229.0
2025-07-19_06:19:18,,,,14320.0,15394.0,36229.0
2025-07-19_06:19:21,3375.0,11433.0,34331.0,12160.0,15394.0,36229.0
2025-07-19_06:19:21,8106.0,11433.0,34356.0,13253.0,15394.0,36246.0
2025-07-19_06:19:22,9943.0,11433.0,34578.0,14262.0,15394.0,36252.0
2025-07-19_06:19:22,9836.0,11433.0,34846.0,14550.0,15394.0,36707.0
2025-07-19_06:19:22,9678.0,11433.0,34847.0,13790.0,15394.0,36713.0
2025-07-19_06:19:22,9966.0,11433.0,34870.0,14357.0,15394.0,36715.0
2025-07-19_06:19:23,9647.0,11433.0,34870.0,14318.0,15394.0,36717.0
2025-07-19_06:19:23,10232.0,11433.0,34880.0,14331.0,15394.0,36723.0
2025-07-19_06:19:23,9802.0,11433.0,34887.0,14005.0,15394.0,36724.0
2025-07-19_06:19:23,,,,,,
2025-07-19_06:19:28,2778.0,11433.0,34887.0,3776.0,15394.0,36724.0
2025-07-19_06:19:28,8335.0,11433.0,34888.0,13164.0,15394.0,36726.0
2025-07-19_06:19:28,9603.0,11433.0,34888.0,14013.0,15394.0,36727.0
2025-07-19_06:19:28,8958.0,11433.0,34897.0,13869.0,15394.0,36729.0
2025-07-19_06:19:29,,,,14106.0,15394.0,36762.0
2025-07-19_06:19:32,3375.0,11433.0,34897.0,12192.0,15394.0,36762.0
2025-07-19_06:19:32,10167.0,11433.0,34914.0,14036.0,15394.0,36763.0
2025-07-19_06:19:33,9832.0,11433.0,34915.0,14026.0,15394.0,36778.0
2025-07-19_06:19:33,10014.0,11433.0,34931.0,14381.0,15394.0,36779.0
2025-07-19_06:19:33,8652.0,11433.0,34943.0,14056.0,15394.0,36780.0
2025-07-19_06:19:33,9656.0,11433.0,34943.0,14111.0,15394.0,36783.0
2025-07-19_06:19:34,8557.0,11433.0,34946.0,13964.0,15394.0,36785.0
2025-07-19_06:19:34,9917.0,11433.0,34951.0,14146.0,15394.0,36788.0
2025-07-19_06:19:34,10380.0,11433.0,35218.0,14392.0,15394.0,37081.0
2025-07-19_06:19:34,9628.0,11433.0,35220.0,14275.0,15394.0,37087.0
2025-07-19_06:19:35,8512.0,11433.0,35232.0,14180.0,15394.0,37087.0
2025-07-19_06:19:35,9670.0,11433.0,35239.0,13973.0,15394.0,37087.0
2025-07-19_06:19:35,9361.0,11439.0,35246.0,14041.0,15394.0,37089.0
2025-07-19_06:19:35,8557.0,11439.0,35247.0,13979.0,15394.0,37091.0
2025-07-19_06:19:35,,,,,,
2025-07-19_06:19:39,6968.0,11439.0,35249.0,3792.0,15394.0,37091.0
2025-07-19_06:19:39,9987.0,11439.0,35319.0,14383.0,15394.0,37094.0
2025-07-19_06:19:40,9903.0,11439.0,35442.0,14017.0,15394.0,37103.0
2025-07-19_06:19:40,9168.0,11439.0,35442.0,14026.0,15394.0,37104.0
2025-07-19_06:19:40,,,,14043.0,15394.0,37105.0
2025-07-19_06:19:44,3358.0,11439.0,35442.0,12166.0,15394.0,37105.0
2025-07-19_06:19:44,8066.0,11439.0,35469.0,12895.0,15394.0,37106.0
2025-07-19_06:19:44,,,,13072.0,15398.0,37413.0
2025-07-19_06:19:48,2778.0,11439.0,35469.0,12184.0,15398.0,37413.0
2025-07-19_06:19:48,8510.0,11439.0,35473.0,13836.0,15398.0,37413.0
2025-07-19_06:19:49,8618.0,11439.0,35477.0,13992.0,15398.0,37493.0
2025-07-19_06:19:49,,,,13686.0,15398.0,37493.0
2025-07-19_06:19:52,3358.0,11439.0,35477.0,12161.0,15398.0,37494.0
2025-07-19_06:19:53,8626.0,11439.0,35483.0,14083.0,15398.0,37495.0
2025-07-19_06:19:53,,,,14249.0,15398.0,37500.0
2025-07-19_06:19:57,3358.0,11439.0,35483.0,12182.0,15398.0,37504.0
2025-07-19_06:19:57,9511.0,11439.0,35487.0,14222.0,15398.0,37504.0
2025-07-19_06:19:57,8925.0,11439.0,35495.0,13554.0,15398.0,37507.0
2025-07-19_06:19:57,8681.0,11439.0,35495.0,14078.0,15398.0,37508.0
2025-07-19_06:19:57,9646.0,11439.0,35496.0,14257.0,15398.0,37519.0
2025-07-19_06:19:58,,,,13258.0,15398.0,38055.0
2025-07-19_06:20:01,2778.0,11439.0,35496.0,12187.0,15398.0,38057.0
2025-07-19_06:20:02,9372.0,11439.0,35496.0,14012.0,15398.0,38057.0
2025-07-19_06:20:02,8516.0,11439.0,35499.0,13800.0,15398.0,38058.0
2025-07-19_06:20:02,8505.0,11439.0,35502.0,13837.0,15398.0,38060.0
2025-07-19_06:20:02,9592.0,11439.0,35502.0,13983.0,15398.0,38061.0
2025-07-19_06:20:03,,,,13984.0,15398.0,38061.0
2025-07-19_06:20:06,3375.0,11439.0,35502.0,12192.0,15398.0,38061.0
2025-07-19_06:20:07,,,,,,
2025-07-19_06:20:10,6964.0,11439.0,35503.0,3787.0,15398.0,38061.0
2025-07-19_06:20:11,8691.0,11439.0,35511.0,14459.0,15398.0,38064.0
2025-07-19_06:20:11,8517.0,11439.0,35513.0,14380.0,15398.0,38073.0
2025-07-19_06:20:11,,,,,,
2025-07-19_06:20:15,6956.0,11439.0,35528.0,3793.0,15398.0,38073.0
2025-07-19_06:20:15,9692.0,11439.0,35529.0,14173.0,15398.0,38080.0
2025-07-19_06:20:15,,,,14027.0,15398.0,38087.0
2025-07-19_06:20:19,3358.0,11439.0,35529.0,12173.0,15398.0,38087.0
2025-07-19_06:20:19,8093.0,11439.0,35548.0,13054.0,15398.0,38088.0
2025-07-19_06:20:19,,,,,,
2025-07-19_06:20:24,2778.0,11439.0,35548.0,3776.0,15398.0,38088.0
2025-07-19_06:20:24,8607.0,11439.0,35552.0,13835.0,15398.0,38095.0
2025-07-19_06:20:24,,,,,,
2025-07-19_06:20:28,6958.0,11439.0,35552.0,3792.0,15398.0,38095.0
2025-07-19_06:20:28,9889.0,11439.0,35558.0,14345.0,15398.0,38105.0
2025-07-19_06:20:29,9649.0,11439.0,35561.0,14136.0,15398.0,38108.0
2025-07-19_06:20:29,10069.0,11439.0,35581.0,14079.0,15398.0,38108.0
2025-07-19_06:20:29,8049.0,11439.0,35584.0,13436.0,15398.0,38113.0
2025-07-19_06:20:29,8637.0,11439.0,35585.0,13929.0,15398.0,38113.0
2025-07-19_06:20:29,8534.0,11439.0,35592.0,13637.0,15398.0,38113.0
2025-07-19_06:20:30,8521.0,11439.0,35598.0,14088.0,15398.0,38114.0
2025-07-19_06:20:30,9338.0,11439.0,35605.0,14403.0,15398.0,38119.0
2025-07-19_06:20:30,8619.0,11439.0,35606.0,14187.0,15398.0,38119.0
2025-07-19_06:20:30,8636.0,11439.0,35629.0,14059.0,15398.0,38119.0
2025-07-19_06:20:31,8531.0,11439.0,35631.0,13902.0,15398.0,38119.0
2025-07-19_06:20:31,9894.0,11439.0,35782.0,13864.0,15398.0,38140.0
2025-07-19_06:20:31,10135.0,11439.0,35785.0,13858.0,15398.0,38157.0
2025-07-19_06:20:31,,,,14328.0,15398.0,38160.0
2025-07-19_06:20:35,2778.0,11439.0,35785.0,12184.0,15398.0,38160.0
2025-07-19_06:20:35,9324.0,11441.0,35788.0,13783.0,15398.0,38160.0
2025-07-19_06:20:35,9032.0,11441.0,36773.0,13777.0,15398.0,38160.0
2025-07-19_06:20:36,8097.0,11441.0,36776.0,13029.0,15398.0,38160.0
2025-07-19_06:20:36,9808.0,11441.0,36776.0,14241.0,15398.0,38160.0
2025-07-19_06:20:36,10085.0,11444.0,36804.0,14514.0,15398.0,38178.0
2025-07-19_06:20:36,9923.0,11444.0,36810.0,14352.0,15398.0,38180.0
2025-07-19_06:20:37,10100.0,11444.0,36812.0,14051.0,15398.0,38203.0
2025-07-19_06:20:37,9876.0,11444.0,36814.0,13977.0,15398.0,38205.0
2025-07-19_06:20:37,10160.0,11444.0,36931.0,14016.0,15398.0,38208.0
2025-07-19_06:20:37,8565.0,11444.0,36940.0,14225.0,15398.0,38216.0
2025-07-19_06:20:38,9433.0,11444.0,36941.0,14108.0,15398.0,38229.0
2025-07-19_06:20:38,,,,,,
2025-07-19_06:20:42,6964.0,11444.0,36941.0,3792.0,15398.0,38229.0
2025-07-19_06:20:42,8772.0,11444.0,36963.0,14056.0,15398.0,38229.0
2025-07-19_06:20:42,9856.0,11444.0,36964.0,14042.0,15398.0,38230.0
2025-07-19_06:20:42,9301.0,11444.0,36978.0,14142.0,15398.0,38230.0
2025-07-19_06:20:42,9678.0,11444.0,36978.0,14023.0,15398.0,38231.0
2025-07-19_06:20:43,9851.0,11444.0,36980.0,14011.0,15398.0,38231.0
2025-07-19_06:20:43,8533.0,11444.0,36985.0,13833.0,15398.0,38231.0
2025-07-19_06:20:43,9898.0,11444.0,36988.0,14280.0,15398.0,38312.0
2025-07-19_06:20:43,9496.0,11444.0,36997.0,14074.0,15398.0,38313.0
2025-07-19_06:20:44,,,,,,
2025-07-19_06:20:47,6966.0,11444.0,36997.0,3793.0,15398.0,38313.0
2025-07-19_06:20:48,,,,13889.0,15398.0,38314.0
2025-07-19_06:20:51,2778.0,11444.0,36997.0,12194.0,15398.0,38316.0
2025-07-19_06:20:52,8523.0,11444.0,37017.0,13891.0,15398.0,38316.0
2025-07-19_06:20:52,9223.0,11444.0,37018.0,13895.0,15398.0,38316.0
2025-07-19_06:20:52,9162.0,11444.0,37018.0,14198.0,15406.0,38326.0
2025-07-19_06:20:52,,,,,,
2025-07-19_06:20:56,6962.0,11444.0,37018.0,3792.0,15406.0,38326.0
2025-07-19_06:20:56,10021.0,11444.0,37023.0,13871.0,15406.0,38329.0
2025-07-19_06:20:56,9688.0,11444.0,37024.0,13975.0,15406.0,38331.0
2025-07-19_06:20:57,10243.0,11444.0,37027.0,14322.0,15406.0,38340.0
2025-07-19_06:20:57,10120.0,11444.0,37068.0,14138.0,15406.0,38342.0
2025-07-19_06:20:57,,,,13986.0,15406.0,38342.0
2025-07-19_06:21:01,2778.0,11444.0,37068.0,12193.0,15406.0,38343.0
2025-07-19_06:21:01,10072.0,11444.0,37071.0,14501.0,15406.0,38345.0
2025-07-19_06:21:01,,,,13986.0,15406.0,38347.0
2025-07-19_06:21:05,3375.0,11444.0,37071.0,12187.0,15406.0,38347.0
2025-07-19_06:21:05,,,,13245.0,15406.0,38384.0
2025-07-19_06:21:09,,,,,,
2025-07-19_06:21:13,6965.0,11444.0,37071.0,3793.0,15406.0,38384.0
2025-07-19_06:21:13,8962.0,11444.0,37075.0,13928.0,15406.0,38384.0
2025-07-19_06:21:13,8687.0,11444.0,37198.0,14100.0,15406.0,38384.0
2025-07-19_06:21:14,,,,13994.0,15406.0,38384.0
2025-07-19_06:21:17,3375.0,11444.0,37198.0,12192.0,15406.0,38386.0
2025-07-19_06:21:18,,,,13767.0,15406.0,38386.0
2025-07-19_06:21:21,3319.0,11444.0,37198.0,12187.0,15406.0,38388.0
2025-07-19_06:21:21,8137.0,11444.0,37204.0,13089.0,15406.0,38388.0
2025-07-19_06:21:22,9194.0,11444.0,37205.0,13932.0,15406.0,38388.0
2025-07-19_06:21:22,8327.0,11444.0,37206.0,12897.0,15406.0,38391.0
2025-07-19_06:21:22,10039.0,11444.0,37217.0,14153.0,15406.0,38392.0
2025-07-19_06:21:22,9328.0,11444.0,37217.0,13841.0,15406.0,38392.0
2025-07-19_06:21:23,9700.0,11444.0,37218.0,14242.0,15406.0,38393.0
2025-07-19_06:21:23,8545.0,11444.0,37219.0,14126.0,15406.0,38393.0
2025-07-19_06:21:23,,,,14137.0,15406.0,38393.0
2025-07-19_06:21:27,3375.0,11444.0,37219.0,12179.0,15406.0,38393.0
2025-07-19_06:21:27,9944.0,11445.0,37221.0,14325.0,15406.0,38393.0
2025-07-19_06:21:27,,,,14355.0,15406.0,38393.0
2025-07-19_06:21:31,3358.0,11445.0,37221.0,12189.0,15406.0,38393.0
2025-07-19_06:21:31,9888.0,11445.0,37223.0,14274.0,15406.0,38395.0
2025-07-19_06:21:31,10088.0,11445.0,37311.0,14170.0,15406.0,38421.0
2025-07-19_06:21:31,8548.0,11445.0,37312.0,13903.0,15406.0,38421.0
2025-07-19_06:21:32,10171.0,11445.0,37495.0,14095.0,15406.0,38427.0
2025-07-19_06:21:32,10322.0,11452.0,37511.0,14346.0,15406.0,38427.0
2025-07-19_06:21:32,,,,,,
2025-07-19_06:21:36,6964.0,11452.0,37512.0,3792.0,15406.0,38427.0
2025-07-19_06:21:36,10169.0,11452.0,37530.0,14040.0,15406.0,38431.0
2025-07-19_06:21:36,10025.0,11452.0,37536.0,14111.0,15406.0,38431.0
2025-07-19_06:21:37,10032.0,11452.0,37558.0,14315.0,15406.0,38431.0
2025-07-19_06:21:37,,,,14370.0,15406.0,38471.0
2025-07-19_06:21:40,3375.0,11452.0,37558.0,12183.0,15408.0,38473.0
2025-07-19_06:21:41,8654.0,11452.0,37590.0,14101.0,15408.0,38475.0
2025-07-19_06:21:41,,,,14410.0,15408.0,38479.0
2025-07-19_06:21:45,3358.0,11452.0,37590.0,12192.0,15408.0,38479.0
2025-07-19_06:21:45,10188.0,11452.0,37600.0,14168.0,15408.0,38479.0
2025-07-19_06:21:45,,,,14299.0,15408.0,38485.0
2025-07-19_06:21:49,3375.0,11452.0,37600.0,12186.0,15408.0,38485.0
2025-07-19_06:21:49,,,,14080.0,15408.0,38492.0
2025-07-19_06:21:53,3358.0,11452.0,37600.0,12184.0,15408.0,38492.0
2025-07-19_06:21:53,8505.0,11452.0,37603.0,13925.0,15408.0,38492.0
2025-07-19_06:21:57,2778.0,11452.0,37603.0,12166.0,15408.0,38493.0
2025-07-19_06:21:57,9761.0,11452.0,37603.0,14203.0,15408.0,38493.0
2025-07-19_06:21:57,8579.0,11452.0,37607.0,14044.0,15408.0,38493.0
2025-07-19_06:21:57,,,,,,
2025-07-19_06:22:01,6964.0,11452.0,37607.0,3793.0,15408.0,38493.0
2025-07-19_06:22:01,10229.0,11453.0,37903.0,14004.0,15408.0,38494.0
2025-07-19_06:22:02,10204.0,11453.0,37909.0,14333.0,15408.0,38495.0
2025-07-19_06:22:02,,,,14114.0,15408.0,38495.0
2025-07-19_06:22:05,3375.0,11453.0,37909.0,12170.0,15408.0,38495.0
2025-07-19_06:22:06,9490.0,11453.0,37910.0,13734.0,15408.0,38495.0
2025-07-19_06:22:06,9861.0,11453.0,37936.0,13922.0,15408.0,38495.0
2025-07-19_06:22:06,9672.0,11453.0,37937.0,14190.0,15408.0,38495.0
2025-07-19_06:22:06,8647.0,11453.0,37940.0,14280.0,15408.0,38501.0
2025-07-19_06:22:07,9979.0,11453.0,37947.0,14356.0,15408.0,38501.0
2025-07-19_06:22:07,9909.0,11453.0,37948.0,14028.0,15408.0,38501.0
2025-07-19_06:22:07,,,,,,
2025-07-19_06:22:11,6964.0,11453.0,37948.0,3787.0,15408.0,38501.0
2025-07-19_06:22:11,,,,14003.0,15408.0,38501.0
2025-07-19_06:22:15,3375.0,11453.0,37948.0,12156.0,15408.0,38501.0
2025-07-19_06:22:15,10151.0,11453.0,37949.0,14313.0,15408.0,38501.0
2025-07-19_06:22:15,10150.0,11453.0,37958.0,14160.0,15408.0,38532.0
2025-07-19_06:22:15,9982.0,11453.0,37960.0,14139.0,15408.0,38535.0
2025-07-19_06:22:15,8648.0,11453.0,37969.0,14052.0,15408.0,38535.0
2025-07-19_06:22:16,10228.0,11453.0,37977.0,14243.0,15408.0,38537.0
2025-07-19_06:22:16,,,,,,
2025-07-19_06:22:20,6968.0,11453.0,37977.0,3786.0,15408.0,38537.0
2025-07-19_06:22:20,8658.0,11453.0,37977.0,14035.0,15408.0,38537.0
2025-07-19_06:22:21,2778.0,11453.0,37977.0,13247.0,15408.0,38596.0
2025-07-19_06:22:21,10192.0,11453.0,38006.0,13922.0,15408.0,38599.0
2025-07-19_06:22:21,8584.0,11453.0,38061.0,14150.0,15408.0,38599.0
2025-07-19_06:22:21,,,,14032.0,15408.0,38604.0
2025-07-19_06:22:25,2778.0,11453.0,38061.0,12158.0,15408.0,38604.0
2025-07-19_06:22:26,9759.0,11453.0,38065.0,13832.0,15408.0,38604.0
2025-07-19_06:22:26,9643.0,11453.0,38065.0,14017.0,15408.0,38606.0
2025-07-19_06:22:26,10144.0,11455.0,38082.0,14138.0,15408.0,38606.0
2025-07-19_06:22:26,,,,,,
2025-07-19_06:22:30,6967.0,11455.0,38082.0,3794.0,15408.0,38606.0
2025-07-19_06:22:30,8570.0,11455.0,38085.0,14101.0,15408.0,38606.0
2025-07-19_06:22:30,,,,,,
2025-07-19_06:22:34,6962.0,11455.0,38094.0,3794.0,15408.0,38606.0
2025-07-19_06:22:35,,,,,,
2025-07-19_06:22:39,2778.0,11455.0,38094.0,3776.0,15408.0,38606.0
2025-07-19_06:22:39,,,,13981.0,15408.0,38606.0
2025-07-19_06:22:43,3321.0,11455.0,38094.0,12184.0,15408.0,38606.0
2025-07-19_06:22:43,9851.0,11455.0,38097.0,14145.0,15408.0,38606.0
2025-07-19_06:22:44,8642.0,11455.0,38108.0,14095.0,15408.0,38607.0
2025-07-19_06:22:44,9931.0,11455.0,38139.0,14141.0,15408.0,38622.0
2025-07-19_06:22:44,9670.0,11455.0,38139.0,14310.0,15408.0,38622.0
2025-07-19_06:22:44,,,,14093.0,15408.0,38623.0
2025-07-19_06:22:48,2778.0,11455.0,38139.0,12184.0,15408.0,38623.0
2025-07-19_06:22:48,9930.0,11455.0,38141.0,13981.0,15408.0,38623.0
2025-07-19_06:22:49,9808.0,11455.0,38152.0,14278.0,15408.0,38625.0
2025-07-19_06:22:49,9653.0,11455.0,38153.0,14143.0,15408.0,38627.0
2025-07-19_06:22:49,9899.0,11455.0,38196.0,14153.0,15408.0,38695.0
2025-07-19_06:22:49,9166.0,11455.0,38196.0,13802.0,15408.0,38699.0
2025-07-19_06:22:49,,,,13968.0,15408.0,38699.0
2025-07-19_06:22:53,3358.0,11455.0,38196.0,12173.0,15408.0,38699.0
2025-07-19_06:22:53,9803.0,11455.0,38196.0,14181.0,15408.0,38705.0
2025-07-19_06:22:54,9213.0,11455.0,38196.0,13966.0,15408.0,38705.0
2025-07-19_06:22:54,9663.0,11455.0,38196.0,14317.0,15408.0,38705.0
2025-07-19_06:22:54,9867.0,11455.0,38196.0,14311.0,15408.0,38705.0
2025-07-19_06:22:54,9257.0,11455.0,38200.0,14151.0,15408.0,38705.0
2025-07-19_06:22:54,,,,13973.0,15408.0,38705.0
2025-07-19_06:22:58,3302.0,11455.0,38200.0,12191.0,15408.0,38705.0
2025-07-19_06:22:58,7976.0,11455.0,38205.0,12867.0,15408.0,38705.0
2025-07-19_06:22:59,9850.0,11455.0,38207.0,14048.0,15408.0,38705.0
2025-07-19_06:22:59,9927.0,11455.0,38207.0,14135.0,15408.0,38705.0
2025-07-19_06:22:59,10187.0,11455.0,38220.0,14380.0,15408.0,38710.0
2025-07-19_06:22:59,,,,14315.0,15408.0,38711.0
2025-07-19_06:23:03,3358.0,11455.0,38220.0,12168.0,15408.0,38711.0
2025-07-19_06:23:03,9857.0,11455.0,38225.0,14385.0,15408.0,38713.0
2025-07-19_06:23:03,9235.0,11455.0,38241.0,14051.0,15408.0,38713.0
2025-07-19_06:23:04,9813.0,11455.0,38243.0,14260.0,15408.0,38717.0
2025-07-19_06:23:04,10178.0,11455.0,38245.0,14489.0,15408.0,38717.0
2025-07-19_06:23:04,,,,14137.0,15408.0,38719.0
2025-07-19_06:23:08,3375.0,11455.0,38245.0,12194.0,15408.0,38719.0
2025-07-19_06:23:08,,,,14199.0,15408.0,38720.0
2025-07-19_06:23:12,3377.0,11455.0,38245.0,12188.0,15408.0,38720.0
2025-07-19_06:23:12,10050.0,11478.0,38376.0,14396.0,15408.0,38721.0
2025-07-19_06:23:12,,,,,,
2025-07-19_06:23:17,2778.0,11478.0,38376.0,3776.0,15408.0,38721.0
2025-07-19_06:23:17,9839.0,11480.0,38381.0,14214.0,15408.0,38722.0
2025-07-19_06:23:17,,,,14168.0,15408.0,38722.0
2025-07-19_06:23:21,3375.0,11480.0,38381.0,12184.0,15408.0,38722.0
2025-07-19_06:23:21,8598.0,11480.0,38393.0,14458.0,15408.0,38722.0
2025-07-19_06:23:21,9336.0,11480.0,38393.0,13862.0,15408.0,38738.0
2025-07-19_06:23:21,9845.0,11480.0,38427.0,14144.0,15408.0,38738.0
2025-07-19_06:23:22,,,,14016.0,15408.0,38738.0
2025-07-19_06:23:25,3358.0,11480.0,38427.0,12184.0,15408.0,38738.0
2025-07-19_06:23:26,9199.0,11480.0,38428.0,13543.0,15408.0,38738.0
2025-07-19_06:23:26,10243.0,11480.0,38443.0,14077.0,15408.0,38739.0
2025-07-19_06:23:26,8547.0,11480.0,38444.0,13912.0,15408.0,38739.0
2025-07-19_06:23:27,2778.0,11480.0,38444.0,12184.0,15408.0,38739.0
2025-07-19_06:23:27,,,,,,
2025-07-19_06:23:31,6962.0,11480.0,38446.0,3793.0,15408.0,38739.0
2025-07-19_06:23:31,9925.0,11480.0,38452.0,13928.0,15408.0,38739.0
2025-07-19_06:23:31,9662.0,11480.0,39127.0,14170.0,15408.0,38739.0
2025-07-19_06:23:32,9808.0,11480.0,39127.0,14220.0,15408.0,38739.0
2025-07-19_06:23:32,,,,14328.0,15408.0,38740.0
2025-07-19_06:23:35,3358.0,11480.0,39127.0,12190.0,15408.0,38740.0
2025-07-19_06:23:36,9904.0,11480.0,39128.0,13997.0,15408.0,38747.0
2025-07-19_06:23:36,10042.0,11480.0,39132.0,14299.0,15408.0,38756.0
2025-07-19_06:23:36,,,,,,
2025-07-19_06:23:40,6975.0,11480.0,39132.0,3795.0,15408.0,38756.0
2025-07-19_06:23:40,10230.0,11480.0,39452.0,14004.0,15408.0,38857.0
2025-07-19_06:23:40,10486.0,11492.0,39473.0,14558.0,15408.0,38858.0
2025-07-19_06:23:41,,,,,,
2025-07-19_06:23:44,6969.0,11492.0,39473.0,3793.0,15408.0,38858.0
2025-07-19_06:23:45,10154.0,11492.0,39490.0,13863.0,15408.0,38858.0
2025-07-19_06:23:45,9883.0,11492.0,39490.0,14116.0,15408.0,38858.0
2025-07-19_06:23:45,,,,14447.0,15408.0,38876.0
2025-07-19_06:23:49,3375.0,11492.0,39490.0,12164.0,15408.0,38876.0
2025-07-19_06:23:49,9692.0,11492.0,39490.0,14175.0,15408.0,38892.0
2025-07-19_06:23:49,9915.0,11492.0,39546.0,14076.0,15408.0,38896.0
2025-07-19_06:23:49,10060.0,11492.0,39560.0,14280.0,15408.0,38896.0
2025-07-19_06:23:50,10087.0,11492.0,39565.0,14415.0,15408.0,38896.0
2025-07-19_06:23:50,9683.0,11492.0,39565.0,14214.0,15408.0,38896.0
2025-07-19_06:23:50,,,,,,
2025-07-19_06:23:54,6970.0,11492.0,39566.0,3793.0,15408.0,38896.0
2025-07-19_06:23:54,10045.0,11492.0,39568.0,14045.0,15408.0,38896.0
2025-07-19_06:23:54,9808.0,11492.0,39568.0,13890.0,15408.0,38896.0
2025-07-19_06:23:55,10099.0,11492.0,39571.0,14256.0,15408.0,38896.0
2025-07-19_06:23:55,10183.0,11492.0,39580.0,14051.0,15408.0,38896.0
2025-07-19_06:23:55,,,,13963.0,15408.0,38896.0
2025-07-19_06:23:59,3358.0,11492.0,39580.0,12197.0,15408.0,38896.0
2025-07-19_06:23:59,,,,,,
2025-07-19_06:24:03,6968.0,11492.0,39584.0,3792.0,15408.0,38896.0
2025-07-19_06:24:03,,,,14066.0,15408.0,38948.0
2025-07-19_06:24:07,2778.0,11492.0,39584.0,12189.0,15408.0,38948.0
2025-07-19_06:24:07,,,,,,
2025-07-19_06:24:11,6969.0,11492.0,39584.0,3793.0,15408.0,38948.0
2025-07-19_06:24:11,10245.0,11507.0,39606.0,14028.0,15408.0,38952.0
2025-07-19_06:24:11,9100.0,11507.0,39607.0,13715.0,15408.0,38952.0
2025-07-19_06:24:12,10104.0,11507.0,39608.0,14547.0,15408.0,38952.0
2025-07-19_06:24:12,10178.0,11507.0,39608.0,14650.0,15408.0,38955.0
2025-07-19_06:24:12,9931.0,11507.0,39608.0,14184.0,15408.0,38956.0
2025-07-19_06:24:12,9852.0,11507.0,39608.0,14033.0,15408.0,38956.0
2025-07-19_06:24:12,9930.0,11507.0,39613.0,14177.0,15408.0,39487.0
2025-07-19_06:24:13,10014.0,11507.0,39614.0,14338.0,15408.0,39488.0
2025-07-19_06:24:13,10255.0,11507.0,39616.0,14414.0,15408.0,39488.0
2025-07-19_06:24:13,,,,,,
2025-07-19_06:24:17,6965.0,11507.0,39616.0,3793.0,15408.0,39488.0
2025-07-19_06:24:17,9962.0,11507.0,39616.0,14538.0,15408.0,39488.0
2025-07-19_06:24:17,10503.0,11507.0,39667.0,14422.0,15408.0,39518.0
2025-07-19_06:24:18,8603.0,11507.0,39677.0,14320.0,15408.0,39518.0
2025-07-19_06:24:18,,,,,,
2025-07-19_06:24:22,6963.0,11507.0,39677.0,3787.0,15408.0,39518.0
2025-07-19_06:24:22,10230.0,11509.0,39734.0,14291.0,15408.0,39535.0
2025-07-19_06:24:22,,,,,,
2025-07-19_06:24:26,6971.0,11509.0,39734.0,3792.0,15408.0,39535.0
2025-07-19_06:24:26,10010.0,11510.0,39742.0,14343.0,15408.0,39535.0
2025-07-19_06:24:26,10169.0,11510.0,39745.0,14057.0,15408.0,39538.0
2025-07-19_06:24:27,9217.0,11510.0,39745.0,13906.0,15408.0,39538.0
2025-07-19_06:24:27,,,,,,
2025-07-19_06:24:31,6964.0,11510.0,39745.0,3792.0,15408.0,39538.0
2025-07-19_06:24:31,9943.0,11510.0,39751.0,14189.0,15408.0,39549.0
2025-07-19_06:24:31,9704.0,11510.0,39752.0,14301.0,15408.0,39549.0
2025-07-19_06:24:31,,,,,,
2025-07-19_06:24:35,6968.0,11510.0,39752.0,3793.0,15408.0,39549.0
2025-07-19_06:24:35,9924.0,11510.0,39753.0,14352.0,15408.0,39556.0
2025-07-19_06:24:36,8502.0,11510.0,39753.0,13923.0,15408.0,39556.0
2025-07-19_06:24:36,10139.0,11510.0,39757.0,13850.0,15408.0,39556.0
2025-07-19_06:24:36,10000.0,11510.0,39757.0,14065.0,15408.0,39556.0
2025-07-19_06:24:36,9946.0,11510.0,39759.0,14010.0,15408.0,39556.0
2025-07-19_06:24:36,9687.0,11511.0,39761.0,14115.0,15408.0,39556.0
2025-07-19_06:24:37,9997.0,11511.0,39767.0,14145.0,15408.0,39559.0
2025-07-19_06:24:37,10082.0,11512.0,39769.0,14084.0,15408.0,39559.0
2025-07-19_06:24:37,,,,,,
2025-07-19_06:24:41,6969.0,11512.0,39769.0,3794.0,15408.0,39559.0
2025-07-19_06:24:41,10086.0,11512.0,39782.0,14352.0,15408.0,39561.0
2025-07-19_06:24:41,,,,,,
2025-07-19_06:24:45,6969.0,11512.0,39782.0,3793.0,15408.0,39561.0
2025-07-19_06:24:45,9178.0,11512.0,39789.0,13772.0,15408.0,39561.0
2025-07-19_06:24:46,9973.0,11512.0,39792.0,14015.0,15408.0,39561.0
2025-07-19_06:24:46,10152.0,11512.0,39795.0,14135.0,15408.0,39564.0
2025-07-19_06:24:46,10263.0,11512.0,39796.0,14326.0,15408.0,39565.0
2025-07-19_06:24:46,9840.0,11512.0,39882.0,14395.0,15408.0,39875.0
2025-07-19_06:24:46,9828.0,11512.0,39882.0,14161.0,15408.0,39875.0
2025-07-19_06:24:47,,,,13249.0,15408.0,39875.0
2025-07-19_06:24:51,2778.0,11512.0,39882.0,12193.0,15408.0,39875.0
2025-07-19_06:24:51,9967.0,11512.0,39884.0,13982.0,15408.0,39875.0
2025-07-19_06:24:51,8635.0,11512.0,39893.0,14006.0,15408.0,39875.0
2025-07-19_06:24:51,10062.0,11512.0,39925.0,14311.0,15408.0,39880.0
2025-07-19_06:24:51,10028.0,11512.0,39930.0,14304.0,15408.0,39881.0
2025-07-19_06:24:52,,,,,,
2025-07-19_06:24:56,2778.0,11512.0,39930.0,3776.0,15408.0,39881.0
2025-07-19_06:24:56,,,,,,
2025-07-19_06:25:00,6973.0,11512.0,39936.0,3792.0,15408.0,39881.0
2025-07-19_06:25:01,6959.0,11512.0,39936.0,3806.0,15408.0,39881.0
2025-07-19_06:25:01,9477.0,11512.0,39936.0,13943.0,15408.0,39881.0
2025-07-19_06:25:01,9525.0,11512.0,39942.0,14106.0,15408.0,39881.0
2025-07-19_06:25:02,,,,13989.0,15408.0,39881.0
2025-07-19_06:25:05,3302.0,11512.0,39942.0,12179.0,15408.0,39881.0
2025-07-19_06:25:06,,,,13976.0,15408.0,39881.0
2025-07-19_06:25:09,3358.0,11512.0,39942.0,12185.0,15408.0,39881.0
2025-07-19_06:25:10,9965.0,11512.0,39944.0,13864.0,15408.0,39881.0
2025-07-19_06:25:10,10096.0,11512.0,39977.0,14367.0,15408.0,39912.0
2025-07-19_06:25:10,10307.0,11512.0,39985.0,14121.0,15408.0,39914.0
2025-07-19_06:25:10,9842.0,11512.0,39985.0,13970.0,15408.0,39914.0
2025-07-19_06:25:10,10249.0,11512.0,39985.0,14509.0,15408.0,39914.0
2025-07-19_06:25:11,10144.0,11519.0,39994.0,14506.0,15408.0,39916.0
2025-07-19_06:25:11,9880.0,11519.0,39995.0,14040.0,15408.0,39916.0
2025-07-19_06:25:11,10008.0,11519.0,39995.0,13992.0,15408.0,39916.0
2025-07-19_06:25:11,9993.0,11519.0,39995.0,13987.0,15408.0,39916.0
2025-07-19_06:25:12,,,,,,
2025-07-19_06:25:15,6968.0,11519.0,39995.0,3793.0,15408.0,39916.0
2025-07-19_06:25:16,8666.0,11519.0,40000.0,14030.0,15408.0,39916.0
2025-07-19_06:25:16,,,,14400.0,15408.0,39919.0
2025-07-19_06:25:19,3358.0,11519.0,40000.0,12180.0,15408.0,39919.0
2025-07-19_06:25:20,,,,,,
2025-07-19_06:25:23,6968.0,11519.0,40000.0,3793.0,15408.0,39919.0
2025-07-19_06:25:24,,,,,,
2025-07-19_06:25:28,6964.0,11519.0,40000.0,3786.0,15408.0,39919.0
2025-07-19_06:25:28,9925.0,11519.0,40056.0,14332.0,15408.0,40027.0
2025-07-19_06:25:28,9793.0,11519.0,40058.0,14413.0,15408.0,40030.0
2025-07-19_06:25:28,,,,14242.0,15408.0,40031.0
2025-07-19_06:25:32,3375.0,11519.0,40058.0,12169.0,15408.0,40031.0
2025-07-19_06:25:32,,,,13980.0,15408.0,40031.0
2025-07-19_06:25:36,3319.0,11519.0,40058.0,12187.0,15408.0,40031.0
2025-07-19_06:25:36,10184.0,11519.0,40072.0,14042.0,15408.0,40046.0
2025-07-19_06:25:36,10016.0,11519.0,40346.0,14097.0,15408.0,40046.0
2025-07-19_06:25:36,9737.0,11519.0,40363.0,14136.0,15408.0,40046.0
2025-07-19_06:25:37,10040.0,11519.0,40427.0,14174.0,15408.0,40055.0
2025-07-19_06:25:37,10172.0,11519.0,40434.0,14081.0,15408.0,40056.0
2025-07-19_06:25:37,9916.0,11519.0,40434.0,13973.0,15408.0,40056.0
2025-07-19_06:25:37,,,,14300.0,15408.0,40056.0
2025-07-19_06:25:41,3375.0,11519.0,40434.0,12183.0,15408.0,40056.0
2025-07-19_06:25:41,,,,,,
2025-07-19_06:25:45,6964.0,11519.0,40434.0,3792.0,15408.0,40056.0
2025-07-19_06:25:45,10281.0,11519.0,40463.0,13944.0,15408.0,40056.0
2025-07-19_06:25:46,9486.0,11519.0,40464.0,14126.0,15408.0,40056.0
2025-07-19_06:25:46,,,,14115.0,15408.0,40056.0
2025-07-19_06:25:49,3319.0,11519.0,40464.0,12147.0,15408.0,40056.0
2025-07-19_06:25:50,9255.0,11519.0,40464.0,13936.0,15408.0,40058.0
2025-07-19_06:25:50,9739.0,11519.0,40469.0,14000.0,15408.0,40059.0
2025-07-19_06:25:50,,,,13926.0,15408.0,40060.0
2025-07-19_06:25:54,3319.0,11519.0,40469.0,12197.0,15408.0,40060.0
2025-07-19_06:25:54,10214.0,11519.0,40469.0,14022.0,15408.0,40061.0
2025-07-19_06:25:54,9468.0,11519.0,40471.0,13956.0,15408.0,40061.0
2025-07-19_06:25:54,,,,14098.0,15408.0,40061.0
2025-07-19_06:25:58,3358.0,11519.0,40471.0,12194.0,15408.0,40061.0
2025-07-19_06:25:58,,,,13863.0,15408.0,40150.0
2025-07-19_06:26:02,2778.0,11519.0,40471.0,12189.0,15408.0,40150.0
2025-07-19_06:26:02,,,,13841.0,15408.0,40150.0
2025-07-19_06:26:06,2778.0,11519.0,40471.0,12184.0,15408.0,40150.0
2025-07-19_06:26:06,10116.0,11519.0,40472.0,14366.0,15408.0,40151.0
2025-07-19_06:26:07,,,,13980.0,15408.0,40151.0
2025-07-19_06:26:10,3319.0,11519.0,40472.0,12191.0,15408.0,40151.0
2025-07-19_06:26:11,,,,14134.0,15408.0,40151.0
2025-07-19_06:26:14,3358.0,11519.0,40472.0,12189.0,15408.0,40151.0
2025-07-19_06:26:14,,,,14086.0,15408.0,40151.0
2025-07-19_06:26:18,2778.0,11519.0,40472.0,12191.0,15408.0,40151.0
2025-07-19_06:26:19,9969.0,11519.0,40472.0,14498.0,15408.0,40151.0
2025-07-19_06:26:19,10022.0,11519.0,40477.0,14461.0,15408.0,40151.0
2025-07-19_06:26:19,10076.0,11519.0,40479.0,14315.0,15408.0,40151.0
2025-07-19_06:26:19,,,,14256.0,15408.0,40156.0
2025-07-19_06:26:23,2778.0,11519.0,40479.0,12190.0,15408.0,40156.0
2025-07-19_06:26:23,,,,13549.0,15408.0,40156.0
2025-07-19_06:26:27,3302.0,11519.0,40479.0,12189.0,15408.0,40156.0
2025-07-19_06:26:27,10119.0,11544.0,40508.0,13768.0,15408.0,40156.0
2025-07-19_06:26:27,10083.0,11544.0,40513.0,14305.0,15408.0,40156.0
2025-07-19_06:26:28,,,,,,
2025-07-19_06:26:31,6968.0,11544.0,40529.0,3786.0,15408.0,40156.0
2025-07-19_06:26:32,9189.0,11544.0,40529.0,13832.0,15408.0,40157.0
2025-07-19_06:26:32,9672.0,11544.0,40529.0,13971.0,15408.0,40158.0
2025-07-19_06:26:32,,,,14162.0,15408.0,40158.0
2025-07-19_06:26:36,3375.0,11544.0,40529.0,12187.0,15408.0,40158.0
2025-07-19_06:26:36,9255.0,11544.0,40529.0,13929.0,15408.0,40158.0
2025-07-19_06:26:36,10173.0,11544.0,40530.0,13901.0,15408.0,40158.0
2025-07-19_06:26:36,9977.0,11544.0,40530.0,14295.0,15408.0,40159.0
2025-07-19_06:26:37,10088.0,11544.0,40530.0,14497.0,15408.0,40159.0
2025-07-19_06:26:37,,,,,,
2025-07-19_06:26:41,6963.0,11544.0,40530.0,3793.0,15408.0,40159.0
2025-07-19_06:26:41,10068.0,11544.0,40530.0,14141.0,15408.0,40159.0
2025-07-19_06:26:41,10171.0,11544.0,40534.0,14177.0,15408.0,40159.0
2025-07-19_06:26:41,,,,,,
2025-07-19_06:26:45,,,,3793.0,15408.0,40159.0
2025-07-19_06:26:49,2778.0,11544.0,40534.0,12164.0,15408.0,40159.0
2025-07-19_06:26:49,9749.0,11544.0,40536.0,14074.0,15408.0,40162.0
2025-07-19_06:26:49,9858.0,11544.0,40537.0,13991.0,15408.0,40162.0
2025-07-19_06:26:50,9870.0,11544.0,40543.0,14275.0,15408.0,40162.0
2025-07-19_06:26:50,9662.0,11544.0,40543.0,14275.0,15408.0,40162.0
2025-07-19_06:26:50,9702.0,11544.0,40544.0,14090.0,15408.0,40162.0
2025-07-19_06:26:50,,,,14381.0,15408.0,40162.0
2025-07-19_06:26:54,2778.0,11544.0,40544.0,12195.0,15408.0,40162.0
2025-07-19_06:26:54,9794.0,11544.0,40544.0,14131.0,15408.0,40162.0
2025-07-19_06:26:54,,,,14277.0,15408.0,40164.0
2025-07-19_06:26:58,3375.0,11544.0,40544.0,12188.0,15408.0,40164.0
2025-07-19_06:26:58,,,,14029.0,15408.0,40164.0
2025-07-19_06:27:02,3358.0,11544.0,40544.0,12190.0,15408.0,40164.0
2025-07-19_06:27:02,10168.0,11702.0,40730.0,14586.0,15556.0,40331.0
2025-07-19_06:27:03,10178.0,11703.0,40736.0,14401.0,15556.0,40332.0
2025-07-19_06:27:03,9718.0,11703.0,40832.0,14385.0,15556.0,40332.0
2025-07-19_06:27:03,9970.0,11703.0,40832.0,14250.0,15556.0,40332.0
2025-07-19_06:27:03,,,,14279.0,15556.0,40333.0
2025-07-19_06:27:07,3358.0,11703.0,40832.0,12201.0,15556.0,40333.0
2025-07-19_06:27:07,,,,13794.0,15556.0,40334.0
2025-07-19_06:27:11,3375.0,11703.0,40832.0,12184.0,15556.0,40334.0
2025-07-19_06:27:11,,,,14005.0,15556.0,40334.0
2025-07-19_06:27:15,3358.0,11703.0,40832.0,12171.0,15556.0,40334.0
2025-07-19_06:27:15,10122.0,11703.0,40832.0,14350.0,15556.0,40334.0
2025-07-19_06:27:15,10086.0,11703.0,40832.0,14361.0,15556.0,40334.0
2025-07-19_06:27:15,,,,14198.0,15563.0,40379.0
2025-07-19_06:27:19,2778.0,11703.0,40832.0,12185.0,15563.0,40379.0
2025-07-19_06:27:20,,,,14079.0,15563.0,40379.0
2025-07-19_06:27:23,2778.0,11703.0,40832.0,12189.0,15563.0,40380.0
2025-07-19_06:27:24,,,,14022.0,15563.0,40380.0
2025-07-19_06:27:27,3358.0,11703.0,40832.0,12161.0,15563.0,40380.0
2025-07-19_06:27:28,9687.0,11703.0,41001.0,14157.0,15563.0,40392.0
2025-07-19_06:27:28,,,,,,
2025-07-19_06:27:32,6968.0,11703.0,41001.0,3793.0,15563.0,40392.0
2025-07-19_06:27:32,9491.0,11703.0,41002.0,14131.0,15563.0,40392.0
2025-07-19_06:27:32,,,,,,
2025-07-19_06:27:37,2778.0,11703.0,41002.0,3776.0,15563.0,40392.0
2025-07-19_06:27:37,8568.0,11703.0,41002.0,13936.0,15563.0,40392.0
2025-07-19_06:27:37,,,,13980.0,15563.0,40392.0
2025-07-19_06:27:41,3319.0,11703.0,41002.0,12191.0,15563.0,40392.0
2025-07-19_06:27:41,10066.0,11703.0,41003.0,14318.0,15563.0,40392.0
2025-07-19_06:27:41,,,,,,
2025-07-19_06:27:45,6953.0,11703.0,41003.0,3793.0,15563.0,40392.0
2025-07-19_06:27:45,,,,,,
2025-07-19_06:27:49,6965.0,11703.0,41003.0,3794.0,15563.0,40392.0
2025-07-19_06:27:49,,,,,,
2025-07-19_06:27:53,6959.0,11703.0,41004.0,3792.0,15563.0,40392.0
2025-07-19_06:27:53,9558.0,11703.0,41004.0,13937.0,15563.0,40392.0
2025-07-19_06:27:53,10080.0,11703.0,41004.0,14504.0,15563.0,40392.0
2025-07-19_06:27:54,9665.0,11703.0,41005.0,14174.0,15563.0,40392.0
2025-07-19_06:27:54,9701.0,11703.0,41006.0,14123.0,15563.0,40392.0
2025-07-19_06:27:54,,,,13985.0,15563.0,40392.0
2025-07-19_06:27:58,,,,,,
2025-07-19_06:28:02,6972.0,11703.0,41006.0,3792.0,15563.0,40392.0
2025-07-19_06:28:02,,,,14182.0,15563.0,40393.0
2025-07-19_06:28:06,3302.0,11703.0,41006.0,12185.0,15563.0,40393.0
2025-07-19_06:28:06,10304.0,11712.0,41042.0,14378.0,15563.0,40410.0
2025-07-19_06:28:06,9687.0,11712.0,41043.0,13973.0,15563.0,40410.0
2025-07-19_06:28:06,9653.0,11712.0,41043.0,14096.0,15563.0,40410.0
2025-07-19_06:28:06,10004.0,11712.0,41043.0,14303.0,15563.0,40410.0
2025-07-19_06:28:07,,,,13821.0,15563.0,40410.0
2025-07-19_06:28:10,3358.0,11712.0,41043.0,12166.0,15563.0,40410.0
2025-07-19_06:28:11,9815.0,11712.0,41043.0,14044.0,15563.0,40410.0
2025-07-19_06:28:11,,,,,,
2025-07-19_06:28:15,6963.0,11712.0,41044.0,3793.0,15563.0,40410.0
2025-07-19_06:28:15,,,,14008.0,15563.0,40410.0
2025-07-19_06:28:19,3375.0,11712.0,41044.0,12147.0,15563.0,40410.0
2025-07-19_06:28:19,10085.0,11712.0,41045.0,14177.0,15563.0,40410.0
2025-07-19_06:28:19,9932.0,11712.0,41045.0,14110.0,15563.0,40411.0
2025-07-19_06:28:19,9927.0,11712.0,41045.0,13901.0,15563.0,40411.0
2025-07-19_06:28:20,9901.0,11712.0,41049.0,14082.0,15563.0,40413.0
2025-07-19_06:28:20,8533.0,11712.0,41062.0,13826.0,15563.0,40413.0
2025-07-19_06:28:20,9907.0,11712.0,41064.0,13892.0,15563.0,40413.0
2025-07-19_06:28:20,,,,14141.0,15563.0,40415.0
2025-07-19_06:28:24,3375.0,11712.0,41064.0,12186.0,15563.0,40415.0
2025-07-19_06:28:24,10094.0,11712.0,41274.0,14387.0,15563.0,40421.0
2025-07-19_06:28:24,10057.0,11712.0,41274.0,14508.0,15563.0,40421.0
2025-07-19_06:28:24,,,,14183.0,15563.0,40423.0
2025-07-19_06:28:28,2778.0,11712.0,41274.0,12200.0,15563.0,40423.0
2025-07-19_06:28:28,10211.0,11712.0,41275.0,14187.0,15563.0,40424.0
2025-07-19_06:28:29,,,,11689.0,15563.0,40533.0
2025-07-19_06:28:33,2778.0,11712.0,41275.0,12176.0,15563.0,40534.0
2025-07-19_06:28:33,8698.0,11712.0,41277.0,14126.0,15563.0,40534.0
2025-07-19_06:28:33,9482.0,11712.0,41277.0,14104.0,15563.0,40534.0
2025-07-19_06:28:33,8676.0,11712.0,41278.0,14190.0,15563.0,40534.0
2025-07-19_06:28:33,,,,14322.0,15563.0,40535.0
2025-07-19_06:28:37,3358.0,11712.0,41278.0,12190.0,15563.0,40535.0
2025-07-19_06:28:37,,,,14310.0,15563.0,40535.0
2025-07-19_06:28:41,3375.0,11712.0,41278.0,12185.0,15563.0,40542.0
2025-07-19_06:28:41,8754.0,11712.0,41278.0,14210.0,15563.0,40542.0
2025-07-19_06:28:41,,,,13725.0,15563.0,40542.0
2025-07-19_06:28:45,3373.0,11712.0,41278.0,12188.0,15563.0,40542.0
2025-07-19_06:28:45,10032.0,11712.0,41280.0,13982.0,15563.0,40542.0
2025-07-19_06:28:46,8625.0,11712.0,41283.0,14361.0,15563.0,40542.0
2025-07-19_06:28:46,9268.0,11712.0,41283.0,13924.0,15563.0,40542.0
2025-07-19_06:28:46,8534.0,11712.0,41284.0,13935.0,15563.0,40542.0
2025-07-19_06:28:46,,,,14605.0,15563.0,40542.0
2025-07-19_06:28:50,3360.0,11712.0,41284.0,12166.0,15563.0,40542.0
2025-07-19_06:28:50,,,,13874.0,15563.0,40542.0
2025-07-19_06:28:54,3358.0,11712.0,41284.0,12185.0,15563.0,40542.0
2025-07-19_06:28:54,,,,13939.0,15563.0,40542.0
2025-07-19_06:28:58,3302.0,11712.0,41284.0,12183.0,15563.0,40542.0
2025-07-19_06:28:58,,,,14273.0,15563.0,40542.0
2025-07-19_06:29:02,,,,,,
2025-07-19_06:29:05,6958.0,11712.0,41284.0,3793.0,15563.0,40542.0
2025-07-19_06:29:09,2778.0,11712.0,41284.0,12192.0,15563.0,40542.0
2025-07-19_06:29:10,9878.0,11712.0,41284.0,14104.0,15563.0,40544.0
2025-07-19_06:29:10,10102.0,11712.0,41284.0,14500.0,15563.0,40544.0
2025-07-19_06:29:10,9949.0,11712.0,41291.0,14162.0,15563.0,40544.0
2025-07-19_06:29:10,,,,,,
2025-07-19_06:29:14,6963.0,11712.0,41291.0,3793.0,15563.0,40544.0
2025-07-19_06:29:14,,,,14217.0,15563.0,40544.0
2025-07-19_06:29:18,3375.0,11712.0,41291.0,12187.0,15563.0,40544.0
2025-07-19_06:29:18,,,,,,
2025-07-19_06:29:22,6964.0,11712.0,41318.0,3793.0,15563.0,40544.0
2025-07-19_06:29:22,10011.0,11712.0,41334.0,14367.0,15563.0,40544.0
2025-07-19_06:29:23,10079.0,11712.0,41335.0,14508.0,15563.0,40545.0
2025-07-19_06:29:23,,,,14130.0,15563.0,40545.0
2025-07-19_06:29:26,3375.0,11712.0,41335.0,12191.0,15563.0,40545.0
2025-07-19_06:29:27,9991.0,11712.0,41342.0,14519.0,15563.0,40545.0
2025-07-19_06:29:27,,,,14085.0,15563.0,40545.0
2025-07-19_06:29:31,2778.0,11712.0,41342.0,12190.0,15563.0,40545.0
2025-07-19_06:29:31,,,,14122.0,15563.0,40545.0
2025-07-19_06:29:35,3319.0,11712.0,41342.0,12193.0,15563.0,40545.0
2025-07-19_06:29:35,,,,13781.0,15563.0,40545.0
2025-07-19_06:29:38,3319.0,11712.0,41342.0,12143.0,15563.0,40545.0
2025-07-19_06:29:39,9926.0,11712.0,41343.0,13888.0,15563.0,40545.0
2025-07-19_06:29:39,,,,,,
2025-07-19_06:29:43,6968.0,11712.0,41343.0,3787.0,15563.0,40545.0
2025-07-19_06:29:43,9862.0,11712.0,41343.0,14027.0,15563.0,40545.0
2025-07-19_06:29:43,10192.0,11712.0,41343.0,14031.0,15563.0,40545.0
2025-07-19_06:29:43,9674.0,11712.0,41343.0,14178.0,15563.0,40545.0
2025-07-19_06:29:44,9972.0,11712.0,41343.0,14397.0,15563.0,40545.0
2025-07-19_06:29:44,10219.0,11712.0,41343.0,14319.0,15563.0,40545.0
2025-07-19_06:29:44,,,,13973.0,15563.0,40545.0
2025-07-19_06:29:48,3375.0,11712.0,41343.0,12184.0,15563.0,40545.0
2025-07-19_06:29:48,,,,14307.0,15563.0,40545.0
2025-07-19_06:29:52,3375.0,11712.0,41343.0,12191.0,15563.0,40545.0
2025-07-19_06:29:52,,,,14136.0,15563.0,40545.0
2025-07-19_06:29:56,3375.0,11712.0,41343.0,12186.0,15563.0,40545.0
2025-07-19_06:29:56,10066.0,11712.0,41343.0,14304.0,15563.0,40545.0
2025-07-19_06:29:56,,,,14167.0,15563.0,40545.0
2025-07-19_06:30:00,3375.0,11712.0,41343.0,12191.0,15563.0,40545.0
2025-07-19_06:30:00,,,,14528.0,15563.0,40545.0
2025-07-19_06:30:03,3375.0,11712.0,41343.0,12181.0,15563.0,40545.0
2025-07-19_06:30:04,10045.0,11712.0,41347.0,14181.0,15563.0,40546.0
2025-07-19_06:30:04,,,,14222.0,15563.0,40546.0
2025-07-19_06:30:08,3358.0,11712.0,41347.0,12190.0,15563.0,40546.0
2025-07-19_06:30:08,,,,14138.0,15563.0,40546.0
2025-07-19_06:30:12,3302.0,11712.0,41347.0,12198.0,15563.0,40546.0
2025-07-19_06:30:12,,,,14035.0,15563.0,40546.0
2025-07-19_06:30:15,3358.0,11712.0,41347.0,12157.0,15563.0,40546.0
2025-07-19_06:30:16,9953.0,11712.0,41353.0,14141.0,15563.0,40546.0
2025-07-19_06:30:16,10210.0,11712.0,41355.0,14000.0,15563.0,40549.0
2025-07-19_06:30:16,8487.0,11712.0,41360.0,13921.0,15563.0,40549.0
2025-07-19_06:30:16,9434.0,11712.0,41361.0,14222.0,15563.0,40549.0
2025-07-19_06:30:17,9237.0,11712.0,41361.0,13927.0,15563.0,40549.0
2025-07-19_06:30:17,10247.0,11712.0,41361.0,14153.0,15563.0,40549.0
2025-07-19_06:30:17,,,,14096.0,15563.0,40553.0
2025-07-19_06:30:21,3375.0,11712.0,41361.0,12191.0,15563.0,40553.0
2025-07-19_06:30:21,10035.0,11712.0,41361.0,14518.0,15563.0,40553.0
2025-07-19_06:30:21,9981.0,11712.0,41361.0,14329.0,15563.0,40553.0
2025-07-19_06:30:21,10277.0,11712.0,41365.0,14382.0,15563.0,40553.0
2025-07-19_06:30:22,10018.0,11712.0,41366.0,14501.0,15563.0,40553.0
2025-07-19_06:30:22,10238.0,11712.0,41366.0,14433.0,15563.0,40554.0
2025-07-19_06:30:22,10207.0,11712.0,41372.0,14175.0,15563.0,40557.0
2025-07-19_06:30:22,,,,13970.0,15563.0,40557.0
2025-07-19_06:30:26,3302.0,11712.0,41372.0,12192.0,15563.0,40557.0
2025-07-19_06:30:26,9947.0,11712.0,41372.0,14294.0,15563.0,40557.0
2025-07-19_06:30:26,9555.0,11712.0,41372.0,14106.0,15563.0,40557.0
2025-07-19_06:30:27,10278.0,11712.0,41516.0,14131.0,15563.0,40562.0
2025-07-19_06:30:27,9980.0,11712.0,41519.0,13950.0,15563.0,40563.0
2025-07-19_06:30:27,,,,,,
2025-07-19_06:30:31,6963.0,11712.0,41519.0,3793.0,15563.0,40563.0
2025-07-19_06:30:31,,,,14223.0,15563.0,40563.0
2025-07-19_06:30:35,3360.0,11712.0,41519.0,12185.0,15563.0,40563.0
2025-07-19_06:30:35,,,,,,
2025-07-19_06:30:39,6961.0,11712.0,41519.0,3793.0,15563.0,40563.0
2025-07-19_06:30:39,,,,14179.0,15563.0,40563.0
2025-07-19_06:30:43,3375.0,11712.0,41519.0,12191.0,15563.0,40563.0
2025-07-19_06:30:43,,,,14364.0,15563.0,40563.0
2025-07-19_06:30:47,2778.0,11712.0,41519.0,12183.0,15563.0,40563.0
2025-07-19_06:30:47,10047.0,11712.0,41519.0,14327.0,15563.0,40563.0
2025-07-19_06:30:47,9943.0,11712.0,41519.0,14177.0,15563.0,40563.0
2025-07-19_06:30:48,9911.0,11712.0,41544.0,14066.0,15563.0,40584.0
2025-07-19_06:30:48,,,,13865.0,15563.0,40584.0
2025-07-19_06:30:52,2778.0,11712.0,41544.0,12188.0,15563.0,40584.0
2025-07-19_06:30:52,9892.0,11712.0,41545.0,14123.0,15563.0,40585.0
2025-07-19_06:30:52,9975.0,11712.0,41549.0,14504.0,15563.0,40585.0
2025-07-19_06:30:52,,,,14208.0,15563.0,40585.0
2025-07-19_06:30:56,3375.0,11712.0,41549.0,12186.0,15563.0,40585.0
2025-07-19_06:30:56,10226.0,11712.0,41554.0,14620.0,15563.0,40586.0
2025-07-19_06:30:56,10075.0,11712.0,41554.0,14348.0,15563.0,40586.0
2025-07-19_06:30:57,9897.0,11712.0,41554.0,13873.0,15563.0,40586.0
2025-07-19_06:30:57,,,,13785.0,15563.0,40586.0
2025-07-19_06:31:01,3375.0,11712.0,41554.0,12186.0,15563.0,40586.0
2025-07-19_06:31:01,9777.0,11712.0,41558.0,13917.0,15563.0,40586.0
2025-07-19_06:31:01,,,,13786.0,15563.0,40586.0
2025-07-19_06:31:05,3319.0,11712.0,41558.0,12189.0,15563.0,40586.0
2025-07-19_06:31:05,9261.0,11712.0,41558.0,13929.0,15563.0,40587.0
2025-07-19_06:31:05,9724.0,11712.0,41558.0,13996.0,15563.0,40587.0
2025-07-19_06:31:05,,,,,,
2025-07-19_06:31:09,6958.0,11712.0,41558.0,3793.0,15563.0,40587.0
2025-07-19_06:31:09,,,,13967.0,15563.0,40588.0
2025-07-19_06:31:13,,,,,,
2025-07-19_06:31:17,6961.0,11712.0,41559.0,3792.0,15563.0,40588.0
2025-07-19_06:31:17,9966.0,11712.0,41559.0,14020.0,15563.0,40588.0
2025-07-19_06:31:17,,,,,,
2025-07-19_06:31:21,6967.0,11712.0,41562.0,3793.0,15563.0,40588.0
2025-07-19_06:31:21,9498.0,11712.0,41562.0,14296.0,15563.0,40588.0
2025-07-19_06:31:22,9924.0,11712.0,41567.0,13865.0,15563.0,40588.0
2025-07-19_06:31:22,9950.0,11712.0,41568.0,14134.0,15563.0,40588.0
2025-07-19_06:31:22,9993.0,11712.0,41568.0,14353.0,15563.0,40588.0
2025-07-19_06:31:22,,,,,,
2025-07-19_06:31:26,6968.0,11712.0,41568.0,3792.0,15563.0,40588.0
2025-07-19_06:31:26,9252.0,11712.0,41568.0,13928.0,15563.0,40588.0
2025-07-19_06:31:26,10203.0,11712.0,41568.0,14331.0,15563.0,40588.0
2025-07-19_06:31:27,,,,14062.0,15563.0,40588.0
2025-07-19_06:31:30,2778.0,11712.0,41568.0,12193.0,15563.0,40588.0
2025-07-19_06:31:31,,,,14293.0,15563.0,40588.0
2025-07-19_06:31:34,3375.0,11712.0,41568.0,12179.0,15563.0,40588.0
2025-07-19_06:31:35,9012.0,11712.0,41600.0,13775.0,15563.0,40588.0
2025-07-19_06:31:35,,,,,,
2025-07-19_06:31:39,6966.0,11712.0,41600.0,3793.0,15563.0,40588.0
2025-07-19_06:31:39,,,,,,
2025-07-19_06:31:43,6968.0,11712.0,41600.0,3787.0,15563.0,40588.0
2025-07-19_06:31:43,,,,14076.0,15563.0,40617.0
2025-07-19_06:31:47,2778.0,11712.0,41600.0,12167.0,15563.0,40617.0
2025-07-19_06:31:47,9669.0,11712.0,41600.0,14181.0,15563.0,40617.0
2025-07-19_06:31:47,9868.0,11712.0,41601.0,14135.0,15563.0,40618.0
2025-07-19_06:31:47,9901.0,11712.0,41602.0,14131.0,15563.0,40618.0
2025-07-19_06:31:48,10002.0,11712.0,41608.0,14328.0,15563.0,40618.0
2025-07-19_06:31:48,9684.0,11712.0,41608.0,14291.0,15563.0,40619.0
2025-07-19_06:31:48,,,,,,
2025-07-19_06:31:52,6971.0,11712.0,41608.0,3793.0,15563.0,40619.0
2025-07-19_06:31:52,,,,,,
2025-07-19_06:31:56,6964.0,11712.0,41608.0,3793.0,15563.0,40619.0
2025-07-19_06:31:56,,,,14596.0,15571.0,40646.0
2025-07-19_06:32:00,2778.0,11712.0,41608.0,12186.0,15571.0,40646.0
2025-07-19_06:32:00,9529.0,11712.0,41608.0,14009.0,15571.0,40646.0
2025-07-19_06:32:00,,,,13980.0,15571.0,40646.0
2025-07-19_06:32:04,3358.0,11712.0,41608.0,12185.0,15571.0,40646.0
2025-07-19_06:32:04,10214.0,11712.0,41609.0,14344.0,15571.0,40646.0
2025-07-19_06:32:05,9865.0,11712.0,41609.0,14130.0,15571.0,40647.0
2025-07-19_06:32:05,,,,13934.0,15571.0,40649.0
2025-07-19_06:32:08,3358.0,11712.0,41609.0,12189.0,15571.0,40649.0
2025-07-19_06:32:09,9533.0,11712.0,41609.0,14357.0,15571.0,40649.0
2025-07-19_06:32:09,10071.0,11712.0,41609.0,14135.0,15571.0,40649.0
2025-07-19_06:32:09,10171.0,11712.0,41615.0,14163.0,15571.0,40651.0
2025-07-19_06:32:09,,,,,,
2025-07-19_06:32:13,6959.0,11712.0,41615.0,3792.0,15571.0,40651.0
2025-07-19_06:32:13,,,,,,
2025-07-19_06:32:17,6973.0,11712.0,41615.0,3795.0,15571.0,40651.0
2025-07-19_06:32:17,,,,,,
2025-07-19_06:32:21,6968.0,11712.0,41615.0,3793.0,15571.0,40651.0
2025-07-19_06:32:21,9965.0,11712.0,41615.0,14128.0,15571.0,40651.0
2025-07-19_06:32:22,,,,,,
2025-07-19_06:32:26,6964.0,11712.0,41615.0,3787.0,15571.0,40651.0
2025-07-19_06:32:26,9654.0,11712.0,41615.0,14303.0,15571.0,40651.0
2025-07-19_06:32:26,,,,14108.0,15571.0,40651.0
2025-07-19_06:32:30,3321.0,11712.0,41615.0,12142.0,15571.0,40651.0
2025-07-19_06:32:30,,,,,,
2025-07-19_06:32:34,6970.0,11712.0,41616.0,3786.0,15571.0,40651.0
2025-07-19_06:32:34,10070.0,11712.0,41616.0,14494.0,15571.0,40655.0
2025-07-19_06:32:34,,,,13821.0,15571.0,40655.0
2025-07-19_06:32:38,3302.0,11712.0,41616.0,12194.0,15571.0,40655.0
2025-07-19_06:32:38,9974.0,11712.0,41616.0,13953.0,15571.0,40655.0
2025-07-19_06:32:38,,,,14028.0,15571.0,40655.0
2025-07-19_06:32:42,3358.0,11712.0,41616.0,12169.0,15571.0,40655.0
2025-07-19_06:32:42,9959.0,11712.0,41618.0,14106.0,15571.0,40655.0
2025-07-19_06:32:42,9994.0,11712.0,41618.0,14315.0,15571.0,40655.0
2025-07-19_06:32:43,10063.0,11712.0,41618.0,14499.0,15571.0,40655.0
2025-07-19_06:32:43,9969.0,11712.0,41618.0,14087.0,15571.0,40657.0
2025-07-19_06:32:43,8572.0,11712.0,41619.0,13934.0,15571.0,40657.0
2025-07-19_06:32:43,8536.0,11712.0,41621.0,13720.0,15571.0,40657.0
2025-07-19_06:32:44,10027.0,11712.0,41621.0,14304.0,15571.0,40657.0
2025-07-19_06:32:44,10109.0,11712.0,41622.0,13834.0,15571.0,40657.0
2025-07-19_06:32:44,9189.0,11712.0,41622.0,14078.0,15571.0,40657.0
2025-07-19_06:32:44,9111.0,11712.0,41622.0,13860.0,15571.0,40657.0
2025-07-19_06:32:44,,,,,,
2025-07-19_06:32:48,6968.0,11712.0,41622.0,3793.0,15571.0,40657.0
2025-07-19_06:32:48,,,,14224.0,15571.0,40657.0
2025-07-19_06:32:52,3375.0,11712.0,41622.0,12188.0,15571.0,40657.0
2025-07-19_06:32:52,,,,,,
2025-07-19_06:32:56,6957.0,11712.0,41622.0,3793.0,15571.0,40657.0
2025-07-19_06:32:57,10195.0,11712.0,41622.0,14309.0,15571.0,40660.0
2025-07-19_06:32:57,,,,13837.0,15571.0,40660.0
2025-07-19_06:33:00,3375.0,11712.0,41622.0,12191.0,15571.0,40660.0
2025-07-19_06:33:01,10356.0,11712.0,41790.0,14526.0,15571.0,40662.0
2025-07-19_06:33:01,9674.0,11712.0,41793.0,14117.0,15571.0,40662.0
2025-07-19_06:33:01,,,,14128.0,15571.0,40666.0
2025-07-19_06:33:05,3375.0,11712.0,41793.0,12161.0,15571.0,40666.0
2025-07-19_06:33:05,10133.0,11712.0,41797.0,14448.0,15571.0,40667.0
2025-07-19_06:33:05,10459.0,11712.0,41812.0,14386.0,15571.0,40667.0
2025-07-19_06:33:05,9749.0,11712.0,41812.0,14342.0,15571.0,40673.0
2025-07-19_06:33:06,10273.0,11712.0,41835.0,14357.0,15571.0,40674.0
2025-07-19_06:33:06,10233.0,11712.0,41835.0,14377.0,15571.0,40675.0
2025-07-19_06:33:06,,,,,,
2025-07-19_06:33:10,6970.0,11712.0,41835.0,3793.0,15571.0,40675.0
2025-07-19_06:33:10,9975.0,11712.0,41835.0,14080.0,15571.0,40675.0
2025-07-19_06:33:10,,,,14118.0,15571.0,40695.0
2025-07-19_06:33:14,3302.0,11712.0,41835.0,12186.0,15571.0,40695.0
2025-07-19_06:33:14,10245.0,11712.0,41835.0,14359.0,15571.0,40696.0
2025-07-19_06:33:15,,,,14218.0,15571.0,40696.0
2025-07-19_06:33:18,3358.0,11712.0,41835.0,12165.0,15571.0,40696.0
2025-07-19_06:33:18,,,,13967.0,15571.0,40696.0
2025-07-19_06:33:22,3375.0,11712.0,41835.0,12190.0,15571.0,40696.0
2025-07-19_06:33:22,,,,,,
2025-07-19_06:33:26,6970.0,11712.0,41835.0,3793.0,15571.0,40696.0
2025-07-19_06:33:26,10213.0,11712.0,41849.0,14502.0,15571.0,40696.0
2025-07-19_06:33:27,10297.0,11712.0,41849.0,14344.0,15571.0,40696.0
2025-07-19_06:33:27,9886.0,11712.0,41851.0,14104.0,15571.0,40696.0
2025-07-19_06:33:27,,,,,,
2025-07-19_06:33:31,3358.0,11712.0,41851.0,4596.0,15571.0,40696.0
2025-07-19_06:33:32,9456.0,11712.0,41851.0,13935.0,15571.0,40696.0
2025-07-19_06:33:32,,,,14379.0,15571.0,40696.0
2025-07-19_06:33:35,3375.0,11712.0,41851.0,12188.0,15571.0,40696.0
2025-07-19_06:33:36,,,,14008.0,15571.0,40696.0
2025-07-19_06:33:39,3375.0,11712.0,41851.0,12184.0,15571.0,40696.0
2025-07-19_06:33:40,9280.0,11712.0,41852.0,13993.0,15571.0,40696.0
2025-07-19_06:33:40,,,,13966.0,15571.0,40696.0
2025-07-19_06:33:44,3375.0,11712.0,41852.0,12186.0,15571.0,40696.0
2025-07-19_06:33:44,,,,,,
2025-07-19_06:33:48,6966.0,11712.0,41852.0,3787.0,15571.0,40696.0
2025-07-19_06:33:48,10002.0,11712.0,41852.0,14293.0,15571.0,40696.0
2025-07-19_06:33:48,,,,,,
2025-07-19_06:33:52,6964.0,11712.0,41852.0,3793.0,15571.0,40696.0
2025-07-19_06:33:52,9857.0,11712.0,41852.0,14142.0,15571.0,40696.0
2025-07-19_06:33:52,9913.0,11712.0,41852.0,14117.0,15571.0,40696.0
2025-07-19_06:33:52,9496.0,11712.0,41852.0,14154.0,15571.0,40696.0
2025-07-19_06:33:53,,,,13789.0,15571.0,40696.0
2025-07-19_06:33:56,3319.0,11712.0,41852.0,12185.0,15571.0,40696.0
2025-07-19_06:33:57,9910.0,11712.0,41852.0,14150.0,15571.0,40696.0
2025-07-19_06:33:57,9901.0,11712.0,41860.0,14089.0,15571.0,40696.0
2025-07-19_06:33:57,,,,,,
2025-07-19_06:34:01,6970.0,11712.0,41861.0,3793.0,15571.0,40696.0
2025-07-19_06:34:01,,,,14126.0,15571.0,40696.0
2025-07-19_06:34:05,3358.0,11712.0,41861.0,12185.0,15571.0,40696.0
2025-07-19_06:34:05,10264.0,11712.0,41868.0,14500.0,15571.0,40710.0
2025-07-19_06:34:05,,,,14019.0,15571.0,40710.0
2025-07-19_06:34:09,3375.0,11712.0,41868.0,12198.0,15571.0,40710.0
2025-07-19_06:34:09,9854.0,11712.0,41868.0,13990.0,15571.0,40710.0
2025-07-19_06:34:09,9702.0,11712.0,41868.0,14000.0,15571.0,40710.0
2025-07-19_06:34:10,10559.0,11712.0,41910.0,14635.0,15571.0,40710.0
2025-07-19_06:34:10,8372.0,11712.0,41910.0,13767.0,15572.0,40713.0
2025-07-19_06:34:10,10165.0,11712.0,41912.0,14115.0,15572.0,40713.0
2025-07-19_06:34:10,10097.0,11712.0,41912.0,14350.0,15572.0,40713.0
2025-07-19_06:34:10,9762.0,11712.0,41912.0,13811.0,15572.0,40713.0
2025-07-19_06:34:11,,,,,,
2025-07-19_06:34:14,6962.0,11712.0,41912.0,3792.0,15572.0,40713.0
2025-07-19_06:34:15,9950.0,11712.0,41950.0,14654.0,15572.0,40713.0
2025-07-19_06:34:15,10359.0,11712.0,41950.0,14487.0,15572.0,40713.0
2025-07-19_06:34:15,9645.0,11712.0,41950.0,14296.0,15572.0,40713.0
2025-07-19_06:34:15,9261.0,11712.0,41950.0,14111.0,15572.0,40713.0
2025-07-19_06:34:16,,,,14289.0,15572.0,40713.0
2025-07-19_06:34:19,3358.0,11712.0,41950.0,12185.0,15572.0,40713.0
2025-07-19_06:34:20,10188.0,11712.0,41961.0,14273.0,15572.0,40714.0
2025-07-19_06:34:20,10254.0,11712.0,41981.0,14095.0,15572.0,40734.0
2025-07-19_06:34:20,9917.0,11712.0,41981.0,14108.0,15572.0,40734.0
2025-07-19_06:34:20,8566.0,11712.0,41983.0,14394.0,15572.0,40734.0
2025-07-19_06:34:20,,,,14171.0,15572.0,40734.0
2025-07-19_06:34:24,3302.0,11712.0,41983.0,12197.0,15572.0,40734.0
2025-07-19_06:34:24,9984.0,11714.0,41985.0,13851.0,15572.0,40734.0
2025-07-19_06:34:25,10427.0,11714.0,41986.0,14709.0,15572.0,40749.0
2025-07-19_06:34:25,9836.0,11714.0,41988.0,14019.0,15572.0,40749.0
2025-07-19_06:34:25,10453.0,11714.0,41989.0,14387.0,15572.0,40751.0
2025-07-19_06:34:25,8565.0,11714.0,41989.0,14180.0,15572.0,40751.0
2025-07-19_06:34:25,9734.0,11714.0,41989.0,13933.0,15572.0,40751.0
2025-07-19_06:34:26,,,,13910.0,15572.0,40751.0
2025-07-19_06:34:30,2778.0,11714.0,41989.0,12160.0,15572.0,40751.0
2025-07-19_06:34:30,10171.0,11714.0,42000.0,14498.0,15572.0,40751.0
2025-07-19_06:34:30,,,,,,
2025-07-19_06:34:34,6967.0,11714.0,42000.0,3793.0,15572.0,40751.0
2025-07-19_06:34:34,10234.0,11714.0,42000.0,14175.0,15572.0,40752.0
2025-07-19_06:34:34,9878.0,11714.0,42007.0,14141.0,15572.0,40752.0
2025-07-19_06:34:35,,,,,,
2025-07-19_06:34:38,6964.0,11714.0,42007.0,3793.0,15572.0,40752.0
2025-07-19_06:34:39,9283.0,11714.0,42007.0,13917.0,15572.0,40752.0
2025-07-19_06:34:39,,,,13995.0,15572.0,40752.0
2025-07-19_06:34:42,3375.0,11714.0,42007.0,12167.0,15572.0,40752.0
2025-07-19_06:34:43,9906.0,11714.0,42008.0,13952.0,15572.0,40752.0
2025-07-19_06:34:43,9917.0,11714.0,42008.0,13965.0,15572.0,40752.0
2025-07-19_06:34:43,,,,,,
2025-07-19_06:34:47,6971.0,11714.0,42008.0,3792.0,15572.0,40752.0
2025-07-19_06:34:47,9971.0,11714.0,42008.0,13961.0,15572.0,40752.0
2025-07-19_06:34:47,10071.0,11714.0,42008.0,14496.0,15572.0,40752.0
2025-07-19_06:34:47,10078.0,11714.0,42008.0,14302.0,15572.0,40752.0
2025-07-19_06:34:48,9276.0,11714.0,42008.0,13941.0,15572.0,40752.0
2025-07-19_06:34:48,9278.0,11714.0,42009.0,14122.0,15572.0,40752.0
2025-07-19_06:34:48,,,,13973.0,15572.0,40752.0
2025-07-19_06:34:52,3375.0,11714.0,42009.0,12168.0,15572.0,40752.0
2025-07-19_06:34:52,,,,,,
2025-07-19_06:34:57,2778.0,11714.0,42009.0,3776.0,15572.0,40752.0
2025-07-19_06:34:57,10318.0,11725.0,42042.0,14564.0,15572.0,40755.0
2025-07-19_06:34:57,,,,14178.0,15572.0,40755.0
2025-07-19_06:35:01,3377.0,11725.0,42042.0,12190.0,15572.0,40755.0
2025-07-19_06:35:01,,,,,,
2025-07-19_06:35:05,6970.0,11725.0,42042.0,3793.0,15572.0,40755.0
2025-07-19_06:35:05,9862.0,11725.0,42042.0,14148.0,15572.0,40755.0
2025-07-19_06:35:05,9870.0,11725.0,42042.0,14116.0,15572.0,40755.0
2025-07-19_06:35:05,10250.0,11725.0,42042.0,14337.0,15572.0,40755.0
2025-07-19_06:35:06,10101.0,11725.0,42043.0,14133.0,15572.0,40755.0
2025-07-19_06:35:06,9921.0,11725.0,42044.0,14335.0,15572.0,40755.0
2025-07-19_06:35:06,,,,13999.0,15572.0,40755.0
2025-07-19_06:35:10,,,,,,
2025-07-19_06:35:14,6967.0,11725.0,42044.0,3792.0,15572.0,40755.0
2025-07-19_06:35:14,9227.0,11725.0,42044.0,14113.0,15572.0,40755.0
2025-07-19_06:35:14,,,,,,
2025-07-19_06:35:18,6961.0,11725.0,42055.0,3792.0,15572.0,40755.0
2025-07-19_06:35:18,10445.0,11725.0,42055.0,14395.0,15572.0,40755.0
2025-07-19_06:35:19,9540.0,11725.0,42055.0,14219.0,15572.0,40755.0
2025-07-19_06:35:19,10240.0,11725.0,42055.0,14116.0,15572.0,40755.0
2025-07-19_06:35:19,,,,13977.0,15572.0,40755.0
2025-07-19_06:35:23,3319.0,11725.0,42055.0,12166.0,15572.0,40755.0
2025-07-19_06:35:23,10033.0,11725.0,42057.0,14430.0,15572.0,40755.0
2025-07-19_06:35:23,9273.0,11725.0,42058.0,14112.0,15572.0,40755.0
2025-07-19_06:35:23,8382.0,11725.0,42058.0,13942.0,15572.0,40755.0
2025-07-19_06:35:24,,,,14340.0,15572.0,40755.0
2025-07-19_06:35:27,3375.0,11725.0,42058.0,12159.0,15572.0,40755.0
2025-07-19_06:35:27,9933.0,11729.0,42062.0,14132.0,15572.0,40755.0
2025-07-19_06:35:28,,,,14585.0,15572.0,40756.0
2025-07-19_06:35:31,3358.0,11729.0,42062.0,12193.0,15572.0,40756.0
2025-07-19_06:35:32,,,,13989.0,15572.0,40756.0
2025-07-19_06:35:35,3375.0,11729.0,42062.0,12194.0,15572.0,40756.0
2025-07-19_06:35:35,10517.0,11729.0,42069.0,14112.0,15572.0,40756.0
2025-07-19_06:35:36,9945.0,11729.0,42070.0,14156.0,15572.0,40757.0
2025-07-19_06:35:36,,,,14314.0,15572.0,40757.0
2025-07-19_06:35:40,3375.0,11729.0,42070.0,12191.0,15572.0,40757.0
2025-07-19_06:35:40,10093.0,11729.0,42070.0,14311.0,15572.0,40757.0
2025-07-19_06:35:40,,,,,,
2025-07-19_06:35:44,2778.0,11729.0,42070.0,3776.0,15572.0,40757.0
2025-07-19_06:35:45,9246.0,11729.0,42070.0,13921.0,15572.0,40757.0
2025-07-19_06:35:45,10196.0,11729.0,42071.0,14043.0,15572.0,40757.0
2025-07-19_06:35:45,10224.0,11729.0,42071.0,14166.0,15572.0,40757.0
2025-07-19_06:35:45,,,,,,
2025-07-19_06:35:49,6963.0,11729.0,42071.0,3793.0,15572.0,40757.0
2025-07-19_06:35:49,,,,13551.0,15572.0,40757.0
2025-07-19_06:35:53,3302.0,11729.0,42071.0,12193.0,15572.0,40757.0
2025-07-19_06:35:53,,,,13835.0,15572.0,40771.0
2025-07-19_06:35:57,2778.0,11729.0,42071.0,12185.0,15572.0,40771.0
2025-07-19_06:35:57,9882.0,11729.0,42071.0,14107.0,15572.0,40771.0
2025-07-19_06:35:58,10084.0,11729.0,42074.0,14295.0,15572.0,40771.0
2025-07-19_06:35:58,,,,14108.0,15572.0,40773.0
2025-07-19_06:36:01,3358.0,11729.0,42074.0,12190.0,15572.0,40773.0
2025-07-19_06:36:02,9990.0,11729.0,42076.0,13937.0,15572.0,40773.0
2025-07-19_06:36:02,10205.0,11729.0,42078.0,14617.0,15572.0,40820.0
2025-07-19_06:36:02,10192.0,11729.0,42095.0,14630.0,15572.0,40820.0
2025-07-19_06:36:02,10079.0,11729.0,42095.0,14491.0,15572.0,40820.0
2025-07-19_06:36:03,,,,,,
2025-07-19_06:36:06,6972.0,11729.0,42095.0,3793.0,15572.0,40820.0
2025-07-19_06:36:07,10100.0,11729.0,42095.0,14367.0,15572.0,40820.0
2025-07-19_06:36:07,8564.0,11729.0,42096.0,13944.0,15572.0,40820.0
2025-07-19_06:36:07,9815.0,11729.0,42097.0,14274.0,15572.0,40820.0
2025-07-19_06:36:07,10094.0,11731.0,42100.0,14317.0,15572.0,40820.0
2025-07-19_06:36:07,10074.0,11731.0,42102.0,14427.0,15572.0,40821.0
2025-07-19_06:36:08,,,,14414.0,15572.0,40822.0
2025-07-19_06:36:11,3375.0,11731.0,42102.0,12199.0,15572.0,40822.0
2025-07-19_06:36:12,10196.0,11731.0,42102.0,14308.0,15572.0,40822.0
2025-07-19_06:36:12,9261.0,11731.0,42102.0,14109.0,15572.0,40822.0
2025-07-19_06:36:12,10175.0,11731.0,42102.0,14182.0,15572.0,40822.0
2025-07-19_06:36:12,9910.0,11731.0,42102.0,14107.0,15572.0,40822.0
2025-07-19_06:36:12,10263.0,11731.0,42102.0,13934.0,15572.0,40824.0
2025-07-19_06:36:13,10349.0,11731.0,42102.0,14574.0,15572.0,40824.0
2025-07-19_06:36:13,,,,14040.0,15572.0,40824.0
2025-07-19_06:36:17,3358.0,11731.0,42102.0,12190.0,15572.0,40824.0
2025-07-19_06:36:17,,,,,,
2025-07-19_06:36:21,6967.0,11731.0,42102.0,3792.0,15572.0,40824.0
2025-07-19_06:36:21,10130.0,11731.0,42102.0,14324.0,15572.0,40824.0
2025-07-19_06:36:21,10241.0,11731.0,42102.0,14360.0,15572.0,40824.0
2025-07-19_06:36:21,10119.0,11731.0,42103.0,14398.0,15572.0,40824.0
2025-07-19_06:36:21,9884.0,11731.0,42103.0,14283.0,15572.0,40824.0
2025-07-19_06:36:22,,,,14092.0,15572.0,40824.0
2025-07-19_06:36:26,2778.0,11731.0,42103.0,12187.0,15572.0,40824.0
2025-07-19_06:36:26,9802.0,11731.0,42103.0,14127.0,15572.0,40824.0
2025-07-19_06:36:26,10052.0,11731.0,42103.0,14360.0,15572.0,40824.0
2025-07-19_06:36:26,10147.0,11731.0,42107.0,14301.0,15572.0,40892.0
2025-07-19_06:36:26,9910.0,11731.0,42107.0,14363.0,15572.0,40892.0
2025-07-19_06:36:27,,,,13937.0,15572.0,40892.0
2025-07-19_06:36:30,3302.0,11731.0,42107.0,12180.0,15572.0,40892.0
2025-07-19_06:36:30,10202.0,11731.0,42107.0,14348.0,15572.0,40892.0
2025-07-19_06:36:31,,,,14111.0,15572.0,40892.0
2025-07-19_06:36:35,2778.0,11731.0,42107.0,12193.0,15572.0,40892.0
2025-07-19_06:36:35,,,,14539.0,15572.0,40895.0
2025-07-19_06:36:39,2778.0,11731.0,42107.0,12189.0,15572.0,40895.0
2025-07-19_06:36:39,9726.0,11731.0,42108.0,14100.0,15572.0,40895.0
2025-07-19_06:36:39,9904.0,11731.0,42108.0,13967.0,15572.0,40896.0
2025-07-19_06:36:39,10256.0,11731.0,42121.0,14535.0,15572.0,40896.0
2025-07-19_06:36:40,,,,14293.0,15572.0,40896.0
2025-07-19_06:36:43,2778.0,11731.0,42121.0,12191.0,15572.0,40896.0
2025-07-19_06:36:44,,,,14284.0,15572.0,40896.0
2025-07-19_06:36:48,2778.0,11731.0,42121.0,12200.0,15572.0,40896.0
2025-07-19_06:36:48,9916.0,11731.0,42121.0,14138.0,15572.0,40896.0
2025-07-19_06:36:48,,,,14468.0,15572.0,40896.0
2025-07-19_06:36:52,3358.0,11731.0,42121.0,12165.0,15572.0,40896.0
2025-07-19_06:36:52,9623.0,11731.0,42121.0,14093.0,15572.0,40896.0
2025-07-19_06:36:52,9975.0,11731.0,42121.0,14149.0,15572.0,40897.0
2025-07-19_06:36:52,,,,14337.0,15572.0,40902.0
2025-07-19_06:36:56,3358.0,11731.0,42121.0,12195.0,15572.0,40902.0
2025-07-19_06:36:56,9984.0,11731.0,42126.0,14145.0,15572.0,40902.0
2025-07-19_06:36:56,,,,,,
2025-07-19_06:37:00,6968.0,11731.0,42126.0,3792.0,15572.0,40902.0
2025-07-19_06:37:01,,,,,,
2025-07-19_06:37:04,6955.0,11731.0,42127.0,3793.0,15572.0,40902.0
2025-07-19_06:37:05,10210.0,11731.0,42127.0,14307.0,15572.0,40902.0
2025-07-19_06:37:05,,,,13802.0,15572.0,40902.0
2025-07-19_06:37:08,3321.0,11731.0,42127.0,12182.0,15572.0,40902.0
2025-07-19_06:37:09,9251.0,11731.0,42127.0,13935.0,15572.0,40902.0
2025-07-19_06:37:09,10062.0,11731.0,42128.0,14497.0,15572.0,40902.0
2025-07-19_06:37:09,10152.0,11731.0,42129.0,14185.0,15572.0,40902.0
2025-07-19_06:37:09,10063.0,11731.0,42133.0,14521.0,15572.0,40902.0
2025-07-19_06:37:10,9854.0,11731.0,42133.0,14303.0,15572.0,40902.0
2025-07-19_06:37:10,9555.0,11731.0,42133.0,14384.0,15572.0,40902.0
2025-07-19_06:37:14,2778.0,11731.0,42133.0,12184.0,15572.0,40902.0
2025-07-19_06:37:14,10204.0,11731.0,42133.0,14491.0,15572.0,40902.0
2025-07-19_06:37:14,9871.0,11731.0,42133.0,13876.0,15572.0,40902.0
2025-07-19_06:37:14,,,,13620.0,15572.0,40902.0
2025-07-19_06:37:18,3302.0,11731.0,42133.0,12154.0,15572.0,40902.0
2025-07-19_06:37:18,10091.0,11731.0,42133.0,14530.0,15572.0,40902.0
2025-07-19_06:37:18,,,,,,
2025-07-19_06:37:23,2778.0,11731.0,42133.0,3776.0,15572.0,40902.0
2025-07-19_06:37:23,9265.0,11731.0,42133.0,14094.0,15572.0,40902.0
2025-07-19_06:37:23,,,,,,
2025-07-19_06:37:28,2778.0,11731.0,42133.0,3776.0,15572.0,40902.0
2025-07-19_06:37:28,10092.0,11731.0,42133.0,14362.0,15572.0,40903.0
2025-07-19_06:37:28,9978.0,11731.0,42133.0,14148.0,15572.0,40903.0
2025-07-19_06:37:28,,,,,,
2025-07-19_06:37:32,6971.0,11731.0,42133.0,3793.0,15572.0,40903.0
2025-07-19_06:37:32,10211.0,11731.0,42133.0,14329.0,15572.0,40903.0
2025-07-19_06:37:33,9796.0,11731.0,42133.0,14123.0,15572.0,40904.0
2025-07-19_06:37:33,9261.0,11731.0,42133.0,13937.0,15572.0,40904.0
2025-07-19_06:37:33,,,,14008.0,15572.0,40904.0
2025-07-19_06:37:37,3375.0,11731.0,42133.0,12160.0,15572.0,40904.0
2025-07-19_06:37:37,,,,13935.0,15572.0,40904.0
2025-07-19_06:37:41,3302.0,11731.0,42133.0,12160.0,15572.0,40904.0
2025-07-19_06:37:41,10164.0,11731.0,42133.0,14116.0,15572.0,40904.0
2025-07-19_06:37:41,10073.0,11731.0,42133.0,14307.0,15572.0,40904.0
2025-07-19_06:37:41,9932.0,11731.0,42133.0,14613.0,15572.0,40904.0
2025-07-19_06:37:42,9873.0,11731.0,42133.0,14099.0,15572.0,40904.0
2025-07-19_06:37:42,,,,14178.0,15572.0,40921.0
2025-07-19_06:37:46,2778.0,11731.0,42133.0,12187.0,15572.0,40921.0
2025-07-19_06:37:46,10278.0,11731.0,42133.0,14366.0,15572.0,40921.0
2025-07-19_06:37:46,10055.0,11731.0,42133.0,14029.0,15572.0,40921.0
2025-07-19_06:37:46,,,,13798.0,15572.0,40921.0
2025-07-19_06:37:50,3375.0,11731.0,42133.0,12166.0,15572.0,40921.0
2025-07-19_06:37:50,9658.0,11731.0,42133.0,14101.0,15572.0,40921.0
2025-07-19_06:37:50,10004.0,11731.0,42136.0,14017.0,15572.0,40921.0
2025-07-19_06:37:51,10141.0,11731.0,42137.0,14231.0,15572.0,40921.0
2025-07-19_06:37:51,10066.0,11731.0,42137.0,14315.0,15572.0,40921.0
2025-07-19_06:37:51,,,,14168.0,15572.0,40924.0
2025-07-19_06:37:55,3375.0,11731.0,42137.0,12186.0,15572.0,40924.0
2025-07-19_06:37:55,9910.0,11731.0,42143.0,14158.0,15572.0,40925.0
2025-07-19_06:37:55,9965.0,11731.0,42148.0,13974.0,15572.0,40925.0
2025-07-19_06:37:55,,,,14359.0,15572.0,40925.0
2025-07-19_06:37:59,3360.0,11731.0,42148.0,12198.0,15572.0,40925.0
2025-07-19_06:37:59,,,,13964.0,15572.0,40925.0
2025-07-19_06:38:03,3375.0,11731.0,42148.0,12189.0,15572.0,40925.0
2025-07-19_06:38:03,9297.0,11731.0,42148.0,14119.0,15572.0,40925.0
2025-07-19_06:38:03,10307.0,11731.0,42148.0,14308.0,15572.0,40925.0
2025-07-19_06:38:04,,,,14506.0,15572.0,40925.0
2025-07-19_06:38:07,3358.0,11731.0,42148.0,12198.0,15572.0,40925.0
2025-07-19_06:38:08,10027.0,11731.0,42148.0,13855.0,15572.0,40932.0
2025-07-19_06:38:08,10067.0,11731.0,42148.0,14298.0,15572.0,40932.0
2025-07-19_06:38:08,10617.0,11996.0,42441.0,15345.0,16102.0,41639.0
2025-07-19_06:38:08,,,,,,
2025-07-19_06:38:12,6968.0,11996.0,42441.0,3792.0,16102.0,41639.0
2025-07-19_06:38:12,10076.0,11996.0,42441.0,14306.0,16102.0,41639.0
2025-07-19_06:38:13,10011.0,11996.0,42441.0,14140.0,16102.0,41646.0
2025-07-19_06:38:13,,,,14468.0,16102.0,41646.0
2025-07-19_06:38:16,3375.0,11996.0,42441.0,12182.0,16102.0,41646.0
2025-07-19_06:38:17,9193.0,11996.0,42441.0,13964.0,16102.0,41646.0
2025-07-19_06:38:17,10120.0,11996.0,42441.0,14362.0,16102.0,41646.0
2025-07-19_06:38:17,10308.0,11996.0,42443.0,14122.0,16102.0,41646.0
2025-07-19_06:38:17,10740.0,11996.0,42481.0,15050.0,16114.0,41708.0
2025-07-19_06:38:18,9819.0,11996.0,42481.0,14233.0,16114.0,41708.0
2025-07-19_06:38:18,,,,15295.0,16114.0,41741.0
2025-07-19_06:38:22,3358.0,11996.0,42481.0,12192.0,16114.0,41741.0
2025-07-19_06:38:22,9967.0,11996.0,42481.0,13952.0,16114.0,41741.0
2025-07-19_06:38:22,10294.0,11996.0,42481.0,14547.0,16114.0,41741.0
2025-07-19_06:38:22,10021.0,11996.0,42485.0,13798.0,16114.0,41741.0
2025-07-19_06:38:22,10096.0,11996.0,42485.0,14170.0,16114.0,41741.0
2025-07-19_06:38:23,9723.0,11996.0,42485.0,14104.0,16114.0,41741.0
2025-07-19_06:38:23,9269.0,11996.0,42485.0,14097.0,16114.0,41743.0
2025-07-19_06:38:23,9094.0,11996.0,42485.0,13791.0,16114.0,41743.0
2025-07-19_06:38:23,,,,,,
2025-07-19_06:38:27,6961.0,11996.0,42485.0,3792.0,16114.0,41743.0
2025-07-19_06:38:27,8533.0,11996.0,42485.0,14181.0,16114.0,41743.0
2025-07-19_06:38:28,,,,,,
2025-07-19_06:38:31,6964.0,11996.0,42485.0,3793.0,16114.0,41743.0
2025-07-19_06:38:32,10582.0,11996.0,42485.0,14592.0,16114.0,41747.0
2025-07-19_06:38:32,10121.0,11996.0,42486.0,14470.0,16114.0,41747.0
2025-07-19_06:38:32,,,,13968.0,16114.0,41747.0
2025-07-19_06:38:36,3319.0,11996.0,42486.0,12185.0,16114.0,41747.0
2025-07-19_06:38:36,10188.0,11996.0,42486.0,14356.0,16114.0,41747.0
2025-07-19_06:38:36,8533.0,11996.0,42486.0,13898.0,16114.0,41747.0
2025-07-19_06:38:36,10136.0,11996.0,42486.0,14135.0,16115.0,41748.0
2025-07-19_06:38:37,9972.0,11996.0,42486.0,13984.0,16115.0,41748.0
2025-07-19_06:38:40,2778.0,11996.0,42486.0,12186.0,16115.0,41748.0
2025-07-19_06:38:41,9688.0,11996.0,42486.0,13971.0,16115.0,41748.0
2025-07-19_06:38:41,,,,,,
2025-07-19_06:38:45,6955.0,11996.0,42486.0,3793.0,16115.0,41748.0
2025-07-19_06:38:45,,,,13934.0,16115.0,41748.0
2025-07-19_06:38:49,3321.0,11996.0,42486.0,12190.0,16115.0,41748.0
2025-07-19_06:38:49,9459.0,11996.0,42487.0,13966.0,16115.0,41749.0
2025-07-19_06:38:49,10105.0,11996.0,42488.0,14333.0,16115.0,41749.0
2025-07-19_06:38:49,9907.0,11996.0,42488.0,14098.0,16115.0,41749.0
2025-07-19_06:38:50,,,,,,
2025-07-19_06:38:53,6965.0,11996.0,42488.0,3793.0,16115.0,41749.0
2025-07-19_06:38:54,9755.0,11996.0,42488.0,14084.0,16115.0,41749.0
2025-07-19_06:38:54,10247.0,11996.0,42488.0,14405.0,16115.0,41749.0
2025-07-19_06:38:54,10308.0,11996.0,42491.0,14538.0,16115.0,41749.0
2025-07-19_06:38:54,,,,,,
2025-07-19_06:38:58,6968.0,11996.0,42491.0,3793.0,16115.0,41749.0
2025-07-19_06:38:58,,,,,,
2025-07-19_06:39:02,6969.0,11996.0,42491.0,3792.0,16115.0,41749.0
2025-07-19_06:39:02,,,,13972.0,16115.0,41749.0
2025-07-19_06:39:06,3358.0,11996.0,42491.0,12169.0,16115.0,41749.0
2025-07-19_06:39:06,,,,,,
2025-07-19_06:39:10,6943.0,11996.0,42625.0,3793.0,16115.0,41749.0
2025-07-19_06:39:10,,,,,,
2025-07-19_06:39:14,6970.0,11996.0,42625.0,3793.0,16115.0,41749.0
2025-07-19_06:39:14,9688.0,11996.0,42625.0,13799.0,16115.0,41749.0
2025-07-19_06:39:15,9603.0,11996.0,42625.0,13969.0,16115.0,41749.0
2025-07-19_06:39:15,9644.0,11996.0,42626.0,13989.0,16115.0,41749.0
2025-07-19_06:39:15,9683.0,11996.0,42626.0,14147.0,16115.0,41749.0
2025-07-19_06:39:15,9676.0,11996.0,42626.0,14162.0,16115.0,41749.0
2025-07-19_06:39:15,,,,14195.0,16115.0,41749.0
2025-07-19_06:39:19,3375.0,11996.0,42626.0,12179.0,16115.0,41749.0
2025-07-19_06:39:19,9843.0,11996.0,42628.0,14263.0,16115.0,41750.0
2025-07-19_06:39:20,,,,,,
2025-07-19_06:39:23,6972.0,11996.0,42629.0,3793.0,16115.0,41750.0
2025-07-19_06:39:24,9154.0,11996.0,42629.0,13974.0,16115.0,41750.0
2025-07-19_06:39:24,9529.0,11996.0,42629.0,14132.0,16115.0,41750.0
2025-07-19_06:39:24,9585.0,11996.0,42629.0,13984.0,16115.0,41750.0
2025-07-19_06:39:24,9629.0,11996.0,42629.0,14024.0,16115.0,41750.0
2025-07-19_06:39:25,9676.0,11996.0,42632.0,14021.0,16115.0,41750.0
2025-07-19_06:39:25,,,,14048.0,16115.0,41750.0
2025-07-19_06:39:29,3319.0,11996.0,42632.0,12161.0,16115.0,41750.0
2025-07-19_06:39:29,,,,14090.0,16115.0,41750.0
2025-07-19_06:39:32,3375.0,11996.0,42632.0,12192.0,16115.0,41750.0
2025-07-19_06:39:33,10399.0,11996.0,42634.0,14044.0,16157.0,41859.0
2025-07-19_06:39:33,9994.0,11996.0,42635.0,14139.0,16157.0,41859.0
2025-07-19_06:39:33,9256.0,11996.0,42635.0,13808.0,16157.0,41859.0
2025-07-19_06:39:33,8702.0,11996.0,42638.0,14169.0,16157.0,41859.0
2025-07-19_06:39:34,8614.0,11996.0,42638.0,14363.0,16157.0,41859.0
2025-07-19_06:39:34,8719.0,11997.0,42639.0,14268.0,16157.0,41859.0
2025-07-19_06:39:34,9666.0,11997.0,42639.0,14177.0,16157.0,41859.0
2025-07-19_06:39:34,,,,14028.0,16157.0,41859.0
2025-07-19_06:39:38,2778.0,11997.0,42639.0,12192.0,16157.0,41859.0
2025-07-19_06:39:38,,,,,,
2025-07-19_06:39:42,6963.0,11997.0,42639.0,3792.0,16157.0,41859.0
2025-07-19_06:39:42,10016.0,11997.0,42641.0,14287.0,16157.0,41859.0
2025-07-19_06:39:43,9318.0,11997.0,42641.0,14057.0,16157.0,41859.0
2025-07-19_06:39:43,9405.0,11997.0,42641.0,13940.0,16157.0,41859.0
2025-07-19_06:39:43,10572.0,11997.0,42642.0,15009.0,16161.0,41938.0
2025-07-19_06:39:43,9730.0,11997.0,42644.0,14014.0,16161.0,41938.0
2025-07-19_06:39:43,9820.0,11997.0,42644.0,14041.0,16161.0,41938.0
2025-07-19_06:39:44,10165.0,11997.0,42646.0,14207.0,16161.0,41939.0
2025-07-19_06:39:44,,,,14030.0,16161.0,41939.0
2025-07-19_06:39:48,3319.0,11997.0,42646.0,12191.0,16161.0,41939.0
2025-07-19_06:39:48,8632.0,11997.0,42649.0,13904.0,16161.0,41939.0
2025-07-19_06:39:48,8555.0,11997.0,42649.0,14140.0,16161.0,41939.0
2025-07-19_06:39:48,9466.0,11997.0,42649.0,14203.0,16161.0,41939.0
2025-07-19_06:39:48,,,,13789.0,16161.0,41939.0
2025-07-19_06:39:52,3358.0,11997.0,42649.0,12196.0,16161.0,41939.0
2025-07-19_06:39:52,9932.0,11998.0,42654.0,14380.0,16161.0,41939.0
2025-07-19_06:39:52,10180.0,11998.0,42655.0,14060.0,16161.0,41941.0
2025-07-19_06:39:53,9791.0,11998.0,42656.0,14054.0,16161.0,41941.0
2025-07-19_06:39:53,,,,14349.0,16161.0,41941.0
2025-07-19_06:39:57,3375.0,11998.0,42656.0,12158.0,16161.0,41941.0
2025-07-19_06:39:57,9941.0,11998.0,42660.0,14174.0,16161.0,41941.0
2025-07-19_06:39:57,9636.0,11998.0,42660.0,14202.0,16161.0,41941.0
2025-07-19_06:39:57,,,,,,
2025-07-19_06:40:01,6963.0,11998.0,42660.0,3795.0,16161.0,41941.0
2025-07-19_06:40:01,10190.0,11998.0,42743.0,14326.0,16161.0,41941.0
2025-07-19_06:40:02,,,,13241.0,16161.0,41941.0
2025-07-19_06:40:05,2778.0,11998.0,42743.0,12171.0,16161.0,41941.0
2025-07-19_06:40:06,,,,,,
2025-07-19_06:40:09,6960.0,11998.0,42743.0,3793.0,16161.0,41941.0
2025-07-19_06:40:10,,,,,,
2025-07-19_06:40:13,,,,3791.0,16161.0,41955.0
2025-07-19_06:40:17,2780.0,11998.0,42743.0,12193.0,16161.0,41955.0
2025-07-19_06:40:18,,,,,,
2025-07-19_06:40:21,6957.0,11998.0,42743.0,3793.0,16161.0,41955.0
2025-07-19_06:40:22,9341.0,11998.0,42743.0,14024.0,16161.0,41955.0
2025-07-19_06:40:22,,,,14093.0,16161.0,41955.0
2025-07-19_06:40:25,3302.0,11998.0,42743.0,12194.0,16161.0,41955.0
2025-07-19_06:40:26,,,,14318.0,16161.0,41955.0
2025-07-19_06:40:30,2778.0,11998.0,42743.0,12162.0,16161.0,41955.0
2025-07-19_06:40:30,9031.0,11998.0,42743.0,13787.0,16161.0,41955.0
2025-07-19_06:40:30,9908.0,11998.0,42744.0,14200.0,16161.0,41955.0
2025-07-19_06:40:31,2778.0,11998.0,42744.0,12188.0,16161.0,41955.0
2025-07-19_06:40:31,,,,,,
2025-07-19_06:40:35,6963.0,11998.0,42744.0,3789.0,16161.0,41955.0
2025-07-19_06:40:35,,,,14477.0,16161.0,41957.0
2025-07-19_06:40:39,3375.0,11998.0,42744.0,12149.0,16161.0,41957.0
2025-07-19_06:40:39,,,,,,
2025-07-19_06:40:43,6964.0,11998.0,42744.0,3794.0,16161.0,41957.0
2025-07-19_06:40:43,9563.0,11998.0,42744.0,14188.0,16161.0,41957.0
2025-07-19_06:40:43,,,,13767.0,16161.0,41957.0
2025-07-19_06:40:47,3375.0,11998.0,42744.0,12186.0,16161.0,41957.0
2025-07-19_06:40:47,,,,14164.0,16161.0,41957.0
2025-07-19_06:40:51,3358.0,11998.0,42744.0,12150.0,16161.0,41957.0
2025-07-19_06:40:51,,,,14266.0,16161.0,41957.0
2025-07-19_06:40:55,2780.0,11998.0,42744.0,12187.0,16161.0,41957.0
2025-07-19_06:40:55,10164.0,11998.0,42744.0,14015.0,16161.0,41957.0
2025-07-19_06:40:55,,,,14211.0,16161.0,41957.0
2025-07-19_06:40:59,3377.0,11998.0,42744.0,12185.0,16161.0,41957.0
2025-07-19_06:40:59,9240.0,11998.0,42744.0,13919.0,16161.0,41957.0
2025-07-19_06:40:59,9924.0,11998.0,42748.0,14193.0,16161.0,41957.0
2025-07-19_06:41:00,9708.0,11998.0,42748.0,14321.0,16161.0,41957.0
2025-07-19_06:41:00,8511.0,11998.0,42748.0,13985.0,16161.0,41957.0
2025-07-19_06:41:00,,,,13811.0,16161.0,41957.0
2025-07-19_06:41:04,3319.0,11998.0,42748.0,12193.0,16161.0,41957.0
2025-07-19_06:41:04,9587.0,11998.0,42748.0,13979.0,16161.0,41957.0
2025-07-19_06:41:04,,,,14523.0,16161.0,41957.0
2025-07-19_06:41:08,3319.0,11998.0,42748.0,12157.0,16161.0,41957.0
2025-07-19_06:41:08,9693.0,11998.0,42748.0,14314.0,16161.0,41957.0
2025-07-19_06:41:08,,,,14276.0,16161.0,41957.0
2025-07-19_06:41:12,2778.0,11998.0,42748.0,12171.0,16161.0,41957.0
2025-07-19_06:41:12,9650.0,11998.0,42748.0,14141.0,16161.0,41957.0
2025-07-19_06:41:13,9295.0,11998.0,42748.0,13940.0,16161.0,41957.0
2025-07-19_06:41:13,8605.0,11998.0,42771.0,14077.0,16161.0,41957.0
2025-07-19_06:41:13,,,,12837.0,16161.0,41967.0
2025-07-19_06:41:17,2778.0,11998.0,42771.0,12184.0,16161.0,41967.0
2025-07-19_06:41:17,9668.0,11998.0,42771.0,14094.0,16161.0,41967.0
2025-07-19_06:41:17,,,,,,
2025-07-19_06:41:21,6957.0,11998.0,42771.0,3793.0,16161.0,41967.0
2025-07-19_06:41:21,9611.0,11998.0,42771.0,14484.0,16161.0,41967.0
2025-07-19_06:41:22,,,,14316.0,16161.0,41967.0
2025-07-19_06:41:25,3377.0,11998.0,42771.0,12185.0,16161.0,41967.0
2025-07-19_06:41:26,,,,,,
2025-07-19_06:41:29,6954.0,11998.0,42771.0,3793.0,16161.0,41967.0
2025-07-19_06:41:30,8676.0,11998.0,42772.0,14116.0,16161.0,42025.0
2025-07-19_06:41:30,,,,,,
2025-07-19_06:41:34,6964.0,11998.0,42775.0,3793.0,16161.0,42025.0
2025-07-19_06:41:34,9801.0,11998.0,42775.0,14024.0,16161.0,42025.0
2025-07-19_06:41:34,10005.0,11998.0,42775.0,14089.0,16161.0,42025.0
2025-07-19_06:41:34,9589.0,11998.0,42775.0,14228.0,16161.0,42025.0
2025-07-19_06:41:34,,,,,,
2025-07-19_06:41:38,6949.0,11998.0,42775.0,3793.0,16161.0,42025.0
2025-07-19_06:41:38,8972.0,11998.0,42775.0,14017.0,16161.0,42025.0
2025-07-19_06:41:39,9773.0,11998.0,42775.0,14225.0,16161.0,42025.0
2025-07-19_06:41:39,9326.0,11998.0,42775.0,13680.0,16161.0,42025.0
2025-07-19_06:41:39,,,,,,
2025-07-19_06:41:43,6963.0,11998.0,42775.0,3792.0,16161.0,42025.0
2025-07-19_06:41:43,9855.0,11998.0,42776.0,14079.0,16161.0,42026.0
2025-07-19_06:41:43,9828.0,11998.0,42776.0,13858.0,16161.0,42026.0
2025-07-19_06:41:44,9848.0,11998.0,42776.0,14257.0,16161.0,42026.0
2025-07-19_06:41:44,,,,13679.0,16161.0,42026.0
2025-07-19_06:41:47,3375.0,11998.0,42776.0,12187.0,16161.0,42026.0
2025-07-19_06:41:48,,,,,,
2025-07-19_06:41:52,2778.0,11998.0,42776.0,3776.0,16161.0,42026.0
2025-07-19_06:41:52,9944.0,11998.0,42784.0,14387.0,16161.0,42026.0
2025-07-19_06:41:53,9135.0,11998.0,42784.0,13987.0,16161.0,42026.0
2025-07-19_06:41:53,8561.0,11998.0,42784.0,13659.0,16161.0,42026.0
2025-07-19_06:41:53,10073.0,11998.0,42786.0,14531.0,16161.0,42026.0
2025-07-19_06:41:53,8104.0,11998.0,42786.0,13310.0,16161.0,42033.0
2025-07-19_06:41:53,8682.0,11998.0,42786.0,14273.0,16161.0,42033.0
2025-07-19_06:41:54,9675.0,11998.0,42788.0,14362.0,16161.0,42033.0
2025-07-19_06:41:54,10001.0,11998.0,42798.0,14543.0,16161.0,42033.0
2025-07-19_06:41:54,9246.0,11998.0,42810.0,13790.0,16161.0,42033.0
2025-07-19_06:41:54,9413.0,11998.0,42810.0,13929.0,16161.0,42033.0
2025-07-19_06:41:54,9788.0,11998.0,42810.0,14213.0,16161.0,42033.0
2025-07-19_06:41:55,8618.0,11998.0,42810.0,14201.0,16161.0,42033.0
2025-07-19_06:41:55,9591.0,12000.0,42812.0,13982.0,16161.0,42033.0
2025-07-19_06:41:55,,,,13996.0,16161.0,42033.0
2025-07-19_06:41:59,3358.0,12000.0,42812.0,12193.0,16161.0,42033.0
2025-07-19_06:41:59,,,,13719.0,16161.0,42033.0
2025-07-19_06:42:03,3319.0,12000.0,42812.0,12186.0,16161.0,42033.0
2025-07-19_06:42:03,9666.0,12000.0,42812.0,13797.0,16161.0,42033.0
2025-07-19_06:42:03,9885.0,12000.0,42812.0,14223.0,16161.0,42033.0
2025-07-19_06:42:03,9685.0,12000.0,42812.0,13751.0,16161.0,42033.0
2025-07-19_06:42:04,,,,14275.0,16161.0,42033.0
2025-07-19_06:42:07,2778.0,12000.0,42812.0,12191.0,16161.0,42033.0
2025-07-19_06:42:08,8646.0,12000.0,42812.0,14206.0,16161.0,42034.0
2025-07-19_06:42:08,9155.0,12000.0,42812.0,13978.0,16161.0,42034.0
2025-07-19_06:42:08,9811.0,12000.0,42812.0,14234.0,16161.0,42034.0
2025-07-19_06:42:08,9669.0,12000.0,42812.0,14148.0,16161.0,42034.0
2025-07-19_06:42:09,10188.0,12000.0,42812.0,14127.0,16161.0,42034.0
2025-07-19_06:42:09,,,,13830.0,16161.0,42034.0
2025-07-19_06:42:13,,,,,,
2025-07-19_06:42:16,6968.0,12000.0,42812.0,3793.0,16161.0,42034.0
2025-07-19_06:42:17,,,,,,
2025-07-19_06:42:20,6959.0,12000.0,42812.0,3793.0,16161.0,42034.0
2025-07-19_06:42:21,8676.0,12000.0,42812.0,13956.0,16161.0,42034.0
2025-07-19_06:42:21,9839.0,12000.0,42812.0,14256.0,16161.0,42034.0
2025-07-19_06:42:21,9854.0,12000.0,42812.0,14080.0,16161.0,42034.0
2025-07-19_06:42:21,9837.0,12000.0,42812.0,14264.0,16161.0,42034.0
2025-07-19_06:42:21,,,,14064.0,16161.0,42034.0
2025-07-19_06:42:25,3319.0,12000.0,42812.0,12163.0,16161.0,42034.0
2025-07-19_06:42:25,9684.0,12000.0,42812.0,14270.0,16161.0,42038.0
2025-07-19_06:42:26,9803.0,12000.0,42812.0,13989.0,16161.0,42038.0
2025-07-19_06:42:26,10119.0,12000.0,42812.0,14146.0,16161.0,42039.0
2025-07-19_06:42:26,,,,14324.0,16161.0,42039.0
2025-07-19_06:42:30,3375.0,12000.0,42812.0,12177.0,16161.0,42039.0
2025-07-19_06:42:30,,,,,,
2025-07-19_06:42:34,6963.0,12000.0,42812.0,3793.0,16161.0,42039.0
2025-07-19_06:42:34,,,,,,
2025-07-19_06:42:38,6966.0,12000.0,42812.0,3792.0,16161.0,42039.0
2025-07-19_06:42:38,9845.0,12000.0,42812.0,14197.0,16161.0,42041.0
2025-07-19_06:42:38,9603.0,12000.0,42813.0,14023.0,16161.0,42041.0
2025-07-19_06:42:38,9649.0,12000.0,42815.0,14187.0,16161.0,42041.0
2025-07-19_06:42:39,9810.0,12000.0,42815.0,14053.0,16161.0,42041.0
2025-07-19_06:42:39,9989.0,12000.0,42816.0,14383.0,16161.0,42041.0
2025-07-19_06:42:39,9599.0,12000.0,42816.0,13969.0,16161.0,42041.0
2025-07-19_06:42:39,8529.0,12000.0,42816.0,13993.0,16161.0,42041.0
2025-07-19_06:42:40,9681.0,12000.0,42816.0,14075.0,16161.0,42041.0
2025-07-19_06:42:40,9667.0,12000.0,42816.0,13973.0,16161.0,42041.0
2025-07-19_06:42:40,10011.0,12000.0,42816.0,14429.0,16161.0,42041.0
2025-07-19_06:42:40,8004.0,12000.0,42837.0,13055.0,16161.0,42041.0
2025-07-19_06:42:40,9417.0,12000.0,42837.0,13918.0,16161.0,42041.0
2025-07-19_06:42:41,9480.0,12000.0,42839.0,13828.0,16161.0,42041.0
2025-07-19_06:42:41,9835.0,12000.0,42839.0,13996.0,16161.0,42041.0
2025-07-19_06:42:41,10011.0,12000.0,42839.0,14078.0,16161.0,42044.0
2025-07-19_06:42:41,8683.0,12000.0,42849.0,14236.0,16161.0,42044.0
2025-07-19_06:42:42,9992.0,12000.0,42849.0,13985.0,16161.0,42044.0
2025-07-19_06:42:42,10221.0,12000.0,42860.0,14066.0,16161.0,42046.0
2025-07-19_06:42:42,9600.0,12000.0,42860.0,13973.0,16161.0,42046.0
2025-07-19_06:42:42,9618.0,12000.0,42860.0,14277.0,16161.0,42046.0
2025-07-19_06:42:43,,,,13788.0,16161.0,42046.0
2025-07-19_06:42:46,3375.0,12000.0,42860.0,12159.0,16161.0,42046.0
2025-07-19_06:42:46,,,,13607.0,16161.0,42046.0
2025-07-19_06:42:50,3358.0,12000.0,42860.0,12198.0,16161.0,42046.0
2025-07-19_06:42:50,9900.0,12000.0,42865.0,14005.0,16161.0,42046.0
2025-07-19_06:42:51,8515.0,12000.0,42865.0,13042.0,16161.0,42046.0
2025-07-19_06:42:51,9797.0,12000.0,42865.0,14231.0,16161.0,42046.0
2025-07-19_06:42:51,8520.0,12000.0,42865.0,13849.0,16161.0,42046.0
2025-07-19_06:42:51,9681.0,12000.0,42865.0,13820.0,16161.0,42046.0
2025-07-19_06:42:51,9614.0,12000.0,42865.0,14019.0,16161.0,42046.0
2025-07-19_06:42:52,,,,,,
2025-07-19_06:42:55,6966.0,12000.0,42865.0,3793.0,16161.0,42046.0
2025-07-19_06:42:56,9661.0,12000.0,42865.0,14338.0,16161.0,42046.0
2025-07-19_06:42:56,9855.0,12000.0,42865.0,14048.0,16161.0,42046.0
2025-07-19_06:42:56,9589.0,12000.0,42865.0,13961.0,16161.0,42046.0
2025-07-19_06:42:56,9246.0,12000.0,42865.0,14134.0,16161.0,42046.0
2025-07-19_06:42:57,9775.0,12000.0,42865.0,14216.0,16161.0,42046.0
2025-07-19_06:42:57,,,,,,
2025-07-19_06:43:01,6960.0,12000.0,42865.0,3792.0,16161.0,42046.0
2025-07-19_06:43:01,8611.0,12000.0,42868.0,14079.0,16161.0,42046.0
2025-07-19_06:43:01,9465.0,12000.0,42868.0,13923.0,16161.0,42046.0
2025-07-19_06:43:01,9051.0,12000.0,42868.0,13966.0,16161.0,42046.0
2025-07-19_06:43:01,,,,,,
2025-07-19_06:43:05,6966.0,12000.0,42868.0,3793.0,16161.0,42046.0
2025-07-19_06:43:05,9766.0,12000.0,42868.0,14060.0,16161.0,42046.0
2025-07-19_06:43:06,10257.0,12000.0,42868.0,14415.0,16161.0,42046.0
2025-07-19_06:43:06,9655.0,12000.0,42868.0,13916.0,16161.0,42046.0
2025-07-19_06:43:06,10040.0,12000.0,42881.0,14342.0,16161.0,42046.0
2025-07-19_06:43:06,,,,12894.0,16161.0,42046.0
2025-07-19_06:43:10,2778.0,12000.0,42881.0,12188.0,16161.0,42046.0
2025-07-19_06:43:10,9672.0,12000.0,42881.0,14006.0,16161.0,42046.0
2025-07-19_06:43:11,10422.0,12000.0,42884.0,14733.0,16161.0,42047.0
2025-07-19_06:43:11,9542.0,12000.0,42884.0,14281.0,16161.0,42047.0
2025-07-19_06:43:11,9910.0,12000.0,42885.0,14359.0,16161.0,42047.0
2025-07-19_06:43:11,8611.0,12000.0,42891.0,14214.0,16161.0,42049.0
2025-07-19_06:43:12,8527.0,12000.0,42891.0,13979.0,16161.0,42049.0
2025-07-19_06:43:12,,,,14009.0,16161.0,42049.0
2025-07-19_06:43:15,3319.0,12000.0,42891.0,12185.0,16161.0,42049.0
2025-07-19_06:43:16,9474.0,12000.0,42891.0,13973.0,16161.0,42049.0
2025-07-19_06:43:16,8542.0,12000.0,42891.0,13684.0,16161.0,42049.0
2025-07-19_06:43:16,8106.0,12000.0,42892.0,13087.0,16161.0,42049.0
2025-07-19_06:43:16,9941.0,12000.0,42894.0,14025.0,16161.0,42049.0
2025-07-19_06:43:16,9629.0,12000.0,42896.0,13861.0,16161.0,42050.0
2025-07-19_06:43:17,8541.0,12000.0,42896.0,13809.0,16161.0,42050.0
2025-07-19_06:43:18,2778.0,12000.0,42896.0,12169.0,16161.0,42050.0
2025-07-19_06:43:18,9864.0,12000.0,42897.0,14401.0,16161.0,42050.0
2025-07-19_06:43:18,,,,,,
2025-07-19_06:43:22,6964.0,12000.0,42897.0,3792.0,16161.0,42050.0
2025-07-19_06:43:22,10084.0,12016.0,42966.0,14399.0,16161.0,42050.0
2025-07-19_06:43:22,8085.0,12016.0,42973.0,13339.0,16161.0,42051.0
2025-07-19_06:43:23,2778.0,12016.0,42973.0,12193.0,16161.0,42051.0
2025-07-19_06:43:23,9787.0,12016.0,42973.0,14252.0,16161.0,42051.0
2025-07-19_06:43:24,8514.0,12016.0,42973.0,14089.0,16161.0,42052.0
2025-07-19_06:43:24,,,,,,
2025-07-19_06:43:28,6966.0,12016.0,42973.0,3792.0,16161.0,42052.0
2025-07-19_06:43:28,8114.0,12016.0,42973.0,13254.0,16161.0,42053.0
2025-07-19_06:43:28,,,,14000.0,16161.0,42053.0
2025-07-19_06:43:32,3358.0,12016.0,42973.0,12174.0,16161.0,42053.0
2025-07-19_06:43:32,9908.0,12016.0,42976.0,14084.0,16161.0,42053.0
2025-07-19_06:43:32,,,,,,
2025-07-19_06:43:36,6965.0,12016.0,42976.0,3793.0,16161.0,42053.0
2025-07-19_06:43:36,8003.0,12016.0,42976.0,13046.0,16161.0,42053.0
2025-07-19_06:43:36,8704.0,12016.0,42995.0,14212.0,16161.0,42053.0
2025-07-19_06:43:37,,,,,,
2025-07-19_06:43:41,2778.0,12016.0,42995.0,3776.0,16161.0,42053.0
2025-07-19_06:43:41,9553.0,12016.0,42995.0,13976.0,16161.0,42053.0
2025-07-19_06:43:42,7958.0,12016.0,42998.0,13081.0,16161.0,42053.0
2025-07-19_06:43:42,8718.0,12016.0,42998.0,14215.0,16161.0,42053.0
2025-07-19_06:43:42,,,,,,
2025-07-19_06:43:47,2778.0,12016.0,42998.0,3776.0,16161.0,42053.0
2025-07-19_06:43:47,,,,,,
2025-07-19_06:43:51,6955.0,12016.0,42998.0,3793.0,16161.0,42053.0
2025-07-19_06:43:51,8516.0,12016.0,42999.0,13563.0,16161.0,42053.0
2025-07-19_06:43:51,9651.0,12016.0,42999.0,13796.0,16161.0,42053.0
2025-07-19_06:43:51,7977.0,12016.0,42999.0,13271.0,16161.0,42053.0
2025-07-19_06:43:51,,,,13826.0,16161.0,42053.0
2025-07-19_06:43:55,3358.0,12016.0,42999.0,12164.0,16161.0,42053.0
2025-07-19_06:43:55,10194.0,12016.0,42999.0,14355.0,16161.0,42053.0
2025-07-19_06:43:56,8682.0,12016.0,43000.0,14379.0,16161.0,42054.0
2025-07-19_06:43:56,,,,,,
2025-07-19_06:44:00,6965.0,12016.0,43000.0,3793.0,16161.0,42054.0
2025-07-19_06:44:00,,,,13930.0,16161.0,42054.0
2025-07-19_06:44:04,3319.0,12016.0,43000.0,12186.0,16161.0,42054.0
2025-07-19_06:44:04,9956.0,12016.0,43000.0,14515.0,16161.0,42054.0
2025-07-19_06:44:04,10033.0,12016.0,43000.0,14400.0,16161.0,42054.0
2025-07-19_06:44:05,,,,,,
2025-07-19_06:44:09,6971.0,12016.0,43001.0,3787.0,16161.0,42054.0
2025-07-19_06:44:09,,,,14204.0,16161.0,42054.0
2025-07-19_06:44:13,3358.0,12016.0,43001.0,12199.0,16161.0,42054.0
2025-07-19_06:44:13,7995.0,12016.0,43003.0,13279.0,16161.0,42054.0
2025-07-19_06:44:13,8112.0,12016.0,43004.0,13083.0,16161.0,42054.0
2025-07-19_06:44:13,,,,13997.0,16161.0,42054.0
2025-07-19_06:44:17,3319.0,12016.0,43004.0,12160.0,16161.0,42054.0
2025-07-19_06:44:17,8034.0,12016.0,43004.0,13045.0,16161.0,42054.0
2025-07-19_06:44:17,9635.0,12016.0,43004.0,14093.0,16161.0,42054.0
2025-07-19_06:44:18,,,,13813.0,16161.0,42057.0
2025-07-19_06:44:21,3304.0,12016.0,43004.0,12174.0,16161.0,42057.0
2025-07-19_06:44:22,,,,14298.0,16161.0,42057.0
2025-07-19_06:44:25,2780.0,12016.0,43004.0,12183.0,16161.0,42057.0
2025-07-19_06:44:26,9833.0,12016.0,43004.0,14234.0,16161.0,42057.0
2025-07-19_06:44:26,,,,13975.0,16161.0,42057.0
2025-07-19_06:44:30,3319.0,12016.0,43004.0,12196.0,16161.0,42057.0
2025-07-19_06:44:30,9172.0,12016.0,43004.0,13554.0,16161.0,42057.0
2025-07-19_06:44:30,,,,14372.0,16161.0,42061.0
2025-07-19_06:44:34,,,,,,
2025-07-19_06:44:38,6970.0,12016.0,43004.0,3792.0,16161.0,42061.0
2025-07-19_06:44:38,,,,13936.0,16161.0,42061.0
2025-07-19_06:44:42,3375.0,12016.0,43004.0,12191.0,16161.0,42061.0
2025-07-19_06:44:42,10000.0,12016.0,43005.0,14292.0,16161.0,42061.0
2025-07-19_06:44:42,9800.0,12016.0,43005.0,14268.0,16161.0,42062.0
2025-07-19_06:44:42,,,,13876.0,16161.0,42062.0
2025-07-19_06:44:46,2778.0,12016.0,43005.0,12185.0,16161.0,42062.0
2025-07-19_06:44:46,8540.0,12016.0,43005.0,13622.0,16161.0,42062.0
2025-07-19_06:44:46,,,,13984.0,16161.0,42062.0
2025-07-19_06:44:50,3319.0,12016.0,43005.0,12196.0,16161.0,42062.0
2025-07-19_06:44:50,,,,12835.0,16161.0,42062.0
2025-07-19_06:44:54,2778.0,12016.0,43005.0,12190.0,16161.0,42062.0
2025-07-19_06:44:54,9643.0,12016.0,43005.0,14264.0,16161.0,42063.0
2025-07-19_06:44:55,9812.0,12016.0,43005.0,14268.0,16161.0,42063.0
2025-07-19_06:44:55,8534.0,12016.0,43006.0,13934.0,16161.0,42063.0
2025-07-19_06:44:55,8064.0,12016.0,43006.0,13348.0,16161.0,42063.0
2025-07-19_06:44:55,10200.0,12016.0,43006.0,14489.0,16161.0,42064.0
2025-07-19_06:44:55,8067.0,12016.0,43006.0,13229.0,16161.0,42064.0
2025-07-19_06:44:56,9879.0,12016.0,43006.0,13978.0,16161.0,42064.0
2025-07-19_06:44:56,,,,,,
2025-07-19_06:45:00,2778.0,12016.0,43006.0,3776.0,16161.0,42064.0
2025-07-19_06:45:01,,,,,,
2025-07-19_06:45:05,2778.0,12016.0,43006.0,3776.0,16161.0,42064.0
2025-07-19_06:45:05,8083.0,12016.0,43006.0,13056.0,16161.0,42064.0
2025-07-19_06:45:05,9461.0,12016.0,43006.0,13976.0,16161.0,42064.0
2025-07-19_06:45:06,7946.0,12016.0,43006.0,13041.0,16161.0,42064.0
2025-07-19_06:45:06,9999.0,12016.0,43006.0,13995.0,16161.0,42064.0
2025-07-19_06:45:06,8626.0,12016.0,43027.0,14297.0,16161.0,42071.0
2025-07-19_06:45:06,7969.0,12016.0,43027.0,13260.0,16161.0,42071.0
2025-07-19_06:45:07,9866.0,12016.0,43027.0,13986.0,16161.0,42071.0
2025-07-19_06:45:07,9888.0,12016.0,43027.0,14570.0,16161.0,42071.0
2025-07-19_06:45:07,9155.0,12016.0,43028.0,13967.0,16161.0,42071.0
2025-07-19_06:45:07,9510.0,12016.0,43030.0,13953.0,16161.0,42071.0
2025-07-19_06:45:07,9682.0,12016.0,43030.0,14293.0,16161.0,42071.0
2025-07-19_06:45:08,9883.0,12016.0,43030.0,13777.0,16161.0,42071.0
2025-07-19_06:45:08,7968.0,12016.0,43031.0,13086.0,16161.0,42071.0
2025-07-19_06:45:08,,,,14041.0,16161.0,42071.0
2025-07-19_06:45:12,2778.0,12016.0,43031.0,12165.0,16161.0,42071.0
2025-07-19_06:45:12,10066.0,12016.0,43031.0,14050.0,16161.0,42071.0
2025-07-19_06:45:12,9547.0,12016.0,43031.0,13986.0,16161.0,42071.0
2025-07-19_06:45:13,,,,14037.0,16161.0,42071.0
2025-07-19_06:45:17,2778.0,12016.0,43031.0,12183.0,16161.0,42071.0
2025-07-19_06:45:17,9846.0,12016.0,43032.0,14062.0,16161.0,42071.0
2025-07-19_06:45:17,10152.0,12016.0,43035.0,14571.0,16161.0,42071.0
2025-07-19_06:45:17,9428.0,12016.0,43035.0,14208.0,16161.0,42071.0
2025-07-19_06:45:17,10315.0,12030.0,43057.0,14176.0,16161.0,42075.0
2025-07-19_06:45:18,9559.0,12030.0,43057.0,14009.0,16161.0,42075.0
2025-07-19_06:45:18,,,,14358.0,16161.0,42075.0
2025-07-19_06:45:22,3375.0,12030.0,43057.0,12164.0,16161.0,42075.0
2025-07-19_06:45:22,9604.0,12030.0,43057.0,13997.0,16161.0,42075.0
2025-07-19_06:45:22,9592.0,12030.0,43057.0,14193.0,16161.0,42075.0
2025-07-19_06:45:22,9533.0,12030.0,43057.0,14079.0,16161.0,42075.0
2025-07-19_06:45:22,,,,14053.0,16161.0,42075.0
2025-07-19_06:45:26,3319.0,12030.0,43057.0,12197.0,16161.0,42075.0
2025-07-19_06:45:26,,,,13803.0,16161.0,42075.0
2025-07-19_06:45:30,3319.0,12030.0,43057.0,12189.0,16161.0,42075.0
2025-07-19_06:45:30,9882.0,12030.0,43057.0,13979.0,16161.0,42075.0
2025-07-19_06:45:31,8913.0,12030.0,43057.0,14084.0,16161.0,42075.0
2025-07-19_06:45:31,10044.0,12047.0,43075.0,14267.0,16161.0,42075.0
2025-07-19_06:45:31,9611.0,12047.0,43075.0,14177.0,16161.0,42075.0
2025-07-19_06:45:31,8530.0,12047.0,43075.0,13524.0,16161.0,42075.0
2025-07-19_06:45:31,,,,14241.0,16161.0,42075.0
2025-07-19_06:45:35,2778.0,12047.0,43075.0,12195.0,16161.0,42075.0
2025-07-19_06:45:36,9584.0,12047.0,43075.0,14215.0,16161.0,42075.0
2025-07-19_06:45:36,,,,,,
2025-07-19_06:45:40,6968.0,12047.0,43075.0,3792.0,16161.0,42075.0
2025-07-19_06:45:40,,,,14043.0,16161.0,42075.0
2025-07-19_06:45:44,3302.0,12047.0,43075.0,12185.0,16161.0,42075.0
2025-07-19_06:45:44,9691.0,12047.0,43075.0,13976.0,16161.0,42075.0
2025-07-19_06:45:44,10088.0,12047.0,43075.0,14264.0,16161.0,42076.0
2025-07-19_06:45:44,7970.0,12047.0,43075.0,13348.0,16161.0,42076.0
2025-07-19_06:45:44,8669.0,12047.0,43075.0,14170.0,16161.0,42076.0
2025-07-19_06:45:45,9601.0,12047.0,43075.0,13967.0,16161.0,42076.0
2025-07-19_06:45:45,9899.0,12047.0,43075.0,14077.0,16161.0,42076.0
2025-07-19_06:45:45,8119.0,12047.0,43077.0,12893.0,16161.0,42076.0
2025-07-19_06:45:45,9194.0,12047.0,43079.0,14117.0,16161.0,42076.0
2025-07-19_06:45:46,8100.0,12047.0,43079.0,13265.0,16161.0,42076.0
2025-07-19_06:45:46,8743.0,12047.0,43083.0,14090.0,16161.0,42076.0
2025-07-19_06:45:46,8634.0,12047.0,43083.0,14062.0,16161.0,42076.0
2025-07-19_06:45:46,8531.0,12047.0,43083.0,14087.0,16161.0,42080.0
2025-07-19_06:45:46,8712.0,12047.0,43083.0,14400.0,16161.0,42081.0
2025-07-19_06:45:47,7960.0,12047.0,43084.0,13079.0,16161.0,42081.0
2025-07-19_06:45:47,8732.0,12047.0,43085.0,14134.0,16161.0,42081.0
2025-07-19_06:45:47,9872.0,12047.0,43087.0,13779.0,16161.0,42081.0
2025-07-19_06:45:47,9644.0,12047.0,43087.0,14228.0,16161.0,42081.0
2025-07-19_06:45:48,,,,14038.0,16161.0,42081.0
2025-07-19_06:45:51,3375.0,12047.0,43087.0,12183.0,16161.0,42081.0
2025-07-19_06:45:52,8637.0,12047.0,43087.0,14091.0,16161.0,42081.0
2025-07-19_06:45:52,,,,,,
2025-07-19_06:45:56,6964.0,12047.0,43087.0,3792.0,16161.0,42081.0
2025-07-19_06:45:56,8521.0,12047.0,43087.0,14023.0,16161.0,42090.0
2025-07-19_06:45:56,,,,14306.0,16161.0,42090.0
2025-07-19_06:46:00,3375.0,12047.0,43087.0,12166.0,16161.0,42090.0
2025-07-19_06:46:00,7992.0,12047.0,43087.0,13233.0,16161.0,42090.0
2025-07-19_06:46:00,8004.0,12047.0,43088.0,13169.0,16161.0,42090.0
2025-07-19_06:46:00,8559.0,12047.0,43088.0,13803.0,16161.0,42090.0
2025-07-19_06:46:01,8079.0,12047.0,43088.0,13081.0,16161.0,42090.0
2025-07-19_06:46:01,7964.0,12047.0,43088.0,13082.0,16161.0,42090.0
2025-07-19_06:46:01,9496.0,12047.0,43088.0,13971.0,16161.0,42090.0
2025-07-19_06:46:01,8109.0,12047.0,43088.0,13029.0,16161.0,42108.0
2025-07-19_06:46:01,9890.0,12047.0,43088.0,14078.0,16161.0,42108.0
2025-07-19_06:46:02,8077.0,12047.0,43088.0,13257.0,16161.0,42108.0
2025-07-19_06:46:02,10309.0,12047.0,43089.0,14489.0,16161.0,42108.0
2025-07-19_06:46:02,9889.0,12047.0,43100.0,14208.0,16161.0,42108.0
2025-07-19_06:46:02,9011.0,12047.0,43100.0,13986.0,16161.0,42108.0
2025-07-19_06:46:03,7970.0,12047.0,43100.0,13074.0,16161.0,42108.0
2025-07-19_06:46:03,8513.0,12047.0,43100.0,13260.0,16161.0,42108.0
2025-07-19_06:46:03,8541.0,12047.0,43100.0,13770.0,16161.0,42108.0
2025-07-19_06:46:03,9635.0,12047.0,43100.0,14055.0,16161.0,42108.0
2025-07-19_06:46:03,8083.0,12047.0,43102.0,13259.0,16161.0,42108.0
2025-07-19_06:46:04,8061.0,12047.0,43105.0,12802.0,16161.0,42108.0
2025-07-19_06:46:04,8025.0,12047.0,43105.0,13044.0,16161.0,42108.0
2025-07-19_06:46:04,9432.0,12047.0,43105.0,14208.0,16161.0,42108.0
2025-07-19_06:46:04,9832.0,12047.0,43105.0,14255.0,16161.0,42108.0
2025-07-19_06:46:05,9675.0,12047.0,43105.0,14216.0,16161.0,42108.0
2025-07-19_06:46:05,8029.0,12047.0,43105.0,13225.0,16161.0,42108.0
2025-07-19_06:46:05,8034.0,12047.0,43105.0,13052.0,16161.0,42108.0
2025-07-19_06:46:05,9454.0,12047.0,43112.0,14210.0,16161.0,42108.0
2025-07-19_06:46:05,8018.0,12047.0,43112.0,13047.0,16161.0,42108.0
2025-07-19_06:46:06,9346.0,12047.0,43112.0,13859.0,16161.0,42108.0
2025-07-19_06:46:06,,,,14218.0,16161.0,42108.0
2025-07-19_06:46:10,3358.0,12047.0,43112.0,12153.0,16161.0,42108.0
2025-07-19_06:46:10,9891.0,12047.0,43128.0,14129.0,16161.0,42108.0
2025-07-19_06:46:10,,,,13991.0,16161.0,42108.0
2025-07-19_06:46:14,3302.0,12047.0,43128.0,12169.0,16161.0,42108.0
2025-07-19_06:46:14,7976.0,12047.0,43128.0,13052.0,16161.0,42108.0
2025-07-19_06:46:14,9499.0,12047.0,43128.0,14413.0,16161.0,42108.0
2025-07-19_06:46:14,7976.0,12047.0,43128.0,13044.0,16161.0,42108.0
2025-07-19_06:46:14,7970.0,12047.0,43128.0,13233.0,16161.0,42108.0
2025-07-19_06:46:15,,,,,,
2025-07-19_06:46:19,6962.0,12047.0,43128.0,3792.0,16161.0,42108.0
2025-07-19_06:46:19,8528.0,12047.0,43128.0,14179.0,16161.0,42110.0
2025-07-19_06:46:19,10259.0,12047.0,43128.0,14170.0,16161.0,42110.0
2025-07-19_06:46:19,,,,,,
2025-07-19_06:46:23,6965.0,12047.0,43128.0,3787.0,16161.0,42110.0
2025-07-19_06:46:23,8582.0,12047.0,43133.0,14089.0,16161.0,42110.0
2025-07-19_06:46:23,,,,,,
2025-07-19_06:46:27,6970.0,12047.0,43133.0,3787.0,16161.0,42110.0
2025-07-19_06:46:27,7985.0,12047.0,43133.0,13052.0,16161.0,42110.0
2025-07-19_06:46:28,,,,,,
2025-07-19_06:46:31,6968.0,12047.0,43133.0,3793.0,16161.0,42110.0
2025-07-19_06:46:32,9653.0,12047.0,43134.0,14251.0,16161.0,42110.0
2025-07-19_06:46:32,8519.0,12047.0,43135.0,13833.0,16161.0,42110.0
2025-07-19_06:46:32,8011.0,12047.0,43135.0,13249.0,16161.0,42110.0
2025-07-19_06:46:32,9821.0,12047.0,43135.0,14009.0,16161.0,42110.0
2025-07-19_06:46:33,,,,13974.0,16161.0,42110.0
2025-07-19_06:46:36,3302.0,12047.0,43135.0,12193.0,16161.0,42110.0
2025-07-19_06:46:37,8534.0,12047.0,43135.0,13619.0,16161.0,42110.0
2025-07-19_06:46:37,8123.0,12047.0,43135.0,13246.0,16161.0,42110.0
2025-07-19_06:46:37,8547.0,12047.0,43135.0,13793.0,16161.0,42110.0
2025-07-19_06:46:37,8501.0,12047.0,43138.0,13758.0,16161.0,42110.0
2025-07-19_06:46:37,,,,,,
2025-07-19_06:46:41,6968.0,12047.0,43138.0,3792.0,16161.0,42110.0
2025-07-19_06:46:41,8620.0,12047.0,43140.0,14063.0,16161.0,42136.0
2025-07-19_06:46:42,9855.0,12047.0,43140.0,14203.0,16161.0,42137.0
2025-07-19_06:46:43,3356.0,12047.0,43140.0,12789.0,16161.0,42154.0
2025-07-19_06:46:43,7968.0,12047.0,43140.0,13238.0,16161.0,42154.0
2025-07-19_06:46:43,8115.0,12047.0,43140.0,13081.0,16161.0,42154.0
2025-07-19_06:46:43,8069.0,12047.0,43140.0,13127.0,16161.0,42154.0
2025-07-19_06:46:43,9816.0,12047.0,43140.0,13985.0,16161.0,42154.0
2025-07-19_06:46:44,9925.0,12047.0,43146.0,14053.0,16161.0,42157.0
2025-07-19_06:46:44,7963.0,12047.0,43146.0,12822.0,16161.0,42159.0
2025-07-19_06:46:45,2778.0,12047.0,43146.0,12195.0,16161.0,42159.0
2025-07-19_06:46:45,,,,,,
2025-07-19_06:46:49,6964.0,12047.0,43146.0,3792.0,16161.0,42159.0
2025-07-19_06:46:49,8533.0,12047.0,43146.0,13807.0,16161.0,42159.0
2025-07-19_06:46:49,,,,13336.0,16161.0,42160.0
2025-07-19_06:46:53,2778.0,12047.0,43146.0,12196.0,16161.0,42160.0
2025-07-19_06:46:53,8542.0,12047.0,43147.0,14019.0,16161.0,42160.0
2025-07-19_06:46:53,9933.0,12047.0,43147.0,13792.0,16161.0,42160.0
2025-07-19_06:46:54,7974.0,12047.0,43147.0,13057.0,16161.0,42160.0
2025-07-19_06:46:54,8027.0,12047.0,43147.0,13040.0,16161.0,42160.0
2025-07-19_06:46:54,9533.0,12047.0,43150.0,13780.0,16161.0,42160.0
2025-07-19_06:46:54,9690.0,12047.0,43150.0,14004.0,16161.0,42160.0
2025-07-19_06:46:55,8020.0,12047.0,43150.0,13258.0,16161.0,42160.0
2025-07-19_06:46:55,,,,,,
2025-07-19_06:46:59,6968.0,12047.0,43150.0,3793.0,16161.0,42160.0
2025-07-19_06:46:59,8549.0,12047.0,43151.0,13801.0,16161.0,42160.0
2025-07-19_06:46:59,8021.0,12047.0,43151.0,13259.0,16161.0,42160.0
2025-07-19_06:46:59,7953.0,12047.0,43168.0,13079.0,16161.0,42160.0
2025-07-19_06:47:00,,,,13655.0,16161.0,42160.0
2025-07-19_06:47:03,3358.0,12047.0,43168.0,12180.0,16161.0,42160.0
2025-07-19_06:47:03,,,,13858.0,16161.0,42160.0
2025-07-19_06:47:07,2778.0,12047.0,43168.0,12170.0,16161.0,42160.0
2025-07-19_06:47:08,,,,,,
2025-07-19_06:47:11,6963.0,12047.0,43168.0,3792.0,16161.0,42160.0
2025-07-19_06:47:12,8025.0,12047.0,43168.0,13264.0,16161.0,42160.0
2025-07-19_06:47:12,2778.0,12047.0,43168.0,12168.0,16161.0,42160.0
2025-07-19_06:47:13,,,,13938.0,16161.0,42160.0
2025-07-19_06:47:16,3360.0,12047.0,43168.0,12162.0,16161.0,42160.0
2025-07-19_06:47:16,9896.0,12047.0,43168.0,14112.0,16161.0,42160.0
2025-07-19_06:47:17,8538.0,12047.0,43169.0,13975.0,16161.0,42160.0
2025-07-19_06:47:17,8100.0,12047.0,43170.0,13521.0,16161.0,42160.0
2025-07-19_06:47:17,8059.0,12047.0,43170.0,13045.0,16161.0,42160.0
2025-07-19_06:47:17,8628.0,12047.0,43170.0,14397.0,16161.0,42160.0
2025-07-19_06:47:18,9721.0,12047.0,43170.0,13814.0,16161.0,42160.0
2025-07-19_06:47:18,8651.0,12047.0,43170.0,14205.0,16161.0,42161.0
2025-07-19_06:47:19,2778.0,12047.0,43170.0,12191.0,16161.0,42162.0
2025-07-19_06:47:19,8000.0,12047.0,43170.0,13083.0,16161.0,42162.0
2025-07-19_06:47:19,8119.0,12047.0,43175.0,13349.0,16161.0,42162.0
2025-07-19_06:47:19,8019.0,12047.0,43175.0,13071.0,16161.0,42162.0
2025-07-19_06:47:19,8016.0,12047.0,43175.0,12896.0,16161.0,42162.0
2025-07-19_06:47:20,7967.0,12047.0,43175.0,13083.0,16161.0,42162.0
2025-07-19_06:47:20,,,,13246.0,16161.0,42203.0
2025-07-19_06:47:24,2778.0,12047.0,43175.0,12157.0,16161.0,42203.0
2025-07-19_06:47:24,8019.0,12047.0,43175.0,13218.0,16161.0,42203.0
2025-07-19_06:47:24,8092.0,12047.0,43176.0,13091.0,16161.0,42203.0
2025-07-19_06:47:24,7997.0,12047.0,43176.0,13262.0,16161.0,42203.0
2025-07-19_06:47:25,8014.0,12047.0,43176.0,13050.0,16161.0,42205.0
2025-07-19_06:47:25,7973.0,12047.0,43182.0,13070.0,16161.0,42205.0
2025-07-19_06:47:25,,,,13266.0,16161.0,42205.0
2025-07-19_06:47:29,2778.0,12047.0,43182.0,12188.0,16161.0,42207.0
2025-07-19_06:47:29,8057.0,12047.0,43182.0,13263.0,16161.0,42207.0
2025-07-19_06:47:30,10018.0,12047.0,43182.0,14086.0,16161.0,42207.0
2025-07-19_06:47:30,10235.0,12047.0,43183.0,14298.0,16161.0,42207.0
2025-07-19_06:47:30,9924.0,12047.0,43184.0,14270.0,16161.0,42208.0
2025-07-19_06:47:30,8098.0,12047.0,43184.0,13050.0,16161.0,42208.0
2025-07-19_06:47:30,7971.0,12047.0,43205.0,13081.0,16161.0,42208.0
2025-07-19_06:47:31,,,,,,
2025-07-19_06:47:35,6968.0,12047.0,43205.0,3792.0,16161.0,42208.0
2025-07-19_06:47:35,,,,13789.0,16161.0,42208.0
2025-07-19_06:47:38,3319.0,12047.0,43205.0,12188.0,16161.0,42208.0
2025-07-19_06:47:39,8969.0,12047.0,43205.0,13987.0,16161.0,42208.0
2025-07-19_06:47:39,7980.0,12047.0,43205.0,13492.0,16161.0,42208.0
2025-07-19_06:47:39,9142.0,12047.0,43205.0,13964.0,16161.0,42208.0
2025-07-19_06:47:39,7978.0,12047.0,43205.0,13309.0,16161.0,42208.0
2025-07-19_06:47:40,7967.0,12047.0,43205.0,13044.0,16161.0,42208.0
2025-07-19_06:47:40,,,,,,
2025-07-19_06:47:44,6965.0,12047.0,43205.0,3786.0,16161.0,42208.0
2025-07-19_06:47:44,8530.0,12047.0,43206.0,13840.0,16161.0,42208.0
2025-07-19_06:47:44,7970.0,12047.0,43206.0,13090.0,16161.0,42208.0
2025-07-19_06:47:44,8034.0,12047.0,43206.0,13271.0,16161.0,42208.0
2025-07-19_06:47:45,8033.0,12047.0,43206.0,13229.0,16161.0,42208.0
2025-07-19_06:47:45,7956.0,12047.0,43206.0,13083.0,16161.0,42208.0
2025-07-19_06:47:45,8531.0,12047.0,43206.0,13257.0,16161.0,42208.0
2025-07-19_06:47:45,7969.0,12047.0,43206.0,13085.0,16161.0,42208.0
2025-07-19_06:47:45,8051.0,12047.0,43206.0,13261.0,16161.0,42208.0
2025-07-19_06:47:46,,,,13035.0,16161.0,42232.0
2025-07-19_06:47:50,2778.0,12047.0,43206.0,12191.0,16161.0,42232.0
2025-07-19_06:47:50,7966.0,12047.0,43206.0,13081.0,16161.0,42232.0
2025-07-19_06:47:50,8028.0,12047.0,43206.0,12868.0,16161.0,42232.0
2025-07-19_06:47:50,8092.0,12047.0,43206.0,13547.0,16161.0,42232.0
2025-07-19_06:47:50,8525.0,12047.0,43206.0,14006.0,16161.0,42232.0
2025-07-19_06:47:51,8534.0,12047.0,43207.0,13621.0,16161.0,42232.0
2025-07-19_06:47:51,8029.0,12047.0,43207.0,13084.0,16161.0,42232.0
2025-07-19_06:47:51,9856.0,12047.0,43218.0,14241.0,16161.0,42232.0
2025-07-19_06:47:51,7953.0,12047.0,43218.0,13050.0,16161.0,42232.0
2025-07-19_06:47:52,,,,,,
2025-07-19_06:47:55,6968.0,12047.0,43218.0,3792.0,16161.0,42232.0
2025-07-19_06:47:56,8484.0,12047.0,43218.0,13829.0,16161.0,42232.0
2025-07-19_06:47:56,7978.0,12047.0,43218.0,13086.0,16161.0,42232.0
2025-07-19_06:47:56,,,,,,
2025-07-19_06:48:00,6964.0,12047.0,43218.0,3786.0,16161.0,42232.0
2025-07-19_06:48:00,8111.0,12047.0,43225.0,13275.0,16161.0,42232.0
2025-07-19_06:48:00,8556.0,12047.0,43225.0,14131.0,16161.0,42232.0
2025-07-19_06:48:01,7955.0,12047.0,43225.0,13052.0,16161.0,42232.0
2025-07-19_06:48:01,,,,,,
2025-07-19_06:48:05,6967.0,12047.0,43225.0,3792.0,16161.0,42232.0
2025-07-19_06:48:05,8108.0,12047.0,43225.0,13083.0,16161.0,42232.0
2025-07-19_06:48:05,,,,13085.0,16161.0,42232.0
2025-07-19_06:48:09,2778.0,12047.0,43225.0,12191.0,16161.0,42232.0
2025-07-19_06:48:09,8582.0,12047.0,43225.0,14090.0,16161.0,42232.0
2025-07-19_06:48:09,,,,,,
2025-07-19_06:48:13,,,,3792.0,16161.0,42232.0
2025-07-19_06:48:17,2778.0,12047.0,43225.0,12193.0,16161.0,42232.0
2025-07-19_06:48:17,,,,,,
2025-07-19_06:48:21,6968.0,12047.0,43225.0,3792.0,16161.0,42232.0
2025-07-19_06:48:21,9638.0,12047.0,43225.0,14118.0,16161.0,42232.0
2025-07-19_06:48:21,,,,,,
2025-07-19_06:48:25,6965.0,12047.0,43225.0,3793.0,16161.0,42232.0
2025-07-19_06:48:25,9791.0,12047.0,43225.0,14245.0,16161.0,42232.0
2025-07-19_06:48:26,7962.0,12047.0,43225.0,13047.0,16161.0,42232.0
2025-07-19_06:48:26,8072.0,12047.0,43225.0,12813.0,16161.0,42232.0
2025-07-19_06:48:26,9856.0,12047.0,43225.0,14253.0,16161.0,42232.0
2025-07-19_06:48:26,8555.0,12047.0,43230.0,13264.0,16161.0,42232.0
2025-07-19_06:48:27,8113.0,12047.0,43233.0,12897.0,16161.0,42232.0
2025-07-19_06:48:27,8952.0,12047.0,43233.0,13798.0,16161.0,42232.0
2025-07-19_06:48:27,8052.0,12047.0,43233.0,13256.0,16161.0,42232.0
2025-07-19_06:48:27,9021.0,12047.0,43233.0,13793.0,16161.0,42232.0
2025-07-19_06:48:27,8053.0,12047.0,43233.0,13267.0,16161.0,42232.0
2025-07-19_06:48:28,8039.0,12047.0,43233.0,13049.0,16161.0,42232.0
2025-07-19_06:48:28,8662.0,12047.0,43236.0,13808.0,16161.0,42232.0
2025-07-19_06:48:28,,,,,,
2025-07-19_06:48:33,2778.0,12047.0,43236.0,3776.0,16161.0,42232.0
2025-07-19_06:48:33,8547.0,12047.0,43236.0,13832.0,16161.0,42232.0
2025-07-19_06:48:33,10345.0,12047.0,43236.0,14427.0,16161.0,42232.0
2025-07-19_06:48:33,9431.0,12047.0,43236.0,14182.0,16161.0,42232.0
2025-07-19_06:48:34,9856.0,12047.0,43236.0,13968.0,16161.0,42232.0
2025-07-19_06:48:34,8087.0,12047.0,43236.0,13076.0,16161.0,42232.0
2025-07-19_06:48:34,10050.0,12047.0,43237.0,14288.0,16161.0,42232.0
2025-07-19_06:48:34,8113.0,12047.0,43237.0,13086.0,16161.0,42232.0
2025-07-19_06:48:34,9176.0,12047.0,43237.0,13978.0,16161.0,42232.0
2025-07-19_06:48:35,7987.0,12047.0,43237.0,13264.0,16161.0,42232.0
2025-07-19_06:48:35,,,,14107.0,16161.0,42232.0
2025-07-19_06:48:39,3319.0,12047.0,43237.0,12174.0,16161.0,42232.0
2025-07-19_06:48:39,8085.0,12047.0,43237.0,13267.0,16161.0,42232.0
2025-07-19_06:48:39,9632.0,12047.0,43237.0,13775.0,16161.0,42232.0
2025-07-19_06:48:39,8074.0,12047.0,43237.0,13521.0,16161.0,42232.0
2025-07-19_06:48:40,8565.0,12047.0,43237.0,13803.0,16161.0,42232.0
2025-07-19_06:48:40,9906.0,12047.0,43237.0,13982.0,16161.0,42232.0
2025-07-19_06:48:40,9604.0,12047.0,43237.0,13984.0,16161.0,42232.0
2025-07-19_06:48:40,9433.0,12047.0,43237.0,13974.0,16161.0,42232.0
2025-07-19_06:48:40,8528.0,12047.0,43237.0,13804.0,16161.0,42232.0
2025-07-19_06:48:41,8017.0,12047.0,43237.0,13233.0,16161.0,42232.0
2025-07-19_06:48:41,8018.0,12047.0,43237.0,13314.0,16161.0,42232.0
2025-07-19_06:48:41,9975.0,12047.0,43240.0,13783.0,16161.0,42232.0
2025-07-19_06:48:41,8095.0,12047.0,43240.0,13339.0,16161.0,42232.0
2025-07-19_06:48:41,8077.0,12047.0,43240.0,13270.0,16161.0,42232.0
2025-07-19_06:48:42,10370.0,12047.0,43241.0,14459.0,16161.0,42232.0
2025-07-19_06:48:42,7976.0,12047.0,43241.0,13314.0,16161.0,42232.0
2025-07-19_06:48:42,8044.0,12047.0,43241.0,13255.0,16161.0,42232.0
2025-07-19_06:48:42,,,,,,
2025-07-19_06:48:46,6967.0,12047.0,43241.0,3787.0,16161.0,42232.0
2025-07-19_06:48:46,8573.0,12047.0,43241.0,14023.0,16161.0,42232.0
2025-07-19_06:48:47,9456.0,12047.0,43241.0,14183.0,16161.0,42232.0
2025-07-19_06:48:47,8045.0,12047.0,43241.0,13227.0,16161.0,42232.0
2025-07-19_06:48:47,7976.0,12047.0,43241.0,13079.0,16161.0,42232.0
2025-07-19_06:48:47,8691.0,12047.0,43244.0,13427.0,16161.0,42232.0
2025-07-19_06:48:48,7995.0,12047.0,43251.0,13089.0,16161.0,42232.0
2025-07-19_06:48:48,8007.0,12047.0,43251.0,13046.0,16161.0,42232.0
2025-07-19_06:48:48,8537.0,12047.0,43251.0,13489.0,16161.0,42232.0
2025-07-19_06:48:48,8562.0,12047.0,43251.0,13827.0,16161.0,42232.0
2025-07-19_06:48:48,8049.0,12047.0,43251.0,13251.0,16161.0,42232.0
2025-07-19_06:48:49,9412.0,12047.0,43251.0,13981.0,16161.0,42232.0
2025-07-19_06:48:49,8026.0,12047.0,43257.0,13266.0,16161.0,42232.0
2025-07-19_06:48:49,8143.0,12047.0,43257.0,13086.0,16161.0,42232.0
2025-07-19_06:48:49,8038.0,12047.0,43257.0,13047.0,16161.0,42232.0
2025-07-19_06:48:50,8676.0,12047.0,43262.0,14358.0,16161.0,42233.0
2025-07-19_06:48:50,8628.0,12047.0,43262.0,14270.0,16161.0,42233.0
2025-07-19_06:48:50,7974.0,12047.0,43262.0,13174.0,16161.0,42234.0
2025-07-19_06:48:50,9885.0,12047.0,43262.0,13979.0,16161.0,42234.0
2025-07-19_06:48:50,9393.0,12047.0,43262.0,14216.0,16161.0,42234.0
2025-07-19_06:48:51,8539.0,12047.0,43262.0,13482.0,16161.0,42234.0
2025-07-19_06:48:51,9677.0,12047.0,43262.0,14181.0,16161.0,42234.0
2025-07-19_06:48:51,8530.0,12047.0,43262.0,13350.0,16161.0,42234.0
2025-07-19_06:48:51,7972.0,12047.0,43262.0,13088.0,16161.0,42234.0
2025-07-19_06:48:52,2778.0,12047.0,43262.0,12199.0,16161.0,42234.0
2025-07-19_06:48:52,9692.0,12047.0,43262.0,13974.0,16161.0,42234.0
2025-07-19_06:48:53,8011.0,12047.0,43262.0,13048.0,16161.0,42234.0
2025-07-19_06:48:53,7976.0,12047.0,43264.0,13047.0,16161.0,42234.0
2025-07-19_06:48:53,8625.0,12047.0,43264.0,14289.0,16161.0,42234.0
2025-07-19_06:48:53,7989.0,12047.0,43264.0,13050.0,16161.0,42234.0
2025-07-19_06:48:54,8109.0,12047.0,43264.0,13075.0,16161.0,42234.0
2025-07-19_06:48:54,8540.0,12047.0,43264.0,13650.0,16161.0,42234.0
2025-07-19_06:48:54,7989.0,12047.0,43264.0,12860.0,16161.0,42234.0
2025-07-19_06:48:54,8049.0,12047.0,43264.0,13053.0,16161.0,42234.0
2025-07-19_06:48:54,8030.0,12047.0,43264.0,13264.0,16161.0,42234.0
2025-07-19_06:48:55,7994.0,12047.0,43264.0,13077.0,16161.0,42234.0
2025-07-19_06:48:55,8079.0,12047.0,43264.0,13272.0,16161.0,42234.0
2025-07-19_06:48:55,9606.0,12047.0,43264.0,13982.0,16161.0,42234.0
2025-07-19_06:48:55,9842.0,12047.0,43264.0,14353.0,16161.0,42236.0
2025-07-19_06:48:56,,,,13799.0,16161.0,42236.0
2025-07-19_06:48:59,3319.0,12047.0,43264.0,12169.0,16161.0,42236.0
2025-07-19_06:48:59,9825.0,12047.0,43265.0,13928.0,16161.0,42236.0
2025-07-19_06:49:00,10051.0,12047.0,43265.0,14292.0,16161.0,42236.0
2025-07-19_06:49:00,7949.0,12047.0,43265.0,13084.0,16161.0,42236.0
2025-07-19_06:49:00,9918.0,12047.0,43266.0,14210.0,16161.0,42236.0
2025-07-19_06:49:00,,,,13967.0,16161.0,42236.0
2025-07-19_06:49:04,3377.0,12047.0,43266.0,12191.0,16161.0,42236.0
2025-07-19_06:49:04,8090.0,12047.0,43266.0,13039.0,16161.0,42236.0
2025-07-19_06:49:04,8528.0,12047.0,43266.0,13250.0,16161.0,42236.0
2025-07-19_06:49:05,9208.0,12047.0,43266.0,14303.0,16161.0,42237.0
2025-07-19_06:49:05,9753.0,12047.0,43266.0,14202.0,16161.0,42238.0
2025-07-19_06:49:05,8001.0,12047.0,43266.0,13049.0,16161.0,42238.0
2025-07-19_06:49:05,8564.0,12047.0,43266.0,13890.0,16161.0,42238.0
2025-07-19_06:49:06,9848.0,12047.0,43266.0,14047.0,16161.0,42238.0
2025-07-19_06:49:06,7994.0,12047.0,43267.0,13297.0,16161.0,42238.0
2025-07-19_06:49:06,,,,14118.0,16161.0,42238.0
2025-07-19_06:49:10,3302.0,12047.0,43267.0,12199.0,16161.0,42238.0
2025-07-19_06:49:10,8011.0,12047.0,43268.0,12792.0,16161.0,42238.0
2025-07-19_06:49:10,9649.0,12047.0,43268.0,14189.0,16161.0,42238.0
2025-07-19_06:49:10,8633.0,12047.0,43268.0,14059.0,16161.0,42238.0
2025-07-19_06:49:11,7961.0,12047.0,43268.0,13043.0,16161.0,42238.0
2025-07-19_06:49:11,8532.0,12047.0,43268.0,13822.0,16161.0,42238.0
2025-07-19_06:49:11,9788.0,12047.0,43268.0,14213.0,16161.0,42238.0
2025-07-19_06:49:11,9863.0,12047.0,43268.0,14073.0,16161.0,42238.0
2025-07-19_06:49:12,9875.0,12047.0,43268.0,13957.0,16161.0,42238.0
2025-07-19_06:49:12,,,,,,
2025-07-19_06:49:16,6971.0,12047.0,43268.0,3793.0,16161.0,42238.0
2025-07-19_06:49:16,7963.0,12047.0,43268.0,13230.0,16161.0,42238.0
2025-07-19_06:49:16,9641.0,12047.0,43268.0,14183.0,16161.0,42238.0
2025-07-19_06:49:16,10317.0,12047.0,43270.0,14278.0,16161.0,42242.0
2025-07-19_06:49:16,8076.0,12047.0,43270.0,13335.0,16161.0,42242.0
2025-07-19_06:49:17,8099.0,12047.0,43270.0,13088.0,16161.0,42242.0
2025-07-19_06:49:17,9684.0,12047.0,43270.0,13977.0,16161.0,42242.0
2025-07-19_06:49:17,,,,,,
2025-07-19_06:49:21,6964.0,12047.0,43270.0,3792.0,16161.0,42242.0
2025-07-19_06:49:21,,,,,,
2025-07-19_06:49:25,6960.0,12047.0,43270.0,3793.0,16161.0,42242.0
2025-07-19_06:49:25,8125.0,12047.0,43270.0,13267.0,16161.0,42242.0
2025-07-19_06:49:25,7971.0,12047.0,43270.0,13054.0,16161.0,42242.0
2025-07-19_06:49:26,10529.0,12047.0,43270.0,14703.0,16161.0,42244.0
2025-07-19_06:49:26,8510.0,12047.0,43270.0,13805.0,16161.0,42244.0
2025-07-19_06:49:26,8700.0,12047.0,43270.0,14093.0,16161.0,42244.0
2025-07-19_06:49:26,8514.0,12047.0,43270.0,13233.0,16161.0,42244.0
2025-07-19_06:49:27,8540.0,12047.0,43270.0,13983.0,16161.0,42244.0
2025-07-19_06:49:27,8034.0,12047.0,43270.0,13314.0,16161.0,42244.0
2025-07-19_06:49:27,8522.0,12047.0,43270.0,13775.0,16161.0,42244.0
2025-07-19_06:49:28,2778.0,12047.0,43270.0,12190.0,16161.0,42244.0
2025-07-19_06:49:28,8020.0,12047.0,43270.0,13260.0,16161.0,42244.0
2025-07-19_06:49:28,9868.0,12047.0,43270.0,13971.0,16161.0,42244.0
2025-07-19_06:49:29,8045.0,12047.0,43270.0,13351.0,16161.0,42244.0
2025-07-19_06:49:29,,,,13408.0,16161.0,42244.0
2025-07-19_06:49:33,2778.0,12047.0,43270.0,12184.0,16161.0,42244.0
2025-07-19_06:49:33,7972.0,12047.0,43270.0,12800.0,16161.0,42244.0
2025-07-19_06:49:33,,,,,,
2025-07-19_06:49:37,6959.0,12047.0,43270.0,3793.0,16161.0,42244.0
2025-07-19_06:49:37,9173.0,12047.0,43270.0,13780.0,16161.0,42244.0
2025-07-19_06:49:37,7984.0,12047.0,43270.0,12809.0,16161.0,42244.0
2025-07-19_06:49:37,,,,,,
2025-07-19_06:49:41,6957.0,12047.0,43270.0,3793.0,16161.0,42244.0
2025-07-19_06:49:42,8539.0,12047.0,43270.0,13625.0,16161.0,42244.0
2025-07-19_06:49:42,7978.0,12047.0,43270.0,12806.0,16161.0,42244.0
2025-07-19_06:49:42,,,,,,
2025-07-19_06:49:46,6963.0,12047.0,43270.0,3793.0,16161.0,42244.0
2025-07-19_06:49:46,,,,,,
2025-07-19_06:49:50,6967.0,12047.0,43270.0,3792.0,16161.0,42244.0
2025-07-19_06:49:50,9569.0,12047.0,43270.0,14219.0,16161.0,42244.0
2025-07-19_06:49:50,8648.0,12047.0,43270.0,14085.0,16161.0,42244.0
2025-07-19_06:49:50,,,,13793.0,16161.0,42244.0
2025-07-19_06:49:54,3358.0,12047.0,43270.0,12184.0,16161.0,42244.0
2025-07-19_06:49:54,7998.0,12047.0,43270.0,13246.0,16161.0,42244.0
2025-07-19_06:49:55,7990.0,12047.0,43270.0,13055.0,16161.0,42244.0
2025-07-19_06:49:55,7971.0,12047.0,43270.0,13222.0,16161.0,42244.0
2025-07-19_06:49:55,8513.0,12047.0,43270.0,13326.0,16161.0,42245.0
2025-07-19_06:49:55,10185.0,12047.0,43276.0,14232.0,16161.0,42245.0
2025-07-19_06:49:56,7981.0,12047.0,43276.0,13260.0,16161.0,42245.0
2025-07-19_06:49:56,7984.0,12047.0,43276.0,13271.0,16161.0,42245.0
2025-07-19_06:49:56,7982.0,12047.0,43276.0,13303.0,16161.0,42245.0
2025-07-19_06:49:56,9910.0,12047.0,43277.0,13973.0,16161.0,42245.0
2025-07-19_06:49:56,8011.0,12047.0,43277.0,13122.0,16161.0,42245.0
2025-07-19_06:49:57,7956.0,12047.0,43278.0,13261.0,16161.0,42245.0
2025-07-19_06:49:57,9980.0,12047.0,43279.0,14388.0,16161.0,42245.0
2025-07-19_06:49:57,8687.0,12047.0,43279.0,14183.0,16161.0,42245.0
2025-07-19_06:49:57,8521.0,12047.0,43279.0,13801.0,16161.0,42245.0
2025-07-19_06:49:58,8111.0,12047.0,43279.0,13049.0,16161.0,42245.0
2025-07-19_06:49:58,8675.0,12047.0,43288.0,13857.0,16161.0,42245.0
2025-07-19_06:49:58,7973.0,12047.0,43288.0,13082.0,16161.0,42245.0
2025-07-19_06:49:58,10199.0,12047.0,43288.0,14428.0,16161.0,42245.0
2025-07-19_06:49:58,7973.0,12047.0,43288.0,13048.0,16161.0,42245.0
2025-07-19_06:49:59,7977.0,12047.0,43288.0,13059.0,16161.0,42245.0
2025-07-19_06:49:59,8002.0,12047.0,43288.0,13249.0,16161.0,42255.0
2025-07-19_06:49:59,,,,14077.0,16161.0,42255.0
2025-07-19_06:50:03,3302.0,12047.0,43288.0,12182.0,16161.0,42255.0
2025-07-19_06:50:03,7976.0,12047.0,43288.0,12843.0,16161.0,42255.0
2025-07-19_06:50:03,7975.0,12047.0,43288.0,13266.0,16161.0,42255.0
2025-07-19_06:50:04,7966.0,12047.0,43288.0,13048.0,16161.0,42255.0
2025-07-19_06:50:04,7962.0,12047.0,43288.0,13059.0,16161.0,42255.0
2025-07-19_06:50:04,8102.0,12047.0,43288.0,13304.0,16161.0,42255.0
2025-07-19_06:50:04,7967.0,12047.0,43288.0,13331.0,16161.0,42255.0
2025-07-19_06:50:04,7947.0,12047.0,43288.0,13254.0,16161.0,42255.0
2025-07-19_06:50:05,7963.0,12047.0,43288.0,13089.0,16161.0,42255.0
2025-07-19_06:50:05,8082.0,12047.0,43288.0,13266.0,16161.0,42255.0
2025-07-19_06:50:05,7964.0,12047.0,43288.0,13085.0,16161.0,42255.0
2025-07-19_06:50:05,7971.0,12047.0,43288.0,12871.0,16161.0,42255.0
2025-07-19_06:50:06,,,,13966.0,16161.0,42255.0
2025-07-19_06:50:09,2778.0,12047.0,43288.0,12192.0,16161.0,42255.0
2025-07-19_06:50:10,7968.0,12047.0,43288.0,13342.0,16161.0,42255.0
2025-07-19_06:50:10,,,,13981.0,16161.0,42255.0
2025-07-19_06:50:14,3375.0,12047.0,43288.0,12146.0,16161.0,42255.0
2025-07-19_06:50:14,9441.0,12047.0,43288.0,14001.0,16161.0,42255.0
2025-07-19_06:50:14,,,,14106.0,16161.0,42255.0
2025-07-19_06:50:18,2778.0,12047.0,43288.0,12188.0,16161.0,42255.0
2025-07-19_06:50:18,10002.0,12047.0,43288.0,14271.0,16161.0,42255.0
2025-07-19_06:50:18,8120.0,12048.0,43289.0,13347.0,16161.0,42261.0
2025-07-19_06:50:18,10126.0,12048.0,43293.0,14062.0,16161.0,42261.0
2025-07-19_06:50:19,9835.0,12048.0,43293.0,14080.0,16161.0,42261.0
2025-07-19_06:50:19,7953.0,12048.0,43293.0,13309.0,16161.0,42261.0
2025-07-19_06:50:19,8638.0,12048.0,43293.0,14082.0,16161.0,42261.0
2025-07-19_06:50:19,8019.0,12048.0,43294.0,13352.0,16161.0,42261.0
2025-07-19_06:50:20,8110.0,12048.0,43294.0,13050.0,16162.0,42262.0
2025-07-19_06:50:20,7969.0,12048.0,43295.0,13341.0,16162.0,42262.0
2025-07-19_06:50:20,7957.0,12048.0,43295.0,13087.0,16162.0,42262.0
2025-07-19_06:50:20,,,,14018.0,16162.0,42263.0
2025-07-19_06:50:24,2778.0,12048.0,43295.0,12193.0,16162.0,42263.0
2025-07-19_06:50:24,8514.0,12048.0,43295.0,13727.0,16162.0,42263.0
2025-07-19_06:50:24,,,,,,
2025-07-19_06:50:28,6963.0,12048.0,43295.0,3793.0,16162.0,42263.0
2025-07-19_06:50:28,9745.0,12048.0,43295.0,13612.0,16162.0,42263.0
2025-07-19_06:50:29,7992.0,12048.0,43295.0,13051.0,16162.0,42263.0
2025-07-19_06:50:29,,,,14372.0,16162.0,42263.0
2025-07-19_06:50:33,3358.0,12048.0,43295.0,12164.0,16162.0,42263.0
2025-07-19_06:50:33,9576.0,12048.0,43295.0,13973.0,16162.0,42263.0
2025-07-19_06:50:33,8588.0,12048.0,43295.0,13832.0,16162.0,42263.0
2025-07-19_06:50:33,7950.0,12048.0,43295.0,13081.0,16162.0,42263.0
2025-07-19_06:50:34,8048.0,12048.0,43295.0,13080.0,16162.0,42263.0
2025-07-19_06:50:34,8013.0,12048.0,43295.0,13343.0,16162.0,42263.0
2025-07-19_06:50:34,8546.0,12048.0,43295.0,14298.0,16162.0,42263.0
2025-07-19_06:50:34,8117.0,12048.0,43295.0,13090.0,16162.0,42263.0
2025-07-19_06:50:34,8054.0,12048.0,43295.0,13087.0,16162.0,42263.0
2025-07-19_06:50:35,8961.0,12048.0,43295.0,13995.0,16162.0,42263.0
2025-07-19_06:50:35,7998.0,12048.0,43295.0,13084.0,16162.0,42263.0
2025-07-19_06:50:35,8532.0,12048.0,43295.0,13080.0,16162.0,42263.0
2025-07-19_06:50:35,9076.0,12048.0,43295.0,13788.0,16162.0,42263.0
2025-07-19_06:50:36,8015.0,12048.0,43295.0,13256.0,16162.0,42263.0
2025-07-19_06:50:36,7985.0,12048.0,43295.0,13085.0,16162.0,42263.0
2025-07-19_06:50:36,8013.0,12048.0,43295.0,13041.0,16162.0,42263.0
2025-07-19_06:50:36,,,,,,
2025-07-19_06:50:40,6965.0,12048.0,43295.0,3793.0,16162.0,42263.0
2025-07-19_06:50:40,,,,14001.0,16162.0,42263.0
2025-07-19_06:50:44,2778.0,12048.0,43295.0,12190.0,16162.0,42263.0
2025-07-19_06:50:44,8022.0,12048.0,43295.0,13056.0,16162.0,42263.0
2025-07-19_06:50:44,,,,14041.0,16162.0,42263.0
2025-07-19_06:50:48,3375.0,12048.0,43295.0,12175.0,16162.0,42263.0
2025-07-19_06:50:48,,,,,,
2025-07-19_06:50:52,6966.0,12048.0,43295.0,3786.0,16162.0,42263.0
2025-07-19_06:50:52,7967.0,12048.0,43295.0,13058.0,16162.0,42263.0
2025-07-19_06:50:53,9861.0,12048.0,43295.0,14272.0,16162.0,42263.0
2025-07-19_06:50:53,8018.0,12048.0,43295.0,13251.0,16162.0,42263.0
2025-07-19_06:50:53,9670.0,12048.0,43295.0,13985.0,16162.0,42263.0
2025-07-19_06:50:53,,,,12040.0,16162.0,42263.0
2025-07-19_06:50:57,2778.0,12048.0,43295.0,12171.0,16162.0,42263.0
2025-07-19_06:50:57,8029.0,12048.0,43295.0,13308.0,16162.0,42263.0
2025-07-19_06:50:58,8631.0,12048.0,43295.0,14276.0,16162.0,42263.0
2025-07-19_06:50:58,7989.0,12048.0,43295.0,13327.0,16162.0,42263.0
2025-07-19_06:50:58,7974.0,12048.0,43297.0,13265.0,16162.0,42263.0
2025-07-19_06:50:58,7969.0,12048.0,43297.0,13357.0,16162.0,42263.0
2025-07-19_06:50:59,7978.0,12048.0,43297.0,13051.0,16162.0,42263.0
2025-07-19_06:50:59,8704.0,12048.0,43300.0,13677.0,16162.0,42264.0
2025-07-19_06:50:59,,,,,,
2025-07-19_06:51:03,6963.0,12048.0,43300.0,3793.0,16162.0,42264.0
2025-07-19_06:51:03,8543.0,12048.0,43300.0,13634.0,16162.0,42264.0
2025-07-19_06:51:03,7966.0,12048.0,43300.0,13050.0,16162.0,42264.0
2025-07-19_06:51:03,8536.0,12048.0,43300.0,13828.0,16162.0,42264.0
2025-07-19_06:51:04,7971.0,12048.0,43300.0,13048.0,16162.0,42264.0
2025-07-19_06:51:04,8032.0,12048.0,43300.0,13263.0,16162.0,42264.0
2025-07-19_06:51:04,8657.0,12048.0,43301.0,14085.0,16162.0,42265.0
2025-07-19_06:51:04,8028.0,12048.0,43301.0,13048.0,16162.0,42265.0
2025-07-19_06:51:05,8567.0,12048.0,43301.0,13912.0,16162.0,42265.0
2025-07-19_06:51:05,9662.0,12048.0,43301.0,14200.0,16162.0,42265.0
2025-07-19_06:51:05,9888.0,12048.0,43301.0,13977.0,16162.0,42265.0
2025-07-19_06:51:05,7959.0,12048.0,43301.0,13078.0,16162.0,42265.0
2025-07-19_06:51:05,10118.0,12048.0,43301.0,14016.0,16162.0,42265.0
2025-07-19_06:51:06,8009.0,12048.0,43301.0,13272.0,16162.0,42265.0
2025-07-19_06:51:06,7962.0,12048.0,43301.0,13080.0,16162.0,42265.0
2025-07-19_06:51:06,7979.0,12048.0,43301.0,13044.0,16162.0,42265.0
2025-07-19_06:51:06,7977.0,12048.0,43301.0,13049.0,16162.0,42265.0
2025-07-19_06:51:07,8121.0,12048.0,43301.0,13349.0,16162.0,42265.0
2025-07-19_06:51:07,8020.0,12048.0,43301.0,13040.0,16162.0,42265.0
2025-07-19_06:51:07,7995.0,12048.0,43301.0,13528.0,16162.0,42265.0
2025-07-19_06:51:07,10180.0,12048.0,43301.0,14012.0,16162.0,42265.0
2025-07-19_06:51:08,8020.0,12048.0,43301.0,13078.0,16162.0,42265.0
2025-07-19_06:51:08,8039.0,12048.0,43301.0,13083.0,16162.0,42265.0
2025-07-19_06:51:08,7969.0,12048.0,43301.0,13073.0,16162.0,42265.0
2025-07-19_06:51:08,8054.0,12055.0,44923.0,13297.0,16162.0,42265.0
2025-07-19_06:51:12,6968.0,12055.0,44923.0,3792.0,16162.0,42265.0
2025-07-19_06:51:12,8079.0,12055.0,44923.0,13341.0,16162.0,42265.0
2025-07-19_06:51:13,7994.0,12055.0,44933.0,13264.0,16162.0,42265.0
2025-07-19_06:51:13,7981.0,12055.0,44933.0,13081.0,16162.0,42265.0
2025-07-19_06:51:13,7969.0,12055.0,44933.0,13057.0,16162.0,42265.0
2025-07-19_06:51:13,7977.0,12055.0,44955.0,13082.0,16162.0,42265.0
2025-07-19_06:51:14,8020.0,12055.0,44955.0,13128.0,16162.0,42265.0
2025-07-19_06:51:14,8103.0,12055.0,44962.0,13050.0,16162.0,42265.0
2025-07-19_06:51:14,8033.0,12055.0,44962.0,13087.0,16162.0,42265.0
2025-07-19_06:51:14,9724.0,12055.0,44962.0,13976.0,16162.0,42265.0
2025-07-19_06:51:14,8038.0,12055.0,44962.0,13252.0,16162.0,42265.0
2025-07-19_06:51:15,7968.0,12055.0,44962.0,13260.0,16162.0,42265.0
2025-07-19_06:51:15,8022.0,12055.0,44962.0,13080.0,16162.0,42265.0
2025-07-19_06:51:15,9652.0,12055.0,44962.0,13762.0,16162.0,42265.0
2025-07-19_06:51:16,2778.0,12055.0,44962.0,12181.0,16162.0,42265.0
2025-07-19_06:51:16,7948.0,12055.0,44962.0,12796.0,16162.0,42265.0
2025-07-19_06:51:16,,,,14227.0,16162.0,42265.0
2025-07-19_06:51:20,3392.0,12085.0,45012.0,12181.0,16162.0,42265.0
2025-07-19_06:51:20,,,,,,
2025-07-19_06:51:24,6969.0,12085.0,45012.0,3792.0,16162.0,42265.0
2025-07-19_06:51:24,8126.0,12085.0,45012.0,13269.0,16162.0,42265.0
2025-07-19_06:51:25,9563.0,12085.0,45012.0,14003.0,16162.0,42265.0
2025-07-19_06:51:25,8539.0,12085.0,45012.0,13836.0,16162.0,42265.0
2025-07-19_06:51:25,8025.0,12085.0,45012.0,13259.0,16162.0,42265.0
2025-07-19_06:51:25,8095.0,12085.0,45012.0,13050.0,16162.0,42265.0
2025-07-19_06:51:25,8536.0,12085.0,45012.0,13050.0,16162.0,42265.0
2025-07-19_06:51:26,7993.0,12085.0,45012.0,13091.0,16162.0,42265.0
2025-07-19_06:51:26,9940.0,12085.0,45012.0,14589.0,16162.0,42265.0
2025-07-19_06:51:26,,,,,,
2025-07-19_06:51:30,6970.0,12085.0,45012.0,3792.0,16162.0,42265.0
2025-07-19_06:51:30,,,,13270.0,16162.0,42265.0
2025-07-19_06:51:34,2778.0,12085.0,45012.0,12190.0,16162.0,42265.0
2025-07-19_06:51:34,,,,,,
2025-07-19_06:51:38,6967.0,12085.0,45012.0,3793.0,16162.0,42265.0
2025-07-19_06:51:38,8535.0,12085.0,45012.0,13348.0,16162.0,42265.0
2025-07-19_06:51:39,8022.0,12085.0,45012.0,13265.0,16162.0,42265.0
2025-07-19_06:51:39,7976.0,12085.0,45012.0,13332.0,16162.0,42265.0
2025-07-19_06:51:39,7979.0,12085.0,45012.0,13049.0,16162.0,42265.0
2025-07-19_06:51:39,8008.0,12085.0,45012.0,13038.0,16162.0,42265.0
2025-07-19_06:51:39,8093.0,12085.0,45012.0,13170.0,16162.0,42265.0
2025-07-19_06:51:40,7960.0,12085.0,45012.0,13265.0,16162.0,42265.0
2025-07-19_06:51:40,9577.0,12085.0,45012.0,13988.0,16162.0,42265.0
2025-07-19_06:51:40,,,,,,
2025-07-19_06:51:44,6967.0,12085.0,45012.0,3792.0,16162.0,42265.0
2025-07-19_06:51:44,9729.0,12085.0,45012.0,14010.0,16162.0,42265.0
2025-07-19_06:51:44,8547.0,12085.0,45012.0,13259.0,16162.0,42265.0
2025-07-19_06:51:45,8024.0,12085.0,45012.0,13246.0,16162.0,42265.0
2025-07-19_06:51:45,9701.0,12085.0,45012.0,14021.0,16162.0,42265.0
2025-07-19_06:51:45,8017.0,12085.0,45012.0,13486.0,16162.0,42265.0
2025-07-19_06:51:45,10028.0,12085.0,45013.0,14305.0,16162.0,42266.0
2025-07-19_06:51:46,,,,,,
2025-07-19_06:51:49,6961.0,12085.0,45013.0,3793.0,16162.0,42266.0
2025-07-19_06:51:50,9852.0,12085.0,45013.0,14324.0,16162.0,42266.0
2025-07-19_06:51:50,8028.0,12085.0,45013.0,12860.0,16162.0,42266.0
2025-07-19_06:51:50,7977.0,12085.0,45014.0,13229.0,16162.0,42266.0
2025-07-19_06:51:50,7977.0,12085.0,45014.0,13042.0,16162.0,42266.0
2025-07-19_06:51:50,10059.0,12085.0,45014.0,14277.0,16162.0,42266.0
2025-07-19_06:51:51,7969.0,12085.0,45014.0,13051.0,16162.0,42266.0
2025-07-19_06:51:51,8113.0,12085.0,45014.0,13047.0,16162.0,42266.0
2025-07-19_06:51:51,8016.0,12085.0,45014.0,13300.0,16162.0,42266.0
2025-07-19_06:51:51,9734.0,12085.0,45014.0,14195.0,16162.0,42266.0
2025-07-19_06:51:52,7977.0,12085.0,45014.0,13302.0,16162.0,42266.0
2025-07-19_06:51:52,8000.0,12085.0,45014.0,13047.0,16162.0,42266.0
2025-07-19_06:51:52,,,,13787.0,16162.0,42266.0
2025-07-19_06:51:56,3319.0,12085.0,45014.0,12184.0,16162.0,42266.0
2025-07-19_06:51:56,,,,,,
2025-07-19_06:52:00,6967.0,12085.0,45014.0,3792.0,16162.0,42266.0
2025-07-19_06:52:00,8108.0,12085.0,45014.0,13262.0,16162.0,42266.0
2025-07-19_06:52:00,8565.0,12085.0,45014.0,13845.0,16162.0,42266.0
2025-07-19_06:52:00,,,,,,
2025-07-19_06:52:04,6963.0,12085.0,45014.0,3793.0,16162.0,42266.0
2025-07-19_06:52:04,,,,,,
2025-07-19_06:52:08,6968.0,12085.0,45014.0,3792.0,16162.0,42266.0
2025-07-19_06:52:08,8615.0,12085.0,45014.0,13914.0,16163.0,42269.0
2025-07-19_06:52:09,,,,,,
2025-07-19_06:52:13,6966.0,12085.0,45014.0,3792.0,16163.0,42269.0
2025-07-19_06:52:13,10433.0,12085.0,45034.0,14677.0,16163.0,42287.0
2025-07-19_06:52:13,9477.0,12085.0,45034.0,14154.0,16163.0,42287.0
2025-07-19_06:52:13,8001.0,12085.0,45034.0,13225.0,16163.0,42287.0
2025-07-19_06:52:13,8532.0,12085.0,45034.0,13487.0,16163.0,42287.0
2025-07-19_06:52:14,7960.0,12085.0,45034.0,13078.0,16163.0,42287.0
2025-07-19_06:52:15,,,,,,
2025-07-19_06:52:18,6967.0,12085.0,45034.0,3792.0,16163.0,42287.0
2025-07-19_06:52:19,7959.0,12085.0,45045.0,12861.0,16163.0,42287.0
2025-07-19_06:52:19,,,,,,
2025-07-19_06:52:23,6968.0,12085.0,45045.0,3793.0,16163.0,42287.0
2025-07-19_06:52:23,8678.0,12085.0,45045.0,14275.0,16163.0,42287.0
2025-07-19_06:52:23,8041.0,12085.0,45045.0,13346.0,16163.0,42287.0
2025-07-19_06:52:23,9592.0,12085.0,45045.0,14004.0,16163.0,42290.0
2025-07-19_06:52:23,7968.0,12085.0,45045.0,12859.0,16163.0,42290.0
2025-07-19_06:52:24,9865.0,12085.0,45045.0,13837.0,16163.0,42290.0
2025-07-19_06:52:24,7993.0,12085.0,45045.0,13261.0,16163.0,42290.0
2025-07-19_06:52:24,8015.0,12085.0,45045.0,13256.0,16163.0,42290.0
2025-07-19_06:52:24,,,,13777.0,16163.0,42290.0
2025-07-19_06:52:28,3375.0,12085.0,45045.0,12169.0,16163.0,42290.0
2025-07-19_06:52:28,8064.0,12085.0,45045.0,13052.0,16163.0,42290.0
2025-07-19_06:52:29,8653.0,12085.0,45048.0,13909.0,16163.0,42290.0
2025-07-19_06:52:29,8024.0,12085.0,45048.0,13607.0,16163.0,42290.0
2025-07-19_06:52:29,8618.0,12085.0,45048.0,14098.0,16163.0,42290.0
2025-07-19_06:52:29,8030.0,12085.0,45048.0,13053.0,16163.0,42290.0
2025-07-19_06:52:29,8542.0,12085.0,45048.0,13793.0,16163.0,42290.0
2025-07-19_06:52:30,8014.0,12085.0,45048.0,13089.0,16163.0,42290.0
2025-07-19_06:52:30,9012.0,12085.0,45048.0,13985.0,16163.0,42290.0
2025-07-19_06:52:30,8633.0,12085.0,45048.0,14098.0,16163.0,42290.0
2025-07-19_06:52:30,8092.0,12085.0,45048.0,13513.0,16163.0,42290.0
2025-07-19_06:52:31,7964.0,12085.0,45048.0,13225.0,16163.0,42290.0
2025-07-19_06:52:31,9157.0,12085.0,45053.0,13611.0,16163.0,42290.0
2025-07-19_06:52:31,8006.0,12085.0,45053.0,13258.0,16163.0,42290.0
2025-07-19_06:52:31,8523.0,12085.0,45053.0,13799.0,16163.0,42290.0
2025-07-19_06:52:31,7999.0,12085.0,45053.0,13314.0,16163.0,42290.0
2025-07-19_06:52:32,,,,12800.0,16163.0,42290.0
2025-07-19_06:52:36,2778.0,12085.0,45053.0,12161.0,16163.0,42290.0
2025-07-19_06:52:36,7957.0,12085.0,45053.0,13040.0,16163.0,42290.0
2025-07-19_06:52:36,10032.0,12085.0,45053.0,13990.0,16163.0,42290.0
2025-07-19_06:52:36,9787.0,12085.0,45053.0,14074.0,16163.0,42290.0
2025-07-19_06:52:36,8022.0,12085.0,45053.0,13057.0,16163.0,42290.0
2025-07-19_06:52:37,8017.0,12085.0,45053.0,13043.0,16163.0,42290.0
2025-07-19_06:52:37,7966.0,12085.0,45053.0,13230.0,16163.0,42290.0
2025-07-19_06:52:37,8545.0,12085.0,45053.0,13347.0,16163.0,42290.0
2025-07-19_06:52:37,8009.0,12085.0,45053.0,13056.0,16163.0,42290.0
2025-07-19_06:52:38,9927.0,12085.0,45053.0,14007.0,16163.0,42290.0
2025-07-19_06:52:38,7977.0,12085.0,45053.0,12843.0,16163.0,42290.0
2025-07-19_06:52:38,,,,14026.0,16163.0,42290.0
2025-07-19_06:52:42,3319.0,12085.0,45053.0,12193.0,16163.0,42290.0
2025-07-19_06:52:42,,,,,,
2025-07-19_06:52:46,6963.0,12085.0,45053.0,3793.0,16163.0,42290.0
2025-07-19_06:52:46,7994.0,12085.0,45053.0,13234.0,16163.0,42290.0
2025-07-19_06:52:46,8018.0,12085.0,45053.0,13048.0,16163.0,42290.0
2025-07-19_06:52:47,10167.0,12085.0,45053.0,14100.0,16163.0,42290.0
2025-07-19_06:52:47,,,,13350.0,16163.0,42290.0
2025-07-19_06:52:51,2778.0,12085.0,45053.0,12190.0,16163.0,42290.0
2025-07-19_06:52:51,8003.0,12085.0,45053.0,13237.0,16163.0,42290.0
2025-07-19_06:52:51,7960.0,12085.0,45053.0,13079.0,16163.0,42290.0
2025-07-19_06:52:51,7992.0,12085.0,45053.0,13166.0,16163.0,42290.0
2025-07-19_06:52:51,9980.0,12085.0,45053.0,14371.0,16163.0,42290.0
2025-07-19_06:52:52,7997.0,12085.0,45053.0,13239.0,16163.0,42290.0
2025-07-19_06:52:52,8665.0,12085.0,45053.0,14092.0,16163.0,42290.0
2025-07-19_06:52:52,10141.0,12085.0,45053.0,14399.0,16163.0,42291.0
2025-07-19_06:52:52,8551.0,12085.0,45053.0,14014.0,16163.0,42291.0
2025-07-19_06:52:53,,,,,,
2025-07-19_06:52:56,6969.0,12085.0,45053.0,3792.0,16163.0,42291.0
2025-07-19_06:52:57,7977.0,12085.0,45053.0,13046.0,16163.0,42291.0
2025-07-19_06:52:57,8015.0,12085.0,45053.0,13346.0,16163.0,42291.0
2025-07-19_06:52:57,7986.0,12085.0,45053.0,13096.0,16163.0,42291.0
2025-07-19_06:52:57,,,,13956.0,16163.0,42291.0
2025-07-19_06:53:01,3302.0,12085.0,45053.0,12190.0,16163.0,42291.0
2025-07-19_06:53:01,10117.0,12085.0,45053.0,14050.0,16163.0,42291.0
2025-07-19_06:53:01,,,,,,
2025-07-19_06:53:05,6966.0,12085.0,45053.0,3786.0,16163.0,42291.0
2025-07-19_06:53:05,8006.0,12085.0,45053.0,13080.0,16163.0,42291.0
2025-07-19_06:53:06,7961.0,12085.0,45053.0,13044.0,16163.0,42291.0
2025-07-19_06:53:06,9927.0,12085.0,45053.0,14102.0,16163.0,42291.0
2025-07-19_06:53:06,9173.0,12085.0,45053.0,13805.0,16163.0,42291.0
2025-07-19_06:53:06,8612.0,12085.0,45053.0,14091.0,16163.0,42291.0
2025-07-19_06:53:07,8526.0,12085.0,45053.0,13653.0,16163.0,42291.0
2025-07-19_06:53:07,7969.0,12085.0,45053.0,13614.0,16163.0,42291.0
2025-07-19_06:53:07,,,,,,
2025-07-19_06:53:11,6966.0,12085.0,45053.0,3793.0,16163.0,42291.0
2025-07-19_06:53:11,,,,13055.0,16163.0,42306.0
2025-07-19_06:53:15,2778.0,12085.0,45053.0,12187.0,16163.0,42306.0
2025-07-19_06:53:15,8513.0,12085.0,45053.0,14019.0,16163.0,42306.0
2025-07-19_06:53:15,7973.0,12085.0,45053.0,13047.0,16163.0,42306.0
2025-07-19_06:53:16,7951.0,12085.0,45053.0,13048.0,16163.0,42306.0
2025-07-19_06:53:16,8071.0,12085.0,45053.0,13225.0,16163.0,42306.0
2025-07-19_06:53:16,9832.0,12085.0,45053.0,14213.0,16163.0,42306.0
2025-07-19_06:53:16,7957.0,12085.0,45053.0,13049.0,16163.0,42306.0
2025-07-19_06:53:17,9691.0,12085.0,45053.0,13961.0,16163.0,42306.0
2025-07-19_06:53:17,,,,,,
2025-07-19_06:53:21,6963.0,12085.0,45053.0,3794.0,16163.0,42306.0
2025-07-19_06:53:21,8022.0,12085.0,45053.0,13088.0,16163.0,42306.0
2025-07-19_06:53:21,8526.0,12085.0,45053.0,13788.0,16163.0,42306.0
2025-07-19_06:53:21,7982.0,12085.0,45053.0,13234.0,16163.0,42306.0
2025-07-19_06:53:21,8006.0,12085.0,45053.0,12891.0,16163.0,42306.0
2025-07-19_06:53:22,,,,12499.0,16163.0,42306.0
2025-07-19_06:53:25,2778.0,12085.0,45053.0,12156.0,16163.0,42306.0
2025-07-19_06:53:26,8525.0,12085.0,45053.0,13801.0,16163.0,42306.0
2025-07-19_06:53:26,8637.0,12085.0,45053.0,14079.0,16163.0,42306.0
2025-07-19_06:53:26,8024.0,12085.0,45053.0,13081.0,16163.0,42306.0
2025-07-19_06:53:26,7954.0,12085.0,45053.0,13086.0,16163.0,42306.0
2025-07-19_06:53:27,8002.0,12085.0,45053.0,13267.0,16163.0,42306.0
2025-07-19_06:53:27,7985.0,12085.0,45053.0,13256.0,16163.0,42306.0
2025-07-19_06:53:27,8673.0,12085.0,45053.0,14259.0,16163.0,42306.0
2025-07-19_06:53:27,7940.0,12085.0,45053.0,13525.0,16163.0,42306.0
2025-07-19_06:53:27,,,,13053.0,16163.0,42306.0
2025-07-19_06:53:31,2778.0,12085.0,45053.0,12168.0,16163.0,42306.0
2025-07-19_06:53:31,8534.0,12085.0,45053.0,13973.0,16163.0,42306.0
2025-07-19_06:53:32,8009.0,12085.0,45053.0,13050.0,16163.0,42306.0
2025-07-19_06:53:32,8102.0,12085.0,45054.0,13266.0,16163.0,42306.0
2025-07-19_06:53:32,8545.0,12085.0,45054.0,13888.0,16163.0,42306.0
2025-07-19_06:53:32,,,,,,
2025-07-19_06:53:36,6964.0,12085.0,45054.0,3793.0,16163.0,42306.0
2025-07-19_06:53:36,9609.0,12085.0,45054.0,13827.0,16163.0,42306.0
2025-07-19_06:53:37,,,,,,
2025-07-19_06:53:40,6962.0,12085.0,45054.0,3793.0,16163.0,42306.0
2025-07-19_06:53:41,7966.0,12085.0,45106.0,13090.0,16163.0,42306.0
2025-07-19_06:53:41,8111.0,12085.0,45106.0,13267.0,16163.0,42306.0
2025-07-19_06:53:41,8016.0,12085.0,45106.0,13050.0,16163.0,42306.0
2025-07-19_06:53:41,8679.0,12085.0,45106.0,14088.0,16163.0,42306.0
2025-07-19_06:53:41,,,,14285.0,16163.0,42306.0
2025-07-19_06:53:45,3358.0,12085.0,45106.0,12199.0,16163.0,42306.0
2025-07-19_06:53:45,9898.0,12085.0,45106.0,14224.0,16163.0,42306.0
2025-07-19_06:53:46,8112.0,12085.0,45106.0,13346.0,16163.0,42306.0
2025-07-19_06:53:46,10131.0,12085.0,45106.0,14565.0,16163.0,42306.0
2025-07-19_06:53:46,8031.0,12085.0,45106.0,13229.0,16163.0,42306.0
2025-07-19_06:53:46,7961.0,12085.0,45106.0,12802.0,16163.0,42306.0
2025-07-19_06:53:47,10283.0,12085.0,45109.0,14137.0,16163.0,42308.0
2025-07-19_06:53:47,8513.0,12085.0,45109.0,13486.0,16163.0,42308.0
2025-07-19_06:53:47,9868.0,12085.0,45109.0,13983.0,16163.0,42308.0
2025-07-19_06:53:47,8620.0,12085.0,45109.0,14097.0,16163.0,42308.0
2025-07-19_06:53:47,8021.0,12085.0,45109.0,13259.0,16163.0,42308.0
2025-07-19_06:53:48,8008.0,12085.0,45109.0,13058.0,16163.0,42308.0
2025-07-19_06:53:48,8019.0,12085.0,45109.0,13056.0,16163.0,42308.0
2025-07-19_06:53:48,,,,13811.0,16163.0,42308.0
2025-07-19_06:53:52,3317.0,12085.0,45109.0,12187.0,16163.0,42308.0
2025-07-19_06:53:52,8676.0,12085.0,45114.0,14102.0,16163.0,42308.0
2025-07-19_06:53:52,7976.0,12085.0,45114.0,13050.0,16163.0,42308.0
2025-07-19_06:53:52,8548.0,12085.0,45114.0,13789.0,16163.0,42308.0
2025-07-19_06:53:53,9717.0,12085.0,45114.0,13985.0,16163.0,42308.0
2025-07-19_06:53:53,8631.0,12085.0,45114.0,14234.0,16163.0,42308.0
2025-07-19_06:53:53,,,,,,
2025-07-19_06:53:57,6960.0,12085.0,45114.0,3792.0,16163.0,42308.0
2025-07-19_06:53:57,9729.0,12085.0,45114.0,14255.0,16163.0,42308.0
2025-07-19_06:53:57,8038.0,12085.0,45114.0,13087.0,16163.0,42308.0
2025-07-19_06:53:58,9671.0,12085.0,45114.0,13979.0,16163.0,42308.0
2025-07-19_06:53:58,7961.0,12085.0,45114.0,13047.0,16163.0,42308.0
2025-07-19_06:53:58,,,,13610.0,16163.0,42308.0
2025-07-19_06:54:02,3319.0,12085.0,45114.0,12183.0,16163.0,42308.0
2025-07-19_06:54:02,,,,13795.0,16163.0,42308.0
2025-07-19_06:54:06,3375.0,12085.0,45114.0,12188.0,16163.0,42308.0
2025-07-19_06:54:06,,,,14382.0,16163.0,42308.0
2025-07-19_06:54:10,3302.0,12085.0,45114.0,12189.0,16163.0,42308.0
2025-07-19_06:54:10,,,,,,
2025-07-19_06:54:14,6968.0,12085.0,45114.0,3793.0,16163.0,42308.0
2025-07-19_06:54:14,9973.0,12085.0,45114.0,14288.0,16163.0,42308.0
2025-07-19_06:54:14,9819.0,12085.0,45114.0,14146.0,16163.0,42308.0
2025-07-19_06:54:14,8048.0,12085.0,45114.0,13083.0,16163.0,42308.0
2025-07-19_06:54:15,7965.0,12085.0,45114.0,13271.0,16163.0,42308.0
2025-07-19_06:54:15,8032.0,12085.0,45121.0,13227.0,16163.0,42308.0
2025-07-19_06:54:15,8002.0,12085.0,45121.0,13262.0,16163.0,42308.0
2025-07-19_06:54:15,9671.0,12085.0,45121.0,14279.0,16163.0,42308.0
2025-07-19_06:54:16,8509.0,12085.0,45121.0,13763.0,16163.0,42308.0
2025-07-19_06:54:16,8533.0,12085.0,45121.0,13805.0,16163.0,42308.0
2025-07-19_06:54:16,8694.0,12085.0,45121.0,14087.0,16163.0,42308.0
2025-07-19_06:54:16,8702.0,12096.0,45146.0,13820.0,16163.0,42308.0
2025-07-19_06:54:16,8533.0,12096.0,45146.0,14009.0,16163.0,42308.0
2025-07-19_06:54:17,8017.0,12096.0,45146.0,13052.0,16163.0,42308.0
2025-07-19_06:54:17,8349.0,12096.0,45146.0,13763.0,16163.0,42308.0
2025-07-19_06:54:17,,,,,,
2025-07-19_06:54:21,6962.0,12096.0,45146.0,3793.0,16163.0,42308.0
2025-07-19_06:54:21,7960.0,12096.0,45146.0,13348.0,16163.0,42308.0
2025-07-19_06:54:21,8601.0,12096.0,45146.0,14040.0,16163.0,42308.0
2025-07-19_06:54:22,8573.0,12096.0,45146.0,14253.0,16163.0,42308.0
2025-07-19_06:54:22,8519.0,12096.0,45146.0,12857.0,16163.0,42308.0
2025-07-19_06:54:22,7974.0,12096.0,45146.0,13056.0,16163.0,42308.0
2025-07-19_06:54:22,9164.0,12096.0,45146.0,14058.0,16163.0,42308.0
2025-07-19_06:54:23,9556.0,12096.0,45146.0,13985.0,16163.0,42308.0
2025-07-19_06:54:23,9583.0,12096.0,45146.0,14241.0,16163.0,42308.0
2025-07-19_06:54:23,7971.0,12096.0,45146.0,12840.0,16163.0,42308.0
2025-07-19_06:54:23,8120.0,12096.0,45146.0,13092.0,16163.0,42308.0
2025-07-19_06:54:23,8664.0,12096.0,45146.0,14090.0,16163.0,42308.0
2025-07-19_06:54:24,9542.0,12096.0,45146.0,14049.0,16163.0,42308.0
2025-07-19_06:54:24,9984.0,12096.0,45146.0,14018.0,16163.0,42308.0
2025-07-19_06:54:24,8588.0,12096.0,45146.0,14088.0,16163.0,42308.0
2025-07-19_06:54:24,8116.0,12096.0,45146.0,13348.0,16163.0,42311.0
2025-07-19_06:54:25,8649.0,12096.0,45146.0,14087.0,16163.0,42311.0
2025-07-19_06:54:25,8548.0,12096.0,45146.0,13815.0,16163.0,42311.0
2025-07-19_06:54:25,8610.0,12096.0,45146.0,14352.0,16163.0,42311.0
2025-07-19_06:54:25,,,,,,
2025-07-19_06:54:29,6964.0,12096.0,45146.0,3792.0,16163.0,42311.0
2025-07-19_06:54:29,8553.0,12096.0,45146.0,14089.0,16163.0,42311.0
2025-07-19_06:54:30,8604.0,12096.0,45146.0,14086.0,16163.0,42311.0
2025-07-19_06:54:30,,,,,,
2025-07-19_06:54:34,6952.0,12096.0,45146.0,3793.0,16163.0,42311.0
2025-07-19_06:54:34,9735.0,12096.0,45146.0,14009.0,16163.0,42311.0
2025-07-19_06:54:34,,,,14203.0,16163.0,42311.0
2025-07-19_06:54:38,3358.0,12096.0,45146.0,12194.0,16163.0,42311.0
2025-07-19_06:54:38,,,,13249.0,16163.0,42311.0
2025-07-19_06:54:42,2780.0,12096.0,45146.0,12186.0,16163.0,42311.0
2025-07-19_06:54:42,10171.0,12096.0,45146.0,14151.0,16163.0,42311.0
2025-07-19_06:54:42,,,,12947.0,16163.0,42314.0
2025-07-19_06:54:46,2780.0,12096.0,45146.0,12179.0,16163.0,42314.0
2025-07-19_06:54:46,7960.0,12096.0,45146.0,12869.0,16163.0,42314.0
2025-07-19_06:54:47,8565.0,12096.0,45146.0,13837.0,16163.0,42314.0
2025-07-19_06:54:47,7962.0,12096.0,45146.0,13266.0,16163.0,42314.0
2025-07-19_06:54:47,10091.0,12096.0,45147.0,14308.0,16163.0,42314.0
2025-07-19_06:54:47,7962.0,12096.0,45147.0,13253.0,16163.0,42314.0
2025-07-19_06:54:48,9471.0,12096.0,45147.0,14212.0,16163.0,42314.0
2025-07-19_06:54:48,,,,13801.0,16163.0,42314.0
2025-07-19_06:54:51,3375.0,12096.0,45147.0,12149.0,16163.0,42314.0
2025-07-19_06:54:52,8593.0,12096.0,45147.0,13825.0,16163.0,42314.0
2025-07-19_06:54:52,8058.0,12096.0,45147.0,13236.0,16163.0,42314.0
2025-07-19_06:54:52,8047.0,12096.0,45147.0,13258.0,16163.0,42314.0
2025-07-19_06:54:52,9698.0,12096.0,45147.0,13989.0,16163.0,42314.0
2025-07-19_06:54:53,9167.0,12096.0,45147.0,13792.0,16163.0,42314.0
2025-07-19_06:54:53,8076.0,12096.0,45147.0,13124.0,16163.0,42314.0
2025-07-19_06:54:53,8589.0,12096.0,45147.0,14109.0,16163.0,42314.0
2025-07-19_06:54:53,,,,14181.0,16163.0,42314.0
2025-07-19_06:54:57,3358.0,12096.0,45147.0,12189.0,16163.0,42314.0
2025-07-19_06:54:57,8537.0,12096.0,45147.0,13839.0,16163.0,42314.0
2025-07-19_06:54:57,,,,,,
2025-07-19_06:55:01,6968.0,12096.0,45147.0,3795.0,16163.0,42314.0
2025-07-19_06:55:01,9540.0,12096.0,45147.0,13951.0,16163.0,42314.0
2025-07-19_06:55:02,8572.0,12096.0,45147.0,14083.0,16163.0,42314.0
2025-07-19_06:55:02,9890.0,12096.0,45147.0,13966.0,16163.0,42314.0
2025-07-19_06:55:02,9754.0,12096.0,45147.0,14265.0,16163.0,42314.0
2025-07-19_06:55:02,8676.0,12096.0,45148.0,14129.0,16163.0,42314.0
2025-07-19_06:55:03,,,,,,
2025-07-19_06:55:06,6963.0,12096.0,45148.0,3795.0,16163.0,42314.0
2025-07-19_06:55:07,8352.0,12096.0,45148.0,13965.0,16163.0,42314.0
2025-07-19_06:55:07,2778.0,12096.0,45148.0,12188.0,16163.0,42314.0
2025-07-19_06:55:08,10043.0,12096.0,45148.0,13964.0,16163.0,42314.0
2025-07-19_06:55:08,,,,,,
2025-07-19_06:55:12,6958.0,12096.0,45148.0,3792.0,16163.0,42314.0
2025-07-19_06:55:12,8718.0,12096.0,45148.0,14049.0,16163.0,42314.0
2025-07-19_06:55:12,9841.0,12096.0,45148.0,14042.0,16163.0,42314.0
2025-07-19_06:55:12,8694.0,12096.0,45148.0,14116.0,16163.0,42314.0
2025-07-19_06:55:13,9834.0,12096.0,45148.0,14011.0,16163.0,42314.0
2025-07-19_06:55:13,8703.0,12096.0,45148.0,14086.0,16163.0,42314.0
2025-07-19_06:55:13,,,,14030.0,16163.0,42314.0
2025-07-19_06:55:17,2778.0,12096.0,45148.0,12185.0,16163.0,42314.0
2025-07-19_06:55:17,9167.0,12096.0,45148.0,14004.0,16163.0,42314.0
2025-07-19_06:55:17,,,,,,
2025-07-19_06:55:21,6959.0,12096.0,45148.0,3793.0,16163.0,42314.0
2025-07-19_06:55:21,8112.0,12096.0,45148.0,13052.0,16163.0,42314.0
2025-07-19_06:55:21,9580.0,12096.0,45148.0,14190.0,16163.0,42314.0
2025-07-19_06:55:22,8099.0,12096.0,45148.0,13084.0,16163.0,42314.0
2025-07-19_06:55:22,8030.0,12096.0,45148.0,13054.0,16163.0,42314.0
2025-07-19_06:55:22,9567.0,12096.0,45148.0,14222.0,16163.0,42314.0
2025-07-19_06:55:22,8537.0,12096.0,45148.0,13831.0,16163.0,42314.0
2025-07-19_06:55:23,8535.0,12096.0,45153.0,13258.0,16163.0,42314.0
2025-07-19_06:55:23,,,,13779.0,16163.0,42314.0
2025-07-19_06:55:27,3319.0,12096.0,45153.0,12193.0,16163.0,42314.0
2025-07-19_06:55:27,7974.0,12096.0,45153.0,13085.0,16163.0,42314.0
2025-07-19_06:55:27,8005.0,12096.0,45153.0,12867.0,16163.0,42314.0
2025-07-19_06:55:27,8098.0,12096.0,45153.0,12858.0,16163.0,42314.0
2025-07-19_06:55:27,,,,14109.0,16163.0,42314.0
2025-07-19_06:55:31,3302.0,12096.0,45153.0,12193.0,16163.0,42314.0
2025-07-19_06:55:31,8890.0,12096.0,45153.0,13778.0,16163.0,42314.0
2025-07-19_06:55:32,7983.0,12096.0,45153.0,13301.0,16163.0,42314.0
2025-07-19_06:55:32,,,,,,
2025-07-19_06:55:36,6964.0,12096.0,45153.0,3793.0,16163.0,42314.0
2025-07-19_06:55:36,9596.0,12096.0,45153.0,14097.0,16163.0,42315.0
2025-07-19_06:55:36,9950.0,12096.0,45153.0,13998.0,16163.0,42315.0
2025-07-19_06:55:36,,,,,,
2025-07-19_06:55:40,6965.0,12096.0,45153.0,3792.0,16163.0,42315.0
2025-07-19_06:55:40,9497.0,12096.0,45153.0,14324.0,16163.0,42315.0
2025-07-19_06:55:40,10300.0,12096.0,45153.0,14589.0,16163.0,42315.0
2025-07-19_06:55:41,,,,,,
2025-07-19_06:55:45,2778.0,12096.0,45153.0,3776.0,16163.0,42315.0
2025-07-19_06:55:45,9656.0,12096.0,45153.0,14091.0,16163.0,42315.0
2025-07-19_06:55:46,,,,,,
2025-07-19_06:55:49,6954.0,12096.0,45153.0,3795.0,16163.0,42315.0
2025-07-19_06:55:50,8555.0,12096.0,45153.0,13357.0,16163.0,42321.0
2025-07-19_06:55:50,7946.0,12096.0,45153.0,13079.0,16163.0,42321.0
2025-07-19_06:55:50,7962.0,12096.0,45153.0,13079.0,16163.0,42321.0
2025-07-19_06:55:50,8111.0,12096.0,45153.0,12804.0,16163.0,42321.0
2025-07-19_06:55:50,8067.0,12096.0,45153.0,13050.0,16163.0,42321.0
2025-07-19_06:55:51,7986.0,12096.0,45153.0,13267.0,16163.0,42321.0
2025-07-19_06:55:51,7968.0,12096.0,45153.0,12906.0,16163.0,42324.0
2025-07-19_06:55:51,7971.0,12096.0,45167.0,13084.0,16163.0,42324.0
2025-07-19_06:55:51,7962.0,12096.0,45167.0,12885.0,16163.0,42334.0
2025-07-19_06:55:52,8037.0,12096.0,45167.0,13237.0,16163.0,42334.0
2025-07-19_06:55:52,8045.0,12096.0,45167.0,13083.0,16163.0,42334.0
2025-07-19_06:55:52,8012.0,12096.0,45167.0,13053.0,16163.0,42334.0
2025-07-19_06:55:52,7995.0,12096.0,45167.0,13057.0,16163.0,42334.0
2025-07-19_06:55:53,,,,,,
2025-07-19_06:55:56,6965.0,12096.0,45167.0,3793.0,16163.0,42334.0
2025-07-19_06:55:57,7980.0,12096.0,45167.0,13166.0,16163.0,42334.0
2025-07-19_06:55:57,8064.0,12096.0,45167.0,13053.0,16163.0,42334.0
2025-07-19_06:55:57,8547.0,12096.0,45167.0,13803.0,16163.0,42334.0
2025-07-19_06:55:57,,,,,,
2025-07-19_06:56:01,6966.0,12096.0,45167.0,3794.0,16163.0,42334.0
2025-07-19_06:56:01,8650.0,12096.0,45169.0,14081.0,16163.0,42334.0
2025-07-19_06:56:01,,,,,,
2025-07-19_06:56:05,6965.0,12096.0,45169.0,3793.0,16163.0,42334.0
2025-07-19_06:56:05,10290.0,12096.0,45171.0,14438.0,16163.0,42336.0
2025-07-19_06:56:06,,,,14025.0,16163.0,42336.0
2025-07-19_06:56:10,2778.0,12096.0,45171.0,12196.0,16163.0,42336.0
2025-07-19_06:56:10,8515.0,12096.0,45171.0,13807.0,16163.0,42336.0
2025-07-19_06:56:10,8034.0,12096.0,45171.0,13350.0,16163.0,42336.0
2025-07-19_06:56:10,9641.0,12096.0,45171.0,14003.0,16163.0,42336.0
2025-07-19_06:56:10,8090.0,12096.0,45171.0,13253.0,16163.0,42336.0
2025-07-19_06:56:11,9735.0,12096.0,45171.0,13963.0,16163.0,42336.0
2025-07-19_06:56:11,9353.0,12096.0,45171.0,14038.0,16163.0,42336.0
2025-07-19_06:56:11,10157.0,12096.0,45171.0,13888.0,16163.0,42336.0
2025-07-19_06:56:11,8067.0,12096.0,45171.0,13050.0,16163.0,42336.0
2025-07-19_06:56:12,10113.0,12096.0,45171.0,14022.0,16163.0,42336.0
2025-07-19_06:56:12,8115.0,12096.0,45171.0,13226.0,16163.0,42336.0
2025-07-19_06:56:12,,,,14020.0,16163.0,42336.0
2025-07-19_06:56:16,2778.0,12096.0,45171.0,12190.0,16163.0,42336.0
2025-07-19_06:56:16,8090.0,12096.0,45171.0,13266.0,16163.0,42336.0
2025-07-19_06:56:16,10008.0,12096.0,45171.0,14002.0,16163.0,42336.0
2025-07-19_06:56:17,9888.0,12096.0,45171.0,13834.0,16163.0,42336.0
2025-07-19_06:56:17,7981.0,12096.0,45171.0,13227.0,16163.0,42336.0
2025-07-19_06:56:17,10239.0,12096.0,45171.0,14335.0,16163.0,42336.0
2025-07-19_06:56:17,8013.0,12096.0,45171.0,13303.0,16163.0,42336.0
2025-07-19_06:56:17,7984.0,12096.0,45171.0,13042.0,16163.0,42336.0
2025-07-19_06:56:18,8012.0,12096.0,45171.0,13253.0,16163.0,42336.0
2025-07-19_06:56:18,7997.0,12096.0,45177.0,13044.0,16163.0,42336.0
2025-07-19_06:56:18,9904.0,12096.0,45177.0,13978.0,16163.0,42336.0
2025-07-19_06:56:18,9683.0,12096.0,45177.0,14226.0,16163.0,42336.0
2025-07-19_06:56:19,8107.0,12096.0,45177.0,13046.0,16163.0,42336.0
2025-07-19_06:56:19,9984.0,12096.0,45177.0,14027.0,16163.0,42336.0
2025-07-19_06:56:19,8042.0,12104.0,45185.0,13083.0,16163.0,42336.0
2025-07-19_06:56:19,7962.0,12104.0,45190.0,13053.0,16163.0,42336.0
2025-07-19_06:56:19,8003.0,12104.0,45190.0,13335.0,16163.0,42336.0
2025-07-19_06:56:20,9965.0,12104.0,45190.0,13849.0,16163.0,42336.0
2025-07-19_06:56:20,8009.0,12104.0,45190.0,13256.0,16163.0,42336.0
2025-07-19_06:56:20,8001.0,12104.0,45190.0,13071.0,16163.0,42336.0
2025-07-19_06:56:20,,,,,,
2025-07-19_06:56:24,6965.0,12104.0,45190.0,3787.0,16163.0,42336.0
2025-07-19_06:56:24,9934.0,12104.0,45190.0,14236.0,16163.0,42336.0
2025-07-19_06:56:25,8644.0,12104.0,45190.0,14102.0,16163.0,42336.0
2025-07-19_06:56:25,8679.0,12104.0,45191.0,14279.0,16163.0,42336.0
2025-07-19_06:56:25,,,,,,
2025-07-19_06:56:29,6970.0,12104.0,45191.0,3786.0,16163.0,42336.0
2025-07-19_06:56:29,9262.0,12104.0,45191.0,13980.0,16163.0,42336.0
2025-07-19_06:56:29,8593.0,12104.0,45192.0,14086.0,16163.0,42336.0
2025-07-19_06:56:30,8588.0,12104.0,45192.0,14143.0,16163.0,42336.0
2025-07-19_06:56:30,8095.0,12104.0,45192.0,13051.0,16163.0,42336.0
2025-07-19_06:56:30,8622.0,12104.0,45192.0,14174.0,16163.0,42336.0
2025-07-19_06:56:30,8514.0,12104.0,45192.0,13259.0,16163.0,42336.0
2025-07-19_06:56:30,9928.0,12104.0,45192.0,14050.0,16163.0,42336.0
2025-07-19_06:56:31,8557.0,12104.0,45192.0,13936.0,16163.0,42336.0
2025-07-19_06:56:31,8672.0,12104.0,45192.0,13971.0,16163.0,42336.0
2025-07-19_06:56:31,9760.0,12104.0,45192.0,14252.0,16163.0,42336.0
2025-07-19_06:56:31,7987.0,12104.0,45192.0,12891.0,16163.0,42336.0
2025-07-19_06:56:32,9593.0,12104.0,45192.0,13998.0,16163.0,42336.0
2025-07-19_06:56:32,9586.0,12104.0,45192.0,14194.0,16163.0,42336.0
2025-07-19_06:56:32,7995.0,12104.0,45192.0,12843.0,16163.0,42336.0
2025-07-19_06:56:32,7965.0,12104.0,45193.0,13224.0,16163.0,42336.0
2025-07-19_06:56:32,,,,14213.0,16163.0,42336.0
2025-07-19_06:56:36,3360.0,12104.0,45193.0,12192.0,16163.0,42336.0
2025-07-19_06:56:36,,,,13273.0,16163.0,42336.0
2025-07-19_06:56:40,2778.0,12104.0,45193.0,12162.0,16163.0,42336.0
2025-07-19_06:56:41,8510.0,12104.0,45198.0,13840.0,16163.0,42336.0
2025-07-19_06:56:41,7971.0,12104.0,45198.0,13270.0,16163.0,42336.0
2025-07-19_06:56:41,,,,14008.0,16163.0,42336.0
2025-07-19_06:56:45,2778.0,12104.0,45198.0,12162.0,16163.0,42336.0
2025-07-19_06:56:45,,,,13590.0,16163.0,42336.0
2025-07-19_06:56:49,3319.0,12104.0,45198.0,12186.0,16163.0,42336.0
2025-07-19_06:56:49,9642.0,12104.0,45198.0,14061.0,16163.0,42336.0
2025-07-19_06:56:49,,,,13816.0,16163.0,42336.0
2025-07-19_06:56:53,3319.0,12104.0,45198.0,12190.0,16163.0,42336.0
2025-07-19_06:56:53,,,,13981.0,16163.0,42336.0
2025-07-19_06:56:57,3302.0,12104.0,45198.0,12184.0,16163.0,42336.0
2025-07-19_06:56:57,,,,13989.0,16163.0,42336.0
2025-07-19_06:57:01,3375.0,12104.0,45198.0,12165.0,16163.0,42336.0
2025-07-19_06:57:01,10103.0,12104.0,45198.0,14508.0,16163.0,42336.0
2025-07-19_06:57:01,8016.0,12104.0,45198.0,13232.0,16163.0,42336.0
2025-07-19_06:57:01,8564.0,12104.0,45198.0,13799.0,16163.0,42336.0
2025-07-19_06:57:02,9820.0,12104.0,45198.0,14257.0,16163.0,42336.0
2025-07-19_06:57:02,9596.0,12104.0,45198.0,13802.0,16163.0,42336.0
2025-07-19_06:57:02,8114.0,12104.0,45198.0,13046.0,16163.0,42336.0
2025-07-19_06:57:02,,,,,,
2025-07-19_06:57:06,6963.0,12104.0,45198.0,3795.0,16163.0,42336.0
2025-07-19_06:57:06,,,,,,
2025-07-19_06:57:10,6961.0,12104.0,45198.0,3792.0,16163.0,42336.0
2025-07-19_06:57:10,9932.0,12104.0,45198.0,14009.0,16163.0,42336.0
2025-07-19_06:57:11,8073.0,12104.0,45198.0,13048.0,16163.0,42336.0
2025-07-19_06:57:11,8060.0,12104.0,45198.0,13080.0,16163.0,42336.0
2025-07-19_06:57:11,,,,,,
2025-07-19_06:57:15,6965.0,12104.0,45198.0,3793.0,16163.0,42336.0
2025-07-19_06:57:15,,,,13828.0,16163.0,42336.0
2025-07-19_06:57:19,2778.0,12104.0,45198.0,12186.0,16163.0,42336.0
2025-07-19_06:57:19,9941.0,12104.0,45198.0,14187.0,16163.0,42336.0
2025-07-19_06:57:19,8076.0,12104.0,45198.0,13261.0,16163.0,42336.0
2025-07-19_06:57:20,,,,,,
2025-07-19_06:57:23,6964.0,12104.0,45198.0,3786.0,16163.0,42336.0
2025-07-19_06:57:24,8021.0,12104.0,45198.0,13052.0,16163.0,42336.0
2025-07-19_06:57:24,9871.0,12104.0,45198.0,14351.0,16163.0,42336.0
2025-07-19_06:57:24,9594.0,12104.0,45198.0,14185.0,16163.0,42336.0
2025-07-19_06:57:24,9547.0,12104.0,45198.0,14006.0,16163.0,42336.0
2025-07-19_06:57:24,8928.0,12104.0,45199.0,14002.0,16163.0,42336.0
2025-07-19_06:57:25,8667.0,12104.0,45199.0,14076.0,16163.0,42336.0
2025-07-19_06:57:25,10178.0,12104.0,45200.0,14025.0,16163.0,42336.0
2025-07-19_06:57:25,8606.0,12104.0,45200.0,14213.0,16163.0,42336.0
2025-07-19_06:57:25,9865.0,12104.0,45200.0,13737.0,16163.0,42336.0
2025-07-19_06:57:26,8631.0,12104.0,45200.0,14067.0,16163.0,42336.0
2025-07-19_06:57:26,8593.0,12104.0,45200.0,14078.0,16163.0,42336.0
2025-07-19_06:57:26,10232.0,12104.0,45200.0,13804.0,16163.0,42336.0
2025-07-19_06:57:26,9719.0,12104.0,45200.0,14271.0,16163.0,42336.0
2025-07-19_06:57:26,8554.0,12104.0,45200.0,13809.0,16163.0,42336.0
2025-07-19_06:57:27,,,,13041.0,16163.0,42336.0
2025-07-19_06:57:31,2778.0,12104.0,45200.0,12185.0,16163.0,42336.0
2025-07-19_06:57:31,7976.0,12104.0,45200.0,13310.0,16163.0,42336.0
2025-07-19_06:57:31,8018.0,12104.0,45200.0,13260.0,16163.0,42336.0
2025-07-19_06:57:31,8856.0,12104.0,45205.0,14281.0,16163.0,42340.0
2025-07-19_06:57:31,7969.0,12104.0,45205.0,13307.0,16163.0,42340.0
2025-07-19_06:57:32,,,,13242.0,16163.0,42340.0
2025-07-19_06:57:36,2778.0,12104.0,45205.0,12186.0,16163.0,42340.0
2025-07-19_06:57:36,9033.0,12104.0,45205.0,13819.0,16163.0,42340.0
2025-07-19_06:57:36,,,,13091.0,16163.0,42340.0
2025-07-19_06:57:40,2778.0,12104.0,45205.0,12162.0,16163.0,42340.0
2025-07-19_06:57:40,7977.0,12104.0,45205.0,13043.0,16163.0,42340.0
2025-07-19_06:57:40,,,,14340.0,16163.0,42340.0
2025-07-19_06:57:44,2778.0,12104.0,45205.0,12190.0,16163.0,42340.0
2025-07-19_06:57:44,8541.0,12104.0,45205.0,14009.0,16163.0,42340.0
2025-07-19_06:57:45,8518.0,12104.0,45205.0,12920.0,16163.0,42340.0
2025-07-19_06:57:45,,,,,,
2025-07-19_06:57:49,6968.0,12104.0,45205.0,3792.0,16163.0,42340.0
2025-07-19_06:57:49,,,,14501.0,16163.0,42340.0
2025-07-19_06:57:53,3302.0,12104.0,45205.0,12205.0,16163.0,42340.0
2025-07-19_06:57:53,,,,,,
2025-07-19_06:57:57,6970.0,12104.0,45205.0,3793.0,16163.0,42340.0
2025-07-19_06:57:57,7993.0,12104.0,45205.0,13085.0,16163.0,42340.0
2025-07-19_06:57:57,9904.0,12104.0,45205.0,13967.0,16163.0,42340.0
2025-07-19_06:57:57,8576.0,12104.0,45205.0,14083.0,16163.0,42340.0
2025-07-19_06:57:58,9789.0,12104.0,45205.0,14249.0,16163.0,42340.0
2025-07-19_06:57:58,8096.0,12104.0,45205.0,12903.0,16163.0,42340.0
2025-07-19_06:57:58,9992.0,12104.0,45207.0,13994.0,16163.0,42340.0
2025-07-19_06:57:58,10101.0,12104.0,45208.0,13996.0,16163.0,42340.0
2025-07-19_06:57:58,8587.0,12104.0,45208.0,14064.0,16163.0,42340.0
2025-07-19_06:57:59,9610.0,12104.0,45208.0,13799.0,16163.0,42340.0
2025-07-19_06:57:59,8026.0,12104.0,45208.0,13041.0,16163.0,42340.0
2025-07-19_06:57:59,10160.0,12104.0,45208.0,14060.0,16163.0,42340.0
2025-07-19_06:57:59,,,,,,
2025-07-19_06:58:03,6975.0,12104.0,45208.0,3793.0,16163.0,42340.0
2025-07-19_06:58:03,8754.0,12104.0,45208.0,13617.0,16163.0,42340.0
2025-07-19_06:58:04,9223.0,12104.0,45208.0,13996.0,16163.0,42340.0
2025-07-19_06:58:04,7997.0,12104.0,45208.0,13070.0,16163.0,42340.0
2025-07-19_06:58:04,,,,13798.0,16163.0,42340.0
2025-07-19_06:58:08,3319.0,12104.0,45208.0,12182.0,16163.0,42340.0
2025-07-19_06:58:08,7972.0,12104.0,45208.0,13271.0,16163.0,42340.0
2025-07-19_06:58:08,8632.0,12104.0,45232.0,14088.0,16163.0,42340.0
2025-07-19_06:58:08,,,,,,
2025-07-19_06:58:13,3356.0,12104.0,45232.0,4595.0,16163.0,42343.0
2025-07-19_06:58:13,9260.0,12104.0,45232.0,13942.0,16163.0,42343.0
2025-07-19_06:58:13,,,,,,
2025-07-19_06:58:17,6964.0,12104.0,45232.0,3793.0,16163.0,42343.0
2025-07-19_06:58:17,9814.0,12104.0,45232.0,13879.0,16163.0,42343.0
2025-07-19_06:58:17,8120.0,12104.0,45235.0,13239.0,16163.0,42343.0
2025-07-19_06:58:18,7972.0,12104.0,45235.0,13042.0,16163.0,42343.0
2025-07-19_06:58:18,8533.0,12104.0,45235.0,14352.0,16163.0,42343.0
2025-07-19_06:58:18,9627.0,12104.0,45235.0,14026.0,16163.0,42343.0
2025-07-19_06:58:18,8668.0,12104.0,45235.0,14083.0,16163.0,42343.0
2025-07-19_06:58:19,8105.0,12104.0,45235.0,12865.0,16163.0,42343.0
2025-07-19_06:58:19,10167.0,12104.0,45238.0,14105.0,16163.0,42344.0
2025-07-19_06:58:19,7989.0,12104.0,45238.0,13233.0,16163.0,42344.0
2025-07-19_06:58:19,10480.0,12104.0,45238.0,14729.0,16163.0,42345.0
2025-07-19_06:58:19,7981.0,12104.0,45238.0,12801.0,16163.0,42345.0
2025-07-19_06:58:20,8094.0,12104.0,45238.0,13076.0,16163.0,42345.0
2025-07-19_06:58:20,9734.0,12104.0,45238.0,14091.0,16163.0,42345.0
2025-07-19_06:58:20,8554.0,12104.0,45238.0,13802.0,16163.0,42345.0
2025-07-19_06:58:20,8077.0,12104.0,45238.0,13055.0,16163.0,42345.0
2025-07-19_06:58:21,8656.0,12104.0,45262.0,14095.0,16163.0,42345.0
2025-07-19_06:58:21,,,,,,
2025-07-19_06:58:25,6968.0,12104.0,45262.0,3793.0,16163.0,42345.0
2025-07-19_06:58:25,8570.0,12104.0,45262.0,13850.0,16163.0,42345.0
2025-07-19_06:58:25,9569.0,12104.0,45262.0,13996.0,16163.0,42345.0
2025-07-19_06:58:25,8107.0,12104.0,45262.0,13233.0,16163.0,42345.0
2025-07-19_06:58:26,9978.0,12104.0,45262.0,14255.0,16163.0,42345.0
2025-07-19_06:58:26,,,,,,
2025-07-19_06:58:30,2778.0,12104.0,45262.0,3776.0,16163.0,42345.0
2025-07-19_06:58:30,,,,13092.0,16163.0,42345.0
2025-07-19_06:58:34,2780.0,12104.0,45262.0,12156.0,16163.0,42345.0
2025-07-19_06:58:34,8688.0,12104.0,45263.0,14055.0,16163.0,42345.0
2025-07-19_06:58:35,8027.0,12104.0,45263.0,12840.0,16163.0,42345.0
2025-07-19_06:58:35,8539.0,12104.0,45263.0,13919.0,16163.0,42345.0
2025-07-19_06:58:35,8375.0,12104.0,45263.0,13784.0,16163.0,42345.0
2025-07-19_06:58:35,,,,14305.0,16163.0,42345.0
2025-07-19_06:58:39,3358.0,12104.0,45263.0,12165.0,16163.0,42345.0
2025-07-19_06:58:39,9459.0,12104.0,45263.0,14122.0,16163.0,42345.0
2025-07-19_06:58:39,9555.0,12104.0,45263.0,14019.0,16163.0,42345.0
2025-07-19_06:58:40,9877.0,12105.0,45264.0,13973.0,16163.0,42345.0
2025-07-19_06:58:40,,,,,,
2025-07-19_06:58:44,6965.0,12105.0,45264.0,3793.0,16163.0,42345.0
2025-07-19_06:58:44,,,,13797.0,16163.0,42345.0
2025-07-19_06:58:48,2778.0,12105.0,45264.0,12188.0,16163.0,42345.0
2025-07-19_06:58:48,8603.0,12105.0,45264.0,14083.0,16163.0,42345.0
2025-07-19_06:58:48,,,,14358.0,16163.0,42345.0
2025-07-19_06:58:52,3377.0,12105.0,45264.0,12166.0,16163.0,42345.0
2025-07-19_06:58:52,9887.0,12105.0,45264.0,14305.0,16163.0,42345.0
2025-07-19_06:58:52,7976.0,12105.0,45264.0,13052.0,16163.0,42345.0
2025-07-19_06:58:52,,,,13965.0,16163.0,42345.0
2025-07-19_06:58:56,3375.0,12105.0,45264.0,12191.0,16163.0,42345.0
2025-07-19_06:58:56,9993.0,12105.0,45265.0,14263.0,16163.0,42345.0
2025-07-19_06:58:57,8762.0,12105.0,45265.0,14479.0,16163.0,42345.0
2025-07-19_06:58:57,8048.0,12105.0,45265.0,13480.0,16163.0,42345.0
2025-07-19_06:58:57,8540.0,12105.0,45265.0,13809.0,16163.0,42345.0
2025-07-19_06:58:57,8627.0,12105.0,45265.0,14081.0,16163.0,42345.0
2025-07-19_06:58:58,9898.0,12105.0,45265.0,13982.0,16163.0,42345.0
2025-07-19_06:58:58,3356.0,12105.0,45265.0,12196.0,16163.0,42345.0
2025-07-19_06:58:59,8022.0,12105.0,45265.0,13234.0,16163.0,42345.0
2025-07-19_06:58:59,,,,,,
2025-07-19_06:59:03,6971.0,12105.0,45265.0,3787.0,16163.0,42345.0
2025-07-19_06:59:03,8001.0,12105.0,45265.0,13057.0,16163.0,42345.0
2025-07-19_06:59:03,8664.0,12105.0,45265.0,14280.0,16163.0,42345.0
2025-07-19_06:59:03,8535.0,12105.0,45265.0,13936.0,16163.0,42345.0
2025-07-19_06:59:04,8078.0,12105.0,45265.0,13092.0,16163.0,42345.0
2025-07-19_06:59:04,9813.0,12105.0,45265.0,14224.0,16163.0,42345.0
2025-07-19_06:59:04,,,,,,
2025-07-19_06:59:08,6963.0,12105.0,45265.0,3792.0,16163.0,42345.0
2025-07-19_06:59:08,9552.0,12105.0,45265.0,13982.0,16163.0,42345.0
2025-07-19_06:59:08,9659.0,12105.0,45265.0,13942.0,16163.0,42345.0
2025-07-19_06:59:08,9887.0,12105.0,45265.0,14020.0,16163.0,42345.0
2025-07-19_06:59:09,8115.0,12105.0,45265.0,13078.0,16163.0,42345.0
2025-07-19_06:59:09,8728.0,12105.0,45265.0,14220.0,16163.0,42345.0
2025-07-19_06:59:09,,,,14145.0,16163.0,42345.0
2025-07-19_06:59:13,2778.0,12105.0,45265.0,12172.0,16163.0,42345.0
2025-07-19_06:59:13,10783.0,12105.0,45270.0,14944.0,16163.0,42358.0
2025-07-19_06:59:13,7965.0,12105.0,45270.0,13350.0,16163.0,42358.0
2025-07-19_06:59:14,,,,13597.0,16163.0,42358.0
2025-07-19_06:59:17,3319.0,12105.0,45270.0,12197.0,16164.0,42359.0
2025-07-19_06:59:17,10260.0,12105.0,45270.0,14423.0,16164.0,42359.0
2025-07-19_06:59:18,8118.0,12105.0,45270.0,13294.0,16164.0,42359.0
2025-07-19_06:59:18,10157.0,12105.0,45270.0,14049.0,16164.0,42360.0
2025-07-19_06:59:18,7942.0,12105.0,45270.0,13087.0,16164.0,42360.0
2025-07-19_06:59:18,7973.0,12105.0,45270.0,13306.0,16164.0,42360.0
2025-07-19_06:59:18,,,,,,
2025-07-19_06:59:22,6965.0,12105.0,45270.0,3793.0,16164.0,42360.0
2025-07-19_06:59:23,2778.0,12105.0,45270.0,12197.0,16164.0,42360.0
2025-07-19_06:59:23,10095.0,12105.0,45270.0,14032.0,16164.0,42360.0
2025-07-19_06:59:24,9944.0,12105.0,45270.0,14256.0,16164.0,42360.0
2025-07-19_06:59:24,8685.0,12105.0,45270.0,14047.0,16164.0,42360.0
2025-07-19_06:59:24,,,,13779.0,16164.0,42360.0
2025-07-19_06:59:28,3319.0,12105.0,45270.0,12191.0,16164.0,42360.0
2025-07-19_06:59:28,8543.0,12105.0,45270.0,13691.0,16164.0,42360.0
2025-07-19_06:59:28,8675.0,12105.0,45270.0,14083.0,16164.0,42360.0
2025-07-19_06:59:28,8699.0,12105.0,45270.0,14470.0,16164.0,42360.0
2025-07-19_06:59:29,8680.0,12105.0,45270.0,14222.0,16164.0,42360.0
2025-07-19_06:59:29,8003.0,12105.0,45270.0,13262.0,16164.0,42360.0
2025-07-19_06:59:29,8083.0,12105.0,45270.0,13257.0,16164.0,42360.0
2025-07-19_06:59:29,,,,,,
2025-07-19_06:59:33,6968.0,12105.0,45270.0,3792.0,16164.0,42360.0
2025-07-19_06:59:33,10075.0,12105.0,45270.0,14051.0,16164.0,42360.0
2025-07-19_06:59:34,8528.0,12105.0,45270.0,13256.0,16164.0,42360.0
2025-07-19_06:59:34,8135.0,12105.0,45270.0,13050.0,16164.0,42360.0
2025-07-19_06:59:34,8003.0,12105.0,45270.0,13056.0,16164.0,42360.0
2025-07-19_06:59:34,10031.0,12105.0,45270.0,14329.0,16164.0,42360.0
2025-07-19_06:59:34,8574.0,12105.0,45270.0,13954.0,16164.0,42360.0
2025-07-19_06:59:35,7962.0,12105.0,45270.0,13050.0,16164.0,42360.0
2025-07-19_06:59:35,8111.0,12105.0,45270.0,13040.0,16164.0,42360.0
2025-07-19_06:59:35,,,,,,
2025-07-19_06:59:39,6964.0,12105.0,45270.0,3786.0,16164.0,42360.0
2025-07-19_06:59:39,8621.0,12105.0,45270.0,14056.0,16164.0,42360.0
2025-07-19_06:59:39,8636.0,12105.0,45270.0,13873.0,16164.0,42360.0
2025-07-19_06:59:40,,,,,,
2025-07-19_06:59:43,6970.0,12105.0,45270.0,3792.0,16164.0,42360.0
2025-07-19_06:59:44,9912.0,12105.0,45270.0,14021.0,16164.0,42360.0
2025-07-19_06:59:44,10505.0,12105.0,45270.0,14624.0,16164.0,42360.0
2025-07-19_06:59:44,8086.0,12105.0,45270.0,13046.0,16164.0,42360.0
2025-07-19_06:59:44,7988.0,12105.0,45270.0,13076.0,16164.0,42360.0
2025-07-19_06:59:45,,,,,,
2025-07-19_06:59:48,6965.0,12105.0,45270.0,3793.0,16164.0,42360.0
2025-07-19_06:59:49,9675.0,12105.0,45270.0,14017.0,16164.0,42360.0
2025-07-19_06:59:49,8948.0,12105.0,45270.0,13811.0,16164.0,42360.0
2025-07-19_06:59:49,8028.0,12105.0,45270.0,13043.0,16164.0,42360.0
2025-07-19_06:59:49,,,,,,
2025-07-19_06:59:53,6965.0,12105.0,45270.0,3793.0,16164.0,42360.0
2025-07-19_06:59:53,9883.0,12105.0,45270.0,13974.0,16164.0,42360.0
2025-07-19_06:59:54,9321.0,12105.0,45270.0,14162.0,16164.0,42360.0
2025-07-19_06:59:54,9729.0,12105.0,45270.0,14232.0,16164.0,42360.0
2025-07-19_06:59:54,10833.0,12105.0,45272.0,15087.0,16164.0,42360.0
2025-07-19_06:59:54,8004.0,12105.0,45272.0,13346.0,16164.0,42360.0
2025-07-19_06:59:54,9179.0,12105.0,45272.0,13786.0,16164.0,42360.0
2025-07-19_06:59:55,8107.0,12105.0,45272.0,13051.0,16164.0,42360.0
2025-07-19_06:59:55,8618.0,12105.0,45272.0,13833.0,16164.0,42360.0
2025-07-19_06:59:55,,,,14251.0,16164.0,42360.0
2025-07-19_06:59:59,3358.0,12105.0,45272.0,12166.0,16164.0,42360.0
2025-07-19_06:59:59,8086.0,12105.0,45272.0,13045.0,16164.0,42360.0
2025-07-19_06:59:59,,,,13929.0,16164.0,42360.0
2025-07-19_07:00:03,3319.0,12105.0,45272.0,12190.0,16164.0,42360.0
2025-07-19_07:00:03,9881.0,12105.0,45272.0,13995.0,16164.0,42360.0
2025-07-19_07:00:03,8115.0,12105.0,45272.0,13265.0,16164.0,42360.0
2025-07-19_07:00:07,2778.0,12105.0,45272.0,12169.0,16164.0,42360.0
2025-07-19_07:00:07,8654.0,12105.0,45272.0,14110.0,16164.0,42360.0
2025-07-19_07:00:08,9866.0,12105.0,45272.0,14047.0,16164.0,42360.0
2025-07-19_07:00:08,8738.0,12105.0,45272.0,14274.0,16164.0,42360.0
2025-07-19_07:00:08,9740.0,12105.0,45274.0,14030.0,16164.0,42360.0
2025-07-19_07:00:08,8624.0,12105.0,45277.0,13430.0,16164.0,42360.0
2025-07-19_07:00:08,8611.0,12105.0,45277.0,14362.0,16164.0,42360.0
2025-07-19_07:00:09,10805.0,12105.0,45278.0,15141.0,16164.0,42425.0
2025-07-19_07:00:09,8518.0,12105.0,45278.0,13748.0,16164.0,42425.0
2025-07-19_07:00:09,,,,13788.0,16164.0,42425.0
2025-07-19_07:00:13,3358.0,12105.0,45278.0,12199.0,16164.0,42425.0
2025-07-19_07:00:13,8018.0,12105.0,45278.0,13048.0,16164.0,42425.0
2025-07-19_07:00:13,8608.0,12105.0,45278.0,13917.0,16164.0,42425.0
2025-07-19_07:00:17,2778.0,12105.0,45278.0,12188.0,16164.0,42425.0
2025-07-19_07:00:17,9700.0,12105.0,45278.0,13638.0,16164.0,42425.0
2025-07-19_07:00:18,10041.0,12105.0,45278.0,14110.0,16164.0,42425.0
2025-07-19_07:00:18,8114.0,12105.0,45278.0,13108.0,16164.0,42425.0
2025-07-19_07:00:18,8740.0,12105.0,45278.0,14191.0,16164.0,42425.0
2025-07-19_07:00:18,,,,,,
2025-07-19_07:00:22,6963.0,12105.0,45278.0,3794.0,16164.0,42425.0
2025-07-19_07:00:22,,,,,,
2025-07-19_07:00:26,6960.0,12105.0,45278.0,3795.0,16164.0,42425.0
2025-07-19_07:00:26,,,,,,
2025-07-19_07:00:30,6962.0,12105.0,45278.0,3793.0,16164.0,42425.0
2025-07-19_07:00:30,7970.0,12105.0,45278.0,13242.0,16164.0,42425.0
2025-07-19_07:00:31,9965.0,12105.0,45278.0,13943.0,16164.0,42425.0
2025-07-19_07:00:31,,,,,,
2025-07-19_07:00:35,6962.0,12105.0,45278.0,3792.0,16164.0,42425.0
2025-07-19_07:00:35,9943.0,12105.0,45278.0,14026.0,16164.0,42425.0
2025-07-19_07:00:35,,,,,,
2025-07-19_07:00:39,6965.0,12105.0,45278.0,3793.0,16164.0,42425.0
2025-07-19_07:00:39,,,,14063.0,16164.0,42425.0
2025-07-19_07:00:43,3375.0,12105.0,45278.0,12149.0,16164.0,42425.0
2025-07-19_07:00:43,8534.0,12105.0,45278.0,13805.0,16164.0,42425.0
2025-07-19_07:00:43,9553.0,12105.0,45278.0,13963.0,16164.0,42425.0
2025-07-19_07:00:43,,,,13992.0,16164.0,42425.0
2025-07-19_07:00:47,3319.0,12105.0,45278.0,12197.0,16164.0,42425.0
2025-07-19_07:00:47,9719.0,12105.0,45278.0,14083.0,16164.0,42425.0
2025-07-19_07:00:48,9808.0,12105.0,45278.0,14404.0,16164.0,42425.0
2025-07-19_07:00:48,9821.0,12105.0,45278.0,14254.0,16164.0,42425.0
2025-07-19_07:00:48,,,,,,
2025-07-19_07:00:52,6963.0,12105.0,45278.0,3793.0,16164.0,42425.0
2025-07-19_07:00:52,8639.0,12105.0,45278.0,14276.0,16164.0,42425.0
2025-07-19_07:00:52,,,,,,
2025-07-19_07:00:56,6959.0,12105.0,45278.0,3793.0,16164.0,42425.0
2025-07-19_07:00:56,8599.0,12105.0,45278.0,14089.0,16164.0,42425.0
2025-07-19_07:00:56,8565.0,12105.0,45278.0,13899.0,16164.0,42425.0
2025-07-19_07:00:57,9892.0,12105.0,45278.0,14288.0,16164.0,42425.0
2025-07-19_07:00:57,9965.0,12105.0,45278.0,13984.0,16164.0,42425.0
2025-07-19_07:00:57,10196.0,12105.0,45279.0,14292.0,16164.0,42425.0
2025-07-19_07:00:57,,,,13109.0,16164.0,42425.0
2025-07-19_07:01:01,2778.0,12105.0,45279.0,12199.0,16164.0,42425.0
2025-07-19_07:01:01,7961.0,12105.0,45279.0,12904.0,16164.0,42425.0
2025-07-19_07:01:02,,,,14322.0,16164.0,42425.0
2025-07-19_07:01:05,3375.0,12105.0,45279.0,12193.0,16164.0,42425.0
2025-07-19_07:01:06,10141.0,12105.0,45279.0,13862.0,16164.0,42425.0
2025-07-19_07:01:06,10150.0,12105.0,45279.0,14303.0,16164.0,42425.0
2025-07-19_07:01:06,9190.0,12105.0,45279.0,13833.0,16164.0,42425.0
2025-07-19_07:01:06,10086.0,12105.0,45279.0,14303.0,16164.0,42425.0
2025-07-19_07:01:07,8632.0,12105.0,45279.0,14341.0,16164.0,42425.0
2025-07-19_07:01:07,7954.0,12105.0,45279.0,13035.0,16164.0,42427.0
2025-07-19_07:01:07,7961.0,12105.0,45279.0,13267.0,16164.0,42427.0
2025-07-19_07:01:07,,,,,,
2025-07-19_07:01:11,6964.0,12105.0,45279.0,3793.0,16164.0,42427.0
2025-07-19_07:01:11,8617.0,12105.0,45279.0,14091.0,16164.0,42427.0
2025-07-19_07:01:11,7972.0,12105.0,45279.0,13041.0,16164.0,42427.0
2025-07-19_07:01:12,9895.0,12105.0,45279.0,13981.0,16164.0,42427.0
2025-07-19_07:01:12,,,,14015.0,16164.0,42427.0
2025-07-19_07:01:16,3302.0,12105.0,45279.0,12190.0,16164.0,42427.0
2025-07-19_07:01:16,8537.0,12105.0,45282.0,13255.0,16164.0,42427.0
2025-07-19_07:01:16,,,,,,
2025-07-19_07:01:20,6967.0,12105.0,45282.0,3792.0,16164.0,42427.0
2025-07-19_07:01:20,,,,,,
2025-07-19_07:01:24,6964.0,12105.0,45282.0,3793.0,16164.0,42427.0
2025-07-19_07:01:24,7991.0,12105.0,45282.0,13264.0,16164.0,42427.0
2025-07-19_07:01:24,9809.0,12105.0,45282.0,14364.0,16164.0,42427.0
2025-07-19_07:01:25,2778.0,12105.0,45282.0,12191.0,16164.0,42427.0
2025-07-19_07:01:26,7984.0,12105.0,45282.0,13308.0,16164.0,42427.0
2025-07-19_07:01:26,,,,14005.0,16164.0,42427.0
2025-07-19_07:01:29,3358.0,12105.0,45282.0,12171.0,16164.0,42427.0
2025-07-19_07:01:30,9645.0,12105.0,45282.0,14076.0,16164.0,42427.0
2025-07-19_07:01:30,8532.0,12106.0,45283.0,13256.0,16164.0,42427.0
2025-07-19_07:01:30,10185.0,12106.0,45283.0,14354.0,16164.0,42427.0
2025-07-19_07:01:30,,,,14409.0,16164.0,42470.0
2025-07-19_07:01:34,2778.0,12106.0,45283.0,12194.0,16164.0,42470.0
2025-07-19_07:01:35,,,,,,
2025-07-19_07:01:38,6970.0,12106.0,45283.0,3792.0,16164.0,42470.0
2025-07-19_07:01:39,8085.0,12106.0,45283.0,13238.0,16164.0,42470.0
2025-07-19_07:01:39,9800.0,12106.0,45283.0,13968.0,16164.0,42470.0
2025-07-19_07:01:39,10911.0,12106.0,45283.0,15155.0,16164.0,42470.0
2025-07-19_07:01:39,9467.0,12106.0,45283.0,14183.0,16164.0,42470.0
2025-07-19_07:01:40,8636.0,12106.0,45284.0,13906.0,16164.0,42470.0
2025-07-19_07:01:40,8668.0,12106.0,45284.0,14190.0,16164.0,42470.0
2025-07-19_07:01:40,9771.0,12106.0,45284.0,13836.0,16164.0,42470.0
2025-07-19_07:01:40,9890.0,12106.0,45284.0,14276.0,16164.0,42470.0
2025-07-19_07:01:44,2778.0,12106.0,45284.0,12190.0,16164.0,42470.0
2025-07-19_07:01:44,8028.0,12106.0,45284.0,13074.0,16164.0,42470.0
2025-07-19_07:01:45,8619.0,12106.0,45284.0,13908.0,16164.0,42470.0
2025-07-19_07:01:45,8012.0,12106.0,45284.0,13056.0,16164.0,42470.0
2025-07-19_07:01:45,9875.0,12106.0,45284.0,13980.0,16164.0,42470.0
2025-07-19_07:01:45,10120.0,12106.0,45284.0,14581.0,16164.0,42471.0
2025-07-19_07:01:45,9906.0,12106.0,45284.0,13993.0,16164.0,42471.0
2025-07-19_07:01:46,8607.0,12106.0,45284.0,14288.0,16164.0,42471.0
2025-07-19_07:01:46,,,,,,
2025-07-19_07:01:50,6970.0,12106.0,45284.0,3793.0,16164.0,42471.0
2025-07-19_07:01:50,,,,14097.0,16164.0,42471.0
2025-07-19_07:01:54,2778.0,12106.0,45284.0,12170.0,16164.0,42471.0
2025-07-19_07:01:54,,,,,,
2025-07-19_07:01:58,6969.0,12106.0,45284.0,3787.0,16164.0,42471.0
2025-07-19_07:01:58,7978.0,12106.0,45284.0,12831.0,16164.0,42471.0
2025-07-19_07:01:58,,,,14030.0,16164.0,42471.0
2025-07-19_07:02:02,2778.0,12106.0,45284.0,12185.0,16164.0,42471.0
2025-07-19_07:02:02,9857.0,12106.0,45284.0,13975.0,16164.0,42474.0
2025-07-19_07:02:03,,,,13983.0,16164.0,42474.0
2025-07-19_07:02:06,3375.0,12106.0,45284.0,12181.0,16164.0,42474.0
2025-07-19_07:02:07,7944.0,12106.0,45284.0,13052.0,16164.0,42474.0
2025-07-19_07:02:07,8539.0,12106.0,45284.0,13984.0,16164.0,42474.0
2025-07-19_07:02:07,8599.0,12106.0,45285.0,14096.0,16164.0,42474.0
2025-07-19_07:02:07,9624.0,12106.0,45285.0,14014.0,16164.0,42474.0
2025-07-19_07:02:07,8032.0,12106.0,45285.0,13055.0,16164.0,42474.0
2025-07-19_07:02:08,,,,,,
2025-07-19_07:02:11,6965.0,12106.0,45285.0,3793.0,16164.0,42474.0
2025-07-19_07:02:12,2778.0,12106.0,45285.0,12197.0,16164.0,42474.0
2025-07-19_07:02:12,7971.0,12106.0,45285.0,13078.0,16164.0,42474.0
2025-07-19_07:02:13,,,,,,
2025-07-19_07:02:16,6965.0,12106.0,45285.0,3792.0,16164.0,42474.0
2025-07-19_07:02:17,,,,14122.0,16164.0,42474.0
2025-07-19_07:02:20,3358.0,12106.0,45285.0,12193.0,16164.0,42474.0
2025-07-19_07:02:21,8008.0,12106.0,45285.0,12840.0,16164.0,42474.0
2025-07-19_07:02:21,7955.0,12106.0,45285.0,13053.0,16164.0,42474.0
2025-07-19_07:02:21,8545.0,12106.0,45287.0,13803.0,16164.0,42474.0
2025-07-19_07:02:21,9149.0,12106.0,45287.0,13995.0,16164.0,42474.0
2025-07-19_07:02:22,,,,14291.0,16164.0,42474.0
2025-07-19_07:02:25,3358.0,12106.0,45287.0,12194.0,16164.0,42474.0
2025-07-19_07:02:25,8656.0,12106.0,45288.0,14074.0,16164.0,42474.0
2025-07-19_07:02:26,9322.0,12106.0,45288.0,13901.0,16164.0,42474.0
2025-07-19_07:02:26,,,,,,
2025-07-19_07:02:30,6963.0,12106.0,45288.0,3793.0,16164.0,42474.0
2025-07-19_07:02:30,8637.0,12106.0,45288.0,14080.0,16164.0,42474.0
2025-07-19_07:02:30,,,,13805.0,16164.0,42474.0
2025-07-19_07:02:34,3302.0,12106.0,45288.0,12167.0,16164.0,42474.0
2025-07-19_07:02:34,8659.0,12106.0,45288.0,14089.0,16164.0,42474.0
2025-07-19_07:02:34,9856.0,12106.0,45288.0,13803.0,16164.0,42474.0
2025-07-19_07:02:35,9877.0,12106.0,45288.0,14032.0,16164.0,42474.0
2025-07-19_07:02:35,9251.0,12106.0,45288.0,14009.0,16164.0,42474.0
2025-07-19_07:02:35,,,,,,
2025-07-19_07:02:39,6971.0,12106.0,45288.0,3793.0,16164.0,42474.0
2025-07-19_07:02:39,,,,13224.0,16164.0,42475.0
2025-07-19_07:02:43,2778.0,12106.0,45288.0,12183.0,16164.0,42475.0
2025-07-19_07:02:43,9903.0,12106.0,45288.0,14039.0,16164.0,42475.0
2025-07-19_07:02:43,8005.0,12106.0,45288.0,13079.0,16164.0,42475.0
2025-07-19_07:02:44,8685.0,12106.0,45288.0,13871.0,16164.0,42475.0
2025-07-19_07:02:44,,,,14275.0,16164.0,42513.0
2025-07-19_07:02:48,3373.0,12106.0,45288.0,12190.0,16164.0,42513.0
2025-07-19_07:02:48,8520.0,12106.0,45288.0,13228.0,16164.0,42513.0
2025-07-19_07:02:48,8010.0,12106.0,45288.0,13259.0,16164.0,42513.0
2025-07-19_07:02:48,8533.0,12106.0,45288.0,13891.0,16164.0,42513.0
2025-07-19_07:02:48,8090.0,12106.0,45289.0,13271.0,16164.0,42513.0
2025-07-19_07:02:49,7998.0,12106.0,45289.0,13084.0,16164.0,42513.0
2025-07-19_07:02:49,9199.0,12106.0,45289.0,13544.0,16164.0,42513.0
2025-07-19_07:02:49,,,,,,
2025-07-19_07:02:53,6965.0,12106.0,45289.0,3793.0,16164.0,42513.0
2025-07-19_07:02:53,8098.0,12106.0,45289.0,12807.0,16164.0,42513.0
2025-07-19_07:02:53,9173.0,12106.0,45289.0,13997.0,16164.0,42513.0
2025-07-19_07:02:54,8020.0,12106.0,45289.0,13307.0,16164.0,42513.0
2025-07-19_07:02:54,,,,14055.0,16164.0,42513.0
2025-07-19_07:02:58,2778.0,12106.0,45289.0,12197.0,16164.0,42513.0
2025-07-19_07:02:58,8524.0,12106.0,45289.0,13811.0,16164.0,42513.0
2025-07-19_07:02:58,10120.0,12106.0,45289.0,14390.0,16164.0,42513.0
2025-07-19_07:02:58,8508.0,12106.0,45289.0,13800.0,16164.0,42513.0
2025-07-19_07:02:59,9510.0,12106.0,45289.0,14079.0,16164.0,42513.0
2025-07-19_07:02:59,9833.0,12106.0,45289.0,13996.0,16164.0,42513.0
2025-07-19_07:02:59,,,,14142.0,16164.0,42514.0
2025-07-19_07:03:03,3319.0,12106.0,45289.0,12185.0,16164.0,42514.0
2025-07-19_07:03:03,8973.0,12106.0,45289.0,13813.0,16164.0,42514.0
2025-07-19_07:03:03,8104.0,12106.0,45289.0,13042.0,16164.0,42514.0
2025-07-19_07:03:03,8553.0,12106.0,45289.0,13889.0,16164.0,42514.0
2025-07-19_07:03:03,8601.0,12106.0,45289.0,14097.0,16164.0,42514.0
2025-07-19_07:03:04,,,,12746.0,16164.0,42514.0
2025-07-19_07:03:08,2778.0,12106.0,45289.0,12185.0,16164.0,42514.0
2025-07-19_07:03:08,,,,,,
2025-07-19_07:03:12,6967.0,12106.0,45289.0,3793.0,16164.0,42514.0
2025-07-19_07:03:12,9906.0,12106.0,45289.0,14003.0,16164.0,42514.0
2025-07-19_07:03:12,9941.0,12106.0,45289.0,14263.0,16164.0,42514.0
2025-07-19_07:03:12,10137.0,12106.0,45291.0,14222.0,16164.0,42514.0
2025-07-19_07:03:12,8034.0,12106.0,45291.0,13050.0,16164.0,42514.0
2025-07-19_07:03:13,,,,14231.0,16164.0,42514.0
2025-07-19_07:03:16,3375.0,12106.0,45291.0,12189.0,16164.0,42514.0
2025-07-19_07:03:17,9947.0,12106.0,45291.0,13993.0,16164.0,42514.0
2025-07-19_07:03:17,8550.0,12106.0,45291.0,13879.0,16164.0,42514.0
2025-07-19_07:03:17,10517.0,12106.0,45291.0,14305.0,16164.0,42515.0
2025-07-19_07:03:17,8654.0,12106.0,45291.0,14013.0,16164.0,42515.0
2025-07-19_07:03:18,9866.0,12106.0,45291.0,13956.0,16164.0,42515.0
2025-07-19_07:03:18,8534.0,12106.0,45291.0,13997.0,16164.0,42515.0
2025-07-19_07:03:18,8605.0,12106.0,45291.0,13839.0,16164.0,42515.0
2025-07-19_07:03:18,8695.0,12106.0,45291.0,14133.0,16164.0,42515.0
2025-07-19_07:03:18,9733.0,12106.0,45291.0,14068.0,16164.0,42515.0
2025-07-19_07:03:19,10281.0,12106.0,45299.0,14400.0,16164.0,42515.0
2025-07-19_07:03:19,8541.0,12106.0,45299.0,13801.0,16164.0,42515.0
2025-07-19_07:03:19,9969.0,12106.0,45299.0,13975.0,16164.0,42515.0
2025-07-19_07:03:23,2778.0,12106.0,45299.0,12162.0,16164.0,42515.0
2025-07-19_07:03:23,7971.0,12106.0,45299.0,12798.0,16164.0,42515.0
2025-07-19_07:03:24,8615.0,12106.0,45299.0,14097.0,16164.0,42515.0
2025-07-19_07:03:24,7973.0,12106.0,45299.0,13044.0,16164.0,42515.0
2025-07-19_07:03:24,8094.0,12106.0,45299.0,13220.0,16164.0,42515.0
2025-07-19_07:03:24,,,,,,
2025-07-19_07:03:28,6960.0,12106.0,45299.0,3792.0,16164.0,42515.0
2025-07-19_07:03:28,9865.0,12106.0,45299.0,14272.0,16164.0,42515.0
2025-07-19_07:03:28,,,,14020.0,16164.0,42515.0
2025-07-19_07:03:32,2780.0,12106.0,45299.0,12183.0,16164.0,42515.0
2025-07-19_07:03:32,,,,13794.0,16164.0,42515.0
2025-07-19_07:03:36,3319.0,12106.0,45299.0,12184.0,16164.0,42515.0
2025-07-19_07:03:36,,,,14084.0,16164.0,42523.0
2025-07-19_07:03:40,2780.0,12106.0,45299.0,12189.0,16164.0,42523.0
2025-07-19_07:03:40,,,,13996.0,16164.0,42523.0
2025-07-19_07:03:44,3302.0,12106.0,45299.0,12200.0,16164.0,42523.0
2025-07-19_07:03:44,,,,13765.0,16164.0,42523.0
2025-07-19_07:03:48,,,,,,
2025-07-19_07:03:52,6968.0,12106.0,45299.0,3793.0,16164.0,42523.0
2025-07-19_07:03:52,8610.0,12106.0,45299.0,14093.0,16164.0,42523.0
2025-07-19_07:03:52,8079.0,12106.0,45299.0,13610.0,16164.0,42523.0
2025-07-19_07:03:53,,,,,,
2025-07-19_07:03:56,6966.0,12106.0,45299.0,3792.0,16164.0,42523.0
2025-07-19_07:03:57,10234.0,12106.0,45299.0,14409.0,16164.0,42523.0
2025-07-19_07:03:57,9250.0,12106.0,45299.0,13790.0,16164.0,42523.0
2025-07-19_07:03:57,,,,14175.0,16164.0,42523.0
2025-07-19_07:04:01,3358.0,12106.0,45299.0,12188.0,16164.0,42523.0
2025-07-19_07:04:01,10167.0,12106.0,45299.0,14285.0,16164.0,42523.0
2025-07-19_07:04:01,9919.0,12106.0,45300.0,13974.0,16164.0,42523.0
2025-07-19_07:04:01,9747.0,12106.0,45300.0,14568.0,16164.0,42523.0
2025-07-19_07:04:02,8673.0,12106.0,45300.0,14083.0,16164.0,42523.0
2025-07-19_07:04:02,8697.0,12106.0,45300.0,14187.0,16164.0,42523.0
2025-07-19_07:04:02,,,,14263.0,16164.0,42523.0
2025-07-19_07:04:06,2778.0,12106.0,45300.0,12184.0,16164.0,42523.0
2025-07-19_07:04:06,8619.0,12106.0,45300.0,14082.0,16164.0,42523.0
2025-07-19_07:04:06,9235.0,12106.0,45300.0,14031.0,16164.0,42523.0
2025-07-19_07:04:07,,,,14395.0,16164.0,42523.0
2025-07-19_07:04:10,3319.0,12106.0,45300.0,12194.0,16164.0,42523.0
2025-07-19_07:04:11,,,,13998.0,16164.0,42523.0
2025-07-19_07:04:14,3319.0,12106.0,45300.0,12157.0,16164.0,42523.0
2025-07-19_07:04:14,8545.0,12106.0,45300.0,13904.0,16164.0,42523.0
2025-07-19_07:04:15,7998.0,12106.0,45300.0,12856.0,16164.0,42523.0
2025-07-19_07:04:15,9764.0,12106.0,45300.0,14408.0,16164.0,42523.0
2025-07-19_07:04:15,10226.0,12106.0,45300.0,14333.0,16164.0,42529.0
2025-07-19_07:04:15,9910.0,12106.0,45300.0,13976.0,16164.0,42529.0
2025-07-19_07:04:16,8529.0,12106.0,45300.0,14050.0,16164.0,42529.0
2025-07-19_07:04:16,8668.0,12106.0,45300.0,14079.0,16164.0,42529.0
2025-07-19_07:04:16,7993.0,12106.0,45300.0,13247.0,16164.0,42533.0
2025-07-19_07:04:16,9996.0,12106.0,45300.0,14390.0,16164.0,42533.0
2025-07-19_07:04:16,8507.0,12106.0,45300.0,13057.0,16164.0,42533.0
2025-07-19_07:04:17,9878.0,12106.0,45300.0,14084.0,16164.0,42533.0
2025-07-19_07:04:17,8619.0,12106.0,45300.0,14099.0,16164.0,42533.0
2025-07-19_07:04:17,8013.0,12106.0,45300.0,13084.0,16164.0,42533.0
2025-07-19_07:04:17,,,,,,
2025-07-19_07:04:21,6965.0,12106.0,45300.0,3792.0,16164.0,42533.0
2025-07-19_07:04:21,9996.0,12106.0,45300.0,13849.0,16164.0,42533.0
2025-07-19_07:04:22,8518.0,12106.0,45300.0,13798.0,16164.0,42533.0
2025-07-19_07:04:22,,,,13948.0,16164.0,42533.0
2025-07-19_07:04:26,3375.0,12106.0,45300.0,12152.0,16164.0,42533.0
2025-07-19_07:04:26,,,,11865.0,16164.0,42535.0
2025-07-19_07:04:30,2778.0,12106.0,45300.0,12192.0,16164.0,42535.0
2025-07-19_07:04:30,7954.0,12106.0,45300.0,13347.0,16164.0,42535.0
2025-07-19_07:04:30,8026.0,12106.0,45300.0,12899.0,16164.0,42535.0
2025-07-19_07:04:30,7974.0,12106.0,45300.0,13312.0,16164.0,42535.0
2025-07-19_07:04:30,8510.0,12106.0,45300.0,14116.0,16164.0,42535.0
2025-07-19_07:04:31,7962.0,12106.0,45300.0,12828.0,16164.0,42538.0
2025-07-19_07:04:31,10581.0,12106.0,45300.0,14897.0,16164.0,42599.0
2025-07-19_07:04:31,8613.0,12106.0,45300.0,14053.0,16164.0,42599.0
2025-07-19_07:04:31,8077.0,12106.0,45300.0,13051.0,16164.0,42599.0
2025-07-19_07:04:31,9877.0,12106.0,45300.0,14021.0,16164.0,42599.0
2025-07-19_07:04:32,8649.0,12106.0,45300.0,14103.0,16164.0,42599.0
2025-07-19_07:04:32,9693.0,12106.0,45300.0,13952.0,16164.0,42599.0
2025-07-19_07:04:32,9852.0,12106.0,45300.0,13968.0,16164.0,42599.0
2025-07-19_07:04:32,8102.0,12106.0,45300.0,13041.0,16164.0,42599.0
2025-07-19_07:04:33,8115.0,12106.0,45300.0,13253.0,16164.0,42599.0
2025-07-19_07:04:33,,,,,,
2025-07-19_07:04:37,6962.0,12106.0,45302.0,3793.0,16164.0,42599.0
2025-07-19_07:04:37,7978.0,12106.0,45302.0,12852.0,16164.0,42599.0
2025-07-19_07:04:37,7949.0,12106.0,45302.0,13081.0,16164.0,42599.0
2025-07-19_07:04:37,10128.0,12106.0,45302.0,14079.0,16164.0,42599.0
2025-07-19_07:04:37,8085.0,12106.0,45302.0,13350.0,16164.0,42599.0
2025-07-19_07:04:38,10418.0,12106.0,45302.0,14653.0,16164.0,42599.0
2025-07-19_07:04:38,9864.0,12106.0,45302.0,13987.0,16164.0,42599.0
2025-07-19_07:04:38,9554.0,12106.0,45302.0,13997.0,16164.0,42599.0
2025-07-19_07:04:38,7961.0,12106.0,45302.0,13269.0,16164.0,42599.0
2025-07-19_07:04:38,,,,,,
2025-07-19_07:04:42,6967.0,12106.0,45302.0,3792.0,16164.0,42599.0
2025-07-19_07:04:43,,,,,,
2025-07-19_07:04:46,6971.0,12106.0,45302.0,3788.0,16164.0,42599.0
2025-07-19_07:04:47,9842.0,12106.0,45302.0,13753.0,16164.0,42599.0
2025-07-19_07:04:47,,,,,,
2025-07-19_07:04:51,2778.0,12106.0,45302.0,3776.0,16164.0,42599.0
2025-07-19_07:04:51,8642.0,12106.0,45304.0,13864.0,16164.0,42599.0
2025-07-19_07:04:52,,,,13066.0,16164.0,42599.0
2025-07-19_07:04:56,2778.0,12106.0,45304.0,12186.0,16164.0,42599.0
2025-07-19_07:04:56,,,,,,
2025-07-19_07:05:00,6963.0,12106.0,45304.0,3792.0,16164.0,42599.0
2025-07-19_07:05:00,8340.0,12106.0,45304.0,13773.0,16164.0,42599.0
2025-07-19_07:05:00,9890.0,12106.0,45304.0,13975.0,16164.0,42599.0
2025-07-19_07:05:00,8643.0,12106.0,45304.0,14090.0,16164.0,42599.0
2025-07-19_07:05:00,8548.0,12106.0,45304.0,14295.0,16164.0,42599.0
2025-07-19_07:05:01,9907.0,12106.0,45304.0,14480.0,16164.0,42599.0
2025-07-19_07:05:01,8607.0,12106.0,45304.0,14100.0,16164.0,42599.0
2025-07-19_07:05:01,9835.0,12106.0,45304.0,14095.0,16164.0,42599.0
2025-07-19_07:05:01,9914.0,12106.0,45305.0,14300.0,16164.0,42599.0
2025-07-19_07:05:02,8027.0,12106.0,45305.0,13052.0,16164.0,42599.0
2025-07-19_07:05:02,9220.0,12106.0,45305.0,13926.0,16164.0,42599.0
2025-07-19_07:05:02,,,,14203.0,16164.0,42599.0
2025-07-19_07:05:06,3375.0,12106.0,45305.0,12191.0,16164.0,42599.0
2025-07-19_07:05:06,9659.0,12106.0,45305.0,14017.0,16164.0,42599.0
2025-07-19_07:05:06,,,,,,
2025-07-19_07:05:10,6963.0,12106.0,45305.0,3793.0,16164.0,42599.0
2025-07-19_07:05:10,9961.0,12106.0,45305.0,13822.0,16164.0,42599.0
2025-07-19_07:05:10,9897.0,12106.0,45305.0,14108.0,16164.0,42599.0
2025-07-19_07:05:11,8525.0,12106.0,45305.0,13811.0,16164.0,42599.0
2025-07-19_07:05:11,8650.0,12106.0,45305.0,14214.0,16164.0,42599.0
2025-07-19_07:05:11,8581.0,12106.0,45305.0,14079.0,16164.0,42599.0
2025-07-19_07:05:11,8530.0,12106.0,45305.0,13809.0,16164.0,42599.0
2025-07-19_07:05:12,8634.0,12106.0,45305.0,14216.0,16164.0,42599.0
2025-07-19_07:05:12,8095.0,12106.0,45305.0,13225.0,16164.0,42599.0
2025-07-19_07:05:12,8538.0,12106.0,45305.0,13332.0,16164.0,42599.0
2025-07-19_07:05:12,8623.0,12106.0,45305.0,14200.0,16164.0,42599.0
2025-07-19_07:05:12,10005.0,12106.0,45305.0,14137.0,16164.0,42599.0
2025-07-19_07:05:13,7979.0,12106.0,45305.0,13077.0,16164.0,42599.0
2025-07-19_07:05:13,8050.0,12106.0,45411.0,13087.0,16164.0,42599.0
2025-07-19_07:05:17,6962.0,12106.0,45411.0,3792.0,16164.0,42599.0
2025-07-19_07:05:17,9904.0,12106.0,45411.0,14146.0,16164.0,42599.0
2025-07-19_07:05:17,,,,,,
2025-07-19_07:05:21,6968.0,12106.0,45411.0,3792.0,16164.0,42599.0
2025-07-19_07:05:21,7960.0,12106.0,45411.0,13046.0,16164.0,42599.0
2025-07-19_07:05:21,,,,13720.0,16164.0,42618.0
2025-07-19_07:05:25,2778.0,12106.0,45411.0,12184.0,16164.0,42618.0
2025-07-19_07:05:26,10152.0,12106.0,45411.0,14056.0,16164.0,42618.0
2025-07-19_07:05:26,9916.0,12106.0,45411.0,14015.0,16164.0,42618.0
2025-07-19_07:05:26,,,,13789.0,16164.0,42618.0
2025-07-19_07:05:30,3358.0,12106.0,45411.0,12162.0,16164.0,42618.0
2025-07-19_07:05:30,8527.0,12106.0,45411.0,14023.0,16164.0,42618.0
2025-07-19_07:05:30,8670.0,12106.0,45411.0,14066.0,16164.0,42618.0
2025-07-19_07:05:30,,,,,,
2025-07-19_07:05:34,6965.0,12106.0,45411.0,3787.0,16164.0,42618.0
2025-07-19_07:05:34,9796.0,12106.0,45411.0,14241.0,16164.0,42618.0
2025-07-19_07:05:35,,,,,,
2025-07-19_07:05:39,6967.0,12106.0,45411.0,3793.0,16164.0,42618.0
2025-07-19_07:05:39,9637.0,12106.0,45411.0,14046.0,16164.0,42618.0
2025-07-19_07:05:39,,,,,,
2025-07-19_07:05:43,6964.0,12106.0,45411.0,3787.0,16164.0,42618.0
2025-07-19_07:05:43,9742.0,12106.0,45411.0,14105.0,16164.0,42618.0
2025-07-19_07:05:43,10261.0,12106.0,45413.0,14065.0,16164.0,42618.0
2025-07-19_07:05:43,7982.0,12106.0,45413.0,13223.0,16164.0,42618.0
2025-07-19_07:05:44,,,,13044.0,16164.0,42618.0
2025-07-19_07:05:48,,,,,,
2025-07-19_07:05:51,6964.0,12106.0,45413.0,3792.0,16164.0,42618.0
2025-07-19_07:05:51,10568.0,12106.0,45413.0,14858.0,16164.0,42622.0
2025-07-19_07:05:52,,,,,,
2025-07-19_07:05:56,6966.0,12106.0,45413.0,3792.0,16164.0,42622.0
2025-07-19_07:05:56,9862.0,12106.0,45413.0,13789.0,16164.0,42622.0
2025-07-19_07:05:56,8628.0,12106.0,45413.0,14097.0,16164.0,42622.0
2025-07-19_07:05:56,,,,,,
2025-07-19_07:06:00,6964.0,12106.0,45413.0,3792.0,16164.0,42622.0
2025-07-19_07:06:00,,,,14095.0,16164.0,42628.0
2025-07-19_07:06:04,3358.0,12106.0,45413.0,12196.0,16164.0,42628.0
2025-07-19_07:06:04,9960.0,12106.0,45413.0,13992.0,16164.0,42628.0
2025-07-19_07:06:04,7973.0,12106.0,45413.0,13231.0,16164.0,42628.0
2025-07-19_07:06:05,8622.0,12106.0,45413.0,14099.0,16164.0,42628.0
2025-07-19_07:06:06,2778.0,12106.0,45413.0,12186.0,16164.0,42628.0
2025-07-19_07:06:06,8511.0,12106.0,45413.0,13820.0,16164.0,42628.0
2025-07-19_07:06:06,,,,14115.0,16164.0,42628.0
2025-07-19_07:06:10,3302.0,12106.0,45413.0,12173.0,16164.0,42628.0
2025-07-19_07:06:10,8104.0,12106.0,45413.0,13227.0,16164.0,42628.0
2025-07-19_07:06:10,,,,13936.0,16164.0,42628.0
2025-07-19_07:06:14,3319.0,12106.0,45413.0,12189.0,16164.0,42628.0
2025-07-19_07:06:14,8664.0,12108.0,45445.0,14186.0,16164.0,42628.0
2025-07-19_07:06:14,8029.0,12108.0,45445.0,13230.0,16164.0,42628.0
2025-07-19_07:06:14,8564.0,12108.0,45445.0,13788.0,16164.0,42628.0
2025-07-19_07:06:15,,,,14301.0,16164.0,42628.0
2025-07-19_07:06:18,3358.0,12108.0,45445.0,12170.0,16164.0,42628.0
2025-07-19_07:06:18,9915.0,12108.0,45445.0,14093.0,16164.0,42628.0
2025-07-19_07:06:19,7993.0,12108.0,45445.0,13264.0,16164.0,42628.0
2025-07-19_07:06:19,,,,13054.0,16164.0,42628.0
2025-07-19_07:06:23,2778.0,12108.0,45445.0,12185.0,16164.0,42628.0
2025-07-19_07:06:23,,,,14008.0,16164.0,42628.0
2025-07-19_07:06:27,2778.0,12108.0,45445.0,12200.0,16164.0,42628.0
2025-07-19_07:06:27,9430.0,12108.0,45446.0,13805.0,16164.0,42628.0
2025-07-19_07:06:27,,,,,,
2025-07-19_07:06:31,6968.0,12108.0,45446.0,3793.0,16164.0,42628.0
2025-07-19_07:06:31,,,,,,
2025-07-19_07:06:35,6967.0,12108.0,45446.0,3786.0,16164.0,42628.0
2025-07-19_07:06:35,9855.0,12108.0,45446.0,13956.0,16164.0,42628.0
2025-07-19_07:06:36,9869.0,12108.0,45446.0,14271.0,16164.0,42628.0
2025-07-19_07:06:36,9716.0,12108.0,45446.0,14001.0,16164.0,42628.0
2025-07-19_07:06:36,,,,14050.0,16164.0,42628.0
2025-07-19_07:06:40,3360.0,12108.0,45446.0,12160.0,16164.0,42628.0
2025-07-19_07:06:40,9873.0,12108.0,45446.0,13967.0,16164.0,42628.0
2025-07-19_07:06:40,8012.0,12108.0,45446.0,13074.0,16164.0,42628.0
2025-07-19_07:06:40,10150.0,12108.0,45446.0,14254.0,16164.0,42628.0
2025-07-19_07:06:41,8651.0,12108.0,45446.0,14270.0,16164.0,42628.0
2025-07-19_07:06:41,10343.0,12108.0,45446.0,14434.0,16164.0,42628.0
2025-07-19_07:06:41,7953.0,12108.0,45446.0,13082.0,16164.0,42628.0
2025-07-19_07:06:41,,,,13803.0,16164.0,42628.0
2025-07-19_07:06:45,3358.0,12108.0,45446.0,12167.0,16164.0,42628.0
2025-07-19_07:06:45,10163.0,12108.0,45449.0,14042.0,16164.0,42628.0
2025-07-19_07:06:45,,,,14655.0,16164.0,42628.0
2025-07-19_07:06:49,2778.0,12108.0,45449.0,12191.0,16164.0,42628.0
2025-07-19_07:06:50,8662.0,12108.0,45449.0,14126.0,16164.0,42628.0
2025-07-19_07:06:50,8509.0,12108.0,45449.0,13536.0,16164.0,42628.0
2025-07-19_07:06:50,,,,13967.0,16164.0,42628.0
2025-07-19_07:06:54,3375.0,12108.0,45449.0,12188.0,16164.0,42628.0
2025-07-19_07:06:54,8022.0,12108.0,45449.0,13339.0,16164.0,42628.0
2025-07-19_07:06:54,8562.0,12108.0,45449.0,14039.0,16164.0,42628.0
2025-07-19_07:06:54,10053.0,12108.0,45451.0,14390.0,16164.0,42628.0
2025-07-19_07:06:55,9883.0,12108.0,45451.0,13804.0,16164.0,42628.0
2025-07-19_07:06:55,8025.0,12108.0,45451.0,13047.0,16164.0,42628.0
2025-07-19_07:06:55,9697.0,12108.0,45451.0,13978.0,16164.0,42628.0
2025-07-19_07:06:55,9473.0,12108.0,45451.0,13619.0,16164.0,42628.0
2025-07-19_07:06:55,9447.0,12108.0,45451.0,13953.0,16164.0,42628.0
2025-07-19_07:06:56,7958.0,12108.0,45451.0,13050.0,16164.0,42628.0
2025-07-19_07:06:56,7974.0,12108.0,45451.0,13057.0,16164.0,42628.0
2025-07-19_07:06:56,8077.0,12108.0,45451.0,13079.0,16164.0,42628.0
2025-07-19_07:06:56,9660.0,12108.0,45451.0,13974.0,16164.0,42628.0
2025-07-19_07:06:57,9926.0,12108.0,45451.0,14564.0,16164.0,42628.0
2025-07-19_07:06:57,9843.0,12108.0,45451.0,14022.0,16164.0,42628.0
2025-07-19_07:06:57,10087.0,12108.0,45451.0,13854.0,16164.0,42628.0
2025-07-19_07:06:57,8098.0,12108.0,45451.0,13077.0,16164.0,42628.0
2025-07-19_07:06:57,10154.0,12108.0,45453.0,14049.0,16164.0,42628.0
2025-07-19_07:06:58,,,,,,
2025-07-19_07:07:01,6954.0,12108.0,45453.0,3789.0,16164.0,42628.0
2025-07-19_07:07:02,9833.0,12108.0,45453.0,14276.0,16164.0,42628.0
2025-07-19_07:07:02,9730.0,12108.0,45453.0,13979.0,16164.0,42628.0
2025-07-19_07:07:02,10316.0,12108.0,45453.0,14450.0,16164.0,42628.0
2025-07-19_07:07:02,8087.0,12108.0,45453.0,13307.0,16164.0,42628.0
2025-07-19_07:07:03,,,,,,
2025-07-19_07:07:06,6966.0,12108.0,45453.0,3793.0,16164.0,42628.0
2025-07-19_07:07:07,9855.0,12108.0,45453.0,13996.0,16164.0,42628.0
2025-07-19_07:07:07,,,,,,
2025-07-19_07:07:11,6965.0,12108.0,45453.0,3792.0,16164.0,42628.0
2025-07-19_07:07:11,,,,14224.0,16164.0,42628.0
2025-07-19_07:07:15,,,,,,
2025-07-19_07:07:18,6967.0,12108.0,45453.0,3793.0,16164.0,42628.0
2025-07-19_07:07:19,10007.0,12108.0,45453.0,13810.0,16164.0,42628.0
2025-07-19_07:07:19,10047.0,12108.0,45453.0,14220.0,16164.0,42628.0
2025-07-19_07:07:19,8649.0,12108.0,45453.0,14077.0,16164.0,42628.0
2025-07-19_07:07:19,,,,,,
2025-07-19_07:07:23,6966.0,12108.0,45453.0,3792.0,16164.0,42628.0
2025-07-19_07:07:23,9819.0,12108.0,45453.0,13920.0,16164.0,42628.0
2025-07-19_07:07:24,9916.0,12108.0,45453.0,14146.0,16164.0,42628.0
2025-07-19_07:07:24,,,,11879.0,16164.0,42628.0
2025-07-19_07:07:28,2778.0,12108.0,45453.0,12197.0,16164.0,42628.0
2025-07-19_07:07:28,,,,,,
2025-07-19_07:07:32,6964.0,12108.0,45453.0,3792.0,16164.0,42628.0
2025-07-19_07:07:32,8094.0,12108.0,45453.0,13051.0,16164.0,42628.0
2025-07-19_07:07:32,8006.0,12108.0,45453.0,13076.0,16164.0,42628.0
2025-07-19_07:07:32,9766.0,12108.0,45453.0,13803.0,16164.0,42628.0
2025-07-19_07:07:33,,,,,,
2025-07-19_07:07:36,6968.0,12108.0,45453.0,3794.0,16164.0,42628.0
2025-07-19_07:07:37,9994.0,12108.0,45453.0,14538.0,16164.0,42628.0
2025-07-19_07:07:37,8718.0,12108.0,45453.0,14068.0,16164.0,42628.0
2025-07-19_07:07:37,9437.0,12108.0,45453.0,13771.0,16164.0,42628.0
2025-07-19_07:07:37,,,,13980.0,16164.0,42628.0
2025-07-19_07:07:41,3302.0,12108.0,45453.0,12161.0,16164.0,42628.0
2025-07-19_07:07:41,,,,,,
2025-07-19_07:07:45,6969.0,12108.0,45453.0,3795.0,16164.0,42628.0
2025-07-19_07:07:45,,,,13038.0,16164.0,42628.0
2025-07-19_07:07:49,2778.0,12108.0,45453.0,12185.0,16164.0,42628.0
2025-07-19_07:07:49,,,,13254.0,16164.0,42628.0
2025-07-19_07:07:53,2778.0,12108.0,45453.0,12154.0,16164.0,42628.0
2025-07-19_07:07:53,9452.0,12108.0,45453.0,13737.0,16164.0,42628.0
2025-07-19_07:07:53,,,,,,
2025-07-19_07:07:57,6966.0,12108.0,45453.0,3792.0,16164.0,42628.0
2025-07-19_07:07:58,8095.0,12108.0,45453.0,13087.0,16164.0,42628.0
2025-07-19_07:07:58,8521.0,12108.0,45453.0,13272.0,16164.0,42628.0
2025-07-19_07:07:58,10030.0,12108.0,45454.0,14262.0,16164.0,42628.0
2025-07-19_07:07:58,9863.0,12108.0,45454.0,14100.0,16164.0,42628.0
2025-07-19_07:07:58,7997.0,12108.0,45454.0,13043.0,16164.0,42628.0
2025-07-19_07:07:59,9452.0,12108.0,45454.0,14177.0,16164.0,42628.0
2025-07-19_07:07:59,8107.0,12108.0,45454.0,13076.0,16164.0,42628.0
2025-07-19_07:07:59,10009.0,12108.0,45454.0,13789.0,16164.0,42628.0
2025-07-19_07:07:59,9742.0,12108.0,45454.0,14246.0,16164.0,42628.0
2025-07-19_07:07:59,10165.0,12108.0,45454.0,14342.0,16164.0,42628.0
2025-07-19_07:08:00,10290.0,12108.0,45454.0,14510.0,16164.0,42628.0
2025-07-19_07:08:00,9961.0,12108.0,45462.0,14261.0,16164.0,42628.0
2025-07-19_07:08:00,9660.0,12108.0,45462.0,13978.0,16164.0,42628.0
2025-07-19_07:08:00,9962.0,12108.0,45462.0,13856.0,16164.0,42628.0
2025-07-19_07:08:01,,,,13075.0,16164.0,42628.0
2025-07-19_07:08:04,2778.0,12108.0,45462.0,12186.0,16164.0,42628.0
2025-07-19_07:08:05,8643.0,12108.0,45462.0,14090.0,16164.0,42628.0
2025-07-19_07:08:05,7975.0,12108.0,45462.0,13256.0,16164.0,42628.0
2025-07-19_07:08:05,,,,,,
2025-07-19_07:08:09,6971.0,12108.0,45462.0,3792.0,16164.0,42628.0
2025-07-19_07:08:09,,,,13790.0,16164.0,42628.0
2025-07-19_07:08:13,3319.0,12108.0,45462.0,12194.0,16164.0,42628.0
2025-07-19_07:08:13,8372.0,12108.0,45462.0,13653.0,16164.0,42628.0
2025-07-19_07:08:13,9558.0,12108.0,45462.0,13947.0,16164.0,42628.0
2025-07-19_07:08:13,,,,,,
2025-07-19_07:08:18,2778.0,12108.0,45462.0,3776.0,16164.0,42628.0
2025-07-19_07:08:18,,,,,,
2025-07-19_07:08:22,6968.0,12108.0,45462.0,3792.0,16164.0,42628.0
2025-07-19_07:08:22,10070.0,12108.0,45462.0,14312.0,16164.0,42628.0
2025-07-19_07:08:22,10287.0,12108.0,45462.0,14449.0,16164.0,42628.0
2025-07-19_07:08:23,9966.0,12108.0,45462.0,14159.0,16164.0,42628.0
2025-07-19_07:08:23,9704.0,12108.0,45462.0,13987.0,16164.0,42628.0
2025-07-19_07:08:23,,,,,,
2025-07-19_07:08:27,6966.0,12108.0,45462.0,3789.0,16164.0,42628.0
2025-07-19_07:08:27,10154.0,12108.0,45462.0,13936.0,16164.0,42628.0
2025-07-19_07:08:27,8523.0,12108.0,45462.0,13887.0,16164.0,42628.0
2025-07-19_07:08:27,10074.0,12108.0,45462.0,14316.0,16164.0,42628.0
2025-07-19_07:08:28,10112.0,12108.0,45462.0,14249.0,16164.0,42628.0
2025-07-19_07:08:28,,,,,,
2025-07-19_07:08:32,6967.0,12108.0,45462.0,3793.0,16164.0,42628.0
2025-07-19_07:08:32,7975.0,12108.0,45462.0,13354.0,16164.0,42628.0
2025-07-19_07:08:32,8545.0,12108.0,45462.0,13833.0,16164.0,42628.0
2025-07-19_07:08:32,9632.0,12108.0,45462.0,13750.0,16164.0,42628.0
2025-07-19_07:08:33,10055.0,12108.0,45465.0,14047.0,16164.0,42628.0
2025-07-19_07:08:33,8005.0,12108.0,45465.0,13263.0,16164.0,42628.0
2025-07-19_07:08:33,9608.0,12108.0,45465.0,13994.0,16164.0,42628.0
2025-07-19_07:08:33,,,,,,
2025-07-19_07:08:37,6970.0,12108.0,45465.0,3793.0,16164.0,42628.0
2025-07-19_07:08:37,10224.0,12108.0,45467.0,14071.0,16164.0,42628.0
2025-07-19_07:08:37,8119.0,12108.0,45467.0,13048.0,16164.0,42628.0
2025-07-19_07:08:38,9754.0,12108.0,45467.0,14066.0,16164.0,42628.0
2025-07-19_07:08:38,9877.0,12108.0,45467.0,14273.0,16164.0,42628.0
2025-07-19_07:08:38,8693.0,12108.0,45467.0,14094.0,16164.0,42628.0
2025-07-19_07:08:38,8049.0,12108.0,45467.0,13513.0,16164.0,42628.0
2025-07-19_07:08:39,8529.0,12108.0,45467.0,13338.0,16164.0,42628.0
2025-07-19_07:08:39,10218.0,12108.0,45467.0,14166.0,16164.0,42632.0
2025-07-19_07:08:39,9703.0,12108.0,45467.0,14079.0,16164.0,42632.0
2025-07-19_07:08:39,8058.0,12108.0,45467.0,13048.0,16164.0,42632.0
2025-07-19_07:08:39,8590.0,12108.0,45467.0,14078.0,16164.0,42632.0
2025-07-19_07:08:40,9954.0,12108.0,45467.0,14366.0,16164.0,42632.0
2025-07-19_07:08:40,10086.0,12108.0,45467.0,14015.0,16164.0,42632.0
2025-07-19_07:08:40,8545.0,12108.0,45467.0,13938.0,16164.0,42632.0
2025-07-19_07:08:40,9355.0,12108.0,45467.0,13774.0,16164.0,42632.0
2025-07-19_07:08:41,,,,13786.0,16164.0,42632.0
2025-07-19_07:08:44,3302.0,12108.0,45467.0,12183.0,16164.0,42632.0
2025-07-19_07:08:45,10086.0,12108.0,45467.0,14036.0,16164.0,42632.0
2025-07-19_07:08:45,8618.0,12108.0,45467.0,14034.0,16164.0,42632.0
2025-07-19_07:08:45,,,,,,
2025-07-19_07:08:49,6965.0,12108.0,45467.0,3792.0,16164.0,42632.0
2025-07-19_07:08:49,,,,14110.0,16164.0,42633.0
2025-07-19_07:08:53,3319.0,12108.0,45467.0,12185.0,16164.0,42633.0
2025-07-19_07:08:53,8094.0,12108.0,45468.0,13087.0,16164.0,42633.0
2025-07-19_07:08:53,8084.0,12108.0,45468.0,13256.0,16164.0,42633.0
2025-07-19_07:08:54,,,,,,
2025-07-19_07:08:58,6963.0,12108.0,45468.0,3789.0,16164.0,42633.0
2025-07-19_07:08:58,,,,,,
2025-07-19_07:09:02,6969.0,12108.0,45468.0,3792.0,16164.0,42633.0
2025-07-19_07:09:02,9321.0,12108.0,45468.0,14230.0,16164.0,42633.0
2025-07-19_07:09:02,10291.0,12108.0,45468.0,14404.0,16164.0,42633.0
2025-07-19_07:09:02,,,,,,
2025-07-19_07:09:06,6971.0,12108.0,45468.0,3795.0,16164.0,42633.0
2025-07-19_07:09:06,8507.0,12108.0,45468.0,13727.0,16164.0,42633.0
2025-07-19_07:09:07,9162.0,12108.0,45468.0,13977.0,16164.0,42633.0
2025-07-19_07:09:07,9687.0,12108.0,45468.0,14212.0,16164.0,42633.0
2025-07-19_07:09:07,8553.0,12108.0,45469.0,13754.0,16164.0,42633.0
2025-07-19_07:09:07,9908.0,12108.0,45470.0,14102.0,16164.0,42633.0
2025-07-19_07:09:08,8079.0,12108.0,45470.0,13052.0,16164.0,42633.0
2025-07-19_07:09:08,7949.0,12108.0,45470.0,12892.0,16164.0,42633.0
2025-07-19_07:09:08,9800.0,12108.0,45470.0,14156.0,16164.0,42633.0
2025-07-19_07:09:08,10036.0,12108.0,45470.0,13848.0,16164.0,42633.0
2025-07-19_07:09:08,9194.0,12108.0,45470.0,13616.0,16164.0,42633.0
2025-07-19_07:09:09,9715.0,12108.0,45470.0,14017.0,16164.0,42633.0
2025-07-19_07:09:09,9333.0,12108.0,45470.0,14049.0,16164.0,42633.0
2025-07-19_07:09:09,10178.0,12108.0,45470.0,14091.0,16164.0,42633.0
2025-07-19_07:09:09,8615.0,12108.0,45470.0,14085.0,16164.0,42633.0
2025-07-19_07:09:10,,,,14277.0,16164.0,42633.0
2025-07-19_07:09:13,2778.0,12108.0,45470.0,12186.0,16164.0,42633.0
2025-07-19_07:09:14,10149.0,12108.0,45470.0,14169.0,16164.0,42633.0
2025-07-19_07:09:14,8016.0,12108.0,45470.0,12800.0,16164.0,42633.0
2025-07-19_07:09:14,8623.0,12108.0,45475.0,14084.0,16164.0,42633.0
2025-07-19_07:09:14,10234.0,12108.0,45475.0,14357.0,16164.0,42633.0
2025-07-19_07:09:15,,,,14625.0,16164.0,42635.0
2025-07-19_07:09:18,3375.0,12108.0,45475.0,12161.0,16164.0,42635.0
2025-07-19_07:09:18,8530.0,12108.0,45475.0,14028.0,16164.0,42635.0
2025-07-19_07:09:19,9150.0,12108.0,45476.0,13789.0,16164.0,42635.0
2025-07-19_07:09:19,8738.0,12108.0,45476.0,13968.0,16164.0,42635.0
2025-07-19_07:09:19,10143.0,12108.0,45476.0,14048.0,16164.0,42635.0
2025-07-19_07:09:19,9744.0,12108.0,45476.0,14175.0,16164.0,42635.0
2025-07-19_07:09:20,,,,,,
2025-07-19_07:09:23,6960.0,12108.0,45476.0,3792.0,16164.0,42635.0
2025-07-19_07:09:24,9984.0,12108.0,45476.0,13776.0,16164.0,42635.0
2025-07-19_07:09:24,2778.0,12108.0,45476.0,12185.0,16164.0,42635.0
2025-07-19_07:09:25,9979.0,12108.0,45476.0,13982.0,16164.0,42635.0
2025-07-19_07:09:25,10199.0,12108.0,45477.0,13738.0,16164.0,42635.0
2025-07-19_07:09:25,9844.0,12108.0,45477.0,13986.0,16164.0,42635.0
2025-07-19_07:09:25,,,,,,
2025-07-19_07:09:29,6965.0,12108.0,45477.0,3793.0,16164.0,42635.0
2025-07-19_07:09:29,8702.0,12108.0,45477.0,14218.0,16164.0,42635.0
2025-07-19_07:09:30,10165.0,12108.0,45477.0,14371.0,16164.0,42635.0
2025-07-19_07:09:30,,,,14079.0,16164.0,42635.0
2025-07-19_07:09:34,3319.0,12108.0,45477.0,12174.0,16164.0,42635.0
2025-07-19_07:09:34,8523.0,12108.0,45477.0,13643.0,16164.0,42635.0
2025-07-19_07:09:34,9376.0,12108.0,45477.0,14120.0,16164.0,42635.0
2025-07-19_07:09:34,,,,13972.0,16164.0,42635.0
2025-07-19_07:09:38,3319.0,12108.0,45477.0,12143.0,16164.0,42635.0
2025-07-19_07:09:38,9601.0,12108.0,45477.0,14014.0,16164.0,42635.0
2025-07-19_07:09:38,,,,13770.0,16164.0,42635.0
2025-07-19_07:09:42,3319.0,12108.0,45477.0,12190.0,16164.0,42635.0
2025-07-19_07:09:42,10135.0,12108.0,45477.0,14347.0,16164.0,42635.0
2025-07-19_07:09:42,,,,14037.0,16164.0,42635.0
2025-07-19_07:09:46,3358.0,12108.0,45477.0,12193.0,16164.0,42635.0
2025-07-19_07:09:46,8604.0,12108.0,45477.0,14066.0,16164.0,42635.0
2025-07-19_07:09:46,8790.0,12108.0,45477.0,14461.0,16164.0,42635.0
2025-07-19_07:09:47,,,,14074.0,16164.0,42635.0
2025-07-19_07:09:50,3375.0,12108.0,45477.0,12189.0,16164.0,42635.0
2025-07-19_07:09:51,,,,,,
2025-07-19_07:09:54,6964.0,12108.0,45477.0,3792.0,16164.0,42635.0
2025-07-19_07:09:55,2778.0,12108.0,45477.0,12192.0,16164.0,42635.0
2025-07-19_07:09:55,8112.0,12108.0,45477.0,13049.0,16164.0,42635.0
2025-07-19_07:09:56,10067.0,12108.0,45477.0,14276.0,16164.0,42635.0
2025-07-19_07:09:56,10284.0,12108.0,45477.0,14339.0,16164.0,42635.0
2025-07-19_07:09:56,9269.0,12108.0,45477.0,13780.0,16164.0,42635.0
2025-07-19_07:09:56,9957.0,12108.0,45477.0,14264.0,16164.0,42635.0
2025-07-19_07:09:57,,,,14120.0,16164.0,42635.0
2025-07-19_07:10:00,3358.0,12108.0,45477.0,12162.0,16164.0,42635.0
2025-07-19_07:10:00,8636.0,12108.0,45551.0,13913.0,16164.0,42635.0
2025-07-19_07:10:01,8522.0,12108.0,45551.0,13083.0,16164.0,42635.0
2025-07-19_07:10:01,,,,14082.0,16164.0,42635.0
2025-07-19_07:10:05,3317.0,12108.0,45551.0,12192.0,16164.0,42635.0
2025-07-19_07:10:05,,,,14340.0,16164.0,42636.0
2025-07-19_07:10:09,3358.0,12108.0,45551.0,12168.0,16164.0,42636.0
2025-07-19_07:10:09,9842.0,12108.0,45552.0,14211.0,16164.0,42636.0
2025-07-19_07:10:09,10131.0,12108.0,45552.0,14113.0,16164.0,42636.0
2025-07-19_07:10:09,9958.0,12108.0,45552.0,14098.0,16164.0,42636.0
2025-07-19_07:10:09,8544.0,12108.0,45552.0,13948.0,16164.0,42636.0
2025-07-19_07:10:10,,,,,,
2025-07-19_07:10:13,6964.0,12108.0,45552.0,3794.0,16164.0,42636.0
2025-07-19_07:10:14,,,,14035.0,16164.0,42636.0
2025-07-19_07:10:17,,,,,,
2025-07-19_07:10:21,6955.0,12108.0,45552.0,3795.0,16164.0,42636.0
2025-07-19_07:10:21,8601.0,12108.0,45552.0,14051.0,16164.0,42636.0
2025-07-19_07:10:22,8498.0,12108.0,45552.0,13770.0,16164.0,42636.0
2025-07-19_07:10:22,9734.0,12108.0,45552.0,14360.0,16164.0,42636.0
2025-07-19_07:10:22,,,,,,
2025-07-19_07:10:26,6964.0,12108.0,45552.0,3792.0,16164.0,42636.0
2025-07-19_07:10:26,9989.0,12108.0,45552.0,14010.0,16164.0,42636.0
2025-07-19_07:10:26,,,,14246.0,16164.0,42636.0
2025-07-19_07:10:30,3358.0,12108.0,45552.0,12198.0,16164.0,42636.0
2025-07-19_07:10:30,,,,13971.0,16164.0,42636.0
2025-07-19_07:10:34,3358.0,12108.0,45552.0,12192.0,16164.0,42636.0
2025-07-19_07:10:34,9879.0,12108.0,45552.0,13987.0,16164.0,42636.0
2025-07-19_07:10:34,9971.0,12108.0,45552.0,14009.0,16164.0,42636.0
2025-07-19_07:10:35,10147.0,12108.0,45552.0,14084.0,16164.0,42636.0
2025-07-19_07:10:35,,,,13778.0,16164.0,42636.0
2025-07-19_07:10:39,3302.0,12108.0,45552.0,12158.0,16164.0,42636.0
2025-07-19_07:10:39,10080.0,12108.0,45552.0,14265.0,16164.0,42636.0
2025-07-19_07:10:39,,,,,,
2025-07-19_07:10:43,6966.0,12108.0,45552.0,3793.0,16164.0,42636.0
2025-07-19_07:10:43,8430.0,12108.0,45553.0,13812.0,16164.0,42636.0
2025-07-19_07:10:43,7995.0,12108.0,45553.0,13090.0,16164.0,42636.0
2025-07-19_07:10:43,8666.0,12108.0,45553.0,14097.0,16164.0,42636.0
2025-07-19_07:10:44,8539.0,12108.0,45553.0,13797.0,16164.0,42636.0
2025-07-19_07:10:44,10137.0,12108.0,45553.0,14026.0,16164.0,42636.0
2025-07-19_07:10:44,,,,15410.0,16164.0,42651.0
2025-07-19_07:10:48,3375.0,12108.0,45553.0,12165.0,16164.0,42651.0
2025-07-19_07:10:48,10170.0,12108.0,45554.0,13851.0,16164.0,42651.0
2025-07-19_07:10:48,9569.0,12108.0,45554.0,13982.0,16164.0,42651.0
2025-07-19_07:10:48,,,,14238.0,16164.0,42652.0
2025-07-19_07:10:52,2778.0,12108.0,45554.0,12185.0,16164.0,42652.0
2025-07-19_07:10:52,,,,14174.0,16164.0,42652.0
2025-07-19_07:10:56,3375.0,12108.0,45554.0,12188.0,16164.0,42652.0
2025-07-19_07:10:56,9560.0,12108.0,45554.0,14222.0,16164.0,42652.0
2025-07-19_07:10:57,,,,,,
2025-07-19_07:11:00,6963.0,12108.0,45554.0,3793.0,16164.0,42652.0
2025-07-19_07:11:01,9754.0,12108.0,45554.0,14309.0,16164.0,42652.0
2025-07-19_07:11:01,8767.0,12108.0,45559.0,14459.0,16169.0,42698.0
2025-07-19_07:11:01,,,,14038.0,16169.0,42698.0
2025-07-19_07:11:05,3358.0,12108.0,45559.0,12189.0,16169.0,42698.0
2025-07-19_07:11:05,9104.0,12108.0,45559.0,14112.0,16169.0,42698.0
2025-07-19_07:11:05,9871.0,12108.0,45559.0,14083.0,16169.0,42698.0
2025-07-19_07:11:05,9620.0,12108.0,45559.0,13997.0,16169.0,42698.0
2025-07-19_07:11:06,,,,13790.0,16169.0,42698.0
2025-07-19_07:11:09,3375.0,12108.0,45559.0,12186.0,16169.0,42698.0
2025-07-19_07:11:10,8498.0,12108.0,45559.0,14091.0,16169.0,42698.0
2025-07-19_07:11:10,9184.0,12108.0,45559.0,13986.0,16169.0,42698.0
2025-07-19_07:11:10,10007.0,12108.0,45559.0,14151.0,16169.0,42698.0
2025-07-19_07:11:10,10000.0,12108.0,45559.0,13980.0,16169.0,42698.0
2025-07-19_07:11:10,,,,14005.0,16169.0,42698.0
2025-07-19_07:11:14,3375.0,12108.0,45559.0,12190.0,16169.0,42698.0
2025-07-19_07:11:14,8528.0,12108.0,45559.0,13800.0,16169.0,42698.0
2025-07-19_07:11:15,,,,,,
2025-07-19_07:11:18,6969.0,12108.0,45559.0,3792.0,16169.0,42698.0
2025-07-19_07:11:19,9460.0,12108.0,45559.0,13735.0,16169.0,42698.0
2025-07-19_07:11:19,9724.0,12108.0,45559.0,14009.0,16169.0,42698.0
2025-07-19_07:11:19,,,,,,
2025-07-19_07:11:23,3300.0,12108.0,45559.0,4595.0,16169.0,42698.0
2025-07-19_07:11:24,10131.0,12108.0,45559.0,14255.0,16169.0,42705.0
2025-07-19_07:11:24,10001.0,12108.0,45560.0,14390.0,16169.0,42705.0
2025-07-19_07:11:24,8452.0,12108.0,45560.0,14002.0,16169.0,42705.0
2025-07-19_07:11:24,10012.0,12108.0,45560.0,13988.0,16169.0,42705.0
2025-07-19_07:11:25,,,,14223.0,16169.0,42705.0
2025-07-19_07:11:28,3377.0,12108.0,45560.0,12191.0,16169.0,42705.0
2025-07-19_07:11:28,8680.0,12108.0,45560.0,13981.0,16169.0,42705.0
2025-07-19_07:11:29,10161.0,12108.0,45560.0,13816.0,16169.0,42705.0
2025-07-19_07:11:29,9095.0,12108.0,45560.0,14037.0,16169.0,42705.0
2025-07-19_07:11:29,,,,,,
2025-07-19_07:11:33,6969.0,12108.0,45560.0,3787.0,16169.0,42705.0
2025-07-19_07:11:33,9744.0,12108.0,45560.0,14281.0,16169.0,42705.0
2025-07-19_07:11:33,9895.0,12108.0,45560.0,14306.0,16169.0,42705.0
2025-07-19_07:11:34,,,,,,
2025-07-19_07:11:37,6967.0,12108.0,45560.0,3793.0,16169.0,42705.0
2025-07-19_07:11:38,9847.0,12108.0,45560.0,14339.0,16169.0,42705.0
2025-07-19_07:11:38,,,,,,
2025-07-19_07:11:42,6962.0,12108.0,45560.0,3787.0,16169.0,42705.0
2025-07-19_07:11:42,10670.0,12108.0,45560.0,14487.0,16174.0,42710.0
2025-07-19_07:11:42,9925.0,12108.0,45560.0,14411.0,16174.0,42710.0
2025-07-19_07:11:42,9705.0,12108.0,45560.0,13767.0,16174.0,42710.0
2025-07-19_07:11:43,9228.0,12108.0,45560.0,13813.0,16174.0,42710.0
2025-07-19_07:11:43,9678.0,12108.0,45560.0,14181.0,16174.0,42710.0
2025-07-19_07:11:43,,,,14464.0,16174.0,42710.0
2025-07-19_07:11:47,3358.0,12108.0,45560.0,12196.0,16174.0,42710.0
2025-07-19_07:11:47,,,,13835.0,16174.0,42710.0
2025-07-19_07:11:51,3358.0,12108.0,45560.0,12185.0,16174.0,42710.0
2025-07-19_07:11:51,8598.0,12108.0,45562.0,14338.0,16174.0,42713.0
2025-07-19_07:11:51,8113.0,12108.0,45562.0,13264.0,16174.0,42713.0
2025-07-19_07:11:51,10595.0,12108.0,45566.0,14404.0,16174.0,42713.0
2025-07-19_07:11:51,8509.0,12108.0,45566.0,13231.0,16174.0,42713.0
2025-07-19_07:11:52,8022.0,12108.0,45566.0,13091.0,16174.0,42713.0
2025-07-19_07:11:52,9743.0,12108.0,45566.0,14006.0,16174.0,42713.0
2025-07-19_07:11:52,10010.0,12108.0,45566.0,14199.0,16174.0,42713.0
2025-07-19_07:11:52,9668.0,12108.0,45566.0,14097.0,16174.0,42713.0
2025-07-19_07:11:53,9865.0,12108.0,45566.0,14237.0,16174.0,42713.0
2025-07-19_07:11:53,9694.0,12108.0,45566.0,14361.0,16174.0,42713.0
2025-07-19_07:11:53,,,,,,
2025-07-19_07:11:57,6966.0,12108.0,45566.0,3792.0,16174.0,42713.0
2025-07-19_07:11:57,8596.0,12108.0,45566.0,14106.0,16174.0,42713.0
2025-07-19_07:11:57,9630.0,12108.0,45578.0,14078.0,16174.0,42713.0
2025-07-19_07:11:57,8529.0,12108.0,45578.0,14060.0,16174.0,42713.0
2025-07-19_07:11:58,,,,13789.0,16174.0,42713.0
2025-07-19_07:12:01,3302.0,12108.0,45578.0,12194.0,16174.0,42713.0
2025-07-19_07:12:02,9867.0,12108.0,45578.0,14058.0,16174.0,42713.0
2025-07-19_07:12:02,8749.0,12108.0,45578.0,14348.0,16174.0,42713.0
2025-07-19_07:12:02,9825.0,12108.0,45578.0,14035.0,16174.0,42713.0
2025-07-19_07:12:02,9953.0,12108.0,45586.0,14413.0,16174.0,42713.0
2025-07-19_07:12:03,8695.0,12108.0,45586.0,14173.0,16174.0,42713.0
2025-07-19_07:12:03,8518.0,12108.0,45586.0,13842.0,16174.0,42713.0
2025-07-19_07:12:03,8577.0,12108.0,45586.0,13393.0,16174.0,42713.0
2025-07-19_07:12:03,9821.0,12108.0,45586.0,14381.0,16174.0,42713.0
2025-07-19_07:12:03,10082.0,12108.0,45586.0,14377.0,16174.0,42713.0
2025-07-19_07:12:04,8556.0,12108.0,45586.0,13818.0,16174.0,42713.0
2025-07-19_07:12:04,10118.0,12108.0,45586.0,14315.0,16174.0,42713.0
2025-07-19_07:12:04,10093.0,12108.0,45586.0,13877.0,16174.0,42713.0
2025-07-19_07:12:04,,,,,,
2025-07-19_07:12:08,6961.0,12108.0,45586.0,3792.0,16174.0,42713.0
2025-07-19_07:12:08,8100.0,12108.0,45586.0,13257.0,16174.0,42713.0
2025-07-19_07:12:09,,,,,,
2025-07-19_07:12:12,6966.0,12108.0,45586.0,3792.0,16174.0,42713.0
2025-07-19_07:12:13,9959.0,12108.0,45586.0,14196.0,16174.0,42713.0
2025-07-19_07:12:13,8649.0,12108.0,45586.0,14226.0,16174.0,42713.0
2025-07-19_07:12:13,8011.0,12108.0,45586.0,13087.0,16174.0,42713.0
2025-07-19_07:12:13,,,,,,
2025-07-19_07:12:17,6966.0,12108.0,45586.0,3792.0,16174.0,42713.0
2025-07-19_07:12:17,,,,14047.0,16174.0,42713.0
2025-07-19_07:12:21,2778.0,12108.0,45586.0,12188.0,16174.0,42713.0
2025-07-19_07:12:21,8661.0,12108.0,45586.0,14031.0,16174.0,42713.0
2025-07-19_07:12:22,9053.0,12108.0,45586.0,14104.0,16174.0,42713.0
2025-07-19_07:12:22,8520.0,12108.0,45586.0,13898.0,16174.0,42713.0
2025-07-19_07:12:22,8587.0,12108.0,45586.0,14013.0,16174.0,42713.0
2025-07-19_07:12:22,,,,13301.0,16174.0,42713.0
2025-07-19_07:12:26,2778.0,12108.0,45586.0,12183.0,16174.0,42713.0
2025-07-19_07:12:26,,,,14000.0,16174.0,42713.0
2025-07-19_07:12:30,3358.0,12108.0,45586.0,12198.0,16174.0,42713.0
2025-07-19_07:12:30,8610.0,12108.0,45586.0,13840.0,16174.0,42713.0
2025-07-19_07:12:30,8585.0,12108.0,45586.0,14087.0,16174.0,42713.0
2025-07-19_07:12:31,,,,13990.0,16174.0,42713.0
2025-07-19_07:12:34,3319.0,12108.0,45586.0,12176.0,16174.0,42713.0
2025-07-19_07:12:35,10344.0,12108.0,45586.0,14393.0,16174.0,42713.0
2025-07-19_07:12:35,8631.0,12108.0,45586.0,14081.0,16174.0,42713.0
2025-07-19_07:12:35,9979.0,12108.0,45586.0,14189.0,16174.0,42713.0
2025-07-19_07:12:35,,,,,,
2025-07-19_07:12:39,6964.0,12108.0,45586.0,3793.0,16174.0,42713.0
2025-07-19_07:12:39,9716.0,12108.0,45586.0,13995.0,16174.0,42713.0
2025-07-19_07:12:40,9671.0,12108.0,45586.0,13959.0,16174.0,42713.0
2025-07-19_07:12:40,10338.0,12108.0,45590.0,14646.0,16174.0,42713.0
2025-07-19_07:12:40,10134.0,12108.0,45590.0,14054.0,16174.0,42713.0
2025-07-19_07:12:40,9680.0,12108.0,45590.0,13776.0,16174.0,42713.0
2025-07-19_07:12:40,10132.0,12108.0,45590.0,14011.0,16174.0,42713.0
2025-07-19_07:12:41,9572.0,12108.0,45590.0,14196.0,16174.0,42713.0
2025-07-19_07:12:41,10021.0,12108.0,45590.0,14423.0,16174.0,42714.0
2025-07-19_07:12:41,9899.0,12108.0,45590.0,14016.0,16174.0,42714.0
2025-07-19_07:12:41,10187.0,12108.0,45590.0,14043.0,16174.0,42714.0
2025-07-19_07:12:42,9920.0,12108.0,45590.0,14101.0,16174.0,42714.0
2025-07-19_07:12:42,,,,,,
2025-07-19_07:12:46,6968.0,12108.0,45590.0,3792.0,16174.0,42714.0
2025-07-19_07:12:46,8679.0,12108.0,45590.0,14137.0,16174.0,42714.0
2025-07-19_07:12:46,9930.0,12108.0,45590.0,14055.0,16174.0,42714.0
2025-07-19_07:12:46,8539.0,12108.0,45590.0,13509.0,16174.0,42714.0
2025-07-19_07:12:46,9530.0,12108.0,45590.0,13964.0,16174.0,42714.0
2025-07-19_07:12:47,9483.0,12108.0,45590.0,14019.0,16174.0,42714.0
2025-07-19_07:12:47,9868.0,12108.0,45590.0,14038.0,16174.0,42714.0
2025-07-19_07:12:47,,,,,,
2025-07-19_07:12:51,6969.0,12108.0,45590.0,3793.0,16174.0,42714.0
2025-07-19_07:12:51,9898.0,12108.0,45590.0,13797.0,16174.0,42714.0
2025-07-19_07:12:51,8014.0,12108.0,45590.0,13051.0,16174.0,42714.0
2025-07-19_07:12:52,8010.0,12108.0,45590.0,13039.0,16174.0,42714.0
2025-07-19_07:12:52,9335.0,12108.0,45590.0,13842.0,16174.0,42714.0
2025-07-19_07:12:52,,,,14008.0,16174.0,42714.0
2025-07-19_07:12:56,3302.0,12108.0,45590.0,12200.0,16174.0,42714.0
2025-07-19_07:12:56,9850.0,12108.0,45590.0,14112.0,16174.0,42714.0
2025-07-19_07:12:56,,,,,,
2025-07-19_07:13:00,6969.0,12108.0,45590.0,3792.0,16174.0,42714.0
2025-07-19_07:13:00,,,,,,
2025-07-19_07:13:05,2778.0,12108.0,45590.0,3776.0,16174.0,42714.0
2025-07-19_07:13:05,,,,13970.0,16174.0,42714.0
2025-07-19_07:13:09,3375.0,12108.0,45590.0,12183.0,16174.0,42714.0
2025-07-19_07:13:09,9686.0,12108.0,45591.0,14033.0,16174.0,42714.0
2025-07-19_07:13:09,,,,13975.0,16174.0,42714.0
2025-07-19_07:13:13,3319.0,12108.0,45591.0,12191.0,16174.0,42714.0
2025-07-19_07:13:13,8119.0,12108.0,45591.0,13268.0,16174.0,42714.0
2025-07-19_07:13:13,9227.0,12108.0,45591.0,14029.0,16174.0,42714.0
2025-07-19_07:13:13,,,,,,
2025-07-19_07:13:17,6969.0,12108.0,45591.0,3793.0,16174.0,42714.0
2025-07-19_07:13:17,9842.0,12108.0,45591.0,13719.0,16174.0,42714.0
2025-07-19_07:13:18,,,,,,
2025-07-19_07:13:22,6962.0,12108.0,45591.0,3792.0,16174.0,42714.0
2025-07-19_07:13:22,8706.0,12108.0,45592.0,14203.0,16174.0,42714.0
2025-07-19_07:13:22,,,,14178.0,16174.0,42714.0
2025-07-19_07:13:26,3377.0,12108.0,45592.0,12153.0,16174.0,42714.0
2025-07-19_07:13:26,10008.0,12108.0,45592.0,13803.0,16174.0,42714.0
2025-07-19_07:13:26,,,,,,
2025-07-19_07:13:30,6965.0,12108.0,45592.0,3792.0,16174.0,42714.0
2025-07-19_07:13:30,9163.0,12108.0,45592.0,13980.0,16174.0,42714.0
2025-07-19_07:13:30,8536.0,12108.0,45592.0,13927.0,16174.0,42714.0
2025-07-19_07:13:31,9857.0,12108.0,45592.0,13768.0,16174.0,42714.0
2025-07-19_07:13:31,8475.0,12108.0,45592.0,13898.0,16174.0,42714.0
2025-07-19_07:13:31,9884.0,12108.0,45592.0,14573.0,16174.0,42714.0
2025-07-19_07:13:31,9751.0,12108.0,45592.0,14170.0,16174.0,42714.0
2025-07-19_07:13:31,9823.0,12108.0,45592.0,14211.0,16174.0,42714.0
2025-07-19_07:13:32,9203.0,12108.0,45592.0,13827.0,16174.0,42714.0
2025-07-19_07:13:32,,,,,,
2025-07-19_07:13:36,6970.0,12108.0,45592.0,3793.0,16174.0,42714.0
2025-07-19_07:13:36,9731.0,12108.0,45592.0,14007.0,16174.0,42714.0
2025-07-19_07:13:36,10124.0,12108.0,45593.0,14022.0,16174.0,42714.0
2025-07-19_07:13:36,9841.0,12108.0,45593.0,14404.0,16174.0,42714.0
2025-07-19_07:13:37,,,,13950.0,16174.0,42714.0
2025-07-19_07:13:40,3321.0,12108.0,45593.0,12147.0,16174.0,42716.0
2025-07-19_07:13:40,,,,13788.0,16174.0,42716.0
2025-07-19_07:13:44,3319.0,12108.0,45593.0,12193.0,16174.0,42716.0
2025-07-19_07:13:44,,,,14003.0,16174.0,42716.0
2025-07-19_07:13:48,2778.0,12108.0,45593.0,12184.0,16174.0,42716.0
2025-07-19_07:13:48,8615.0,12108.0,45593.0,14203.0,16174.0,42716.0
2025-07-19_07:13:49,8528.0,12108.0,45593.0,13851.0,16174.0,42716.0
2025-07-19_07:13:49,9972.0,12108.0,45593.0,14172.0,16174.0,42716.0
2025-07-19_07:13:49,,,,13676.0,16174.0,42716.0
2025-07-19_07:13:53,3302.0,12108.0,45593.0,12184.0,16174.0,42716.0
2025-07-19_07:13:53,9878.0,12108.0,45593.0,13777.0,16174.0,42716.0
2025-07-19_07:13:53,9841.0,12108.0,45593.0,14150.0,16174.0,42716.0
2025-07-19_07:13:53,,,,13178.0,16174.0,42716.0
2025-07-19_07:13:57,2778.0,12108.0,45593.0,12191.0,16174.0,42716.0
2025-07-19_07:13:58,8536.0,12108.0,45593.0,13846.0,16174.0,42716.0
2025-07-19_07:13:58,9492.0,12108.0,45593.0,14071.0,16174.0,42716.0
2025-07-19_07:13:58,9685.0,12108.0,45593.0,14261.0,16174.0,42716.0
2025-07-19_07:13:58,9713.0,12108.0,45593.0,13984.0,16174.0,42716.0
2025-07-19_07:13:58,10160.0,12108.0,45593.0,14338.0,16174.0,42723.0
2025-07-19_07:13:59,8640.0,12108.0,45593.0,14092.0,16174.0,42723.0
2025-07-19_07:13:59,9953.0,12108.0,45593.0,14392.0,16174.0,42723.0
2025-07-19_07:13:59,9879.0,12108.0,45593.0,14120.0,16174.0,42723.0
2025-07-19_07:13:59,,,,14060.0,16174.0,42723.0
2025-07-19_07:14:03,3358.0,12108.0,45593.0,12166.0,16174.0,42723.0
2025-07-19_07:14:03,9642.0,12108.0,45593.0,13974.0,16174.0,42723.0
2025-07-19_07:14:03,9888.0,12108.0,45593.0,13975.0,16174.0,42723.0
2025-07-19_07:14:04,,,,14079.0,16174.0,42723.0
2025-07-19_07:14:07,3319.0,12108.0,45593.0,12192.0,16174.0,42723.0
2025-07-19_07:14:07,9997.0,12108.0,45594.0,14235.0,16174.0,42723.0
2025-07-19_07:14:08,,,,13971.0,16174.0,42723.0
2025-07-19_07:14:11,3302.0,12108.0,45594.0,12195.0,16174.0,42723.0
2025-07-19_07:14:12,8554.0,12108.0,45594.0,13980.0,16174.0,42723.0
2025-07-19_07:14:12,,,,14029.0,16174.0,42723.0
2025-07-19_07:14:16,3377.0,12108.0,45594.0,12190.0,16174.0,42723.0
2025-07-19_07:14:16,,,,13983.0,16174.0,42723.0
2025-07-19_07:14:19,3302.0,12108.0,45594.0,12197.0,16174.0,42723.0
2025-07-19_07:14:20,10017.0,12108.0,45594.0,14103.0,16174.0,42723.0
2025-07-19_07:14:20,,,,,,
2025-07-19_07:14:24,6964.0,12108.0,45594.0,3786.0,16174.0,42723.0
2025-07-19_07:14:24,7999.0,12108.0,45594.0,12921.0,16174.0,42723.0
2025-07-19_07:14:24,10220.0,12108.0,45595.0,14596.0,16174.0,42723.0
2025-07-19_07:14:24,8584.0,12108.0,45601.0,13786.0,16174.0,42723.0
2025-07-19_07:14:25,,,,13971.0,16174.0,42723.0
2025-07-19_07:14:28,3302.0,12108.0,45601.0,12187.0,16174.0,42723.0
2025-07-19_07:14:28,8691.0,12108.0,45623.0,13800.0,16174.0,42723.0
2025-07-19_07:14:29,9977.0,12108.0,45623.0,14351.0,16174.0,42723.0
2025-07-19_07:14:29,,,,13631.0,16174.0,42723.0
2025-07-19_07:14:33,3302.0,12108.0,45623.0,12166.0,16174.0,42723.0
2025-07-19_07:14:33,9972.0,12108.0,45623.0,14193.0,16174.0,42723.0
2025-07-19_07:14:33,8531.0,12108.0,45623.0,13842.0,16174.0,42723.0
2025-07-19_07:14:33,9961.0,12108.0,45626.0,14003.0,16174.0,42723.0
2025-07-19_07:14:33,8556.0,12108.0,45626.0,13770.0,16174.0,42723.0
2025-07-19_07:14:34,,,,,,
2025-07-19_07:14:37,6964.0,12108.0,45626.0,3793.0,16174.0,42723.0
2025-07-19_07:14:38,8662.0,12108.0,45626.0,14087.0,16174.0,42723.0
2025-07-19_07:14:38,,,,,,
2025-07-19_07:14:42,6967.0,12108.0,45626.0,3795.0,16174.0,42723.0
2025-07-19_07:14:42,10376.0,12108.0,45631.0,14629.0,16174.0,42723.0
2025-07-19_07:14:42,8011.0,12108.0,45631.0,13230.0,16174.0,42723.0
2025-07-19_07:14:42,10065.0,12108.0,45631.0,14221.0,16174.0,42723.0
2025-07-19_07:14:43,,,,14000.0,16174.0,42723.0
2025-07-19_07:14:46,3319.0,12108.0,45631.0,12166.0,16174.0,42723.0
2025-07-19_07:14:47,9349.0,12108.0,45632.0,13861.0,16174.0,42728.0
2025-07-19_07:14:47,,,,13998.0,16174.0,42728.0
2025-07-19_07:14:50,3302.0,12108.0,45632.0,12190.0,16174.0,42728.0
2025-07-19_07:14:51,9974.0,12108.0,45632.0,14168.0,16174.0,42728.0
2025-07-19_07:14:51,,,,14400.0,16174.0,42728.0
2025-07-19_07:14:55,2778.0,12108.0,45632.0,12192.0,16174.0,42728.0
2025-07-19_07:14:55,9739.0,12108.0,45632.0,14015.0,16174.0,42728.0
2025-07-19_07:14:55,,,,13984.0,16174.0,42728.0
2025-07-19_07:14:59,,,,,,
2025-07-19_07:15:03,6964.0,12108.0,45632.0,3793.0,16174.0,42728.0
2025-07-19_07:15:03,10258.0,12108.0,45648.0,14608.0,16174.0,42728.0
2025-07-19_07:15:03,,,,,,
2025-07-19_07:15:08,2778.0,12108.0,45648.0,3776.0,16174.0,42728.0
2025-07-19_07:15:08,,,,14406.0,16174.0,42728.0
2025-07-19_07:15:12,3319.0,12108.0,45648.0,12191.0,16174.0,42728.0
2025-07-19_07:15:12,8676.0,12108.0,45648.0,14057.0,16174.0,42728.0
2025-07-19_07:15:12,10080.0,12108.0,45648.0,14322.0,16174.0,42728.0
2025-07-19_07:15:12,,,,14254.0,16174.0,42728.0
2025-07-19_07:15:16,2780.0,12108.0,45648.0,12192.0,16174.0,42728.0
2025-07-19_07:15:16,,,,,,
2025-07-19_07:15:20,6970.0,12108.0,45648.0,3793.0,16174.0,42728.0
2025-07-19_07:15:20,8596.0,12108.0,45648.0,14293.0,16174.0,42728.0
2025-07-19_07:15:21,10071.0,12108.0,45648.0,14308.0,16174.0,42728.0
2025-07-19_07:15:21,9500.0,12108.0,45648.0,14069.0,16174.0,42765.0
2025-07-19_07:15:21,9661.0,12108.0,45648.0,13980.0,16174.0,42765.0
2025-07-19_07:15:21,,,,13799.0,16174.0,42765.0
2025-07-19_07:15:25,3302.0,12108.0,45648.0,12185.0,16174.0,42765.0
2025-07-19_07:15:25,,,,13973.0,16174.0,42765.0
2025-07-19_07:15:29,3375.0,12108.0,45648.0,12183.0,16174.0,42765.0
2025-07-19_07:15:29,9644.0,12108.0,45648.0,14095.0,16174.0,42765.0
2025-07-19_07:15:29,,,,13823.0,16174.0,42765.0
2025-07-19_07:15:33,3319.0,12108.0,45648.0,12197.0,16174.0,42765.0
2025-07-19_07:15:33,,,,14053.0,16174.0,42765.0
2025-07-19_07:15:37,,,,,,
2025-07-19_07:15:41,6965.0,12108.0,45648.0,3793.0,16174.0,42765.0
2025-07-19_07:15:41,,,,13920.0,16174.0,42765.0
2025-07-19_07:15:44,3375.0,12108.0,45648.0,12196.0,16174.0,42765.0
2025-07-19_07:15:45,10004.0,12108.0,45648.0,14005.0,16174.0,42765.0
2025-07-19_07:15:45,10280.0,12108.0,45648.0,14284.0,16174.0,42770.0
2025-07-19_07:15:45,9895.0,12108.0,45648.0,13832.0,16174.0,42770.0
2025-07-19_07:15:45,8062.0,12108.0,45648.0,13308.0,16174.0,42770.0
2025-07-19_07:15:46,8504.0,12108.0,45648.0,13260.0,16174.0,42770.0
2025-07-19_07:15:46,9881.0,12108.0,45648.0,14352.0,16174.0,42770.0
2025-07-19_07:15:46,8549.0,12108.0,45648.0,14123.0,16174.0,42770.0
2025-07-19_07:15:46,8521.0,12108.0,45648.0,13810.0,16174.0,42770.0
2025-07-19_07:15:47,8529.0,12108.0,45648.0,14024.0,16174.0,42770.0
2025-07-19_07:15:47,10198.0,12108.0,45648.0,14085.0,16174.0,42770.0
2025-07-19_07:15:47,10056.0,12108.0,45648.0,14359.0,16174.0,42770.0
2025-07-19_07:15:47,,,,14183.0,16174.0,42770.0
2025-07-19_07:15:51,2778.0,12108.0,45648.0,12152.0,16174.0,42770.0
2025-07-19_07:15:51,8615.0,12108.0,45648.0,13956.0,16174.0,42770.0
2025-07-19_07:15:51,9641.0,12108.0,45648.0,13979.0,16174.0,42770.0
2025-07-19_07:15:52,,,,,,
2025-07-19_07:15:55,6965.0,12108.0,45648.0,3793.0,16174.0,42770.0
2025-07-19_07:15:56,8539.0,12108.0,45648.0,13769.0,16174.0,42770.0
2025-07-19_07:15:56,,,,14228.0,16174.0,42770.0
2025-07-19_07:16:00,3375.0,12108.0,45648.0,12164.0,16174.0,42770.0
2025-07-19_07:16:00,,,,,,
2025-07-19_07:16:04,6969.0,12108.0,45648.0,3793.0,16174.0,42770.0
2025-07-19_07:16:04,,,,,,
2025-07-19_07:16:08,6968.0,12108.0,45648.0,3786.0,16174.0,42770.0
2025-07-19_07:16:08,9870.0,12108.0,45648.0,13869.0,16174.0,42770.0
2025-07-19_07:16:08,9782.0,12108.0,45648.0,14094.0,16174.0,42770.0
2025-07-19_07:16:08,8526.0,12108.0,45648.0,13751.0,16174.0,42770.0
2025-07-19_07:16:08,,,,14312.0,16174.0,42770.0
2025-07-19_07:16:12,3375.0,12108.0,45648.0,12196.0,16174.0,42770.0
2025-07-19_07:16:12,8670.0,12108.0,45648.0,14312.0,16174.0,42770.0
2025-07-19_07:16:13,9707.0,12108.0,45648.0,14112.0,16174.0,42770.0
2025-07-19_07:16:13,8123.0,12108.0,45648.0,13043.0,16174.0,42770.0
2025-07-19_07:16:13,,,,13978.0,16174.0,42770.0
2025-07-19_07:16:17,3375.0,12108.0,45648.0,12157.0,16174.0,42770.0
2025-07-19_07:16:17,10316.0,12108.0,45648.0,14556.0,16174.0,42770.0
2025-07-19_07:16:17,9911.0,12108.0,45648.0,14002.0,16174.0,42770.0
2025-07-19_07:16:17,9765.0,12108.0,45648.0,14126.0,16174.0,42770.0
2025-07-19_07:16:18,9880.0,12108.0,45650.0,14294.0,16174.0,42770.0
2025-07-19_07:16:18,8639.0,12108.0,45651.0,13909.0,16174.0,42770.0
2025-07-19_07:16:18,,,,14581.0,16174.0,42789.0
2025-07-19_07:16:22,3358.0,12108.0,45651.0,12179.0,16174.0,42789.0
2025-07-19_07:16:22,9899.0,12108.0,45651.0,14174.0,16174.0,42791.0
2025-07-19_07:16:22,8563.0,12108.0,45651.0,13933.0,16174.0,42791.0
2025-07-19_07:16:22,8540.0,12108.0,45654.0,13818.0,16174.0,42791.0
2025-07-19_07:16:23,10014.0,12108.0,45654.0,14400.0,16174.0,42791.0
2025-07-19_07:16:23,9890.0,12108.0,45654.0,14011.0,16174.0,42791.0
2025-07-19_07:16:23,,,,14144.0,16174.0,42791.0
2025-07-19_07:16:27,3302.0,12108.0,45654.0,12173.0,16174.0,42791.0
2025-07-19_07:16:27,10034.0,12108.0,45654.0,13769.0,16174.0,42791.0
2025-07-19_07:16:27,8521.0,12108.0,45654.0,13051.0,16174.0,42791.0
2025-07-19_07:16:28,2778.0,12108.0,45654.0,12144.0,16174.0,42791.0
2025-07-19_07:16:28,10285.0,12108.0,45654.0,14373.0,16174.0,42791.0
2025-07-19_07:16:29,8966.0,12108.0,45654.0,13993.0,16174.0,42791.0
2025-07-19_07:16:29,,,,13766.0,16174.0,42791.0
2025-07-19_07:16:32,,,,,,
2025-07-19_07:16:36,6967.0,12108.0,45654.0,3794.0,16174.0,42791.0
2025-07-19_07:16:36,10205.0,12108.0,45654.0,14509.0,16174.0,42791.0
2025-07-19_07:16:37,9723.0,12108.0,45654.0,14268.0,16174.0,42791.0
2025-07-19_07:16:37,9696.0,12108.0,45654.0,14168.0,16174.0,42791.0
2025-07-19_07:16:37,8354.0,12108.0,45654.0,13828.0,16174.0,42791.0
2025-07-19_07:16:37,,,,14042.0,16174.0,42791.0
2025-07-19_07:16:41,3375.0,12108.0,45654.0,12196.0,16174.0,42791.0
2025-07-19_07:16:41,,,,15123.0,16174.0,42793.0
2025-07-19_07:16:45,3358.0,12108.0,45654.0,12183.0,16174.0,42793.0
2025-07-19_07:16:45,9811.0,12108.0,45654.0,13768.0,16174.0,42793.0
2025-07-19_07:16:45,9922.0,12108.0,45654.0,14670.0,16174.0,42793.0
2025-07-19_07:16:46,,,,,,
2025-07-19_07:16:49,6958.0,12108.0,45654.0,3793.0,16174.0,42793.0
2025-07-19_07:16:50,,,,,,
2025-07-19_07:16:53,6965.0,12108.0,45654.0,3792.0,16174.0,42793.0
2025-07-19_07:16:54,,,,14292.0,16174.0,42793.0
2025-07-19_07:16:57,2778.0,12108.0,45654.0,12184.0,16174.0,42793.0
2025-07-19_07:16:58,9689.0,12108.0,45654.0,13924.0,16174.0,42793.0
2025-07-19_07:16:58,9799.0,12108.0,45654.0,14110.0,16174.0,42793.0
2025-07-19_07:16:58,9507.0,12108.0,45654.0,13845.0,16174.0,42793.0
2025-07-19_07:16:58,9557.0,12108.0,45654.0,14169.0,16174.0,42793.0
2025-07-19_07:16:59,9883.0,12108.0,45654.0,14124.0,16174.0,42793.0
2025-07-19_07:16:59,10293.0,12108.0,45654.0,13956.0,16174.0,42793.0
2025-07-19_07:16:59,10184.0,12108.0,45654.0,14236.0,16174.0,42793.0
2025-07-19_07:16:59,,,,14166.0,16174.0,42793.0
2025-07-19_07:17:03,3375.0,12108.0,45654.0,12171.0,16174.0,42793.0
2025-07-19_07:17:03,,,,13779.0,16174.0,42793.0
2025-07-19_07:17:07,3319.0,12108.0,45654.0,12169.0,16174.0,42793.0
2025-07-19_07:17:07,10083.0,12108.0,45654.0,14262.0,16174.0,42793.0
2025-07-19_07:17:07,8733.0,12108.0,45662.0,14099.0,16174.0,42793.0
2025-07-19_07:17:07,,,,13826.0,16174.0,42793.0
2025-07-19_07:17:11,3302.0,12108.0,45662.0,12196.0,16174.0,42793.0
2025-07-19_07:17:11,9432.0,12108.0,45662.0,13987.0,16174.0,42793.0
2025-07-19_07:17:12,9947.0,12108.0,45662.0,13979.0,16174.0,42793.0
2025-07-19_07:17:12,,,,13971.0,16174.0,42793.0
2025-07-19_07:17:16,3358.0,12108.0,45662.0,12188.0,16174.0,42793.0
2025-07-19_07:17:16,8599.0,12108.0,45662.0,13784.0,16174.0,42793.0
2025-07-19_07:17:16,8555.0,12108.0,45662.0,14116.0,16174.0,42793.0
2025-07-19_07:17:16,9994.0,12108.0,45662.0,14202.0,16174.0,42793.0
2025-07-19_07:17:17,9993.0,12108.0,45662.0,14154.0,16174.0,42793.0
2025-07-19_07:17:17,,,,13970.0,16174.0,42793.0
2025-07-19_07:17:20,3375.0,12108.0,45662.0,12185.0,16174.0,42793.0
2025-07-19_07:17:21,9930.0,12108.0,45662.0,14166.0,16174.0,42793.0
2025-07-19_07:17:21,,,,13057.0,16174.0,42793.0
2025-07-19_07:17:25,2778.0,12108.0,45662.0,12185.0,16174.0,42793.0
2025-07-19_07:17:25,9875.0,12108.0,45662.0,14094.0,16174.0,42793.0
2025-07-19_07:17:25,10545.0,12108.0,45668.0,15038.0,16174.0,42830.0
2025-07-19_07:17:25,10041.0,12108.0,45668.0,13988.0,16174.0,42830.0
2025-07-19_07:17:26,10545.0,12108.0,45668.0,15062.0,16174.0,42830.0
2025-07-19_07:17:26,10048.0,12108.0,45668.0,13879.0,16174.0,42830.0
2025-07-19_07:17:26,,,,,,
2025-07-19_07:17:30,6959.0,12108.0,45668.0,3786.0,16174.0,42830.0
2025-07-19_07:17:30,9997.0,12108.0,45668.0,14347.0,16174.0,42830.0
2025-07-19_07:17:30,9683.0,12108.0,45668.0,13902.0,16174.0,42830.0
2025-07-19_07:17:31,8597.0,12108.0,45668.0,14395.0,16174.0,42830.0
2025-07-19_07:17:31,10052.0,12108.0,45668.0,14145.0,16174.0,42830.0
2025-07-19_07:17:31,8611.0,12108.0,45668.0,14161.0,16174.0,42830.0
2025-07-19_07:17:31,9837.0,12108.0,45668.0,14114.0,16174.0,42830.0
2025-07-19_07:17:31,9035.0,12108.0,45668.0,14006.0,16174.0,42830.0
2025-07-19_07:17:32,8641.0,12108.0,45668.0,14237.0,16174.0,42830.0
2025-07-19_07:17:32,,,,12059.0,16174.0,42830.0
2025-07-19_07:17:36,2778.0,12108.0,45668.0,12187.0,16174.0,42830.0
2025-07-19_07:17:36,8548.0,12108.0,45668.0,13999.0,16174.0,42830.0
2025-07-19_07:17:36,9826.0,12108.0,45668.0,14253.0,16174.0,42830.0
2025-07-19_07:17:36,9508.0,12108.0,45668.0,13939.0,16174.0,42830.0
2025-07-19_07:17:37,9971.0,12108.0,45668.0,14136.0,16174.0,42830.0
2025-07-19_07:17:37,,,,13857.0,16174.0,42830.0
2025-07-19_07:17:41,3358.0,12108.0,45668.0,12173.0,16174.0,42830.0
2025-07-19_07:17:41,8679.0,12108.0,45668.0,14224.0,16174.0,42830.0
2025-07-19_07:17:41,,,,13041.0,16174.0,42830.0
2025-07-19_07:17:45,2778.0,12108.0,45668.0,12186.0,16174.0,42830.0
2025-07-19_07:17:45,9989.0,12108.0,45668.0,14382.0,16174.0,42830.0
2025-07-19_07:17:45,,,,13254.0,16174.0,42830.0
2025-07-19_07:17:49,2778.0,12108.0,45668.0,12163.0,16174.0,42830.0
2025-07-19_07:17:49,8569.0,12108.0,45668.0,13844.0,16174.0,42830.0
2025-07-19_07:17:50,8605.0,12108.0,45668.0,14039.0,16174.0,42830.0
2025-07-19_07:17:50,9982.0,12108.0,45668.0,13988.0,16174.0,42830.0
2025-07-19_07:17:50,,,,14255.0,16174.0,42830.0
2025-07-19_07:17:54,3319.0,12108.0,45668.0,12188.0,16174.0,42830.0
2025-07-19_07:17:54,,,,14089.0,16174.0,42830.0
2025-07-19_07:17:58,3360.0,12108.0,45668.0,12172.0,16174.0,42830.0
2025-07-19_07:17:58,9377.0,12108.0,45668.0,14037.0,16174.0,42830.0
2025-07-19_07:17:58,10233.0,12112.0,45761.0,14351.0,16174.0,42830.0
2025-07-19_07:17:58,9915.0,12112.0,45762.0,14361.0,16174.0,42830.0
2025-07-19_07:17:59,,,,14259.0,16174.0,42830.0
2025-07-19_07:18:02,3375.0,12112.0,45762.0,12173.0,16174.0,42830.0
2025-07-19_07:18:02,9845.0,12112.0,45762.0,14019.0,16174.0,42830.0
2025-07-19_07:18:03,,,,13052.0,16174.0,42830.0
2025-07-19_07:18:07,2778.0,12112.0,45762.0,12189.0,16174.0,42830.0
2025-07-19_07:18:07,10029.0,12112.0,45762.0,14108.0,16174.0,42830.0
2025-07-19_07:18:07,,,,13630.0,16174.0,42830.0
2025-07-19_07:18:11,2778.0,12112.0,45762.0,12187.0,16174.0,42830.0
2025-07-19_07:18:11,10045.0,12112.0,45762.0,14411.0,16174.0,42830.0
2025-07-19_07:18:11,9240.0,12112.0,45762.0,13849.0,16174.0,42830.0
2025-07-19_07:18:12,8577.0,12112.0,45762.0,13420.0,16174.0,42830.0
2025-07-19_07:18:12,10209.0,12112.0,45762.0,14094.0,16174.0,42830.0
2025-07-19_07:18:12,10404.0,12112.0,45762.0,14154.0,16174.0,42831.0
2025-07-19_07:18:12,9680.0,12112.0,45762.0,14278.0,16174.0,42831.0
2025-07-19_07:18:12,9861.0,12112.0,45762.0,14147.0,16174.0,42831.0
2025-07-19_07:18:13,9264.0,12112.0,45762.0,13831.0,16174.0,42831.0
2025-07-19_07:18:13,10142.0,12112.0,45764.0,14140.0,16174.0,42831.0
2025-07-19_07:18:13,,,,,,
2025-07-19_07:18:17,6960.0,12112.0,45764.0,3792.0,16174.0,42831.0
2025-07-19_07:18:17,,,,13823.0,16174.0,42831.0
2025-07-19_07:18:21,3302.0,12112.0,45764.0,12195.0,16174.0,42831.0
2025-07-19_07:18:21,10222.0,12112.0,45764.0,14135.0,16174.0,42831.0
2025-07-19_07:18:21,9866.0,12112.0,45764.0,14229.0,16174.0,42831.0
2025-07-19_07:18:21,,,,14128.0,16174.0,42831.0
2025-07-19_07:18:25,3360.0,12112.0,45764.0,12191.0,16174.0,42831.0
2025-07-19_07:18:25,10151.0,12112.0,45764.0,13885.0,16174.0,42831.0
2025-07-19_07:18:26,8613.0,12112.0,45764.0,14215.0,16174.0,42831.0
2025-07-19_07:18:26,10185.0,12112.0,45764.0,14332.0,16174.0,42831.0
2025-07-19_07:18:26,,,,,,
2025-07-19_07:18:30,6960.0,12112.0,45764.0,3793.0,16174.0,42831.0
2025-07-19_07:18:30,9125.0,12112.0,45764.0,13802.0,16174.0,42831.0
2025-07-19_07:18:30,8637.0,12112.0,45764.0,14097.0,16174.0,42831.0
2025-07-19_07:18:31,8689.0,12112.0,45764.0,14095.0,16174.0,42831.0
2025-07-19_07:18:31,10185.0,12112.0,45764.0,14322.0,16174.0,42831.0
2025-07-19_07:18:31,9828.0,12112.0,45764.0,14233.0,16174.0,42831.0
2025-07-19_07:18:31,10291.0,12112.0,45764.0,14566.0,16174.0,42831.0
2025-07-19_07:18:31,10236.0,12112.0,45765.0,14306.0,16174.0,42833.0
2025-07-19_07:18:32,9730.0,12112.0,45765.0,14223.0,16174.0,42833.0
2025-07-19_07:18:32,8626.0,12112.0,45765.0,14207.0,16174.0,42833.0
2025-07-19_07:18:32,,,,13778.0,16174.0,42833.0
2025-07-19_07:18:36,3375.0,12112.0,45765.0,12169.0,16174.0,42833.0
2025-07-19_07:18:36,10274.0,12112.0,45765.0,14465.0,16174.0,42833.0
2025-07-19_07:18:36,,,,,,
2025-07-19_07:18:40,6956.0,12112.0,45765.0,3793.0,16174.0,42833.0
2025-07-19_07:18:40,,,,13820.0,16174.0,42833.0
2025-07-19_07:18:44,3319.0,12112.0,45765.0,12182.0,16174.0,42833.0
2025-07-19_07:18:44,10161.0,12112.0,45765.0,13834.0,16174.0,42833.0
2025-07-19_07:18:44,,,,14024.0,16174.0,42833.0
2025-07-19_07:18:48,3375.0,12112.0,45765.0,12191.0,16174.0,42833.0
2025-07-19_07:18:48,8537.0,12112.0,45765.0,13998.0,16174.0,42833.0
2025-07-19_07:18:49,9750.0,12112.0,45765.0,14110.0,16174.0,42833.0
2025-07-19_07:18:49,,,,14123.0,16174.0,42833.0
2025-07-19_07:18:53,2778.0,12112.0,45765.0,12186.0,16174.0,42833.0
2025-07-19_07:18:53,10214.0,12112.0,45765.0,14040.0,16174.0,42833.0
2025-07-19_07:18:53,9737.0,12112.0,45765.0,14061.0,16174.0,42833.0
2025-07-19_07:18:53,9180.0,12112.0,45765.0,13983.0,16174.0,42833.0
2025-07-19_07:18:54,,,,13062.0,16174.0,42833.0
2025-07-19_07:18:58,2778.0,12112.0,45765.0,12191.0,16174.0,42833.0
2025-07-19_07:18:58,,,,,,
2025-07-19_07:19:02,2778.0,12112.0,45765.0,3776.0,16174.0,42833.0
2025-07-19_07:19:02,8554.0,12112.0,45765.0,13963.0,16174.0,42833.0
2025-07-19_07:19:03,,,,14292.0,16174.0,42833.0
2025-07-19_07:19:06,3375.0,12112.0,45765.0,12167.0,16174.0,42833.0
2025-07-19_07:19:07,9734.0,12112.0,45773.0,14069.0,16174.0,42833.0
2025-07-19_07:19:07,,,,14273.0,16174.0,42833.0
2025-07-19_07:19:10,3358.0,12112.0,45773.0,12178.0,16174.0,42833.0
2025-07-19_07:19:11,,,,,,
2025-07-19_07:19:14,6963.0,12112.0,45773.0,3793.0,16174.0,42833.0
2025-07-19_07:19:15,8561.0,12112.0,45773.0,13933.0,16174.0,42833.0
2025-07-19_07:19:15,,,,,,
2025-07-19_07:19:19,6959.0,12112.0,45773.0,3793.0,16174.0,42833.0
2025-07-19_07:19:19,,,,,,
2025-07-19_07:19:23,6963.0,12112.0,45773.0,3792.0,16174.0,42833.0
2025-07-19_07:19:23,,,,14232.0,16174.0,42833.0
2025-07-19_07:19:27,2778.0,12112.0,45773.0,12191.0,16174.0,42833.0
2025-07-19_07:19:27,,,,,,
2025-07-19_07:19:31,3356.0,12112.0,45773.0,4595.0,16174.0,42833.0
2025-07-19_07:19:32,10354.0,12112.0,45773.0,14663.0,16174.0,42833.0
2025-07-19_07:19:32,,,,,,
2025-07-19_07:19:36,6957.0,12112.0,45773.0,3793.0,16174.0,42833.0
2025-07-19_07:19:36,10327.0,12112.0,45773.0,14675.0,16174.0,42833.0
2025-07-19_07:19:36,,,,13980.0,16174.0,42833.0
2025-07-19_07:19:40,3358.0,12112.0,45773.0,12153.0,16174.0,42833.0
2025-07-19_07:19:40,8016.0,12112.0,45773.0,13034.0,16174.0,42833.0
2025-07-19_07:19:40,,,,14970.0,16174.0,42833.0
2025-07-19_07:19:44,2778.0,12112.0,45773.0,12193.0,16174.0,42833.0
2025-07-19_07:19:44,,,,13785.0,16174.0,42833.0
2025-07-19_07:19:48,3375.0,12112.0,45773.0,12173.0,16174.0,42833.0
2025-07-19_07:19:48,9671.0,12112.0,45773.0,14172.0,16174.0,42833.0
2025-07-19_07:19:48,9868.0,12112.0,45773.0,14257.0,16175.0,42834.0
2025-07-19_07:19:49,10028.0,12112.0,45773.0,14039.0,16175.0,42834.0
2025-07-19_07:19:49,9521.0,12112.0,45773.0,13991.0,16175.0,42834.0
2025-07-19_07:19:49,9962.0,12112.0,45773.0,14178.0,16175.0,42834.0
2025-07-19_07:19:49,10711.0,12112.0,45773.0,15298.0,16175.0,42834.0
2025-07-19_07:19:50,,,,13999.0,16175.0,42834.0
2025-07-19_07:19:53,3319.0,12112.0,45773.0,12143.0,16175.0,42834.0
2025-07-19_07:19:53,,,,13986.0,16175.0,42834.0
2025-07-19_07:19:57,3375.0,12112.0,45773.0,12187.0,16175.0,42834.0
2025-07-19_07:19:57,9721.0,12112.0,45773.0,14114.0,16175.0,42834.0
2025-07-19_07:19:58,10093.0,12112.0,45773.0,14310.0,16175.0,42834.0
2025-07-19_07:19:58,,,,,,
2025-07-19_07:20:02,6966.0,12112.0,45773.0,3787.0,16175.0,42834.0
2025-07-19_07:20:02,10497.0,12112.0,45773.0,14453.0,16175.0,42834.0
2025-07-19_07:20:02,10484.0,12112.0,45773.0,14682.0,16175.0,42834.0
2025-07-19_07:20:02,,,,14292.0,16175.0,42834.0
2025-07-19_07:20:06,3375.0,12112.0,45773.0,12197.0,16175.0,42834.0
2025-07-19_07:20:06,9906.0,12112.0,45773.0,14311.0,16175.0,42834.0
2025-07-19_07:20:06,,,,,,
2025-07-19_07:20:10,6958.0,12112.0,45773.0,3792.0,16175.0,42834.0
2025-07-19_07:20:11,8020.0,12112.0,45773.0,13234.0,16175.0,42834.0
2025-07-19_07:20:11,10622.0,12121.0,45792.0,14407.0,16175.0,42838.0
2025-07-19_07:20:11,,,,13632.0,16175.0,42838.0
2025-07-19_07:20:15,3319.0,12121.0,45792.0,12160.0,16175.0,42838.0
2025-07-19_07:20:15,10161.0,12121.0,45792.0,14440.0,16175.0,42838.0
2025-07-19_07:20:15,10605.0,12121.0,45792.0,14773.0,16175.0,42838.0
2025-07-19_07:20:15,9679.0,12121.0,45792.0,13983.0,16175.0,42838.0
2025-07-19_07:20:16,10041.0,12121.0,45792.0,14218.0,16175.0,42838.0
2025-07-19_07:20:16,9764.0,12121.0,45799.0,14044.0,16175.0,42838.0
2025-07-19_07:20:16,,,,14246.0,16175.0,42838.0
2025-07-19_07:20:20,3375.0,12121.0,45799.0,12179.0,16175.0,42838.0
2025-07-19_07:20:20,10277.0,12121.0,45799.0,14455.0,16175.0,42838.0
2025-07-19_07:20:21,2778.0,12121.0,45799.0,12200.0,16175.0,42838.0
2025-07-19_07:20:21,10635.0,12121.0,45807.0,14202.0,16175.0,42838.0
2025-07-19_07:20:21,9607.0,12121.0,45807.0,13977.0,16175.0,42838.0
2025-07-19_07:20:22,8576.0,12121.0,45807.0,13977.0,16175.0,42838.0
2025-07-19_07:20:22,9984.0,12121.0,45807.0,14035.0,16175.0,42838.0
2025-07-19_07:20:22,10029.0,12121.0,45807.0,14031.0,16175.0,42838.0
2025-07-19_07:20:22,9980.0,12121.0,45807.0,14011.0,16175.0,42838.0
2025-07-19_07:20:22,10152.0,12121.0,45807.0,14254.0,16175.0,42838.0
2025-07-19_07:20:23,,,,13833.0,16175.0,42838.0
2025-07-19_07:20:26,3319.0,12121.0,45807.0,12197.0,16175.0,42838.0
2025-07-19_07:20:27,9980.0,12121.0,45807.0,14469.0,16175.0,42838.0
2025-07-19_07:20:27,8639.0,12121.0,45807.0,13869.0,16175.0,42838.0
2025-07-19_07:20:27,10003.0,12121.0,45807.0,13812.0,16175.0,42838.0
2025-07-19_07:20:27,,,,14439.0,16175.0,42852.0
2025-07-19_07:20:31,2778.0,12121.0,45807.0,12201.0,16175.0,42852.0
2025-07-19_07:20:31,9850.0,12121.0,45807.0,14007.0,16175.0,42852.0
2025-07-19_07:20:31,,,,13973.0,16175.0,42852.0
2025-07-19_07:20:35,2778.0,12121.0,45807.0,12190.0,16175.0,42852.0
2025-07-19_07:20:36,10343.0,12121.0,45807.0,14291.0,16175.0,42852.0
2025-07-19_07:20:36,9991.0,12121.0,45807.0,14262.0,16175.0,42852.0
2025-07-19_07:20:36,,,,14004.0,16175.0,42852.0
2025-07-19_07:20:40,3319.0,12121.0,45807.0,12182.0,16175.0,42852.0
2025-07-19_07:20:40,,,,11634.0,16175.0,42852.0
2025-07-19_07:20:44,2778.0,12121.0,45807.0,12201.0,16175.0,42852.0
2025-07-19_07:20:44,8539.0,12121.0,45807.0,14051.0,16175.0,42852.0
2025-07-19_07:20:44,9841.0,12121.0,45807.0,14374.0,16175.0,42852.0
2025-07-19_07:20:44,9982.0,12121.0,45807.0,13909.0,16175.0,42852.0
2025-07-19_07:20:45,10480.0,12121.0,45808.0,14763.0,16175.0,42852.0
2025-07-19_07:20:45,,,,14103.0,16175.0,42852.0
2025-07-19_07:20:49,3319.0,12121.0,45808.0,12182.0,16175.0,42852.0
2025-07-19_07:20:49,10167.0,12121.0,45808.0,14568.0,16175.0,42852.0
2025-07-19_07:20:49,8019.0,12121.0,45808.0,13336.0,16175.0,42852.0
2025-07-19_07:20:49,10201.0,12121.0,45809.0,14577.0,16175.0,42852.0
2025-07-19_07:20:49,8598.0,12121.0,45809.0,14053.0,16175.0,42852.0
2025-07-19_07:20:50,9718.0,12121.0,45809.0,13956.0,16175.0,42852.0
2025-07-19_07:20:50,10233.0,12121.0,45811.0,14043.0,16175.0,42852.0
2025-07-19_07:20:50,10262.0,12121.0,45811.0,14178.0,16175.0,42859.0
2025-07-19_07:20:50,,,,,,
2025-07-19_07:20:54,6964.0,12121.0,45811.0,3793.0,16175.0,42859.0
2025-07-19_07:20:54,8560.0,12121.0,45811.0,13801.0,16175.0,42859.0
2025-07-19_07:20:55,,,,,,
2025-07-19_07:20:58,6967.0,12121.0,45811.0,3792.0,16175.0,42859.0
2025-07-19_07:20:59,,,,,,
2025-07-19_07:21:02,6968.0,12121.0,45811.0,3793.0,16175.0,42859.0
2025-07-19_07:21:03,,,,,,
2025-07-19_07:21:07,3356.0,12121.0,45811.0,4597.0,16175.0,42859.0
2025-07-19_07:21:07,9247.0,12121.0,45811.0,13759.0,16175.0,42859.0
2025-07-19_07:21:07,8994.0,12121.0,45811.0,13846.0,16175.0,42859.0
2025-07-19_07:21:08,,,,13979.0,16175.0,42859.0
2025-07-19_07:21:11,3375.0,12121.0,45811.0,12193.0,16175.0,42859.0
2025-07-19_07:21:12,8627.0,12121.0,45813.0,14221.0,16175.0,42859.0
2025-07-19_07:21:12,8560.0,12121.0,45813.0,14098.0,16175.0,42859.0
2025-07-19_07:21:12,,,,,,
2025-07-19_07:21:16,6962.0,12121.0,45813.0,3792.0,16175.0,42859.0
2025-07-19_07:21:16,,,,14274.0,16175.0,42859.0
2025-07-19_07:21:20,3375.0,12121.0,45813.0,12190.0,16175.0,42859.0
2025-07-19_07:21:20,9958.0,12121.0,45813.0,13991.0,16175.0,42859.0
2025-07-19_07:21:20,9895.0,12121.0,45813.0,13978.0,16175.0,42859.0
2025-07-19_07:21:20,8698.0,12121.0,45813.0,14088.0,16175.0,42859.0
2025-07-19_07:21:21,10335.0,12121.0,45813.0,14682.0,16175.0,42863.0
2025-07-19_07:21:21,,,,14294.0,16175.0,42863.0
2025-07-19_07:21:25,2780.0,12121.0,45813.0,12186.0,16175.0,42863.0
2025-07-19_07:21:25,,,,,,
2025-07-19_07:21:29,6967.0,12121.0,45813.0,3792.0,16175.0,42863.0
2025-07-19_07:21:29,9968.0,12121.0,45813.0,13921.0,16175.0,42863.0
2025-07-19_07:21:29,9708.0,12121.0,45813.0,14150.0,16175.0,42863.0
2025-07-19_07:21:29,10006.0,12121.0,45813.0,14032.0,16175.0,42863.0
2025-07-19_07:21:30,8623.0,12121.0,45813.0,14178.0,16175.0,42863.0
2025-07-19_07:21:30,,,,14021.0,16175.0,42863.0
2025-07-19_07:21:33,3375.0,12121.0,45813.0,12184.0,16175.0,42863.0
2025-07-19_07:21:34,9961.0,12121.0,45813.0,13993.0,16175.0,42863.0
2025-07-19_07:21:34,9685.0,12121.0,45813.0,14171.0,16175.0,42863.0
2025-07-19_07:21:34,,,,13068.0,16175.0,42863.0
2025-07-19_07:21:38,2778.0,12121.0,45813.0,12161.0,16175.0,42863.0
2025-07-19_07:21:38,9637.0,12121.0,45813.0,14319.0,16175.0,42863.0
2025-07-19_07:21:38,,,,13775.0,16175.0,42863.0
2025-07-19_07:21:42,3358.0,12121.0,45813.0,12164.0,16175.0,42863.0
2025-07-19_07:21:42,,,,13789.0,16175.0,42863.0
2025-07-19_07:21:46,3375.0,12121.0,45813.0,12183.0,16175.0,42863.0
2025-07-19_07:21:46,9589.0,12121.0,45813.0,13986.0,16175.0,42863.0
2025-07-19_07:21:46,8693.0,12121.0,45813.0,14076.0,16175.0,42863.0
2025-07-19_07:21:47,,,,14179.0,16175.0,42863.0
2025-07-19_07:21:50,3358.0,12121.0,45813.0,12170.0,16175.0,42863.0
2025-07-19_07:21:51,,,,14181.0,16175.0,42863.0
2025-07-19_07:21:54,3375.0,12121.0,45813.0,12190.0,16175.0,42863.0
2025-07-19_07:21:54,8670.0,12121.0,45813.0,14214.0,16175.0,42863.0
2025-07-19_07:21:55,8565.0,12121.0,45813.0,14223.0,16175.0,42863.0
2025-07-19_07:21:55,9892.0,12121.0,45813.0,13870.0,16175.0,42863.0
2025-07-19_07:21:55,10110.0,12121.0,45813.0,13844.0,16175.0,42863.0
2025-07-19_07:21:55,,,,14393.0,16175.0,42863.0
2025-07-19_07:21:59,3302.0,12121.0,45813.0,12190.0,16175.0,42863.0
2025-07-19_07:21:59,,,,,,
2025-07-19_07:22:04,2778.0,12121.0,45813.0,3776.0,16175.0,42863.0
2025-07-19_07:22:04,9716.0,12121.0,45813.0,14268.0,16175.0,42863.0
2025-07-19_07:22:04,10359.0,12121.0,45813.0,14115.0,16175.0,42863.0
2025-07-19_07:22:04,8105.0,12121.0,45813.0,13308.0,16175.0,42863.0
2025-07-19_07:22:05,,,,14175.0,16175.0,42863.0
2025-07-19_07:22:08,3358.0,12121.0,45813.0,12188.0,16175.0,42863.0
2025-07-19_07:22:09,8525.0,12121.0,45813.0,13843.0,16175.0,42863.0
2025-07-19_07:22:09,8563.0,12121.0,45816.0,13976.0,16175.0,42863.0
2025-07-19_07:22:09,9189.0,12121.0,45816.0,13788.0,16175.0,42863.0
2025-07-19_07:22:09,10066.0,12121.0,45816.0,14031.0,16175.0,42863.0
2025-07-19_07:22:09,10085.0,12121.0,45816.0,14318.0,16175.0,42863.0
2025-07-19_07:22:10,,,,,,
2025-07-19_07:22:13,6967.0,12121.0,45816.0,3792.0,16175.0,42863.0
2025-07-19_07:22:14,8501.0,12121.0,45816.0,13663.0,16175.0,42863.0
2025-07-19_07:22:14,9969.0,12121.0,45816.0,14390.0,16175.0,42863.0
2025-07-19_07:22:15,2778.0,12121.0,45816.0,12186.0,16175.0,42863.0
2025-07-19_07:22:15,9767.0,12121.0,45816.0,13905.0,16175.0,42863.0
2025-07-19_07:22:15,10347.0,12121.0,45816.0,14226.0,16175.0,42863.0
2025-07-19_07:22:15,9969.0,12121.0,45816.0,14401.0,16175.0,42863.0
2025-07-19_07:22:16,9967.0,12121.0,45816.0,13983.0,16175.0,42863.0
2025-07-19_07:22:16,,,,14097.0,16175.0,42863.0
2025-07-19_07:22:20,2778.0,12121.0,45816.0,12164.0,16175.0,42863.0
2025-07-19_07:22:20,10479.0,12121.0,45816.0,14514.0,16175.0,42863.0
2025-07-19_07:22:20,8581.0,12121.0,45816.0,14098.0,16175.0,42863.0
2025-07-19_07:22:20,,,,13975.0,16175.0,42863.0
2025-07-19_07:22:24,3319.0,12121.0,45816.0,12185.0,16175.0,42863.0
2025-07-19_07:22:24,8597.0,12121.0,45816.0,13339.0,16175.0,42864.0
2025-07-19_07:22:25,9694.0,12121.0,45816.0,13992.0,16175.0,42864.0
2025-07-19_07:22:25,,,,13788.0,16175.0,42864.0
2025-07-19_07:22:28,3302.0,12121.0,45816.0,12167.0,16175.0,42864.0
2025-07-19_07:22:29,9675.0,12121.0,45816.0,14024.0,16175.0,42864.0
2025-07-19_07:22:29,,,,,,
2025-07-19_07:22:33,6965.0,12121.0,45816.0,3793.0,16175.0,42864.0
2025-07-19_07:22:33,10133.0,12121.0,45816.0,14381.0,16175.0,42864.0
2025-07-19_07:22:33,,,,,,
2025-07-19_07:22:37,6964.0,12121.0,45816.0,3793.0,16175.0,42864.0
2025-07-19_07:22:37,8660.0,12121.0,45816.0,14260.0,16175.0,42864.0
2025-07-19_07:22:37,,,,14644.0,16175.0,42867.0
2025-07-19_07:22:41,3358.0,12121.0,45816.0,12185.0,16175.0,42867.0
2025-07-19_07:22:41,10009.0,12121.0,45817.0,14354.0,16175.0,42867.0
2025-07-19_07:22:41,10053.0,12121.0,45818.0,14136.0,16175.0,42867.0
2025-07-19_07:22:42,10660.0,12121.0,45818.0,15064.0,16175.0,42867.0
2025-07-19_07:22:42,9892.0,12121.0,45818.0,14375.0,16175.0,42867.0
2025-07-19_07:22:42,9900.0,12121.0,45818.0,14095.0,16175.0,42867.0
2025-07-19_07:22:42,10697.0,12121.0,45818.0,14891.0,16175.0,42867.0
2025-07-19_07:22:43,,,,14036.0,16175.0,42867.0
2025-07-19_07:22:46,3302.0,12121.0,45818.0,12196.0,16175.0,42867.0
2025-07-19_07:22:47,,,,,,
2025-07-19_07:22:50,6964.0,12121.0,45818.0,3792.0,16175.0,42867.0
2025-07-19_07:22:51,8723.0,12121.0,45818.0,14089.0,16175.0,42867.0
2025-07-19_07:22:51,8722.0,12121.0,45818.0,14185.0,16175.0,42867.0
2025-07-19_07:22:51,9707.0,12121.0,45818.0,13971.0,16175.0,42867.0
2025-07-19_07:22:51,9682.0,12121.0,45818.0,13785.0,16175.0,42867.0
2025-07-19_07:22:51,9945.0,12121.0,45818.0,14151.0,16175.0,42867.0
2025-07-19_07:22:52,,,,14159.0,16175.0,42867.0
2025-07-19_07:22:55,3319.0,12121.0,45818.0,12160.0,16175.0,42867.0
2025-07-19_07:22:56,10008.0,12121.0,45820.0,14323.0,16175.0,42867.0
2025-07-19_07:22:56,,,,,,
2025-07-19_07:23:00,2778.0,12121.0,45820.0,3776.0,16175.0,42867.0
2025-07-19_07:23:01,,,,13846.0,16175.0,42867.0
2025-07-19_07:23:04,2778.0,12121.0,45820.0,12185.0,16175.0,42867.0
2025-07-19_07:23:05,,,,14022.0,16175.0,42867.0
2025-07-19_07:23:08,3358.0,12121.0,45820.0,12184.0,16175.0,42867.0
2025-07-19_07:23:09,9888.0,12121.0,45820.0,13941.0,16175.0,42867.0
2025-07-19_07:23:09,,,,14053.0,16175.0,42867.0
2025-07-19_07:23:13,2778.0,12121.0,45820.0,12196.0,16175.0,42867.0
2025-07-19_07:23:13,8108.0,12121.0,45820.0,12922.0,16175.0,42867.0
2025-07-19_07:23:13,9606.0,12121.0,45820.0,13992.0,16175.0,42867.0
2025-07-19_07:23:13,9846.0,12121.0,45820.0,14204.0,16175.0,42867.0
2025-07-19_07:23:13,9519.0,12121.0,45820.0,13978.0,16175.0,42867.0
2025-07-19_07:23:14,8539.0,12121.0,45820.0,13269.0,16175.0,42867.0
2025-07-19_07:23:14,8111.0,12121.0,45820.0,13084.0,16175.0,42867.0
2025-07-19_07:23:14,,,,14083.0,16175.0,42867.0
2025-07-19_07:23:18,3358.0,12121.0,45820.0,12183.0,16175.0,42867.0
2025-07-19_07:23:18,,,,13742.0,16175.0,42867.0
2025-07-19_07:23:22,3375.0,12121.0,45820.0,12164.0,16175.0,42867.0
2025-07-19_07:23:22,10210.0,12121.0,45828.0,14180.0,16175.0,42878.0
2025-07-19_07:23:22,10057.0,12121.0,45828.0,14196.0,16175.0,42878.0
2025-07-19_07:23:22,9887.0,12121.0,45828.0,14109.0,16175.0,42878.0
2025-07-19_07:23:23,10114.0,12121.0,45828.0,14183.0,16175.0,42878.0
2025-07-19_07:23:23,,,,,,
2025-07-19_07:23:27,6962.0,12121.0,45828.0,3793.0,16175.0,42878.0
2025-07-19_07:23:27,10068.0,12121.0,45828.0,14137.0,16175.0,42878.0
2025-07-19_07:23:27,10184.0,12121.0,45828.0,14266.0,16175.0,42878.0
2025-07-19_07:23:27,8624.0,12121.0,45828.0,14093.0,16175.0,42878.0
2025-07-19_07:23:27,9769.0,12121.0,45828.0,14142.0,16175.0,42878.0
2025-07-19_07:23:28,10274.0,12121.0,45828.0,14110.0,16175.0,42878.0
2025-07-19_07:23:28,,,,,,
2025-07-19_07:23:32,6968.0,12121.0,45828.0,3792.0,16175.0,42878.0
2025-07-19_07:23:32,10378.0,12121.0,45828.0,14921.0,16175.0,42878.0
2025-07-19_07:23:32,,,,14160.0,16175.0,42878.0
2025-07-19_07:23:36,3358.0,12121.0,45828.0,12197.0,16175.0,42878.0
2025-07-19_07:23:36,10239.0,12121.0,45828.0,14372.0,16175.0,42878.0
2025-07-19_07:23:36,,,,,,
2025-07-19_07:23:40,6973.0,12121.0,45828.0,3793.0,16175.0,42878.0
2025-07-19_07:23:40,10081.0,12121.0,45828.0,14498.0,16175.0,42878.0
2025-07-19_07:23:40,10029.0,12121.0,45828.0,13858.0,16175.0,42878.0
2025-07-19_07:23:41,,,,13798.0,16175.0,42878.0
2025-07-19_07:23:44,3302.0,12121.0,45828.0,12189.0,16175.0,42878.0
2025-07-19_07:23:45,,,,13887.0,16175.0,42878.0
2025-07-19_07:23:48,3319.0,12121.0,45828.0,12190.0,16175.0,42878.0
2025-07-19_07:23:48,9770.0,12121.0,45828.0,14075.0,16175.0,42878.0
2025-07-19_07:23:49,,,,,,
2025-07-19_07:23:53,2778.0,12121.0,45828.0,3776.0,16175.0,42878.0
2025-07-19_07:23:53,9952.0,12121.0,45828.0,14015.0,16175.0,42878.0
2025-07-19_07:23:54,8535.0,12121.0,45828.0,14129.0,16175.0,42878.0
2025-07-19_07:23:54,8517.0,12121.0,45828.0,13662.0,16175.0,42878.0
2025-07-19_07:23:54,9710.0,12121.0,45828.0,14111.0,16175.0,42878.0
2025-07-19_07:23:54,,,,14002.0,16175.0,42878.0
2025-07-19_07:23:58,3375.0,12121.0,45828.0,12186.0,16175.0,42878.0
2025-07-19_07:23:58,,,,13963.0,16175.0,42878.0
2025-07-19_07:24:02,3358.0,12121.0,45828.0,12197.0,16175.0,42878.0
2025-07-19_07:24:02,9648.0,12121.0,45828.0,13738.0,16175.0,42878.0
2025-07-19_07:24:02,,,,,,
2025-07-19_07:24:06,6967.0,12121.0,45828.0,3793.0,16175.0,42878.0
2025-07-19_07:24:06,,,,14089.0,16175.0,42878.0
2025-07-19_07:24:10,2778.0,12121.0,45828.0,12193.0,16175.0,42878.0
2025-07-19_07:24:10,9902.0,12121.0,45828.0,14282.0,16175.0,42878.0
2025-07-19_07:24:11,9208.0,12121.0,45828.0,13820.0,16175.0,42878.0
2025-07-19_07:24:11,10221.0,12121.0,45828.0,13812.0,16175.0,42879.0
2025-07-19_07:24:11,8646.0,12121.0,45829.0,14218.0,16175.0,42879.0
2025-07-19_07:24:11,8557.0,12121.0,45829.0,13897.0,16175.0,42879.0
2025-07-19_07:24:12,,,,14467.0,16175.0,42879.0
2025-07-19_07:24:15,3358.0,12121.0,45829.0,12176.0,16175.0,42879.0
2025-07-19_07:24:16,9682.0,12121.0,45829.0,13979.0,16175.0,42879.0
2025-07-19_07:24:16,,,,,,
2025-07-19_07:24:20,2778.0,12121.0,45829.0,3776.0,16175.0,42879.0
2025-07-19_07:24:20,,,,,,
2025-07-19_07:24:24,6965.0,12121.0,45829.0,3792.0,16175.0,42879.0
2025-07-19_07:24:24,8625.0,12121.0,45829.0,14193.0,16175.0,42879.0
2025-07-19_07:24:25,10723.0,12121.0,45830.0,15282.0,16175.0,42882.0
2025-07-19_07:24:25,,,,,,
2025-07-19_07:24:29,6968.0,12121.0,45830.0,3792.0,16175.0,42882.0
2025-07-19_07:24:29,9692.0,12121.0,45830.0,13743.0,16175.0,42882.0
2025-07-19_07:24:29,10044.0,12121.0,45830.0,13957.0,16175.0,42882.0
2025-07-19_07:24:29,8517.0,12121.0,45830.0,13895.0,16175.0,42882.0
2025-07-19_07:24:30,,,,14002.0,16175.0,42882.0
2025-07-19_07:24:33,3375.0,12121.0,45830.0,12183.0,16175.0,42882.0
2025-07-19_07:24:34,10097.0,12121.0,45830.0,13993.0,16175.0,42882.0
2025-07-19_07:24:34,8113.0,12121.0,45830.0,13235.0,16175.0,42882.0
2025-07-19_07:24:34,9897.0,12121.0,45830.0,14021.0,16175.0,42882.0
2025-07-19_07:24:34,10204.0,12121.0,45830.0,14168.0,16175.0,42882.0
2025-07-19_07:24:35,9582.0,12121.0,45830.0,14284.0,16176.0,42883.0
2025-07-19_07:24:35,9809.0,12121.0,45830.0,14349.0,16176.0,42884.0
2025-07-19_07:24:35,,,,,,
2025-07-19_07:24:39,6970.0,12121.0,45830.0,3792.0,16176.0,42884.0
2025-07-19_07:24:39,10316.0,12121.0,45830.0,14379.0,16176.0,42886.0
2025-07-19_07:24:39,10122.0,12121.0,45830.0,13832.0,16176.0,42886.0
2025-07-19_07:24:39,,,,,,
2025-07-19_07:24:43,6968.0,12121.0,45830.0,3793.0,16176.0,42886.0
2025-07-19_07:24:43,,,,14488.0,16176.0,42886.0
2025-07-19_07:24:47,3358.0,12121.0,45830.0,12189.0,16176.0,42886.0
2025-07-19_07:24:47,8034.0,12121.0,45830.0,13088.0,16176.0,42886.0
2025-07-19_07:24:48,8662.0,12121.0,45830.0,14191.0,16176.0,42886.0
2025-07-19_07:24:48,10210.0,12121.0,45830.0,14318.0,16176.0,42886.0
2025-07-19_07:24:48,9709.0,12121.0,45830.0,13965.0,16176.0,42886.0
2025-07-19_07:24:48,9800.0,12121.0,45830.0,14274.0,16176.0,42886.0
2025-07-19_07:24:48,,,,14137.0,16176.0,42886.0
2025-07-19_07:24:52,3319.0,12121.0,45830.0,12183.0,16176.0,42886.0
2025-07-19_07:24:52,9948.0,12121.0,45830.0,13966.0,16176.0,42886.0
2025-07-19_07:24:53,10267.0,12121.0,45830.0,14100.0,16176.0,42886.0
2025-07-19_07:24:53,10142.0,12121.0,45830.0,14121.0,16176.0,42886.0
2025-07-19_07:24:53,8639.0,12121.0,45830.0,13999.0,16176.0,42886.0
2025-07-19_07:24:53,8561.0,12121.0,45830.0,14088.0,16176.0,42886.0
2025-07-19_07:24:54,,,,13977.0,16176.0,42886.0
2025-07-19_07:24:57,2778.0,12121.0,45830.0,12160.0,16176.0,42886.0
2025-07-19_07:24:58,9247.0,12121.0,45830.0,13817.0,16176.0,42886.0
2025-07-19_07:24:58,8551.0,12121.0,45831.0,13841.0,16176.0,42886.0
2025-07-19_07:24:58,8587.0,12121.0,45831.0,14052.0,16176.0,42886.0
2025-07-19_07:24:58,,,,13792.0,16176.0,42886.0
2025-07-19_07:25:02,3358.0,12121.0,45831.0,12165.0,16176.0,42886.0
2025-07-19_07:25:02,9977.0,12121.0,45843.0,14179.0,16176.0,42886.0
2025-07-19_07:25:03,10237.0,12121.0,45843.0,14085.0,16176.0,42886.0
2025-07-19_07:25:03,10090.0,12121.0,45843.0,14578.0,16176.0,42886.0
2025-07-19_07:25:03,10191.0,12121.0,45843.0,14401.0,16176.0,42886.0
2025-07-19_07:25:03,9968.0,12121.0,45843.0,14532.0,16176.0,42886.0
2025-07-19_07:25:04,9708.0,12121.0,45843.0,14226.0,16176.0,42886.0
2025-07-19_07:25:04,10452.0,12121.0,45843.0,14365.0,16176.0,42892.0
2025-07-19_07:25:04,,,,,,
2025-07-19_07:25:08,6961.0,12121.0,45843.0,3792.0,16176.0,42892.0
2025-07-19_07:25:08,10289.0,12121.0,45843.0,14266.0,16176.0,42892.0
2025-07-19_07:25:08,8651.0,12121.0,45843.0,14034.0,16176.0,42892.0
2025-07-19_07:25:08,8551.0,12121.0,45843.0,13779.0,16176.0,42892.0
2025-07-19_07:25:09,10098.0,12121.0,45843.0,13995.0,16176.0,42892.0
2025-07-19_07:25:09,,,,,,
2025-07-19_07:25:13,6961.0,12121.0,45843.0,3793.0,16176.0,42892.0
2025-07-19_07:25:13,8123.0,12121.0,45843.0,13355.0,16176.0,42892.0
2025-07-19_07:25:13,10370.0,12121.0,45843.0,14387.0,16176.0,42892.0
2025-07-19_07:25:13,9671.0,12121.0,45843.0,13984.0,16176.0,42892.0
2025-07-19_07:25:14,10609.0,12121.0,45845.0,14753.0,16176.0,42893.0
2025-07-19_07:25:14,,,,14369.0,16176.0,42893.0
2025-07-19_07:25:17,3358.0,12121.0,45845.0,12195.0,16176.0,42893.0
2025-07-19_07:25:18,,,,13968.0,16176.0,42893.0
2025-07-19_07:25:22,2778.0,12121.0,45845.0,12188.0,16176.0,42893.0
2025-07-19_07:25:22,,,,13094.0,16176.0,42893.0
2025-07-19_07:25:26,2778.0,12121.0,45845.0,12190.0,16176.0,42893.0
2025-07-19_07:25:26,8030.0,12121.0,45845.0,13278.0,16176.0,42893.0
2025-07-19_07:25:26,,,,,,
2025-07-19_07:25:30,6968.0,12121.0,45845.0,3786.0,16176.0,42893.0
2025-07-19_07:25:30,10101.0,12121.0,45845.0,14380.0,16176.0,42893.0
2025-07-19_07:25:30,10202.0,12121.0,45845.0,13992.0,16176.0,42893.0
2025-07-19_07:25:30,,,,14056.0,16176.0,42893.0
2025-07-19_07:25:34,3358.0,12121.0,45845.0,12192.0,16176.0,42893.0
2025-07-19_07:25:34,9154.0,12121.0,45845.0,13784.0,16176.0,42893.0
2025-07-19_07:25:35,10156.0,12121.0,45845.0,14363.0,16176.0,42893.0
2025-07-19_07:25:35,9173.0,12121.0,45845.0,13775.0,16176.0,42893.0
2025-07-19_07:25:35,8656.0,12121.0,45845.0,14208.0,16176.0,42893.0
2025-07-19_07:25:35,9857.0,12121.0,45845.0,14401.0,16176.0,42893.0
2025-07-19_07:25:35,10048.0,12121.0,45845.0,14454.0,16176.0,42893.0
2025-07-19_07:25:36,10211.0,12121.0,45845.0,14310.0,16176.0,42893.0
2025-07-19_07:25:37,2778.0,12121.0,45845.0,12179.0,16176.0,42893.0
2025-07-19_07:25:37,8616.0,12121.0,45845.0,14207.0,16176.0,42893.0
2025-07-19_07:25:37,,,,,,
2025-07-19_07:25:41,6968.0,12121.0,45845.0,3793.0,16176.0,42893.0
2025-07-19_07:25:41,,,,,,
2025-07-19_07:25:45,6967.0,12121.0,45845.0,3787.0,16176.0,42893.0
2025-07-19_07:25:45,9639.0,12121.0,45845.0,14112.0,16176.0,42893.0
2025-07-19_07:25:45,,,,14239.0,16176.0,42893.0
2025-07-19_07:25:49,3375.0,12121.0,45845.0,12190.0,16176.0,42893.0
2025-07-19_07:25:49,9741.0,12121.0,45845.0,14365.0,16176.0,42893.0
2025-07-19_07:25:49,,,,,,
2025-07-19_07:25:53,6968.0,12121.0,45845.0,3793.0,16176.0,42893.0
2025-07-19_07:25:53,,,,,,
2025-07-19_07:25:57,6970.0,12121.0,45845.0,3792.0,16176.0,42893.0
2025-07-19_07:25:57,,,,14119.0,16176.0,42893.0
2025-07-19_07:26:01,3375.0,12121.0,45845.0,12185.0,16176.0,42893.0
2025-07-19_07:26:01,10149.0,12121.0,45845.0,14000.0,16176.0,42893.0
2025-07-19_07:26:02,,,,,,
2025-07-19_07:26:05,6967.0,12121.0,45845.0,3792.0,16176.0,42893.0
2025-07-19_07:26:06,,,,,,
2025-07-19_07:26:10,6964.0,12121.0,45845.0,3786.0,16176.0,42893.0
2025-07-19_07:26:10,,,,13114.0,16176.0,42893.0
2025-07-19_07:26:14,2778.0,12121.0,45845.0,12186.0,16176.0,42893.0
2025-07-19_07:26:14,,,,14060.0,16176.0,42893.0
2025-07-19_07:26:18,2778.0,12121.0,45845.0,12198.0,16176.0,42893.0
2025-07-19_07:26:18,,,,,,
2025-07-19_07:26:22,6964.0,12121.0,45845.0,3793.0,16176.0,42893.0
2025-07-19_07:26:22,,,,14182.0,16176.0,42893.0
2025-07-19_07:26:26,3375.0,12121.0,45845.0,12161.0,16176.0,42893.0
2025-07-19_07:26:26,,,,14530.0,16176.0,42893.0
2025-07-19_07:26:29,3375.0,12121.0,45845.0,12185.0,16176.0,42893.0
2025-07-19_07:26:30,8535.0,12121.0,45845.0,14133.0,16176.0,42893.0
2025-07-19_07:26:30,8580.0,12121.0,45845.0,13845.0,16176.0,42893.0
2025-07-19_07:26:30,,,,14169.0,16176.0,42893.0
2025-07-19_07:26:34,2778.0,12121.0,45845.0,12193.0,16176.0,42893.0
2025-07-19_07:26:34,,,,13833.0,16176.0,42893.0
2025-07-19_07:26:38,3319.0,12121.0,45845.0,12184.0,16176.0,42893.0
2025-07-19_07:26:38,,,,,,
2025-07-19_07:26:42,6965.0,12121.0,45845.0,3793.0,16176.0,42893.0
2025-07-19_07:26:42,,,,13994.0,16176.0,42893.0
2025-07-19_07:26:46,2778.0,12121.0,45845.0,12192.0,16176.0,42893.0
2025-07-19_07:26:46,10222.0,12121.0,45845.0,14324.0,16176.0,42893.0
2025-07-19_07:26:46,9984.0,12121.0,45845.0,13984.0,16176.0,42893.0
2025-07-19_07:26:47,9908.0,12121.0,45845.0,14009.0,16176.0,42893.0
2025-07-19_07:26:47,,,,,,
2025-07-19_07:26:51,,,,3792.0,16176.0,42893.0
2025-07-19_07:26:55,2778.0,12121.0,45845.0,12182.0,16176.0,42893.0
2025-07-19_07:26:55,8114.0,12121.0,45845.0,13050.0,16176.0,42893.0
2025-07-19_07:26:55,10116.0,12121.0,45845.0,13863.0,16176.0,42893.0
2025-07-19_07:26:55,,,,,,
2025-07-19_07:26:59,6956.0,12121.0,45845.0,3792.0,16176.0,42893.0
2025-07-19_07:26:59,8129.0,12121.0,45846.0,13037.0,16176.0,42893.0
2025-07-19_07:26:59,10074.0,12121.0,45846.0,14538.0,16176.0,42893.0
2025-07-19_07:27:00,8656.0,12121.0,45846.0,14085.0,16176.0,42893.0
2025-07-19_07:27:00,,,,14365.0,16176.0,42893.0
2025-07-19_07:27:04,3375.0,12121.0,45846.0,12192.0,16176.0,42893.0
2025-07-19_07:27:04,9892.0,12121.0,45846.0,14134.0,16176.0,42893.0
2025-07-19_07:27:04,8660.0,12121.0,45846.0,14085.0,16176.0,42893.0
2025-07-19_07:27:04,8558.0,12121.0,45846.0,13801.0,16176.0,42893.0
2025-07-19_07:27:05,10126.0,12121.0,45846.0,14413.0,16176.0,42893.0
2025-07-19_07:27:05,9436.0,12121.0,45846.0,14206.0,16176.0,42893.0
2025-07-19_07:27:05,,,,,,
2025-07-19_07:27:09,6972.0,12121.0,45846.0,3792.0,16176.0,42893.0
2025-07-19_07:27:09,10308.0,12121.0,45850.0,14375.0,16176.0,42893.0
2025-07-19_07:27:09,,,,14159.0,16176.0,42893.0
2025-07-19_07:27:13,3375.0,12121.0,45850.0,12187.0,16176.0,42893.0
2025-07-19_07:27:13,8136.0,12121.0,45850.0,13081.0,16176.0,42893.0
2025-07-19_07:27:13,8653.0,12121.0,45850.0,14265.0,16176.0,42893.0
2025-07-19_07:27:14,9957.0,12121.0,45850.0,13988.0,16176.0,42893.0
2025-07-19_07:27:14,8577.0,12121.0,45850.0,14051.0,16176.0,42893.0
2025-07-19_07:27:14,,,,14002.0,16176.0,42893.0
2025-07-19_07:27:18,3319.0,12121.0,45850.0,12192.0,16176.0,42893.0
2025-07-19_07:27:18,8645.0,12121.0,45869.0,14082.0,16176.0,42893.0
2025-07-19_07:27:18,10116.0,12121.0,45869.0,14020.0,16176.0,42893.0
2025-07-19_07:27:18,9894.0,12121.0,45869.0,14141.0,16176.0,42893.0
2025-07-19_07:27:19,8022.0,12121.0,45869.0,13517.0,16176.0,42893.0
2025-07-19_07:27:19,,,,14317.0,16176.0,42893.0
2025-07-19_07:27:23,3358.0,12121.0,45869.0,12190.0,16176.0,42893.0
2025-07-19_07:27:23,,,,,,
2025-07-19_07:27:27,6958.0,12121.0,45869.0,3793.0,16176.0,42893.0
2025-07-19_07:27:27,,,,,,
2025-07-19_07:27:31,6972.0,12121.0,45869.0,3787.0,16176.0,42893.0
2025-07-19_07:27:31,10238.0,12121.0,45869.0,14238.0,16176.0,42897.0
2025-07-19_07:27:31,10143.0,12121.0,45869.0,14009.0,16176.0,42897.0
2025-07-19_07:27:31,,,,14003.0,16176.0,42897.0
2025-07-19_07:27:35,3319.0,12121.0,45869.0,12185.0,16176.0,42897.0
2025-07-19_07:27:35,,,,14772.0,16176.0,42897.0
2025-07-19_07:27:39,3358.0,12121.0,45869.0,12191.0,16176.0,42897.0
2025-07-19_07:27:39,8418.0,12121.0,45869.0,13657.0,16176.0,42897.0
2025-07-19_07:27:39,8764.0,12121.0,45869.0,14349.0,16176.0,42897.0
2025-07-19_07:27:40,10014.0,12121.0,45869.0,13815.0,16176.0,42897.0
2025-07-19_07:27:40,8688.0,12121.0,45869.0,13428.0,16176.0,42898.0
2025-07-19_07:27:41,3300.0,12121.0,45869.0,12202.0,16176.0,42898.0
2025-07-19_07:27:41,8618.0,12121.0,45869.0,13894.0,16176.0,42898.0
2025-07-19_07:27:41,8106.0,12121.0,45869.0,13256.0,16176.0,42898.0
2025-07-19_07:27:41,8627.0,12121.0,45869.0,14095.0,16176.0,42898.0
2025-07-19_07:27:42,,,,,,
2025-07-19_07:27:45,6970.0,12121.0,45869.0,3792.0,16176.0,42898.0
2025-07-19_07:27:46,,,,14093.0,16176.0,42898.0
2025-07-19_07:27:49,3375.0,12121.0,45869.0,12186.0,16176.0,42898.0
2025-07-19_07:27:50,,,,,,
2025-07-19_07:27:53,6968.0,12121.0,45869.0,3793.0,16176.0,42898.0
2025-07-19_07:27:54,,,,14241.0,16176.0,42898.0
2025-07-19_07:27:57,3375.0,12121.0,45869.0,12189.0,16176.0,42898.0
2025-07-19_07:27:58,9918.0,12121.0,45869.0,14248.0,16176.0,42898.0
2025-07-19_07:27:58,10051.0,12121.0,45869.0,14113.0,16176.0,42898.0
2025-07-19_07:27:58,,,,14121.0,16176.0,42898.0
2025-07-19_07:28:02,2778.0,12121.0,45869.0,12184.0,16176.0,42898.0
2025-07-19_07:28:02,9699.0,12121.0,45869.0,13924.0,16176.0,42898.0
2025-07-19_07:28:02,9672.0,12121.0,45869.0,14175.0,16176.0,42898.0
2025-07-19_07:28:02,9335.0,12121.0,45869.0,14094.0,16176.0,42898.0
2025-07-19_07:28:03,2778.0,12121.0,45869.0,12167.0,16176.0,42898.0
2025-07-19_07:28:03,10043.0,12121.0,45869.0,14276.0,16176.0,42898.0
2025-07-19_07:28:04,,,,,,
2025-07-19_07:28:07,6980.0,12121.0,45870.0,3793.0,16176.0,42898.0
2025-07-19_07:28:08,10613.0,12121.0,45870.0,14684.0,16176.0,42898.0
2025-07-19_07:28:08,,,,,,
2025-07-19_07:28:12,6961.0,12121.0,45870.0,3792.0,16176.0,42898.0
2025-07-19_07:28:12,,,,14264.0,16176.0,42898.0
2025-07-19_07:28:16,3375.0,12121.0,45870.0,12186.0,16176.0,42898.0
2025-07-19_07:28:16,,,,,,
2025-07-19_07:28:20,6967.0,12121.0,45870.0,3793.0,16176.0,42898.0
2025-07-19_07:28:20,8529.0,12121.0,45870.0,13802.0,16176.0,42898.0
2025-07-19_07:28:20,8092.0,12121.0,45870.0,13261.0,16176.0,42898.0
2025-07-19_07:28:20,,,,,,
2025-07-19_07:28:24,6966.0,12121.0,45870.0,3792.0,16176.0,42898.0
2025-07-19_07:28:24,,,,,,
2025-07-19_07:28:28,6973.0,12121.0,45870.0,3792.0,16176.0,42898.0
2025-07-19_07:28:28,8564.0,12121.0,45870.0,13986.0,16176.0,42898.0
2025-07-19_07:28:29,7980.0,12121.0,45870.0,13262.0,16176.0,42898.0
2025-07-19_07:28:29,8796.0,12121.0,45870.0,14188.0,16176.0,42898.0
2025-07-19_07:28:29,,,,13803.0,16176.0,42898.0
2025-07-19_07:28:33,3319.0,12121.0,45870.0,12179.0,16176.0,42898.0
2025-07-19_07:28:33,,,,14682.0,16176.0,42898.0
2025-07-19_07:28:37,3375.0,12121.0,45870.0,12168.0,16176.0,42898.0
2025-07-19_07:28:37,9667.0,12121.0,45870.0,14010.0,16176.0,42898.0
2025-07-19_07:28:37,9865.0,12121.0,45870.0,14128.0,16176.0,42901.0
2025-07-19_07:28:37,8670.0,12121.0,45870.0,14204.0,16176.0,42901.0
2025-07-19_07:28:37,,,,14386.0,16176.0,42901.0
2025-07-19_07:28:41,3319.0,12121.0,45870.0,12187.0,16176.0,42901.0
2025-07-19_07:28:41,,,,13791.0,16176.0,42901.0
2025-07-19_07:28:45,3319.0,12121.0,45870.0,12190.0,16176.0,42901.0
2025-07-19_07:28:45,8532.0,12121.0,45870.0,13797.0,16176.0,42901.0
2025-07-19_07:28:45,9872.0,12121.0,45870.0,14056.0,16176.0,42901.0
2025-07-19_07:28:46,8528.0,12121.0,45870.0,13943.0,16176.0,42901.0
2025-07-19_07:28:46,8628.0,12121.0,45872.0,14303.0,16176.0,42901.0
2025-07-19_07:28:46,,,,,,
2025-07-19_07:28:50,6969.0,12121.0,45872.0,3786.0,16176.0,42901.0
2025-07-19_07:28:50,10640.0,12121.0,45872.0,14937.0,16176.0,42901.0
2025-07-19_07:28:50,8641.0,12121.0,45872.0,14186.0,16176.0,42901.0
2025-07-19_07:28:51,,,,14264.0,16176.0,42901.0
2025-07-19_07:28:54,3358.0,12121.0,45872.0,12206.0,16176.0,42901.0
2025-07-19_07:28:55,8010.0,12121.0,45872.0,12839.0,16176.0,42901.0
2025-07-19_07:28:55,,,,,,
2025-07-19_07:28:59,6964.0,12121.0,45872.0,3793.0,16176.0,42901.0
2025-07-19_07:28:59,8643.0,12121.0,45872.0,13430.0,16176.0,42901.0
2025-07-19_07:28:59,9620.0,12121.0,45872.0,14057.0,16176.0,42901.0
2025-07-19_07:28:59,10324.0,12121.0,45872.0,14675.0,16176.0,42901.0
2025-07-19_07:28:59,9768.0,12123.0,45874.0,14328.0,16176.0,42901.0
2025-07-19_07:29:00,10710.0,12123.0,45874.0,14958.0,16176.0,42901.0
2025-07-19_07:29:00,,,,,,
2025-07-19_07:29:04,6968.0,12123.0,45874.0,3792.0,16176.0,42901.0
2025-07-19_07:29:04,8638.0,12123.0,45874.0,14086.0,16176.0,42901.0
2025-07-19_07:29:04,10474.0,12123.0,45874.0,14439.0,16176.0,42901.0
2025-07-19_07:29:04,10204.0,12123.0,45874.0,14301.0,16176.0,42901.0
2025-07-19_07:29:05,9658.0,12123.0,45874.0,14177.0,16176.0,42901.0
2025-07-19_07:29:05,,,,14314.0,16176.0,42901.0
2025-07-19_07:29:09,3375.0,12123.0,45874.0,12195.0,16176.0,42901.0
2025-07-19_07:29:09,,,,14321.0,16176.0,42901.0
2025-07-19_07:29:13,3375.0,12123.0,45874.0,12183.0,16176.0,42901.0
2025-07-19_07:29:13,,,,,,
2025-07-19_07:29:17,6967.0,12123.0,45874.0,3792.0,16176.0,42901.0
2025-07-19_07:29:17,7985.0,12123.0,45874.0,13265.0,16176.0,42901.0
2025-07-19_07:29:17,8118.0,12123.0,45874.0,13034.0,16176.0,42901.0
2025-07-19_07:29:17,9777.0,12123.0,45874.0,13979.0,16176.0,42901.0
2025-07-19_07:29:17,8592.0,12123.0,45874.0,14095.0,16176.0,42901.0
2025-07-19_07:29:18,8993.0,12123.0,45874.0,14031.0,16176.0,42901.0
2025-07-19_07:29:18,10118.0,12123.0,45874.0,14253.0,16176.0,42901.0
2025-07-19_07:29:18,8100.0,12123.0,45874.0,13045.0,16176.0,42901.0
2025-07-19_07:29:18,,,,14026.0,16176.0,42901.0
2025-07-19_07:29:22,3319.0,12123.0,45874.0,12194.0,16176.0,42901.0
2025-07-19_07:29:22,8677.0,12123.0,45874.0,13843.0,16176.0,42901.0
2025-07-19_07:29:22,,,,14216.0,16176.0,42901.0
2025-07-19_07:29:26,3358.0,12123.0,45874.0,12192.0,16176.0,42901.0
2025-07-19_07:29:26,9718.0,12123.0,45876.0,13912.0,16176.0,42901.0
2025-07-19_07:29:27,8115.0,12123.0,45876.0,13066.0,16176.0,42901.0
2025-07-19_07:29:27,9871.0,12123.0,45876.0,14474.0,16176.0,42901.0
2025-07-19_07:29:27,10050.0,12123.0,45876.0,14042.0,16176.0,42901.0
2025-07-19_07:29:27,10593.0,12123.0,45876.0,14136.0,16179.0,42931.0
2025-07-19_07:29:27,,,,14165.0,16179.0,42931.0
2025-07-19_07:29:31,3375.0,12123.0,45876.0,12189.0,16179.0,42931.0
2025-07-19_07:29:31,10119.0,12123.0,45876.0,14392.0,16179.0,42931.0
2025-07-19_07:29:32,8652.0,12123.0,45876.0,14058.0,16179.0,42931.0
2025-07-19_07:29:32,,,,13787.0,16179.0,42931.0
2025-07-19_07:29:36,3319.0,12123.0,45876.0,12183.0,16179.0,42931.0
2025-07-19_07:29:36,9992.0,12123.0,45876.0,13986.0,16179.0,42931.0
2025-07-19_07:29:36,8523.0,12123.0,45876.0,13836.0,16179.0,42931.0
2025-07-19_07:29:36,,,,14050.0,16179.0,42931.0
2025-07-19_07:29:40,3358.0,12123.0,45876.0,12188.0,16179.0,42931.0
2025-07-19_07:29:40,10015.0,12123.0,45876.0,14248.0,16179.0,42931.0
2025-07-19_07:29:40,10094.0,12123.0,45876.0,14572.0,16179.0,42931.0
2025-07-19_07:29:41,10002.0,12123.0,45876.0,14093.0,16179.0,42931.0
2025-07-19_07:29:41,8674.0,12123.0,45876.0,14126.0,16179.0,42931.0
2025-07-19_07:29:41,8570.0,12123.0,45876.0,13838.0,16179.0,42931.0
2025-07-19_07:29:41,9976.0,12123.0,45876.0,14360.0,16179.0,42931.0
2025-07-19_07:29:42,10197.0,12123.0,45876.0,14670.0,16179.0,42936.0
2025-07-19_07:29:42,9841.0,12123.0,45876.0,13984.0,16179.0,42936.0
2025-07-19_07:29:42,,,,14509.0,16179.0,42941.0
2025-07-19_07:29:46,3358.0,12123.0,45876.0,12189.0,16179.0,42941.0
2025-07-19_07:29:46,8109.0,12123.0,45876.0,13045.0,16179.0,42941.0
2025-07-19_07:29:46,10380.0,12123.0,45876.0,14197.0,16179.0,42941.0
2025-07-19_07:29:46,8614.0,12123.0,45876.0,14063.0,16179.0,42941.0
2025-07-19_07:29:46,8562.0,12123.0,45876.0,14015.0,16179.0,42941.0
2025-07-19_07:29:47,,,,14592.0,16179.0,42941.0
2025-07-19_07:29:50,3375.0,12123.0,45876.0,12190.0,16179.0,42941.0
2025-07-19_07:29:51,,,,,,
2025-07-19_07:29:54,6967.0,12123.0,45876.0,3793.0,16179.0,42941.0
2025-07-19_07:29:55,,,,,,
2025-07-19_07:29:59,3356.0,12123.0,45876.0,4595.0,16179.0,42941.0
2025-07-19_07:29:59,8693.0,12123.0,45876.0,14122.0,16179.0,42941.0
2025-07-19_07:29:59,9629.0,12123.0,45876.0,13917.0,16179.0,42941.0
2025-07-19_07:30:00,9943.0,12123.0,45876.0,14021.0,16179.0,42941.0
2025-07-19_07:30:00,,,,,,
2025-07-19_07:30:04,6971.0,12123.0,45876.0,3793.0,16179.0,42941.0
2025-07-19_07:30:04,,,,,,
2025-07-19_07:30:08,6960.0,12123.0,45876.0,3794.0,16179.0,42941.0
2025-07-19_07:30:08,,,,14026.0,16179.0,42941.0
2025-07-19_07:30:12,3302.0,12123.0,45876.0,12182.0,16179.0,42941.0
2025-07-19_07:30:12,8520.0,12123.0,45876.0,13838.0,16179.0,42941.0
2025-07-19_07:30:12,10248.0,12123.0,45876.0,14668.0,16179.0,42941.0
2025-07-19_07:30:12,,,,,,
2025-07-19_07:30:16,6964.0,12123.0,45876.0,3792.0,16179.0,42941.0
2025-07-19_07:30:16,10185.0,12123.0,45876.0,14423.0,16179.0,42941.0
2025-07-19_07:30:16,10078.0,12123.0,45876.0,14494.0,16179.0,42941.0
2025-07-19_07:30:17,8694.0,12123.0,45876.0,14362.0,16179.0,42941.0
2025-07-19_07:30:17,,,,14073.0,16179.0,42941.0
2025-07-19_07:30:21,3319.0,12123.0,45876.0,12191.0,16179.0,42941.0
2025-07-19_07:30:21,9982.0,12123.0,45876.0,14198.0,16179.0,42941.0
2025-07-19_07:30:21,9477.0,12123.0,45876.0,14029.0,16179.0,42941.0
2025-07-19_07:30:21,8003.0,12123.0,45876.0,13519.0,16179.0,42941.0
2025-07-19_07:30:22,,,,14313.0,16179.0,42941.0
2025-07-19_07:30:25,3375.0,12123.0,45876.0,12188.0,16179.0,42941.0
2025-07-19_07:30:25,9971.0,12123.0,45876.0,13984.0,16179.0,42941.0
2025-07-19_07:30:26,9138.0,12123.0,45876.0,13869.0,16179.0,42941.0
2025-07-19_07:30:26,9058.0,12123.0,45876.0,13811.0,16179.0,42941.0
2025-07-19_07:30:26,10450.0,12123.0,45876.0,14391.0,16179.0,42941.0
2025-07-19_07:30:26,10148.0,12123.0,45876.0,14044.0,16179.0,42948.0
2025-07-19_07:30:27,9879.0,12123.0,45876.0,14311.0,16179.0,42948.0
2025-07-19_07:30:27,,,,,,
2025-07-19_07:30:31,6960.0,12123.0,45876.0,3795.0,16179.0,42948.0
2025-07-19_07:30:31,8653.0,12123.0,45876.0,14186.0,16179.0,42948.0
2025-07-19_07:30:31,,,,13986.0,16179.0,42948.0
2025-07-19_07:30:35,3302.0,12123.0,45876.0,12169.0,16179.0,42948.0
2025-07-19_07:30:35,7948.0,12123.0,45876.0,13082.0,16179.0,42948.0
2025-07-19_07:30:35,,,,15241.0,16180.0,42952.0
2025-07-19_07:30:39,2778.0,12123.0,45876.0,12185.0,16180.0,42952.0
2025-07-19_07:30:39,8137.0,12123.0,45876.0,13267.0,16180.0,42952.0
2025-07-19_07:30:40,,,,,,
2025-07-19_07:30:43,6959.0,12123.0,45876.0,3792.0,16180.0,42952.0
2025-07-19_07:30:44,,,,,,
2025-07-19_07:30:47,6965.0,12123.0,45876.0,3792.0,16180.0,42952.0
2025-07-19_07:30:48,10252.0,12123.0,45877.0,14430.0,16180.0,42952.0
2025-07-19_07:30:48,8636.0,12123.0,45884.0,14186.0,16180.0,42952.0
2025-07-19_07:30:48,,,,,,
2025-07-19_07:30:52,6964.0,12123.0,45884.0,3792.0,16180.0,42952.0
2025-07-19_07:30:52,10106.0,12123.0,45884.0,14137.0,16180.0,42952.0
2025-07-19_07:30:53,8721.0,12123.0,45884.0,14382.0,16180.0,42952.0
2025-07-19_07:30:53,8621.0,12123.0,45884.0,14341.0,16180.0,42952.0
2025-07-19_07:30:53,9846.0,12123.0,45884.0,13962.0,16180.0,42952.0
2025-07-19_07:30:53,8629.0,12123.0,45884.0,14098.0,16180.0,42952.0
2025-07-19_07:30:53,9967.0,12123.0,45884.0,13741.0,16180.0,42952.0
2025-07-19_07:30:54,,,,13115.0,16180.0,42952.0
2025-07-19_07:30:57,2778.0,12123.0,45884.0,12192.0,16180.0,42952.0
2025-07-19_07:30:58,10337.0,12123.0,45884.0,14280.0,16180.0,42952.0
2025-07-19_07:30:58,,,,,,
2025-07-19_07:31:02,6968.0,12123.0,45884.0,3793.0,16180.0,42952.0
2025-07-19_07:31:02,,,,,,
2025-07-19_07:31:06,6956.0,12123.0,45884.0,3793.0,16180.0,42952.0
2025-07-19_07:31:06,8896.0,12123.0,45884.0,14279.0,16180.0,42952.0
2025-07-19_07:31:06,,,,14298.0,16180.0,42952.0
2025-07-19_07:31:10,3375.0,12123.0,45884.0,12188.0,16180.0,42952.0
2025-07-19_07:31:10,,,,,,
2025-07-19_07:31:14,6964.0,12123.0,45884.0,3787.0,16180.0,42952.0
2025-07-19_07:31:14,,,,14003.0,16180.0,42952.0
2025-07-19_07:31:18,3319.0,12123.0,45884.0,12194.0,16180.0,42952.0
2025-07-19_07:31:18,10243.0,12123.0,45884.0,14367.0,16180.0,42952.0
2025-07-19_07:31:18,,,,,,
2025-07-19_07:31:22,6969.0,12123.0,45884.0,3793.0,16180.0,42952.0
2025-07-19_07:31:22,,,,14366.0,16180.0,42952.0
2025-07-19_07:31:26,3358.0,12123.0,45884.0,12186.0,16180.0,42952.0
2025-07-19_07:31:26,8578.0,12123.0,45884.0,13936.0,16180.0,42952.0
2025-07-19_07:31:26,10048.0,12123.0,45884.0,13873.0,16180.0,42952.0
2025-07-19_07:31:27,,,,13899.0,16180.0,42952.0
2025-07-19_07:31:30,3321.0,12123.0,45884.0,12186.0,16180.0,42952.0
2025-07-19_07:31:31,8538.0,12123.0,45884.0,13938.0,16180.0,42952.0
2025-07-19_07:31:31,8353.0,12123.0,45884.0,13811.0,16180.0,42952.0
2025-07-19_07:31:31,,,,14364.0,16180.0,42952.0
2025-07-19_07:31:35,3375.0,12123.0,45884.0,12191.0,16180.0,42952.0
2025-07-19_07:31:35,,,,,,
2025-07-19_07:31:39,6964.0,12123.0,45884.0,3793.0,16180.0,42952.0
2025-07-19_07:31:39,,,,,,
2025-07-19_07:31:43,6968.0,12123.0,45884.0,3792.0,16180.0,42952.0
2025-07-19_07:31:43,,,,,,
2025-07-19_07:31:47,6965.0,12123.0,45884.0,3792.0,16180.0,42952.0
2025-07-19_07:31:47,9524.0,12123.0,45884.0,13985.0,16180.0,42952.0
2025-07-19_07:31:47,10130.0,12123.0,45884.0,14050.0,16180.0,42952.0
2025-07-19_07:31:47,10485.0,12123.0,45884.0,14979.0,16180.0,42952.0
2025-07-19_07:31:48,9711.0,12123.0,45884.0,14129.0,16180.0,42952.0
2025-07-19_07:31:48,8579.0,12123.0,45884.0,13971.0,16180.0,42952.0
2025-07-19_07:31:48,10325.0,12123.0,45906.0,14387.0,16180.0,42952.0
2025-07-19_07:31:48,10072.0,12123.0,45908.0,14341.0,16180.0,42952.0
2025-07-19_07:31:48,,,,14041.0,16180.0,42952.0
2025-07-19_07:31:52,2778.0,12123.0,45908.0,12186.0,16180.0,42952.0
2025-07-19_07:31:53,9969.0,12123.0,45908.0,13984.0,16180.0,42952.0
2025-07-19_07:31:53,,,,,,
2025-07-19_07:31:57,2778.0,12123.0,45908.0,3776.0,16180.0,42952.0
2025-07-19_07:31:57,10115.0,12123.0,45908.0,14082.0,16180.0,42952.0
2025-07-19_07:31:58,10067.0,12123.0,45908.0,13984.0,16180.0,42952.0
2025-07-19_07:31:58,,,,13976.0,16180.0,42952.0
2025-07-19_07:32:02,2778.0,12123.0,45908.0,12192.0,16180.0,42952.0
2025-07-19_07:32:02,,,,,,
2025-07-19_07:32:06,6971.0,12123.0,45908.0,3793.0,16180.0,42952.0
2025-07-19_07:32:06,,,,13826.0,16180.0,42952.0
2025-07-19_07:32:10,3319.0,12123.0,45908.0,12161.0,16180.0,42952.0
2025-07-19_07:32:10,8543.0,12123.0,45908.0,13830.0,16180.0,42952.0
2025-07-19_07:32:10,9801.0,12123.0,45908.0,14245.0,16180.0,42952.0
2025-07-19_07:32:10,9900.0,12123.0,45908.0,13981.0,16180.0,42952.0
2025-07-19_07:32:11,9983.0,12123.0,45908.0,14186.0,16180.0,42952.0
2025-07-19_07:32:11,8602.0,12123.0,45908.0,14094.0,16180.0,42952.0
2025-07-19_07:32:11,9677.0,12123.0,45908.0,14059.0,16180.0,42952.0
2025-07-19_07:32:11,9899.0,12123.0,45908.0,14115.0,16180.0,42952.0
2025-07-19_07:32:11,8589.0,12123.0,45910.0,14100.0,16180.0,42952.0
2025-07-19_07:32:12,,,,14727.0,16180.0,42952.0
2025-07-19_07:32:15,3375.0,12123.0,45910.0,12189.0,16180.0,42952.0
2025-07-19_07:32:16,,,,,,
2025-07-19_07:32:20,2778.0,12123.0,45910.0,3776.0,16180.0,42952.0
2025-07-19_07:32:20,9007.0,12123.0,45910.0,13588.0,16180.0,42952.0
2025-07-19_07:32:20,,,,13783.0,16180.0,42952.0
2025-07-19_07:32:24,3319.0,12123.0,45910.0,12163.0,16180.0,42952.0
2025-07-19_07:32:24,8636.0,12123.0,45910.0,14194.0,16180.0,42952.0
2025-07-19_07:32:25,8563.0,12123.0,45910.0,14042.0,16180.0,42952.0
2025-07-19_07:32:25,9096.0,12123.0,45910.0,14119.0,16180.0,42952.0
2025-07-19_07:32:25,10158.0,12123.0,45910.0,14358.0,16180.0,42952.0
2025-07-19_07:32:25,9972.0,12123.0,45910.0,14395.0,16180.0,42952.0
2025-07-19_07:32:26,10124.0,12123.0,45910.0,14013.0,16180.0,42952.0
2025-07-19_07:32:26,9935.0,12123.0,45910.0,14175.0,16180.0,42952.0
2025-07-19_07:32:26,8565.0,12123.0,45910.0,14201.0,16180.0,42952.0
2025-07-19_07:32:26,,,,14336.0,16180.0,42952.0
2025-07-19_07:32:30,3358.0,12123.0,45910.0,12192.0,16180.0,42952.0
2025-07-19_07:32:30,10508.0,12123.0,45910.0,14353.0,16180.0,42952.0
2025-07-19_07:32:30,9763.0,12123.0,45931.0,14586.0,16180.0,42952.0
2025-07-19_07:32:31,9875.0,12123.0,45932.0,14311.0,16180.0,42952.0
2025-07-19_07:32:31,8632.0,12123.0,45932.0,14203.0,16180.0,42952.0
2025-07-19_07:32:31,10151.0,12123.0,45932.0,14237.0,16180.0,42952.0
2025-07-19_07:32:31,9807.0,12123.0,45932.0,13963.0,16180.0,42952.0
2025-07-19_07:32:31,10203.0,12123.0,45932.0,14498.0,16180.0,42952.0
2025-07-19_07:32:32,9341.0,12123.0,45932.0,14050.0,16180.0,42952.0
2025-07-19_07:32:32,,,,14218.0,16180.0,42952.0
2025-07-19_07:32:36,3375.0,12123.0,45932.0,12164.0,16180.0,42952.0
2025-07-19_07:32:36,10112.0,12123.0,45932.0,14518.0,16180.0,42952.0
2025-07-19_07:32:36,8581.0,12123.0,45932.0,13816.0,16180.0,42952.0
2025-07-19_07:32:36,,,,14413.0,16180.0,42952.0
2025-07-19_07:32:40,2778.0,12123.0,45932.0,12162.0,16180.0,42952.0
2025-07-19_07:32:40,10303.0,12123.0,45933.0,13793.0,16180.0,42955.0
2025-07-19_07:32:41,10133.0,12123.0,45933.0,14601.0,16180.0,42955.0
2025-07-19_07:32:41,8569.0,12123.0,45933.0,13812.0,16180.0,42955.0
2025-07-19_07:32:41,8587.0,12123.0,45933.0,14105.0,16180.0,42955.0
2025-07-19_07:32:41,9566.0,12123.0,45933.0,14399.0,16180.0,42955.0
2025-07-19_07:32:41,,,,,,
2025-07-19_07:32:45,6964.0,12123.0,45933.0,3792.0,16180.0,42955.0
2025-07-19_07:32:45,9354.0,12123.0,45933.0,14424.0,16180.0,42955.0
2025-07-19_07:32:46,9952.0,12123.0,45933.0,14379.0,16180.0,42955.0
2025-07-19_07:32:46,8533.0,12123.0,45933.0,14110.0,16180.0,42955.0
2025-07-19_07:32:46,9978.0,12123.0,45933.0,14167.0,16180.0,42955.0
2025-07-19_07:32:46,8013.0,12123.0,45933.0,13336.0,16180.0,42955.0
2025-07-19_07:32:47,8536.0,12123.0,45933.0,13914.0,16180.0,42955.0
2025-07-19_07:32:47,,,,,,
2025-07-19_07:32:51,6956.0,12123.0,45933.0,3792.0,16180.0,42955.0
2025-07-19_07:32:51,9885.0,12123.0,45933.0,14528.0,16180.0,42955.0
2025-07-19_07:32:51,8107.0,12123.0,45933.0,13346.0,16180.0,42955.0
2025-07-19_07:32:51,9964.0,12123.0,45933.0,13973.0,16180.0,42955.0
2025-07-19_07:32:52,,,,13983.0,16180.0,42955.0
2025-07-19_07:32:55,3377.0,12123.0,45933.0,12191.0,16180.0,42955.0
2025-07-19_07:32:55,,,,,,
2025-07-19_07:32:59,6967.0,12123.0,45933.0,3793.0,16180.0,42955.0
2025-07-19_07:33:00,,,,,,
2025-07-19_07:33:03,6966.0,12123.0,45933.0,3793.0,16180.0,42955.0
2025-07-19_07:33:04,9686.0,12123.0,45933.0,14158.0,16180.0,42955.0
2025-07-19_07:33:04,8731.0,12123.0,45933.0,13973.0,16180.0,42955.0
2025-07-19_07:33:04,,,,15180.0,16181.0,42956.0
2025-07-19_07:33:08,3375.0,12123.0,45933.0,12179.0,16181.0,42956.0
2025-07-19_07:33:08,,,,13615.0,16181.0,42956.0
2025-07-19_07:33:12,3375.0,12123.0,45933.0,12175.0,16181.0,42956.0
2025-07-19_07:33:12,9934.0,12123.0,45941.0,14158.0,16181.0,42956.0
2025-07-19_07:33:12,,,,,,
2025-07-19_07:33:16,6969.0,12123.0,45941.0,3792.0,16181.0,42956.0
2025-07-19_07:33:16,,,,14076.0,16181.0,42956.0
2025-07-19_07:33:20,3375.0,12123.0,45941.0,12184.0,16181.0,42956.0
2025-07-19_07:33:20,9717.0,12123.0,45941.0,14020.0,16181.0,42956.0
2025-07-19_07:33:20,10412.0,12123.0,45941.0,14457.0,16181.0,42981.0
2025-07-19_07:33:21,,,,14029.0,16181.0,42981.0
2025-07-19_07:33:24,3319.0,12123.0,45941.0,12158.0,16181.0,42981.0
2025-07-19_07:33:24,,,,,,
2025-07-19_07:33:28,6958.0,12123.0,45941.0,3786.0,16181.0,42981.0
2025-07-19_07:33:28,,,,,,
2025-07-19_07:33:32,6966.0,12123.0,45941.0,3793.0,16181.0,42981.0
2025-07-19_07:33:32,10102.0,12123.0,45941.0,14354.0,16181.0,42981.0
2025-07-19_07:33:33,9810.0,12123.0,45941.0,14062.0,16181.0,42981.0
2025-07-19_07:33:33,8105.0,12123.0,45941.0,13028.0,16181.0,42981.0
2025-07-19_07:33:33,10001.0,12123.0,45941.0,14343.0,16181.0,42981.0
2025-07-19_07:33:33,,,,14013.0,16181.0,42981.0
2025-07-19_07:33:37,,,,,,
2025-07-19_07:33:41,6953.0,12123.0,45941.0,3792.0,16181.0,42981.0
2025-07-19_07:33:41,8094.0,12123.0,45941.0,13036.0,16181.0,42981.0
2025-07-19_07:33:41,9879.0,12123.0,45941.0,13999.0,16181.0,42981.0
2025-07-19_07:33:42,,,,,,
2025-07-19_07:33:46,6966.0,12123.0,45941.0,3793.0,16181.0,42981.0
2025-07-19_07:33:46,9937.0,12123.0,45941.0,13985.0,16181.0,42981.0
2025-07-19_07:33:46,7969.0,12123.0,45941.0,13043.0,16181.0,42981.0
2025-07-19_07:33:47,8585.0,12123.0,45941.0,14201.0,16181.0,42981.0
2025-07-19_07:33:47,10508.0,12123.0,45941.0,14511.0,16181.0,42981.0
2025-07-19_07:33:47,9610.0,12123.0,45941.0,14220.0,16181.0,42981.0
2025-07-19_07:33:47,9887.0,12123.0,45941.0,13954.0,16181.0,42981.0
2025-07-19_07:33:48,9909.0,12123.0,45941.0,14040.0,16181.0,42981.0
2025-07-19_07:33:48,9987.0,12123.0,45941.0,13897.0,16181.0,42981.0
2025-07-19_07:33:48,10010.0,12123.0,45941.0,14366.0,16181.0,42981.0
2025-07-19_07:33:48,8533.0,12123.0,45941.0,14129.0,16181.0,42981.0
2025-07-19_07:33:49,,,,14092.0,16181.0,42981.0
2025-07-19_07:33:52,3375.0,12123.0,45941.0,12186.0,16181.0,42981.0
2025-07-19_07:33:52,8645.0,12123.0,45941.0,13913.0,16181.0,42981.0
2025-07-19_07:33:53,,,,14438.0,16181.0,42982.0
2025-07-19_07:33:56,3319.0,12123.0,45941.0,12189.0,16181.0,42982.0
2025-07-19_07:33:57,8676.0,12123.0,45947.0,13952.0,16181.0,42982.0
2025-07-19_07:33:57,8697.0,12123.0,45947.0,14203.0,16181.0,42982.0
2025-07-19_07:33:57,,,,,,
2025-07-19_07:34:02,2780.0,12123.0,45947.0,3776.0,16181.0,42982.0
2025-07-19_07:34:02,,,,14395.0,16181.0,42982.0
2025-07-19_07:34:05,3358.0,12123.0,45947.0,12192.0,16181.0,42982.0
2025-07-19_07:34:06,10577.0,12123.0,45947.0,15108.0,16181.0,42982.0
2025-07-19_07:34:06,10068.0,12123.0,45947.0,14344.0,16181.0,42982.0
2025-07-19_07:34:06,,,,14356.0,16181.0,42982.0
2025-07-19_07:34:10,3358.0,12123.0,45947.0,12188.0,16181.0,42982.0
2025-07-19_07:34:10,,,,13982.0,16181.0,42982.0
2025-07-19_07:34:14,3302.0,12123.0,45947.0,12184.0,16181.0,42982.0
2025-07-19_07:34:14,,,,,,
2025-07-19_07:34:18,2780.0,12123.0,45947.0,3776.0,16181.0,42982.0
2025-07-19_07:34:19,8637.0,12123.0,45947.0,14079.0,16181.0,42982.0
2025-07-19_07:34:19,,,,13901.0,16181.0,42982.0
2025-07-19_07:34:22,3319.0,12123.0,45947.0,12184.0,16181.0,42982.0
2025-07-19_07:34:23,2778.0,12123.0,45947.0,12987.0,16184.0,43005.0
2025-07-19_07:34:24,,,,13775.0,16184.0,43005.0
2025-07-19_07:34:27,3319.0,12123.0,45947.0,12186.0,16184.0,43005.0
2025-07-19_07:34:27,,,,,,
2025-07-19_07:34:32,2778.0,12123.0,45947.0,3776.0,16184.0,43005.0
2025-07-19_07:34:32,10251.0,12123.0,45949.0,14067.0,16184.0,43005.0
2025-07-19_07:34:32,9100.0,12123.0,45949.0,14319.0,16184.0,43005.0
2025-07-19_07:34:33,,,,,,
2025-07-19_07:34:36,6964.0,12123.0,45949.0,3792.0,16184.0,43005.0
2025-07-19_07:34:37,9842.0,12123.0,45949.0,13986.0,16184.0,43005.0
2025-07-19_07:34:37,10568.0,12123.0,45949.0,14659.0,16184.0,43005.0
2025-07-19_07:34:37,9779.0,12123.0,45949.0,14117.0,16184.0,43005.0
2025-07-19_07:34:37,8011.0,12123.0,45949.0,13077.0,16184.0,43005.0
2025-07-19_07:34:37,,,,13077.0,16184.0,43005.0
2025-07-19_07:34:41,2778.0,12123.0,45949.0,12186.0,16184.0,43005.0
2025-07-19_07:34:42,8542.0,12123.0,45949.0,13797.0,16184.0,43005.0
2025-07-19_07:34:42,,,,13996.0,16184.0,43005.0
2025-07-19_07:34:45,3319.0,12123.0,45949.0,12165.0,16184.0,43005.0
2025-07-19_07:34:46,,,,14482.0,16184.0,43009.0
2025-07-19_07:34:49,2778.0,12123.0,45949.0,12183.0,16184.0,43009.0
2025-07-19_07:34:50,,,,,,
2025-07-19_07:34:53,6968.0,12123.0,45949.0,3793.0,16184.0,43009.0
2025-07-19_07:34:54,8632.0,12123.0,45949.0,14183.0,16184.0,43009.0
2025-07-19_07:34:54,8517.0,12123.0,45949.0,13051.0,16184.0,43009.0
2025-07-19_07:34:54,9597.0,12123.0,45949.0,13974.0,16184.0,43009.0
2025-07-19_07:34:54,8620.0,12123.0,45949.0,14088.0,16184.0,43009.0
2025-07-19_07:34:55,,,,,,
2025-07-19_07:34:58,6960.0,12123.0,45949.0,3793.0,16184.0,43009.0
2025-07-19_07:34:59,8075.0,12123.0,45949.0,13078.0,16184.0,43009.0
2025-07-19_07:34:59,9594.0,12123.0,45949.0,14221.0,16184.0,43009.0
2025-07-19_07:34:59,,,,,,
2025-07-19_07:35:03,6965.0,12123.0,45949.0,3793.0,16184.0,43009.0
2025-07-19_07:35:03,,,,14035.0,16184.0,43009.0
2025-07-19_07:35:07,3375.0,12123.0,45949.0,12186.0,16184.0,43009.0
2025-07-19_07:35:07,,,,,,
2025-07-19_07:35:11,6965.0,12123.0,45949.0,3792.0,16184.0,43009.0
2025-07-19_07:35:11,,,,14166.0,16184.0,43009.0
2025-07-19_07:35:15,3375.0,12123.0,45949.0,12186.0,16184.0,43009.0
2025-07-19_07:35:15,10205.0,12123.0,45949.0,14316.0,16184.0,43009.0
2025-07-19_07:35:15,10115.0,12123.0,45949.0,14217.0,16184.0,43009.0
2025-07-19_07:35:15,8507.0,12123.0,45949.0,13811.0,16184.0,43009.0
2025-07-19_07:35:16,,,,,,
2025-07-19_07:35:19,6962.0,12123.0,45949.0,3792.0,16184.0,43009.0
2025-07-19_07:35:20,,,,14107.0,16184.0,43009.0
2025-07-19_07:35:23,3302.0,12123.0,45949.0,12168.0,16184.0,43009.0
2025-07-19_07:35:24,,,,14051.0,16184.0,43009.0
2025-07-19_07:35:27,3319.0,12123.0,45949.0,12192.0,16184.0,43009.0
2025-07-19_07:35:27,10113.0,12123.0,45949.0,14336.0,16184.0,43009.0
2025-07-19_07:35:28,,,,13800.0,16184.0,43009.0
2025-07-19_07:35:31,3375.0,12123.0,45949.0,12183.0,16184.0,43009.0
2025-07-19_07:35:32,9249.0,12123.0,45949.0,13945.0,16184.0,43009.0
2025-07-19_07:35:32,10299.0,12123.0,45949.0,14482.0,16184.0,43009.0
2025-07-19_07:35:32,,,,14035.0,16184.0,43009.0
2025-07-19_07:35:36,,,,,,
2025-07-19_07:35:40,6967.0,12123.0,45949.0,3792.0,16184.0,43009.0
2025-07-19_07:35:40,,,,,,
2025-07-19_07:35:44,6963.0,12123.0,45949.0,3792.0,16184.0,43009.0
2025-07-19_07:35:44,,,,,,
2025-07-19_07:35:48,6964.0,12123.0,45949.0,3786.0,16184.0,43009.0
2025-07-19_07:35:48,10052.0,12123.0,45949.0,14223.0,16184.0,43009.0
2025-07-19_07:35:48,10000.0,12123.0,45949.0,14380.0,16184.0,43009.0
2025-07-19_07:35:48,,,,,,
2025-07-19_07:35:52,6964.0,12123.0,45949.0,3793.0,16184.0,43009.0
2025-07-19_07:35:52,,,,13786.0,16184.0,43009.0
2025-07-19_07:35:56,3375.0,12123.0,45949.0,12168.0,16184.0,43009.0
2025-07-19_07:35:56,,,,13981.0,16184.0,43009.0
2025-07-19_07:36:00,3375.0,12123.0,45949.0,12191.0,16184.0,43009.0
2025-07-19_07:36:00,,,,14204.0,16184.0,43009.0
2025-07-19_07:36:04,3375.0,12123.0,45949.0,12190.0,16184.0,43009.0
2025-07-19_07:36:04,8513.0,12123.0,45949.0,14090.0,16184.0,43009.0
2025-07-19_07:36:04,8568.0,12123.0,45949.0,14174.0,16184.0,43009.0
2025-07-19_07:36:04,,,,,,
2025-07-19_07:36:08,6969.0,12123.0,45949.0,3793.0,16184.0,43009.0
2025-07-19_07:36:08,,,,,,
2025-07-19_07:36:12,6963.0,12123.0,45949.0,3792.0,16184.0,43009.0
2025-07-19_07:36:13,8521.0,12123.0,45949.0,14121.0,16184.0,43009.0
2025-07-19_07:36:13,8336.0,12123.0,45949.0,13940.0,16184.0,43009.0
2025-07-19_07:36:13,,,,13778.0,16184.0,43009.0
2025-07-19_07:36:17,3360.0,12123.0,45949.0,12163.0,16184.0,43009.0
2025-07-19_07:36:17,10463.0,12123.0,45949.0,14604.0,16184.0,43009.0
2025-07-19_07:36:17,9478.0,12123.0,45949.0,14038.0,16184.0,43009.0
2025-07-19_07:36:17,8667.0,12123.0,45949.0,14387.0,16184.0,43009.0
2025-07-19_07:36:18,10058.0,12123.0,45949.0,14313.0,16184.0,43009.0
2025-07-19_07:36:18,10188.0,12123.0,45949.0,13783.0,16184.0,43049.0
2025-07-19_07:36:18,,,,13790.0,16184.0,43049.0
2025-07-19_07:36:22,3375.0,12123.0,45949.0,12192.0,16184.0,43049.0
2025-07-19_07:36:22,9677.0,12123.0,45949.0,14250.0,16184.0,43049.0
2025-07-19_07:36:22,8530.0,12123.0,45949.0,13802.0,16184.0,43049.0
2025-07-19_07:36:22,,,,,,
2025-07-19_07:36:26,6961.0,12123.0,45949.0,3793.0,16184.0,43049.0
2025-07-19_07:36:26,7993.0,12123.0,45949.0,13250.0,16184.0,43049.0
2025-07-19_07:36:27,,,,13657.0,16184.0,43049.0
2025-07-19_07:36:30,3302.0,12123.0,45949.0,12160.0,16184.0,43049.0
2025-07-19_07:36:31,8678.0,12123.0,45949.0,14252.0,16184.0,43070.0
2025-07-19_07:36:31,8650.0,12123.0,45949.0,14221.0,16184.0,43070.0
2025-07-19_07:36:31,8640.0,12123.0,45949.0,14055.0,16184.0,43070.0
2025-07-19_07:36:31,8004.0,12123.0,45949.0,13351.0,16184.0,43070.0
2025-07-19_07:36:31,,,,,,
2025-07-19_07:36:35,6966.0,12123.0,45949.0,3792.0,16184.0,43070.0
2025-07-19_07:36:35,,,,14283.0,16184.0,43070.0
2025-07-19_07:36:39,3358.0,12123.0,45949.0,12189.0,16184.0,43070.0
2025-07-19_07:36:39,10057.0,12123.0,45949.0,14307.0,16184.0,43070.0
2025-07-19_07:36:40,10228.0,12123.0,45951.0,14500.0,16186.0,43079.0
2025-07-19_07:36:40,,,,,,
2025-07-19_07:36:44,6958.0,12123.0,45951.0,3793.0,16186.0,43079.0
2025-07-19_07:36:44,10106.0,12123.0,45951.0,14241.0,16186.0,43079.0
2025-07-19_07:36:44,,,,,,
2025-07-19_07:36:48,6968.0,12123.0,45951.0,3787.0,16186.0,43079.0
2025-07-19_07:36:48,8551.0,12123.0,45951.0,13970.0,16186.0,43079.0
2025-07-19_07:36:48,8611.0,12123.0,45951.0,14099.0,16186.0,43079.0
2025-07-19_07:36:49,,,,,,
2025-07-19_07:36:52,6963.0,12123.0,45951.0,3792.0,16186.0,43079.0
2025-07-19_07:36:53,8632.0,12123.0,45951.0,14190.0,16186.0,43079.0
2025-07-19_07:36:53,,,,,,
2025-07-19_07:36:57,6968.0,12123.0,45951.0,3793.0,16186.0,43079.0
2025-07-19_07:36:57,9845.0,12123.0,45951.0,13978.0,16186.0,43079.0
2025-07-19_07:36:57,,,,14175.0,16186.0,43082.0
2025-07-19_07:37:01,3302.0,12123.0,45951.0,12201.0,16186.0,43082.0
2025-07-19_07:37:01,10067.0,12123.0,45951.0,14518.0,16186.0,43082.0
2025-07-19_07:37:01,8110.0,12123.0,45951.0,13057.0,16186.0,43082.0
2025-07-19_07:37:01,10393.0,12123.0,45951.0,14361.0,16186.0,43082.0
2025-07-19_07:37:02,9742.0,12123.0,45951.0,14162.0,16186.0,43082.0
2025-07-19_07:37:02,8610.0,12123.0,45951.0,14089.0,16186.0,43082.0
2025-07-19_07:37:02,8522.0,12123.0,45951.0,13796.0,16186.0,43082.0
2025-07-19_07:37:02,10365.0,12123.0,45951.0,14556.0,16186.0,43083.0
2025-07-19_07:37:03,8552.0,12123.0,45951.0,13695.0,16186.0,43083.0
2025-07-19_07:37:03,9877.0,12123.0,45951.0,14011.0,16186.0,43083.0
2025-07-19_07:37:03,,,,,,
2025-07-19_07:37:07,6964.0,12123.0,45951.0,3792.0,16186.0,43083.0
2025-07-19_07:37:07,9725.0,12123.0,45951.0,13981.0,16186.0,43083.0
2025-07-19_07:37:07,9966.0,12123.0,45951.0,13992.0,16186.0,43083.0
2025-07-19_07:37:08,10454.0,12123.0,45951.0,14259.0,16186.0,43083.0
2025-07-19_07:37:08,,,,,,
2025-07-19_07:37:12,6957.0,12123.0,45951.0,3793.0,16186.0,43083.0
2025-07-19_07:37:12,8548.0,12123.0,45951.0,13623.0,16186.0,43083.0
2025-07-19_07:37:12,,,,13255.0,16186.0,43083.0
2025-07-19_07:37:16,2778.0,12123.0,45951.0,12176.0,16186.0,43083.0
2025-07-19_07:37:16,10126.0,12123.0,45952.0,13789.0,16186.0,43083.0
2025-07-19_07:37:16,10146.0,12123.0,45952.0,14187.0,16186.0,43083.0
2025-07-19_07:37:17,9776.0,12123.0,45952.0,14011.0,16186.0,43083.0
2025-07-19_07:37:17,,,,13998.0,16186.0,43083.0
2025-07-19_07:37:21,3321.0,12123.0,45952.0,12181.0,16186.0,43083.0
2025-07-19_07:37:21,9884.0,12123.0,45952.0,14113.0,16186.0,43083.0
2025-07-19_07:37:21,10528.0,12123.0,45952.0,14946.0,16186.0,43083.0
2025-07-19_07:37:21,8526.0,12123.0,45952.0,13237.0,16186.0,43083.0
2025-07-19_07:37:21,,,,13989.0,16186.0,43083.0
2025-07-19_07:37:25,3319.0,12123.0,45952.0,12161.0,16186.0,43083.0
2025-07-19_07:37:25,,,,14050.0,16186.0,43083.0
2025-07-19_07:37:29,2778.0,12123.0,45952.0,12174.0,16186.0,43083.0
2025-07-19_07:37:29,,,,14073.0,16186.0,43083.0
2025-07-19_07:37:33,2778.0,12123.0,45952.0,12163.0,16186.0,43083.0
2025-07-19_07:37:33,9564.0,12123.0,45952.0,14221.0,16186.0,43083.0
2025-07-19_07:37:34,8522.0,12123.0,45952.0,13263.0,16186.0,43083.0
2025-07-19_07:37:34,10213.0,12123.0,45952.0,14399.0,16186.0,43083.0
2025-07-19_07:37:34,8646.0,12123.0,45952.0,14223.0,16186.0,43083.0
2025-07-19_07:37:34,10097.0,12123.0,45952.0,14010.0,16186.0,43083.0
2025-07-19_07:37:35,9246.0,12123.0,45952.0,14124.0,16186.0,43083.0
2025-07-19_07:37:35,8029.0,12123.0,45952.0,13223.0,16186.0,43083.0
2025-07-19_07:37:35,9983.0,12123.0,45952.0,14278.0,16186.0,43083.0
2025-07-19_07:37:35,9232.0,12123.0,45952.0,13825.0,16186.0,43083.0
2025-07-19_07:37:35,8557.0,12123.0,45952.0,13836.0,16186.0,43083.0
2025-07-19_07:37:36,10265.0,12123.0,45952.0,14361.0,16186.0,43083.0
2025-07-19_07:37:36,,,,14280.0,16186.0,43083.0
2025-07-19_07:37:40,3319.0,12123.0,45952.0,12195.0,16186.0,43083.0
2025-07-19_07:37:40,7991.0,12123.0,45952.0,13049.0,16186.0,43083.0
2025-07-19_07:37:40,8105.0,12123.0,45952.0,13219.0,16186.0,43083.0
2025-07-19_07:37:40,,,,,,
2025-07-19_07:37:44,6967.0,12123.0,45952.0,3793.0,16186.0,43083.0
2025-07-19_07:37:44,8524.0,12123.0,45952.0,13225.0,16186.0,43083.0
2025-07-19_07:37:45,,,,14421.0,16186.0,43083.0
2025-07-19_07:37:48,,,,,,
2025-07-19_07:37:52,6967.0,12123.0,45952.0,3792.0,16186.0,43083.0
2025-07-19_07:37:52,9452.0,12123.0,45953.0,13757.0,16186.0,43083.0
2025-07-19_07:37:53,10011.0,12123.0,45953.0,13787.0,16186.0,43083.0
2025-07-19_07:37:53,,,,,,
2025-07-19_07:37:57,6968.0,12123.0,45953.0,3787.0,16186.0,43083.0
2025-07-19_07:37:57,10084.0,12123.0,45953.0,14496.0,16186.0,43083.0
2025-07-19_07:37:57,8542.0,12123.0,45953.0,13920.0,16186.0,43083.0
2025-07-19_07:37:57,,,,14117.0,16186.0,43083.0
2025-07-19_07:38:01,3358.0,12123.0,45953.0,12183.0,16186.0,43083.0
2025-07-19_07:38:01,9827.0,12123.0,45953.0,14045.0,16186.0,43083.0
2025-07-19_07:38:02,,,,14380.0,16186.0,43083.0
2025-07-19_07:38:05,3319.0,12123.0,45953.0,12178.0,16186.0,43083.0
2025-07-19_07:38:05,,,,13071.0,16186.0,43100.0
2025-07-19_07:38:09,2778.0,12123.0,45953.0,12159.0,16186.0,43100.0
2025-07-19_07:38:10,9573.0,12123.0,45953.0,14123.0,16186.0,43100.0
2025-07-19_07:38:10,9540.0,12123.0,45953.0,14013.0,16186.0,43100.0
2025-07-19_07:38:10,10224.0,12123.0,45953.0,14276.0,16186.0,43100.0
2025-07-19_07:38:10,8556.0,12123.0,45953.0,13627.0,16186.0,43100.0
2025-07-19_07:38:10,9955.0,12123.0,45953.0,14116.0,16186.0,43100.0
2025-07-19_07:38:11,8132.0,12123.0,45953.0,13355.0,16186.0,43100.0
2025-07-19_07:38:11,10014.0,12123.0,45956.0,14087.0,16186.0,43102.0
2025-07-19_07:38:11,,,,15178.0,16186.0,43102.0
2025-07-19_07:38:15,3358.0,12123.0,45956.0,12194.0,16186.0,43102.0
2025-07-19_07:38:15,9929.0,12123.0,45956.0,14303.0,16186.0,43102.0
2025-07-19_07:38:15,10309.0,12123.0,45956.0,14407.0,16186.0,43102.0
2025-07-19_07:38:16,10138.0,12123.0,45956.0,14102.0,16186.0,43102.0
2025-07-19_07:38:16,,,,,,
2025-07-19_07:38:20,6966.0,12123.0,45956.0,3792.0,16186.0,43102.0
2025-07-19_07:38:20,9970.0,12123.0,45956.0,14178.0,16186.0,43102.0
2025-07-19_07:38:20,9969.0,12123.0,45956.0,14273.0,16186.0,43104.0
2025-07-19_07:38:20,,,,14232.0,16186.0,43104.0
2025-07-19_07:38:24,3358.0,12123.0,45956.0,12193.0,16186.0,43104.0
2025-07-19_07:38:24,,,,,,
2025-07-19_07:38:28,6966.0,12123.0,45956.0,3792.0,16186.0,43104.0
2025-07-19_07:38:28,8650.0,12123.0,45956.0,14363.0,16186.0,43104.0
2025-07-19_07:38:28,10150.0,12123.0,45956.0,14359.0,16186.0,43104.0
2025-07-19_07:38:29,,,,,,
2025-07-19_07:38:32,6966.0,12123.0,45956.0,3792.0,16186.0,43104.0
2025-07-19_07:38:33,,,,,,
2025-07-19_07:38:36,6967.0,12123.0,45956.0,3793.0,16186.0,43104.0
2025-07-19_07:38:37,,,,,,
2025-07-19_07:38:40,6966.0,12123.0,45956.0,3792.0,16186.0,43104.0
2025-07-19_07:38:41,,,,,,
2025-07-19_07:38:45,2778.0,12123.0,45956.0,3776.0,16186.0,43104.0
2025-07-19_07:38:45,9957.0,12123.0,45956.0,14040.0,16186.0,43104.0
2025-07-19_07:38:45,10153.0,12123.0,45956.0,14009.0,16186.0,43104.0
2025-07-19_07:38:46,9977.0,12123.0,45956.0,14008.0,16186.0,43104.0
2025-07-19_07:38:46,8123.0,12123.0,45956.0,13225.0,16186.0,43104.0
2025-07-19_07:38:46,8348.0,12123.0,45956.0,13654.0,16186.0,43104.0
2025-07-19_07:38:46,8670.0,12123.0,45956.0,14405.0,16186.0,43104.0
2025-07-19_07:38:47,,,,13920.0,16186.0,43104.0
2025-07-19_07:38:50,3358.0,12123.0,45956.0,12185.0,16186.0,43104.0
2025-07-19_07:38:51,8553.0,12123.0,45956.0,13788.0,16186.0,43104.0
2025-07-19_07:38:51,9929.0,12123.0,45956.0,14082.0,16186.0,43104.0
2025-07-19_07:38:51,9885.0,12123.0,45956.0,14043.0,16186.0,43104.0
2025-07-19_07:38:51,10136.0,12123.0,45956.0,13964.0,16186.0,43104.0
2025-07-19_07:38:51,10570.0,12123.0,45956.0,14631.0,16186.0,43104.0
2025-07-19_07:38:52,8610.0,12123.0,45956.0,14076.0,16186.0,43104.0
2025-07-19_07:38:52,,,,14301.0,16186.0,43104.0
2025-07-19_07:38:56,3358.0,12123.0,45956.0,12190.0,16186.0,43104.0
2025-07-19_07:38:56,10064.0,12123.0,45956.0,14329.0,16186.0,43104.0
2025-07-19_07:38:56,,,,14070.0,16186.0,43104.0
2025-07-19_07:39:00,2778.0,12123.0,45956.0,12198.0,16186.0,43104.0
2025-07-19_07:39:00,,,,13788.0,16186.0,43104.0
2025-07-19_07:39:04,3375.0,12123.0,45956.0,12194.0,16186.0,43104.0
2025-07-19_07:39:04,8669.0,12123.0,45956.0,14271.0,16186.0,43104.0
2025-07-19_07:39:04,,,,,,
2025-07-19_07:39:08,6967.0,12123.0,45956.0,3793.0,16186.0,43104.0
2025-07-19_07:39:08,,,,14118.0,16186.0,43104.0
2025-07-19_07:39:12,3358.0,12123.0,45956.0,12195.0,16186.0,43104.0
2025-07-19_07:39:12,10315.0,12123.0,45956.0,13954.0,16186.0,43104.0
2025-07-19_07:39:12,10586.0,12123.0,45960.0,14186.0,16186.0,43104.0
2025-07-19_07:39:13,9814.0,12123.0,45960.0,14358.0,16186.0,43104.0
2025-07-19_07:39:13,10366.0,12123.0,45960.0,14502.0,16186.0,43104.0
2025-07-19_07:39:13,,,,13973.0,16186.0,43104.0
2025-07-19_07:39:17,3375.0,12123.0,45960.0,12184.0,16186.0,43104.0
2025-07-19_07:39:17,,,,14108.0,16186.0,43104.0
2025-07-19_07:39:21,3358.0,12123.0,45960.0,12190.0,16186.0,43104.0
2025-07-19_07:39:21,10147.0,12123.0,45960.0,14115.0,16186.0,43104.0
2025-07-19_07:39:21,10175.0,12123.0,45960.0,14177.0,16186.0,43104.0
2025-07-19_07:39:22,10073.0,12123.0,45960.0,14511.0,16186.0,43104.0
2025-07-19_07:39:22,8735.0,12123.0,45960.0,13936.0,16186.0,43104.0
2025-07-19_07:39:22,10447.0,12123.0,45960.0,14597.0,16186.0,43104.0
2025-07-19_07:39:22,,,,13982.0,16186.0,43104.0
2025-07-19_07:39:26,3375.0,12123.0,45960.0,12190.0,16186.0,43104.0
2025-07-19_07:39:26,9982.0,12123.0,45960.0,13984.0,16186.0,43104.0
2025-07-19_07:39:26,,,,,,
2025-07-19_07:39:30,6972.0,12123.0,45960.0,3793.0,16186.0,43104.0
2025-07-19_07:39:30,,,,14162.0,16186.0,43104.0
2025-07-19_07:39:34,3358.0,12123.0,45960.0,12197.0,16186.0,43104.0
2025-07-19_07:39:34,10186.0,12123.0,45960.0,14087.0,16186.0,43104.0
2025-07-19_07:39:35,8687.0,12123.0,45960.0,14216.0,16186.0,43104.0
2025-07-19_07:39:35,9969.0,12123.0,45960.0,13975.0,16186.0,43104.0
2025-07-19_07:39:35,9708.0,12123.0,45960.0,13698.0,16186.0,43104.0
2025-07-19_07:39:35,9939.0,12123.0,45960.0,13986.0,16186.0,43104.0
2025-07-19_07:39:35,9789.0,12123.0,45960.0,14198.0,16186.0,43104.0
2025-07-19_07:39:36,10295.0,12123.0,45960.0,14242.0,16186.0,43104.0
2025-07-19_07:39:36,8595.0,12123.0,45960.0,14000.0,16186.0,43104.0
2025-07-19_07:39:36,9678.0,12123.0,45960.0,13966.0,16186.0,43104.0
2025-07-19_07:39:36,9525.0,12123.0,45960.0,13825.0,16186.0,43104.0
2025-07-19_07:39:37,10310.0,12123.0,45960.0,14084.0,16186.0,43104.0
2025-07-19_07:39:37,10844.0,12123.0,45960.0,14955.0,16186.0,43104.0
2025-07-19_07:39:37,10370.0,12123.0,45960.0,14507.0,16186.0,43104.0
2025-07-19_07:39:37,8556.0,12123.0,45960.0,13789.0,16186.0,43104.0
2025-07-19_07:39:37,9198.0,12123.0,45960.0,13788.0,16186.0,43104.0
2025-07-19_07:39:38,9954.0,12123.0,45960.0,14382.0,16186.0,43104.0
2025-07-19_07:39:38,10333.0,12123.0,45960.0,14334.0,16186.0,43104.0
2025-07-19_07:39:38,10138.0,12123.0,45960.0,14040.0,16186.0,43104.0
2025-07-19_07:39:38,8102.0,12123.0,45960.0,13052.0,16186.0,43104.0
2025-07-19_07:39:39,,,,13777.0,16186.0,43104.0
2025-07-19_07:39:42,3358.0,12123.0,45960.0,12191.0,16186.0,43104.0
2025-07-19_07:39:43,10124.0,12123.0,45960.0,14517.0,16186.0,43104.0
2025-07-19_07:39:43,9972.0,12123.0,45960.0,13806.0,16186.0,43104.0
2025-07-19_07:39:44,2778.0,12123.0,45960.0,12183.0,16186.0,43104.0
2025-07-19_07:39:44,,,,13788.0,16186.0,43104.0
2025-07-19_07:39:47,3375.0,12123.0,45960.0,12190.0,16186.0,43104.0
2025-07-19_07:39:48,10170.0,12123.0,45960.0,13899.0,16186.0,43105.0
2025-07-19_07:39:48,8584.0,12123.0,45960.0,14282.0,16186.0,43105.0
2025-07-19_07:39:48,9773.0,12123.0,45960.0,14038.0,16186.0,43105.0
2025-07-19_07:39:48,10186.0,12123.0,45960.0,14173.0,16186.0,43105.0
2025-07-19_07:39:49,8646.0,12123.0,45960.0,13906.0,16186.0,43105.0
2025-07-19_07:39:49,9913.0,12123.0,45960.0,14281.0,16186.0,43105.0
2025-07-19_07:39:49,10478.0,12123.0,45960.0,14541.0,16186.0,43105.0
2025-07-19_07:39:49,10171.0,12123.0,45960.0,14257.0,16186.0,43105.0
2025-07-19_07:39:50,,,,,,
2025-07-19_07:39:53,6968.0,12123.0,45960.0,3793.0,16186.0,43105.0
2025-07-19_07:39:54,,,,14081.0,16186.0,43105.0
2025-07-19_07:39:57,3358.0,12123.0,45960.0,12184.0,16186.0,43105.0
2025-07-19_07:39:57,,,,13944.0,16186.0,43105.0
2025-07-19_07:40:01,3302.0,12123.0,45960.0,12161.0,16186.0,43105.0
2025-07-19_07:40:01,10061.0,12123.0,45960.0,14184.0,16186.0,43105.0
2025-07-19_07:40:02,,,,,,
2025-07-19_07:40:05,6966.0,12123.0,45960.0,3793.0,16186.0,43105.0
2025-07-19_07:40:06,,,,14498.0,16186.0,43105.0
2025-07-19_07:40:09,3319.0,12123.0,45960.0,12184.0,16186.0,43105.0
2025-07-19_07:40:10,9872.0,12123.0,45960.0,13995.0,16186.0,43105.0
2025-07-19_07:40:10,,,,14100.0,16186.0,43106.0
2025-07-19_07:40:14,2778.0,12123.0,45960.0,12183.0,16186.0,43106.0
2025-07-19_07:40:14,10173.0,12123.0,45960.0,13904.0,16186.0,43106.0
2025-07-19_07:40:14,8092.0,12123.0,45960.0,13297.0,16186.0,43106.0
2025-07-19_07:40:14,9456.0,12123.0,45960.0,14221.0,16186.0,43106.0
2025-07-19_07:40:14,10067.0,12123.0,45960.0,14555.0,16186.0,43107.0
2025-07-19_07:40:15,7992.0,12123.0,45960.0,13088.0,16186.0,43107.0
2025-07-19_07:40:15,9842.0,12123.0,45960.0,13836.0,16186.0,43107.0
2025-07-19_07:40:15,,,,14174.0,16186.0,43107.0
2025-07-19_07:40:19,3302.0,12123.0,45960.0,12192.0,16186.0,43107.0
2025-07-19_07:40:19,,,,,,
2025-07-19_07:40:23,3300.0,12123.0,45960.0,4595.0,16186.0,43107.0
2025-07-19_07:40:24,10079.0,12123.0,45960.0,14568.0,16186.0,43107.0
2025-07-19_07:40:24,9950.0,12123.0,45960.0,14155.0,16186.0,43107.0
2025-07-19_07:40:24,,,,13799.0,16186.0,43107.0
2025-07-19_07:40:28,3358.0,12123.0,45960.0,12181.0,16186.0,43107.0
2025-07-19_07:40:28,,,,13791.0,16186.0,43107.0
2025-07-19_07:40:32,3319.0,12123.0,45960.0,12189.0,16186.0,43107.0
2025-07-19_07:40:32,8641.0,12123.0,45960.0,14092.0,16186.0,43107.0
2025-07-19_07:40:32,,,,,,
2025-07-19_07:40:36,6965.0,12123.0,45960.0,3792.0,16186.0,43107.0
2025-07-19_07:40:36,,,,,,
2025-07-19_07:40:40,6968.0,12123.0,45960.0,3792.0,16186.0,43107.0
2025-07-19_07:40:40,9507.0,12123.0,45960.0,14142.0,16186.0,43107.0
2025-07-19_07:40:40,,,,14156.0,16186.0,43107.0
2025-07-19_07:40:44,3375.0,12123.0,45960.0,12164.0,16186.0,43107.0
2025-07-19_07:40:44,9241.0,12123.0,45960.0,13772.0,16186.0,43107.0
2025-07-19_07:40:44,,,,,,
2025-07-19_07:40:48,6967.0,12123.0,45960.0,3792.0,16186.0,43107.0
2025-07-19_07:40:48,,,,14427.0,16186.0,43107.0
2025-07-19_07:40:52,2778.0,12123.0,45960.0,12190.0,16186.0,43107.0
2025-07-19_07:40:52,8656.0,12123.0,45960.0,14194.0,16186.0,43107.0
2025-07-19_07:40:53,8548.0,12123.0,45960.0,13841.0,16186.0,43107.0
2025-07-19_07:40:53,9308.0,12123.0,45960.0,14240.0,16186.0,43107.0
2025-07-19_07:40:53,8604.0,12123.0,45960.0,14236.0,16186.0,43107.0
2025-07-19_07:40:53,9564.0,12123.0,45960.0,13942.0,16186.0,43107.0
2025-07-19_07:40:53,,,,,,
2025-07-19_07:40:57,6966.0,12123.0,45960.0,3793.0,16186.0,43107.0
2025-07-19_07:40:58,10248.0,12123.0,45960.0,14500.0,16186.0,43107.0
2025-07-19_07:40:58,10054.0,12123.0,45966.0,14140.0,16186.0,43107.0
2025-07-19_07:40:58,9826.0,12123.0,45966.0,14025.0,16186.0,43107.0
2025-07-19_07:40:58,7973.0,12123.0,45966.0,13236.0,16186.0,43107.0
2025-07-19_07:40:58,9916.0,12123.0,45966.0,14269.0,16186.0,43107.0
2025-07-19_07:40:59,,,,13267.0,16186.0,43107.0
2025-07-19_07:41:02,2778.0,12123.0,45966.0,12185.0,16186.0,43107.0
2025-07-19_07:41:03,8086.0,12123.0,45966.0,13217.0,16186.0,43107.0
2025-07-19_07:41:03,9991.0,12123.0,45966.0,13895.0,16186.0,43107.0
2025-07-19_07:41:03,7968.0,12123.0,45966.0,13090.0,16186.0,43107.0
2025-07-19_07:41:03,,,,13797.0,16186.0,43107.0
2025-07-19_07:41:07,3375.0,12123.0,45966.0,12193.0,16186.0,43107.0
2025-07-19_07:41:07,8615.0,12123.0,45966.0,14368.0,16186.0,43107.0
2025-07-19_07:41:07,,,,14038.0,16186.0,43107.0
2025-07-19_07:41:11,3360.0,12123.0,45966.0,12199.0,16186.0,43107.0
2025-07-19_07:41:11,,,,,,
2025-07-19_07:41:15,6960.0,12123.0,45966.0,3793.0,16186.0,43107.0
2025-07-19_07:41:15,9822.0,12123.0,45966.0,14224.0,16186.0,43107.0
2025-07-19_07:41:16,8671.0,12123.0,45973.0,14243.0,16186.0,43107.0
2025-07-19_07:41:16,9680.0,12123.0,45973.0,13924.0,16186.0,43107.0
2025-07-19_07:41:16,10112.0,12123.0,45973.0,13901.0,16186.0,43107.0
2025-07-19_07:41:16,,,,13785.0,16186.0,43107.0
2025-07-19_07:41:20,3302.0,12123.0,45973.0,12192.0,16186.0,43107.0
2025-07-19_07:41:20,,,,14401.0,16186.0,43107.0
2025-07-19_07:41:24,3302.0,12123.0,45973.0,12183.0,16186.0,43107.0
2025-07-19_07:41:24,9593.0,12123.0,45973.0,13899.0,16186.0,43107.0
2025-07-19_07:41:24,,,,,,
2025-07-19_07:41:28,6969.0,12123.0,45973.0,3792.0,16186.0,43107.0
2025-07-19_07:41:28,,,,,,
2025-07-19_07:41:32,6963.0,12123.0,45973.0,3793.0,16186.0,43107.0
2025-07-19_07:41:32,,,,13805.0,16186.0,43107.0
2025-07-19_07:41:36,3302.0,12123.0,45973.0,12166.0,16186.0,43107.0
2025-07-19_07:41:36,8531.0,12123.0,45973.0,13940.0,16186.0,43107.0
2025-07-19_07:41:36,10147.0,12123.0,45973.0,14311.0,16186.0,43107.0
2025-07-19_07:41:37,9745.0,12123.0,45973.0,14057.0,16186.0,43107.0
2025-07-19_07:41:37,,,,13973.0,16186.0,43107.0
2025-07-19_07:41:40,3358.0,12123.0,45973.0,12182.0,16186.0,43107.0
2025-07-19_07:41:41,10069.0,12123.0,45973.0,14124.0,16186.0,43107.0
2025-07-19_07:41:41,8538.0,12123.0,45973.0,13729.0,16186.0,43107.0
2025-07-19_07:41:41,9978.0,12123.0,45973.0,14112.0,16186.0,43107.0
2025-07-19_07:41:41,,,,13932.0,16186.0,43107.0
2025-07-19_07:41:45,3375.0,12123.0,45973.0,12187.0,16186.0,43107.0
2025-07-19_07:41:45,8110.0,12123.0,45973.0,13255.0,16186.0,43107.0
2025-07-19_07:41:45,8683.0,12123.0,45973.0,14220.0,16186.0,43107.0
2025-07-19_07:41:46,,,,13748.0,16186.0,43107.0
2025-07-19_07:41:49,3302.0,12123.0,45973.0,12195.0,16186.0,43107.0
2025-07-19_07:41:50,10476.0,12123.0,45973.0,14444.0,16186.0,43107.0
2025-07-19_07:41:50,9210.0,12123.0,45973.0,13934.0,16186.0,43107.0
2025-07-19_07:41:50,,,,,,
2025-07-19_07:41:54,6970.0,12123.0,45973.0,3793.0,16186.0,43107.0
2025-07-19_07:41:54,8533.0,12123.0,45973.0,13041.0,16186.0,43107.0
2025-07-19_07:41:54,10029.0,12123.0,45973.0,14350.0,16186.0,43107.0
2025-07-19_07:41:54,10176.0,12123.0,45973.0,13865.0,16186.0,43107.0
2025-07-19_07:41:55,,,,,,
2025-07-19_07:41:59,6963.0,12123.0,45973.0,3793.0,16186.0,43107.0
2025-07-19_07:41:59,9969.0,12123.0,45973.0,13998.0,16186.0,43107.0
2025-07-19_07:41:59,,,,13253.0,16186.0,43107.0
2025-07-19_07:42:03,2778.0,12123.0,45973.0,12186.0,16186.0,43107.0
2025-07-19_07:42:03,8401.0,12123.0,45973.0,14217.0,16186.0,43107.0
2025-07-19_07:42:03,,,,,,
2025-07-19_07:42:07,6970.0,12123.0,45973.0,3793.0,16186.0,43107.0
2025-07-19_07:42:07,10292.0,12123.0,45973.0,14554.0,16186.0,43107.0
2025-07-19_07:42:07,10418.0,12123.0,45973.0,14712.0,16186.0,43107.0
2025-07-19_07:42:08,8612.0,12123.0,45973.0,14380.0,16186.0,43107.0
2025-07-19_07:42:08,9742.0,12123.0,45973.0,14342.0,16186.0,43107.0
2025-07-19_07:42:08,,,,13987.0,16186.0,43107.0
2025-07-19_07:42:12,3375.0,12123.0,45973.0,12190.0,16186.0,43107.0
2025-07-19_07:42:12,10210.0,12123.0,45973.0,14356.0,16186.0,43107.0
2025-07-19_07:42:12,,,,,,
2025-07-19_07:42:16,6964.0,12123.0,45973.0,3792.0,16186.0,43107.0
2025-07-19_07:42:16,,,,14261.0,16186.0,43107.0
2025-07-19_07:42:20,3375.0,12123.0,45973.0,12190.0,16186.0,43107.0
2025-07-19_07:42:20,8126.0,12123.0,45973.0,13270.0,16186.0,43107.0
2025-07-19_07:42:20,8100.0,12123.0,45973.0,13228.0,16186.0,43107.0
2025-07-19_07:42:21,9733.0,12123.0,45973.0,14068.0,16186.0,43107.0
2025-07-19_07:42:21,10164.0,12123.0,45973.0,13869.0,16186.0,43107.0
2025-07-19_07:42:21,,,,14705.0,16186.0,43107.0
2025-07-19_07:42:25,3358.0,12123.0,45973.0,12188.0,16186.0,43107.0
2025-07-19_07:42:25,10321.0,12123.0,45973.0,14216.0,16186.0,43107.0
2025-07-19_07:42:25,,,,14008.0,16186.0,43107.0
2025-07-19_07:42:29,3302.0,12123.0,45973.0,12187.0,16186.0,43107.0
2025-07-19_07:42:29,7988.0,12123.0,45973.0,13266.0,16186.0,43107.0
2025-07-19_07:42:29,10325.0,12123.0,45973.0,14370.0,16186.0,43107.0
2025-07-19_07:42:30,8695.0,12123.0,45973.0,14249.0,16186.0,43107.0
2025-07-19_07:42:30,,,,13246.0,16186.0,43107.0
2025-07-19_07:42:34,2778.0,12123.0,45973.0,12168.0,16186.0,43107.0
2025-07-19_07:42:34,,,,14088.0,16186.0,43107.0
2025-07-19_07:42:38,2778.0,12123.0,45973.0,12193.0,16186.0,43107.0
2025-07-19_07:42:38,10036.0,12123.0,45973.0,13812.0,16186.0,43107.0
2025-07-19_07:42:38,10065.0,12123.0,45973.0,14338.0,16186.0,43107.0
2025-07-19_07:42:38,8571.0,12123.0,45973.0,13751.0,16186.0,43107.0
2025-07-19_07:42:39,8535.0,12123.0,45973.0,13793.0,16186.0,43107.0
2025-07-19_07:42:39,8515.0,12123.0,45973.0,13259.0,16186.0,43107.0
2025-07-19_07:42:39,10179.0,12123.0,45973.0,14188.0,16186.0,43107.0
2025-07-19_07:42:39,8610.0,12123.0,45973.0,14270.0,16186.0,43107.0
2025-07-19_07:42:40,,,,14215.0,16186.0,43107.0
2025-07-19_07:42:43,3358.0,12123.0,45973.0,12171.0,16186.0,43107.0
2025-07-19_07:42:44,,,,13743.0,16186.0,43107.0
2025-07-19_07:42:47,3373.0,12123.0,45973.0,12157.0,16186.0,43107.0
2025-07-19_07:42:47,8545.0,12123.0,45973.0,13900.0,16186.0,43107.0
2025-07-19_07:42:48,10411.0,12123.0,45973.0,14840.0,16186.0,43107.0
2025-07-19_07:42:48,8628.0,12123.0,45973.0,14138.0,16186.0,43107.0
2025-07-19_07:42:48,,,,,,
2025-07-19_07:42:52,6963.0,12123.0,45973.0,3793.0,16186.0,43107.0
2025-07-19_07:42:52,,,,13770.0,16186.0,43107.0
2025-07-19_07:42:56,3319.0,12123.0,45973.0,12188.0,16186.0,43107.0
2025-07-19_07:42:56,9682.0,12123.0,45973.0,14107.0,16186.0,43107.0
2025-07-19_07:42:56,10072.0,12123.0,45973.0,13997.0,16186.0,43107.0
2025-07-19_07:42:56,9979.0,12123.0,45973.0,14348.0,16186.0,43107.0
2025-07-19_07:42:57,10210.0,12123.0,45973.0,13988.0,16186.0,43107.0
2025-07-19_07:42:58,2778.0,12123.0,45973.0,12189.0,16186.0,43107.0
2025-07-19_07:42:58,10029.0,12123.0,45974.0,14430.0,16186.0,43107.0
2025-07-19_07:42:58,,,,14059.0,16186.0,43107.0
2025-07-19_07:43:02,3358.0,12123.0,45974.0,12183.0,16186.0,43107.0
2025-07-19_07:43:02,,,,13793.0,16186.0,43107.0
2025-07-19_07:43:06,3302.0,12123.0,45974.0,12197.0,16186.0,43107.0
2025-07-19_07:43:06,10584.0,12123.0,45974.0,14799.0,16186.0,43107.0
2025-07-19_07:43:06,,,,14080.0,16186.0,43107.0
2025-07-19_07:43:10,2778.0,12123.0,45974.0,12190.0,16186.0,43107.0
2025-07-19_07:43:10,9820.0,12123.0,45974.0,14102.0,16186.0,43107.0
2025-07-19_07:43:10,8601.0,12123.0,45974.0,13932.0,16186.0,43107.0
2025-07-19_07:43:10,9972.0,12123.0,45974.0,14090.0,16186.0,43107.0
2025-07-19_07:43:11,8564.0,12123.0,45974.0,14102.0,16186.0,43107.0
2025-07-19_07:43:11,9700.0,12123.0,45974.0,13759.0,16186.0,43107.0
2025-07-19_07:43:11,10433.0,12123.0,45974.0,14808.0,16186.0,43107.0
2025-07-19_07:43:11,8639.0,12123.0,45974.0,14094.0,16186.0,43107.0
2025-07-19_07:43:12,,,,,,
2025-07-19_07:43:15,6968.0,12123.0,45974.0,3792.0,16186.0,43107.0
2025-07-19_07:43:16,9828.0,12123.0,45974.0,14202.0,16186.0,43107.0
2025-07-19_07:43:16,,,,13980.0,16186.0,43107.0
2025-07-19_07:43:20,3319.0,12123.0,45974.0,12191.0,16186.0,43107.0
2025-07-19_07:43:20,,,,13995.0,16186.0,43107.0
2025-07-19_07:43:23,3375.0,12123.0,45974.0,12185.0,16186.0,43107.0
2025-07-19_07:43:24,10060.0,12123.0,45974.0,14384.0,16186.0,43107.0
2025-07-19_07:43:24,9928.0,12123.0,45974.0,14099.0,16186.0,43107.0
2025-07-19_07:43:24,9712.0,12123.0,45974.0,14032.0,16186.0,43107.0
2025-07-19_07:43:24,,,,14050.0,16186.0,43107.0
2025-07-19_07:43:28,3358.0,12123.0,45974.0,12196.0,16186.0,43107.0
2025-07-19_07:43:28,,,,13967.0,16186.0,43107.0
2025-07-19_07:43:32,3358.0,12123.0,45974.0,12195.0,16186.0,43107.0
2025-07-19_07:43:32,10232.0,12123.0,45974.0,14087.0,16186.0,43107.0
2025-07-19_07:43:32,9858.0,12123.0,45974.0,13983.0,16186.0,43107.0
2025-07-19_07:43:33,,,,14037.0,16186.0,43107.0
2025-07-19_07:43:37,,,,,,
2025-07-19_07:43:40,6968.0,12123.0,45974.0,3792.0,16186.0,43107.0
2025-07-19_07:43:41,,,,13791.0,16186.0,43107.0
2025-07-19_07:43:44,3319.0,12123.0,45974.0,12160.0,16186.0,43107.0
2025-07-19_07:43:45,10164.0,12123.0,45974.0,14777.0,16186.0,43107.0
2025-07-19_07:43:45,8533.0,12123.0,45974.0,14043.0,16186.0,43107.0
2025-07-19_07:43:45,,,,13793.0,16186.0,43107.0
2025-07-19_07:43:49,3358.0,12123.0,45974.0,12193.0,16186.0,43107.0
2025-07-19_07:43:49,9741.0,12123.0,45974.0,14073.0,16186.0,43107.0
2025-07-19_07:43:49,,,,,,
2025-07-19_07:43:53,6964.0,12123.0,45974.0,3793.0,16186.0,43107.0
2025-07-19_07:43:53,,,,14029.0,16186.0,43107.0
2025-07-19_07:43:57,3319.0,12123.0,45974.0,12182.0,16186.0,43107.0
2025-07-19_07:43:57,9703.0,12123.0,45974.0,14300.0,16186.0,43107.0
2025-07-19_07:43:57,10156.0,12123.0,45974.0,14010.0,16186.0,43107.0
2025-07-19_07:43:58,10029.0,12123.0,45974.0,14223.0,16186.0,43107.0
2025-07-19_07:43:58,9921.0,12123.0,45974.0,14186.0,16186.0,43107.0
2025-07-19_07:43:58,10174.0,12123.0,45974.0,14202.0,16186.0,43107.0
2025-07-19_07:43:58,10527.0,12123.0,45974.0,14315.0,16186.0,43107.0
2025-07-19_07:43:59,2778.0,12123.0,45974.0,12195.0,16186.0,43107.0
2025-07-19_07:43:59,10438.0,12123.0,45974.0,14554.0,16186.0,43107.0
2025-07-19_07:44:00,10190.0,12123.0,45974.0,13835.0,16186.0,43107.0
2025-07-19_07:44:00,8540.0,12123.0,45974.0,13835.0,16186.0,43107.0
2025-07-19_07:44:00,,,,13774.0,16186.0,43107.0
2025-07-19_07:44:04,3375.0,12123.0,45974.0,12162.0,16186.0,43107.0
2025-07-19_07:44:04,9792.0,12123.0,45974.0,14262.0,16186.0,43107.0
2025-07-19_07:44:04,,,,14023.0,16186.0,43107.0
2025-07-19_07:44:08,3358.0,12123.0,45974.0,12185.0,16186.0,43107.0
2025-07-19_07:44:08,8627.0,12123.0,45974.0,14020.0,16186.0,43107.0
2025-07-19_07:44:08,10058.0,12123.0,45974.0,14325.0,16186.0,43107.0
2025-07-19_07:44:08,,,,,,
2025-07-19_07:44:12,6963.0,12123.0,45974.0,3792.0,16186.0,43107.0
2025-07-19_07:44:12,9210.0,12123.0,45974.0,14008.0,16186.0,43107.0
2025-07-19_07:44:13,8620.0,12123.0,45977.0,14205.0,16186.0,43107.0
2025-07-19_07:44:13,8602.0,12123.0,45977.0,13843.0,16186.0,43107.0
2025-07-19_07:44:13,9979.0,12123.0,45977.0,13817.0,16186.0,43110.0
2025-07-19_07:44:13,,,,13977.0,16186.0,43110.0
2025-07-19_07:44:17,,,,,,
2025-07-19_07:44:21,6955.0,12123.0,45977.0,3792.0,16186.0,43110.0
2025-07-19_07:44:21,9683.0,12123.0,45977.0,13978.0,16186.0,43110.0
2025-07-19_07:44:21,,,,14033.0,16186.0,43110.0
2025-07-19_07:44:25,3358.0,12123.0,45977.0,12196.0,16186.0,43110.0
2025-07-19_07:44:25,,,,13716.0,16186.0,43110.0
2025-07-19_07:44:29,3375.0,12123.0,45977.0,12190.0,16186.0,43110.0
2025-07-19_07:44:29,10070.0,12123.0,45977.0,14509.0,16186.0,43110.0
2025-07-19_07:44:29,8527.0,12123.0,45977.0,13806.0,16186.0,43110.0
2025-07-19_07:44:30,,,,13804.0,16186.0,43110.0
2025-07-19_07:44:33,3375.0,12123.0,45977.0,12185.0,16186.0,43110.0
2025-07-19_07:44:33,,,,,,
2025-07-19_07:44:37,6970.0,12123.0,45977.0,3793.0,16186.0,43110.0
2025-07-19_07:44:37,,,,13842.0,16186.0,43110.0
2025-07-19_07:44:41,3375.0,12123.0,45977.0,12183.0,16186.0,43110.0
2025-07-19_07:44:41,,,,13991.0,16186.0,43110.0
2025-07-19_07:44:45,3358.0,12123.0,45977.0,12167.0,16186.0,43110.0
2025-07-19_07:44:45,9047.0,12123.0,45977.0,14101.0,16186.0,43110.0
2025-07-19_07:44:45,,,,,,
2025-07-19_07:44:49,6965.0,12123.0,45977.0,3786.0,16186.0,43110.0
2025-07-19_07:44:49,9845.0,12123.0,45977.0,13981.0,16186.0,43110.0
2025-07-19_07:44:50,8544.0,12123.0,45977.0,13829.0,16186.0,43110.0
2025-07-19_07:44:50,9803.0,12123.0,45977.0,14232.0,16186.0,43110.0
2025-07-19_07:44:50,,,,13937.0,16186.0,43110.0
2025-07-19_07:44:54,3319.0,12123.0,45977.0,12184.0,16186.0,43110.0
2025-07-19_07:44:54,,,,14551.0,16186.0,43110.0
2025-07-19_07:44:58,3358.0,12123.0,45977.0,12197.0,16186.0,43110.0
2025-07-19_07:44:58,8616.0,12123.0,45977.0,14468.0,16186.0,43110.0
2025-07-19_07:44:58,,,,,,
2025-07-19_07:45:02,6957.0,12123.0,45977.0,3793.0,16186.0,43110.0
2025-07-19_07:45:02,,,,14227.0,16186.0,43110.0
2025-07-19_07:45:06,3375.0,12123.0,45977.0,12186.0,16186.0,43110.0
2025-07-19_07:45:06,9904.0,12123.0,45977.0,14165.0,16186.0,43110.0
2025-07-19_07:45:06,8576.0,12123.0,45980.0,14016.0,16186.0,43110.0
2025-07-19_07:45:07,10081.0,12123.0,45980.0,14297.0,16186.0,43110.0
2025-07-19_07:45:07,10579.0,12123.0,45983.0,15279.0,16186.0,43111.0
2025-07-19_07:45:07,,,,,,
2025-07-19_07:45:12,2778.0,12123.0,45983.0,3776.0,16186.0,43111.0
2025-07-19_07:45:12,10089.0,12123.0,45983.0,14043.0,16186.0,43111.0
2025-07-19_07:45:12,,,,14115.0,16186.0,43111.0
2025-07-19_07:45:16,3319.0,12123.0,45983.0,12185.0,16186.0,43111.0
2025-07-19_07:45:16,8608.0,12123.0,45983.0,14137.0,16186.0,43111.0
2025-07-19_07:45:16,10232.0,12123.0,45983.0,14325.0,16186.0,43111.0
2025-07-19_07:45:16,,,,,,
2025-07-19_07:45:21,2778.0,12123.0,45983.0,3776.0,16186.0,43111.0
2025-07-19_07:45:21,,,,,,
2025-07-19_07:45:25,6968.0,12123.0,45983.0,3786.0,16186.0,43111.0
2025-07-19_07:45:25,10109.0,12123.0,45983.0,14013.0,16186.0,43111.0
2025-07-19_07:45:25,,,,,,
2025-07-19_07:45:29,6958.0,12123.0,45983.0,3793.0,16186.0,43111.0
2025-07-19_07:45:29,9464.0,12123.0,45983.0,14273.0,16186.0,43111.0
2025-07-19_07:45:30,,,,,,
2025-07-19_07:45:34,2778.0,12123.0,45983.0,3776.0,16186.0,43111.0
2025-07-19_07:45:34,8607.0,12123.0,45983.0,14053.0,16186.0,43111.0
2025-07-19_07:45:34,10086.0,12123.0,45983.0,14310.0,16186.0,43111.0
2025-07-19_07:45:35,10442.0,12123.0,45987.0,14382.0,16186.0,43111.0
2025-07-19_07:45:35,9191.0,12123.0,45987.0,13552.0,16186.0,43111.0
2025-07-19_07:45:35,,,,,,
2025-07-19_07:45:39,6965.0,12123.0,45987.0,3792.0,16186.0,43111.0
2025-07-19_07:45:39,9724.0,12123.0,45987.0,13937.0,16186.0,43111.0
2025-07-19_07:45:39,10086.0,12123.0,45987.0,14319.0,16186.0,43111.0
2025-07-19_07:45:39,,,,,,
2025-07-19_07:45:43,6967.0,12123.0,45987.0,3793.0,16186.0,43111.0
2025-07-19_07:45:44,9893.0,12123.0,45987.0,14068.0,16186.0,43111.0
2025-07-19_07:45:44,,,,,,
2025-07-19_07:45:48,6963.0,12123.0,45987.0,3786.0,16186.0,43111.0
2025-07-19_07:45:48,9852.0,12123.0,45987.0,14114.0,16186.0,43111.0
2025-07-19_07:45:48,9264.0,12123.0,45987.0,14179.0,16186.0,43111.0
2025-07-19_07:45:48,10120.0,12123.0,45987.0,14015.0,16186.0,43111.0
2025-07-19_07:45:48,,,,13782.0,16186.0,43111.0
2025-07-19_07:45:52,3375.0,12123.0,45987.0,12197.0,16186.0,43111.0
2025-07-19_07:45:52,,,,14356.0,16186.0,43111.0
2025-07-19_07:45:56,2778.0,12123.0,45987.0,12161.0,16186.0,43111.0
2025-07-19_07:45:56,10363.0,12123.0,45987.0,14668.0,16186.0,43111.0
2025-07-19_07:45:57,9900.0,12123.0,45987.0,14078.0,16186.0,43111.0
2025-07-19_07:45:57,,,,13794.0,16186.0,43111.0
2025-07-19_07:46:01,3319.0,12123.0,45987.0,12185.0,16186.0,43111.0
2025-07-19_07:46:01,10779.0,12123.0,45987.0,15011.0,16186.0,43111.0
2025-07-19_07:46:01,9919.0,12123.0,45987.0,13978.0,16186.0,43111.0
2025-07-19_07:46:01,8534.0,12123.0,45987.0,13947.0,16186.0,43111.0
2025-07-19_07:46:01,9676.0,12123.0,45987.0,14171.0,16186.0,43111.0
2025-07-19_07:46:02,8597.0,12123.0,45987.0,14207.0,16186.0,43111.0
2025-07-19_07:46:02,,,,,,
2025-07-19_07:46:06,6964.0,12123.0,45987.0,3792.0,16186.0,43111.0
2025-07-19_07:46:06,10076.0,12123.0,45987.0,13980.0,16186.0,43111.0
2025-07-19_07:46:06,,,,14789.0,16186.0,43111.0
2025-07-19_07:46:10,3358.0,12123.0,45987.0,12195.0,16186.0,43111.0
2025-07-19_07:46:10,10595.0,12123.0,45987.0,14516.0,16186.0,43112.0
2025-07-19_07:46:10,10001.0,12123.0,45991.0,14279.0,16186.0,43112.0
2025-07-19_07:46:10,,,,,,
2025-07-19_07:46:14,6967.0,12123.0,45991.0,3793.0,16186.0,43112.0
2025-07-19_07:46:14,10688.0,12123.0,45999.0,14456.0,16186.0,43112.0
2025-07-19_07:46:15,,,,,,
2025-07-19_07:46:19,6968.0,12123.0,45999.0,3794.0,16186.0,43112.0
2025-07-19_07:46:19,8670.0,12123.0,45999.0,14403.0,16186.0,43112.0
2025-07-19_07:46:19,8102.0,12123.0,45999.0,12913.0,16186.0,43112.0
2025-07-19_07:46:19,10530.0,12123.0,45999.0,14667.0,16186.0,43112.0
2025-07-19_07:46:19,10077.0,12123.0,45999.0,14031.0,16186.0,43112.0
2025-07-19_07:46:20,10092.0,12123.0,45999.0,14353.0,16186.0,43112.0
2025-07-19_07:46:20,8604.0,12123.0,45999.0,13817.0,16186.0,43112.0
2025-07-19_07:46:21,2778.0,12123.0,45999.0,12185.0,16186.0,43112.0
2025-07-19_07:46:21,,,,14672.0,16186.0,43112.0
2025-07-19_07:46:25,3358.0,12123.0,45999.0,12191.0,16186.0,43112.0
2025-07-19_07:46:25,10193.0,12123.0,45999.0,14349.0,16186.0,43112.0
2025-07-19_07:46:25,10122.0,12123.0,45999.0,14170.0,16186.0,43148.0
2025-07-19_07:46:25,9188.0,12123.0,45999.0,13790.0,16186.0,43148.0
2025-07-19_07:46:26,9823.0,12123.0,45999.0,14037.0,16186.0,43148.0
2025-07-19_07:46:26,8547.0,12123.0,45999.0,14051.0,16186.0,43151.0
2025-07-19_07:46:26,10114.0,12123.0,45999.0,14131.0,16186.0,43151.0
2025-07-19_07:46:26,8641.0,12123.0,45999.0,14402.0,16186.0,43151.0
2025-07-19_07:46:26,10063.0,12123.0,45999.0,14044.0,16186.0,43151.0
2025-07-19_07:46:27,8535.0,12123.0,45999.0,13227.0,16186.0,43151.0
2025-07-19_07:46:27,,,,13763.0,16186.0,43151.0
2025-07-19_07:46:31,3375.0,12123.0,45999.0,12150.0,16186.0,43151.0
2025-07-19_07:46:31,8656.0,12123.0,45999.0,14300.0,16186.0,43151.0
2025-07-19_07:46:31,,,,,,
2025-07-19_07:46:35,6966.0,12123.0,45999.0,3792.0,16186.0,43151.0
2025-07-19_07:46:35,,,,,,
2025-07-19_07:46:39,6960.0,12123.0,45999.0,3792.0,16186.0,43151.0
2025-07-19_07:46:39,,,,14087.0,16186.0,43151.0
2025-07-19_07:46:43,3319.0,12123.0,45999.0,12169.0,16186.0,43151.0
2025-07-19_07:46:43,,,,14219.0,16186.0,43151.0
2025-07-19_07:46:47,3375.0,12123.0,45999.0,12189.0,16186.0,43151.0
2025-07-19_07:46:47,9495.0,12123.0,45999.0,14214.0,16186.0,43151.0
2025-07-19_07:46:47,,,,13942.0,16186.0,43151.0
2025-07-19_07:46:51,3319.0,12123.0,45999.0,12192.0,16186.0,43151.0
2025-07-19_07:46:51,,,,,,
2025-07-19_07:46:55,6965.0,12123.0,45999.0,3792.0,16186.0,43151.0
2025-07-19_07:46:55,10408.0,12123.0,45999.0,14416.0,16186.0,43151.0
2025-07-19_07:46:55,,,,14134.0,16186.0,43151.0
2025-07-19_07:46:59,3302.0,12123.0,45999.0,12186.0,16186.0,43151.0
2025-07-19_07:46:59,10557.0,12123.0,45999.0,14430.0,16186.0,43151.0
2025-07-19_07:46:59,10084.0,12123.0,45999.0,14308.0,16186.0,43151.0
2025-07-19_07:47:00,10063.0,12123.0,45999.0,14487.0,16186.0,43151.0
2025-07-19_07:47:00,10150.0,12123.0,45999.0,14179.0,16186.0,43151.0
2025-07-19_07:47:00,,,,13964.0,16186.0,43151.0
2025-07-19_07:47:04,3319.0,12123.0,45999.0,12185.0,16186.0,43151.0
2025-07-19_07:47:04,,,,,,
2025-07-19_07:47:09,2778.0,12123.0,45999.0,3776.0,16186.0,43151.0
2025-07-19_07:47:09,9473.0,12123.0,45999.0,14023.0,16186.0,43151.0
2025-07-19_07:47:09,9875.0,12123.0,45999.0,13981.0,16186.0,43151.0
2025-07-19_07:47:09,,,,14735.0,16186.0,43151.0
2025-07-19_07:47:13,3375.0,12123.0,45999.0,12188.0,16186.0,43151.0
2025-07-19_07:47:13,8618.0,12123.0,45999.0,14216.0,16186.0,43151.0
2025-07-19_07:47:13,,,,14488.0,16186.0,43151.0
2025-07-19_07:47:17,2778.0,12123.0,45999.0,12189.0,16186.0,43151.0
2025-07-19_07:47:17,,,,,,
2025-07-19_07:47:21,6956.0,12123.0,45999.0,3793.0,16186.0,43151.0
2025-07-19_07:47:21,9974.0,12123.0,45999.0,13908.0,16186.0,43151.0
2025-07-19_07:47:22,10323.0,12123.0,45999.0,14638.0,16186.0,43151.0
2025-07-19_07:47:22,9826.0,12123.0,45999.0,14141.0,16186.0,43151.0
2025-07-19_07:47:22,10067.0,12123.0,45999.0,13787.0,16186.0,43151.0
2025-07-19_07:47:22,,,,13821.0,16186.0,43151.0
2025-07-19_07:47:26,2778.0,12123.0,45999.0,12184.0,16186.0,43151.0
2025-07-19_07:47:26,9873.0,12123.0,45999.0,14104.0,16186.0,43151.0
2025-07-19_07:47:27,10137.0,12123.0,45999.0,14043.0,16186.0,43151.0
2025-07-19_07:47:27,,,,13797.0,16186.0,43151.0
2025-07-19_07:47:30,3375.0,12123.0,45999.0,12172.0,16186.0,43151.0
2025-07-19_07:47:31,9666.0,12123.0,45999.0,13975.0,16186.0,43151.0
2025-07-19_07:47:31,,,,13788.0,16186.0,43151.0
2025-07-19_07:47:35,3375.0,12123.0,45999.0,12195.0,16186.0,43151.0
2025-07-19_07:47:35,10077.0,12123.0,45999.0,14016.0,16186.0,43151.0
2025-07-19_07:47:35,,,,13787.0,16186.0,43151.0
2025-07-19_07:47:39,3302.0,12123.0,45999.0,12183.0,16186.0,43151.0
2025-07-19_07:47:39,,,,14070.0,16186.0,43151.0
2025-07-19_07:47:43,2778.0,12123.0,45999.0,12188.0,16186.0,43151.0
2025-07-19_07:47:43,,,,,,
2025-07-19_07:47:47,6963.0,12123.0,45999.0,3793.0,16186.0,43151.0
2025-07-19_07:47:47,9744.0,12123.0,45999.0,14401.0,16186.0,43151.0
2025-07-19_07:47:47,10403.0,12123.0,45999.0,14379.0,16186.0,43151.0
2025-07-19_07:47:47,,,,13797.0,16186.0,43151.0
2025-07-19_07:47:51,3319.0,12123.0,45999.0,12194.0,16186.0,43151.0
2025-07-19_07:47:51,9669.0,12123.0,46004.0,14162.0,16186.0,43151.0
2025-07-19_07:47:52,9466.0,12123.0,46004.0,13936.0,16186.0,43151.0
2025-07-19_07:47:52,,,,13754.0,16186.0,43151.0
2025-07-19_07:47:55,3302.0,12123.0,46004.0,12183.0,16186.0,43151.0
2025-07-19_07:47:56,8540.0,12123.0,46004.0,13794.0,16186.0,43151.0
2025-07-19_07:47:56,9961.0,12123.0,46004.0,14076.0,16186.0,43151.0
2025-07-19_07:47:57,2780.0,12123.0,46004.0,12147.0,16186.0,43151.0
2025-07-19_07:47:57,,,,,,
2025-07-19_07:48:01,6965.0,12123.0,46004.0,3793.0,16186.0,43151.0
2025-07-19_07:48:01,,,,,,
2025-07-19_07:48:05,6966.0,12123.0,46004.0,3793.0,16186.0,43151.0
2025-07-19_07:48:05,,,,14137.0,16186.0,43151.0
2025-07-19_07:48:09,3319.0,12123.0,46004.0,12160.0,16186.0,43151.0
2025-07-19_07:48:09,10015.0,12123.0,46004.0,14090.0,16186.0,43151.0
2025-07-19_07:48:09,9953.0,12123.0,46004.0,14271.0,16186.0,43151.0
2025-07-19_07:48:09,10300.0,12123.0,46004.0,14405.0,16186.0,43151.0
2025-07-19_07:48:10,9574.0,12123.0,46004.0,14208.0,16186.0,43151.0
2025-07-19_07:48:10,,,,14200.0,16186.0,43152.0
2025-07-19_07:48:13,3375.0,12123.0,46004.0,12169.0,16186.0,43152.0
2025-07-19_07:48:14,,,,14163.0,16186.0,43152.0
2025-07-19_07:48:17,3375.0,12123.0,46004.0,12160.0,16186.0,43152.0
2025-07-19_07:48:18,,,,13791.0,16186.0,43152.0
2025-07-19_07:48:21,3319.0,12123.0,46004.0,12141.0,16186.0,43152.0
2025-07-19_07:48:21,10299.0,12123.0,46004.0,14699.0,16186.0,43152.0
2025-07-19_07:48:22,,,,,,
2025-07-19_07:48:25,6965.0,12123.0,46004.0,3792.0,16186.0,43152.0
2025-07-19_07:48:26,,,,14056.0,16186.0,43152.0
2025-07-19_07:48:29,2778.0,12123.0,46004.0,12186.0,16186.0,43152.0
2025-07-19_07:48:30,10113.0,12123.0,46004.0,14045.0,16186.0,43152.0
2025-07-19_07:48:30,10191.0,12123.0,46004.0,14259.0,16186.0,43152.0
2025-07-19_07:48:30,,,,,,
2025-07-19_07:48:35,2778.0,12123.0,46004.0,3778.0,16186.0,43152.0
2025-07-19_07:48:35,9665.0,12123.0,46004.0,14168.0,16186.0,43170.0
2025-07-19_07:48:35,10131.0,12123.0,46017.0,14109.0,16186.0,43170.0
2025-07-19_07:48:35,9987.0,12123.0,46017.0,13979.0,16186.0,43170.0
2025-07-19_07:48:35,,,,13985.0,16186.0,43170.0
2025-07-19_07:48:39,2778.0,12123.0,46017.0,12156.0,16186.0,43170.0
2025-07-19_07:48:39,9689.0,12123.0,46017.0,14197.0,16186.0,43170.0
2025-07-19_07:48:40,9685.0,12123.0,46017.0,13969.0,16186.0,43170.0
2025-07-19_07:48:40,,,,13988.0,16186.0,43170.0
2025-07-19_07:48:44,3375.0,12123.0,46017.0,12188.0,16186.0,43170.0
2025-07-19_07:48:44,10393.0,12123.0,46017.0,14780.0,16186.0,43170.0
2025-07-19_07:48:44,8788.0,12123.0,46018.0,14100.0,16186.0,43170.0
2025-07-19_07:48:44,8625.0,12123.0,46018.0,14205.0,16186.0,43170.0
2025-07-19_07:48:44,,,,,,
2025-07-19_07:48:48,6961.0,12123.0,46018.0,3792.0,16186.0,43170.0
2025-07-19_07:48:49,9404.0,12123.0,46018.0,14379.0,16186.0,43170.0
2025-07-19_07:48:49,,,,14299.0,16186.0,43170.0
2025-07-19_07:48:52,3375.0,12123.0,46018.0,12165.0,16186.0,43170.0
2025-07-19_07:48:53,10626.0,12123.0,46018.0,14689.0,16186.0,43170.0
2025-07-19_07:48:53,10559.0,12123.0,46018.0,14705.0,16186.0,43170.0
2025-07-19_07:48:53,9940.0,12123.0,46019.0,14348.0,16186.0,43170.0
2025-07-19_07:48:53,9985.0,12123.0,46019.0,13995.0,16186.0,43170.0
2025-07-19_07:48:54,,,,14056.0,16186.0,43170.0
2025-07-19_07:48:57,3375.0,12123.0,46019.0,12173.0,16186.0,43170.0
2025-07-19_07:48:57,10018.0,12123.0,46019.0,13994.0,16186.0,43170.0
2025-07-19_07:48:58,10289.0,12123.0,46019.0,14388.0,16186.0,43170.0
2025-07-19_07:48:58,9542.0,12123.0,46019.0,14217.0,16186.0,43170.0
2025-07-19_07:48:58,9990.0,12123.0,46019.0,14145.0,16186.0,43170.0
2025-07-19_07:48:58,,,,13782.0,16186.0,43170.0
2025-07-19_07:49:02,3375.0,12123.0,46019.0,12185.0,16186.0,43170.0
2025-07-19_07:49:02,10229.0,12123.0,46019.0,14366.0,16186.0,43170.0
2025-07-19_07:49:02,10228.0,12123.0,46019.0,14510.0,16186.0,43170.0
2025-07-19_07:49:03,,,,13788.0,16186.0,43170.0
2025-07-19_07:49:06,3319.0,12123.0,46019.0,12189.0,16186.0,43170.0
2025-07-19_07:49:07,9946.0,12123.0,46019.0,13862.0,16186.0,43170.0
2025-07-19_07:49:07,10181.0,12123.0,46019.0,14082.0,16186.0,43171.0
2025-07-19_07:49:07,10085.0,12123.0,46019.0,14520.0,16186.0,43171.0
2025-07-19_07:49:07,,,,13787.0,16186.0,43171.0
2025-07-19_07:49:11,3302.0,12123.0,46019.0,12200.0,16186.0,43171.0
2025-07-19_07:49:11,,,,,,
2025-07-19_07:49:15,6953.0,12123.0,46019.0,3792.0,16186.0,43171.0
2025-07-19_07:49:15,10084.0,12123.0,46019.0,14538.0,16186.0,43171.0
2025-07-19_07:49:15,8600.0,12123.0,46019.0,14218.0,16186.0,43171.0
2025-07-19_07:49:16,8582.0,12123.0,46019.0,14147.0,16186.0,43171.0
2025-07-19_07:49:16,10069.0,12123.0,46019.0,14500.0,16186.0,43171.0
2025-07-19_07:49:16,9674.0,12123.0,46019.0,14009.0,16186.0,43171.0
2025-07-19_07:49:16,10236.0,12123.0,46019.0,14373.0,16186.0,43171.0
2025-07-19_07:49:17,9319.0,12123.0,46019.0,14104.0,16186.0,43171.0
2025-07-19_07:49:17,,,,,,
2025-07-19_07:49:21,6966.0,12123.0,46019.0,3793.0,16186.0,43171.0
2025-07-19_07:49:21,2778.0,12123.0,46019.0,12184.0,16186.0,43171.0
2025-07-19_07:49:22,,,,,,
2025-07-19_07:49:26,6968.0,12123.0,46019.0,3792.0,16186.0,43171.0
2025-07-19_07:49:26,10060.0,12123.0,46019.0,14532.0,16186.0,43171.0
2025-07-19_07:49:26,,,,14044.0,16186.0,43171.0
2025-07-19_07:49:30,3375.0,12123.0,46019.0,12193.0,16186.0,43171.0
2025-07-19_07:49:30,,,,13959.0,16186.0,43171.0
2025-07-19_07:49:34,3375.0,12123.0,46019.0,12198.0,16186.0,43171.0
2025-07-19_07:49:34,10034.0,12123.0,46044.0,14349.0,16186.0,43171.0
2025-07-19_07:49:34,10079.0,12123.0,46044.0,14293.0,16186.0,43171.0
2025-07-19_07:49:34,9827.0,12123.0,46044.0,14348.0,16186.0,43171.0
2025-07-19_07:49:34,9987.0,12123.0,46044.0,13909.0,16186.0,43171.0
2025-07-19_07:49:35,10430.0,12123.0,46044.0,13908.0,16186.0,43171.0
2025-07-19_07:49:35,9981.0,12123.0,46044.0,14116.0,16186.0,43171.0
2025-07-19_07:49:35,,,,13846.0,16186.0,43171.0
2025-07-19_07:49:39,3375.0,12123.0,46044.0,12150.0,16186.0,43171.0
2025-07-19_07:49:39,9859.0,12123.0,46044.0,14160.0,16186.0,43171.0
2025-07-19_07:49:39,10003.0,12123.0,46044.0,14084.0,16186.0,43171.0
2025-07-19_07:49:39,9961.0,12123.0,46044.0,14132.0,16186.0,43171.0
2025-07-19_07:49:40,8655.0,12123.0,46044.0,14368.0,16186.0,43171.0
2025-07-19_07:49:40,,,,13876.0,16186.0,43171.0
2025-07-19_07:49:44,3360.0,12123.0,46044.0,12181.0,16186.0,43171.0
2025-07-19_07:49:44,9690.0,12123.0,46044.0,13792.0,16186.0,43171.0
2025-07-19_07:49:44,9123.0,12123.0,46044.0,13989.0,16186.0,43171.0
2025-07-19_07:49:44,9861.0,12123.0,46045.0,13915.0,16186.0,43173.0
2025-07-19_07:49:44,8934.0,12123.0,46045.0,14142.0,16186.0,43173.0
2025-07-19_07:49:45,,,,14116.0,16186.0,43173.0
2025-07-19_07:49:48,3319.0,12123.0,46045.0,12185.0,16186.0,43173.0
2025-07-19_07:49:49,,,,14035.0,16186.0,43173.0
2025-07-19_07:49:52,3375.0,12123.0,46045.0,12165.0,16186.0,43173.0
2025-07-19_07:49:53,10088.0,12123.0,46045.0,14554.0,16186.0,43173.0
2025-07-19_07:49:53,10156.0,12123.0,46045.0,14210.0,16186.0,43173.0
2025-07-19_07:49:53,8615.0,12123.0,46045.0,14032.0,16186.0,43173.0
2025-07-19_07:49:53,9841.0,12123.0,46045.0,13981.0,16186.0,43173.0
2025-07-19_07:49:54,,,,13799.0,16186.0,43173.0
2025-07-19_07:49:57,3302.0,12123.0,46045.0,12184.0,16186.0,43173.0
2025-07-19_07:49:57,,,,,,
2025-07-19_07:50:01,6962.0,12123.0,46045.0,3793.0,16186.0,43173.0
2025-07-19_07:50:01,8527.0,12123.0,46045.0,13673.0,16186.0,43173.0
2025-07-19_07:50:02,10254.0,12123.0,46045.0,14390.0,16186.0,43173.0
2025-07-19_07:50:02,9673.0,12123.0,46045.0,13976.0,16186.0,43173.0
2025-07-19_07:50:02,,,,14116.0,16186.0,43173.0
2025-07-19_07:50:06,3319.0,12123.0,46045.0,12190.0,16186.0,43173.0
2025-07-19_07:50:06,10306.0,12123.0,46045.0,14121.0,16186.0,43173.0
2025-07-19_07:50:06,,,,13790.0,16186.0,43173.0
2025-07-19_07:50:10,3375.0,12123.0,46045.0,12184.0,16186.0,43173.0
2025-07-19_07:50:10,,,,,,
2025-07-19_07:50:14,6970.0,12123.0,46045.0,3792.0,16186.0,43173.0
2025-07-19_07:50:14,10036.0,12123.0,46045.0,13774.0,16186.0,43173.0
2025-07-19_07:50:14,10166.0,12123.0,46045.0,14176.0,16186.0,43173.0
2025-07-19_07:50:15,,,,,,
2025-07-19_07:50:19,3356.0,12123.0,46045.0,4595.0,16186.0,43173.0
2025-07-19_07:50:19,,,,,,
2025-07-19_07:50:23,6969.0,12123.0,46045.0,3793.0,16186.0,43173.0
2025-07-19_07:50:23,,,,14248.0,16186.0,43173.0
2025-07-19_07:50:27,3358.0,12123.0,46045.0,12183.0,16186.0,43173.0
2025-07-19_07:50:27,,,,13614.0,16186.0,43173.0
2025-07-19_07:50:31,3319.0,12123.0,46045.0,12182.0,16186.0,43173.0
2025-07-19_07:50:31,8685.0,12123.0,46045.0,14097.0,16186.0,43173.0
2025-07-19_07:50:31,10121.0,12123.0,46045.0,13833.0,16186.0,43173.0
2025-07-19_07:50:31,9991.0,12123.0,46045.0,13979.0,16186.0,43173.0
2025-07-19_07:50:32,,,,,,
2025-07-19_07:50:36,6968.0,12123.0,46045.0,3792.0,16186.0,43173.0
2025-07-19_07:50:36,8101.0,12123.0,46045.0,13047.0,16186.0,43173.0
2025-07-19_07:50:36,10166.0,12123.0,46045.0,14148.0,16186.0,43173.0
2025-07-19_07:50:36,10382.0,12123.0,46045.0,14209.0,16186.0,43173.0
2025-07-19_07:50:36,,,,,,
2025-07-19_07:50:40,6962.0,12123.0,46045.0,3786.0,16186.0,43173.0
2025-07-19_07:50:40,,,,,,
2025-07-19_07:50:44,6962.0,12123.0,46045.0,3787.0,16186.0,43173.0
2025-07-19_07:50:45,,,,,,
2025-07-19_07:50:48,6958.0,12123.0,46045.0,3793.0,16186.0,43173.0
2025-07-19_07:50:49,9995.0,12123.0,46045.0,14311.0,16186.0,43173.0
2025-07-19_07:50:49,8534.0,12123.0,46045.0,13779.0,16186.0,43173.0
2025-07-19_07:50:49,,,,,,
2025-07-19_07:50:53,6965.0,12123.0,46045.0,3795.0,16186.0,43173.0
2025-07-19_07:50:53,10248.0,12123.0,46045.0,14019.0,16186.0,43173.0
2025-07-19_07:50:53,10092.0,12123.0,46045.0,14356.0,16186.0,43173.0
2025-07-19_07:50:54,10913.0,12123.0,46045.0,15129.0,16186.0,43175.0
2025-07-19_07:50:54,10223.0,12123.0,46045.0,14313.0,16186.0,43175.0
2025-07-19_07:50:54,10263.0,12123.0,46045.0,14369.0,16186.0,43175.0
2025-07-19_07:50:54,9985.0,12123.0,46047.0,13896.0,16186.0,43175.0
2025-07-19_07:50:54,9670.0,12123.0,46047.0,13988.0,16186.0,43175.0
2025-07-19_07:50:55,,,,13601.0,16186.0,43175.0
2025-07-19_07:50:58,3358.0,12123.0,46047.0,12198.0,16186.0,43175.0
2025-07-19_07:50:58,8538.0,12123.0,46047.0,13810.0,16186.0,43175.0
2025-07-19_07:50:59,10151.0,12123.0,46047.0,14183.0,16186.0,43175.0
2025-07-19_07:50:59,10235.0,12123.0,46047.0,14655.0,16186.0,43175.0
2025-07-19_07:50:59,,,,,,
2025-07-19_07:51:03,6966.0,12123.0,46047.0,3792.0,16186.0,43175.0
2025-07-19_07:51:03,9528.0,12125.0,46049.0,14131.0,16186.0,43175.0
2025-07-19_07:51:03,10013.0,12125.0,46076.0,14009.0,16189.0,43178.0
2025-07-19_07:51:04,9723.0,12125.0,46076.0,13820.0,16189.0,43178.0
2025-07-19_07:51:04,8651.0,12125.0,46076.0,14306.0,16189.0,43178.0
2025-07-19_07:51:04,,,,13922.0,16189.0,43178.0
2025-07-19_07:51:08,3319.0,12125.0,46076.0,12184.0,16189.0,43178.0
2025-07-19_07:51:08,,,,13603.0,16189.0,43178.0
2025-07-19_07:51:12,3317.0,12125.0,46076.0,12173.0,16189.0,43178.0
2025-07-19_07:51:12,8625.0,12125.0,46076.0,14081.0,16189.0,43178.0
2025-07-19_07:51:12,,,,,,
2025-07-19_07:51:16,6968.0,12125.0,46076.0,3793.0,16189.0,43178.0
2025-07-19_07:51:16,9599.0,12125.0,46076.0,14199.0,16189.0,43178.0
2025-07-19_07:51:16,,,,,,
2025-07-19_07:51:20,6967.0,12125.0,46076.0,3793.0,16189.0,43178.0
2025-07-19_07:51:20,8658.0,12125.0,46076.0,13937.0,16189.0,43178.0
2025-07-19_07:51:21,8133.0,12125.0,46076.0,12803.0,16189.0,43178.0
2025-07-19_07:51:21,8946.0,12125.0,46076.0,14034.0,16189.0,43178.0
2025-07-19_07:51:21,10086.0,12125.0,46076.0,14491.0,16189.0,43178.0
2025-07-19_07:51:21,8536.0,12125.0,46076.0,13804.0,16189.0,43178.0
2025-07-19_07:51:21,10208.0,12125.0,46076.0,14088.0,16189.0,43178.0
2025-07-19_07:51:22,10511.0,12125.0,46076.0,14816.0,16189.0,43178.0
2025-07-19_07:51:22,9304.0,12125.0,46076.0,13815.0,16189.0,43178.0
2025-07-19_07:51:22,9770.0,12125.0,46077.0,14215.0,16189.0,43178.0
2025-07-19_07:51:22,9879.0,12125.0,46077.0,14147.0,16189.0,43178.0
2025-07-19_07:51:23,8090.0,12125.0,46077.0,13052.0,16189.0,43178.0
2025-07-19_07:51:23,9941.0,12125.0,46077.0,13737.0,16189.0,43178.0
2025-07-19_07:51:23,10176.0,12125.0,46077.0,14487.0,16189.0,43178.0
2025-07-19_07:51:23,,,,14011.0,16189.0,43178.0
2025-07-19_07:51:27,2778.0,12125.0,46077.0,12194.0,16189.0,43178.0
2025-07-19_07:51:27,9904.0,12125.0,46077.0,14140.0,16189.0,43178.0
2025-07-19_07:51:28,10111.0,12125.0,46077.0,13895.0,16189.0,43178.0
2025-07-19_07:51:28,10463.0,12125.0,46083.0,14685.0,16189.0,43178.0
2025-07-19_07:51:28,8692.0,12125.0,46083.0,14520.0,16189.0,43178.0
2025-07-19_07:51:28,10151.0,12125.0,46083.0,14137.0,16189.0,43178.0
2025-07-19_07:51:29,10079.0,12125.0,46083.0,14598.0,16189.0,43178.0
2025-07-19_07:51:29,10244.0,12125.0,46083.0,14306.0,16189.0,43178.0
2025-07-19_07:51:29,9835.0,12125.0,46083.0,14391.0,16189.0,43178.0
2025-07-19_07:51:29,9721.0,12125.0,46083.0,14086.0,16189.0,43178.0
2025-07-19_07:51:29,,,,13985.0,16189.0,43178.0
2025-07-19_07:51:33,,,,,,
2025-07-19_07:51:37,6967.0,12125.0,46083.0,3793.0,16189.0,43178.0
2025-07-19_07:51:37,10459.0,12125.0,46083.0,14593.0,16189.0,43178.0
2025-07-19_07:51:37,,,,,,
2025-07-19_07:51:41,6967.0,12125.0,46083.0,3793.0,16189.0,43178.0
2025-07-19_07:51:41,,,,13795.0,16189.0,43178.0
2025-07-19_07:51:45,3319.0,12125.0,46083.0,12145.0,16189.0,43178.0
2025-07-19_07:51:45,9881.0,12125.0,46083.0,14019.0,16189.0,43178.0
2025-07-19_07:51:46,,,,13964.0,16189.0,43178.0
2025-07-19_07:51:49,3375.0,12125.0,46083.0,12190.0,16189.0,43178.0
2025-07-19_07:51:50,,,,,,
2025-07-19_07:51:53,6969.0,12125.0,46083.0,3792.0,16189.0,43178.0
2025-07-19_07:51:54,9818.0,12125.0,46083.0,14134.0,16189.0,43178.0
2025-07-19_07:51:54,,,,12751.0,16189.0,43178.0
2025-07-19_07:51:58,2778.0,12125.0,46083.0,12190.0,16189.0,43178.0
2025-07-19_07:51:58,9675.0,12125.0,46083.0,13986.0,16189.0,43178.0
2025-07-19_07:51:58,10072.0,12125.0,46083.0,14497.0,16189.0,43178.0
2025-07-19_07:51:58,8648.0,12125.0,46083.0,14080.0,16189.0,43178.0
2025-07-19_07:51:58,,,,14595.0,16189.0,43178.0
2025-07-19_07:52:02,3358.0,12125.0,46083.0,12185.0,16189.0,43178.0
2025-07-19_07:52:02,9896.0,12125.0,46083.0,13936.0,16189.0,43178.0
2025-07-19_07:52:03,9995.0,12125.0,46083.0,14049.0,16189.0,43178.0
2025-07-19_07:52:03,,,,13083.0,16189.0,43178.0
2025-07-19_07:52:07,,,,,,
2025-07-19_07:52:10,6971.0,12125.0,46083.0,3792.0,16189.0,43178.0
2025-07-19_07:52:11,9863.0,12125.0,46083.0,14130.0,16189.0,43178.0
2025-07-19_07:52:11,9859.0,12125.0,46083.0,14206.0,16189.0,43178.0
2025-07-19_07:52:11,10116.0,12125.0,46083.0,14010.0,16189.0,43178.0
2025-07-19_07:52:11,,,,,,
2025-07-19_07:52:15,6964.0,12125.0,46083.0,3792.0,16189.0,43178.0
2025-07-19_07:52:15,9679.0,12125.0,46083.0,14159.0,16189.0,43178.0
2025-07-19_07:52:16,10351.0,12125.0,46083.0,14600.0,16189.0,43178.0
2025-07-19_07:52:16,,,,13971.0,16189.0,43178.0
2025-07-19_07:52:20,3358.0,12125.0,46083.0,12203.0,16189.0,43178.0
2025-07-19_07:52:20,10506.0,12125.0,46083.0,14332.0,16189.0,43182.0
2025-07-19_07:52:20,9734.0,12125.0,46083.0,14102.0,16189.0,43183.0
2025-07-19_07:52:20,,,,14104.0,16189.0,43183.0
2025-07-19_07:52:24,3319.0,12125.0,46083.0,12193.0,16189.0,43183.0
2025-07-19_07:52:24,,,,,,
2025-07-19_07:52:28,6972.0,12125.0,46083.0,3793.0,16189.0,43183.0
2025-07-19_07:52:28,10157.0,12125.0,46083.0,14039.0,16189.0,43183.0
2025-07-19_07:52:28,10064.0,12125.0,46083.0,14505.0,16189.0,43183.0
2025-07-19_07:52:29,,,,,,
2025-07-19_07:52:32,6964.0,12125.0,46083.0,3793.0,16189.0,43183.0
2025-07-19_07:52:33,9777.0,12125.0,46083.0,14307.0,16189.0,43183.0
2025-07-19_07:52:33,9976.0,12125.0,46083.0,14360.0,16189.0,43183.0
2025-07-19_07:52:33,,,,13977.0,16189.0,43183.0
2025-07-19_07:52:37,3358.0,12125.0,46083.0,12187.0,16189.0,43183.0
2025-07-19_07:52:37,,,,14301.0,16189.0,43183.0
2025-07-19_07:52:41,3375.0,12125.0,46083.0,12183.0,16189.0,43183.0
2025-07-19_07:52:41,,,,13784.0,16189.0,43183.0
2025-07-19_07:52:45,3373.0,12125.0,46083.0,12191.0,16189.0,43183.0
2025-07-19_07:52:45,,,,13973.0,16189.0,43183.0
2025-07-19_07:52:49,3375.0,12125.0,46083.0,12187.0,16189.0,43183.0
2025-07-19_07:52:49,,,,13736.0,16189.0,43183.0
2025-07-19_07:52:52,3302.0,12125.0,46083.0,12188.0,16189.0,43183.0
2025-07-19_07:52:53,9718.0,12125.0,46083.0,14173.0,16189.0,43183.0
2025-07-19_07:52:53,10288.0,12125.0,46083.0,14131.0,16189.0,43183.0
2025-07-19_07:52:53,10049.0,12125.0,46083.0,14210.0,16189.0,43183.0
2025-07-19_07:52:53,8598.0,12125.0,46083.0,13915.0,16189.0,43183.0
2025-07-19_07:52:54,,,,14068.0,16189.0,43183.0
2025-07-19_07:52:57,3377.0,12125.0,46083.0,12160.0,16189.0,43183.0
2025-07-19_07:52:57,,,,13072.0,16189.0,43183.0
2025-07-19_07:53:01,2778.0,12125.0,46083.0,12187.0,16189.0,43183.0
2025-07-19_07:53:02,10324.0,12125.0,46083.0,14477.0,16189.0,43183.0
2025-07-19_07:53:02,9997.0,12125.0,46083.0,14067.0,16189.0,43183.0
2025-07-19_07:53:02,,,,,,
2025-07-19_07:53:06,6968.0,12125.0,46083.0,3792.0,16189.0,43183.0
2025-07-19_07:53:06,9617.0,12125.0,46083.0,14100.0,16189.0,43183.0
2025-07-19_07:53:06,9994.0,12125.0,46083.0,14082.0,16189.0,43183.0
2025-07-19_07:53:06,9837.0,12125.0,46083.0,14232.0,16189.0,43183.0
2025-07-19_07:53:07,8539.0,12125.0,46083.0,13886.0,16189.0,43183.0
2025-07-19_07:53:07,,,,,,
2025-07-19_07:53:11,6956.0,12125.0,46083.0,3792.0,16189.0,43183.0
2025-07-19_07:53:11,10203.0,12125.0,46090.0,14262.0,16189.0,43183.0
2025-07-19_07:53:11,,,,,,
2025-07-19_07:53:15,6967.0,12125.0,46090.0,3793.0,16189.0,43183.0
2025-07-19_07:53:15,10190.0,12125.0,46090.0,14024.0,16189.0,43183.0
2025-07-19_07:53:16,10291.0,12125.0,46090.0,14053.0,16189.0,43183.0
2025-07-19_07:53:16,9997.0,12125.0,46090.0,13807.0,16189.0,43183.0
2025-07-19_07:53:16,9904.0,12125.0,46090.0,14078.0,16189.0,43183.0
2025-07-19_07:53:16,,,,,,
2025-07-19_07:53:20,6958.0,12125.0,46090.0,3792.0,16189.0,43183.0
2025-07-19_07:53:20,9964.0,12125.0,46090.0,13981.0,16189.0,43183.0
2025-07-19_07:53:20,,,,13942.0,16189.0,43183.0
2025-07-19_07:53:24,3302.0,12125.0,46090.0,12188.0,16189.0,43183.0
2025-07-19_07:53:24,10026.0,12125.0,46090.0,14399.0,16189.0,43183.0
2025-07-19_07:53:25,10141.0,12125.0,46090.0,14428.0,16189.0,43183.0
2025-07-19_07:53:25,10253.0,12125.0,46090.0,14330.0,16189.0,43183.0
2025-07-19_07:53:25,,,,14204.0,16189.0,43183.0
2025-07-19_07:53:29,2778.0,12125.0,46090.0,12186.0,16189.0,43183.0
2025-07-19_07:53:29,8605.0,12125.0,46090.0,14045.0,16189.0,43183.0
2025-07-19_07:53:29,9683.0,12125.0,46090.0,14214.0,16189.0,43183.0
2025-07-19_07:53:30,10562.0,12125.0,46090.0,14454.0,16189.0,43183.0
2025-07-19_07:53:30,10139.0,12125.0,46090.0,13808.0,16189.0,43183.0
2025-07-19_07:53:30,,,,15154.0,16189.0,43183.0
2025-07-19_07:53:34,2778.0,12125.0,46090.0,12196.0,16189.0,43183.0
2025-07-19_07:53:34,,,,13615.0,16189.0,43183.0
2025-07-19_07:53:38,3319.0,12125.0,46090.0,12191.0,16189.0,43183.0
2025-07-19_07:53:38,,,,,,
2025-07-19_07:53:42,6967.0,12125.0,46090.0,3793.0,16189.0,43183.0
2025-07-19_07:53:42,10067.0,12125.0,46090.0,14494.0,16189.0,43183.0
2025-07-19_07:53:42,9649.0,12125.0,46091.0,13958.0,16189.0,43183.0
2025-07-19_07:53:43,9987.0,12125.0,46091.0,14331.0,16189.0,43183.0
2025-07-19_07:53:43,,,,,,
2025-07-19_07:53:47,2778.0,12125.0,46091.0,3776.0,16189.0,43183.0
2025-07-19_07:53:47,9956.0,12125.0,46091.0,14055.0,16189.0,43188.0
2025-07-19_07:53:48,,,,,,
2025-07-19_07:53:52,6972.0,12125.0,46091.0,3792.0,16189.0,43188.0
2025-07-19_07:53:52,10171.0,12125.0,46091.0,14479.0,16189.0,43188.0
2025-07-19_07:53:52,,,,14332.0,16189.0,43188.0
2025-07-19_07:53:56,3375.0,12125.0,46091.0,12186.0,16189.0,43188.0
2025-07-19_07:53:56,9042.0,12125.0,46091.0,14038.0,16189.0,43188.0
2025-07-19_07:53:56,,,,13787.0,16189.0,43188.0
2025-07-19_07:54:00,,,,,,
2025-07-19_07:54:04,6966.0,12125.0,46091.0,3792.0,16189.0,43188.0
2025-07-19_07:54:04,10310.0,12125.0,46091.0,14314.0,16189.0,43188.0
2025-07-19_07:54:04,,,,14034.0,16189.0,43188.0
2025-07-19_07:54:08,2778.0,12125.0,46091.0,12185.0,16189.0,43188.0
2025-07-19_07:54:08,10250.0,12125.0,46091.0,14089.0,16189.0,43188.0
2025-07-19_07:54:09,10062.0,12125.0,46091.0,14422.0,16189.0,43188.0
2025-07-19_07:54:09,9827.0,12125.0,46091.0,14385.0,16189.0,43188.0
2025-07-19_07:54:09,10062.0,12125.0,46091.0,14146.0,16189.0,43188.0
2025-07-19_07:54:09,10014.0,12125.0,46091.0,14295.0,16189.0,43188.0
2025-07-19_07:54:09,9013.0,12125.0,46091.0,13943.0,16189.0,43188.0
2025-07-19_07:54:10,9673.0,12125.0,46091.0,13981.0,16189.0,43188.0
2025-07-19_07:54:10,9355.0,12125.0,46091.0,14192.0,16189.0,43188.0
2025-07-19_07:54:10,,,,14170.0,16189.0,43188.0
2025-07-19_07:54:14,3358.0,12125.0,46091.0,12185.0,16189.0,43188.0
2025-07-19_07:54:14,,,,13952.0,16189.0,43188.0
2025-07-19_07:54:18,3358.0,12125.0,46091.0,12189.0,16189.0,43188.0
2025-07-19_07:54:18,,,,13771.0,16189.0,43188.0
2025-07-19_07:54:21,3302.0,12125.0,46091.0,12196.0,16189.0,43188.0
2025-07-19_07:54:22,10622.0,12125.0,46091.0,14468.0,16189.0,43189.0
2025-07-19_07:54:22,9733.0,12125.0,46091.0,14312.0,16189.0,43189.0
2025-07-19_07:54:22,10198.0,12125.0,46091.0,14079.0,16189.0,43189.0
2025-07-19_07:54:22,,,,13802.0,16189.0,43189.0
2025-07-19_07:54:26,2778.0,12125.0,46091.0,12184.0,16189.0,43189.0
2025-07-19_07:54:26,10158.0,12125.0,46091.0,14314.0,16189.0,43189.0
2025-07-19_07:54:27,9838.0,12125.0,46091.0,14201.0,16189.0,43189.0
2025-07-19_07:54:27,,,,,,
2025-07-19_07:54:31,6967.0,12125.0,46091.0,3793.0,16189.0,43189.0
2025-07-19_07:54:31,10201.0,12125.0,46091.0,14115.0,16189.0,43189.0
2025-07-19_07:54:31,9885.0,12125.0,46091.0,13951.0,16189.0,43189.0
2025-07-19_07:54:31,10129.0,12125.0,46091.0,14039.0,16189.0,43189.0
2025-07-19_07:54:32,,,,,,
2025-07-19_07:54:35,6968.0,12125.0,46091.0,3792.0,16189.0,43189.0
2025-07-19_07:54:36,9621.0,12125.0,46091.0,14191.0,16189.0,43198.0
2025-07-19_07:54:36,,,,13783.0,16189.0,43198.0
2025-07-19_07:54:40,3375.0,12125.0,46091.0,12166.0,16189.0,43198.0
2025-07-19_07:54:40,,,,14555.0,16189.0,43198.0
2025-07-19_07:54:44,2778.0,12125.0,46091.0,12156.0,16189.0,43198.0
2025-07-19_07:54:44,,,,,,
2025-07-19_07:54:48,6960.0,12125.0,46091.0,3792.0,16189.0,43198.0
2025-07-19_07:54:48,,,,,,
2025-07-19_07:54:52,6962.0,12125.0,46091.0,3793.0,16189.0,43198.0
2025-07-19_07:54:52,9882.0,12125.0,46091.0,14372.0,16189.0,43198.0
2025-07-19_07:54:52,,,,,,
2025-07-19_07:54:56,6964.0,12125.0,46091.0,3792.0,16189.0,43198.0
2025-07-19_07:54:56,10151.0,12125.0,46091.0,13905.0,16189.0,43198.0
2025-07-19_07:54:56,,,,,,
2025-07-19_07:55:00,6964.0,12125.0,46091.0,3795.0,16189.0,43198.0
2025-07-19_07:55:00,8680.0,12125.0,46091.0,14227.0,16189.0,43198.0
2025-07-19_07:55:01,10134.0,12125.0,46091.0,14182.0,16189.0,43198.0
2025-07-19_07:55:01,10268.0,12125.0,46162.0,14401.0,16189.0,43244.0
2025-07-19_07:55:01,,,,13996.0,16189.0,43244.0
2025-07-19_07:55:05,3319.0,12125.0,46162.0,12191.0,16189.0,43244.0
2025-07-19_07:55:05,10502.0,12125.0,46162.0,14516.0,16189.0,43244.0
2025-07-19_07:55:05,9637.0,12125.0,46172.0,14053.0,16189.0,43244.0
2025-07-19_07:55:05,,,,,,
2025-07-19_07:55:09,6950.0,12125.0,46172.0,3793.0,16189.0,43244.0
2025-07-19_07:55:10,8807.0,12125.0,46172.0,14251.0,16189.0,43244.0
2025-07-19_07:55:10,9863.0,12125.0,46172.0,14133.0,16189.0,43244.0
2025-07-19_07:55:10,10034.0,12125.0,46172.0,14029.0,16189.0,43244.0
2025-07-19_07:55:10,,,,,,
2025-07-19_07:55:15,2778.0,12125.0,46172.0,3776.0,16189.0,43244.0
2025-07-19_07:55:15,,,,14287.0,16189.0,43244.0
2025-07-19_07:55:19,,,,,,
2025-07-19_07:55:23,6964.0,12125.0,46172.0,3786.0,16189.0,43244.0
2025-07-19_07:55:23,10541.0,12125.0,46172.0,15173.0,16189.0,43244.0
2025-07-19_07:55:23,8538.0,12125.0,46172.0,13887.0,16189.0,43244.0
2025-07-19_07:55:23,9505.0,12125.0,46172.0,14406.0,16189.0,43244.0
2025-07-19_07:55:23,,,,,,
2025-07-19_07:55:27,6970.0,12125.0,46172.0,3793.0,16189.0,43244.0
2025-07-19_07:55:28,9944.0,12125.0,46180.0,14032.0,16189.0,43244.0
2025-07-19_07:55:28,,,,14031.0,16189.0,43244.0
2025-07-19_07:55:32,3375.0,12125.0,46180.0,12148.0,16189.0,43244.0
2025-07-19_07:55:32,,,,,,
2025-07-19_07:55:36,6960.0,12125.0,46180.0,3793.0,16189.0,43244.0
2025-07-19_07:55:36,9819.0,12125.0,46180.0,14244.0,16189.0,43244.0
2025-07-19_07:55:36,8411.0,12125.0,46180.0,13972.0,16189.0,43244.0
2025-07-19_07:55:36,9964.0,12125.0,46180.0,14259.0,16189.0,43244.0
2025-07-19_07:55:36,10842.0,12125.0,46180.0,15000.0,16189.0,43251.0
2025-07-19_07:55:37,10206.0,12125.0,46180.0,14098.0,16189.0,43251.0
2025-07-19_07:55:37,,,,14179.0,16189.0,43251.0
2025-07-19_07:55:41,3319.0,12125.0,46180.0,12182.0,16189.0,43251.0
2025-07-19_07:55:41,9494.0,12125.0,46180.0,14106.0,16189.0,43251.0
2025-07-19_07:55:41,,,,,,
2025-07-19_07:55:45,6970.0,12125.0,46180.0,3793.0,16189.0,43251.0
2025-07-19_07:55:45,8687.0,12125.0,46180.0,14349.0,16189.0,43251.0
2025-07-19_07:55:46,2778.0,12125.0,46180.0,12160.0,16189.0,43251.0
2025-07-19_07:55:46,,,,14357.0,16189.0,43251.0
2025-07-19_07:55:50,3302.0,12125.0,46180.0,12196.0,16189.0,43251.0
2025-07-19_07:55:50,8621.0,12125.0,46180.0,14215.0,16189.0,43251.0
2025-07-19_07:55:50,,,,14100.0,16189.0,43251.0
2025-07-19_07:55:54,2778.0,12125.0,46180.0,12188.0,16189.0,43251.0
2025-07-19_07:55:54,9610.0,12125.0,46180.0,14304.0,16189.0,43251.0
2025-07-19_07:55:54,10100.0,12125.0,46180.0,14454.0,16189.0,43251.0
2025-07-19_07:55:55,9900.0,12125.0,46180.0,14254.0,16189.0,43251.0
2025-07-19_07:55:55,,,,13790.0,16189.0,43251.0
2025-07-19_07:55:59,3375.0,12125.0,46180.0,12159.0,16189.0,43251.0
2025-07-19_07:55:59,9816.0,12125.0,46180.0,13931.0,16189.0,43251.0
2025-07-19_07:55:59,10022.0,12125.0,46180.0,14397.0,16189.0,43251.0
2025-07-19_07:55:59,10448.0,12125.0,46185.0,14523.0,16189.0,43251.0
2025-07-19_07:55:59,8601.0,12125.0,46185.0,14394.0,16189.0,43251.0
2025-07-19_07:56:00,8139.0,12125.0,46185.0,13122.0,16189.0,43251.0
2025-07-19_07:56:00,,,,,,
2025-07-19_07:56:04,6964.0,12125.0,46185.0,3786.0,16189.0,43251.0
2025-07-19_07:56:04,,,,,,
2025-07-19_07:56:08,2778.0,12125.0,46185.0,3776.0,16189.0,43251.0
2025-07-19_07:56:09,9957.0,12125.0,46201.0,14092.0,16189.0,43251.0
2025-07-19_07:56:09,10066.0,12125.0,46201.0,14311.0,16189.0,43251.0
2025-07-19_07:56:09,,,,,,
2025-07-19_07:56:13,6970.0,12125.0,46201.0,3793.0,16189.0,43251.0
2025-07-19_07:56:13,,,,,,
2025-07-19_07:56:17,6963.0,12125.0,46201.0,3792.0,16189.0,43251.0
2025-07-19_07:56:17,,,,,,
2025-07-19_07:56:21,6964.0,12125.0,46201.0,3793.0,16189.0,43251.0
2025-07-19_07:56:21,9843.0,12125.0,46201.0,13995.0,16189.0,43251.0
2025-07-19_07:56:21,10775.0,12125.0,46201.0,15028.0,16189.0,43251.0
2025-07-19_07:56:22,9911.0,12125.0,46201.0,14318.0,16189.0,43251.0
2025-07-19_07:56:22,,,,13093.0,16189.0,43251.0
2025-07-19_07:56:26,2778.0,12125.0,46201.0,12189.0,16189.0,43251.0
2025-07-19_07:56:26,8607.0,12125.0,46201.0,13830.0,16189.0,43251.0
2025-07-19_07:56:26,9804.0,12125.0,46201.0,14199.0,16189.0,43251.0
2025-07-19_07:56:27,,,,14427.0,16189.0,43251.0
2025-07-19_07:56:30,3375.0,12125.0,46201.0,12184.0,16189.0,43251.0
2025-07-19_07:56:30,10151.0,12125.0,46201.0,14082.0,16189.0,43252.0
2025-07-19_07:56:31,,,,14176.0,16189.0,43252.0
2025-07-19_07:56:34,3319.0,12125.0,46201.0,12159.0,16189.0,43252.0
2025-07-19_07:56:35,9675.0,12125.0,46201.0,14015.0,16189.0,43252.0
2025-07-19_07:56:35,9637.0,12125.0,46201.0,14219.0,16189.0,43252.0
2025-07-19_07:56:35,,,,14046.0,16189.0,43252.0
2025-07-19_07:56:39,3321.0,12125.0,46201.0,12179.0,16189.0,43252.0
2025-07-19_07:56:39,9915.0,12125.0,46201.0,14589.0,16189.0,43252.0
2025-07-19_07:56:39,9897.0,12125.0,46202.0,14028.0,16189.0,43252.0
2025-07-19_07:56:39,8670.0,12125.0,46202.0,14412.0,16189.0,43252.0
2025-07-19_07:56:40,9694.0,12125.0,46202.0,13984.0,16189.0,43252.0
2025-07-19_07:56:40,9895.0,12125.0,46202.0,13976.0,16189.0,43252.0
2025-07-19_07:56:40,9951.0,12125.0,46202.0,14138.0,16189.0,43252.0
2025-07-19_07:56:40,,,,,,
2025-07-19_07:56:44,6966.0,12125.0,46202.0,3787.0,16189.0,43252.0
2025-07-19_07:56:44,9656.0,12125.0,46202.0,14294.0,16189.0,43252.0
2025-07-19_07:56:44,,,,14287.0,16189.0,43252.0
2025-07-19_07:56:48,3358.0,12125.0,46202.0,12198.0,16189.0,43252.0
2025-07-19_07:56:48,,,,,,
2025-07-19_07:56:52,6968.0,12125.0,46202.0,3793.0,16189.0,43252.0
2025-07-19_07:56:52,,,,,,
2025-07-19_07:56:56,6958.0,12125.0,46202.0,3792.0,16189.0,43252.0
2025-07-19_07:56:56,,,,,,
2025-07-19_07:57:00,6967.0,12125.0,46202.0,3792.0,16189.0,43252.0
2025-07-19_07:57:01,8529.0,12125.0,46202.0,13811.0,16189.0,43252.0
2025-07-19_07:57:01,9891.0,12125.0,46202.0,14269.0,16189.0,43252.0
2025-07-19_07:57:01,10187.0,12125.0,46202.0,14172.0,16189.0,43252.0
2025-07-19_07:57:01,8530.0,12125.0,46202.0,14186.0,16189.0,43252.0
2025-07-19_07:57:01,,,,14318.0,16189.0,43252.0
2025-07-19_07:57:05,3375.0,12125.0,46202.0,12184.0,16189.0,43252.0
2025-07-19_07:57:05,,,,,,
2025-07-19_07:57:09,6958.0,12125.0,46202.0,3792.0,16189.0,43252.0
2025-07-19_07:57:09,9416.0,12125.0,46202.0,14401.0,16189.0,43252.0
2025-07-19_07:57:10,9763.0,12125.0,46202.0,13921.0,16189.0,43252.0
2025-07-19_07:57:10,9870.0,12125.0,46202.0,14092.0,16189.0,43252.0
2025-07-19_07:57:10,8692.0,12125.0,46202.0,13428.0,16189.0,43252.0
2025-07-19_07:57:10,,,,14107.0,16189.0,43252.0
2025-07-19_07:57:14,3358.0,12125.0,46202.0,12170.0,16189.0,43252.0
2025-07-19_07:57:14,9659.0,12125.0,46202.0,14198.0,16189.0,43252.0
2025-07-19_07:57:14,9821.0,12125.0,46202.0,14228.0,16189.0,43252.0
2025-07-19_07:57:15,9662.0,12125.0,46202.0,13928.0,16189.0,43252.0
2025-07-19_07:57:15,9853.0,12125.0,46202.0,14267.0,16189.0,43252.0
2025-07-19_07:57:15,9394.0,12125.0,46202.0,14178.0,16189.0,43252.0
2025-07-19_07:57:15,,,,13817.0,16189.0,43252.0
2025-07-19_07:57:19,3319.0,12125.0,46202.0,12193.0,16189.0,43252.0
2025-07-19_07:57:19,9661.0,12125.0,46202.0,13982.0,16189.0,43252.0
2025-07-19_07:57:19,9881.0,12125.0,46202.0,14168.0,16189.0,43252.0
2025-07-19_07:57:20,9536.0,12125.0,46202.0,13979.0,16189.0,43252.0
2025-07-19_07:57:20,9847.0,12125.0,46202.0,14248.0,16189.0,43252.0
2025-07-19_07:57:20,9502.0,12125.0,46202.0,14331.0,16189.0,43252.0
2025-07-19_07:57:20,9162.0,12125.0,46202.0,13933.0,16189.0,43252.0
2025-07-19_07:57:21,,,,14299.0,16189.0,43252.0
2025-07-19_07:57:24,2778.0,12125.0,46202.0,12160.0,16189.0,43252.0
2025-07-19_07:57:25,9815.0,12125.0,46202.0,14257.0,16189.0,43252.0
2025-07-19_07:57:25,10066.0,12125.0,46209.0,14594.0,16189.0,43252.0
2025-07-19_07:57:25,,,,,,
2025-07-19_07:57:29,6967.0,12125.0,46209.0,3793.0,16189.0,43252.0
2025-07-19_07:57:29,9546.0,12125.0,46209.0,14228.0,16189.0,43252.0
2025-07-19_07:57:29,9850.0,12125.0,46209.0,14315.0,16189.0,43252.0
2025-07-19_07:57:30,,,,14011.0,16189.0,43252.0
2025-07-19_07:57:33,2778.0,12125.0,46209.0,12177.0,16189.0,43252.0
2025-07-19_07:57:34,9579.0,12125.0,46209.0,13989.0,16189.0,43252.0
2025-07-19_07:57:34,9916.0,12125.0,46209.0,14116.0,16189.0,43252.0
2025-07-19_07:57:34,8691.0,12125.0,46209.0,14082.0,16189.0,43252.0
2025-07-19_07:57:34,9358.0,12125.0,46209.0,14398.0,16189.0,43252.0
2025-07-19_07:57:35,,,,14087.0,16189.0,43252.0
2025-07-19_07:57:38,2778.0,12125.0,46209.0,12159.0,16189.0,43252.0
2025-07-19_07:57:39,9857.0,12125.0,46209.0,14054.0,16189.0,43252.0
2025-07-19_07:57:39,9905.0,12125.0,46209.0,14127.0,16189.0,43252.0
2025-07-19_07:57:39,8676.0,12125.0,46209.0,14208.0,16189.0,43256.0
2025-07-19_07:57:39,8511.0,12125.0,46209.0,13787.0,16189.0,43256.0
2025-07-19_07:57:39,9800.0,12125.0,46209.0,14017.0,16189.0,43256.0
2025-07-19_07:57:40,,,,13959.0,16189.0,43256.0
2025-07-19_07:57:43,2778.0,12125.0,46209.0,12162.0,16189.0,43256.0
2025-07-19_07:57:44,,,,14314.0,16189.0,43256.0
2025-07-19_07:57:47,3375.0,12125.0,46209.0,12184.0,16189.0,43256.0
2025-07-19_07:57:47,9558.0,12125.0,46209.0,13761.0,16189.0,43256.0
2025-07-19_07:57:48,9659.0,12125.0,46209.0,13983.0,16189.0,43256.0
2025-07-19_07:57:48,9842.0,12125.0,46209.0,14229.0,16189.0,43256.0
2025-07-19_07:57:48,9653.0,12125.0,46210.0,14221.0,16189.0,43256.0
2025-07-19_07:57:48,9678.0,12125.0,46210.0,14003.0,16189.0,43256.0
2025-07-19_07:57:49,9537.0,12125.0,46210.0,14213.0,16189.0,43256.0
2025-07-19_07:57:49,8611.0,12125.0,46210.0,14181.0,16189.0,43256.0
2025-07-19_07:57:49,8538.0,12125.0,46210.0,13775.0,16189.0,43256.0
2025-07-19_07:57:49,9868.0,12125.0,46210.0,14315.0,16189.0,43256.0
2025-07-19_07:57:49,,,,13047.0,16189.0,43256.0
2025-07-19_07:57:53,2778.0,12125.0,46210.0,12183.0,16189.0,43256.0
2025-07-19_07:57:53,8645.0,12125.0,46210.0,14115.0,16189.0,43256.0
2025-07-19_07:57:54,9642.0,12125.0,46210.0,14108.0,16189.0,43256.0
2025-07-19_07:57:54,,,,13785.0,16189.0,43256.0
2025-07-19_07:57:58,3375.0,12125.0,46210.0,12184.0,16189.0,43256.0
2025-07-19_07:57:58,,,,14095.0,16189.0,43256.0
2025-07-19_07:58:01,3358.0,12125.0,46210.0,12173.0,16189.0,43256.0
2025-07-19_07:58:02,8508.0,12125.0,46210.0,13811.0,16189.0,43256.0
2025-07-19_07:58:02,9685.0,12125.0,46210.0,14172.0,16189.0,43256.0
2025-07-19_07:58:02,9666.0,12125.0,46210.0,13999.0,16189.0,43256.0
2025-07-19_07:58:02,9781.0,12128.0,46213.0,13951.0,16189.0,43256.0
2025-07-19_07:58:03,,,,,,
2025-07-19_07:58:06,6965.0,12128.0,46213.0,3793.0,16189.0,43256.0
2025-07-19_07:58:07,8894.0,12128.0,46213.0,13989.0,16189.0,43256.0
2025-07-19_07:58:07,9814.0,12128.0,46213.0,14007.0,16189.0,43256.0
2025-07-19_07:58:07,9582.0,12128.0,46213.0,14202.0,16189.0,43256.0
2025-07-19_07:58:07,9715.0,12128.0,46213.0,14176.0,16189.0,43256.0
2025-07-19_07:58:07,9826.0,12128.0,46213.0,14161.0,16189.0,43256.0
2025-07-19_07:58:08,8963.0,12128.0,46213.0,13979.0,16189.0,43256.0
2025-07-19_07:58:08,,,,,,
2025-07-19_07:58:12,6964.0,12128.0,46213.0,3793.0,16189.0,43256.0
2025-07-19_07:58:12,9799.0,12128.0,46213.0,14400.0,16189.0,43256.0
2025-07-19_07:58:12,9684.0,12128.0,46213.0,13986.0,16189.0,43256.0
2025-07-19_07:58:12,9608.0,12128.0,46213.0,13967.0,16189.0,43256.0
2025-07-19_07:58:13,,,,12897.0,16189.0,43256.0
2025-07-19_07:58:16,2778.0,12128.0,46213.0,12162.0,16189.0,43256.0
2025-07-19_07:58:17,8642.0,12128.0,46213.0,14089.0,16189.0,43256.0
2025-07-19_07:58:17,,,,13246.0,16189.0,43256.0
2025-07-19_07:58:21,2780.0,12128.0,46213.0,12190.0,16189.0,43256.0
2025-07-19_07:58:21,9688.0,12128.0,46213.0,14010.0,16189.0,43256.0
2025-07-19_07:58:21,9679.0,12128.0,46213.0,14171.0,16189.0,43256.0
2025-07-19_07:58:21,9679.0,12128.0,46213.0,14174.0,16189.0,43256.0
2025-07-19_07:58:22,9829.0,12128.0,46213.0,14266.0,16189.0,43256.0
2025-07-19_07:58:22,10045.0,12128.0,46213.0,14096.0,16189.0,43256.0
2025-07-19_07:58:22,8520.0,12128.0,46213.0,13908.0,16189.0,43256.0
2025-07-19_07:58:22,9702.0,12128.0,46213.0,14311.0,16189.0,43256.0
2025-07-19_07:58:23,,,,13961.0,16189.0,43256.0
2025-07-19_07:58:26,3375.0,12128.0,46213.0,12163.0,16189.0,43256.0
2025-07-19_07:58:26,,,,,,
2025-07-19_07:58:30,6966.0,12128.0,46213.0,3793.0,16189.0,43256.0
2025-07-19_07:58:30,9306.0,12128.0,46213.0,14384.0,16189.0,43256.0
2025-07-19_07:58:31,9580.0,12128.0,46213.0,14174.0,16189.0,43256.0
2025-07-19_07:58:31,8619.0,12128.0,46213.0,14114.0,16189.0,43256.0
2025-07-19_07:58:31,,,,13808.0,16189.0,43256.0
2025-07-19_07:58:35,3302.0,12128.0,46213.0,12191.0,16189.0,43256.0
2025-07-19_07:58:35,,,,,,
2025-07-19_07:58:39,6967.0,12128.0,46213.0,3793.0,16189.0,43256.0
2025-07-19_07:58:39,10050.0,12128.0,46213.0,14029.0,16189.0,43256.0
2025-07-19_07:58:39,9629.0,12128.0,46213.0,14229.0,16189.0,43256.0
2025-07-19_07:58:39,9593.0,12128.0,46213.0,14231.0,16189.0,43256.0
2025-07-19_07:58:40,9686.0,12128.0,46213.0,13956.0,16189.0,43256.0
2025-07-19_07:58:40,9887.0,12128.0,46213.0,14140.0,16189.0,43256.0
2025-07-19_07:58:40,9831.0,12128.0,46213.0,14254.0,16189.0,43256.0
2025-07-19_07:58:40,,,,,,
2025-07-19_07:58:44,6963.0,12128.0,46213.0,3793.0,16189.0,43256.0
2025-07-19_07:58:44,10248.0,12128.0,46213.0,14305.0,16189.0,43256.0
2025-07-19_07:58:45,8549.0,12128.0,46213.0,13936.0,16189.0,43256.0
2025-07-19_07:58:45,8561.0,12128.0,46213.0,13939.0,16189.0,43256.0
2025-07-19_07:58:45,8633.0,12128.0,46218.0,14144.0,16189.0,43256.0
2025-07-19_07:58:45,9637.0,12128.0,46218.0,14129.0,16189.0,43256.0
2025-07-19_07:58:46,9656.0,12128.0,46218.0,14062.0,16189.0,43256.0
2025-07-19_07:58:46,9143.0,12128.0,46218.0,13798.0,16189.0,43256.0
2025-07-19_07:58:46,,,,,,
2025-07-19_07:58:50,2778.0,12128.0,46218.0,3776.0,16189.0,43256.0
2025-07-19_07:58:51,10166.0,12128.0,46218.0,13762.0,16189.0,43256.0
2025-07-19_07:58:51,10212.0,12128.0,46218.0,14651.0,16189.0,43256.0
2025-07-19_07:58:51,9578.0,12128.0,46218.0,13776.0,16189.0,43256.0
2025-07-19_07:58:51,9168.0,12128.0,46218.0,13778.0,16189.0,43256.0
2025-07-19_07:58:52,9617.0,12128.0,46218.0,13980.0,16189.0,43256.0
2025-07-19_07:58:52,9942.0,12128.0,46219.0,14270.0,16189.0,43256.0
2025-07-19_07:58:52,9602.0,12128.0,46219.0,14016.0,16189.0,43256.0
2025-07-19_07:58:52,9201.0,12128.0,46219.0,13971.0,16189.0,43256.0
2025-07-19_07:58:53,9850.0,12128.0,46219.0,13832.0,16189.0,43256.0
2025-07-19_07:58:53,9462.0,12128.0,46219.0,13976.0,16189.0,43256.0
2025-07-19_07:58:53,,,,,,
2025-07-19_07:58:57,6966.0,12128.0,46219.0,3792.0,16189.0,43256.0
2025-07-19_07:58:57,9839.0,12128.0,46219.0,14264.0,16189.0,43256.0
2025-07-19_07:58:57,8540.0,12128.0,46219.0,13988.0,16189.0,43256.0
2025-07-19_07:58:57,9553.0,12128.0,46219.0,14204.0,16189.0,43256.0
2025-07-19_07:58:58,,,,14096.0,16189.0,43257.0
2025-07-19_07:59:01,2778.0,12128.0,46219.0,12195.0,16189.0,43257.0
2025-07-19_07:59:02,8676.0,12128.0,46219.0,14178.0,16189.0,43257.0
2025-07-19_07:59:02,,,,13779.0,16189.0,43257.0
2025-07-19_07:59:06,3302.0,12128.0,46219.0,12193.0,16189.0,43257.0
2025-07-19_07:59:06,,,,13981.0,16189.0,43257.0
2025-07-19_07:59:10,3377.0,12128.0,46219.0,12166.0,16189.0,43257.0
2025-07-19_07:59:10,9629.0,12128.0,46219.0,14095.0,16189.0,43257.0
2025-07-19_07:59:10,8571.0,12128.0,46219.0,13868.0,16189.0,43257.0
2025-07-19_07:59:10,9286.0,12128.0,46219.0,13783.0,16189.0,43257.0
2025-07-19_07:59:10,9636.0,12128.0,46219.0,14268.0,16189.0,43257.0
2025-07-19_07:59:11,9800.0,12128.0,46219.0,14239.0,16189.0,43257.0
2025-07-19_07:59:11,9433.0,12128.0,46219.0,14014.0,16189.0,43257.0
2025-07-19_07:59:11,9819.0,12128.0,46219.0,14225.0,16189.0,43257.0
2025-07-19_07:59:11,9652.0,12128.0,46219.0,14295.0,16189.0,43257.0
2025-07-19_07:59:12,9810.0,12128.0,46219.0,14339.0,16189.0,43257.0
2025-07-19_07:59:12,9676.0,12128.0,46219.0,14102.0,16189.0,43257.0
2025-07-19_07:59:12,9691.0,12128.0,46219.0,14164.0,16189.0,43257.0
2025-07-19_07:59:12,9820.0,12128.0,46219.0,13898.0,16189.0,43257.0
2025-07-19_07:59:12,10226.0,12128.0,46219.0,14296.0,16189.0,43257.0
2025-07-19_07:59:13,,,,13826.0,16189.0,43257.0
2025-07-19_07:59:16,3319.0,12128.0,46219.0,12195.0,16189.0,43257.0
2025-07-19_07:59:17,,,,,,
2025-07-19_07:59:20,6963.0,12128.0,46219.0,3792.0,16189.0,43257.0
2025-07-19_07:59:21,9183.0,12128.0,46219.0,13632.0,16189.0,43257.0
2025-07-19_07:59:21,10090.0,12128.0,46219.0,13862.0,16189.0,43257.0
2025-07-19_07:59:21,9184.0,12128.0,46219.0,14052.0,16189.0,43257.0
2025-07-19_07:59:21,10063.0,12128.0,46219.0,13870.0,16189.0,43257.0
2025-07-19_07:59:21,10251.0,12128.0,46219.0,14232.0,16189.0,43257.0
2025-07-19_07:59:22,9661.0,12128.0,46219.0,14144.0,16189.0,43257.0
2025-07-19_07:59:22,8628.0,12128.0,46219.0,14166.0,16189.0,43257.0
2025-07-19_07:59:22,9249.0,12128.0,46219.0,13816.0,16189.0,43257.0
2025-07-19_07:59:22,9677.0,12128.0,46219.0,14175.0,16189.0,43257.0
2025-07-19_07:59:23,9808.0,12128.0,46219.0,14229.0,16189.0,43257.0
2025-07-19_07:59:23,9551.0,12128.0,46219.0,14360.0,16189.0,43257.0
2025-07-19_07:59:23,8587.0,12128.0,46219.0,13958.0,16189.0,43257.0
2025-07-19_07:59:23,9195.0,12128.0,46219.0,13964.0,16189.0,43257.0
2025-07-19_07:59:23,9830.0,12128.0,46219.0,14037.0,16189.0,43257.0
2025-07-19_07:59:24,9681.0,12128.0,46219.0,13982.0,16189.0,43257.0
2025-07-19_07:59:24,8661.0,12128.0,46219.0,14458.0,16189.0,43257.0
2025-07-19_07:59:24,,,,,,
2025-07-19_07:59:28,6966.0,12128.0,46219.0,3793.0,16189.0,43257.0
2025-07-19_07:59:28,,,,14222.0,16189.0,43257.0
2025-07-19_07:59:32,3375.0,12128.0,46219.0,12165.0,16189.0,43257.0
2025-07-19_07:59:32,8667.0,12128.0,46219.0,14217.0,16189.0,43257.0
2025-07-19_07:59:32,9835.0,12128.0,46219.0,14037.0,16189.0,43257.0
2025-07-19_07:59:32,10081.0,12128.0,46219.0,14391.0,16189.0,43257.0
2025-07-19_07:59:33,9782.0,12128.0,46219.0,14278.0,16189.0,43257.0
2025-07-19_07:59:33,9419.0,12128.0,46219.0,14136.0,16189.0,43257.0
2025-07-19_07:59:33,10201.0,12128.0,46219.0,14280.0,16189.0,43257.0
2025-07-19_07:59:34,2778.0,12128.0,46219.0,12186.0,16189.0,43257.0
2025-07-19_07:59:34,9673.0,12128.0,46219.0,14350.0,16189.0,43257.0
2025-07-19_07:59:34,9558.0,12128.0,46219.0,13959.0,16189.0,43257.0
2025-07-19_07:59:35,9656.0,12128.0,46219.0,14166.0,16189.0,43257.0
2025-07-19_07:59:35,,,,13268.0,16189.0,43257.0
2025-07-19_07:59:39,2778.0,12128.0,46219.0,12180.0,16189.0,43257.0
2025-07-19_07:59:39,9636.0,12128.0,46219.0,14098.0,16189.0,43257.0
2025-07-19_07:59:39,10040.0,12128.0,46219.0,14202.0,16189.0,43257.0
2025-07-19_07:59:40,10149.0,12128.0,46219.0,14507.0,16189.0,43257.0
2025-07-19_07:59:40,9875.0,12128.0,46219.0,14346.0,16189.0,43257.0
2025-07-19_07:59:40,9409.0,12128.0,46219.0,14116.0,16189.0,43257.0
2025-07-19_07:59:40,9588.0,12128.0,46219.0,14205.0,16189.0,43257.0
2025-07-19_07:59:40,8538.0,12128.0,46219.0,14247.0,16189.0,43257.0
2025-07-19_07:59:41,,,,,,
2025-07-19_07:59:44,6965.0,12128.0,46219.0,3793.0,16189.0,43257.0
2025-07-19_07:59:45,10038.0,12128.0,46219.0,14385.0,16189.0,43257.0
2025-07-19_07:59:45,10186.0,12128.0,46219.0,14138.0,16189.0,43257.0
2025-07-19_07:59:45,9164.0,12128.0,46219.0,14054.0,16189.0,43257.0
2025-07-19_07:59:45,8359.0,12128.0,46219.0,13962.0,16189.0,43257.0
2025-07-19_07:59:46,9923.0,12128.0,46219.0,14381.0,16189.0,43257.0
2025-07-19_07:59:46,9684.0,12128.0,46219.0,14213.0,16189.0,43257.0
2025-07-19_07:59:46,9844.0,12128.0,46219.0,14262.0,16189.0,43257.0
2025-07-19_07:59:46,8568.0,12128.0,46219.0,13939.0,16189.0,43257.0
2025-07-19_07:59:46,9632.0,12128.0,46219.0,14076.0,16189.0,43257.0
2025-07-19_07:59:47,9988.0,12128.0,46219.0,14534.0,16189.0,43257.0
2025-07-19_07:59:47,9694.0,12128.0,46219.0,13976.0,16189.0,43257.0
2025-07-19_07:59:47,,,,13804.0,16189.0,43257.0
2025-07-19_07:59:51,3375.0,12128.0,46219.0,12180.0,16189.0,43257.0
2025-07-19_07:59:51,9673.0,12128.0,46219.0,13976.0,16189.0,43257.0
2025-07-19_07:59:51,9692.0,12128.0,46219.0,13973.0,16189.0,43257.0
2025-07-19_07:59:51,8544.0,12128.0,46219.0,13897.0,16189.0,43257.0
2025-07-19_07:59:52,,,,13980.0,16189.0,43257.0
2025-07-19_07:59:55,,,,,,
2025-07-19_07:59:59,6962.0,12128.0,46219.0,3792.0,16189.0,43257.0
2025-07-19_07:59:59,9547.0,12128.0,46219.0,13930.0,16189.0,43257.0
2025-07-19_08:00:00,10025.0,12128.0,46219.0,14565.0,16189.0,43257.0
2025-07-19_08:00:00,9592.0,12128.0,46219.0,13989.0,16189.0,43257.0
2025-07-19_08:00:00,9650.0,12128.0,46219.0,14269.0,16189.0,43257.0
2025-07-19_08:00:00,9591.0,12128.0,46219.0,13978.0,16189.0,43257.0
2025-07-19_08:00:00,9811.0,12128.0,46219.0,14049.0,16189.0,43257.0
2025-07-19_08:00:01,10257.0,12128.0,46219.0,14759.0,16189.0,43257.0
2025-07-19_08:00:01,9462.0,12128.0,46219.0,14333.0,16189.0,43257.0
2025-07-19_08:00:01,,,,13278.0,16189.0,43257.0
2025-07-19_08:00:05,2778.0,12128.0,46219.0,12184.0,16189.0,43257.0
2025-07-19_08:00:05,9568.0,12128.0,46219.0,13964.0,16189.0,43257.0
2025-07-19_08:00:05,,,,14108.0,16189.0,43257.0
2025-07-19_08:00:09,2778.0,12128.0,46219.0,12191.0,16189.0,43257.0
2025-07-19_08:00:10,9673.0,12128.0,46219.0,14165.0,16189.0,43257.0
2025-07-19_08:00:10,9718.0,12128.0,46219.0,14106.0,16189.0,43257.0
2025-07-19_08:00:10,,,,,,
2025-07-19_08:00:14,6964.0,12128.0,46219.0,3792.0,16189.0,43257.0
2025-07-19_08:00:14,,,,,,
2025-07-19_08:00:18,6965.0,12128.0,46219.0,3793.0,16189.0,43257.0
2025-07-19_08:00:18,9665.0,12128.0,46219.0,13974.0,16189.0,43257.0
2025-07-19_08:00:18,9685.0,12128.0,46219.0,14181.0,16189.0,43257.0
2025-07-19_08:00:18,,,,13750.0,16189.0,43257.0
2025-07-19_08:00:22,3319.0,12128.0,46219.0,12187.0,16189.0,43257.0
2025-07-19_08:00:22,9776.0,12128.0,46219.0,14286.0,16189.0,43257.0
2025-07-19_08:00:23,,,,13787.0,16189.0,43257.0
2025-07-19_08:00:26,3319.0,12128.0,46219.0,12167.0,16189.0,43257.0
2025-07-19_08:00:26,,,,14287.0,16189.0,43257.0
2025-07-19_08:00:30,3375.0,12128.0,46219.0,12192.0,16189.0,43257.0
2025-07-19_08:00:30,,,,,,
2025-07-19_08:00:34,6967.0,12128.0,46219.0,3793.0,16189.0,43257.0
2025-07-19_08:00:34,9810.0,12128.0,46219.0,14492.0,16189.0,43257.0
2025-07-19_08:00:35,,,,,,
2025-07-19_08:00:38,6968.0,12128.0,46219.0,3793.0,16189.0,43257.0
2025-07-19_08:00:39,,,,14573.0,16189.0,43257.0
2025-07-19_08:00:42,3375.0,12128.0,46219.0,12166.0,16189.0,43257.0
2025-07-19_08:00:43,10040.0,12128.0,46219.0,13976.0,16189.0,43257.0
2025-07-19_08:00:43,9872.0,12128.0,46219.0,14324.0,16189.0,43257.0
2025-07-19_08:00:43,9672.0,12128.0,46219.0,14186.0,16189.0,43257.0
2025-07-19_08:00:43,9581.0,12128.0,46219.0,14197.0,16189.0,43257.0
2025-07-19_08:00:43,,,,,,
2025-07-19_08:00:47,6966.0,12128.0,46219.0,3793.0,16189.0,43257.0
2025-07-19_08:00:47,9983.0,12128.0,46219.0,14574.0,16189.0,43257.0
2025-07-19_08:00:48,10190.0,12128.0,46219.0,14583.0,16189.0,43257.0
2025-07-19_08:00:48,,,,13782.0,16189.0,43257.0
2025-07-19_08:00:52,3319.0,12128.0,46219.0,12192.0,16189.0,43257.0
2025-07-19_08:00:52,,,,,,
2025-07-19_08:00:56,6960.0,12128.0,46219.0,3792.0,16189.0,43257.0
2025-07-19_08:00:56,10069.0,12128.0,46219.0,14503.0,16189.0,43257.0
2025-07-19_08:00:56,,,,,,
2025-07-19_08:01:00,6971.0,12128.0,46219.0,3795.0,16189.0,43257.0
2025-07-19_08:01:00,9679.0,12128.0,46219.0,13795.0,16189.0,43257.0
2025-07-19_08:01:00,,,,,,
2025-07-19_08:01:04,6969.0,12128.0,46219.0,3793.0,16189.0,43257.0
2025-07-19_08:01:04,9709.0,12128.0,46219.0,14322.0,16189.0,43257.0
2025-07-19_08:01:05,9952.0,12128.0,46220.0,14129.0,16189.0,43257.0
2025-07-19_08:01:05,9677.0,12128.0,46220.0,14165.0,16189.0,43257.0
2025-07-19_08:01:05,10115.0,12128.0,46220.0,14381.0,16189.0,43257.0
2025-07-19_08:01:05,9661.0,12128.0,46220.0,14169.0,16189.0,43257.0
2025-07-19_08:01:06,10108.0,12128.0,46220.0,14367.0,16189.0,43257.0
2025-07-19_08:01:06,9868.0,12128.0,46220.0,14218.0,16189.0,43257.0
2025-07-19_08:01:06,9568.0,12128.0,46220.0,14227.0,16189.0,43257.0
2025-07-19_08:01:06,9987.0,12128.0,46220.0,14383.0,16189.0,43257.0
2025-07-19_08:01:07,,,,,,
2025-07-19_08:01:10,6968.0,12128.0,46220.0,3787.0,16189.0,43257.0
2025-07-19_08:01:11,,,,14149.0,16189.0,43257.0
2025-07-19_08:01:14,2778.0,12128.0,46220.0,12182.0,16189.0,43257.0
2025-07-19_08:01:15,,,,,,
2025-07-19_08:01:18,6966.0,12128.0,46220.0,3793.0,16189.0,43257.0
2025-07-19_08:01:19,10163.0,12128.0,46220.0,13864.0,16189.0,43257.0
2025-07-19_08:01:19,,,,14053.0,16189.0,43257.0
2025-07-19_08:01:23,2778.0,12128.0,46220.0,12183.0,16189.0,43257.0
2025-07-19_08:01:23,9678.0,12128.0,46220.0,14136.0,16189.0,43257.0
2025-07-19_08:01:23,,,,13817.0,16189.0,43257.0
2025-07-19_08:01:27,3358.0,12128.0,46220.0,12163.0,16189.0,43257.0
2025-07-19_08:01:27,9674.0,12128.0,46220.0,14005.0,16189.0,43257.0
2025-07-19_08:01:27,9677.0,12128.0,46220.0,13965.0,16189.0,43257.0
2025-07-19_08:01:27,,,,13975.0,16189.0,43257.0
2025-07-19_08:01:31,3358.0,12128.0,46220.0,12190.0,16189.0,43257.0
2025-07-19_08:01:31,9777.0,12128.0,46220.0,14129.0,16189.0,43257.0
2025-07-19_08:01:32,9676.0,12128.0,46220.0,14202.0,16189.0,43257.0
2025-07-19_08:01:32,,,,13765.0,16189.0,43257.0
2025-07-19_08:01:35,3319.0,12128.0,46220.0,12184.0,16189.0,43257.0
2025-07-19_08:01:36,,,,14107.0,16189.0,43257.0
2025-07-19_08:01:39,3319.0,12128.0,46220.0,12167.0,16189.0,43257.0
2025-07-19_08:01:40,9646.0,12128.0,46220.0,14115.0,16189.0,43257.0
2025-07-19_08:01:40,,,,13384.0,16189.0,43257.0
2025-07-19_08:01:44,,,,,,
2025-07-19_08:01:48,,,,3792.0,16189.0,43257.0
2025-07-19_08:01:51,2778.0,12128.0,46220.0,12168.0,16189.0,43257.0
2025-07-19_08:01:52,,,,13068.0,16189.0,43257.0
2025-07-19_08:01:55,2778.0,12128.0,46220.0,12193.0,16189.0,43257.0
2025-07-19_08:01:56,9580.0,12128.0,46220.0,14169.0,16189.0,43257.0
2025-07-19_08:01:56,9682.0,12128.0,46220.0,13792.0,16189.0,43257.0
2025-07-19_08:01:56,9918.0,12128.0,46220.0,14276.0,16189.0,43257.0
2025-07-19_08:01:56,9597.0,12128.0,46220.0,13967.0,16189.0,43257.0
2025-07-19_08:01:56,9828.0,12128.0,46220.0,14003.0,16189.0,43257.0
2025-07-19_08:01:57,9685.0,12128.0,46220.0,14265.0,16189.0,43257.0
2025-07-19_08:01:57,,,,14055.0,16189.0,43257.0
2025-07-19_08:02:01,3375.0,12128.0,46220.0,12189.0,16189.0,43257.0
2025-07-19_08:02:01,9110.0,12128.0,46220.0,13855.0,16189.0,43257.0
2025-07-19_08:02:01,9808.0,12128.0,46220.0,14308.0,16189.0,43257.0
2025-07-19_08:02:01,9132.0,12128.0,46220.0,13792.0,16189.0,43257.0
2025-07-19_08:02:01,,,,14224.0,16189.0,43257.0
2025-07-19_08:02:05,3358.0,12128.0,46220.0,12191.0,16189.0,43257.0
2025-07-19_08:02:05,9671.0,12128.0,46220.0,13971.0,16189.0,43257.0
2025-07-19_08:02:06,9679.0,12128.0,46220.0,14164.0,16189.0,43257.0
2025-07-19_08:02:06,9895.0,12128.0,46220.0,14177.0,16189.0,43257.0
2025-07-19_08:02:06,,,,,,
2025-07-19_08:02:10,6969.0,12128.0,46220.0,3793.0,16189.0,43257.0
2025-07-19_08:02:10,9847.0,12128.0,46220.0,14021.0,16189.0,43257.0
2025-07-19_08:02:10,9634.0,12128.0,46220.0,14287.0,16189.0,43257.0
2025-07-19_08:02:11,9519.0,12128.0,46220.0,14300.0,16189.0,43257.0
2025-07-19_08:02:11,9602.0,12128.0,46220.0,13972.0,16189.0,43257.0
2025-07-19_08:02:11,9669.0,12128.0,46220.0,13843.0,16189.0,43257.0
2025-07-19_08:02:11,9276.0,12128.0,46220.0,13696.0,16189.0,43257.0
2025-07-19_08:02:11,9195.0,12128.0,46220.0,13792.0,16189.0,43257.0
2025-07-19_08:02:12,9834.0,12128.0,46220.0,14325.0,16189.0,43257.0
2025-07-19_08:02:12,9603.0,12128.0,46220.0,14184.0,16189.0,43257.0
2025-07-19_08:02:12,9918.0,12128.0,46220.0,14364.0,16189.0,43257.0
2025-07-19_08:02:12,,,,,,
2025-07-19_08:02:16,6965.0,12128.0,46220.0,3792.0,16189.0,43257.0
2025-07-19_08:02:16,,,,14001.0,16189.0,43257.0
2025-07-19_08:02:20,3319.0,12128.0,46220.0,12165.0,16189.0,43257.0
2025-07-19_08:02:20,9908.0,12128.0,46220.0,14353.0,16189.0,43257.0
2025-07-19_08:02:21,,,,14119.0,16189.0,43257.0
2025-07-19_08:02:24,3319.0,12128.0,46220.0,12187.0,16189.0,43257.0
2025-07-19_08:02:25,9659.0,12128.0,46220.0,14288.0,16189.0,43257.0
2025-07-19_08:02:25,9682.0,12128.0,46220.0,13986.0,16189.0,43257.0
2025-07-19_08:02:25,9670.0,12128.0,46220.0,14175.0,16189.0,43257.0
2025-07-19_08:02:25,9369.0,12128.0,46220.0,14050.0,16189.0,43257.0
2025-07-19_08:02:25,9954.0,12128.0,46220.0,14169.0,16189.0,43257.0
2025-07-19_08:02:26,,,,13279.0,16189.0,43257.0
2025-07-19_08:02:30,2778.0,12128.0,46220.0,12196.0,16189.0,43257.0
2025-07-19_08:02:30,9671.0,12128.0,46220.0,14169.0,16189.0,43257.0
2025-07-19_08:02:30,8830.0,12128.0,46220.0,14225.0,16189.0,43257.0
2025-07-19_08:02:30,9643.0,12128.0,46220.0,14290.0,16189.0,43257.0
2025-07-19_08:02:30,9622.0,12128.0,46220.0,14101.0,16189.0,43257.0
2025-07-19_08:02:31,,,,14294.0,16189.0,43257.0
2025-07-19_08:02:34,3358.0,12128.0,46220.0,12183.0,16189.0,43257.0
2025-07-19_08:02:35,9672.0,12128.0,46220.0,14172.0,16189.0,43257.0
2025-07-19_08:02:35,,,,,,
2025-07-19_08:02:39,6959.0,12128.0,46220.0,3793.0,16189.0,43257.0
2025-07-19_08:02:39,9695.0,12128.0,46220.0,14055.0,16189.0,43257.0
2025-07-19_08:02:39,9599.0,12128.0,46220.0,14171.0,16189.0,43257.0
2025-07-19_08:02:39,,,,,,
2025-07-19_08:02:43,6964.0,12128.0,46220.0,3793.0,16189.0,43257.0
2025-07-19_08:02:43,9940.0,12128.0,46220.0,14088.0,16189.0,43257.0
2025-07-19_08:02:43,9631.0,12128.0,46220.0,14306.0,16189.0,43257.0
2025-07-19_08:02:44,9771.0,12128.0,46220.0,14129.0,16189.0,43257.0
2025-07-19_08:02:44,10076.0,12128.0,46220.0,14170.0,16189.0,43257.0
2025-07-19_08:02:44,9587.0,12128.0,46220.0,14184.0,16189.0,43257.0
2025-07-19_08:02:44,10196.0,12128.0,46220.0,14543.0,16189.0,43258.0
2025-07-19_08:02:45,8696.0,12128.0,46220.0,13996.0,16189.0,43258.0
2025-07-19_08:02:45,9613.0,12128.0,46220.0,14288.0,16189.0,43258.0
2025-07-19_08:02:45,9648.0,12128.0,46220.0,14274.0,16189.0,43258.0
2025-07-19_08:02:45,10127.0,12128.0,46220.0,14375.0,16189.0,43258.0
2025-07-19_08:02:45,9703.0,12128.0,46220.0,14167.0,16189.0,43258.0
2025-07-19_08:02:46,9100.0,12128.0,46220.0,13953.0,16189.0,43258.0
2025-07-19_08:02:46,9671.0,12128.0,46220.0,13987.0,16189.0,43258.0
2025-07-19_08:02:46,9174.0,12128.0,46220.0,13798.0,16189.0,43258.0
2025-07-19_08:02:46,10001.0,12128.0,46220.0,14358.0,16189.0,43258.0
2025-07-19_08:02:47,9184.0,12128.0,46220.0,13780.0,16189.0,43258.0
2025-07-19_08:02:47,9310.0,12128.0,46220.0,13945.0,16189.0,43258.0
2025-07-19_08:02:47,10013.0,12128.0,46227.0,14368.0,16189.0,43258.0
2025-07-19_08:02:47,,,,,,
2025-07-19_08:02:51,6965.0,12128.0,46227.0,3793.0,16189.0,43258.0
2025-07-19_08:02:51,9920.0,12128.0,46227.0,14233.0,16189.0,43258.0
2025-07-19_08:02:51,10301.0,12128.0,46227.0,14515.0,16189.0,43258.0
2025-07-19_08:02:52,,,,13979.0,16189.0,43258.0
2025-07-19_08:02:55,3373.0,12128.0,46227.0,12192.0,16189.0,43258.0
2025-07-19_08:02:56,9826.0,12128.0,46227.0,14076.0,16189.0,43258.0
2025-07-19_08:02:56,,,,14416.0,16189.0,43258.0
2025-07-19_08:03:00,2778.0,12128.0,46227.0,12190.0,16189.0,43258.0
2025-07-19_08:03:00,9672.0,12128.0,46227.0,14169.0,16189.0,43258.0
2025-07-19_08:03:00,9656.0,12128.0,46227.0,14113.0,16189.0,43258.0
2025-07-19_08:03:00,10074.0,12128.0,46227.0,14317.0,16189.0,43258.0
2025-07-19_08:03:01,9677.0,12128.0,46227.0,14178.0,16189.0,43258.0
2025-07-19_08:03:01,9842.0,12128.0,46227.0,14017.0,16189.0,43258.0
2025-07-19_08:03:01,9612.0,12128.0,46227.0,13991.0,16189.0,43258.0
2025-07-19_08:03:01,9764.0,12128.0,46227.0,14030.0,16189.0,43258.0
2025-07-19_08:03:02,,,,13783.0,16189.0,43258.0
2025-07-19_08:03:05,3375.0,12128.0,46227.0,12155.0,16189.0,43258.0
2025-07-19_08:03:05,9673.0,12128.0,46227.0,14163.0,16189.0,43258.0
2025-07-19_08:03:06,8550.0,12128.0,46227.0,14099.0,16189.0,43258.0
2025-07-19_08:03:06,9600.0,12128.0,46227.0,14216.0,16189.0,43258.0
2025-07-19_08:03:06,9880.0,12128.0,46227.0,14297.0,16189.0,43258.0
2025-07-19_08:03:06,9673.0,12128.0,46227.0,13989.0,16189.0,43258.0
2025-07-19_08:03:07,9836.0,12128.0,46227.0,14266.0,16189.0,43258.0
2025-07-19_08:03:07,8580.0,12128.0,46227.0,13931.0,16189.0,43258.0
2025-07-19_08:03:07,9529.0,12128.0,46227.0,14183.0,16189.0,43258.0
2025-07-19_08:03:07,10396.0,12128.0,46227.0,14675.0,16189.0,43258.0
2025-07-19_08:03:08,,,,,,
2025-07-19_08:03:11,6965.0,12128.0,46227.0,3793.0,16189.0,43258.0
2025-07-19_08:03:12,9676.0,12128.0,46227.0,14200.0,16189.0,43258.0
2025-07-19_08:03:12,9956.0,12128.0,46227.0,14321.0,16189.0,43258.0
2025-07-19_08:03:12,,,,,,
2025-07-19_08:03:16,6968.0,12128.0,46227.0,3792.0,16189.0,43258.0
2025-07-19_08:03:16,9904.0,12128.0,46227.0,14159.0,16189.0,43258.0
2025-07-19_08:03:16,9668.0,12128.0,46227.0,13984.0,16189.0,43258.0
2025-07-19_08:03:16,,,,,,
2025-07-19_08:03:20,6966.0,12128.0,46227.0,3792.0,16189.0,43258.0
2025-07-19_08:03:21,10210.0,12128.0,46229.0,14450.0,16189.0,43258.0
2025-07-19_08:03:21,9643.0,12128.0,46229.0,14145.0,16189.0,43258.0
2025-07-19_08:03:21,9636.0,12128.0,46229.0,13956.0,16189.0,43258.0
2025-07-19_08:03:21,,,,,,
2025-07-19_08:03:25,6966.0,12128.0,46229.0,3793.0,16189.0,43258.0
2025-07-19_08:03:25,,,,14202.0,16189.0,43258.0
2025-07-19_08:03:29,3373.0,12128.0,46229.0,12161.0,16189.0,43258.0
2025-07-19_08:03:29,9671.0,12128.0,46229.0,13978.0,16189.0,43258.0
2025-07-19_08:03:29,9845.0,12128.0,46229.0,14033.0,16189.0,43258.0
2025-07-19_08:03:29,10073.0,12128.0,46229.0,14145.0,16189.0,43258.0
2025-07-19_08:03:30,9557.0,12128.0,46229.0,14205.0,16189.0,43258.0
2025-07-19_08:03:30,,,,13269.0,16189.0,43258.0
2025-07-19_08:03:34,2780.0,12128.0,46229.0,12194.0,16189.0,43258.0
2025-07-19_08:03:34,10043.0,12128.0,46229.0,14351.0,16189.0,43258.0
2025-07-19_08:03:34,9857.0,12128.0,46229.0,14020.0,16189.0,43258.0
2025-07-19_08:03:35,9601.0,12128.0,46229.0,13993.0,16189.0,43258.0
2025-07-19_08:03:35,,,,,,
2025-07-19_08:03:39,6964.0,12128.0,46229.0,3793.0,16189.0,43258.0
2025-07-19_08:03:39,9668.0,12128.0,46229.0,14300.0,16189.0,43258.0
2025-07-19_08:03:39,9664.0,12128.0,46229.0,14125.0,16189.0,43258.0
2025-07-19_08:03:39,9659.0,12128.0,46229.0,14105.0,16189.0,43258.0
2025-07-19_08:03:39,9587.0,12128.0,46229.0,13980.0,16189.0,43258.0
2025-07-19_08:03:40,,,,,,
2025-07-19_08:03:43,6964.0,12128.0,46229.0,3793.0,16189.0,43258.0
2025-07-19_08:03:44,9686.0,12128.0,46229.0,14183.0,16189.0,43258.0
2025-07-19_08:03:44,9831.0,12128.0,46229.0,14224.0,16189.0,43258.0
2025-07-19_08:03:44,9833.0,12128.0,46229.0,14186.0,16189.0,43258.0
2025-07-19_08:03:44,9680.0,12128.0,46229.0,13800.0,16189.0,43258.0
2025-07-19_08:03:45,9806.0,12128.0,46229.0,14031.0,16189.0,43258.0
2025-07-19_08:03:45,,,,,,
2025-07-19_08:03:49,6970.0,12128.0,46229.0,3793.0,16189.0,43258.0
2025-07-19_08:03:49,9600.0,12128.0,46229.0,13803.0,16189.0,43258.0
2025-07-19_08:03:49,9801.0,12128.0,46229.0,14170.0,16189.0,43258.0
2025-07-19_08:03:49,9811.0,12128.0,46229.0,14371.0,16189.0,43258.0
2025-07-19_08:03:49,9344.0,12128.0,46229.0,14108.0,16189.0,43258.0
2025-07-19_08:03:50,9874.0,12128.0,46229.0,13872.0,16189.0,43258.0
2025-07-19_08:03:50,9832.0,12128.0,46230.0,14062.0,16189.0,43258.0
2025-07-19_08:03:50,9842.0,12128.0,46230.0,14039.0,16189.0,43258.0
2025-07-19_08:03:50,,,,,,
2025-07-19_08:03:54,6969.0,12128.0,46230.0,3792.0,16189.0,43258.0
2025-07-19_08:03:54,9675.0,12128.0,46230.0,14159.0,16189.0,43258.0
2025-07-19_08:03:55,8521.0,12128.0,46230.0,13937.0,16189.0,43258.0
2025-07-19_08:03:55,,,,12865.0,16189.0,43258.0
2025-07-19_08:03:59,2778.0,12128.0,46230.0,12186.0,16189.0,43258.0
2025-07-19_08:03:59,,,,14080.0,16189.0,43258.0
2025-07-19_08:04:03,3319.0,12128.0,46230.0,12190.0,16189.0,43258.0
2025-07-19_08:04:03,9670.0,12128.0,46230.0,13862.0,16189.0,43258.0
2025-07-19_08:04:03,,,,,,
2025-07-19_08:04:07,6958.0,12128.0,46230.0,3792.0,16189.0,43258.0
2025-07-19_08:04:07,9671.0,12128.0,46230.0,13735.0,16189.0,43258.0
2025-07-19_08:04:07,,,,13785.0,16189.0,43258.0
2025-07-19_08:04:11,3375.0,12128.0,46230.0,12183.0,16189.0,43258.0
2025-07-19_08:04:11,9862.0,12128.0,46230.0,14067.0,16189.0,43258.0
2025-07-19_08:04:11,9992.0,12128.0,46230.0,14146.0,16189.0,43258.0
2025-07-19_08:04:12,8720.0,12128.0,46240.0,14265.0,16190.0,43259.0
2025-07-19_08:04:12,9678.0,12128.0,46240.0,13787.0,16190.0,43259.0
2025-07-19_08:04:12,,,,13943.0,16190.0,43259.0
2025-07-19_08:04:16,3302.0,12128.0,46240.0,12195.0,16190.0,43259.0
2025-07-19_08:04:16,9677.0,12128.0,46240.0,14131.0,16190.0,43259.0
2025-07-19_08:04:16,,,,,,
2025-07-19_08:04:20,6966.0,12128.0,46240.0,3792.0,16190.0,43259.0
2025-07-19_08:04:20,,,,,,
2025-07-19_08:04:24,6960.0,12128.0,46240.0,3793.0,16190.0,43259.0
2025-07-19_08:04:24,9856.0,12128.0,46240.0,14328.0,16190.0,43259.0
2025-07-19_08:04:25,,,,,,
2025-07-19_08:04:28,6973.0,12128.0,46240.0,3793.0,16190.0,43259.0
2025-07-19_08:04:29,9675.0,12128.0,46240.0,13931.0,16190.0,43259.0
2025-07-19_08:04:29,9657.0,12128.0,46240.0,14111.0,16190.0,43259.0
2025-07-19_08:04:29,9894.0,12128.0,46240.0,14358.0,16190.0,43259.0
2025-07-19_08:04:29,9645.0,12128.0,46240.0,14108.0,16190.0,43259.0
2025-07-19_08:04:30,,,,,,
2025-07-19_08:04:34,2778.0,12128.0,46240.0,3776.0,16190.0,43259.0
2025-07-19_08:04:34,9673.0,12128.0,46240.0,14164.0,16190.0,43259.0
2025-07-19_08:04:34,9956.0,12128.0,46240.0,13975.0,16190.0,43259.0
2025-07-19_08:04:35,9925.0,12128.0,46240.0,14169.0,16190.0,43259.0
2025-07-19_08:04:35,9648.0,12128.0,46240.0,14146.0,16190.0,43259.0
2025-07-19_08:04:35,9669.0,12128.0,46240.0,13973.0,16190.0,43259.0
2025-07-19_08:04:35,10098.0,12128.0,46240.0,14535.0,16190.0,43259.0
2025-07-19_08:04:36,9530.0,12128.0,46240.0,14183.0,16190.0,43259.0
2025-07-19_08:04:36,9685.0,12128.0,46240.0,13972.0,16190.0,43259.0
2025-07-19_08:04:36,9873.0,12128.0,46240.0,13899.0,16190.0,43259.0
2025-07-19_08:04:36,,,,14446.0,16190.0,43263.0
2025-07-19_08:04:40,2778.0,12128.0,46240.0,12165.0,16190.0,43263.0
2025-07-19_08:04:40,,,,,,
2025-07-19_08:04:44,6964.0,12128.0,46240.0,3792.0,16190.0,43263.0
2025-07-19_08:04:44,9580.0,12128.0,46240.0,14204.0,16190.0,43263.0
2025-07-19_08:04:45,9623.0,12128.0,46240.0,14033.0,16190.0,43263.0
2025-07-19_08:04:45,9552.0,12128.0,46240.0,14010.0,16190.0,43263.0
2025-07-19_08:04:45,9662.0,12128.0,46240.0,14252.0,16190.0,43263.0
2025-07-19_08:04:45,9673.0,12128.0,46240.0,14006.0,16190.0,43263.0
2025-07-19_08:04:45,10208.0,12128.0,46240.0,14578.0,16190.0,43263.0
2025-07-19_08:04:46,9591.0,12128.0,46240.0,14019.0,16190.0,43263.0
2025-07-19_08:04:46,10141.0,12128.0,46240.0,14109.0,16190.0,43267.0
2025-07-19_08:04:46,,,,,,
2025-07-19_08:04:50,6964.0,12128.0,46240.0,3793.0,16190.0,43267.0
2025-07-19_08:04:50,9629.0,12128.0,46240.0,13977.0,16190.0,43267.0
2025-07-19_08:04:50,10018.0,12128.0,46240.0,13918.0,16190.0,43267.0
2025-07-19_08:04:51,,,,14730.0,16190.0,43267.0
2025-07-19_08:04:54,3375.0,12128.0,46240.0,12189.0,16190.0,43267.0
2025-07-19_08:04:54,8680.0,12128.0,46240.0,14014.0,16190.0,43267.0
2025-07-19_08:04:55,10383.0,12128.0,46240.0,14444.0,16190.0,43267.0
2025-07-19_08:04:55,9634.0,12128.0,46240.0,14311.0,16190.0,43267.0
2025-07-19_08:04:55,10089.0,12128.0,46240.0,14320.0,16190.0,43267.0
2025-07-19_08:04:55,9875.0,12128.0,46240.0,14120.0,16190.0,43267.0
2025-07-19_08:04:56,9668.0,12128.0,46240.0,14321.0,16190.0,43267.0
2025-07-19_08:04:56,9411.0,12128.0,46240.0,14194.0,16190.0,43267.0
2025-07-19_08:04:56,9465.0,12128.0,46240.0,13920.0,16190.0,43267.0
2025-07-19_08:04:56,,,,,,
2025-07-19_08:05:00,6970.0,12128.0,46240.0,3792.0,16190.0,43267.0
2025-07-19_08:05:00,9645.0,12128.0,46240.0,14294.0,16190.0,43267.0
2025-07-19_08:05:01,9811.0,12128.0,46240.0,13839.0,16190.0,43267.0
2025-07-19_08:05:01,9316.0,12128.0,46240.0,14080.0,16190.0,43267.0
2025-07-19_08:05:01,9896.0,12128.0,46240.0,14354.0,16190.0,43267.0
2025-07-19_08:05:01,9583.0,12128.0,46240.0,14230.0,16190.0,43267.0
2025-07-19_08:05:02,9660.0,12128.0,46240.0,14219.0,16190.0,43267.0
2025-07-19_08:05:02,,,,,,
2025-07-19_08:05:06,6965.0,12128.0,46240.0,3786.0,16190.0,43267.0
2025-07-19_08:05:06,9846.0,12128.0,46240.0,14241.0,16190.0,43267.0
2025-07-19_08:05:06,9763.0,12128.0,46240.0,14267.0,16190.0,43267.0
2025-07-19_08:05:06,9382.0,12128.0,46240.0,14195.0,16190.0,43267.0
2025-07-19_08:05:07,10300.0,12128.0,46240.0,14563.0,16190.0,43267.0
2025-07-19_08:05:07,9670.0,12128.0,46240.0,13957.0,16190.0,43267.0
2025-07-19_08:05:07,9865.0,12128.0,46240.0,14245.0,16190.0,43267.0
2025-07-19_08:05:07,,,,14087.0,16190.0,43267.0
2025-07-19_08:05:11,3358.0,12128.0,46240.0,12170.0,16190.0,43267.0
2025-07-19_08:05:11,,,,13804.0,16190.0,43267.0
2025-07-19_08:05:15,3358.0,12128.0,46240.0,12161.0,16190.0,43267.0
2025-07-19_08:05:15,,,,13102.0,16190.0,43267.0
2025-07-19_08:05:19,2778.0,12128.0,46240.0,12165.0,16190.0,43267.0
2025-07-19_08:05:19,9626.0,12128.0,46240.0,14061.0,16190.0,43267.0
2025-07-19_08:05:19,,,,,,
2025-07-19_08:05:23,6975.0,12128.0,46240.0,3793.0,16190.0,43267.0
2025-07-19_08:05:23,9705.0,12128.0,46240.0,14153.0,16190.0,43267.0
2025-07-19_08:05:24,,,,13255.0,16190.0,43267.0
2025-07-19_08:05:27,2778.0,12128.0,46240.0,12184.0,16190.0,43267.0
2025-07-19_08:05:28,9674.0,12128.0,46240.0,13733.0,16190.0,43267.0
2025-07-19_08:05:28,9648.0,12128.0,46240.0,14104.0,16190.0,43267.0
2025-07-19_08:05:28,,,,14667.0,16190.0,43296.0
2025-07-19_08:05:32,2778.0,12128.0,46240.0,12188.0,16190.0,43296.0
2025-07-19_08:05:32,9664.0,12128.0,46240.0,14102.0,16190.0,43296.0
2025-07-19_08:05:32,,,,13981.0,16190.0,43296.0
2025-07-19_08:05:36,3302.0,12128.0,46240.0,12185.0,16190.0,43296.0
2025-07-19_08:05:36,9794.0,12128.0,46240.0,14227.0,16190.0,43296.0
2025-07-19_08:05:36,9681.0,12128.0,46240.0,14338.0,16190.0,43296.0
2025-07-19_08:05:37,9668.0,12128.0,46240.0,14168.0,16190.0,43296.0
2025-07-19_08:05:37,9713.0,12128.0,46240.0,14022.0,16190.0,43296.0
2025-07-19_08:05:37,,,,,,
2025-07-19_08:05:41,6964.0,12128.0,46240.0,3792.0,16190.0,43296.0
2025-07-19_08:05:45,2778.0,12128.0,46240.0,3787.0,16190.0,43296.0
2025-07-19_08:05:46,,,,,,
2025-07-19_08:05:50,2778.0,12128.0,46240.0,3776.0,16190.0,43296.0
2025-07-19_08:05:50,9677.0,12128.0,46240.0,13984.0,16190.0,43296.0
2025-07-19_08:05:51,9813.0,12128.0,46240.0,13992.0,16190.0,43296.0
2025-07-19_08:05:51,8962.0,12128.0,46240.0,13978.0,16190.0,43296.0
2025-07-19_08:05:51,9888.0,12128.0,46240.0,14266.0,16190.0,43296.0
2025-07-19_08:05:51,9868.0,12128.0,46240.0,14362.0,16190.0,43296.0
2025-07-19_08:05:51,9686.0,12128.0,46240.0,13990.0,16190.0,43296.0
2025-07-19_08:05:52,9652.0,12128.0,46240.0,13918.0,16190.0,43296.0
2025-07-19_08:05:52,9678.0,12128.0,46240.0,13968.0,16190.0,43296.0
2025-07-19_08:05:52,9657.0,12128.0,46240.0,14112.0,16190.0,43296.0
2025-07-19_08:05:52,,,,,,
2025-07-19_08:05:56,6961.0,12128.0,46240.0,3793.0,16190.0,43296.0
2025-07-19_08:05:56,9687.0,12128.0,46240.0,13972.0,16190.0,43296.0
2025-07-19_08:05:57,,,,14330.0,16190.0,43296.0
2025-07-19_08:06:00,3375.0,12128.0,46240.0,12145.0,16190.0,43296.0
2025-07-19_08:06:00,10138.0,12128.0,46240.0,14123.0,16190.0,43296.0
2025-07-19_08:06:01,9649.0,12128.0,46240.0,13765.0,16190.0,43296.0
2025-07-19_08:06:01,9990.0,12128.0,46240.0,14163.0,16190.0,43296.0
2025-07-19_08:06:01,9768.0,12128.0,46240.0,14140.0,16190.0,43296.0
2025-07-19_08:06:01,9638.0,12128.0,46240.0,14014.0,16190.0,43296.0
2025-07-19_08:06:02,10025.0,12128.0,46240.0,14303.0,16190.0,43296.0
2025-07-19_08:06:02,9858.0,12128.0,46240.0,14137.0,16190.0,43296.0
2025-07-19_08:06:02,,,,,,
2025-07-19_08:06:06,6958.0,12128.0,46240.0,3793.0,16190.0,43296.0
2025-07-19_08:06:06,9670.0,12128.0,46240.0,14175.0,16190.0,43296.0
2025-07-19_08:06:06,9682.0,12128.0,46240.0,13984.0,16190.0,43296.0
2025-07-19_08:06:06,9842.0,12128.0,46240.0,14228.0,16190.0,43296.0
2025-07-19_08:06:07,9630.0,12128.0,46240.0,14297.0,16190.0,43296.0
2025-07-19_08:06:07,,,,14373.0,16190.0,43296.0
2025-07-19_08:06:11,2778.0,12128.0,46240.0,12185.0,16190.0,43296.0
2025-07-19_08:06:11,9901.0,12128.0,46240.0,14249.0,16190.0,43296.0
2025-07-19_08:06:11,9682.0,12128.0,46240.0,13952.0,16190.0,43296.0
2025-07-19_08:06:11,10137.0,12128.0,46240.0,14228.0,16190.0,43296.0
2025-07-19_08:06:12,9166.0,12128.0,46240.0,14006.0,16190.0,43296.0
2025-07-19_08:06:12,9162.0,12128.0,46240.0,14007.0,16190.0,43296.0
2025-07-19_08:06:12,,,,14189.0,16190.0,43296.0
2025-07-19_08:06:16,3319.0,12128.0,46240.0,12189.0,16190.0,43296.0
2025-07-19_08:06:16,9684.0,12128.0,46240.0,14066.0,16190.0,43296.0
2025-07-19_08:06:16,10106.0,12128.0,46240.0,14451.0,16190.0,43296.0
2025-07-19_08:06:16,9671.0,12128.0,46240.0,14157.0,16190.0,43296.0
2025-07-19_08:06:17,,,,,,
2025-07-19_08:06:20,6971.0,12128.0,46240.0,3792.0,16190.0,43296.0
2025-07-19_08:06:21,,,,14007.0,16190.0,43296.0
2025-07-19_08:06:24,3377.0,12128.0,46240.0,12184.0,16190.0,43296.0
2025-07-19_08:06:25,,,,13777.0,16190.0,43296.0
2025-07-19_08:06:28,3375.0,12128.0,46240.0,12187.0,16190.0,43296.0
2025-07-19_08:06:28,,,,14734.0,16190.0,43296.0
2025-07-19_08:06:32,3375.0,12128.0,46240.0,12179.0,16190.0,43296.0
2025-07-19_08:06:32,9657.0,12128.0,46240.0,14103.0,16190.0,43296.0
2025-07-19_08:06:33,9733.0,12128.0,46240.0,14291.0,16190.0,43296.0
2025-07-19_08:06:33,9657.0,12128.0,46240.0,14321.0,16190.0,43296.0
2025-07-19_08:06:33,9671.0,12128.0,46240.0,14163.0,16190.0,43296.0
2025-07-19_08:06:33,9478.0,12128.0,46240.0,13934.0,16190.0,43296.0
2025-07-19_08:06:33,9854.0,12128.0,46240.0,14261.0,16190.0,43296.0
2025-07-19_08:06:34,,,,,,
2025-07-19_08:06:38,6959.0,12128.0,46240.0,3789.0,16190.0,43296.0
2025-07-19_08:06:38,,,,14098.0,16190.0,43296.0
2025-07-19_08:06:42,2778.0,12128.0,46240.0,12146.0,16190.0,43296.0
2025-07-19_08:06:42,,,,13620.0,16190.0,43296.0
2025-07-19_08:06:45,3377.0,12128.0,46240.0,12159.0,16190.0,43296.0
2025-07-19_08:06:46,8616.0,12128.0,46240.0,13865.0,16190.0,43296.0
2025-07-19_08:06:46,9673.0,12128.0,46240.0,13974.0,16190.0,43296.0
2025-07-19_08:06:46,,,,13846.0,16190.0,43298.0
2025-07-19_08:06:50,3321.0,12128.0,46240.0,12178.0,16190.0,43298.0
2025-07-19_08:06:50,,,,,,
2025-07-19_08:06:54,6982.0,12128.0,46242.0,3792.0,16190.0,43300.0
2025-07-19_08:06:54,,,,,,
2025-07-19_08:06:59,2778.0,12128.0,46242.0,3776.0,16190.0,43300.0
2025-07-19_08:07:00,6983.0,12128.0,46242.0,3804.0,16190.0,43300.0
2025-07-19_08:07:00,7988.0,12128.0,46242.0,12844.0,16190.0,43314.0
2025-07-19_08:07:04,2778.0,12128.0,46242.0,12175.0,16190.0,43315.0
2025-07-19_08:07:05,,,,,,
2025-07-19_08:07:10,2778.0,12128.0,46242.0,3776.0,16190.0,43315.0
2025-07-19_08:07:10,7985.0,12128.0,46244.0,12851.0,16190.0,43429.0
2025-07-19_08:07:10,9634.0,12128.0,46244.0,14030.0,16190.0,43429.0
2025-07-19_08:07:11,,,,,,
2025-07-19_08:07:15,2778.0,12128.0,46244.0,3776.0,16190.0,43429.0
2025-07-19_08:07:15,,,,,,
2025-07-19_08:07:19,6965.0,12128.0,46244.0,3787.0,16190.0,43429.0
2025-07-19_08:07:20,9486.0,12128.0,46244.0,13877.0,16190.0,43429.0
2025-07-19_08:07:20,,,,,,
2025-07-19_08:07:24,6958.0,12128.0,46244.0,3793.0,16190.0,43429.0
2025-07-19_08:07:24,9681.0,12128.0,46244.0,14208.0,16190.0,43429.0
2025-07-19_08:07:24,,,,14204.0,16190.0,43429.0
2025-07-19_08:07:28,2778.0,12128.0,46244.0,12195.0,16190.0,43429.0
2025-07-19_08:07:28,,,,,,
2025-07-19_08:07:33,2778.0,12128.0,46244.0,3776.0,16190.0,43429.0
2025-07-19_08:07:33,9660.0,12128.0,46244.0,14192.0,16190.0,43429.0
2025-07-19_08:07:33,9676.0,12128.0,46244.0,14176.0,16190.0,43429.0
2025-07-19_08:07:34,,,,,,
2025-07-19_08:07:37,6965.0,12128.0,46244.0,3793.0,16190.0,43429.0
2025-07-19_08:07:38,9828.0,12128.0,46244.0,14306.0,16190.0,43429.0
2025-07-19_08:07:38,,,,14279.0,16190.0,43429.0
2025-07-19_08:07:42,2778.0,12128.0,46244.0,12192.0,16190.0,43430.0
2025-07-19_08:07:42,9717.0,12128.0,46244.0,14088.0,16190.0,43430.0
2025-07-19_08:07:42,,,,,,
2025-07-19_08:07:46,6967.0,12128.0,46244.0,3793.0,16190.0,43430.0
2025-07-19_08:07:46,9585.0,12128.0,46244.0,14129.0,16190.0,43430.0
2025-07-19_08:07:46,10073.0,12128.0,46244.0,14369.0,16190.0,43430.0
2025-07-19_08:07:47,9679.0,12128.0,46244.0,13791.0,16190.0,43430.0
2025-07-19_08:07:47,9625.0,12128.0,46244.0,14104.0,16190.0,43430.0
2025-07-19_08:07:47,9562.0,12128.0,46244.0,14033.0,16190.0,43430.0
2025-07-19_08:07:47,9891.0,12128.0,46244.0,14101.0,16190.0,43430.0
2025-07-19_08:07:48,9673.0,12128.0,46244.0,13968.0,16190.0,43430.0
2025-07-19_08:07:48,9663.0,12128.0,46244.0,14097.0,16190.0,43430.0
2025-07-19_08:07:48,9671.0,12128.0,46244.0,14351.0,16190.0,43430.0
2025-07-19_08:07:48,9467.0,12128.0,46244.0,14237.0,16190.0,43430.0
2025-07-19_08:07:48,,,,13921.0,16190.0,43430.0
2025-07-19_08:07:52,3319.0,12128.0,46244.0,12190.0,16190.0,43430.0
2025-07-19_08:07:52,9695.0,12128.0,46244.0,14135.0,16190.0,43430.0
2025-07-19_08:07:53,,,,14569.0,16190.0,43430.0
2025-07-19_08:07:56,3358.0,12128.0,46244.0,12159.0,16190.0,43430.0
2025-07-19_08:07:56,,,,14150.0,16190.0,43430.0
2025-07-19_08:08:00,3319.0,12128.0,46244.0,12184.0,16190.0,43430.0
2025-07-19_08:08:00,9674.0,12128.0,46244.0,13984.0,16190.0,43430.0
2025-07-19_08:08:01,,,,,,
2025-07-19_08:08:04,6965.0,12128.0,46244.0,3793.0,16190.0,43430.0
2025-07-19_08:08:05,9631.0,12128.0,46244.0,14119.0,16190.0,43430.0
2025-07-19_08:08:05,9211.0,12128.0,46244.0,13756.0,16190.0,43430.0
2025-07-19_08:08:05,9794.0,12128.0,46244.0,14220.0,16190.0,43430.0
2025-07-19_08:08:05,10013.0,12128.0,46244.0,14320.0,16190.0,43430.0
2025-07-19_08:08:06,9509.0,12128.0,46244.0,13985.0,16190.0,43430.0
2025-07-19_08:08:06,,,,14366.0,16190.0,43430.0
2025-07-19_08:08:09,3375.0,12128.0,46244.0,12184.0,16190.0,43430.0
2025-07-19_08:08:10,9869.0,12128.0,46244.0,14164.0,16190.0,43430.0
2025-07-19_08:08:10,9530.0,12128.0,46244.0,13968.0,16190.0,43430.0
2025-07-19_08:08:10,9655.0,12128.0,46244.0,13973.0,16190.0,43430.0
2025-07-19_08:08:10,9840.0,12128.0,46244.0,14032.0,16190.0,43430.0
2025-07-19_08:08:10,9814.0,12128.0,46244.0,14397.0,16190.0,43430.0
2025-07-19_08:08:11,9616.0,12128.0,46244.0,14289.0,16190.0,43430.0
2025-07-19_08:08:11,9669.0,12128.0,46244.0,14171.0,16190.0,43430.0
2025-07-19_08:08:11,9936.0,12128.0,46244.0,14287.0,16190.0,43430.0
2025-07-19_08:08:11,9701.0,12128.0,46244.0,14138.0,16190.0,43430.0
2025-07-19_08:08:12,9639.0,12128.0,46244.0,13779.0,16190.0,43430.0
2025-07-19_08:08:12,,,,13653.0,16190.0,43430.0
2025-07-19_08:08:15,,,,,,
2025-07-19_08:08:19,6969.0,12128.0,46244.0,3792.0,16190.0,43430.0
2025-07-19_08:08:20,2778.0,12128.0,46244.0,12162.0,16190.0,43430.0
2025-07-19_08:08:20,9480.0,12128.0,46244.0,14099.0,16190.0,43430.0
2025-07-19_08:08:21,9683.0,12128.0,46244.0,14177.0,16190.0,43430.0
2025-07-19_08:08:21,10239.0,12128.0,46244.0,14387.0,16190.0,43430.0
2025-07-19_08:08:21,9780.0,12128.0,46244.0,14186.0,16190.0,43430.0
2025-07-19_08:08:21,9730.0,12128.0,46244.0,13895.0,16190.0,43430.0
2025-07-19_08:08:21,9674.0,12128.0,46244.0,13973.0,16190.0,43430.0
2025-07-19_08:08:22,,,,,,
2025-07-19_08:08:26,6952.0,12128.0,46244.0,3792.0,16190.0,43430.0
2025-07-19_08:08:26,9677.0,12128.0,46244.0,14576.0,16190.0,43430.0
2025-07-19_08:08:26,,,,13779.0,16190.0,43430.0
2025-07-19_08:08:30,,,,,,
2025-07-19_08:08:33,6968.0,12128.0,46244.0,3787.0,16190.0,43430.0
2025-07-19_08:08:34,9671.0,12128.0,46244.0,13977.0,16190.0,43430.0
2025-07-19_08:08:34,9646.0,12128.0,46244.0,14282.0,16190.0,43430.0
2025-07-19_08:08:34,,,,,,
2025-07-19_08:08:38,6964.0,12128.0,46244.0,3793.0,16190.0,43430.0
2025-07-19_08:08:38,9842.0,12128.0,46244.0,14024.0,16190.0,43430.0
2025-07-19_08:08:38,9675.0,12128.0,46244.0,13770.0,16190.0,43430.0
2025-07-19_08:08:39,9505.0,12128.0,46244.0,14213.0,16190.0,43430.0
2025-07-19_08:08:39,,,,14304.0,16190.0,43430.0
2025-07-19_08:08:43,3375.0,12128.0,46244.0,12168.0,16190.0,43430.0
2025-07-19_08:08:43,9652.0,12128.0,46244.0,14065.0,16190.0,43430.0
2025-07-19_08:08:43,9659.0,12128.0,46244.0,14316.0,16190.0,43430.0
2025-07-19_08:08:43,9616.0,12128.0,46244.0,14093.0,16190.0,43430.0
2025-07-19_08:08:43,9649.0,12128.0,46244.0,13917.0,16190.0,43430.0
2025-07-19_08:08:44,9731.0,12128.0,46244.0,14395.0,16190.0,43430.0
2025-07-19_08:08:44,9680.0,12128.0,46244.0,14176.0,16190.0,43430.0
2025-07-19_08:08:44,9686.0,12128.0,46244.0,14157.0,16190.0,43430.0
2025-07-19_08:08:44,9708.0,12128.0,46244.0,14168.0,16190.0,43430.0
2025-07-19_08:08:44,9597.0,12128.0,46244.0,13782.0,16190.0,43430.0
2025-07-19_08:08:45,9395.0,12128.0,46244.0,14188.0,16190.0,43430.0
2025-07-19_08:08:45,10196.0,12128.0,46244.0,14664.0,16190.0,43430.0
2025-07-19_08:08:45,9671.0,12128.0,46244.0,14170.0,16190.0,43430.0
2025-07-19_08:08:45,,,,,,
2025-07-19_08:08:49,6968.0,12128.0,46244.0,3792.0,16190.0,43430.0
2025-07-19_08:08:49,9911.0,12128.0,46244.0,14169.0,16190.0,43430.0
2025-07-19_08:08:50,9689.0,12128.0,46244.0,13982.0,16190.0,43430.0
2025-07-19_08:08:50,,,,11877.0,16190.0,43430.0
2025-07-19_08:08:54,2778.0,12128.0,46244.0,12191.0,16190.0,43430.0
2025-07-19_08:08:54,9662.0,12128.0,46244.0,14231.0,16190.0,43430.0
2025-07-19_08:08:54,9430.0,12128.0,46244.0,14197.0,16190.0,43430.0
2025-07-19_08:08:54,10003.0,12128.0,46244.0,14505.0,16190.0,43430.0
2025-07-19_08:08:55,9639.0,12128.0,46244.0,14302.0,16190.0,43430.0
2025-07-19_08:08:55,9685.0,12128.0,46244.0,14180.0,16190.0,43430.0
2025-07-19_08:08:55,9669.0,12128.0,46244.0,13981.0,16190.0,43430.0
2025-07-19_08:08:55,9958.0,12128.0,46244.0,14343.0,16190.0,43430.0
2025-07-19_08:08:55,9687.0,12128.0,46244.0,13969.0,16190.0,43430.0
2025-07-19_08:08:56,9657.0,12128.0,46244.0,13962.0,16190.0,43430.0
2025-07-19_08:08:56,9848.0,12128.0,46244.0,14228.0,16190.0,43430.0
2025-07-19_08:08:56,9701.0,12128.0,46244.0,14358.0,16190.0,43430.0
2025-07-19_08:08:56,10135.0,12128.0,46244.0,14322.0,16190.0,43430.0
2025-07-19_08:08:57,9181.0,12128.0,46244.0,13532.0,16190.0,43430.0
2025-07-19_08:08:57,9676.0,12128.0,46244.0,14002.0,16190.0,43430.0
2025-07-19_08:08:57,9912.0,12128.0,46249.0,14275.0,16190.0,43430.0
2025-07-19_08:08:57,8565.0,12128.0,46249.0,14008.0,16190.0,43434.0
2025-07-19_08:08:57,9587.0,12128.0,46249.0,13993.0,16190.0,43434.0
2025-07-19_08:08:58,8598.0,12128.0,46249.0,13949.0,16190.0,43434.0
2025-07-19_08:08:58,9672.0,12128.0,46249.0,14163.0,16190.0,43434.0
2025-07-19_08:08:58,9683.0,12128.0,46249.0,13827.0,16190.0,43434.0
2025-07-19_08:08:58,9599.0,12128.0,46249.0,14000.0,16190.0,43434.0
2025-07-19_08:08:59,,,,14005.0,16190.0,43435.0
2025-07-19_08:09:02,2778.0,12128.0,46249.0,12198.0,16190.0,43435.0
2025-07-19_08:09:03,9413.0,12128.0,46249.0,14123.0,16190.0,43435.0
2025-07-19_08:09:03,8571.0,12128.0,46249.0,13948.0,16190.0,43435.0
2025-07-19_08:09:03,9229.0,12128.0,46249.0,14117.0,16190.0,43435.0
2025-07-19_08:09:03,9090.0,12128.0,46249.0,14122.0,16190.0,43435.0
2025-07-19_08:09:04,9848.0,12128.0,46249.0,14118.0,16190.0,43435.0
2025-07-19_08:09:04,9586.0,12128.0,46249.0,13972.0,16190.0,43435.0
2025-07-19_08:09:04,9806.0,12128.0,46249.0,14007.0,16190.0,43435.0
2025-07-19_08:09:04,9485.0,12128.0,46249.0,14250.0,16190.0,43435.0
2025-07-19_08:09:04,9852.0,12128.0,46249.0,14277.0,16190.0,43435.0
2025-07-19_08:09:05,9664.0,12128.0,46249.0,14091.0,16190.0,43435.0
2025-07-19_08:09:05,9927.0,12128.0,46249.0,14090.0,16190.0,43435.0
2025-07-19_08:09:05,9641.0,12128.0,46249.0,14136.0,16190.0,43435.0
2025-07-19_08:09:05,9205.0,12128.0,46249.0,13801.0,16190.0,43435.0
2025-07-19_08:09:06,,,,13789.0,16190.0,43435.0
2025-07-19_08:09:09,3302.0,12128.0,46249.0,12197.0,16190.0,43435.0
2025-07-19_08:09:09,9806.0,12128.0,46249.0,14218.0,16190.0,43435.0
2025-07-19_08:09:10,9931.0,12128.0,46249.0,14367.0,16190.0,43435.0
2025-07-19_08:09:10,,,,13992.0,16190.0,43435.0
2025-07-19_08:09:14,3302.0,12128.0,46249.0,12194.0,16190.0,43435.0
2025-07-19_08:09:14,9674.0,12128.0,46249.0,13967.0,16190.0,43435.0
2025-07-19_08:09:14,9843.0,12128.0,46249.0,13782.0,16190.0,43435.0
2025-07-19_08:09:14,9669.0,12128.0,46249.0,13969.0,16190.0,43435.0
2025-07-19_08:09:14,10252.0,12128.0,46249.0,14391.0,16190.0,43435.0
2025-07-19_08:09:15,9829.0,12128.0,46249.0,14204.0,16190.0,43435.0
2025-07-19_08:09:15,9705.0,12128.0,46249.0,14160.0,16190.0,43435.0
2025-07-19_08:09:15,9877.0,12128.0,46249.0,14303.0,16190.0,43435.0
2025-07-19_08:09:15,9612.0,12128.0,46249.0,14216.0,16190.0,43435.0
2025-07-19_08:09:16,9653.0,12128.0,46249.0,14097.0,16190.0,43435.0
2025-07-19_08:09:16,,,,13953.0,16190.0,43435.0
2025-07-19_08:09:20,3375.0,12128.0,46249.0,12185.0,16190.0,43435.0
2025-07-19_08:09:20,9667.0,12128.0,46249.0,14172.0,16190.0,43435.0
2025-07-19_08:09:20,9984.0,12128.0,46249.0,14399.0,16190.0,43435.0
2025-07-19_08:09:20,9847.0,12128.0,46249.0,14228.0,16190.0,43435.0
2025-07-19_08:09:20,9814.0,12128.0,46249.0,14033.0,16190.0,43435.0
2025-07-19_08:09:21,9593.0,12128.0,46249.0,14220.0,16190.0,43435.0
2025-07-19_08:09:21,9721.0,12129.0,46250.0,13986.0,16190.0,43435.0
2025-07-19_08:09:21,9635.0,12129.0,46250.0,14106.0,16190.0,43435.0
2025-07-19_08:09:21,10063.0,12129.0,46250.0,14292.0,16190.0,43435.0
2025-07-19_08:09:21,9839.0,12129.0,46250.0,14061.0,16190.0,43435.0
2025-07-19_08:09:22,9792.0,12129.0,46250.0,14371.0,16190.0,43435.0
2025-07-19_08:09:22,9466.0,12129.0,46250.0,14286.0,16190.0,43435.0
2025-07-19_08:09:22,9921.0,12129.0,46250.0,14363.0,16190.0,43435.0
2025-07-19_08:09:22,9792.0,12129.0,46250.0,14025.0,16190.0,43435.0
2025-07-19_08:09:23,9697.0,12129.0,46250.0,14116.0,16190.0,43435.0
2025-07-19_08:09:23,9669.0,12129.0,46250.0,13987.0,16190.0,43435.0
2025-07-19_08:09:23,9647.0,12129.0,46250.0,14282.0,16190.0,43435.0
2025-07-19_08:09:23,,,,13989.0,16190.0,43435.0
2025-07-19_08:09:27,3319.0,12129.0,46250.0,12197.0,16190.0,43435.0
2025-07-19_08:09:27,9680.0,12129.0,46250.0,13984.0,16190.0,43435.0
2025-07-19_08:09:27,10165.0,12129.0,46250.0,14188.0,16190.0,43435.0
2025-07-19_08:09:28,,,,14015.0,16190.0,43435.0
2025-07-19_08:09:31,2778.0,12129.0,46250.0,12202.0,16190.0,43435.0
2025-07-19_08:09:32,9184.0,12129.0,46250.0,13977.0,16190.0,43435.0
2025-07-19_08:09:32,9829.0,12129.0,46250.0,14219.0,16190.0,43435.0
2025-07-19_08:09:32,9664.0,12129.0,46250.0,14178.0,16190.0,43435.0
2025-07-19_08:09:32,9672.0,12129.0,46250.0,13969.0,16190.0,43435.0
2025-07-19_08:09:33,9671.0,12129.0,46250.0,14207.0,16190.0,43435.0
2025-07-19_08:09:33,9680.0,12129.0,46250.0,14166.0,16190.0,43435.0
2025-07-19_08:09:33,,,,14606.0,16190.0,43435.0
2025-07-19_08:09:37,3375.0,12129.0,46250.0,12188.0,16190.0,43435.0
2025-07-19_08:09:37,10041.0,12129.0,46250.0,14502.0,16190.0,43435.0
2025-07-19_08:09:37,9672.0,12129.0,46250.0,13977.0,16190.0,43435.0
2025-07-19_08:09:37,10296.0,12129.0,46250.0,14630.0,16190.0,43435.0
2025-07-19_08:09:38,9896.0,12129.0,46250.0,14132.0,16190.0,43435.0
2025-07-19_08:09:38,9798.0,12129.0,46250.0,14225.0,16190.0,43435.0
2025-07-19_08:09:38,9623.0,12129.0,46250.0,14288.0,16190.0,43435.0
2025-07-19_08:09:38,9677.0,12129.0,46250.0,14090.0,16190.0,43435.0
2025-07-19_08:09:39,9673.0,12129.0,46250.0,13980.0,16190.0,43435.0
2025-07-19_08:09:39,9673.0,12129.0,46250.0,14143.0,16190.0,43435.0
2025-07-19_08:09:39,,,,,,
2025-07-19_08:09:43,6965.0,12129.0,46250.0,3787.0,16190.0,43435.0
2025-07-19_08:09:43,10091.0,12129.0,46250.0,14312.0,16190.0,43435.0
2025-07-19_08:09:43,9799.0,12129.0,46250.0,14220.0,16190.0,43435.0
2025-07-19_08:09:44,,,,,,
2025-07-19_08:09:47,6968.0,12129.0,46250.0,3793.0,16190.0,43435.0
2025-07-19_08:09:48,,,,,,
2025-07-19_08:09:51,6968.0,12129.0,46250.0,3787.0,16190.0,43435.0
2025-07-19_08:09:52,9655.0,12129.0,46250.0,14135.0,16190.0,43435.0
2025-07-19_08:09:52,8676.0,12129.0,46250.0,14224.0,16190.0,43435.0
2025-07-19_08:09:52,9666.0,12129.0,46250.0,14247.0,16190.0,43435.0
2025-07-19_08:09:52,9668.0,12129.0,46250.0,14166.0,16190.0,43435.0
2025-07-19_08:09:52,10128.0,12129.0,46250.0,14368.0,16190.0,43435.0
2025-07-19_08:09:53,9672.0,12129.0,46250.0,14171.0,16190.0,43435.0
2025-07-19_08:09:53,,,,13981.0,16190.0,43435.0
2025-07-19_08:09:57,3375.0,12129.0,46250.0,12192.0,16190.0,43435.0
2025-07-19_08:09:57,9669.0,12129.0,46250.0,14010.0,16190.0,43435.0
2025-07-19_08:09:57,9669.0,12129.0,46250.0,14162.0,16190.0,43435.0
2025-07-19_08:09:57,9682.0,12129.0,46250.0,14163.0,16190.0,43435.0
2025-07-19_08:09:58,,,,14055.0,16190.0,43435.0
2025-07-19_08:10:01,3390.0,12129.0,46250.0,12148.0,16190.0,43435.0
2025-07-19_08:10:01,9669.0,12129.0,46250.0,13978.0,16190.0,43435.0
2025-07-19_08:10:02,9671.0,12129.0,46250.0,13978.0,16190.0,43435.0
2025-07-19_08:10:02,9647.0,12129.0,46250.0,14285.0,16190.0,43435.0
2025-07-19_08:10:02,10259.0,12129.0,46251.0,14314.0,16190.0,43435.0
2025-07-19_08:10:02,8562.0,12129.0,46251.0,14111.0,16190.0,43435.0
2025-07-19_08:10:03,9671.0,12129.0,46251.0,14105.0,16190.0,43435.0
2025-07-19_08:10:03,8706.0,12129.0,46251.0,14223.0,16190.0,43435.0
2025-07-19_08:10:03,10127.0,12129.0,46251.0,14229.0,16190.0,43435.0
2025-07-19_08:10:03,9684.0,12129.0,46251.0,14349.0,16190.0,43435.0
2025-07-19_08:10:04,9652.0,12129.0,46251.0,14095.0,16190.0,43435.0
2025-07-19_08:10:04,8690.0,12129.0,46251.0,14293.0,16190.0,43435.0
2025-07-19_08:10:04,,,,14298.0,16190.0,43435.0
2025-07-19_08:10:08,3358.0,12129.0,46251.0,12192.0,16190.0,43435.0
2025-07-19_08:10:08,9645.0,12129.0,46251.0,14086.0,16190.0,43435.0
2025-07-19_08:10:08,9704.0,12129.0,46251.0,14136.0,16190.0,43435.0
2025-07-19_08:10:08,9828.0,12129.0,46251.0,14219.0,16190.0,43435.0
2025-07-19_08:10:09,9474.0,12129.0,46251.0,14123.0,16190.0,43435.0
2025-07-19_08:10:09,9655.0,12129.0,46251.0,13979.0,16190.0,43435.0
2025-07-19_08:10:09,,,,13774.0,16190.0,43435.0
2025-07-19_08:10:13,3321.0,12129.0,46251.0,12166.0,16190.0,43435.0
2025-07-19_08:10:13,9686.0,12129.0,46251.0,13959.0,16190.0,43435.0
2025-07-19_08:10:13,,,,14182.0,16190.0,43435.0
2025-07-19_08:10:17,3302.0,12129.0,46251.0,12193.0,16190.0,43435.0
2025-07-19_08:10:17,9663.0,12129.0,46251.0,14092.0,16190.0,43435.0
2025-07-19_08:10:17,9797.0,12129.0,46251.0,14022.0,16190.0,43435.0
2025-07-19_08:10:18,9680.0,12129.0,46251.0,13972.0,16190.0,43435.0
2025-07-19_08:10:18,,,,14050.0,16190.0,43445.0
2025-07-19_08:10:21,3358.0,12129.0,46251.0,12198.0,16190.0,43445.0
2025-07-19_08:10:22,9825.0,12129.0,46251.0,14308.0,16190.0,43445.0
2025-07-19_08:10:22,9669.0,12129.0,46251.0,13982.0,16190.0,43445.0
2025-07-19_08:10:22,8562.0,12129.0,46251.0,13920.0,16190.0,43445.0
2025-07-19_08:10:23,2780.0,12129.0,46251.0,12190.0,16190.0,43445.0
2025-07-19_08:10:23,10130.0,12129.0,46251.0,14260.0,16190.0,43445.0
2025-07-19_08:10:23,9680.0,12129.0,46251.0,14167.0,16190.0,43445.0
2025-07-19_08:10:24,9672.0,12129.0,46251.0,14194.0,16190.0,43445.0
2025-07-19_08:10:24,9487.0,12129.0,46251.0,14186.0,16190.0,43445.0
2025-07-19_08:10:24,9657.0,12129.0,46251.0,13981.0,16190.0,43445.0
2025-07-19_08:10:24,9890.0,12129.0,46251.0,14112.0,16190.0,43445.0
2025-07-19_08:10:25,9678.0,12129.0,46251.0,14198.0,16190.0,43445.0
2025-07-19_08:10:25,,,,13784.0,16190.0,43445.0
2025-07-19_08:10:29,3375.0,12129.0,46251.0,12188.0,16190.0,43445.0
2025-07-19_08:10:29,9672.0,12129.0,46251.0,14169.0,16190.0,43445.0
2025-07-19_08:10:29,9906.0,12129.0,46251.0,14126.0,16190.0,43445.0
2025-07-19_08:10:29,8399.0,12129.0,46251.0,14007.0,16190.0,43445.0
2025-07-19_08:10:29,9670.0,12129.0,46251.0,14209.0,16190.0,43445.0
2025-07-19_08:10:30,9793.0,12129.0,46251.0,14021.0,16190.0,43445.0
2025-07-19_08:10:30,9661.0,12129.0,46251.0,14006.0,16190.0,43445.0
2025-07-19_08:10:30,9704.0,12129.0,46251.0,14211.0,16190.0,43445.0
2025-07-19_08:10:30,9763.0,12129.0,46253.0,14303.0,16190.0,43445.0
2025-07-19_08:10:30,9670.0,12129.0,46253.0,14009.0,16190.0,43445.0
2025-07-19_08:10:31,,,,12044.0,16190.0,43445.0
2025-07-19_08:10:35,2778.0,12129.0,46253.0,12163.0,16190.0,43445.0
2025-07-19_08:10:35,9676.0,12129.0,46253.0,14171.0,16190.0,43445.0
2025-07-19_08:10:35,9971.0,12129.0,46253.0,14138.0,16190.0,43445.0
2025-07-19_08:10:35,,,,14243.0,16190.0,43445.0
2025-07-19_08:10:39,3358.0,12129.0,46253.0,12189.0,16190.0,43445.0
2025-07-19_08:10:39,9675.0,12129.0,46253.0,14173.0,16190.0,43445.0
2025-07-19_08:10:39,,,,13839.0,16190.0,43445.0
2025-07-19_08:10:43,3375.0,12129.0,46253.0,12194.0,16190.0,43445.0
2025-07-19_08:10:43,9785.0,12129.0,46253.0,14031.0,16190.0,43445.0
2025-07-19_08:10:43,9684.0,12129.0,46253.0,14009.0,16190.0,43445.0
2025-07-19_08:10:44,9682.0,12129.0,46253.0,13980.0,16190.0,43445.0
2025-07-19_08:10:44,9547.0,12129.0,46253.0,14373.0,16190.0,43445.0
2025-07-19_08:10:44,,,,14525.0,16190.0,43445.0
2025-07-19_08:10:48,3375.0,12129.0,46253.0,12197.0,16190.0,43445.0
2025-07-19_08:10:48,,,,13841.0,16190.0,43445.0
2025-07-19_08:10:52,3358.0,12129.0,46253.0,12192.0,16190.0,43445.0
2025-07-19_08:10:52,9672.0,12129.0,46253.0,13971.0,16190.0,43445.0
2025-07-19_08:10:52,,,,,,
2025-07-19_08:10:56,6965.0,12129.0,46253.0,3787.0,16190.0,43445.0
2025-07-19_08:10:56,9712.0,12129.0,46253.0,14012.0,16190.0,43445.0
2025-07-19_08:10:56,,,,13979.0,16190.0,43445.0
2025-07-19_08:11:00,3375.0,12129.0,46253.0,12191.0,16190.0,43445.0
2025-07-19_08:11:00,10163.0,12129.0,46253.0,14382.0,16190.0,43445.0
2025-07-19_08:11:01,,,,,,
2025-07-19_08:11:04,6963.0,12129.0,46253.0,3793.0,16190.0,43445.0
2025-07-19_08:11:05,9802.0,12129.0,46253.0,14023.0,16190.0,43445.0
2025-07-19_08:11:05,9796.0,12129.0,46253.0,14337.0,16190.0,43445.0
2025-07-19_08:11:05,9671.0,12129.0,46253.0,13970.0,16190.0,43445.0
2025-07-19_08:11:05,9674.0,12129.0,46253.0,14163.0,16190.0,43445.0
2025-07-19_08:11:05,9829.0,12129.0,46253.0,14035.0,16190.0,43445.0
2025-07-19_08:11:06,9678.0,12129.0,46253.0,14136.0,16190.0,43445.0
2025-07-19_08:11:06,9645.0,12129.0,46253.0,13895.0,16190.0,43445.0
2025-07-19_08:11:06,,,,,,
2025-07-19_08:11:10,6965.0,12129.0,46253.0,3792.0,16190.0,43445.0
2025-07-19_08:11:10,9668.0,12129.0,46253.0,13984.0,16190.0,43445.0
2025-07-19_08:11:10,,,,,,
2025-07-19_08:11:14,6965.0,12129.0,46253.0,3793.0,16190.0,43445.0
2025-07-19_08:11:14,9655.0,12129.0,46253.0,14169.0,16190.0,43445.0
2025-07-19_08:11:15,9759.0,12129.0,46253.0,14246.0,16190.0,43445.0
2025-07-19_08:11:15,,,,13779.0,16190.0,43445.0
2025-07-19_08:11:18,3302.0,12129.0,46253.0,12188.0,16190.0,43445.0
2025-07-19_08:11:19,9648.0,12129.0,46253.0,14104.0,16190.0,43445.0
2025-07-19_08:11:19,9674.0,12129.0,46253.0,13976.0,16190.0,43445.0
2025-07-19_08:11:19,,,,14244.0,16190.0,43445.0
2025-07-19_08:11:23,3377.0,12129.0,46253.0,12168.0,16190.0,43445.0
2025-07-19_08:11:23,9424.0,12129.0,46253.0,14119.0,16190.0,43445.0
2025-07-19_08:11:23,10202.0,12129.0,46253.0,14362.0,16190.0,43445.0
2025-07-19_08:11:23,9671.0,12129.0,46253.0,13966.0,16190.0,43445.0
2025-07-19_08:11:24,9648.0,12129.0,46253.0,14282.0,16190.0,43445.0
2025-07-19_08:11:24,9652.0,12129.0,46253.0,14285.0,16190.0,43445.0
2025-07-19_08:11:24,8536.0,12129.0,46253.0,14106.0,16190.0,43445.0
2025-07-19_08:11:24,9905.0,12129.0,46253.0,14355.0,16190.0,43445.0
2025-07-19_08:11:25,9686.0,12129.0,46253.0,14159.0,16190.0,43445.0
2025-07-19_08:11:25,9738.0,12129.0,46253.0,14072.0,16190.0,43445.0
2025-07-19_08:11:25,9665.0,12129.0,46253.0,14182.0,16190.0,43445.0
2025-07-19_08:11:25,9669.0,12129.0,46253.0,14165.0,16190.0,43445.0
2025-07-19_08:11:25,9657.0,12129.0,46253.0,13960.0,16190.0,43445.0
2025-07-19_08:11:26,,,,14282.0,16190.0,43445.0
2025-07-19_08:11:29,3358.0,12129.0,46253.0,12183.0,16190.0,43445.0
2025-07-19_08:11:29,9669.0,12129.0,46253.0,13979.0,16190.0,43445.0
2025-07-19_08:11:30,9262.0,12129.0,46253.0,13919.0,16190.0,43445.0
2025-07-19_08:11:30,9677.0,12129.0,46253.0,13765.0,16190.0,43447.0
2025-07-19_08:11:30,9666.0,12129.0,46253.0,14097.0,16190.0,43447.0
2025-07-19_08:11:30,9170.0,12129.0,46253.0,13761.0,16190.0,43447.0
2025-07-19_08:11:31,,,,,,
2025-07-19_08:11:34,6972.0,12129.0,46253.0,3792.0,16190.0,43447.0
2025-07-19_08:11:35,,,,14159.0,16190.0,43447.0
2025-07-19_08:11:38,2778.0,12129.0,46253.0,12164.0,16190.0,43447.0
2025-07-19_08:11:39,9673.0,12129.0,46253.0,14169.0,16190.0,43447.0
2025-07-19_08:11:39,9686.0,12129.0,46253.0,14166.0,16190.0,43447.0
2025-07-19_08:11:39,,,,13661.0,16190.0,43447.0
2025-07-19_08:11:43,3358.0,12129.0,46253.0,12190.0,16190.0,43447.0
2025-07-19_08:11:43,9646.0,12129.0,46253.0,14271.0,16190.0,43447.0
2025-07-19_08:11:43,,,,14311.0,16190.0,43447.0
2025-07-19_08:11:47,3375.0,12129.0,46253.0,12185.0,16190.0,43447.0
2025-07-19_08:11:47,9672.0,12129.0,46253.0,13735.0,16190.0,43447.0
2025-07-19_08:11:47,10064.0,12129.0,46253.0,14256.0,16190.0,43447.0
2025-07-19_08:11:48,9570.0,12129.0,46253.0,14100.0,16190.0,43447.0
2025-07-19_08:11:48,9672.0,12129.0,46253.0,13988.0,16190.0,43447.0
2025-07-19_08:11:48,9609.0,12129.0,46253.0,14188.0,16190.0,43447.0
2025-07-19_08:11:48,9956.0,12129.0,46253.0,14312.0,16190.0,43447.0
2025-07-19_08:11:49,9670.0,12129.0,46253.0,13778.0,16190.0,43447.0
2025-07-19_08:11:49,9769.0,12129.0,46253.0,13923.0,16190.0,43447.0
2025-07-19_08:11:49,9716.0,12129.0,46253.0,14366.0,16190.0,43453.0
2025-07-19_08:11:49,,,,13980.0,16190.0,43453.0
2025-07-19_08:11:53,3358.0,12129.0,46253.0,12190.0,16190.0,43453.0
2025-07-19_08:11:53,9676.0,12129.0,46253.0,13972.0,16190.0,43453.0
2025-07-19_08:11:53,,,,14203.0,16190.0,43453.0
2025-07-19_08:11:57,2778.0,12129.0,46253.0,12190.0,16190.0,43453.0
2025-07-19_08:11:57,,,,,,
2025-07-19_08:12:01,6962.0,12129.0,46253.0,3792.0,16190.0,43453.0
2025-07-19_08:12:01,,,,,,
2025-07-19_08:12:05,6962.0,12129.0,46253.0,3793.0,16190.0,43453.0
2025-07-19_08:12:05,10042.0,12129.0,46253.0,14544.0,16190.0,43453.0
2025-07-19_08:12:06,9674.0,12129.0,46253.0,13982.0,16190.0,43453.0
2025-07-19_08:12:06,,,,,,
2025-07-19_08:12:10,6967.0,12129.0,46253.0,3793.0,16190.0,43453.0
2025-07-19_08:12:10,9620.0,12129.0,46253.0,14094.0,16190.0,43453.0
2025-07-19_08:12:10,10014.0,12129.0,46253.0,14359.0,16190.0,43453.0
2025-07-19_08:12:10,9670.0,12129.0,46253.0,14163.0,16190.0,43453.0
2025-07-19_08:12:11,9674.0,12129.0,46253.0,13802.0,16190.0,43453.0
2025-07-19_08:12:11,9654.0,12129.0,46253.0,13971.0,16190.0,43453.0
2025-07-19_08:12:11,9668.0,12129.0,46253.0,13967.0,16190.0,43453.0
2025-07-19_08:12:11,9671.0,12129.0,46253.0,14186.0,16190.0,43453.0
2025-07-19_08:12:12,9910.0,12129.0,46253.0,14381.0,16190.0,43453.0
2025-07-19_08:12:12,9648.0,12129.0,46253.0,14287.0,16190.0,43453.0
2025-07-19_08:12:12,9672.0,12129.0,46253.0,14150.0,16190.0,43453.0
2025-07-19_08:12:12,9669.0,12129.0,46253.0,14175.0,16190.0,43453.0
2025-07-19_08:12:12,9808.0,12129.0,46253.0,14249.0,16190.0,43453.0
2025-07-19_08:12:13,9538.0,12129.0,46253.0,14261.0,16190.0,43453.0
2025-07-19_08:12:13,9937.0,12129.0,46253.0,14297.0,16190.0,43453.0
2025-07-19_08:12:13,9671.0,12129.0,46253.0,14175.0,16190.0,43453.0
2025-07-19_08:12:13,9631.0,12129.0,46253.0,13743.0,16190.0,43453.0
2025-07-19_08:12:14,9675.0,12129.0,46253.0,13981.0,16190.0,43453.0
2025-07-19_08:12:14,9403.0,12129.0,46253.0,13930.0,16190.0,43453.0
2025-07-19_08:12:14,,,,13903.0,16190.0,43453.0
2025-07-19_08:12:18,3375.0,12129.0,46253.0,12161.0,16190.0,43453.0
2025-07-19_08:12:18,,,,,,
2025-07-19_08:12:22,6969.0,12129.0,46253.0,3787.0,16190.0,43453.0
2025-07-19_08:12:22,8645.0,12129.0,46253.0,14395.0,16190.0,43453.0
2025-07-19_08:12:22,9671.0,12129.0,46253.0,14164.0,16190.0,43453.0
2025-07-19_08:12:22,9440.0,12129.0,46253.0,14228.0,16190.0,43453.0
2025-07-19_08:12:23,,,,,,
2025-07-19_08:12:26,6968.0,12129.0,46253.0,3792.0,16190.0,43453.0
2025-07-19_08:12:27,9852.0,12129.0,46253.0,14044.0,16190.0,43453.0
2025-07-19_08:12:27,9773.0,12129.0,46253.0,14563.0,16190.0,43453.0
2025-07-19_08:12:27,9683.0,12129.0,46253.0,14170.0,16190.0,43453.0
2025-07-19_08:12:27,,,,14046.0,16190.0,43453.0
2025-07-19_08:12:31,3321.0,12129.0,46253.0,12192.0,16190.0,43453.0
2025-07-19_08:12:31,9675.0,12129.0,46253.0,14167.0,16190.0,43453.0
2025-07-19_08:12:32,9675.0,12129.0,46253.0,13981.0,16190.0,43453.0
2025-07-19_08:12:32,9672.0,12129.0,46253.0,14062.0,16190.0,43453.0
2025-07-19_08:12:32,10070.0,12129.0,46253.0,14350.0,16190.0,43453.0
2025-07-19_08:12:32,,,,,,
2025-07-19_08:12:36,6972.0,12129.0,46253.0,3792.0,16190.0,43453.0
2025-07-19_08:12:36,10095.0,12129.0,46253.0,14252.0,16190.0,43453.0
2025-07-19_08:12:37,9842.0,12129.0,46253.0,14029.0,16190.0,43453.0
2025-07-19_08:12:37,9656.0,12129.0,46253.0,14102.0,16190.0,43453.0
2025-07-19_08:12:37,9761.0,12129.0,46253.0,14317.0,16190.0,43453.0
2025-07-19_08:12:37,10019.0,12129.0,46253.0,14311.0,16190.0,43453.0
2025-07-19_08:12:37,9672.0,12129.0,46253.0,14164.0,16190.0,43453.0
2025-07-19_08:12:38,10337.0,12129.0,46253.0,14355.0,16190.0,43453.0
2025-07-19_08:12:38,10124.0,12130.0,46254.0,14250.0,16190.0,43453.0
2025-07-19_08:12:38,9191.0,12130.0,46254.0,13782.0,16190.0,43453.0
2025-07-19_08:12:38,9907.0,12130.0,46254.0,14302.0,16190.0,43453.0
2025-07-19_08:12:39,9669.0,12130.0,46254.0,14169.0,16190.0,43453.0
2025-07-19_08:12:39,9672.0,12130.0,46254.0,13979.0,16190.0,43453.0
2025-07-19_08:12:39,9577.0,12130.0,46254.0,14211.0,16190.0,43453.0
2025-07-19_08:12:39,9905.0,12130.0,46254.0,14177.0,16190.0,43453.0
2025-07-19_08:12:40,9670.0,12130.0,46254.0,14011.0,16190.0,43453.0
2025-07-19_08:12:40,9210.0,12130.0,46254.0,13858.0,16190.0,43453.0
2025-07-19_08:12:40,9659.0,12130.0,46254.0,14112.0,16190.0,43453.0
2025-07-19_08:12:40,9673.0,12130.0,46254.0,14175.0,16190.0,43453.0
2025-07-19_08:12:40,9669.0,12130.0,46254.0,13966.0,16190.0,43453.0
2025-07-19_08:12:41,9674.0,12130.0,46254.0,14199.0,16190.0,43453.0
2025-07-19_08:12:41,8522.0,12130.0,46254.0,13932.0,16190.0,43453.0
2025-07-19_08:12:41,9722.0,12130.0,46254.0,14027.0,16190.0,43453.0
2025-07-19_08:12:41,9668.0,12130.0,46254.0,14172.0,16190.0,43453.0
2025-07-19_08:12:42,9668.0,12130.0,46254.0,14165.0,16190.0,43453.0
2025-07-19_08:12:42,9664.0,12130.0,46254.0,14105.0,16190.0,43453.0
2025-07-19_08:12:42,,,,14302.0,16190.0,43453.0
2025-07-19_08:12:46,3358.0,12130.0,46254.0,12190.0,16190.0,43453.0
2025-07-19_08:12:46,9672.0,12130.0,46254.0,13978.0,16190.0,43453.0
2025-07-19_08:12:46,10061.0,12130.0,46254.0,14390.0,16190.0,43453.0
2025-07-19_08:12:46,9670.0,12130.0,46254.0,13969.0,16190.0,43453.0
2025-07-19_08:12:47,9669.0,12130.0,46254.0,13980.0,16190.0,43453.0
2025-07-19_08:12:47,9670.0,12130.0,46254.0,13983.0,16190.0,43453.0
2025-07-19_08:12:47,,,,13780.0,16190.0,43453.0
2025-07-19_08:12:51,3358.0,12130.0,46254.0,12165.0,16190.0,43453.0
2025-07-19_08:12:51,9670.0,12130.0,46254.0,14193.0,16190.0,43453.0
2025-07-19_08:12:51,10455.0,12130.0,46254.0,14442.0,16194.0,43467.0
2025-07-19_08:12:51,9671.0,12130.0,46254.0,14163.0,16194.0,43467.0
2025-07-19_08:12:52,9791.0,12130.0,46254.0,14221.0,16194.0,43467.0
2025-07-19_08:12:52,,,,13869.0,16194.0,43467.0
2025-07-19_08:12:56,2778.0,12130.0,46254.0,12186.0,16194.0,43467.0
2025-07-19_08:12:56,9799.0,12130.0,46254.0,14213.0,16194.0,43467.0
2025-07-19_08:12:56,9673.0,12130.0,46254.0,14162.0,16194.0,43467.0
2025-07-19_08:12:56,9866.0,12130.0,46254.0,14274.0,16194.0,43467.0
2025-07-19_08:12:57,9663.0,12130.0,46254.0,14093.0,16194.0,43467.0
2025-07-19_08:12:57,9670.0,12130.0,46254.0,14173.0,16194.0,43467.0
2025-07-19_08:12:57,9670.0,12130.0,46254.0,14177.0,16194.0,43467.0
2025-07-19_08:12:57,9672.0,12130.0,46254.0,14166.0,16194.0,43467.0
2025-07-19_08:12:57,9204.0,12130.0,46254.0,13794.0,16194.0,43467.0
2025-07-19_08:12:58,,,,14031.0,16194.0,43467.0
2025-07-19_08:13:01,3319.0,12130.0,46254.0,12191.0,16194.0,43467.0
2025-07-19_08:13:02,9672.0,12130.0,46254.0,13981.0,16194.0,43467.0
2025-07-19_08:13:02,,,,14239.0,16194.0,43467.0
2025-07-19_08:13:06,3358.0,12130.0,46254.0,12186.0,16194.0,43467.0
2025-07-19_08:13:06,9677.0,12130.0,46254.0,13983.0,16194.0,43467.0
2025-07-19_08:13:06,,,,13776.0,16194.0,43467.0
2025-07-19_08:13:10,3358.0,12130.0,46254.0,12166.0,16194.0,43467.0
2025-07-19_08:13:10,9667.0,12130.0,46254.0,14178.0,16194.0,43467.0
2025-07-19_08:13:10,9669.0,12130.0,46254.0,14170.0,16194.0,43467.0
2025-07-19_08:13:10,9670.0,12130.0,46254.0,13964.0,16194.0,43467.0
2025-07-19_08:13:11,9669.0,12130.0,46254.0,14174.0,16194.0,43467.0
2025-07-19_08:13:11,9673.0,12130.0,46254.0,13987.0,16194.0,43467.0
2025-07-19_08:13:11,,,,,,
2025-07-19_08:13:15,6962.0,12130.0,46254.0,3793.0,16194.0,43467.0
2025-07-19_08:13:15,9652.0,12130.0,46254.0,14296.0,16194.0,43467.0
2025-07-19_08:13:15,9681.0,12130.0,46254.0,14001.0,16194.0,43467.0
2025-07-19_08:13:15,9675.0,12130.0,46254.0,13974.0,16194.0,43467.0
2025-07-19_08:13:16,,,,13983.0,16194.0,43467.0
2025-07-19_08:13:19,3358.0,12130.0,46254.0,12140.0,16194.0,43467.0
2025-07-19_08:13:20,9669.0,12130.0,46254.0,14173.0,16194.0,43467.0
2025-07-19_08:13:20,8679.0,12130.0,46254.0,14220.0,16194.0,43467.0
2025-07-19_08:13:20,9798.0,12130.0,46254.0,13890.0,16194.0,43467.0
2025-07-19_08:13:20,9798.0,12130.0,46254.0,14112.0,16194.0,43467.0
2025-07-19_08:13:20,9692.0,12130.0,46254.0,14015.0,16194.0,43467.0
2025-07-19_08:13:21,9648.0,12130.0,46254.0,14302.0,16194.0,43467.0
2025-07-19_08:13:21,,,,13786.0,16194.0,43467.0
2025-07-19_08:13:25,3358.0,12130.0,46254.0,12199.0,16194.0,43467.0
2025-07-19_08:13:25,,,,13899.0,16194.0,43467.0
2025-07-19_08:13:29,2778.0,12130.0,46254.0,12184.0,16194.0,43467.0
2025-07-19_08:13:29,9686.0,12130.0,46254.0,13981.0,16194.0,43467.0
2025-07-19_08:13:29,,,,14251.0,16194.0,43467.0
2025-07-19_08:13:33,3302.0,12130.0,46254.0,12171.0,16194.0,43467.0
2025-07-19_08:13:33,9678.0,12130.0,46254.0,14177.0,16194.0,43467.0
2025-07-19_08:13:33,9668.0,12130.0,46254.0,14157.0,16194.0,43467.0
2025-07-19_08:13:33,,,,13846.0,16194.0,43467.0
2025-07-19_08:13:37,2778.0,12130.0,46254.0,12184.0,16194.0,43467.0
2025-07-19_08:13:38,,,,13991.0,16194.0,43467.0
2025-07-19_08:13:41,2778.0,12130.0,46254.0,12187.0,16194.0,43467.0
2025-07-19_08:13:42,9666.0,12130.0,46254.0,14165.0,16194.0,43467.0
2025-07-19_08:13:42,9770.0,12130.0,46254.0,14285.0,16194.0,43467.0
2025-07-19_08:13:42,10239.0,12130.0,46254.0,14556.0,16194.0,43467.0
2025-07-19_08:13:42,9643.0,12130.0,46254.0,14087.0,16194.0,43467.0
2025-07-19_08:13:43,10065.0,12130.0,46254.0,14328.0,16194.0,43467.0
2025-07-19_08:13:43,9674.0,12130.0,46254.0,14164.0,16194.0,43467.0
2025-07-19_08:13:43,9495.0,12130.0,46254.0,13924.0,16194.0,43467.0
2025-07-19_08:13:43,9676.0,12130.0,46254.0,13981.0,16194.0,43467.0
2025-07-19_08:13:43,9619.0,12130.0,46254.0,14292.0,16194.0,43467.0
2025-07-19_08:13:44,9673.0,12130.0,46254.0,14174.0,16194.0,43467.0
2025-07-19_08:13:44,9683.0,12130.0,46254.0,13982.0,16194.0,43467.0
2025-07-19_08:13:44,9890.0,12130.0,46262.0,14235.0,16194.0,43467.0
2025-07-19_08:13:44,,,,,,
2025-07-19_08:13:48,6969.0,12130.0,46262.0,3792.0,16194.0,43467.0
2025-07-19_08:13:48,9827.0,12130.0,46262.0,14301.0,16194.0,43467.0
2025-07-19_08:13:49,,,,14152.0,16194.0,43467.0
2025-07-19_08:13:52,,,,,,
2025-07-19_08:13:56,,,,3793.0,16194.0,43482.0
2025-07-19_08:14:00,2778.0,12130.0,46262.0,12169.0,16194.0,43482.0
2025-07-19_08:14:00,9387.0,12130.0,46262.0,14249.0,16194.0,43482.0
2025-07-19_08:14:01,9680.0,12130.0,46262.0,13981.0,16194.0,43482.0
2025-07-19_08:14:01,9672.0,12130.0,46262.0,13982.0,16194.0,43482.0
2025-07-19_08:14:01,9681.0,12130.0,46262.0,14179.0,16194.0,43482.0
2025-07-19_08:14:01,9674.0,12130.0,46262.0,14170.0,16194.0,43482.0
2025-07-19_08:14:01,9247.0,12130.0,46262.0,14173.0,16194.0,43482.0
2025-07-19_08:14:02,9677.0,12130.0,46262.0,14015.0,16194.0,43482.0
2025-07-19_08:14:02,9894.0,12130.0,46262.0,14288.0,16194.0,43482.0
2025-07-19_08:14:02,,,,12490.0,16194.0,43482.0
2025-07-19_08:14:06,2778.0,12130.0,46262.0,12162.0,16194.0,43482.0
2025-07-19_08:14:06,9680.0,12130.0,46262.0,14184.0,16194.0,43482.0
2025-07-19_08:14:06,9668.0,12130.0,46262.0,14166.0,16194.0,43482.0
2025-07-19_08:14:07,9799.0,12130.0,46262.0,14032.0,16194.0,43482.0
2025-07-19_08:14:07,9659.0,12130.0,46262.0,14201.0,16194.0,43482.0
2025-07-19_08:14:07,9752.0,12130.0,46262.0,14234.0,16194.0,43482.0
2025-07-19_08:14:07,,,,,,
2025-07-19_08:14:11,6968.0,12130.0,46262.0,3787.0,16194.0,43482.0
2025-07-19_08:14:12,,,,13974.0,16194.0,43482.0
2025-07-19_08:14:15,3302.0,12130.0,46262.0,12193.0,16194.0,43482.0
2025-07-19_08:14:15,9671.0,12130.0,46262.0,14015.0,16194.0,43482.0
2025-07-19_08:14:16,9670.0,12130.0,46262.0,14173.0,16194.0,43482.0
2025-07-19_08:14:16,9314.0,12130.0,46262.0,14079.0,16194.0,43482.0
2025-07-19_08:14:16,9651.0,12130.0,46262.0,14103.0,16194.0,43482.0
2025-07-19_08:14:16,10070.0,12130.0,46262.0,14323.0,16194.0,43482.0
2025-07-19_08:14:17,,,,,,
2025-07-19_08:14:20,6970.0,12130.0,46262.0,3793.0,16194.0,43482.0
2025-07-19_08:14:21,,,,,,
2025-07-19_08:14:24,6959.0,12130.0,46262.0,3793.0,16194.0,43482.0
2025-07-19_08:14:25,9667.0,12130.0,46262.0,14266.0,16194.0,43482.0
2025-07-19_08:14:25,9667.0,12130.0,46262.0,14158.0,16194.0,43482.0
2025-07-19_08:14:25,9747.0,12130.0,46262.0,14301.0,16194.0,43482.0
2025-07-19_08:14:25,9542.0,12130.0,46262.0,13936.0,16194.0,43482.0
2025-07-19_08:14:26,,,,,,
2025-07-19_08:14:29,6969.0,12130.0,46262.0,3792.0,16194.0,43482.0
2025-07-19_08:14:30,9673.0,12130.0,46262.0,14153.0,16194.0,43482.0
2025-07-19_08:14:30,9774.0,12130.0,46262.0,14332.0,16194.0,43482.0
2025-07-19_08:14:30,9672.0,12130.0,46262.0,13971.0,16194.0,43482.0
2025-07-19_08:14:30,,,,,,
2025-07-19_08:14:34,6967.0,12130.0,46262.0,3792.0,16194.0,43482.0
2025-07-19_08:14:34,9672.0,12130.0,46262.0,14173.0,16194.0,43482.0
2025-07-19_08:14:35,9667.0,12130.0,46262.0,13982.0,16194.0,43482.0
2025-07-19_08:14:35,,,,,,
2025-07-19_08:14:39,6968.0,12130.0,46262.0,3793.0,16194.0,43482.0
2025-07-19_08:14:39,9671.0,12130.0,46262.0,13723.0,16194.0,43482.0
2025-07-19_08:14:39,9679.0,12130.0,46262.0,14166.0,16194.0,43482.0
2025-07-19_08:14:39,10323.0,12130.0,46262.0,14729.0,16194.0,43482.0
2025-07-19_08:14:39,9672.0,12130.0,46262.0,13971.0,16194.0,43482.0
2025-07-19_08:14:40,,,,13972.0,16194.0,43482.0
2025-07-19_08:14:43,3358.0,12130.0,46262.0,12188.0,16194.0,43482.0
2025-07-19_08:14:44,9833.0,12130.0,46262.0,13831.0,16194.0,43482.0
2025-07-19_08:14:44,9877.0,12130.0,46262.0,14068.0,16194.0,43482.0
2025-07-19_08:14:44,9672.0,12130.0,46262.0,13972.0,16194.0,43482.0
2025-07-19_08:14:44,9666.0,12130.0,46262.0,14275.0,16194.0,43482.0
2025-07-19_08:14:45,9684.0,12130.0,46262.0,13987.0,16194.0,43482.0
2025-07-19_08:14:45,9826.0,12130.0,46262.0,14216.0,16194.0,43482.0
2025-07-19_08:14:45,9672.0,12130.0,46262.0,14161.0,16194.0,43482.0
2025-07-19_08:14:45,10103.0,12130.0,46262.0,14328.0,16194.0,43482.0
2025-07-19_08:14:45,9676.0,12130.0,46262.0,14181.0,16194.0,43482.0
2025-07-19_08:14:46,9645.0,12130.0,46262.0,14293.0,16194.0,43482.0
2025-07-19_08:14:46,9622.0,12130.0,46262.0,14089.0,16194.0,43482.0
2025-07-19_08:14:46,9667.0,12130.0,46262.0,14056.0,16194.0,43482.0
2025-07-19_08:14:46,9815.0,12130.0,46262.0,14397.0,16194.0,43482.0
2025-07-19_08:14:47,9832.0,12130.0,46262.0,14031.0,16194.0,43482.0
2025-07-19_08:14:47,9678.0,12130.0,46262.0,14174.0,16194.0,43482.0
2025-07-19_08:14:47,10006.0,12130.0,46262.0,14159.0,16194.0,43482.0
2025-07-19_08:14:47,10102.0,12130.0,46262.0,14251.0,16194.0,43482.0
2025-07-19_08:14:47,10108.0,12130.0,46262.0,14544.0,16194.0,43482.0
2025-07-19_08:14:48,9679.0,12130.0,46262.0,13802.0,16194.0,43482.0
2025-07-19_08:14:48,9681.0,12130.0,46262.0,14174.0,16194.0,43482.0
2025-07-19_08:14:48,9669.0,12130.0,46262.0,13822.0,16194.0,43482.0
2025-07-19_08:14:48,10092.0,12130.0,46262.0,14364.0,16194.0,43482.0
2025-07-19_08:14:48,9671.0,12130.0,46262.0,14169.0,16194.0,43482.0
2025-07-19_08:14:49,9678.0,12130.0,46262.0,14168.0,16194.0,43482.0
2025-07-19_08:14:49,9671.0,12130.0,46262.0,13978.0,16194.0,43482.0
2025-07-19_08:14:49,9672.0,12130.0,46262.0,14161.0,16194.0,43482.0
2025-07-19_08:14:49,,,,14285.0,16194.0,43482.0
2025-07-19_08:14:53,3373.0,12130.0,46262.0,12181.0,16194.0,43482.0
2025-07-19_08:14:53,9665.0,12130.0,46262.0,13977.0,16194.0,43482.0
2025-07-19_08:14:54,9671.0,12130.0,46262.0,13792.0,16194.0,43482.0
2025-07-19_08:14:54,9673.0,12130.0,46262.0,13970.0,16194.0,43482.0
2025-07-19_08:14:54,9671.0,12130.0,46262.0,13988.0,16194.0,43482.0
2025-07-19_08:14:54,9670.0,12130.0,46262.0,14164.0,16194.0,43482.0
2025-07-19_08:14:54,9480.0,12130.0,46262.0,13896.0,16194.0,43482.0
2025-07-19_08:14:55,9806.0,12130.0,46262.0,14234.0,16194.0,43482.0
2025-07-19_08:14:55,9670.0,12130.0,46262.0,13967.0,16194.0,43482.0
2025-07-19_08:14:55,9675.0,12130.0,46262.0,13974.0,16194.0,43482.0
2025-07-19_08:14:55,9670.0,12130.0,46262.0,13976.0,16194.0,43482.0
2025-07-19_08:14:55,9680.0,12130.0,46262.0,14194.0,16194.0,43482.0
2025-07-19_08:14:56,9831.0,12130.0,46262.0,14052.0,16194.0,43482.0
2025-07-19_08:14:56,10048.0,12130.0,46262.0,14296.0,16194.0,43482.0
2025-07-19_08:14:56,9671.0,12130.0,46262.0,13976.0,16194.0,43482.0
2025-07-19_08:14:56,9670.0,12130.0,46262.0,13982.0,16194.0,43482.0
2025-07-19_08:14:57,9645.0,12130.0,46262.0,14085.0,16194.0,43482.0
2025-07-19_08:14:57,9668.0,12130.0,46262.0,13806.0,16194.0,43482.0
2025-07-19_08:14:57,,,,13856.0,16194.0,43482.0
2025-07-19_08:15:01,3358.0,12130.0,46262.0,12160.0,16194.0,43482.0
2025-07-19_08:15:01,9750.0,12130.0,46262.0,14254.0,16194.0,43482.0
2025-07-19_08:15:01,9815.0,12130.0,46262.0,14220.0,16194.0,43482.0
2025-07-19_08:15:01,9238.0,12130.0,46262.0,13971.0,16194.0,43482.0
2025-07-19_08:15:01,9680.0,12130.0,46262.0,14000.0,16194.0,43482.0
2025-07-19_08:15:02,9782.0,12130.0,46262.0,14031.0,16194.0,43482.0
2025-07-19_08:15:02,,,,13784.0,16194.0,43482.0
2025-07-19_08:15:06,3319.0,12130.0,46262.0,12182.0,16194.0,43482.0
2025-07-19_08:15:06,,,,13803.0,16194.0,43482.0
2025-07-19_08:15:09,3319.0,12130.0,46262.0,12184.0,16194.0,43482.0
2025-07-19_08:15:10,9674.0,12130.0,46262.0,13985.0,16194.0,43482.0
2025-07-19_08:15:10,9678.0,12130.0,46262.0,14208.0,16194.0,43482.0
2025-07-19_08:15:10,9670.0,12130.0,46262.0,14164.0,16194.0,43482.0
2025-07-19_08:15:10,9670.0,12130.0,46262.0,14164.0,16194.0,43482.0
2025-07-19_08:15:11,10106.0,12130.0,46262.0,14331.0,16194.0,43482.0
2025-07-19_08:15:11,9903.0,12130.0,46262.0,14238.0,16194.0,43482.0
2025-07-19_08:15:11,,,,,,
2025-07-19_08:15:15,6971.0,12130.0,46262.0,3792.0,16194.0,43482.0
2025-07-19_08:15:16,3300.0,12130.0,46262.0,12192.0,16194.0,43482.0
2025-07-19_08:15:16,9510.0,12130.0,46262.0,14084.0,16194.0,43482.0
2025-07-19_08:15:16,9673.0,12130.0,46262.0,14166.0,16194.0,43482.0
2025-07-19_08:15:16,9697.0,12130.0,46262.0,14285.0,16194.0,43482.0
2025-07-19_08:15:17,9659.0,12130.0,46262.0,13971.0,16194.0,43482.0
2025-07-19_08:15:17,9672.0,12130.0,46262.0,13974.0,16194.0,43482.0
2025-07-19_08:15:17,9714.0,12130.0,46262.0,14010.0,16194.0,43482.0
2025-07-19_08:15:17,9686.0,12130.0,46262.0,14146.0,16194.0,43482.0
2025-07-19_08:15:18,,,,,,
2025-07-19_08:15:21,6976.0,12130.0,46262.0,3793.0,16194.0,43482.0
2025-07-19_08:15:22,10017.0,12130.0,46262.0,14491.0,16194.0,43482.0
2025-07-19_08:15:22,9537.0,12130.0,46262.0,13985.0,16194.0,43482.0
2025-07-19_08:15:22,9807.0,12130.0,46262.0,14263.0,16194.0,43482.0
2025-07-19_08:15:22,9670.0,12130.0,46262.0,14169.0,16194.0,43482.0
2025-07-19_08:15:23,9644.0,12130.0,46262.0,14081.0,16194.0,43482.0
2025-07-19_08:15:23,9672.0,12130.0,46262.0,13784.0,16194.0,43482.0
2025-07-19_08:15:23,10285.0,12130.0,46262.0,14207.0,16194.0,43485.0
2025-07-19_08:15:23,9644.0,12130.0,46262.0,14322.0,16194.0,43485.0
2025-07-19_08:15:24,,,,14090.0,16194.0,43485.0
2025-07-19_08:15:27,3319.0,12130.0,46262.0,12177.0,16194.0,43485.0
2025-07-19_08:15:28,9667.0,12130.0,46262.0,13971.0,16194.0,43485.0
2025-07-19_08:15:28,9676.0,12130.0,46262.0,13978.0,16194.0,43485.0
2025-07-19_08:15:28,9635.0,12130.0,46262.0,14281.0,16194.0,43485.0
2025-07-19_08:15:28,9672.0,12130.0,46262.0,14153.0,16194.0,43485.0
2025-07-19_08:15:28,9878.0,12130.0,46262.0,13814.0,16194.0,43485.0
2025-07-19_08:15:29,9668.0,12130.0,46262.0,13973.0,16194.0,43485.0
2025-07-19_08:15:29,8570.0,12130.0,46262.0,14190.0,16194.0,43485.0
2025-07-19_08:15:29,9833.0,12130.0,46262.0,14269.0,16194.0,43485.0
2025-07-19_08:15:29,9679.0,12130.0,46262.0,14165.0,16194.0,43485.0
2025-07-19_08:15:30,,,,,,
2025-07-19_08:15:33,6962.0,12130.0,46262.0,3792.0,16194.0,43485.0
2025-07-19_08:15:34,,,,,,
2025-07-19_08:15:37,6961.0,12130.0,46262.0,3793.0,16194.0,43485.0
2025-07-19_08:15:38,10077.0,12130.0,46262.0,14315.0,16194.0,43485.0
2025-07-19_08:15:38,,,,13928.0,16194.0,43485.0
2025-07-19_08:15:42,,,,,,
2025-07-19_08:15:45,6961.0,12130.0,46262.0,3793.0,16194.0,43485.0
2025-07-19_08:15:46,9675.0,12130.0,46262.0,13983.0,16194.0,43485.0
2025-07-19_08:15:46,,,,13853.0,16194.0,43485.0
2025-07-19_08:15:50,2778.0,12130.0,46262.0,12200.0,16194.0,43485.0
2025-07-19_08:15:50,8706.0,12130.0,46267.0,14490.0,16194.0,43485.0
2025-07-19_08:15:50,9713.0,12130.0,46267.0,14029.0,16194.0,43485.0
2025-07-19_08:15:50,,,,13264.0,16194.0,43485.0
2025-07-19_08:15:54,2778.0,12130.0,46267.0,12160.0,16194.0,43485.0
2025-07-19_08:15:54,9693.0,12130.0,46267.0,14175.0,16194.0,43485.0
2025-07-19_08:15:55,9715.0,12130.0,46267.0,14001.0,16194.0,43485.0
2025-07-19_08:15:55,9680.0,12130.0,46267.0,14165.0,16194.0,43485.0
2025-07-19_08:15:55,9282.0,12130.0,46267.0,14121.0,16194.0,43485.0
2025-07-19_08:15:55,9682.0,12130.0,46267.0,13971.0,16194.0,43485.0
2025-07-19_08:15:56,9672.0,12130.0,46267.0,14163.0,16194.0,43485.0
2025-07-19_08:15:56,,,,,,
2025-07-19_08:16:00,6953.0,12130.0,46267.0,3793.0,16194.0,43485.0
2025-07-19_08:16:00,,,,13979.0,16194.0,43485.0
2025-07-19_08:16:04,3375.0,12130.0,46267.0,12190.0,16194.0,43485.0
2025-07-19_08:16:04,9671.0,12130.0,46267.0,14170.0,16194.0,43485.0
2025-07-19_08:16:04,9681.0,12130.0,46267.0,13838.0,16194.0,43485.0
2025-07-19_08:16:04,,,,,,
2025-07-19_08:16:09,2778.0,12130.0,46267.0,3776.0,16194.0,43485.0
2025-07-19_08:16:09,,,,,,
2025-07-19_08:16:13,6966.0,12130.0,46267.0,3793.0,16194.0,43485.0
2025-07-19_08:16:13,10253.0,12130.0,46267.0,14474.0,16194.0,43485.0
2025-07-19_08:16:13,9799.0,12130.0,46267.0,14369.0,16194.0,43485.0
2025-07-19_08:16:13,9672.0,12130.0,46267.0,14210.0,16194.0,43485.0
2025-07-19_08:16:14,9649.0,12130.0,46267.0,14288.0,16194.0,43485.0
2025-07-19_08:16:14,9672.0,12130.0,46267.0,14178.0,16194.0,43485.0
2025-07-19_08:16:14,9653.0,12130.0,46267.0,14106.0,16194.0,43485.0
2025-07-19_08:16:14,9841.0,12130.0,46267.0,14265.0,16194.0,43485.0
2025-07-19_08:16:15,,,,,,
2025-07-19_08:16:18,6963.0,12130.0,46267.0,3794.0,16194.0,43485.0
2025-07-19_08:16:19,9671.0,12130.0,46267.0,13968.0,16194.0,43485.0
2025-07-19_08:16:19,9838.0,12130.0,46267.0,14216.0,16194.0,43485.0
2025-07-19_08:16:19,9827.0,12130.0,46267.0,14035.0,16194.0,43485.0
2025-07-19_08:16:19,9668.0,12130.0,46267.0,13964.0,16194.0,43485.0
2025-07-19_08:16:20,9672.0,12130.0,46267.0,13964.0,16194.0,43485.0
2025-07-19_08:16:20,10097.0,12130.0,46267.0,14246.0,16194.0,43485.0
2025-07-19_08:16:20,9658.0,12130.0,46267.0,13973.0,16194.0,43485.0
2025-07-19_08:16:20,9671.0,12130.0,46267.0,13978.0,16194.0,43485.0
2025-07-19_08:16:20,9681.0,12130.0,46267.0,13796.0,16194.0,43485.0
2025-07-19_08:16:21,9741.0,12130.0,46267.0,14250.0,16194.0,43485.0
2025-07-19_08:16:21,9954.0,12130.0,46267.0,14346.0,16194.0,43485.0
2025-07-19_08:16:21,8521.0,12130.0,46267.0,13893.0,16194.0,43485.0
2025-07-19_08:16:21,,,,12946.0,16194.0,43485.0
2025-07-19_08:16:25,2778.0,12130.0,46267.0,12163.0,16194.0,43485.0
2025-07-19_08:16:25,,,,,,
2025-07-19_08:16:29,6968.0,12130.0,46267.0,3786.0,16194.0,43485.0
2025-07-19_08:16:29,,,,13788.0,16194.0,43485.0
2025-07-19_08:16:33,3375.0,12130.0,46267.0,12157.0,16194.0,43485.0
2025-07-19_08:16:33,9672.0,12130.0,46267.0,14173.0,16194.0,43485.0
2025-07-19_08:16:34,9673.0,12130.0,46267.0,14169.0,16194.0,43485.0
2025-07-19_08:16:34,9672.0,12130.0,46267.0,14173.0,16194.0,43485.0
2025-07-19_08:16:34,9221.0,12130.0,46267.0,13933.0,16194.0,43485.0
2025-07-19_08:16:34,9676.0,12130.0,46267.0,14204.0,16194.0,43485.0
2025-07-19_08:16:35,,,,,,
2025-07-19_08:16:38,6968.0,12130.0,46267.0,3793.0,16194.0,43485.0
2025-07-19_08:16:39,9678.0,12130.0,46267.0,13997.0,16194.0,43485.0
2025-07-19_08:16:39,9673.0,12130.0,46267.0,13965.0,16194.0,43485.0
2025-07-19_08:16:39,9829.0,12130.0,46267.0,14221.0,16194.0,43485.0
2025-07-19_08:16:39,,,,,,
2025-07-19_08:16:43,6965.0,12130.0,46267.0,3792.0,16194.0,43485.0
2025-07-19_08:16:43,9460.0,12130.0,46267.0,13964.0,16194.0,43485.0
2025-07-19_08:16:43,9671.0,12130.0,46267.0,14164.0,16194.0,43485.0
2025-07-19_08:16:44,9671.0,12130.0,46267.0,13979.0,16194.0,43485.0
2025-07-19_08:16:44,,,,13775.0,16194.0,43485.0
2025-07-19_08:16:48,3358.0,12130.0,46267.0,12192.0,16194.0,43485.0
2025-07-19_08:16:48,9670.0,12130.0,46267.0,13966.0,16194.0,43485.0
2025-07-19_08:16:48,9817.0,12130.0,46267.0,14244.0,16194.0,43485.0
2025-07-19_08:16:48,9672.0,12130.0,46267.0,14049.0,16194.0,43485.0
2025-07-19_08:16:49,,,,14160.0,16194.0,43485.0
2025-07-19_08:16:52,2778.0,12130.0,46267.0,12185.0,16194.0,43485.0
2025-07-19_08:16:53,,,,,,
2025-07-19_08:16:56,6965.0,12130.0,46267.0,3793.0,16194.0,43485.0
2025-07-19_08:16:57,9668.0,12130.0,46267.0,14175.0,16194.0,43485.0
2025-07-19_08:16:57,9629.0,12130.0,46267.0,14165.0,16194.0,43485.0
2025-07-19_08:16:57,,,,13926.0,16194.0,43485.0
2025-07-19_08:17:01,3319.0,12130.0,46267.0,12167.0,16194.0,43485.0
2025-07-19_08:17:01,9668.0,12130.0,46267.0,14192.0,16194.0,43485.0
2025-07-19_08:17:01,9667.0,12130.0,46267.0,14155.0,16194.0,43485.0
2025-07-19_08:17:02,,,,14241.0,16194.0,43485.0
2025-07-19_08:17:05,2778.0,12130.0,46267.0,12186.0,16194.0,43485.0
2025-07-19_08:17:06,9669.0,12130.0,46267.0,14168.0,16194.0,43485.0
2025-07-19_08:17:06,9679.0,12130.0,46267.0,14172.0,16194.0,43485.0
2025-07-19_08:17:06,9451.0,12130.0,46267.0,13938.0,16194.0,43485.0
2025-07-19_08:17:06,,,,14259.0,16194.0,43485.0
2025-07-19_08:17:10,3358.0,12130.0,46267.0,12183.0,16194.0,43485.0
2025-07-19_08:17:10,9667.0,12130.0,46267.0,13981.0,16194.0,43485.0
2025-07-19_08:17:10,,,,13042.0,16194.0,43485.0
2025-07-19_08:17:14,2778.0,12130.0,46267.0,12186.0,16194.0,43485.0
2025-07-19_08:17:14,,,,14348.0,16194.0,43485.0
2025-07-19_08:17:18,2778.0,12130.0,46267.0,12197.0,16194.0,43485.0
2025-07-19_08:17:19,,,,13075.0,16194.0,43485.0
2025-07-19_08:17:22,2780.0,12130.0,46267.0,12185.0,16194.0,43485.0
2025-07-19_08:17:23,9654.0,12130.0,46267.0,14074.0,16194.0,43485.0
2025-07-19_08:17:23,10054.0,12130.0,46267.0,14331.0,16194.0,43485.0
2025-07-19_08:17:23,9692.0,12130.0,46267.0,14267.0,16194.0,43485.0
2025-07-19_08:17:23,9676.0,12130.0,46267.0,14169.0,16194.0,43485.0
2025-07-19_08:17:23,9672.0,12130.0,46267.0,13972.0,16194.0,43485.0
2025-07-19_08:17:24,9675.0,12130.0,46267.0,14197.0,16194.0,43485.0
2025-07-19_08:17:24,,,,,,
2025-07-19_08:17:28,6959.0,12130.0,46267.0,3792.0,16194.0,43485.0
2025-07-19_08:17:28,9670.0,12130.0,46267.0,14257.0,16194.0,43485.0
2025-07-19_08:17:28,9994.0,12130.0,46267.0,14311.0,16194.0,43485.0
2025-07-19_08:17:28,9673.0,12130.0,46267.0,14176.0,16194.0,43485.0
2025-07-19_08:17:29,9711.0,12130.0,46267.0,14025.0,16194.0,43485.0
2025-07-19_08:17:29,9730.0,12130.0,46267.0,14045.0,16194.0,43485.0
2025-07-19_08:17:29,9855.0,12130.0,46267.0,14036.0,16194.0,43485.0
2025-07-19_08:17:29,9653.0,12130.0,46267.0,13922.0,16194.0,43485.0
2025-07-19_08:17:29,9684.0,12130.0,46267.0,13797.0,16194.0,43485.0
2025-07-19_08:17:30,9801.0,12130.0,46267.0,14254.0,16194.0,43485.0
2025-07-19_08:17:30,9672.0,12130.0,46267.0,14165.0,16194.0,43485.0
2025-07-19_08:17:30,10085.0,12130.0,46268.0,14277.0,16194.0,43485.0
2025-07-19_08:17:30,9672.0,12130.0,46268.0,14177.0,16194.0,43485.0
2025-07-19_08:17:31,9672.0,12130.0,46268.0,13978.0,16194.0,43485.0
2025-07-19_08:17:31,9665.0,12130.0,46268.0,13790.0,16194.0,43485.0
2025-07-19_08:17:31,,,,,,
2025-07-19_08:17:35,6965.0,12130.0,46268.0,3793.0,16194.0,43485.0
2025-07-19_08:17:35,9668.0,12130.0,46268.0,13973.0,16194.0,43485.0
2025-07-19_08:17:35,9753.0,12130.0,46268.0,14283.0,16194.0,43485.0
2025-07-19_08:17:35,9664.0,12130.0,46268.0,14290.0,16194.0,43485.0
2025-07-19_08:17:36,9662.0,12130.0,46268.0,14228.0,16194.0,43485.0
2025-07-19_08:17:36,,,,,,
2025-07-19_08:17:40,6969.0,12130.0,46268.0,3793.0,16194.0,43485.0
2025-07-19_08:17:40,9765.0,12130.0,46268.0,14139.0,16194.0,43485.0
2025-07-19_08:17:40,9675.0,12130.0,46268.0,14166.0,16194.0,43485.0
2025-07-19_08:17:40,,,,14277.0,16194.0,43485.0
2025-07-19_08:17:44,3375.0,12130.0,46268.0,12172.0,16194.0,43485.0
2025-07-19_08:17:44,9686.0,12130.0,46268.0,13980.0,16194.0,43485.0
2025-07-19_08:17:45,9653.0,12130.0,46268.0,13823.0,16194.0,43485.0
2025-07-19_08:17:45,9274.0,12130.0,46268.0,14001.0,16194.0,43485.0
2025-07-19_08:17:45,9672.0,12130.0,46268.0,14170.0,16194.0,43485.0
2025-07-19_08:17:45,9715.0,12130.0,46268.0,14104.0,16194.0,43485.0
2025-07-19_08:17:46,,,,14375.0,16194.0,43485.0
2025-07-19_08:17:49,3358.0,12130.0,46268.0,12193.0,16194.0,43485.0
2025-07-19_08:17:49,9905.0,12130.0,46268.0,14254.0,16194.0,43485.0
2025-07-19_08:17:50,9673.0,12130.0,46268.0,14172.0,16194.0,43485.0
2025-07-19_08:17:50,10265.0,12130.0,46268.0,14596.0,16194.0,43485.0
2025-07-19_08:17:50,9662.0,12130.0,46268.0,14321.0,16194.0,43485.0
2025-07-19_08:17:50,,,,,,
2025-07-19_08:17:54,6968.0,12130.0,46268.0,3792.0,16194.0,43485.0
2025-07-19_08:17:54,9528.0,12130.0,46268.0,14165.0,16194.0,43485.0
2025-07-19_08:17:55,,,,,,
2025-07-19_08:17:59,6953.0,12130.0,46268.0,3794.0,16194.0,43485.0
2025-07-19_08:17:59,9594.0,12130.0,46268.0,14193.0,16194.0,43485.0
2025-07-19_08:17:59,,,,,,
2025-07-19_08:18:03,6961.0,12130.0,46268.0,3793.0,16194.0,43485.0
2025-07-19_08:18:04,2778.0,12130.0,46268.0,12185.0,16194.0,43485.0
2025-07-19_08:18:04,9637.0,12130.0,46268.0,14313.0,16194.0,43485.0
2025-07-19_08:18:04,9303.0,12130.0,46268.0,14030.0,16194.0,43485.0
2025-07-19_08:18:04,,,,13881.0,16194.0,43485.0
2025-07-19_08:18:08,2778.0,12130.0,46268.0,12163.0,16194.0,43485.0
2025-07-19_08:18:08,9874.0,12130.0,46268.0,13974.0,16194.0,43485.0
2025-07-19_08:18:09,9853.0,12130.0,46268.0,14043.0,16194.0,43485.0
2025-07-19_08:18:09,8518.0,12130.0,46268.0,14032.0,16194.0,43485.0
2025-07-19_08:18:09,,,,14250.0,16194.0,43485.0
2025-07-19_08:18:13,3375.0,12130.0,46268.0,12183.0,16194.0,43485.0
2025-07-19_08:18:13,9988.0,12130.0,46268.0,14179.0,16194.0,43485.0
2025-07-19_08:18:13,,,,13285.0,16194.0,43485.0
2025-07-19_08:18:17,2778.0,12130.0,46268.0,12158.0,16194.0,43485.0
2025-07-19_08:18:17,9457.0,12130.0,46268.0,14155.0,16194.0,43485.0
2025-07-19_08:18:18,10350.0,12130.0,46268.0,14630.0,16194.0,43485.0
2025-07-19_08:18:18,,,,13992.0,16194.0,43485.0
2025-07-19_08:18:22,3319.0,12130.0,46268.0,12193.0,16194.0,43485.0
2025-07-19_08:18:22,9257.0,12130.0,46268.0,14111.0,16194.0,43485.0
2025-07-19_08:18:22,9711.0,12130.0,46268.0,14027.0,16194.0,43485.0
2025-07-19_08:18:22,9493.0,12130.0,46268.0,14107.0,16194.0,43485.0
2025-07-19_08:18:22,9724.0,12130.0,46268.0,13983.0,16194.0,43485.0
2025-07-19_08:18:23,10240.0,12130.0,46268.0,14124.0,16194.0,43485.0
2025-07-19_08:18:23,9792.0,12130.0,46268.0,14293.0,16194.0,43485.0
2025-07-19_08:18:23,,,,14219.0,16194.0,43485.0
2025-07-19_08:18:27,3358.0,12130.0,46268.0,12188.0,16194.0,43485.0
2025-07-19_08:18:27,9564.0,12130.0,46268.0,13934.0,16194.0,43485.0
2025-07-19_08:18:27,9863.0,12130.0,46268.0,14062.0,16194.0,43485.0
2025-07-19_08:18:27,9437.0,12130.0,46268.0,14205.0,16194.0,43485.0
2025-07-19_08:18:28,10079.0,12130.0,46268.0,14416.0,16194.0,43485.0
2025-07-19_08:18:28,8632.0,12130.0,46268.0,13923.0,16194.0,43485.0
2025-07-19_08:18:28,,,,14224.0,16194.0,43486.0
2025-07-19_08:18:32,2778.0,12130.0,46268.0,12190.0,16194.0,43486.0
2025-07-19_08:18:32,9947.0,12130.0,46268.0,14254.0,16194.0,43486.0
2025-07-19_08:18:32,,,,13993.0,16194.0,43486.0
2025-07-19_08:18:36,3319.0,12130.0,46268.0,12188.0,16194.0,43486.0
2025-07-19_08:18:36,,,,13234.0,16194.0,43486.0
2025-07-19_08:18:40,2778.0,12130.0,46268.0,12191.0,16194.0,43486.0
2025-07-19_08:18:40,,,,13979.0,16194.0,43486.0
2025-07-19_08:18:44,3375.0,12130.0,46268.0,12181.0,16194.0,43486.0
2025-07-19_08:18:44,9819.0,12130.0,46268.0,14023.0,16194.0,43486.0
2025-07-19_08:18:45,9716.0,12130.0,46268.0,13999.0,16194.0,43486.0
2025-07-19_08:18:45,,,,14010.0,16194.0,43486.0
2025-07-19_08:18:49,3319.0,12130.0,46268.0,12164.0,16194.0,43486.0
2025-07-19_08:18:49,,,,,,
2025-07-19_08:18:53,6966.0,12130.0,46268.0,3793.0,16194.0,43486.0
2025-07-19_08:18:53,9696.0,12130.0,46268.0,14177.0,16194.0,43486.0
2025-07-19_08:18:53,9311.0,12130.0,46268.0,14111.0,16194.0,43486.0
2025-07-19_08:18:53,9799.0,12130.0,46268.0,14304.0,16194.0,43486.0
2025-07-19_08:18:53,9921.0,12130.0,46268.0,14290.0,16194.0,43486.0
2025-07-19_08:18:54,9694.0,12130.0,46268.0,13969.0,16194.0,43486.0
2025-07-19_08:18:54,9726.0,12130.0,46268.0,14293.0,16194.0,43486.0
2025-07-19_08:18:54,9786.0,12130.0,46268.0,14265.0,16194.0,43486.0
2025-07-19_08:18:54,,,,,,
2025-07-19_08:18:58,6967.0,12130.0,46268.0,3793.0,16194.0,43486.0
2025-07-19_08:18:58,,,,,,
2025-07-19_08:19:02,6968.0,12130.0,46268.0,3792.0,16194.0,43486.0
2025-07-19_08:19:02,9552.0,12132.0,46270.0,14220.0,16194.0,43486.0
2025-07-19_08:19:03,9693.0,12132.0,46270.0,14100.0,16194.0,43486.0
2025-07-19_08:19:03,9137.0,12132.0,46270.0,13766.0,16194.0,43486.0
2025-07-19_08:19:03,9852.0,12132.0,46270.0,14330.0,16194.0,43486.0
2025-07-19_08:19:03,9213.0,12132.0,46270.0,13833.0,16194.0,43486.0
2025-07-19_08:19:03,,,,,,
2025-07-19_08:19:07,,,,3793.0,16194.0,43486.0
2025-07-19_08:19:11,2778.0,12132.0,46270.0,12186.0,16194.0,43486.0
2025-07-19_08:19:11,8561.0,12132.0,46270.0,13948.0,16194.0,43486.0
2025-07-19_08:19:12,9862.0,12132.0,46270.0,14130.0,16194.0,43486.0
2025-07-19_08:19:12,9901.0,12132.0,46270.0,14373.0,16194.0,43486.0
2025-07-19_08:19:12,9236.0,12132.0,46270.0,13904.0,16194.0,43486.0
2025-07-19_08:19:12,9612.0,12132.0,46270.0,14025.0,16194.0,43486.0
2025-07-19_08:19:12,8090.0,12132.0,46270.0,13055.0,16194.0,43486.0
2025-07-19_08:19:13,9687.0,12132.0,46270.0,14345.0,16194.0,43486.0
2025-07-19_08:19:13,,,,13784.0,16194.0,43486.0
2025-07-19_08:19:16,3319.0,12132.0,46270.0,12165.0,16194.0,43486.0
2025-07-19_08:19:17,9136.0,12132.0,46270.0,13785.0,16194.0,43486.0
2025-07-19_08:19:17,10046.0,12132.0,46270.0,14335.0,16194.0,43486.0
2025-07-19_08:19:17,,,,,,
2025-07-19_08:19:21,6968.0,12132.0,46270.0,3793.0,16194.0,43486.0
2025-07-19_08:19:21,,,,,,
2025-07-19_08:19:25,6976.0,12132.0,46270.0,3793.0,16194.0,43486.0
2025-07-19_08:19:25,9638.0,12132.0,46270.0,14294.0,16194.0,43486.0
2025-07-19_08:19:25,9253.0,12132.0,46270.0,13931.0,16194.0,43486.0
2025-07-19_08:19:26,9667.0,12132.0,46270.0,14172.0,16194.0,43486.0
2025-07-19_08:19:26,,,,13784.0,16194.0,43486.0
2025-07-19_08:19:29,3375.0,12132.0,46270.0,12165.0,16194.0,43486.0
2025-07-19_08:19:30,,,,,,
2025-07-19_08:19:33,6963.0,12132.0,46270.0,3792.0,16194.0,43486.0
2025-07-19_08:19:34,9679.0,12132.0,46270.0,14182.0,16194.0,43486.0
2025-07-19_08:19:34,9588.0,12132.0,46270.0,13988.0,16194.0,43486.0
2025-07-19_08:19:35,2778.0,12132.0,46270.0,12194.0,16194.0,43486.0
2025-07-19_08:19:35,9651.0,12132.0,46270.0,14087.0,16194.0,43486.0
2025-07-19_08:19:35,9917.0,12132.0,46270.0,14283.0,16194.0,43486.0
2025-07-19_08:19:36,8680.0,12132.0,46270.0,14219.0,16194.0,43486.0
2025-07-19_08:19:36,,,,14041.0,16194.0,43486.0
2025-07-19_08:19:39,3302.0,12132.0,46270.0,12191.0,16194.0,43486.0
2025-07-19_08:19:40,9514.0,12132.0,46270.0,14049.0,16194.0,43486.0
2025-07-19_08:19:40,9805.0,12132.0,46270.0,14022.0,16194.0,43486.0
2025-07-19_08:19:40,9593.0,12132.0,46270.0,14184.0,16194.0,43486.0
2025-07-19_08:19:40,9664.0,12132.0,46270.0,14005.0,16194.0,43486.0
2025-07-19_08:19:41,,,,,,
2025-07-19_08:19:44,6964.0,12132.0,46270.0,3793.0,16194.0,43486.0
2025-07-19_08:19:45,10040.0,12132.0,46270.0,14301.0,16194.0,43486.0
2025-07-19_08:19:45,9756.0,12132.0,46270.0,14580.0,16194.0,43486.0
2025-07-19_08:19:45,9861.0,12132.0,46270.0,14116.0,16194.0,43486.0
2025-07-19_08:19:45,9929.0,12132.0,46270.0,14565.0,16194.0,43486.0
2025-07-19_08:19:46,8618.0,12132.0,46270.0,14099.0,16194.0,43486.0
2025-07-19_08:19:46,7977.0,12132.0,46270.0,13091.0,16194.0,43486.0
2025-07-19_08:19:46,,,,14276.0,16194.0,43486.0
2025-07-19_08:19:50,3358.0,12132.0,46270.0,12194.0,16194.0,43486.0
2025-07-19_08:19:50,9895.0,12132.0,46270.0,14088.0,16194.0,43487.0
2025-07-19_08:19:50,9842.0,12132.0,46270.0,13884.0,16194.0,43487.0
2025-07-19_08:19:50,9962.0,12132.0,46270.0,14327.0,16194.0,43487.0
2025-07-19_08:19:51,9468.0,12132.0,46270.0,13951.0,16194.0,43487.0
2025-07-19_08:19:51,8581.0,12132.0,46270.0,13875.0,16194.0,43487.0
2025-07-19_08:19:51,9957.0,12132.0,46270.0,14008.0,16194.0,43487.0
2025-07-19_08:19:51,9821.0,12132.0,46270.0,14175.0,16194.0,43487.0
2025-07-19_08:19:51,8601.0,12132.0,46270.0,14198.0,16194.0,43487.0
2025-07-19_08:19:52,2778.0,12132.0,46270.0,12189.0,16194.0,43487.0
2025-07-19_08:19:53,,,,14310.0,16194.0,43487.0
2025-07-19_08:19:56,3375.0,12132.0,46270.0,12161.0,16194.0,43487.0
2025-07-19_08:19:56,9801.0,12132.0,46270.0,14287.0,16194.0,43487.0
2025-07-19_08:19:57,9685.0,12132.0,46270.0,14232.0,16194.0,43487.0
2025-07-19_08:19:57,,,,,,
2025-07-19_08:20:01,6967.0,12132.0,46270.0,3793.0,16194.0,43487.0
2025-07-19_08:20:01,8655.0,12132.0,46270.0,14091.0,16194.0,43488.0
2025-07-19_08:20:01,8676.0,12132.0,46270.0,14179.0,16194.0,43488.0
2025-07-19_08:20:01,9842.0,12132.0,46270.0,14213.0,16194.0,43488.0
2025-07-19_08:20:02,9797.0,12132.0,46270.0,14223.0,16194.0,43488.0
2025-07-19_08:20:02,9836.0,12132.0,46270.0,14009.0,16194.0,43488.0
2025-07-19_08:20:02,10281.0,12132.0,46270.0,14360.0,16194.0,43488.0
2025-07-19_08:20:02,,,,13996.0,16194.0,43488.0
2025-07-19_08:20:06,2778.0,12132.0,46270.0,12161.0,16194.0,43488.0
2025-07-19_08:20:06,9603.0,12132.0,46270.0,14006.0,16194.0,43488.0
2025-07-19_08:20:07,9138.0,12132.0,46270.0,14001.0,16194.0,43488.0
2025-07-19_08:20:07,9330.0,12132.0,46270.0,14054.0,16194.0,43488.0
2025-07-19_08:20:07,9671.0,12132.0,46270.0,14176.0,16194.0,43488.0
2025-07-19_08:20:07,9658.0,12132.0,46270.0,14111.0,16194.0,43488.0
2025-07-19_08:20:08,,,,,,
2025-07-19_08:20:11,6967.0,12132.0,46270.0,3792.0,16194.0,43488.0
2025-07-19_08:20:12,,,,14053.0,16194.0,43488.0
2025-07-19_08:20:15,3358.0,12132.0,46270.0,12189.0,16194.0,43488.0
2025-07-19_08:20:16,,,,13810.0,16194.0,43488.0
2025-07-19_08:20:19,,,,,,
2025-07-19_08:20:23,6967.0,12132.0,46270.0,3792.0,16194.0,43488.0
2025-07-19_08:20:23,10189.0,12132.0,46270.0,14703.0,16194.0,43488.0
2025-07-19_08:20:24,9710.0,12132.0,46270.0,13983.0,16194.0,43488.0
2025-07-19_08:20:24,9640.0,12132.0,46270.0,13833.0,16194.0,43488.0
2025-07-19_08:20:24,,,,13734.0,16194.0,43488.0
2025-07-19_08:20:28,3302.0,12132.0,46270.0,12193.0,16194.0,43488.0
2025-07-19_08:20:28,9157.0,12132.0,46270.0,13805.0,16194.0,43488.0
2025-07-19_08:20:28,9659.0,12132.0,46270.0,14283.0,16194.0,43488.0
2025-07-19_08:20:28,,,,13668.0,16194.0,43488.0
2025-07-19_08:20:32,3375.0,12132.0,46270.0,12183.0,16194.0,43488.0
2025-07-19_08:20:32,9609.0,12132.0,46270.0,14192.0,16194.0,43488.0
2025-07-19_08:20:33,10076.0,12132.0,46270.0,14139.0,16194.0,43488.0
2025-07-19_08:20:33,9733.0,12132.0,46270.0,14106.0,16194.0,43488.0
2025-07-19_08:20:33,9987.0,12132.0,46270.0,14333.0,16194.0,43488.0
2025-07-19_08:20:33,,,,13632.0,16194.0,43488.0
2025-07-19_08:20:37,3319.0,12132.0,46270.0,12179.0,16194.0,43488.0
2025-07-19_08:20:37,,,,13297.0,16194.0,43488.0
2025-07-19_08:20:41,2778.0,12132.0,46270.0,12165.0,16194.0,43488.0
2025-07-19_08:20:41,9843.0,12132.0,46270.0,14243.0,16194.0,43488.0
2025-07-19_08:20:41,,,,,,
2025-07-19_08:20:45,6963.0,12132.0,46270.0,3792.0,16194.0,43488.0
2025-07-19_08:20:45,9606.0,12132.0,46270.0,14076.0,16194.0,43488.0
2025-07-19_08:20:46,8529.0,12132.0,46270.0,13802.0,16194.0,43488.0
2025-07-19_08:20:46,9691.0,12132.0,46270.0,14349.0,16194.0,43488.0
2025-07-19_08:20:46,9294.0,12132.0,46270.0,13783.0,16194.0,43488.0
2025-07-19_08:20:46,9793.0,12132.0,46270.0,14003.0,16194.0,43488.0
2025-07-19_08:20:46,8557.0,12132.0,46270.0,13942.0,16194.0,43488.0
2025-07-19_08:20:47,8548.0,12132.0,46270.0,13801.0,16194.0,43488.0
2025-07-19_08:20:47,,,,,,
2025-07-19_08:20:51,6964.0,12132.0,46270.0,3793.0,16194.0,43488.0
2025-07-19_08:20:51,9574.0,12132.0,46270.0,14179.0,16194.0,43488.0
2025-07-19_08:20:51,10033.0,12132.0,46270.0,14364.0,16194.0,43488.0
2025-07-19_08:20:51,9669.0,12132.0,46270.0,13973.0,16194.0,43488.0
2025-07-19_08:20:52,10058.0,12132.0,46270.0,13855.0,16194.0,43488.0
2025-07-19_08:20:52,9813.0,12132.0,46270.0,14033.0,16194.0,43488.0
2025-07-19_08:20:52,,,,14182.0,16194.0,43488.0
2025-07-19_08:20:56,3375.0,12132.0,46270.0,12189.0,16194.0,43488.0
2025-07-19_08:20:56,10104.0,12132.0,46270.0,14257.0,16194.0,43488.0
2025-07-19_08:20:56,,,,,,
2025-07-19_08:21:00,6967.0,12132.0,46270.0,3793.0,16194.0,43488.0
2025-07-19_08:21:00,9193.0,12132.0,46270.0,13920.0,16194.0,43488.0
2025-07-19_08:21:00,,,,14138.0,16194.0,43488.0
2025-07-19_08:21:04,3358.0,12132.0,46270.0,12192.0,16194.0,43488.0
2025-07-19_08:21:04,9205.0,12132.0,46270.0,13797.0,16194.0,43488.0
2025-07-19_08:21:05,9810.0,12132.0,46270.0,14221.0,16194.0,43488.0
2025-07-19_08:21:05,9673.0,12132.0,46270.0,14315.0,16194.0,43488.0
2025-07-19_08:21:05,9804.0,12132.0,46270.0,14089.0,16194.0,43488.0
2025-07-19_08:21:05,8553.0,12132.0,46270.0,14101.0,16194.0,43488.0
2025-07-19_08:21:05,9701.0,12132.0,46270.0,14346.0,16194.0,43488.0
2025-07-19_08:21:06,10192.0,12132.0,46270.0,14352.0,16194.0,43488.0
2025-07-19_08:21:06,9703.0,12132.0,46270.0,14537.0,16194.0,43488.0
2025-07-19_08:21:06,,,,,,
2025-07-19_08:21:10,6963.0,12132.0,46270.0,3793.0,16194.0,43488.0
2025-07-19_08:21:10,,,,12060.0,16194.0,43488.0
2025-07-19_08:21:14,2778.0,12132.0,46270.0,12191.0,16194.0,43488.0
2025-07-19_08:21:14,,,,,,
2025-07-19_08:21:18,6973.0,12132.0,46270.0,3792.0,16194.0,43488.0
2025-07-19_08:21:18,8660.0,12132.0,46270.0,14058.0,16194.0,43488.0
2025-07-19_08:21:19,,,,13987.0,16194.0,43488.0
2025-07-19_08:21:22,3302.0,12132.0,46270.0,12168.0,16194.0,43488.0
2025-07-19_08:21:22,9933.0,12132.0,46270.0,14000.0,16194.0,43488.0
2025-07-19_08:21:23,8507.0,12132.0,46270.0,13574.0,16194.0,43488.0
2025-07-19_08:21:23,9548.0,12132.0,46270.0,14064.0,16194.0,43488.0
2025-07-19_08:21:23,9644.0,12132.0,46270.0,13972.0,16194.0,43488.0
2025-07-19_08:21:23,,,,13273.0,16194.0,43488.0
2025-07-19_08:21:27,2778.0,12132.0,46270.0,12194.0,16194.0,43488.0
2025-07-19_08:21:27,,,,,,
2025-07-19_08:21:31,6964.0,12132.0,46270.0,3787.0,16194.0,43488.0
2025-07-19_08:21:31,9115.0,12132.0,46270.0,14207.0,16194.0,43488.0
2025-07-19_08:21:32,,,,14024.0,16194.0,43488.0
2025-07-19_08:21:36,,,,,,
2025-07-19_08:21:39,6968.0,12132.0,46270.0,3792.0,16194.0,43488.0
2025-07-19_08:21:40,,,,,,
2025-07-19_08:21:43,6964.0,12132.0,46270.0,3793.0,16194.0,43488.0
2025-07-19_08:21:44,9928.0,12132.0,46270.0,14071.0,16194.0,43488.0
2025-07-19_08:21:45,3356.0,12132.0,46270.0,13261.0,16194.0,43499.0
2025-07-19_08:21:45,8375.0,12132.0,46270.0,13832.0,16194.0,43499.0
2025-07-19_08:21:45,,,,14063.0,16194.0,43499.0
2025-07-19_08:21:49,3360.0,12132.0,46270.0,12195.0,16194.0,43499.0
2025-07-19_08:21:49,,,,14402.0,16194.0,43499.0
2025-07-19_08:21:53,3302.0,12132.0,46270.0,12183.0,16194.0,43499.0
2025-07-19_08:21:53,,,,13794.0,16194.0,43499.0
2025-07-19_08:21:56,3358.0,12132.0,46270.0,12167.0,16194.0,43499.0
2025-07-19_08:21:57,9945.0,12132.0,46270.0,14553.0,16194.0,43499.0
2025-07-19_08:21:57,,,,14141.0,16194.0,43499.0
2025-07-19_08:22:01,3302.0,12132.0,46270.0,12197.0,16194.0,43499.0
2025-07-19_08:22:01,9672.0,12132.0,46270.0,13981.0,16194.0,43499.0
2025-07-19_08:22:01,9634.0,12132.0,46270.0,13981.0,16194.0,43499.0
2025-07-19_08:22:01,9645.0,12132.0,46270.0,14014.0,16194.0,43499.0
2025-07-19_08:22:01,9661.0,12132.0,46270.0,14097.0,16194.0,43499.0
2025-07-19_08:22:02,9498.0,12132.0,46270.0,14073.0,16194.0,43499.0
2025-07-19_08:22:02,8551.0,12132.0,46270.0,13688.0,16194.0,43499.0
2025-07-19_08:22:02,9847.0,12132.0,46270.0,14022.0,16194.0,43499.0
2025-07-19_08:22:02,,,,,,
2025-07-19_08:22:06,6958.0,12132.0,46270.0,3793.0,16194.0,43499.0
2025-07-19_08:22:06,10616.0,12132.0,46270.0,14458.0,16194.0,43499.0
2025-07-19_08:22:07,9484.0,12132.0,46270.0,14027.0,16194.0,43499.0
2025-07-19_08:22:07,9819.0,12132.0,46270.0,14021.0,16194.0,43499.0
2025-07-19_08:22:07,9682.0,12132.0,46270.0,13888.0,16194.0,43499.0
2025-07-19_08:22:07,10163.0,12132.0,46270.0,14028.0,16194.0,43499.0
2025-07-19_08:22:08,,,,13960.0,16194.0,43499.0
2025-07-19_08:22:11,3302.0,12132.0,46270.0,12183.0,16194.0,43499.0
2025-07-19_08:22:11,9652.0,12132.0,46270.0,14267.0,16194.0,43499.0
2025-07-19_08:22:12,9692.0,12132.0,46270.0,14053.0,16194.0,43499.0
2025-07-19_08:22:12,,,,,,
2025-07-19_08:22:16,6955.0,12132.0,46270.0,3793.0,16194.0,43499.0
2025-07-19_08:22:16,9969.0,12132.0,46270.0,14406.0,16194.0,43499.0
2025-07-19_08:22:16,9675.0,12132.0,46270.0,14243.0,16194.0,43499.0
2025-07-19_08:22:16,10206.0,12132.0,46270.0,14505.0,16194.0,43499.0
2025-07-19_08:22:17,,,,14014.0,16194.0,43499.0
2025-07-19_08:22:20,3375.0,12132.0,46270.0,12189.0,16194.0,43499.0
2025-07-19_08:22:20,9615.0,12132.0,46270.0,14189.0,16194.0,43499.0
2025-07-19_08:22:21,10039.0,12132.0,46270.0,14375.0,16194.0,43499.0
2025-07-19_08:22:21,8567.0,12132.0,46270.0,14350.0,16194.0,43499.0
2025-07-19_08:22:21,8538.0,12132.0,46270.0,13804.0,16194.0,43499.0
2025-07-19_08:22:21,,,,14765.0,16194.0,43499.0
2025-07-19_08:22:25,3375.0,12132.0,46270.0,12180.0,16194.0,43499.0
2025-07-19_08:22:25,9564.0,12132.0,46270.0,13905.0,16194.0,43499.0
2025-07-19_08:22:25,9829.0,12132.0,46270.0,14521.0,16194.0,43499.0
2025-07-19_08:22:26,9714.0,12132.0,46270.0,14061.0,16194.0,43499.0
2025-07-19_08:22:26,9835.0,12132.0,46270.0,14227.0,16194.0,43499.0
2025-07-19_08:22:26,10102.0,12132.0,46270.0,14574.0,16194.0,43500.0
2025-07-19_08:22:26,9589.0,12132.0,46270.0,14090.0,16194.0,43500.0
2025-07-19_08:22:27,9412.0,12132.0,46270.0,13929.0,16194.0,43500.0
2025-07-19_08:22:27,,,,,,
2025-07-19_08:22:31,6965.0,12132.0,46270.0,3793.0,16194.0,43500.0
2025-07-19_08:22:31,9625.0,12132.0,46270.0,14104.0,16194.0,43500.0
2025-07-19_08:22:31,9652.0,12132.0,46270.0,14293.0,16194.0,43500.0
2025-07-19_08:22:31,9185.0,12132.0,46270.0,14006.0,16194.0,43500.0
2025-07-19_08:22:32,10928.0,12132.0,46274.0,15346.0,16194.0,43500.0
2025-07-19_08:22:32,9722.0,12132.0,46274.0,14096.0,16194.0,43500.0
2025-07-19_08:22:32,,,,13783.0,16194.0,43500.0
2025-07-19_08:22:36,3375.0,12132.0,46274.0,12192.0,16194.0,43500.0
2025-07-19_08:22:36,9980.0,12132.0,46274.0,14532.0,16194.0,43500.0
2025-07-19_08:22:36,9601.0,12132.0,46274.0,13982.0,16194.0,43500.0
2025-07-19_08:22:36,8554.0,12132.0,46274.0,14138.0,16194.0,43500.0
2025-07-19_08:22:37,2778.0,12132.0,46274.0,12184.0,16194.0,43500.0
2025-07-19_08:22:37,9232.0,12132.0,46274.0,14114.0,16194.0,43500.0
2025-07-19_08:22:38,9832.0,12132.0,46274.0,14098.0,16194.0,43500.0
2025-07-19_08:22:38,,,,,,
2025-07-19_08:22:42,6972.0,12132.0,46274.0,3793.0,16194.0,43500.0
2025-07-19_08:22:42,9576.0,12132.0,46274.0,13975.0,16194.0,43500.0
2025-07-19_08:22:42,9636.0,12132.0,46274.0,14100.0,16194.0,43500.0
2025-07-19_08:22:42,9944.0,12132.0,46274.0,13850.0,16194.0,43500.0
2025-07-19_08:22:43,8742.0,12132.0,46275.0,14229.0,16194.0,43500.0
2025-07-19_08:22:43,9672.0,12132.0,46275.0,14342.0,16194.0,43500.0
2025-07-19_08:22:43,9118.0,12132.0,46275.0,14112.0,16194.0,43500.0
2025-07-19_08:22:43,9658.0,12132.0,46275.0,14004.0,16194.0,43500.0
2025-07-19_08:22:43,9352.0,12132.0,46275.0,13858.0,16194.0,43500.0
2025-07-19_08:22:44,8956.0,12132.0,46275.0,13971.0,16194.0,43500.0
2025-07-19_08:22:44,9695.0,12132.0,46275.0,14161.0,16194.0,43500.0
2025-07-19_08:22:44,9611.0,12132.0,46275.0,14237.0,16194.0,43500.0
2025-07-19_08:22:44,,,,13600.0,16194.0,43500.0
2025-07-19_08:22:48,3319.0,12132.0,46275.0,12185.0,16194.0,43500.0
2025-07-19_08:22:48,9818.0,12132.0,46275.0,14353.0,16194.0,43500.0
2025-07-19_08:22:48,,,,,,
2025-07-19_08:22:52,6967.0,12132.0,46275.0,3793.0,16194.0,43500.0
2025-07-19_08:22:52,9338.0,12132.0,46275.0,14106.0,16194.0,43500.0
2025-07-19_08:22:53,,,,14605.0,16194.0,43500.0
2025-07-19_08:22:56,3373.0,12132.0,46275.0,12183.0,16194.0,43500.0
2025-07-19_08:22:57,10152.0,12132.0,46275.0,14040.0,16194.0,43500.0
2025-07-19_08:22:57,9690.0,12132.0,46275.0,14172.0,16194.0,43500.0
2025-07-19_08:22:57,8533.0,12132.0,46275.0,13892.0,16194.0,43500.0
2025-07-19_08:22:57,9597.0,12132.0,46275.0,14001.0,16194.0,43500.0
2025-07-19_08:22:57,9843.0,12132.0,46275.0,13798.0,16194.0,43500.0
2025-07-19_08:22:58,9683.0,12132.0,46275.0,14182.0,16194.0,43500.0
2025-07-19_08:22:58,9487.0,12132.0,46275.0,14163.0,16194.0,43500.0
2025-07-19_08:22:58,9710.0,12132.0,46275.0,14065.0,16194.0,43500.0
2025-07-19_08:22:58,9740.0,12132.0,46275.0,14345.0,16194.0,43500.0
2025-07-19_08:22:59,10127.0,12132.0,46275.0,13901.0,16194.0,43500.0
2025-07-19_08:22:59,10060.0,12132.0,46275.0,14570.0,16194.0,43500.0
2025-07-19_08:22:59,10218.0,12132.0,46275.0,14076.0,16194.0,43500.0
2025-07-19_08:22:59,9646.0,12132.0,46275.0,14164.0,16194.0,43500.0
2025-07-19_08:22:59,9591.0,12132.0,46275.0,13964.0,16194.0,43500.0
2025-07-19_08:23:00,9904.0,12132.0,46275.0,14080.0,16194.0,43500.0
2025-07-19_08:23:00,9613.0,12132.0,46275.0,14002.0,16194.0,43500.0
2025-07-19_08:23:00,8622.0,12132.0,46275.0,14060.0,16194.0,43500.0
2025-07-19_08:23:00,9036.0,12132.0,46275.0,14010.0,16194.0,43500.0
2025-07-19_08:23:00,9813.0,12132.0,46275.0,14191.0,16194.0,43500.0
2025-07-19_08:23:01,,,,13988.0,16194.0,43500.0
2025-07-19_08:23:04,3375.0,12132.0,46275.0,12160.0,16194.0,43500.0
2025-07-19_08:23:05,,,,,,
2025-07-19_08:23:08,6951.0,12132.0,46275.0,3792.0,16194.0,43500.0
2025-07-19_08:23:09,,,,,,
2025-07-19_08:23:12,6969.0,12132.0,46275.0,3792.0,16194.0,43500.0
2025-07-19_08:23:13,9616.0,12132.0,46275.0,14076.0,16194.0,43500.0
2025-07-19_08:23:13,9901.0,12132.0,46275.0,14308.0,16194.0,43500.0
2025-07-19_08:23:13,10241.0,12132.0,46275.0,14230.0,16194.0,43500.0
2025-07-19_08:23:13,9826.0,12132.0,46275.0,14222.0,16194.0,43500.0
2025-07-19_08:23:14,,,,,,
2025-07-19_08:23:17,6966.0,12132.0,46275.0,3792.0,16194.0,43500.0
2025-07-19_08:23:18,,,,,,
2025-07-19_08:23:21,6966.0,12132.0,46275.0,3787.0,16194.0,43500.0
2025-07-19_08:23:22,,,,13619.0,16194.0,43500.0
2025-07-19_08:23:25,3319.0,12132.0,46275.0,12192.0,16194.0,43500.0
2025-07-19_08:23:26,9597.0,12132.0,46275.0,14026.0,16194.0,43500.0
2025-07-19_08:23:26,9585.0,12132.0,46275.0,13983.0,16194.0,43500.0
2025-07-19_08:23:26,9683.0,12132.0,46275.0,13972.0,16194.0,43500.0
2025-07-19_08:23:26,9924.0,12132.0,46275.0,14354.0,16194.0,43500.0
2025-07-19_08:23:26,10361.0,12132.0,46275.0,14402.0,16194.0,43500.0
2025-07-19_08:23:27,9415.0,12132.0,46275.0,14129.0,16194.0,43500.0
2025-07-19_08:23:27,9577.0,12132.0,46275.0,14027.0,16194.0,43500.0
2025-07-19_08:23:27,,,,,,
2025-07-19_08:23:31,6968.0,12132.0,46275.0,3792.0,16194.0,43500.0
2025-07-19_08:23:31,9964.0,12132.0,46275.0,14383.0,16194.0,43500.0
2025-07-19_08:23:31,,,,13844.0,16194.0,43500.0
2025-07-19_08:23:35,3377.0,12132.0,46275.0,12191.0,16194.0,43500.0
2025-07-19_08:23:35,9908.0,12132.0,46275.0,14266.0,16194.0,43500.0
2025-07-19_08:23:36,,,,14304.0,16194.0,43500.0
2025-07-19_08:23:39,2778.0,12132.0,46275.0,12186.0,16194.0,43500.0
2025-07-19_08:23:40,9945.0,12132.0,46275.0,14229.0,16194.0,43500.0
2025-07-19_08:23:40,,,,14358.0,16194.0,43500.0
2025-07-19_08:23:44,3375.0,12132.0,46275.0,12183.0,16194.0,43500.0
2025-07-19_08:23:44,9821.0,12132.0,46275.0,14038.0,16194.0,43500.0
2025-07-19_08:23:44,9676.0,12132.0,46275.0,14162.0,16194.0,43500.0
2025-07-19_08:23:44,,,,13763.0,16194.0,43500.0
2025-07-19_08:23:48,3375.0,12132.0,46275.0,12189.0,16194.0,43500.0
2025-07-19_08:23:48,,,,14455.0,16194.0,43500.0
2025-07-19_08:23:52,3375.0,12132.0,46275.0,12156.0,16194.0,43500.0
2025-07-19_08:23:52,9363.0,12132.0,46275.0,14052.0,16194.0,43500.0
2025-07-19_08:23:52,9482.0,12132.0,46275.0,14064.0,16194.0,43500.0
2025-07-19_08:23:53,,,,14240.0,16194.0,43500.0
2025-07-19_08:23:56,3375.0,12132.0,46275.0,12164.0,16194.0,43500.0
2025-07-19_08:23:56,,,,13982.0,16194.0,43500.0
2025-07-19_08:24:00,3302.0,12132.0,46275.0,12192.0,16194.0,43500.0
2025-07-19_08:24:00,10016.0,12132.0,46275.0,14321.0,16194.0,43500.0
2025-07-19_08:24:01,10053.0,12132.0,46275.0,14306.0,16194.0,43500.0
2025-07-19_08:24:01,9677.0,12132.0,46275.0,13816.0,16194.0,43500.0
2025-07-19_08:24:01,,,,14286.0,16194.0,43500.0
2025-07-19_08:24:05,3358.0,12132.0,46275.0,12202.0,16194.0,43500.0
2025-07-19_08:24:05,8609.0,12132.0,46275.0,14204.0,16194.0,43500.0
2025-07-19_08:24:05,9854.0,12132.0,46275.0,14273.0,16194.0,43500.0
2025-07-19_08:24:05,10133.0,12132.0,46275.0,14247.0,16194.0,43500.0
2025-07-19_08:24:06,8640.0,12132.0,46275.0,14097.0,16194.0,43500.0
2025-07-19_08:24:06,9848.0,12132.0,46275.0,14072.0,16194.0,43500.0
2025-07-19_08:24:06,9695.0,12132.0,46275.0,14328.0,16194.0,43500.0
2025-07-19_08:24:06,9824.0,12132.0,46275.0,13990.0,16194.0,43500.0
2025-07-19_08:24:06,9969.0,12132.0,46275.0,14564.0,16194.0,43500.0
2025-07-19_08:24:07,9681.0,12132.0,46275.0,13968.0,16194.0,43500.0
2025-07-19_08:24:07,9575.0,12132.0,46275.0,13977.0,16194.0,43500.0
2025-07-19_08:24:07,9321.0,12132.0,46275.0,13685.0,16194.0,43500.0
2025-07-19_08:24:07,9676.0,12132.0,46275.0,13974.0,16194.0,43500.0
2025-07-19_08:24:08,10043.0,12132.0,46275.0,14555.0,16194.0,43500.0
2025-07-19_08:24:08,10050.0,12132.0,46275.0,14583.0,16194.0,43500.0
2025-07-19_08:24:08,10205.0,12132.0,46275.0,14571.0,16194.0,43500.0
2025-07-19_08:24:08,9851.0,12132.0,46275.0,14075.0,16194.0,43500.0
2025-07-19_08:24:09,10709.0,12132.0,46275.0,14612.0,16194.0,43500.0
2025-07-19_08:24:09,9508.0,12132.0,46275.0,14323.0,16194.0,43500.0
2025-07-19_08:24:09,8543.0,12132.0,46275.0,13978.0,16194.0,43500.0
2025-07-19_08:24:09,8587.0,12132.0,46275.0,13996.0,16194.0,43500.0
2025-07-19_08:24:09,9201.0,12132.0,46275.0,13911.0,16194.0,43500.0
2025-07-19_08:24:10,,,,14107.0,16194.0,43500.0
2025-07-19_08:24:13,3319.0,12132.0,46275.0,12192.0,16194.0,43500.0
2025-07-19_08:24:14,9847.0,12132.0,46275.0,14038.0,16194.0,43500.0
2025-07-19_08:24:14,,,,,,
2025-07-19_08:24:18,6965.0,12132.0,46275.0,3793.0,16194.0,43500.0
2025-07-19_08:24:18,9646.0,12132.0,46275.0,14099.0,16194.0,43500.0
2025-07-19_08:24:18,9447.0,12132.0,46275.0,14024.0,16194.0,43500.0
2025-07-19_08:24:18,,,,14235.0,16194.0,43500.0
2025-07-19_08:24:22,2778.0,12132.0,46275.0,12190.0,16194.0,43500.0
2025-07-19_08:24:22,9982.0,12132.0,46275.0,14086.0,16194.0,43500.0
2025-07-19_08:24:22,,,,14181.0,16194.0,43500.0
2025-07-19_08:24:26,3317.0,12132.0,46275.0,12188.0,16194.0,43500.0
2025-07-19_08:24:26,9469.0,12132.0,46275.0,13940.0,16194.0,43500.0
2025-07-19_08:24:27,,,,14038.0,16194.0,43500.0
2025-07-19_08:24:30,3377.0,12132.0,46275.0,12190.0,16194.0,43500.0
2025-07-19_08:24:30,9602.0,12132.0,46275.0,13977.0,16194.0,43500.0
2025-07-19_08:24:31,9874.0,12132.0,46275.0,14270.0,16194.0,43500.0
2025-07-19_08:24:31,,,,,,
2025-07-19_08:24:35,6970.0,12132.0,46275.0,3792.0,16194.0,43500.0
2025-07-19_08:24:35,9290.0,12132.0,46275.0,14044.0,16194.0,43500.0
2025-07-19_08:24:35,8716.0,12132.0,46275.0,14461.0,16194.0,43500.0
2025-07-19_08:24:35,,,,14038.0,16194.0,43500.0
2025-07-19_08:24:39,3304.0,12132.0,46275.0,12187.0,16194.0,43500.0
2025-07-19_08:24:39,9805.0,12132.0,46275.0,14027.0,16194.0,43500.0
2025-07-19_08:24:39,,,,14023.0,16194.0,43500.0
2025-07-19_08:24:43,3302.0,12132.0,46275.0,12190.0,16194.0,43500.0
2025-07-19_08:24:43,8533.0,12132.0,46275.0,13926.0,16194.0,43500.0
2025-07-19_08:24:44,,,,14391.0,16194.0,43500.0
2025-07-19_08:24:47,2778.0,12132.0,46275.0,12161.0,16194.0,43500.0
2025-07-19_08:24:48,10207.0,12132.0,46275.0,14147.0,16194.0,43500.0
2025-07-19_08:24:48,9670.0,12132.0,46275.0,14162.0,16194.0,43500.0
2025-07-19_08:24:48,10098.0,12132.0,46275.0,14399.0,16194.0,43500.0
2025-07-19_08:24:48,9438.0,12132.0,46275.0,13929.0,16194.0,43500.0
2025-07-19_08:24:49,,,,13788.0,16194.0,43500.0
2025-07-19_08:24:52,3319.0,12132.0,46275.0,12189.0,16194.0,43500.0
2025-07-19_08:24:52,9565.0,12132.0,46275.0,13971.0,16194.0,43500.0
2025-07-19_08:24:53,10291.0,12132.0,46275.0,14676.0,16194.0,43500.0
2025-07-19_08:24:53,9667.0,12132.0,46275.0,14288.0,16194.0,43500.0
2025-07-19_08:24:53,9647.0,12132.0,46275.0,14097.0,16194.0,43500.0
2025-07-19_08:24:53,8622.0,12132.0,46275.0,14214.0,16194.0,43500.0
2025-07-19_08:24:54,9636.0,12132.0,46275.0,13902.0,16194.0,43500.0
2025-07-19_08:24:54,8534.0,12132.0,46275.0,13969.0,16194.0,43500.0
2025-07-19_08:24:54,9593.0,12132.0,46275.0,13764.0,16194.0,43500.0
2025-07-19_08:24:54,9334.0,12132.0,46275.0,13688.0,16194.0,43500.0
2025-07-19_08:24:54,9679.0,12132.0,46275.0,13970.0,16194.0,43500.0
2025-07-19_08:24:55,,,,,,
2025-07-19_08:24:58,6959.0,12132.0,46275.0,3793.0,16194.0,43500.0
2025-07-19_08:24:59,10088.0,12132.0,46275.0,14687.0,16194.0,43500.0
2025-07-19_08:24:59,10492.0,12132.0,46275.0,14574.0,16194.0,43500.0
2025-07-19_08:24:59,10511.0,12132.0,46275.0,14725.0,16194.0,43500.0
2025-07-19_08:24:59,,,,14080.0,16194.0,43500.0
2025-07-19_08:25:03,3358.0,12132.0,46275.0,12195.0,16194.0,43500.0
2025-07-19_08:25:03,,,,14289.0,16194.0,43500.0
2025-07-19_08:25:07,3375.0,12132.0,46275.0,12191.0,16194.0,43500.0
2025-07-19_08:25:07,8968.0,12132.0,46275.0,13967.0,16194.0,43500.0
2025-07-19_08:25:07,8541.0,12132.0,46275.0,14100.0,16194.0,43500.0
2025-07-19_08:25:08,9689.0,12132.0,46275.0,14228.0,16194.0,43500.0
2025-07-19_08:25:08,9862.0,12132.0,46275.0,14603.0,16194.0,43500.0
2025-07-19_08:25:08,10299.0,12132.0,46275.0,14566.0,16194.0,43500.0
2025-07-19_08:25:08,9486.0,12132.0,46275.0,13932.0,16194.0,43500.0
2025-07-19_08:25:09,9612.0,12132.0,46275.0,14137.0,16194.0,43500.0
2025-07-19_08:25:09,,,,14200.0,16194.0,43500.0
2025-07-19_08:25:13,2778.0,12132.0,46275.0,12187.0,16194.0,43500.0
2025-07-19_08:25:13,9603.0,12132.0,46275.0,14198.0,16194.0,43500.0
2025-07-19_08:25:13,9927.0,12132.0,46275.0,14364.0,16194.0,43500.0
2025-07-19_08:25:13,9686.0,12132.0,46275.0,14361.0,16194.0,43500.0
2025-07-19_08:25:14,,,,14131.0,16194.0,43500.0
2025-07-19_08:25:17,3319.0,12132.0,46275.0,12184.0,16194.0,43500.0
2025-07-19_08:25:17,9929.0,12132.0,46275.0,14371.0,16194.0,43500.0
2025-07-19_08:25:18,9717.0,12132.0,46275.0,14157.0,16194.0,43500.0
2025-07-19_08:25:18,9730.0,12132.0,46275.0,14257.0,16194.0,43500.0
2025-07-19_08:25:18,,,,,,
2025-07-19_08:25:22,6967.0,12132.0,46275.0,3793.0,16194.0,43500.0
2025-07-19_08:25:23,2778.0,12132.0,46275.0,12181.0,16194.0,43500.0
2025-07-19_08:25:23,9933.0,12132.0,46275.0,14361.0,16194.0,43500.0
2025-07-19_08:25:23,,,,,,
2025-07-19_08:25:27,6965.0,12132.0,46275.0,3793.0,16194.0,43500.0
2025-07-19_08:25:27,9367.0,12132.0,46275.0,13675.0,16194.0,43500.0
2025-07-19_08:25:27,9678.0,12132.0,46275.0,14207.0,16194.0,43500.0
2025-07-19_08:25:28,10157.0,12132.0,46275.0,13963.0,16194.0,43500.0
2025-07-19_08:25:28,9817.0,12132.0,46275.0,14004.0,16194.0,43500.0
2025-07-19_08:25:28,9671.0,12132.0,46275.0,13981.0,16194.0,43500.0
2025-07-19_08:25:28,9837.0,12132.0,46275.0,13843.0,16194.0,43500.0
2025-07-19_08:25:29,9672.0,12132.0,46275.0,14094.0,16194.0,43500.0
2025-07-19_08:25:29,9827.0,12132.0,46275.0,14238.0,16194.0,43500.0
2025-07-19_08:25:29,9984.0,12132.0,46275.0,14363.0,16194.0,43500.0
2025-07-19_08:25:29,9854.0,12132.0,46275.0,14017.0,16194.0,43500.0
2025-07-19_08:25:29,10061.0,12132.0,46275.0,14358.0,16194.0,43500.0
2025-07-19_08:25:30,,,,,,
2025-07-19_08:25:33,6968.0,12132.0,46275.0,3792.0,16194.0,43500.0
2025-07-19_08:25:34,9682.0,12132.0,46275.0,14175.0,16194.0,43500.0
2025-07-19_08:25:34,9345.0,12132.0,46275.0,13859.0,16194.0,43500.0
2025-07-19_08:25:34,10216.0,12132.0,46275.0,14634.0,16194.0,43500.0
2025-07-19_08:25:34,9900.0,12132.0,46275.0,14149.0,16194.0,43500.0
2025-07-19_08:25:35,9576.0,12132.0,46275.0,14270.0,16194.0,43500.0
2025-07-19_08:25:35,9524.0,12132.0,46277.0,14138.0,16194.0,43500.0
2025-07-19_08:25:35,10407.0,12132.0,46277.0,14679.0,16194.0,43500.0
2025-07-19_08:25:35,,,,13965.0,16194.0,43500.0
2025-07-19_08:25:39,3375.0,12132.0,46277.0,12182.0,16194.0,43500.0
2025-07-19_08:25:39,9605.0,12132.0,46277.0,13963.0,16194.0,43500.0
2025-07-19_08:25:40,9678.0,12132.0,46277.0,13963.0,16194.0,43500.0
2025-07-19_08:25:40,9908.0,12132.0,46277.0,14191.0,16194.0,43500.0
2025-07-19_08:25:40,9802.0,12132.0,46277.0,14214.0,16194.0,43500.0
2025-07-19_08:25:40,9738.0,12132.0,46277.0,14136.0,16194.0,43500.0
2025-07-19_08:25:40,8679.0,12132.0,46277.0,14276.0,16194.0,43500.0
2025-07-19_08:25:41,10073.0,12132.0,46277.0,14503.0,16194.0,43500.0
2025-07-19_08:25:41,,,,13694.0,16194.0,43500.0
2025-07-19_08:25:45,3375.0,12132.0,46277.0,12185.0,16194.0,43500.0
2025-07-19_08:25:45,9688.0,12132.0,46277.0,14155.0,16194.0,43500.0
2025-07-19_08:25:45,9653.0,12132.0,46277.0,14273.0,16194.0,43500.0
2025-07-19_08:25:45,9865.0,12132.0,46277.0,14258.0,16194.0,43500.0
2025-07-19_08:25:45,9498.0,12132.0,46277.0,14304.0,16194.0,43500.0
2025-07-19_08:25:46,9482.0,12132.0,46277.0,14109.0,16194.0,43500.0
2025-07-19_08:25:46,,,,14397.0,16194.0,43500.0
2025-07-19_08:25:50,3319.0,12132.0,46277.0,12195.0,16194.0,43500.0
2025-07-19_08:25:50,10092.0,12132.0,46277.0,14299.0,16194.0,43500.0
2025-07-19_08:25:50,10092.0,12132.0,46277.0,14364.0,16194.0,43500.0
2025-07-19_08:25:50,9445.0,12132.0,46277.0,14105.0,16194.0,43500.0
2025-07-19_08:25:51,9692.0,12132.0,46277.0,14178.0,16194.0,43500.0
2025-07-19_08:25:51,,,,,,
2025-07-19_08:25:55,6964.0,12132.0,46277.0,3789.0,16194.0,43500.0
2025-07-19_08:25:55,9651.0,12132.0,46277.0,14306.0,16194.0,43500.0
2025-07-19_08:25:55,9593.0,12132.0,46277.0,14025.0,16194.0,43500.0
2025-07-19_08:25:55,9265.0,12132.0,46277.0,14111.0,16194.0,43500.0
2025-07-19_08:25:55,9586.0,12132.0,46277.0,14201.0,16194.0,43500.0
2025-07-19_08:25:56,,,,13959.0,16194.0,43500.0
2025-07-19_08:25:59,3358.0,12132.0,46277.0,12188.0,16194.0,43500.0
2025-07-19_08:26:00,9645.0,12132.0,46277.0,14084.0,16194.0,43500.0
2025-07-19_08:26:00,,,,,,
2025-07-19_08:26:04,6966.0,12132.0,46277.0,3793.0,16194.0,43500.0
2025-07-19_08:26:04,9669.0,12132.0,46277.0,13986.0,16194.0,43500.0
2025-07-19_08:26:04,10345.0,12132.0,46277.0,14578.0,16194.0,43500.0
2025-07-19_08:26:04,9669.0,12132.0,46277.0,14179.0,16194.0,43500.0
2025-07-19_08:26:05,9244.0,12132.0,46277.0,14108.0,16194.0,43500.0
2025-07-19_08:26:05,9702.0,12132.0,46277.0,14170.0,16194.0,43500.0
2025-07-19_08:26:05,9617.0,12132.0,46277.0,14194.0,16194.0,43500.0
2025-07-19_08:26:05,9860.0,12132.0,46277.0,14254.0,16194.0,43500.0
2025-07-19_08:26:06,9851.0,12132.0,46277.0,14019.0,16194.0,43500.0
2025-07-19_08:26:06,,,,,,
2025-07-19_08:26:10,6967.0,12132.0,46277.0,3787.0,16194.0,43500.0
2025-07-19_08:26:10,9641.0,12132.0,46277.0,14100.0,16194.0,43500.0
2025-07-19_08:26:10,9679.0,12132.0,46277.0,14012.0,16194.0,43500.0
2025-07-19_08:26:10,9655.0,12132.0,46277.0,13999.0,16194.0,43500.0
2025-07-19_08:26:10,9687.0,12132.0,46277.0,14131.0,16194.0,43500.0
2025-07-19_08:26:11,,,,13785.0,16194.0,43500.0
2025-07-19_08:26:14,3375.0,12132.0,46277.0,12193.0,16194.0,43500.0
2025-07-19_08:26:15,,,,,,
2025-07-19_08:26:18,6968.0,12132.0,46277.0,3787.0,16194.0,43500.0
2025-07-19_08:26:19,,,,,,
2025-07-19_08:26:22,6967.0,12132.0,46277.0,3792.0,16194.0,43500.0
2025-07-19_08:26:23,9842.0,12132.0,46277.0,14229.0,16194.0,43500.0
2025-07-19_08:26:23,8583.0,12132.0,46277.0,13952.0,16194.0,43500.0
2025-07-19_08:26:23,9916.0,12132.0,46278.0,14414.0,16195.0,43501.0
2025-07-19_08:26:23,9457.0,12132.0,46278.0,14212.0,16195.0,43501.0
2025-07-19_08:26:24,9636.0,12132.0,46278.0,14131.0,16195.0,43501.0
2025-07-19_08:26:24,9946.0,12132.0,46278.0,14172.0,16195.0,43501.0
2025-07-19_08:26:24,10063.0,12132.0,46278.0,14310.0,16195.0,43501.0
2025-07-19_08:26:24,,,,,,
2025-07-19_08:26:28,6964.0,12132.0,46278.0,3792.0,16195.0,43501.0
2025-07-19_08:26:28,,,,,,
2025-07-19_08:26:32,6964.0,12132.0,46278.0,3793.0,16195.0,43501.0
2025-07-19_08:26:32,9651.0,12132.0,46292.0,13972.0,16195.0,43501.0
2025-07-19_08:26:32,10340.0,12132.0,46293.0,14663.0,16195.0,43501.0
2025-07-19_08:26:33,10177.0,12132.0,46293.0,14632.0,16195.0,43501.0
2025-07-19_08:26:33,9682.0,12132.0,46293.0,13980.0,16195.0,43501.0
2025-07-19_08:26:33,9749.0,12132.0,46293.0,14034.0,16195.0,43501.0
2025-07-19_08:26:33,9792.0,12132.0,46293.0,14147.0,16195.0,43501.0
2025-07-19_08:26:34,9449.0,12132.0,46293.0,13939.0,16195.0,43501.0
2025-07-19_08:26:34,9900.0,12132.0,46293.0,14252.0,16195.0,43501.0
2025-07-19_08:26:34,,,,,,
2025-07-19_08:26:38,6955.0,12132.0,46293.0,3793.0,16195.0,43501.0
2025-07-19_08:26:38,10013.0,12132.0,46293.0,14499.0,16195.0,43501.0
2025-07-19_08:26:38,9679.0,12132.0,46293.0,14174.0,16195.0,43501.0
2025-07-19_08:26:39,9673.0,12132.0,46293.0,14163.0,16195.0,43501.0
2025-07-19_08:26:39,9053.0,12132.0,46293.0,13982.0,16195.0,43501.0
2025-07-19_08:26:39,9664.0,12132.0,46293.0,14170.0,16195.0,43501.0
2025-07-19_08:26:39,,,,,,
2025-07-19_08:26:43,6974.0,12132.0,46293.0,3792.0,16195.0,43501.0
2025-07-19_08:26:43,9671.0,12132.0,46293.0,14162.0,16195.0,43501.0
2025-07-19_08:26:44,10267.0,12132.0,46293.0,14727.0,16195.0,43501.0
2025-07-19_08:26:44,9675.0,12132.0,46293.0,13829.0,16195.0,43501.0
2025-07-19_08:26:44,9592.0,12132.0,46293.0,13958.0,16195.0,43501.0
2025-07-19_08:26:44,10247.0,12132.0,46293.0,14407.0,16195.0,43501.0
2025-07-19_08:26:44,9886.0,12132.0,46293.0,14303.0,16195.0,43501.0
2025-07-19_08:26:45,10201.0,12132.0,46293.0,14662.0,16195.0,43501.0
2025-07-19_08:26:45,,,,,,
2025-07-19_08:26:49,6968.0,12132.0,46293.0,3792.0,16195.0,43501.0
2025-07-19_08:26:49,,,,14033.0,16195.0,43501.0
2025-07-19_08:26:53,3377.0,12132.0,46293.0,12184.0,16195.0,43501.0
2025-07-19_08:26:53,,,,13796.0,16195.0,43501.0
2025-07-19_08:26:56,3302.0,12132.0,46293.0,12162.0,16195.0,43501.0
2025-07-19_08:26:57,9670.0,12132.0,46293.0,14163.0,16195.0,43501.0
2025-07-19_08:26:57,,,,13972.0,16195.0,43501.0
2025-07-19_08:27:01,3302.0,12132.0,46293.0,12185.0,16195.0,43501.0
2025-07-19_08:27:01,9647.0,12132.0,46293.0,14283.0,16195.0,43501.0
2025-07-19_08:27:01,10400.0,12132.0,46293.0,14672.0,16195.0,43501.0
2025-07-19_08:27:01,10309.0,12132.0,46293.0,14544.0,16195.0,43501.0
2025-07-19_08:27:01,9882.0,12132.0,46293.0,14022.0,16195.0,43501.0
2025-07-19_08:27:02,,,,13804.0,16195.0,43501.0
2025-07-19_08:27:05,3319.0,12132.0,46293.0,12184.0,16195.0,43501.0
2025-07-19_08:27:06,9605.0,12132.0,46293.0,14013.0,16195.0,43501.0
2025-07-19_08:27:06,9666.0,12132.0,46293.0,14171.0,16195.0,43501.0
2025-07-19_08:27:06,9595.0,12132.0,46293.0,13986.0,16195.0,43501.0
2025-07-19_08:27:06,9720.0,12132.0,46293.0,13770.0,16195.0,43501.0
2025-07-19_08:27:06,10185.0,12132.0,46293.0,14174.0,16195.0,43501.0
2025-07-19_08:27:07,9862.0,12132.0,46293.0,14322.0,16195.0,43501.0
2025-07-19_08:27:07,9176.0,12132.0,46293.0,14050.0,16195.0,43501.0
2025-07-19_08:27:07,9663.0,12132.0,46293.0,13800.0,16195.0,43501.0
2025-07-19_08:27:07,,,,13915.0,16195.0,43501.0
2025-07-19_08:27:11,3302.0,12132.0,46293.0,12161.0,16195.0,43501.0
2025-07-19_08:27:11,,,,,,
2025-07-19_08:27:15,6968.0,12132.0,46293.0,3793.0,16195.0,43501.0
2025-07-19_08:27:15,10510.0,12132.0,46293.0,14659.0,16195.0,43501.0
2025-07-19_08:27:16,9787.0,12132.0,46293.0,14036.0,16195.0,43501.0
2025-07-19_08:27:16,9668.0,12132.0,46293.0,13982.0,16195.0,43501.0
2025-07-19_08:27:16,,,,13626.0,16195.0,43501.0
2025-07-19_08:27:20,3319.0,12132.0,46293.0,12192.0,16195.0,43501.0
2025-07-19_08:27:20,9677.0,12132.0,46293.0,14002.0,16195.0,43501.0
2025-07-19_08:27:20,9673.0,12132.0,46293.0,13982.0,16195.0,43501.0
2025-07-19_08:27:20,,,,13966.0,16195.0,43501.0
2025-07-19_08:27:24,3302.0,12132.0,46293.0,12192.0,16195.0,43501.0
2025-07-19_08:27:24,,,,,,
2025-07-19_08:27:28,6954.0,12132.0,46293.0,3793.0,16195.0,43501.0
2025-07-19_08:27:28,9793.0,12132.0,46293.0,14134.0,16195.0,43501.0
2025-07-19_08:27:28,10507.0,12132.0,46293.0,14176.0,16195.0,43511.0
2025-07-19_08:27:29,9571.0,12132.0,46293.0,13840.0,16195.0,43511.0
2025-07-19_08:27:29,9810.0,12132.0,46293.0,13994.0,16195.0,43511.0
2025-07-19_08:27:29,9678.0,12132.0,46293.0,13800.0,16195.0,43511.0
2025-07-19_08:27:29,9662.0,12132.0,46293.0,14279.0,16195.0,43511.0
2025-07-19_08:27:29,,,,13976.0,16195.0,43511.0
2025-07-19_08:27:33,3358.0,12132.0,46293.0,12195.0,16195.0,43511.0
2025-07-19_08:27:33,9687.0,12132.0,46293.0,13975.0,16195.0,43511.0
2025-07-19_08:27:34,9544.0,12132.0,46293.0,14162.0,16195.0,43511.0
2025-07-19_08:27:34,,,,14047.0,16195.0,43511.0
2025-07-19_08:27:38,3358.0,12132.0,46293.0,12192.0,16195.0,43511.0
2025-07-19_08:27:38,9803.0,12132.0,46293.0,14245.0,16195.0,43511.0
2025-07-19_08:27:38,9744.0,12132.0,46293.0,14012.0,16195.0,43511.0
2025-07-19_08:27:38,9566.0,12132.0,46293.0,13808.0,16195.0,43511.0
2025-07-19_08:27:38,10051.0,12132.0,46293.0,14108.0,16195.0,43511.0
2025-07-19_08:27:39,9684.0,12132.0,46293.0,14261.0,16195.0,43511.0
2025-07-19_08:27:39,9625.0,12132.0,46364.0,13742.0,16195.0,43555.0
2025-07-19_08:27:39,9681.0,12132.0,46364.0,14109.0,16195.0,43555.0
2025-07-19_08:27:39,,,,13974.0,16195.0,43555.0
2025-07-19_08:27:43,3302.0,12132.0,46364.0,12192.0,16195.0,43555.0
2025-07-19_08:27:43,9687.0,12132.0,46364.0,14220.0,16195.0,43555.0
2025-07-19_08:27:43,,,,13967.0,16195.0,43555.0
2025-07-19_08:27:47,3319.0,12132.0,46364.0,12159.0,16195.0,43555.0
2025-07-19_08:27:47,9817.0,12132.0,46364.0,14210.0,16195.0,43555.0
2025-07-19_08:27:48,,,,13954.0,16195.0,43555.0
2025-07-19_08:27:51,3319.0,12132.0,46364.0,12194.0,16195.0,43555.0
2025-07-19_08:27:52,9604.0,12132.0,46364.0,14320.0,16195.0,43555.0
2025-07-19_08:27:52,9669.0,12132.0,46364.0,14167.0,16195.0,43555.0
2025-07-19_08:27:52,9827.0,12132.0,46364.0,14263.0,16195.0,43555.0
2025-07-19_08:27:52,9668.0,12132.0,46364.0,14298.0,16195.0,43555.0
2025-07-19_08:27:52,10134.0,12132.0,46364.0,14411.0,16195.0,43555.0
2025-07-19_08:27:53,,,,,,
2025-07-19_08:27:57,6961.0,12132.0,46364.0,3792.0,16195.0,43555.0
2025-07-19_08:27:57,9655.0,12132.0,46364.0,14389.0,16195.0,43555.0
2025-07-19_08:27:57,10081.0,12132.0,46364.0,14316.0,16195.0,43555.0
2025-07-19_08:27:57,10190.0,12132.0,46364.0,14335.0,16195.0,43555.0
2025-07-19_08:27:57,10117.0,12132.0,46364.0,14604.0,16195.0,43555.0
2025-07-19_08:27:58,9659.0,12132.0,46364.0,14324.0,16195.0,43555.0
2025-07-19_08:27:58,9454.0,12132.0,46364.0,14100.0,16195.0,43555.0
2025-07-19_08:27:58,9759.0,12132.0,46364.0,14166.0,16195.0,43555.0
2025-07-19_08:27:58,,,,13971.0,16195.0,43555.0
2025-07-19_08:28:02,3319.0,12132.0,46364.0,12200.0,16195.0,43555.0
2025-07-19_08:28:02,9683.0,12132.0,46364.0,14175.0,16195.0,43555.0
2025-07-19_08:28:02,,,,13885.0,16195.0,43555.0
2025-07-19_08:28:06,2778.0,12132.0,46364.0,12161.0,16195.0,43555.0
2025-07-19_08:28:07,9496.0,12132.0,46364.0,14175.0,16195.0,43555.0
2025-07-19_08:28:07,9242.0,12132.0,46364.0,14144.0,16195.0,43555.0
2025-07-19_08:28:07,8655.0,12132.0,46364.0,14208.0,16195.0,43555.0
2025-07-19_08:28:07,9636.0,12132.0,46364.0,14332.0,16195.0,43555.0
2025-07-19_08:28:07,9848.0,12132.0,46364.0,14223.0,16195.0,43555.0
2025-07-19_08:28:08,10107.0,12132.0,46364.0,14538.0,16195.0,43555.0
2025-07-19_08:28:08,10013.0,12132.0,46365.0,14369.0,16195.0,43555.0
2025-07-19_08:28:08,10126.0,12132.0,46365.0,14660.0,16195.0,43555.0
2025-07-19_08:28:08,9428.0,12132.0,46365.0,13967.0,16195.0,43555.0
2025-07-19_08:28:09,9670.0,12132.0,46365.0,14154.0,16195.0,43555.0
2025-07-19_08:28:09,9670.0,12132.0,46365.0,14015.0,16195.0,43555.0
2025-07-19_08:28:09,9675.0,12132.0,46365.0,14014.0,16195.0,43555.0
2025-07-19_08:28:09,9848.0,12132.0,46365.0,14130.0,16195.0,43555.0
2025-07-19_08:28:10,9991.0,12132.0,46365.0,14144.0,16195.0,43555.0
2025-07-19_08:28:10,8682.0,12132.0,46365.0,14026.0,16195.0,43555.0
2025-07-19_08:28:10,9912.0,12132.0,46366.0,14122.0,16195.0,43555.0
2025-07-19_08:28:10,,,,13867.0,16195.0,43555.0
2025-07-19_08:28:14,3375.0,12132.0,46366.0,12193.0,16195.0,43555.0
2025-07-19_08:28:14,9791.0,12132.0,46366.0,14266.0,16195.0,43555.0
2025-07-19_08:28:14,8667.0,12132.0,46366.0,14187.0,16195.0,43555.0
2025-07-19_08:28:14,9943.0,12132.0,46366.0,14575.0,16195.0,43555.0
2025-07-19_08:28:15,9925.0,12132.0,46366.0,14432.0,16195.0,43555.0
2025-07-19_08:28:15,,,,,,
2025-07-19_08:28:19,6968.0,12132.0,46366.0,3787.0,16195.0,43555.0
2025-07-19_08:28:19,10124.0,12132.0,46366.0,14362.0,16195.0,43555.0
2025-07-19_08:28:19,9846.0,12132.0,46366.0,14301.0,16195.0,43555.0
2025-07-19_08:28:19,9671.0,12132.0,46366.0,13979.0,16195.0,43555.0
2025-07-19_08:28:20,9959.0,12132.0,46366.0,14199.0,16195.0,43555.0
2025-07-19_08:28:20,9810.0,12132.0,46366.0,14211.0,16195.0,43555.0
2025-07-19_08:28:20,10175.0,12132.0,46366.0,14480.0,16195.0,43555.0
2025-07-19_08:28:20,9676.0,12132.0,46366.0,13787.0,16195.0,43555.0
2025-07-19_08:28:21,9652.0,12132.0,46366.0,14143.0,16195.0,43555.0
2025-07-19_08:28:21,9249.0,12132.0,46366.0,14015.0,16195.0,43555.0
2025-07-19_08:28:21,9273.0,12132.0,46366.0,13938.0,16195.0,43555.0
2025-07-19_08:28:21,9803.0,12132.0,46366.0,14107.0,16195.0,43555.0
2025-07-19_08:28:21,9930.0,12132.0,46366.0,14356.0,16195.0,43555.0
2025-07-19_08:28:22,9830.0,12132.0,46366.0,14039.0,16195.0,43555.0
2025-07-19_08:28:22,,,,13981.0,16195.0,43555.0
2025-07-19_08:28:26,3358.0,12132.0,46366.0,12193.0,16195.0,43555.0
2025-07-19_08:28:26,,,,,,
2025-07-19_08:28:30,6962.0,12132.0,46366.0,3793.0,16195.0,43555.0
2025-07-19_08:28:30,9823.0,12132.0,46366.0,14041.0,16195.0,43555.0
2025-07-19_08:28:30,,,,14334.0,16195.0,43555.0
2025-07-19_08:28:34,3358.0,12132.0,46366.0,12176.0,16195.0,43555.0
2025-07-19_08:28:34,10084.0,12132.0,46366.0,14500.0,16195.0,43555.0
2025-07-19_08:28:34,,,,,,
2025-07-19_08:28:38,6968.0,12132.0,46366.0,3787.0,16195.0,43555.0
2025-07-19_08:28:38,10070.0,12132.0,46367.0,14370.0,16195.0,43555.0
2025-07-19_08:28:38,9583.0,12132.0,46367.0,14214.0,16195.0,43555.0
2025-07-19_08:28:39,9658.0,12132.0,46367.0,14292.0,16195.0,43555.0
2025-07-19_08:28:39,9218.0,12132.0,46367.0,13929.0,16195.0,43555.0
2025-07-19_08:28:39,9670.0,12132.0,46367.0,13979.0,16195.0,43555.0
2025-07-19_08:28:39,8423.0,12132.0,46367.0,13767.0,16195.0,43555.0
2025-07-19_08:28:39,9723.0,12132.0,46367.0,14575.0,16195.0,43555.0
2025-07-19_08:28:40,9209.0,12132.0,46367.0,14099.0,16195.0,43555.0
2025-07-19_08:28:40,,,,14400.0,16195.0,43555.0
2025-07-19_08:28:44,3302.0,12132.0,46367.0,12204.0,16195.0,43555.0
2025-07-19_08:28:44,10343.0,12132.0,46367.0,14345.0,16195.0,43555.0
2025-07-19_08:28:44,,,,14151.0,16195.0,43555.0
2025-07-19_08:28:48,2778.0,12132.0,46367.0,12190.0,16195.0,43555.0
2025-07-19_08:28:48,9667.0,12132.0,46367.0,14010.0,16195.0,43555.0
2025-07-19_08:28:48,9671.0,12132.0,46367.0,13970.0,16195.0,43555.0
2025-07-19_08:28:49,,,,13939.0,16195.0,43555.0
2025-07-19_08:28:52,3302.0,12132.0,46367.0,12178.0,16195.0,43555.0
2025-07-19_08:28:53,9914.0,12132.0,46367.0,14161.0,16195.0,43555.0
2025-07-19_08:28:53,9775.0,12132.0,46367.0,14122.0,16195.0,43557.0
2025-07-19_08:28:53,8527.0,12132.0,46367.0,13937.0,16195.0,43557.0
2025-07-19_08:28:53,10198.0,12132.0,46367.0,14865.0,16195.0,43584.0
2025-07-19_08:28:53,10137.0,12132.0,46367.0,14650.0,16195.0,43584.0
2025-07-19_08:28:54,,,,13929.0,16195.0,43603.0
2025-07-19_08:28:57,3319.0,12132.0,46367.0,12183.0,16195.0,43603.0
2025-07-19_08:28:57,10364.0,12132.0,46367.0,14580.0,16195.0,43603.0
2025-07-19_08:28:58,9673.0,12132.0,46367.0,13982.0,16195.0,43603.0
2025-07-19_08:28:58,10169.0,12132.0,46367.0,14346.0,16195.0,43603.0
2025-07-19_08:28:58,9938.0,12132.0,46367.0,14357.0,16195.0,43603.0
2025-07-19_08:28:58,10144.0,12132.0,46367.0,14651.0,16195.0,43603.0
2025-07-19_08:28:59,9944.0,12132.0,46367.0,14570.0,16195.0,43606.0
2025-07-19_08:28:59,9810.0,12132.0,46367.0,14222.0,16195.0,43606.0
2025-07-19_08:28:59,9685.0,12132.0,46367.0,14153.0,16195.0,43606.0
2025-07-19_08:28:59,,,,,,
2025-07-19_08:29:03,6951.0,12132.0,46367.0,3793.0,16195.0,43606.0
2025-07-19_08:29:04,6961.0,12132.0,46367.0,3804.0,16195.0,43606.0
2025-07-19_08:29:04,10267.0,12132.0,46369.0,14234.0,16195.0,43606.0
2025-07-19_08:29:04,,,,,,
2025-07-19_08:29:08,6952.0,12132.0,46369.0,3793.0,16195.0,43606.0
2025-07-19_08:29:08,,,,,,
2025-07-19_08:29:12,6968.0,12132.0,46369.0,3787.0,16195.0,43606.0
2025-07-19_08:29:12,9604.0,12132.0,46369.0,14109.0,16195.0,43606.0
2025-07-19_08:29:13,9851.0,12132.0,46369.0,14044.0,16195.0,43606.0
2025-07-19_08:29:13,9906.0,12132.0,46369.0,14095.0,16195.0,43606.0
2025-07-19_08:29:13,9858.0,12132.0,46369.0,14306.0,16195.0,43606.0
2025-07-19_08:29:13,10515.0,12132.0,46369.0,14638.0,16195.0,43606.0
2025-07-19_08:29:14,8699.0,12132.0,46369.0,14180.0,16195.0,43606.0
2025-07-19_08:29:14,9688.0,12132.0,46369.0,13977.0,16195.0,43606.0
2025-07-19_08:29:14,10291.0,12132.0,46369.0,14582.0,16195.0,43607.0
2025-07-19_08:29:14,10203.0,12132.0,46370.0,14525.0,16195.0,43607.0
2025-07-19_08:29:14,10183.0,12132.0,46374.0,14659.0,16195.0,43607.0
2025-07-19_08:29:15,10238.0,12132.0,46374.0,14448.0,16195.0,43607.0
2025-07-19_08:29:15,10098.0,12132.0,46374.0,14352.0,16195.0,43607.0
2025-07-19_08:29:15,9639.0,12132.0,46374.0,14297.0,16195.0,43607.0
2025-07-19_08:29:15,8953.0,12132.0,46374.0,13639.0,16195.0,43607.0
2025-07-19_08:29:16,9548.0,12132.0,46374.0,13928.0,16195.0,43607.0
2025-07-19_08:29:16,9672.0,12132.0,46374.0,14000.0,16195.0,43607.0
2025-07-19_08:29:16,9939.0,12132.0,46376.0,14068.0,16195.0,43607.0
2025-07-19_08:29:16,9867.0,12132.0,46376.0,13943.0,16195.0,43607.0
2025-07-19_08:29:16,9215.0,12132.0,46376.0,14000.0,16195.0,43607.0
2025-07-19_08:29:17,9534.0,12132.0,46376.0,14106.0,16195.0,43607.0
2025-07-19_08:29:17,10177.0,12132.0,46376.0,14412.0,16195.0,43607.0
2025-07-19_08:29:17,9652.0,12132.0,46376.0,14058.0,16195.0,43607.0
2025-07-19_08:29:17,8515.0,12132.0,46376.0,13803.0,16195.0,43607.0
2025-07-19_08:29:21,2778.0,12132.0,46376.0,12157.0,16195.0,43607.0
2025-07-19_08:29:22,9765.0,12132.0,46376.0,13939.0,16195.0,43607.0
2025-07-19_08:29:22,10631.0,12132.0,46376.0,14652.0,16195.0,43607.0
2025-07-19_08:29:22,9794.0,12132.0,46376.0,14369.0,16195.0,43607.0
2025-07-19_08:29:22,,,,13788.0,16195.0,43607.0
2025-07-19_08:29:26,3302.0,12132.0,46376.0,12164.0,16195.0,43607.0
2025-07-19_08:29:26,9583.0,12132.0,46376.0,14295.0,16195.0,43607.0
2025-07-19_08:29:26,9764.0,12132.0,46376.0,14267.0,16195.0,43607.0
2025-07-19_08:29:27,9254.0,12132.0,46376.0,14107.0,16195.0,43607.0
2025-07-19_08:29:27,,,,13981.0,16195.0,43607.0
2025-07-19_08:29:31,,,,,,
2025-07-19_08:29:34,6959.0,12132.0,46376.0,3792.0,16195.0,43607.0
2025-07-19_08:29:35,9644.0,12132.0,46376.0,14097.0,16195.0,43607.0
2025-07-19_08:29:35,10069.0,12132.0,46376.0,13932.0,16195.0,43607.0
2025-07-19_08:29:35,9670.0,12132.0,46376.0,14171.0,16195.0,43607.0
2025-07-19_08:29:35,10108.0,12132.0,46376.0,14234.0,16195.0,43607.0
2025-07-19_08:29:36,,,,13681.0,16195.0,43607.0
2025-07-19_08:29:39,2778.0,12132.0,46376.0,12159.0,16195.0,43607.0
2025-07-19_08:29:40,8635.0,12132.0,46376.0,14449.0,16195.0,43607.0
2025-07-19_08:29:40,9682.0,12132.0,46376.0,13946.0,16195.0,43607.0
2025-07-19_08:29:40,9837.0,12132.0,46376.0,14058.0,16195.0,43607.0
2025-07-19_08:29:40,8570.0,12132.0,46376.0,14176.0,16195.0,43607.0
2025-07-19_08:29:40,8528.0,12132.0,46376.0,13749.0,16195.0,43607.0
2025-07-19_08:29:41,,,,,,
2025-07-19_08:29:45,6970.0,12132.0,46376.0,3793.0,16195.0,43607.0
2025-07-19_08:29:45,10076.0,12132.0,46376.0,14366.0,16195.0,43607.0
2025-07-19_08:29:45,8571.0,12132.0,46376.0,13937.0,16195.0,43607.0
2025-07-19_08:29:45,10091.0,12132.0,46376.0,14397.0,16195.0,43607.0
2025-07-19_08:29:45,9882.0,12132.0,46376.0,14323.0,16195.0,43607.0
2025-07-19_08:29:46,9571.0,12132.0,46376.0,13933.0,16195.0,43607.0
2025-07-19_08:29:46,,,,14173.0,16195.0,43607.0
2025-07-19_08:29:50,3375.0,12132.0,46376.0,12191.0,16195.0,43607.0
2025-07-19_08:29:50,9891.0,12132.0,46376.0,13991.0,16195.0,43607.0
2025-07-19_08:29:50,9671.0,12132.0,46376.0,14171.0,16195.0,43607.0
2025-07-19_08:29:50,,,,,,
2025-07-19_08:29:54,6956.0,12132.0,46376.0,3793.0,16195.0,43607.0
2025-07-19_08:29:54,9728.0,12132.0,46376.0,14054.0,16195.0,43607.0
2025-07-19_08:29:55,,,,,,
2025-07-19_08:29:58,6954.0,12132.0,46376.0,3792.0,16195.0,43607.0
2025-07-19_08:29:59,9563.0,12132.0,46376.0,14188.0,16195.0,43607.0
2025-07-19_08:29:59,9826.0,12132.0,46376.0,13988.0,16195.0,43607.0
2025-07-19_08:29:59,,,,,,
2025-07-19_08:30:03,6970.0,12132.0,46376.0,3792.0,16195.0,43607.0
2025-07-19_08:30:03,9936.0,12132.0,46376.0,14349.0,16195.0,43607.0
2025-07-19_08:30:03,9665.0,12132.0,46376.0,14161.0,16195.0,43607.0
2025-07-19_08:30:04,8356.0,12132.0,46376.0,13724.0,16195.0,43607.0
2025-07-19_08:30:04,10103.0,12132.0,46378.0,14257.0,16195.0,43607.0
2025-07-19_08:30:04,9682.0,12132.0,46378.0,13970.0,16195.0,43607.0
2025-07-19_08:30:04,,,,13065.0,16195.0,43607.0
2025-07-19_08:30:08,2780.0,12132.0,46378.0,12168.0,16195.0,43607.0
2025-07-19_08:30:08,10140.0,12132.0,46378.0,14386.0,16195.0,43607.0
2025-07-19_08:30:09,9956.0,12132.0,46378.0,14393.0,16195.0,43607.0
2025-07-19_08:30:09,,,,,,
2025-07-19_08:30:13,6965.0,12132.0,46378.0,3793.0,16195.0,43607.0
2025-07-19_08:30:13,8611.0,12132.0,46378.0,14025.0,16195.0,43607.0
2025-07-19_08:30:13,9657.0,12132.0,46378.0,14305.0,16195.0,43607.0
2025-07-19_08:30:13,,,,14111.0,16195.0,43607.0
2025-07-19_08:30:17,3302.0,12132.0,46378.0,12164.0,16195.0,43607.0
2025-07-19_08:30:17,9892.0,12132.0,46378.0,14384.0,16195.0,43607.0
2025-07-19_08:30:17,9882.0,12132.0,46378.0,14418.0,16195.0,43607.0
2025-07-19_08:30:18,9696.0,12132.0,46378.0,14277.0,16195.0,43607.0
2025-07-19_08:30:18,9591.0,12132.0,46378.0,14008.0,16195.0,43607.0
2025-07-19_08:30:18,9675.0,12132.0,46378.0,14168.0,16195.0,43607.0
2025-07-19_08:30:18,9614.0,12132.0,46378.0,14037.0,16195.0,43607.0
2025-07-19_08:30:19,,,,,,
2025-07-19_08:30:22,6967.0,12132.0,46378.0,3793.0,16195.0,43607.0
2025-07-19_08:30:23,10411.0,12132.0,46378.0,14455.0,16195.0,43608.0
2025-07-19_08:30:23,10263.0,12132.0,46378.0,14466.0,16195.0,43608.0
2025-07-19_08:30:23,9573.0,12132.0,46378.0,14183.0,16195.0,43608.0
2025-07-19_08:30:23,9670.0,12132.0,46378.0,14084.0,16195.0,43608.0
2025-07-19_08:30:23,9939.0,12132.0,46378.0,14211.0,16195.0,43608.0
2025-07-19_08:30:24,,,,,,
2025-07-19_08:30:27,6965.0,12132.0,46378.0,3789.0,16195.0,43608.0
2025-07-19_08:30:28,9677.0,12132.0,46378.0,14007.0,16195.0,43608.0
2025-07-19_08:30:28,9656.0,12132.0,46378.0,14109.0,16195.0,43608.0
2025-07-19_08:30:28,9514.0,12132.0,46378.0,14266.0,16195.0,43608.0
2025-07-19_08:30:28,8531.0,12132.0,46378.0,13843.0,16195.0,43608.0
2025-07-19_08:30:29,9866.0,12132.0,46378.0,14081.0,16195.0,43608.0
2025-07-19_08:30:29,9684.0,12132.0,46378.0,13986.0,16195.0,43608.0
2025-07-19_08:30:29,9676.0,12132.0,46378.0,14158.0,16195.0,43608.0
2025-07-19_08:30:29,,,,14183.0,16195.0,43608.0
2025-07-19_08:30:33,3375.0,12132.0,46378.0,12163.0,16195.0,43608.0
2025-07-19_08:30:33,10460.0,12134.0,46386.0,14452.0,16195.0,43608.0
2025-07-19_08:30:33,8645.0,12134.0,46386.0,14099.0,16195.0,43608.0
2025-07-19_08:30:34,10242.0,12134.0,46386.0,14453.0,16195.0,43608.0
2025-07-19_08:30:34,8524.0,12134.0,46386.0,13818.0,16195.0,43608.0
2025-07-19_08:30:34,9765.0,12134.0,46386.0,14062.0,16195.0,43608.0
2025-07-19_08:30:34,10306.0,12134.0,46386.0,14848.0,16195.0,43612.0
2025-07-19_08:30:35,9617.0,12134.0,46386.0,14105.0,16195.0,43612.0
2025-07-19_08:30:35,10435.0,12134.0,46386.0,14539.0,16195.0,43612.0
2025-07-19_08:30:35,10223.0,12134.0,46386.0,14264.0,16195.0,43612.0
2025-07-19_08:30:35,9807.0,12134.0,46386.0,14013.0,16195.0,43612.0
2025-07-19_08:30:35,10213.0,12134.0,46386.0,14331.0,16195.0,43612.0
2025-07-19_08:30:36,10322.0,12134.0,46386.0,14072.0,16195.0,43612.0
2025-07-19_08:30:36,,,,,,
2025-07-19_08:30:40,6959.0,12134.0,46393.0,3786.0,16195.0,43612.0
2025-07-19_08:30:40,9678.0,12134.0,46393.0,13973.0,16195.0,43612.0
2025-07-19_08:30:40,9749.0,12134.0,46393.0,14248.0,16195.0,43612.0
2025-07-19_08:30:40,9636.0,12134.0,46393.0,14051.0,16195.0,43612.0
2025-07-19_08:30:40,10077.0,12134.0,46393.0,13977.0,16195.0,43612.0
2025-07-19_08:30:41,9144.0,12134.0,46393.0,14007.0,16195.0,43612.0
2025-07-19_08:30:41,9856.0,12134.0,46393.0,14237.0,16195.0,43612.0
2025-07-19_08:30:41,10141.0,12134.0,46393.0,14594.0,16195.0,43612.0
2025-07-19_08:30:41,,,,,,
2025-07-19_08:30:45,6959.0,12134.0,46393.0,3793.0,16195.0,43612.0
2025-07-19_08:30:45,10633.0,12134.0,46393.0,14879.0,16195.0,43612.0
2025-07-19_08:30:45,9167.0,12134.0,46393.0,13996.0,16195.0,43612.0
2025-07-19_08:30:46,,,,,,
2025-07-19_08:30:50,6968.0,12134.0,46393.0,3793.0,16195.0,43612.0
2025-07-19_08:30:50,,,,,,
2025-07-19_08:30:54,6964.0,12134.0,46393.0,3793.0,16195.0,43612.0
2025-07-19_08:30:54,9598.0,12134.0,46393.0,13963.0,16195.0,43612.0
2025-07-19_08:30:54,10217.0,12134.0,46393.0,14323.0,16195.0,43612.0
2025-07-19_08:30:54,9650.0,12134.0,46393.0,14524.0,16195.0,43612.0
2025-07-19_08:30:54,9771.0,12134.0,46393.0,14230.0,16195.0,43612.0
2025-07-19_08:30:55,9670.0,12134.0,46393.0,14099.0,16195.0,43612.0
2025-07-19_08:30:55,,,,,,
2025-07-19_08:30:59,6963.0,12134.0,46393.0,3792.0,16195.0,43612.0
2025-07-19_08:30:59,9604.0,12134.0,46393.0,13977.0,16195.0,43612.0
2025-07-19_08:30:59,9852.0,12134.0,46393.0,14254.0,16195.0,43612.0
2025-07-19_08:30:59,,,,14037.0,16195.0,43612.0
2025-07-19_08:31:03,3375.0,12134.0,46393.0,12184.0,16195.0,43612.0
2025-07-19_08:31:03,9972.0,12134.0,46393.0,14387.0,16195.0,43612.0
2025-07-19_08:31:03,10137.0,12134.0,46393.0,14366.0,16195.0,43612.0
2025-07-19_08:31:04,8646.0,12134.0,46393.0,14090.0,16195.0,43612.0
2025-07-19_08:31:04,10468.0,12134.0,46393.0,14703.0,16195.0,43612.0
2025-07-19_08:31:04,10424.0,12134.0,46393.0,14727.0,16195.0,43612.0
2025-07-19_08:31:08,2778.0,12134.0,46393.0,12190.0,16195.0,43612.0
2025-07-19_08:31:08,9601.0,12134.0,46393.0,14234.0,16195.0,43612.0
2025-07-19_08:31:09,9665.0,12134.0,46393.0,14322.0,16195.0,43612.0
2025-07-19_08:31:09,9681.0,12134.0,46393.0,14181.0,16195.0,43612.0
2025-07-19_08:31:09,10095.0,12134.0,46393.0,14358.0,16195.0,43612.0
2025-07-19_08:31:09,9500.0,12134.0,46393.0,13933.0,16195.0,43612.0
2025-07-19_08:31:09,9559.0,12134.0,46393.0,13934.0,16195.0,43612.0
2025-07-19_08:31:10,9665.0,12134.0,46393.0,14024.0,16195.0,43612.0
2025-07-19_08:31:10,9511.0,12134.0,46393.0,14165.0,16195.0,43612.0
2025-07-19_08:31:10,10098.0,12134.0,46393.0,14340.0,16195.0,43612.0
2025-07-19_08:31:10,9945.0,12134.0,46393.0,14392.0,16195.0,43612.0
2025-07-19_08:31:11,8602.0,12134.0,46393.0,14334.0,16195.0,43612.0
2025-07-19_08:31:11,,,,,,
2025-07-19_08:31:15,3302.0,12134.0,46393.0,4596.0,16195.0,43612.0
2025-07-19_08:31:15,10230.0,12134.0,46393.0,14669.0,16195.0,43612.0
2025-07-19_08:31:16,9678.0,12134.0,46393.0,14101.0,16195.0,43612.0
2025-07-19_08:31:16,,,,12057.0,16195.0,43612.0
2025-07-19_08:31:20,2778.0,12134.0,46393.0,12187.0,16195.0,43612.0
2025-07-19_08:31:20,10117.0,12134.0,46395.0,14245.0,16195.0,43612.0
2025-07-19_08:31:20,10534.0,12134.0,46395.0,14732.0,16195.0,43612.0
2025-07-19_08:31:20,10172.0,12134.0,46395.0,14323.0,16195.0,43612.0
2025-07-19_08:31:21,9583.0,12134.0,46395.0,13743.0,16195.0,43612.0
2025-07-19_08:31:21,10146.0,12134.0,46395.0,14367.0,16195.0,43612.0
2025-07-19_08:31:21,9567.0,12134.0,46395.0,14189.0,16195.0,43612.0
2025-07-19_08:31:21,,,,13985.0,16195.0,43612.0
2025-07-19_08:31:25,3302.0,12134.0,46395.0,12195.0,16195.0,43612.0
2025-07-19_08:31:25,9851.0,12134.0,46397.0,14637.0,16195.0,43612.0
2025-07-19_08:31:25,9211.0,12134.0,46397.0,14005.0,16195.0,43612.0
2025-07-19_08:31:26,,,,,,
2025-07-19_08:31:30,6965.0,12134.0,46397.0,3792.0,16195.0,43612.0
2025-07-19_08:31:30,,,,,,
2025-07-19_08:31:34,6967.0,12134.0,46397.0,3795.0,16195.0,43612.0
2025-07-19_08:31:34,10120.0,12134.0,46397.0,14514.0,16195.0,43612.0
2025-07-19_08:31:34,9558.0,12134.0,46397.0,13984.0,16195.0,43612.0
2025-07-19_08:31:34,,,,13792.0,16195.0,43612.0
2025-07-19_08:31:38,2778.0,12134.0,46397.0,12165.0,16195.0,43612.0
2025-07-19_08:31:38,9645.0,12134.0,46397.0,14105.0,16195.0,43612.0
2025-07-19_08:31:39,9672.0,12134.0,46397.0,14289.0,16195.0,43612.0
2025-07-19_08:31:39,9777.0,12134.0,46397.0,14323.0,16195.0,43612.0
2025-07-19_08:31:39,9944.0,12134.0,46397.0,14568.0,16195.0,43612.0
2025-07-19_08:31:39,10065.0,12134.0,46397.0,14142.0,16195.0,43612.0
2025-07-19_08:31:39,10132.0,12134.0,46397.0,14373.0,16195.0,43612.0
2025-07-19_08:31:40,9961.0,12134.0,46397.0,14214.0,16195.0,43612.0
2025-07-19_08:31:40,9618.0,12134.0,46397.0,14028.0,16195.0,43612.0
2025-07-19_08:31:40,9679.0,12134.0,46397.0,14164.0,16195.0,43612.0
2025-07-19_08:31:40,9673.0,12134.0,46397.0,14166.0,16195.0,43612.0
2025-07-19_08:31:41,9679.0,12134.0,46397.0,13980.0,16195.0,43612.0
2025-07-19_08:31:41,9650.0,12134.0,46397.0,14133.0,16195.0,43612.0
2025-07-19_08:31:41,8659.0,12134.0,46397.0,14215.0,16195.0,43612.0
2025-07-19_08:31:41,8693.0,12134.0,46397.0,14206.0,16195.0,43612.0
2025-07-19_08:31:41,9752.0,12134.0,46397.0,14296.0,16195.0,43612.0
2025-07-19_08:31:42,9629.0,12134.0,46397.0,14322.0,16195.0,43612.0
2025-07-19_08:31:42,,,,13959.0,16195.0,43612.0
2025-07-19_08:31:46,3319.0,12134.0,46397.0,12195.0,16195.0,43612.0
2025-07-19_08:31:46,9670.0,12134.0,46397.0,14157.0,16195.0,43612.0
2025-07-19_08:31:46,,,,,,
2025-07-19_08:31:50,6970.0,12134.0,46397.0,3787.0,16195.0,43612.0
2025-07-19_08:31:50,,,,13747.0,16195.0,43612.0
2025-07-19_08:31:54,3302.0,12134.0,46397.0,12193.0,16195.0,43612.0
2025-07-19_08:31:54,9875.0,12134.0,46397.0,14085.0,16195.0,43612.0
2025-07-19_08:31:54,9701.0,12134.0,46397.0,14152.0,16195.0,43612.0
2025-07-19_08:31:54,8971.0,12134.0,46397.0,13940.0,16195.0,43612.0
2025-07-19_08:31:55,9670.0,12134.0,46397.0,13791.0,16195.0,43612.0
2025-07-19_08:31:55,10004.0,12134.0,46397.0,14478.0,16195.0,43612.0
2025-07-19_08:31:55,9754.0,12134.0,46397.0,14249.0,16195.0,43612.0
2025-07-19_08:31:55,9998.0,12134.0,46397.0,14046.0,16195.0,43612.0
2025-07-19_08:31:56,,,,13924.0,16195.0,43612.0
2025-07-19_08:31:59,3302.0,12134.0,46397.0,12189.0,16195.0,43612.0
2025-07-19_08:31:59,9672.0,12134.0,46397.0,14155.0,16195.0,43612.0
2025-07-19_08:32:00,9651.0,12134.0,46397.0,14282.0,16195.0,43612.0
2025-07-19_08:32:00,9945.0,12134.0,46397.0,14659.0,16195.0,43612.0
2025-07-19_08:32:00,10005.0,12134.0,46397.0,14136.0,16195.0,43612.0
2025-07-19_08:32:00,,,,,,
2025-07-19_08:32:04,6970.0,12134.0,46397.0,3793.0,16195.0,43612.0
2025-07-19_08:32:04,,,,,,
2025-07-19_08:32:08,6972.0,12134.0,46397.0,3793.0,16195.0,43612.0
2025-07-19_08:32:08,9672.0,12134.0,46397.0,13978.0,16195.0,43612.0
2025-07-19_08:32:09,,,,13077.0,16195.0,43612.0
2025-07-19_08:32:12,2778.0,12134.0,46397.0,12180.0,16195.0,43612.0
2025-07-19_08:32:13,10192.0,12134.0,46397.0,14515.0,16195.0,43612.0
2025-07-19_08:32:13,9688.0,12134.0,46397.0,13746.0,16195.0,43612.0
2025-07-19_08:32:13,,,,13982.0,16195.0,43612.0
2025-07-19_08:32:17,3302.0,12134.0,46397.0,12171.0,16195.0,43612.0
2025-07-19_08:32:17,,,,,,
2025-07-19_08:32:21,6965.0,12134.0,46397.0,3793.0,16195.0,43612.0
2025-07-19_08:32:21,9831.0,12134.0,46397.0,14241.0,16195.0,43612.0
2025-07-19_08:32:21,8647.0,12134.0,46397.0,13899.0,16195.0,43612.0
2025-07-19_08:32:22,,,,13650.0,16195.0,43612.0
2025-07-19_08:32:25,3302.0,12134.0,46397.0,12192.0,16195.0,43612.0
2025-07-19_08:32:25,,,,14066.0,16195.0,43612.0
2025-07-19_08:32:29,2778.0,12134.0,46397.0,12186.0,16195.0,43612.0
2025-07-19_08:32:30,,,,14116.0,16195.0,43612.0
2025-07-19_08:32:33,2778.0,12134.0,46397.0,12161.0,16195.0,43612.0
2025-07-19_08:32:34,9641.0,12134.0,46397.0,14287.0,16195.0,43612.0
2025-07-19_08:32:34,,,,14243.0,16195.0,43612.0
2025-07-19_08:32:38,3375.0,12134.0,46397.0,12185.0,16195.0,43612.0
2025-07-19_08:32:38,9665.0,12134.0,46397.0,14099.0,16195.0,43612.0
2025-07-19_08:32:38,9802.0,12134.0,46397.0,14362.0,16195.0,43612.0
2025-07-19_08:32:38,10304.0,12134.0,46397.0,14553.0,16195.0,43612.0
2025-07-19_08:32:38,8552.0,12134.0,46397.0,14071.0,16195.0,43612.0
2025-07-19_08:32:39,,,,13908.0,16195.0,43612.0
2025-07-19_08:32:42,3302.0,12134.0,46397.0,12197.0,16195.0,43612.0
2025-07-19_08:32:42,10218.0,12134.0,46397.0,14327.0,16195.0,43618.0
2025-07-19_08:32:43,9654.0,12134.0,46397.0,14279.0,16195.0,43618.0
2025-07-19_08:32:43,,,,14313.0,16195.0,43618.0
2025-07-19_08:32:47,3375.0,12134.0,46397.0,12194.0,16195.0,43618.0
2025-07-19_08:32:47,,,,13981.0,16195.0,43618.0
2025-07-19_08:32:51,3319.0,12134.0,46397.0,12163.0,16195.0,43618.0
2025-07-19_08:32:51,9780.0,12134.0,46397.0,14331.0,16195.0,43618.0
2025-07-19_08:32:51,8542.0,12134.0,46397.0,13891.0,16195.0,43618.0
2025-07-19_08:32:51,,,,14325.0,16195.0,43618.0
2025-07-19_08:32:55,3358.0,12134.0,46397.0,12199.0,16195.0,43618.0
2025-07-19_08:32:55,10089.0,12134.0,46397.0,14128.0,16195.0,43618.0
2025-07-19_08:32:55,,,,,,
2025-07-19_08:32:59,6968.0,12134.0,46397.0,3793.0,16195.0,43618.0
2025-07-19_08:32:59,10221.0,12134.0,46397.0,14341.0,16195.0,43618.0
2025-07-19_08:33:00,10137.0,12134.0,46397.0,14357.0,16195.0,43618.0
2025-07-19_08:33:00,10153.0,12134.0,46397.0,14316.0,16195.0,43618.0
2025-07-19_08:33:00,10084.0,12134.0,46397.0,14226.0,16195.0,43618.0
2025-07-19_08:33:00,10163.0,12134.0,46397.0,14656.0,16195.0,43618.0
2025-07-19_08:33:01,,,,14197.0,16195.0,43618.0
2025-07-19_08:33:04,2778.0,12134.0,46397.0,12188.0,16195.0,43618.0
2025-07-19_08:33:05,,,,14680.0,16195.0,43618.0
2025-07-19_08:33:08,3375.0,12134.0,46397.0,12182.0,16195.0,43618.0
2025-07-19_08:33:08,10372.0,12134.0,46397.0,14383.0,16195.0,43618.0
2025-07-19_08:33:09,9682.0,12134.0,46397.0,13988.0,16195.0,43618.0
2025-07-19_08:33:09,9643.0,12134.0,46397.0,14281.0,16195.0,43618.0
2025-07-19_08:33:09,10272.0,12134.0,46397.0,14413.0,16195.0,43618.0
2025-07-19_08:33:09,9641.0,12134.0,46397.0,14082.0,16195.0,43618.0
2025-07-19_08:33:10,9682.0,12134.0,46397.0,13983.0,16195.0,43618.0
2025-07-19_08:33:10,,,,,,
2025-07-19_08:33:14,6958.0,12134.0,46397.0,3792.0,16195.0,43618.0
2025-07-19_08:33:14,,,,14116.0,16195.0,43630.0
2025-07-19_08:33:18,2778.0,12134.0,46397.0,12188.0,16195.0,43630.0
2025-07-19_08:33:18,,,,13998.0,16195.0,43630.0
2025-07-19_08:33:22,3302.0,12134.0,46397.0,12160.0,16195.0,43630.0
2025-07-19_08:33:22,9669.0,12134.0,46397.0,14293.0,16195.0,43630.0
2025-07-19_08:33:22,,,,,,
2025-07-19_08:33:26,6963.0,12134.0,46397.0,3793.0,16195.0,43630.0
2025-07-19_08:33:26,9787.0,12134.0,46397.0,14231.0,16195.0,43630.0
2025-07-19_08:33:26,9711.0,12134.0,46397.0,14215.0,16195.0,43630.0
2025-07-19_08:33:27,9669.0,12134.0,46397.0,14288.0,16195.0,43630.0
2025-07-19_08:33:27,9674.0,12134.0,46397.0,13986.0,16195.0,43630.0
2025-07-19_08:33:27,9954.0,12134.0,46397.0,14561.0,16195.0,43630.0
2025-07-19_08:33:27,,,,14094.0,16195.0,43630.0
2025-07-19_08:33:31,3319.0,12134.0,46397.0,12171.0,16195.0,43630.0
2025-07-19_08:33:31,9630.0,12134.0,46397.0,14119.0,16195.0,43630.0
2025-07-19_08:33:31,9672.0,12134.0,46397.0,13986.0,16195.0,43630.0
2025-07-19_08:33:32,10457.0,12134.0,46397.0,14544.0,16195.0,43630.0
2025-07-19_08:33:32,,,,,,
2025-07-19_08:33:36,6963.0,12134.0,46397.0,3795.0,16195.0,43630.0
2025-07-19_08:33:36,,,,,,
2025-07-19_08:33:40,6964.0,12134.0,46397.0,3793.0,16195.0,43630.0
2025-07-19_08:33:40,9250.0,12134.0,46397.0,14038.0,16195.0,43630.0
2025-07-19_08:33:40,9827.0,12134.0,46397.0,14262.0,16195.0,43630.0
2025-07-19_08:33:40,,,,14079.0,16195.0,43630.0
2025-07-19_08:33:44,3375.0,12134.0,46397.0,12165.0,16195.0,43630.0
2025-07-19_08:33:44,10368.0,12134.0,46397.0,14871.0,16195.0,43630.0
2025-07-19_08:33:45,10331.0,12134.0,46397.0,14655.0,16195.0,43630.0
2025-07-19_08:33:45,10434.0,12134.0,46397.0,14426.0,16195.0,43667.0
2025-07-19_08:33:45,9808.0,12134.0,46397.0,14256.0,16195.0,43668.0
2025-07-19_08:33:49,2778.0,12134.0,46397.0,12194.0,16195.0,43668.0
2025-07-19_08:33:49,9666.0,12134.0,46397.0,14165.0,16195.0,43668.0
2025-07-19_08:33:49,,,,13036.0,16195.0,43668.0
2025-07-19_08:33:53,2778.0,12134.0,46397.0,12167.0,16195.0,43668.0
2025-07-19_08:33:53,10400.0,12134.0,46397.0,14426.0,16195.0,43668.0
2025-07-19_08:33:54,9678.0,12134.0,46397.0,14008.0,16195.0,43668.0
2025-07-19_08:33:54,8737.0,12134.0,46397.0,14215.0,16195.0,43668.0
2025-07-19_08:33:54,10274.0,12134.0,46463.0,14332.0,16195.0,43668.0
2025-07-19_08:33:54,9793.0,12134.0,46463.0,14225.0,16195.0,43668.0
2025-07-19_08:33:54,9681.0,12134.0,46463.0,14174.0,16195.0,43668.0
2025-07-19_08:33:55,,,,,,
2025-07-19_08:33:59,6962.0,12134.0,46463.0,3793.0,16195.0,43668.0
2025-07-19_08:33:59,9329.0,12134.0,46463.0,13904.0,16195.0,43668.0
2025-07-19_08:33:59,,,,14054.0,16195.0,43668.0
2025-07-19_08:34:03,3302.0,12134.0,46463.0,12197.0,16195.0,43668.0
2025-07-19_08:34:03,9934.0,12134.0,46463.0,14383.0,16195.0,43668.0
2025-07-19_08:34:03,9672.0,12134.0,46463.0,13793.0,16195.0,43668.0
2025-07-19_08:34:03,9944.0,12134.0,46463.0,14127.0,16195.0,43668.0
2025-07-19_08:34:04,9923.0,12134.0,46463.0,14523.0,16195.0,43668.0
2025-07-19_08:34:04,9601.0,12134.0,46463.0,14196.0,16195.0,43668.0
2025-07-19_08:34:04,9669.0,12134.0,46463.0,14004.0,16195.0,43668.0
2025-07-19_08:34:04,8644.0,12134.0,46463.0,13955.0,16195.0,43668.0
2025-07-19_08:34:04,10019.0,12134.0,46463.0,14324.0,16195.0,43668.0
2025-07-19_08:34:05,10532.0,12134.0,46463.0,14679.0,16195.0,43668.0
2025-07-19_08:34:05,9223.0,12134.0,46463.0,13915.0,16195.0,43668.0
2025-07-19_08:34:05,8700.0,12134.0,46465.0,14229.0,16195.0,43668.0
2025-07-19_08:34:05,10387.0,12134.0,46465.0,14662.0,16195.0,43668.0
2025-07-19_08:34:06,,,,14031.0,16195.0,43668.0
2025-07-19_08:34:09,3302.0,12134.0,46465.0,12182.0,16195.0,43668.0
2025-07-19_08:34:09,9908.0,12134.0,46465.0,14147.0,16195.0,43668.0
2025-07-19_08:34:10,9906.0,12134.0,46465.0,14212.0,16195.0,43668.0
2025-07-19_08:34:10,,,,,,
2025-07-19_08:34:14,6964.0,12134.0,46465.0,3793.0,16195.0,43668.0
2025-07-19_08:34:14,,,,,,
2025-07-19_08:34:18,6964.0,12134.0,46465.0,3793.0,16195.0,43668.0
2025-07-19_08:34:18,9816.0,12134.0,46465.0,14277.0,16195.0,43668.0
2025-07-19_08:34:18,10364.0,12134.0,46465.0,14597.0,16195.0,43668.0
2025-07-19_08:34:18,8656.0,12134.0,46465.0,14101.0,16195.0,43668.0
2025-07-19_08:34:19,9794.0,12134.0,46465.0,14243.0,16195.0,43668.0
2025-07-19_08:34:19,9596.0,12134.0,46465.0,14253.0,16195.0,43668.0
2025-07-19_08:34:19,10381.0,12134.0,46465.0,14141.0,16195.0,43668.0
2025-07-19_08:34:19,9669.0,12134.0,46465.0,14167.0,16195.0,43668.0
2025-07-19_08:34:19,9532.0,12134.0,46465.0,14333.0,16195.0,43668.0
2025-07-19_08:34:20,9648.0,12134.0,46465.0,14087.0,16195.0,43668.0
2025-07-19_08:34:20,10435.0,12134.0,46465.0,14804.0,16195.0,43668.0
2025-07-19_08:34:20,9591.0,12134.0,46465.0,14181.0,16195.0,43668.0
2025-07-19_08:34:20,,,,,,
2025-07-19_08:34:24,6964.0,12134.0,46465.0,3786.0,16195.0,43668.0
2025-07-19_08:34:24,9521.0,12134.0,46468.0,13974.0,16195.0,43668.0
2025-07-19_08:34:25,9676.0,12134.0,46468.0,13969.0,16195.0,43668.0
2025-07-19_08:34:25,10213.0,12134.0,46468.0,14368.0,16195.0,43668.0
2025-07-19_08:34:25,9720.0,12134.0,46468.0,14025.0,16195.0,43668.0
2025-07-19_08:34:25,,,,13779.0,16195.0,43668.0
2025-07-19_08:34:29,3302.0,12134.0,46468.0,12189.0,16195.0,43668.0
2025-07-19_08:34:29,9668.0,12134.0,46468.0,14166.0,16195.0,43668.0
2025-07-19_08:34:29,10422.0,12134.0,46468.0,14538.0,16195.0,43668.0
2025-07-19_08:34:30,9647.0,12134.0,46468.0,14094.0,16195.0,43668.0
2025-07-19_08:34:30,9816.0,12134.0,46468.0,13885.0,16195.0,43668.0
2025-07-19_08:34:30,9648.0,12134.0,46468.0,14313.0,16195.0,43668.0
2025-07-19_08:34:30,9739.0,12134.0,46468.0,14105.0,16195.0,43668.0
2025-07-19_08:34:31,9597.0,12134.0,46468.0,13990.0,16195.0,43668.0
2025-07-19_08:34:31,9752.0,12134.0,46468.0,14257.0,16195.0,43668.0
2025-07-19_08:34:31,9647.0,12134.0,46468.0,14097.0,16195.0,43668.0
2025-07-19_08:34:31,9999.0,12134.0,46468.0,14138.0,16195.0,43668.0
2025-07-19_08:34:31,9672.0,12134.0,46468.0,14161.0,16195.0,43668.0
2025-07-19_08:34:32,9678.0,12134.0,46468.0,14149.0,16195.0,43668.0
2025-07-19_08:34:32,,,,14031.0,16195.0,43668.0
2025-07-19_08:34:36,3319.0,12134.0,46468.0,12144.0,16195.0,43668.0
2025-07-19_08:34:36,,,,,,
2025-07-19_08:34:40,2778.0,12134.0,46468.0,3776.0,16195.0,43668.0
2025-07-19_08:34:40,10109.0,12134.0,46468.0,14325.0,16195.0,43668.0
2025-07-19_08:34:41,,,,13983.0,16195.0,43668.0
2025-07-19_08:34:44,3304.0,12134.0,46468.0,12203.0,16195.0,43668.0
2025-07-19_08:34:45,,,,14159.0,16195.0,43668.0
2025-07-19_08:34:48,3302.0,12134.0,46468.0,12160.0,16195.0,43668.0
2025-07-19_08:34:49,9997.0,12134.0,46468.0,14150.0,16195.0,43668.0
2025-07-19_08:34:49,10226.0,12134.0,46468.0,14694.0,16195.0,43668.0
2025-07-19_08:34:49,9191.0,12134.0,46468.0,13972.0,16195.0,43668.0
2025-07-19_08:34:49,10078.0,12134.0,46468.0,14316.0,16195.0,43668.0
2025-07-19_08:34:49,9668.0,12134.0,46468.0,14173.0,16195.0,43668.0
2025-07-19_08:34:50,9679.0,12134.0,46468.0,13983.0,16195.0,43668.0
2025-07-19_08:34:50,10042.0,12134.0,46468.0,14289.0,16195.0,43668.0
2025-07-19_08:34:50,,,,,,
2025-07-19_08:34:54,6964.0,12134.0,46468.0,3786.0,16195.0,43668.0
2025-07-19_08:34:54,9683.0,12134.0,46468.0,13978.0,16195.0,43668.0
2025-07-19_08:34:54,9817.0,12134.0,46468.0,14353.0,16195.0,43668.0
2025-07-19_08:34:55,10028.0,12134.0,46468.0,14560.0,16195.0,43668.0
2025-07-19_08:34:55,9431.0,12134.0,46468.0,13949.0,16195.0,43668.0
2025-07-19_08:34:55,10151.0,12134.0,46468.0,14457.0,16195.0,43668.0
2025-07-19_08:34:55,9672.0,12134.0,46468.0,13982.0,16195.0,43668.0
2025-07-19_08:34:55,9592.0,12134.0,46468.0,14016.0,16195.0,43668.0
2025-07-19_08:34:56,10132.0,12134.0,46468.0,14229.0,16195.0,43668.0
2025-07-19_08:34:56,9755.0,12134.0,46468.0,14291.0,16195.0,43668.0
2025-07-19_08:34:56,9679.0,12134.0,46468.0,13982.0,16195.0,43668.0
2025-07-19_08:34:56,,,,13980.0,16195.0,43668.0
2025-07-19_08:35:00,,,,,,
2025-07-19_08:35:04,6963.0,12134.0,46468.0,3792.0,16195.0,43668.0
2025-07-19_08:35:04,9759.0,12134.0,46468.0,14219.0,16195.0,43668.0
2025-07-19_08:35:04,9580.0,12134.0,46468.0,14190.0,16195.0,43668.0
2025-07-19_08:35:05,9671.0,12134.0,46468.0,14172.0,16195.0,43668.0
2025-07-19_08:35:05,8390.0,12134.0,46468.0,13994.0,16195.0,43668.0
2025-07-19_08:35:05,9526.0,12134.0,46468.0,14092.0,16195.0,43668.0
2025-07-19_08:35:05,9670.0,12134.0,46468.0,14179.0,16195.0,43668.0
2025-07-19_08:35:05,,,,14043.0,16195.0,43668.0
2025-07-19_08:35:09,3375.0,12134.0,46468.0,12193.0,16195.0,43668.0
2025-07-19_08:35:09,9297.0,12134.0,46468.0,13917.0,16195.0,43668.0
2025-07-19_08:35:09,9680.0,12134.0,46468.0,13981.0,16195.0,43668.0
2025-07-19_08:35:10,9858.0,12134.0,46468.0,14264.0,16195.0,43668.0
2025-07-19_08:35:10,,,,13986.0,16195.0,43668.0
2025-07-19_08:35:14,3319.0,12134.0,46468.0,12160.0,16195.0,43668.0
2025-07-19_08:35:14,9836.0,12134.0,46468.0,14282.0,16195.0,43668.0
2025-07-19_08:35:14,10086.0,12134.0,46468.0,14567.0,16195.0,43668.0
2025-07-19_08:35:14,10199.0,12134.0,46468.0,14659.0,16195.0,43668.0
2025-07-19_08:35:15,9692.0,12134.0,46468.0,14182.0,16195.0,43668.0
2025-07-19_08:35:15,9600.0,12134.0,46468.0,14188.0,16195.0,43668.0
2025-07-19_08:35:15,,,,14056.0,16195.0,43668.0
2025-07-19_08:35:19,3358.0,12134.0,46468.0,12191.0,16195.0,43668.0
2025-07-19_08:35:19,9669.0,12134.0,46468.0,14173.0,16195.0,43668.0
2025-07-19_08:35:19,,,,,,
2025-07-19_08:35:23,6968.0,12134.0,46468.0,3792.0,16195.0,43668.0
2025-07-19_08:35:23,10175.0,12134.0,46468.0,14485.0,16195.0,43668.0
2025-07-19_08:35:23,9662.0,12134.0,46468.0,14094.0,16195.0,43668.0
2025-07-19_08:35:24,9651.0,12134.0,46468.0,14108.0,16195.0,43668.0
2025-07-19_08:35:24,9675.0,12134.0,46468.0,14106.0,16195.0,43668.0
2025-07-19_08:35:24,9971.0,12134.0,46468.0,14493.0,16195.0,43668.0
2025-07-19_08:35:24,,,,,,
2025-07-19_08:35:28,6959.0,12134.0,46468.0,3793.0,16195.0,43668.0
2025-07-19_08:35:28,10100.0,12134.0,46468.0,14754.0,16195.0,43669.0
2025-07-19_08:35:29,10178.0,12134.0,46468.0,14448.0,16195.0,43669.0
2025-07-19_08:35:29,9811.0,12134.0,46468.0,14197.0,16195.0,43669.0
2025-07-19_08:35:29,8581.0,12134.0,46468.0,14185.0,16195.0,43669.0
2025-07-19_08:35:29,9677.0,12134.0,46468.0,13986.0,16195.0,43669.0
2025-07-19_08:35:29,10177.0,12134.0,46468.0,14643.0,16195.0,43669.0
2025-07-19_08:35:30,10185.0,12134.0,46468.0,14675.0,16195.0,43669.0
2025-07-19_08:35:30,9214.0,12134.0,46468.0,13792.0,16195.0,43669.0
2025-07-19_08:35:30,,,,14108.0,16195.0,43669.0
2025-07-19_08:35:34,3319.0,12134.0,46468.0,12184.0,16195.0,43669.0
2025-07-19_08:35:34,9933.0,12134.0,46468.0,14122.0,16195.0,43669.0
2025-07-19_08:35:34,8543.0,12134.0,46468.0,13898.0,16195.0,43669.0
2025-07-19_08:35:35,8674.0,12134.0,46468.0,14005.0,16195.0,43669.0
2025-07-19_08:35:35,9672.0,12134.0,46468.0,14208.0,16195.0,43669.0
2025-07-19_08:35:35,9671.0,12134.0,46468.0,13982.0,16195.0,43669.0
2025-07-19_08:35:35,9195.0,12134.0,46468.0,13804.0,16195.0,43676.0
2025-07-19_08:35:35,9117.0,12134.0,46468.0,13926.0,16195.0,43676.0
2025-07-19_08:35:36,9672.0,12134.0,46468.0,14087.0,16195.0,43676.0
2025-07-19_08:35:36,9111.0,12134.0,46468.0,13973.0,16195.0,43676.0
2025-07-19_08:35:36,9817.0,12134.0,46468.0,13993.0,16195.0,43676.0
2025-07-19_08:35:36,9665.0,12134.0,46468.0,13971.0,16195.0,43676.0
2025-07-19_08:35:37,9530.0,12134.0,46468.0,13781.0,16195.0,43676.0
2025-07-19_08:35:37,,,,,,
2025-07-19_08:35:41,6967.0,12134.0,46468.0,3793.0,16195.0,43676.0
2025-07-19_08:35:41,9673.0,12134.0,46468.0,14181.0,16195.0,43676.0
2025-07-19_08:35:41,9677.0,12134.0,46468.0,14195.0,16195.0,43676.0
2025-07-19_08:35:41,,,,14245.0,16195.0,43678.0
2025-07-19_08:35:45,2778.0,12134.0,46468.0,12168.0,16195.0,43678.0
2025-07-19_08:35:45,,,,,,
2025-07-19_08:35:49,6967.0,12134.0,46468.0,3793.0,16195.0,43678.0
2025-07-19_08:35:49,9650.0,12134.0,46468.0,14094.0,16195.0,43678.0
2025-07-19_08:35:50,10429.0,12134.0,46468.0,14842.0,16195.0,43678.0
2025-07-19_08:35:50,9648.0,12134.0,46468.0,14092.0,16195.0,43678.0
2025-07-19_08:35:50,9675.0,12134.0,46468.0,13763.0,16195.0,43678.0
2025-07-19_08:35:50,9621.0,12134.0,46468.0,14069.0,16195.0,43678.0
2025-07-19_08:35:50,10393.0,12136.0,46472.0,14840.0,16195.0,43678.0
2025-07-19_08:35:51,9483.0,12136.0,46472.0,14112.0,16195.0,43678.0
2025-07-19_08:35:51,9672.0,12136.0,46472.0,14167.0,16195.0,43678.0
2025-07-19_08:35:51,9434.0,12136.0,46472.0,14059.0,16195.0,43678.0
2025-07-19_08:35:51,9676.0,12136.0,46472.0,14184.0,16195.0,43678.0
2025-07-19_08:35:52,,,,13781.0,16195.0,43678.0
2025-07-19_08:35:55,3302.0,12136.0,46472.0,12177.0,16195.0,43678.0
2025-07-19_08:35:56,10072.0,12136.0,46472.0,14171.0,16195.0,43678.0
2025-07-19_08:35:56,9677.0,12136.0,46472.0,14211.0,16195.0,43678.0
2025-07-19_08:35:56,9903.0,12136.0,46472.0,14237.0,16195.0,43678.0
2025-07-19_08:35:56,10181.0,12136.0,46472.0,14544.0,16195.0,43678.0
2025-07-19_08:35:56,9800.0,12136.0,46472.0,14027.0,16195.0,43678.0
2025-07-19_08:35:57,8679.0,12136.0,46472.0,14217.0,16195.0,43678.0
2025-07-19_08:35:57,9773.0,12136.0,46472.0,13982.0,16195.0,43678.0
2025-07-19_08:35:57,9595.0,12136.0,46472.0,13975.0,16195.0,43678.0
2025-07-19_08:35:57,,,,13793.0,16195.0,43678.0
2025-07-19_08:36:01,3302.0,12136.0,46472.0,12208.0,16195.0,43678.0
2025-07-19_08:36:01,,,,14216.0,16195.0,43678.0
2025-07-19_08:36:05,3358.0,12136.0,46472.0,12198.0,16195.0,43678.0
2025-07-19_08:36:06,2778.0,12136.0,46472.0,12977.0,16195.0,43679.0
2025-07-19_08:36:06,,,,13794.0,16195.0,43679.0
2025-07-19_08:36:10,3390.0,12136.0,46472.0,12180.0,16195.0,43679.0
2025-07-19_08:36:10,9685.0,12136.0,46472.0,13970.0,16195.0,43679.0
2025-07-19_08:36:10,,,,,,
2025-07-19_08:36:14,3356.0,12136.0,46472.0,4595.0,16195.0,43679.0
2025-07-19_08:36:15,,,,,,
2025-07-19_08:36:18,6959.0,12136.0,46472.0,3794.0,16195.0,43679.0
2025-07-19_08:36:19,,,,,,
2025-07-19_08:36:22,6968.0,12136.0,46472.0,3793.0,16195.0,43679.0
2025-07-19_08:36:23,9300.0,12136.0,46473.0,13930.0,16195.0,43679.0
2025-07-19_08:36:23,10199.0,12136.0,46473.0,13954.0,16195.0,43679.0
2025-07-19_08:36:23,,,,13279.0,16195.0,43679.0
2025-07-19_08:36:27,2778.0,12136.0,46473.0,12162.0,16195.0,43679.0
2025-07-19_08:36:27,9223.0,12136.0,46473.0,14110.0,16195.0,43679.0
2025-07-19_08:36:27,9502.0,12136.0,46473.0,13973.0,16195.0,43679.0
2025-07-19_08:36:28,9800.0,12136.0,46473.0,14172.0,16195.0,43679.0
2025-07-19_08:36:28,9864.0,12136.0,46473.0,14047.0,16195.0,43679.0
2025-07-19_08:36:28,9673.0,12136.0,46473.0,13970.0,16195.0,43679.0
2025-07-19_08:36:28,9686.0,12136.0,46473.0,14343.0,16195.0,43679.0
2025-07-19_08:36:28,9866.0,12136.0,46473.0,14136.0,16195.0,43679.0
2025-07-19_08:36:29,9272.0,12136.0,46473.0,13944.0,16195.0,43679.0
2025-07-19_08:36:29,9666.0,12136.0,46473.0,13792.0,16195.0,43679.0
2025-07-19_08:36:29,,,,13977.0,16195.0,43679.0
2025-07-19_08:36:33,3319.0,12136.0,46473.0,12185.0,16195.0,43679.0
2025-07-19_08:36:33,,,,13616.0,16195.0,43679.0
2025-07-19_08:36:37,3319.0,12136.0,46473.0,12185.0,16195.0,43679.0
2025-07-19_08:36:37,9672.0,12136.0,46473.0,13972.0,16195.0,43679.0
2025-07-19_08:36:37,9671.0,12136.0,46473.0,14192.0,16195.0,43679.0
2025-07-19_08:36:37,9800.0,12136.0,46473.0,14247.0,16195.0,43679.0
2025-07-19_08:36:37,9653.0,12136.0,46473.0,14093.0,16195.0,43679.0
2025-07-19_08:36:38,9669.0,12136.0,46473.0,13974.0,16195.0,43679.0
2025-07-19_08:36:38,9305.0,12136.0,46473.0,13940.0,16195.0,43679.0
2025-07-19_08:36:38,9890.0,12136.0,46473.0,14269.0,16195.0,43679.0
2025-07-19_08:36:38,9672.0,12136.0,46473.0,13970.0,16195.0,43679.0
2025-07-19_08:36:38,,,,,,
2025-07-19_08:36:42,6967.0,12136.0,46473.0,3793.0,16195.0,43679.0
2025-07-19_08:36:42,9158.0,12136.0,46473.0,14018.0,16195.0,43679.0
2025-07-19_08:36:43,9483.0,12136.0,46473.0,14393.0,16195.0,43679.0
2025-07-19_08:36:43,10222.0,12136.0,46473.0,14656.0,16195.0,43679.0
2025-07-19_08:36:43,9569.0,12136.0,46473.0,14195.0,16195.0,43679.0
2025-07-19_08:36:43,,,,,,
2025-07-19_08:36:47,6956.0,12136.0,46473.0,3793.0,16195.0,43679.0
2025-07-19_08:36:47,9602.0,12136.0,46473.0,14196.0,16195.0,43679.0
2025-07-19_08:36:48,9234.0,12136.0,46473.0,13827.0,16195.0,43679.0
2025-07-19_08:36:48,,,,14093.0,16195.0,43679.0
2025-07-19_08:36:52,3375.0,12136.0,46473.0,12170.0,16195.0,43679.0
2025-07-19_08:36:52,,,,13893.0,16195.0,43679.0
2025-07-19_08:36:56,3375.0,12136.0,46473.0,12185.0,16195.0,43679.0
2025-07-19_08:36:56,8976.0,12136.0,46473.0,13970.0,16195.0,43679.0
2025-07-19_08:36:56,9246.0,12136.0,46473.0,13929.0,16195.0,43679.0
2025-07-19_08:36:56,9524.0,12136.0,46473.0,14225.0,16195.0,43679.0
2025-07-19_08:36:56,,,,13972.0,16195.0,43679.0
2025-07-19_08:37:00,3302.0,12136.0,46473.0,12163.0,16195.0,43679.0
2025-07-19_08:37:00,9675.0,12136.0,46473.0,14109.0,16195.0,43679.0
2025-07-19_08:37:01,9674.0,12136.0,46473.0,14292.0,16195.0,43679.0
2025-07-19_08:37:01,9682.0,12136.0,46473.0,14173.0,16195.0,43679.0
2025-07-19_08:37:01,9673.0,12136.0,46473.0,13971.0,16195.0,43679.0
2025-07-19_08:37:01,9466.0,12136.0,46473.0,14118.0,16195.0,43679.0
2025-07-19_08:37:01,9568.0,12136.0,46473.0,14212.0,16195.0,43679.0
2025-07-19_08:37:02,9835.0,12136.0,46473.0,14218.0,16195.0,43679.0
2025-07-19_08:37:02,8528.0,12136.0,46473.0,13818.0,16195.0,43679.0
2025-07-19_08:37:02,9204.0,12136.0,46473.0,14032.0,16195.0,43679.0
2025-07-19_08:37:02,,,,14321.0,16195.0,43679.0
2025-07-19_08:37:06,3358.0,12136.0,46473.0,12167.0,16195.0,43679.0
2025-07-19_08:37:06,9674.0,12136.0,46473.0,13973.0,16195.0,43679.0
2025-07-19_08:37:06,9032.0,12136.0,46473.0,14000.0,16195.0,43679.0
2025-07-19_08:37:07,,,,13789.0,16195.0,43679.0
2025-07-19_08:37:10,3358.0,12136.0,46473.0,12194.0,16195.0,43679.0
2025-07-19_08:37:11,9883.0,12136.0,46473.0,14314.0,16195.0,43679.0
2025-07-19_08:37:11,9675.0,12136.0,46473.0,14171.0,16195.0,43679.0
2025-07-19_08:37:11,9676.0,12136.0,46473.0,14160.0,16195.0,43679.0
2025-07-19_08:37:11,9646.0,12136.0,46473.0,14073.0,16195.0,43679.0
2025-07-19_08:37:12,9952.0,12136.0,46473.0,14189.0,16195.0,43679.0
2025-07-19_08:37:12,9813.0,12136.0,46473.0,13986.0,16195.0,43679.0
2025-07-19_08:37:12,9476.0,12136.0,46473.0,14108.0,16195.0,43679.0
2025-07-19_08:37:12,10359.0,12136.0,46473.0,14583.0,16195.0,43679.0
2025-07-19_08:37:12,8386.0,12136.0,46473.0,14008.0,16195.0,43679.0
2025-07-19_08:37:13,10186.0,12136.0,46473.0,14363.0,16195.0,43679.0
2025-07-19_08:37:13,9580.0,12136.0,46473.0,14216.0,16195.0,43679.0
2025-07-19_08:37:13,9679.0,12136.0,46473.0,13976.0,16195.0,43679.0
2025-07-19_08:37:13,10069.0,12136.0,46473.0,14161.0,16195.0,43679.0
2025-07-19_08:37:14,,,,14317.0,16195.0,43679.0
2025-07-19_08:37:17,3375.0,12136.0,46473.0,12189.0,16195.0,43679.0
2025-07-19_08:37:17,9668.0,12136.0,46473.0,14166.0,16195.0,43679.0
2025-07-19_08:37:18,9647.0,12136.0,46473.0,14109.0,16195.0,43679.0
2025-07-19_08:37:18,,,,13857.0,16195.0,43679.0
2025-07-19_08:37:22,3302.0,12136.0,46473.0,12184.0,16195.0,43679.0
2025-07-19_08:37:22,,,,13986.0,16195.0,43679.0
2025-07-19_08:37:25,3319.0,12136.0,46473.0,12196.0,16195.0,43679.0
2025-07-19_08:37:26,,,,,,
2025-07-19_08:37:30,6967.0,12136.0,46473.0,3786.0,16195.0,43679.0
2025-07-19_08:37:30,9788.0,12136.0,46473.0,14030.0,16195.0,43679.0
2025-07-19_08:37:30,9671.0,12136.0,46473.0,13976.0,16195.0,43679.0
2025-07-19_08:37:30,9598.0,12136.0,46473.0,13977.0,16195.0,43679.0
2025-07-19_08:37:30,9683.0,12136.0,46473.0,13974.0,16195.0,43679.0
2025-07-19_08:37:31,9808.0,12136.0,46473.0,14044.0,16195.0,43679.0
2025-07-19_08:37:31,,,,12130.0,16195.0,43679.0
2025-07-19_08:37:35,2778.0,12136.0,46473.0,12189.0,16195.0,43679.0
2025-07-19_08:37:35,9676.0,12136.0,46473.0,14171.0,16195.0,43679.0
2025-07-19_08:37:35,9591.0,12136.0,46473.0,14186.0,16195.0,43679.0
2025-07-19_08:37:35,9904.0,12136.0,46473.0,14269.0,16195.0,43679.0
2025-07-19_08:37:36,9997.0,12136.0,46473.0,14352.0,16195.0,43679.0
2025-07-19_08:37:36,9683.0,12136.0,46473.0,14200.0,16195.0,43679.0
2025-07-19_08:37:36,9999.0,12136.0,46473.0,14504.0,16195.0,43679.0
2025-07-19_08:37:36,9652.0,12136.0,46473.0,14167.0,16195.0,43679.0
2025-07-19_08:37:37,10068.0,12136.0,46473.0,14511.0,16195.0,43679.0
2025-07-19_08:37:37,10076.0,12136.0,46473.0,14506.0,16195.0,43679.0
2025-07-19_08:37:37,,,,,,
2025-07-19_08:37:41,6968.0,12136.0,46473.0,3792.0,16195.0,43679.0
2025-07-19_08:37:41,9652.0,12136.0,46473.0,14103.0,16195.0,43679.0
2025-07-19_08:37:41,9716.0,12136.0,46473.0,14020.0,16195.0,43679.0
2025-07-19_08:37:41,9668.0,12136.0,46473.0,14175.0,16195.0,43679.0
2025-07-19_08:37:42,9671.0,12136.0,46473.0,13982.0,16195.0,43679.0
2025-07-19_08:37:42,9959.0,12136.0,46473.0,14224.0,16195.0,43679.0
2025-07-19_08:37:42,9842.0,12136.0,46473.0,14243.0,16195.0,43679.0
2025-07-19_08:37:42,9657.0,12136.0,46473.0,14103.0,16195.0,43679.0
2025-07-19_08:37:42,10235.0,12136.0,46473.0,14101.0,16195.0,43679.0
2025-07-19_08:37:43,9617.0,12136.0,46473.0,14104.0,16195.0,43679.0
2025-07-19_08:37:43,9985.0,12136.0,46473.0,14391.0,16195.0,43679.0
2025-07-19_08:37:43,9253.0,12136.0,46473.0,13940.0,16195.0,43679.0
2025-07-19_08:37:43,10112.0,12136.0,46473.0,14401.0,16195.0,43679.0
2025-07-19_08:37:44,9828.0,12136.0,46473.0,14237.0,16195.0,43679.0
2025-07-19_08:37:44,9673.0,12136.0,46473.0,13973.0,16195.0,43679.0
2025-07-19_08:37:44,9303.0,12136.0,46473.0,13964.0,16195.0,43679.0
2025-07-19_08:37:44,9676.0,12136.0,46473.0,13973.0,16195.0,43679.0
2025-07-19_08:37:44,9906.0,12136.0,46473.0,14555.0,16195.0,43679.0
2025-07-19_08:37:45,,,,,,
2025-07-19_08:37:48,6966.0,12136.0,46473.0,3792.0,16195.0,43679.0
2025-07-19_08:37:49,9673.0,12136.0,46473.0,13808.0,16195.0,43679.0
2025-07-19_08:37:49,,,,,,
2025-07-19_08:37:53,2778.0,12136.0,46473.0,3776.0,16195.0,43679.0
2025-07-19_08:37:54,9910.0,12136.0,46473.0,14381.0,16195.0,43679.0
2025-07-19_08:37:54,10109.0,12136.0,46473.0,14490.0,16195.0,43679.0
2025-07-19_08:37:54,9673.0,12136.0,46473.0,14007.0,16195.0,43679.0
2025-07-19_08:37:54,9646.0,12136.0,46473.0,14300.0,16195.0,43679.0
2025-07-19_08:37:54,,,,13547.0,16195.0,43679.0
2025-07-19_08:37:58,3319.0,12136.0,46473.0,12184.0,16195.0,43679.0
2025-07-19_08:37:58,9825.0,12136.0,46473.0,14051.0,16195.0,43679.0
2025-07-19_08:37:59,10084.0,12136.0,46473.0,14555.0,16195.0,43679.0
2025-07-19_08:37:59,9307.0,12136.0,46473.0,13823.0,16195.0,43679.0
2025-07-19_08:37:59,9677.0,12136.0,46473.0,14160.0,16195.0,43679.0
2025-07-19_08:37:59,9980.0,12136.0,46473.0,14231.0,16195.0,43679.0
2025-07-19_08:37:59,8712.0,12136.0,46473.0,14228.0,16195.0,43679.0
2025-07-19_08:38:00,10391.0,12136.0,46473.0,14883.0,16195.0,43679.0
2025-07-19_08:38:00,9653.0,12136.0,46473.0,14105.0,16195.0,43679.0
2025-07-19_08:38:00,9610.0,12136.0,46473.0,14017.0,16195.0,43679.0
2025-07-19_08:38:00,9817.0,12136.0,46473.0,14247.0,16195.0,43679.0
2025-07-19_08:38:01,9669.0,12136.0,46473.0,13979.0,16195.0,43679.0
2025-07-19_08:38:01,9791.0,12136.0,46473.0,14220.0,16195.0,43679.0
2025-07-19_08:38:01,10218.0,12136.0,46473.0,14486.0,16195.0,43679.0
2025-07-19_08:38:01,9672.0,12136.0,46473.0,14163.0,16195.0,43679.0
2025-07-19_08:38:02,10437.0,12136.0,46473.0,14325.0,16195.0,43679.0
2025-07-19_08:38:02,9672.0,12136.0,46473.0,14168.0,16195.0,43679.0
2025-07-19_08:38:02,9736.0,12136.0,46473.0,14256.0,16195.0,43679.0
2025-07-19_08:38:02,10093.0,12136.0,46473.0,14500.0,16195.0,43679.0
2025-07-19_08:38:02,9669.0,12136.0,46473.0,13988.0,16195.0,43679.0
2025-07-19_08:38:03,9497.0,12136.0,46473.0,13968.0,16195.0,43679.0
2025-07-19_08:38:03,9855.0,12136.0,46473.0,14223.0,16195.0,43679.0
2025-07-19_08:38:03,9789.0,12136.0,46473.0,14292.0,16195.0,43679.0
2025-07-19_08:38:03,9597.0,12136.0,46473.0,13978.0,16195.0,43679.0
2025-07-19_08:38:03,10103.0,12136.0,46473.0,14325.0,16195.0,43679.0
2025-07-19_08:38:04,8666.0,12136.0,46473.0,13977.0,16195.0,43679.0
2025-07-19_08:38:04,9888.0,12136.0,46473.0,14599.0,16195.0,43679.0
2025-07-19_08:38:04,,,,,,
2025-07-19_08:38:08,6967.0,12136.0,46473.0,3792.0,16195.0,43679.0
2025-07-19_08:38:08,9679.0,12136.0,46473.0,13738.0,16195.0,43679.0
2025-07-19_08:38:08,9668.0,12136.0,46473.0,14161.0,16195.0,43679.0
2025-07-19_08:38:09,9881.0,12136.0,46473.0,14355.0,16195.0,43679.0
2025-07-19_08:38:09,9673.0,12136.0,46473.0,13980.0,16195.0,43679.0
2025-07-19_08:38:09,9673.0,12136.0,46473.0,13965.0,16195.0,43679.0
2025-07-19_08:38:09,9915.0,12136.0,46473.0,14251.0,16195.0,43679.0
2025-07-19_08:38:10,9675.0,12136.0,46473.0,14158.0,16195.0,43679.0
2025-07-19_08:38:10,9950.0,12136.0,46473.0,14432.0,16195.0,43679.0
2025-07-19_08:38:10,9828.0,12136.0,46473.0,14232.0,16195.0,43679.0
2025-07-19_08:38:10,9960.0,12136.0,46473.0,14128.0,16195.0,43679.0
2025-07-19_08:38:10,,,,14109.0,16195.0,43679.0
2025-07-19_08:38:14,3319.0,12136.0,46473.0,12184.0,16195.0,43679.0
2025-07-19_08:38:14,9671.0,12136.0,46473.0,14161.0,16195.0,43679.0
2025-07-19_08:38:15,9630.0,12136.0,46473.0,13959.0,16195.0,43679.0
2025-07-19_08:38:15,9673.0,12136.0,46473.0,14167.0,16195.0,43679.0
2025-07-19_08:38:15,10049.0,12136.0,46473.0,14327.0,16195.0,43679.0
2025-07-19_08:38:15,,,,,,
2025-07-19_08:38:19,6960.0,12136.0,46473.0,3792.0,16195.0,43679.0
2025-07-19_08:38:19,9845.0,12136.0,46473.0,13858.0,16195.0,43679.0
2025-07-19_08:38:20,9676.0,12136.0,46473.0,13978.0,16195.0,43679.0
2025-07-19_08:38:20,9672.0,12136.0,46473.0,13974.0,16195.0,43679.0
2025-07-19_08:38:20,9656.0,12136.0,46473.0,14293.0,16195.0,43679.0
2025-07-19_08:38:20,,,,13918.0,16195.0,43679.0
2025-07-19_08:38:24,3319.0,12136.0,46473.0,12161.0,16195.0,43679.0
2025-07-19_08:38:24,10092.0,12136.0,46473.0,14555.0,16195.0,43679.0
2025-07-19_08:38:24,,,,13849.0,16195.0,43679.0
2025-07-19_08:38:28,2778.0,12136.0,46473.0,12167.0,16195.0,43679.0
2025-07-19_08:38:28,9675.0,12136.0,46473.0,14175.0,16195.0,43679.0
2025-07-19_08:38:29,9618.0,12136.0,46473.0,14293.0,16195.0,43679.0
2025-07-19_08:38:29,9674.0,12136.0,46473.0,13985.0,16195.0,43679.0
2025-07-19_08:38:29,9804.0,12136.0,46473.0,14012.0,16195.0,43679.0
2025-07-19_08:38:29,10310.0,12136.0,46473.0,14449.0,16195.0,43679.0
2025-07-19_08:38:29,9668.0,12136.0,46473.0,14170.0,16195.0,43679.0
2025-07-19_08:38:30,9637.0,12136.0,46473.0,13929.0,16195.0,43679.0
2025-07-19_08:38:30,9675.0,12136.0,46473.0,13817.0,16195.0,43679.0
2025-07-19_08:38:30,10223.0,12136.0,46473.0,14362.0,16195.0,43679.0
2025-07-19_08:38:30,9656.0,12136.0,46473.0,14132.0,16195.0,43679.0
2025-07-19_08:38:31,9754.0,12136.0,46473.0,14299.0,16195.0,43679.0
2025-07-19_08:38:31,9101.0,12136.0,46473.0,13971.0,16195.0,43679.0
2025-07-19_08:38:31,9952.0,12136.0,46473.0,14221.0,16195.0,43679.0
2025-07-19_08:38:31,9652.0,12136.0,46473.0,14285.0,16195.0,43679.0
2025-07-19_08:38:31,9834.0,12136.0,46473.0,14258.0,16195.0,43679.0
2025-07-19_08:38:32,,,,,,
2025-07-19_08:38:35,6954.0,12136.0,46473.0,3792.0,16195.0,43679.0
2025-07-19_08:38:36,,,,,,
2025-07-19_08:38:40,2778.0,12136.0,46473.0,3776.0,16195.0,43679.0
2025-07-19_08:38:40,9678.0,12136.0,46473.0,13979.0,16195.0,43679.0
2025-07-19_08:38:41,9683.0,12136.0,46473.0,14173.0,16195.0,43679.0
2025-07-19_08:38:41,9344.0,12136.0,46473.0,14132.0,16195.0,43679.0
2025-07-19_08:38:41,9673.0,12136.0,46473.0,13984.0,16195.0,43679.0
2025-07-19_08:38:41,9673.0,12136.0,46473.0,13975.0,16195.0,43679.0
2025-07-19_08:38:41,,,,13790.0,16195.0,43679.0
2025-07-19_08:38:45,3302.0,12136.0,46473.0,12185.0,16195.0,43679.0
2025-07-19_08:38:45,9887.0,12136.0,46473.0,14297.0,16195.0,43679.0
2025-07-19_08:38:46,9648.0,12136.0,46473.0,14103.0,16195.0,43679.0
2025-07-19_08:38:46,9564.0,12136.0,46473.0,14314.0,16195.0,43679.0
2025-07-19_08:38:46,9509.0,12136.0,46473.0,14144.0,16195.0,43679.0
2025-07-19_08:38:46,9654.0,12136.0,46473.0,13984.0,16195.0,43679.0
2025-07-19_08:38:46,9668.0,12136.0,46473.0,13972.0,16195.0,43679.0
2025-07-19_08:38:47,9738.0,12136.0,46473.0,14005.0,16195.0,43680.0
2025-07-19_08:38:47,9671.0,12136.0,46473.0,14169.0,16195.0,43680.0
2025-07-19_08:38:47,9721.0,12136.0,46473.0,13812.0,16195.0,43680.0
2025-07-19_08:38:47,9671.0,12136.0,46473.0,13977.0,16195.0,43680.0
2025-07-19_08:38:47,,,,13963.0,16195.0,43680.0
2025-07-19_08:38:51,3319.0,12136.0,46473.0,12186.0,16195.0,43680.0
2025-07-19_08:38:51,9677.0,12136.0,46473.0,13979.0,16195.0,43680.0
2025-07-19_08:38:52,9668.0,12136.0,46473.0,13981.0,16195.0,43680.0
2025-07-19_08:38:52,,,,14099.0,16195.0,43680.0
2025-07-19_08:38:56,3375.0,12136.0,46473.0,12173.0,16195.0,43680.0
2025-07-19_08:38:56,9672.0,12136.0,46473.0,14171.0,16195.0,43680.0
2025-07-19_08:38:56,8980.0,12136.0,46473.0,14143.0,16195.0,43680.0
2025-07-19_08:38:56,9669.0,12136.0,46473.0,13961.0,16195.0,43680.0
2025-07-19_08:38:56,,,,14360.0,16195.0,43680.0
2025-07-19_08:39:00,3375.0,12136.0,46473.0,12190.0,16195.0,43680.0
2025-07-19_08:39:00,9788.0,12136.0,46473.0,14157.0,16195.0,43680.0
2025-07-19_08:39:00,,,,,,
2025-07-19_08:39:04,6963.0,12136.0,46473.0,3793.0,16195.0,43680.0
2025-07-19_08:39:04,,,,13257.0,16195.0,43680.0
2025-07-19_08:39:08,2778.0,12136.0,46473.0,12192.0,16195.0,43680.0
2025-07-19_08:39:09,10337.0,12136.0,46473.0,14607.0,16195.0,43680.0
2025-07-19_08:39:09,,,,13924.0,16195.0,43680.0
2025-07-19_08:39:12,3319.0,12136.0,46473.0,12167.0,16195.0,43680.0
2025-07-19_08:39:13,9664.0,12136.0,46473.0,14273.0,16195.0,43680.0
2025-07-19_08:39:13,9870.0,12136.0,46473.0,14361.0,16195.0,43680.0
2025-07-19_08:39:13,9671.0,12136.0,46473.0,13981.0,16195.0,43680.0
2025-07-19_08:39:13,,,,13779.0,16195.0,43680.0
2025-07-19_08:39:17,3302.0,12136.0,46473.0,12165.0,16195.0,43680.0
2025-07-19_08:39:17,9797.0,12136.0,46473.0,14029.0,16195.0,43680.0
2025-07-19_08:39:17,9671.0,12136.0,46473.0,13745.0,16195.0,43680.0
2025-07-19_08:39:18,,,,,,
2025-07-19_08:39:21,6956.0,12136.0,46473.0,3792.0,16195.0,43680.0
2025-07-19_08:39:22,,,,13975.0,16195.0,43680.0
2025-07-19_08:39:25,3319.0,12136.0,46473.0,12188.0,16195.0,43680.0
2025-07-19_08:39:26,9802.0,12136.0,46473.0,14276.0,16195.0,43680.0
2025-07-19_08:39:26,9652.0,12136.0,46473.0,14079.0,16195.0,43680.0
2025-07-19_08:39:26,9668.0,12136.0,46473.0,14175.0,16195.0,43680.0
2025-07-19_08:39:26,9671.0,12136.0,46473.0,13977.0,16195.0,43680.0
2025-07-19_08:39:27,9668.0,12136.0,46473.0,13720.0,16195.0,43680.0
2025-07-19_08:39:27,10452.0,12136.0,46473.0,14536.0,16195.0,43680.0
2025-07-19_08:39:27,9671.0,12136.0,46473.0,13976.0,16195.0,43680.0
2025-07-19_08:39:27,9668.0,12136.0,46473.0,14015.0,16195.0,43680.0
2025-07-19_08:39:28,9812.0,12136.0,46473.0,14023.0,16195.0,43680.0
2025-07-19_08:39:28,9903.0,12136.0,46473.0,14257.0,16195.0,43680.0
2025-07-19_08:39:28,9675.0,12136.0,46473.0,13986.0,16195.0,43680.0
2025-07-19_08:39:28,9975.0,12136.0,46473.0,14320.0,16195.0,43680.0
2025-07-19_08:39:28,8571.0,12136.0,46473.0,13975.0,16195.0,43680.0
2025-07-19_08:39:29,9606.0,12136.0,46473.0,14275.0,16195.0,43680.0
2025-07-19_08:39:29,9671.0,12136.0,46473.0,13974.0,16195.0,43680.0
2025-07-19_08:39:29,10119.0,12136.0,46473.0,14254.0,16195.0,43680.0
2025-07-19_08:39:29,9675.0,12136.0,46473.0,14018.0,16195.0,43680.0
2025-07-19_08:39:30,9666.0,12136.0,46473.0,13985.0,16195.0,43680.0
2025-07-19_08:39:30,,,,14253.0,16195.0,43680.0
2025-07-19_08:39:34,2778.0,12136.0,46473.0,12179.0,16195.0,43680.0
2025-07-19_08:39:34,10021.0,12136.0,46474.0,14351.0,16195.0,43680.0
2025-07-19_08:39:34,10149.0,12136.0,46474.0,14503.0,16195.0,43680.0
2025-07-19_08:39:34,,,,13884.0,16195.0,43680.0
2025-07-19_08:39:38,3319.0,12136.0,46474.0,12166.0,16195.0,43680.0
2025-07-19_08:39:38,9671.0,12136.0,46474.0,13983.0,16195.0,43680.0
2025-07-19_08:39:38,9671.0,12136.0,46474.0,13980.0,16195.0,43680.0
2025-07-19_08:39:39,9673.0,12136.0,46474.0,13735.0,16195.0,43680.0
2025-07-19_08:39:39,9510.0,12136.0,46474.0,14285.0,16195.0,43680.0
2025-07-19_08:39:39,,,,13790.0,16195.0,43680.0
2025-07-19_08:39:43,3302.0,12136.0,46474.0,12199.0,16195.0,43680.0
2025-07-19_08:39:43,,,,14249.0,16195.0,43680.0
2025-07-19_08:39:47,2778.0,12136.0,46474.0,12194.0,16195.0,43680.0
2025-07-19_08:39:47,9244.0,12136.0,46474.0,14109.0,16195.0,43680.0
2025-07-19_08:39:47,,,,13829.0,16195.0,43681.0
2025-07-19_08:39:51,2778.0,12136.0,46474.0,12196.0,16195.0,43681.0
2025-07-19_08:39:51,,,,,,
2025-07-19_08:39:55,6963.0,12136.0,46474.0,3787.0,16195.0,43681.0
2025-07-19_08:39:55,9710.0,12136.0,46474.0,14014.0,16195.0,43681.0
2025-07-19_08:39:56,9649.0,12136.0,46474.0,14100.0,16195.0,43681.0
2025-07-19_08:39:56,9713.0,12136.0,46474.0,14014.0,16195.0,43681.0
2025-07-19_08:39:56,9669.0,12136.0,46474.0,13968.0,16195.0,43681.0
2025-07-19_08:39:56,,,,,,
2025-07-19_08:40:00,6964.0,12136.0,46474.0,3792.0,16195.0,43681.0
2025-07-19_08:40:00,10434.0,12136.0,46474.0,14716.0,16195.0,43681.0
2025-07-19_08:40:01,,,,13829.0,16195.0,43681.0
2025-07-19_08:40:04,3377.0,12136.0,46474.0,12196.0,16195.0,43681.0
2025-07-19_08:40:05,9669.0,12136.0,46474.0,14165.0,16195.0,43681.0
2025-07-19_08:40:05,9680.0,12136.0,46474.0,13973.0,16195.0,43681.0
2025-07-19_08:40:05,9713.0,12136.0,46474.0,14029.0,16195.0,43681.0
2025-07-19_08:40:05,9666.0,12136.0,46474.0,14173.0,16195.0,43681.0
2025-07-19_08:40:05,9720.0,12136.0,46474.0,14243.0,16195.0,43681.0
2025-07-19_08:40:06,9665.0,12136.0,46474.0,14170.0,16195.0,43681.0
2025-07-19_08:40:06,9683.0,12136.0,46474.0,14009.0,16195.0,43681.0
2025-07-19_08:40:06,9671.0,12136.0,46474.0,14161.0,16195.0,43681.0
2025-07-19_08:40:06,,,,,,
2025-07-19_08:40:10,6964.0,12136.0,46474.0,3792.0,16195.0,43681.0
2025-07-19_08:40:10,9655.0,12136.0,46474.0,14179.0,16195.0,43681.0
2025-07-19_08:40:11,9671.0,12136.0,46474.0,14166.0,16195.0,43681.0
2025-07-19_08:40:11,9462.0,12136.0,46474.0,14129.0,16195.0,43681.0
2025-07-19_08:40:11,,,,,,
2025-07-19_08:40:15,6964.0,12136.0,46474.0,3794.0,16195.0,43681.0
2025-07-19_08:40:15,9670.0,12136.0,46474.0,13968.0,16195.0,43681.0
2025-07-19_08:40:15,,,,,,
2025-07-19_08:40:19,6956.0,12136.0,46474.0,3793.0,16195.0,43681.0
2025-07-19_08:40:19,,,,,,
2025-07-19_08:40:23,6960.0,12136.0,46474.0,3793.0,16195.0,43681.0
2025-07-19_08:40:23,9838.0,12136.0,46474.0,14267.0,16195.0,43681.0
2025-07-19_08:40:24,9672.0,12136.0,46474.0,13972.0,16195.0,43681.0
2025-07-19_08:40:24,9687.0,12136.0,46474.0,14194.0,16195.0,43681.0
2025-07-19_08:40:24,9671.0,12136.0,46474.0,13787.0,16195.0,43681.0
2025-07-19_08:40:24,9672.0,12136.0,46474.0,13982.0,16195.0,43681.0
2025-07-19_08:40:24,9906.0,12136.0,46474.0,14257.0,16195.0,43681.0
2025-07-19_08:40:25,9672.0,12136.0,46474.0,13978.0,16195.0,43681.0
2025-07-19_08:40:25,10107.0,12136.0,46475.0,14278.0,16195.0,43681.0
2025-07-19_08:40:25,9649.0,12136.0,46475.0,13969.0,16195.0,43681.0
2025-07-19_08:40:25,9654.0,12136.0,46475.0,14318.0,16195.0,43681.0
2025-07-19_08:40:26,,,,13976.0,16195.0,43681.0
2025-07-19_08:40:29,3319.0,12136.0,46475.0,12193.0,16195.0,43681.0
2025-07-19_08:40:30,9676.0,12136.0,46475.0,14286.0,16195.0,43681.0
2025-07-19_08:40:30,9683.0,12136.0,46475.0,14162.0,16195.0,43681.0
2025-07-19_08:40:30,9672.0,12136.0,46475.0,14172.0,16195.0,43681.0
2025-07-19_08:40:30,,,,14239.0,16195.0,43681.0
2025-07-19_08:40:34,3375.0,12136.0,46475.0,12195.0,16195.0,43681.0
2025-07-19_08:40:34,,,,,,
2025-07-19_08:40:39,2778.0,12136.0,46475.0,3776.0,16195.0,43681.0
2025-07-19_08:40:39,9828.0,12136.0,46475.0,14222.0,16195.0,43681.0
2025-07-19_08:40:39,9670.0,12136.0,46475.0,13982.0,16195.0,43681.0
2025-07-19_08:40:39,9595.0,12136.0,46475.0,14217.0,16195.0,43681.0
2025-07-19_08:40:39,9672.0,12136.0,46475.0,14207.0,16195.0,43681.0
2025-07-19_08:40:40,9672.0,12136.0,46475.0,13982.0,16195.0,43681.0
2025-07-19_08:40:40,9674.0,12136.0,46475.0,14165.0,16195.0,43681.0
2025-07-19_08:40:40,9683.0,12136.0,46475.0,13984.0,16195.0,43681.0
2025-07-19_08:40:40,9807.0,12136.0,46475.0,13752.0,16195.0,43681.0
2025-07-19_08:40:41,9673.0,12136.0,46475.0,14165.0,16195.0,43681.0
2025-07-19_08:40:41,9808.0,12136.0,46475.0,14034.0,16195.0,43681.0
2025-07-19_08:40:41,9677.0,12136.0,46475.0,14178.0,16195.0,43681.0
2025-07-19_08:40:41,9624.0,12136.0,46475.0,14106.0,16195.0,43681.0
2025-07-19_08:40:41,9953.0,12136.0,46475.0,14439.0,16195.0,43681.0
2025-07-19_08:40:42,9719.0,12136.0,46475.0,14043.0,16195.0,43681.0
2025-07-19_08:40:42,,,,13034.0,16195.0,43681.0
2025-07-19_08:40:46,2778.0,12136.0,46475.0,12192.0,16195.0,43681.0
2025-07-19_08:40:46,9518.0,12136.0,46475.0,14310.0,16195.0,43681.0
2025-07-19_08:40:46,9905.0,12136.0,46475.0,14348.0,16195.0,43681.0
2025-07-19_08:40:46,9680.0,12136.0,46475.0,13791.0,16195.0,43681.0
2025-07-19_08:40:47,9677.0,12136.0,46475.0,14172.0,16195.0,43681.0
2025-07-19_08:40:47,9676.0,12136.0,46475.0,14017.0,16195.0,43681.0
2025-07-19_08:40:47,,,,13279.0,16195.0,43681.0
2025-07-19_08:40:51,2778.0,12136.0,46475.0,12185.0,16195.0,43681.0
2025-07-19_08:40:51,9638.0,12136.0,46493.0,14113.0,16195.0,43681.0
2025-07-19_08:40:51,,,,,,
2025-07-19_08:40:55,6966.0,12136.0,46493.0,3792.0,16195.0,43681.0
2025-07-19_08:40:55,9807.0,12136.0,46493.0,14019.0,16195.0,43681.0
2025-07-19_08:40:56,9671.0,12136.0,46493.0,14179.0,16195.0,43681.0
2025-07-19_08:40:56,9673.0,12136.0,46493.0,13971.0,16195.0,43681.0
2025-07-19_08:40:56,9670.0,12136.0,46493.0,13970.0,16195.0,43681.0
2025-07-19_08:40:56,,,,,,
2025-07-19_08:41:00,6971.0,12136.0,46493.0,3792.0,16195.0,43681.0
2025-07-19_08:41:00,9669.0,12136.0,46493.0,13965.0,16195.0,43681.0
2025-07-19_08:41:00,10253.0,12136.0,46493.0,14657.0,16195.0,43681.0
2025-07-19_08:41:01,9909.0,12136.0,46493.0,14258.0,16195.0,43681.0
2025-07-19_08:41:01,9628.0,12136.0,46493.0,13972.0,16195.0,43681.0
2025-07-19_08:41:01,9763.0,12136.0,46493.0,14624.0,16195.0,43681.0
2025-07-19_08:41:01,9672.0,12136.0,46493.0,13980.0,16195.0,43681.0
2025-07-19_08:41:02,9653.0,12136.0,46493.0,14128.0,16195.0,43681.0
2025-07-19_08:41:02,9667.0,12136.0,46493.0,14169.0,16195.0,43681.0
2025-07-19_08:41:02,9665.0,12136.0,46493.0,14005.0,16195.0,43681.0
2025-07-19_08:41:02,9673.0,12136.0,46493.0,13733.0,16195.0,43681.0
2025-07-19_08:41:02,,,,,,
2025-07-19_08:41:06,6963.0,12136.0,46493.0,3793.0,16195.0,43681.0
2025-07-19_08:41:06,9672.0,12136.0,46493.0,13971.0,16195.0,43681.0
2025-07-19_08:41:07,9664.0,12136.0,46493.0,14172.0,16195.0,43681.0
2025-07-19_08:41:07,9527.0,12136.0,46493.0,14111.0,16195.0,43681.0
2025-07-19_08:41:07,9671.0,12136.0,46493.0,13980.0,16195.0,43681.0
2025-07-19_08:41:07,9651.0,12136.0,46493.0,14294.0,16195.0,43681.0
2025-07-19_08:41:07,9671.0,12136.0,46493.0,14172.0,16195.0,43681.0
2025-07-19_08:41:08,9656.0,12136.0,46493.0,14177.0,16195.0,43681.0
2025-07-19_08:41:08,9874.0,12136.0,46494.0,14263.0,16195.0,43681.0
2025-07-19_08:41:08,9670.0,12136.0,46494.0,14283.0,16195.0,43681.0
2025-07-19_08:41:08,9662.0,12136.0,46494.0,13973.0,16195.0,43681.0
2025-07-19_08:41:09,9541.0,12136.0,46494.0,14166.0,16195.0,43681.0
2025-07-19_08:41:09,9827.0,12136.0,46494.0,14395.0,16195.0,43681.0
2025-07-19_08:41:09,9672.0,12136.0,46494.0,13980.0,16195.0,43681.0
2025-07-19_08:41:09,,,,14110.0,16195.0,43681.0
2025-07-19_08:41:13,3375.0,12136.0,46494.0,12184.0,16195.0,43681.0
2025-07-19_08:41:13,9667.0,12136.0,46494.0,13828.0,16195.0,43681.0
2025-07-19_08:41:14,9914.0,12136.0,46494.0,14387.0,16195.0,43681.0
2025-07-19_08:41:14,9671.0,12136.0,46494.0,13969.0,16195.0,43681.0
2025-07-19_08:41:14,9672.0,12136.0,46494.0,14177.0,16195.0,43681.0
2025-07-19_08:41:14,,,,13652.0,16195.0,43681.0
2025-07-19_08:41:18,3302.0,12136.0,46494.0,12193.0,16195.0,43681.0
2025-07-19_08:41:18,9673.0,12136.0,46494.0,13985.0,16195.0,43681.0
2025-07-19_08:41:18,,,,13781.0,16195.0,43681.0
2025-07-19_08:41:22,3319.0,12136.0,46494.0,12189.0,16195.0,43681.0
2025-07-19_08:41:22,9673.0,12136.0,46494.0,13982.0,16195.0,43681.0
2025-07-19_08:41:23,9695.0,12136.0,46494.0,14132.0,16195.0,43681.0
2025-07-19_08:41:23,,,,,,
2025-07-19_08:41:27,6968.0,12136.0,46494.0,3792.0,16195.0,43681.0
2025-07-19_08:41:27,9472.0,12136.0,46494.0,14030.0,16195.0,43681.0
2025-07-19_08:41:27,,,,13789.0,16195.0,43681.0
2025-07-19_08:41:31,3358.0,12136.0,46494.0,12172.0,16195.0,43681.0
2025-07-19_08:41:31,9812.0,12136.0,46494.0,14246.0,16195.0,43681.0
2025-07-19_08:41:31,9653.0,12136.0,46494.0,13917.0,16195.0,43681.0
2025-07-19_08:41:31,9721.0,12136.0,46494.0,14298.0,16195.0,43681.0
2025-07-19_08:41:32,9690.0,12136.0,46494.0,14175.0,16195.0,43681.0
2025-07-19_08:41:32,,,,13786.0,16195.0,43681.0
2025-07-19_08:41:35,3319.0,12136.0,46494.0,12161.0,16195.0,43681.0
2025-07-19_08:41:36,9797.0,12136.0,46494.0,14022.0,16195.0,43681.0
2025-07-19_08:41:36,9917.0,12136.0,46494.0,14367.0,16195.0,43681.0
2025-07-19_08:41:36,,,,,,
2025-07-19_08:41:40,6967.0,12136.0,46494.0,3792.0,16195.0,43681.0
2025-07-19_08:41:40,9695.0,12136.0,46494.0,14194.0,16195.0,43681.0
2025-07-19_08:41:40,9687.0,12136.0,46494.0,14171.0,16195.0,43681.0
2025-07-19_08:41:41,9668.0,12136.0,46494.0,13796.0,16195.0,43681.0
2025-07-19_08:41:41,9828.0,12136.0,46494.0,14218.0,16195.0,43681.0
2025-07-19_08:41:41,9680.0,12136.0,46494.0,14058.0,16195.0,43681.0
2025-07-19_08:41:41,9670.0,12136.0,46494.0,13965.0,16195.0,43681.0
2025-07-19_08:41:41,9794.0,12136.0,46494.0,14032.0,16195.0,43681.0
2025-07-19_08:41:42,9678.0,12136.0,46494.0,14014.0,16195.0,43681.0
2025-07-19_08:41:42,9967.0,12136.0,46494.0,14175.0,16195.0,43681.0
2025-07-19_08:41:42,9668.0,12136.0,46494.0,13963.0,16195.0,43681.0
2025-07-19_08:41:42,9288.0,12136.0,46494.0,14071.0,16195.0,43681.0
2025-07-19_08:41:43,9626.0,12136.0,46494.0,14294.0,16195.0,43681.0
2025-07-19_08:41:43,9720.0,12136.0,46494.0,14239.0,16195.0,43681.0
2025-07-19_08:41:43,9998.0,12136.0,46494.0,14137.0,16195.0,43681.0
2025-07-19_08:41:43,9672.0,12136.0,46494.0,13972.0,16195.0,43681.0
2025-07-19_08:41:43,9672.0,12136.0,46494.0,13970.0,16195.0,43681.0
2025-07-19_08:41:44,9711.0,12136.0,46494.0,14222.0,16195.0,43681.0
2025-07-19_08:41:44,9909.0,12136.0,46494.0,14251.0,16195.0,43681.0
2025-07-19_08:41:44,,,,,,
2025-07-19_08:41:48,6964.0,12136.0,46494.0,3792.0,16195.0,43681.0
2025-07-19_08:41:48,,,,14115.0,16195.0,43681.0
2025-07-19_08:41:52,3319.0,12136.0,46494.0,12149.0,16195.0,43681.0
2025-07-19_08:41:52,,,,,,
2025-07-19_08:41:56,6968.0,12136.0,46494.0,3787.0,16195.0,43681.0
2025-07-19_08:41:56,9599.0,12136.0,46494.0,14223.0,16195.0,43681.0
2025-07-19_08:41:56,9668.0,12136.0,46494.0,13978.0,16195.0,43681.0
2025-07-19_08:41:57,9670.0,12136.0,46494.0,13977.0,16195.0,43681.0
2025-07-19_08:41:57,,,,,,
2025-07-19_08:42:01,6967.0,12136.0,46494.0,3793.0,16195.0,43681.0
2025-07-19_08:42:01,8521.0,12136.0,46494.0,13261.0,16195.0,43681.0
2025-07-19_08:42:01,9844.0,12136.0,46494.0,14249.0,16195.0,43681.0
2025-07-19_08:42:01,9331.0,12136.0,46494.0,13849.0,16195.0,43681.0
2025-07-19_08:42:02,9537.0,12136.0,46494.0,13995.0,16195.0,43681.0
2025-07-19_08:42:02,9912.0,12136.0,46494.0,14276.0,16195.0,43681.0
2025-07-19_08:42:02,9741.0,12136.0,46494.0,14027.0,16195.0,43681.0
2025-07-19_08:42:02,8685.0,12136.0,46494.0,13977.0,16195.0,43681.0
2025-07-19_08:42:03,,,,13908.0,16195.0,43681.0
2025-07-19_08:42:06,,,,,,
2025-07-19_08:42:10,6959.0,12136.0,46494.0,3792.0,16195.0,43681.0
2025-07-19_08:42:10,9565.0,12136.0,46494.0,14170.0,16195.0,43681.0
2025-07-19_08:42:11,,,,13772.0,16195.0,43681.0
2025-07-19_08:42:14,3319.0,12136.0,46494.0,12186.0,16195.0,43681.0
2025-07-19_08:42:14,,,,,,
2025-07-19_08:42:18,6964.0,12136.0,46494.0,3786.0,16195.0,43681.0
2025-07-19_08:42:18,9923.0,12136.0,46494.0,14129.0,16195.0,43681.0
2025-07-19_08:42:19,9544.0,12136.0,46494.0,14378.0,16195.0,43681.0
2025-07-19_08:42:19,9249.0,12136.0,46494.0,14020.0,16195.0,43681.0
2025-07-19_08:42:19,9552.0,12136.0,46494.0,14178.0,16195.0,43681.0
2025-07-19_08:42:19,9709.0,12136.0,46494.0,14216.0,16195.0,43681.0
2025-07-19_08:42:20,10021.0,12136.0,46494.0,14000.0,16195.0,43681.0
2025-07-19_08:42:20,9976.0,12136.0,46494.0,14277.0,16195.0,43681.0
2025-07-19_08:42:20,9592.0,12136.0,46494.0,14194.0,16195.0,43681.0
2025-07-19_08:42:20,9908.0,12136.0,46494.0,14368.0,16195.0,43681.0
2025-07-19_08:42:20,,,,14104.0,16195.0,43681.0
2025-07-19_08:42:24,2778.0,12136.0,46494.0,12161.0,16195.0,43681.0
2025-07-19_08:42:25,9211.0,12136.0,46494.0,14030.0,16195.0,43681.0
2025-07-19_08:42:25,,,,,,
2025-07-19_08:42:29,6965.0,12136.0,46494.0,3792.0,16195.0,43681.0
2025-07-19_08:42:29,9802.0,12136.0,46494.0,14229.0,16195.0,43681.0
2025-07-19_08:42:29,,,,,,
2025-07-19_08:42:33,6973.0,12136.0,46494.0,3794.0,16195.0,43681.0
2025-07-19_08:42:33,9602.0,12136.0,46494.0,13975.0,16195.0,43681.0
2025-07-19_08:42:33,9673.0,12136.0,46494.0,13971.0,16195.0,43681.0
2025-07-19_08:42:33,9094.0,12136.0,46494.0,13930.0,16195.0,43681.0
2025-07-19_08:42:34,9673.0,12136.0,46494.0,14334.0,16195.0,43681.0
2025-07-19_08:42:34,,,,13961.0,16195.0,43681.0
2025-07-19_08:42:38,3375.0,12136.0,46494.0,12191.0,16195.0,43681.0
2025-07-19_08:42:38,9603.0,12136.0,46494.0,14297.0,16195.0,43681.0
2025-07-19_08:42:38,9201.0,12136.0,46494.0,13967.0,16195.0,43681.0
2025-07-19_08:42:38,,,,,,
2025-07-19_08:42:42,6967.0,12136.0,46494.0,3795.0,16195.0,43681.0
2025-07-19_08:42:42,9845.0,12136.0,46494.0,14264.0,16195.0,43681.0
2025-07-19_08:42:42,,,,13958.0,16195.0,43681.0
2025-07-19_08:42:46,3358.0,12136.0,46494.0,12175.0,16195.0,43681.0
2025-07-19_08:42:46,10113.0,12136.0,46494.0,14356.0,16195.0,43681.0
2025-07-19_08:42:47,,,,,,
2025-07-19_08:42:50,6967.0,12136.0,46494.0,3793.0,16195.0,43681.0
2025-07-19_08:42:51,,,,13998.0,16195.0,43681.0
2025-07-19_08:42:54,3375.0,12136.0,46494.0,12166.0,16195.0,43681.0
2025-07-19_08:42:55,10240.0,12136.0,46494.0,14416.0,16195.0,43681.0
2025-07-19_08:42:55,9606.0,12136.0,46494.0,14000.0,16195.0,43681.0
2025-07-19_08:42:55,9061.0,12136.0,46494.0,13916.0,16195.0,43681.0
2025-07-19_08:42:55,10265.0,12136.0,46494.0,14777.0,16195.0,43681.0
2025-07-19_08:42:55,,,,11868.0,16195.0,43681.0
2025-07-19_08:42:59,2778.0,12136.0,46494.0,12161.0,16195.0,43681.0
2025-07-19_08:43:00,9816.0,12136.0,46494.0,14227.0,16195.0,43681.0
2025-07-19_08:43:00,9625.0,12136.0,46494.0,14106.0,16195.0,43681.0
2025-07-19_08:43:00,10111.0,12136.0,46494.0,14640.0,16195.0,43681.0
2025-07-19_08:43:00,9788.0,12136.0,46494.0,14221.0,16195.0,43681.0
2025-07-19_08:43:00,,,,13978.0,16195.0,43681.0
2025-07-19_08:43:04,3375.0,12136.0,46494.0,12150.0,16195.0,43681.0
2025-07-19_08:43:04,,,,14249.0,16195.0,43681.0
2025-07-19_08:43:08,2778.0,12136.0,46494.0,12187.0,16195.0,43681.0
2025-07-19_08:43:08,8641.0,12136.0,46494.0,14298.0,16195.0,43681.0
2025-07-19_08:43:09,9943.0,12136.0,46494.0,14275.0,16195.0,43681.0
2025-07-19_08:43:09,9811.0,12136.0,46494.0,14010.0,16195.0,43681.0
2025-07-19_08:43:09,10116.0,12136.0,46494.0,14325.0,16195.0,43681.0
2025-07-19_08:43:09,10065.0,12136.0,46494.0,14392.0,16195.0,43681.0
2025-07-19_08:43:10,9843.0,12136.0,46494.0,13974.0,16195.0,43681.0
2025-07-19_08:43:10,9678.0,12136.0,46494.0,13982.0,16195.0,43681.0
2025-07-19_08:43:10,,,,,,
2025-07-19_08:43:14,6967.0,12136.0,46494.0,3793.0,16195.0,43681.0
2025-07-19_08:43:14,8616.0,12136.0,46494.0,14047.0,16195.0,43681.0
2025-07-19_08:43:14,,,,13790.0,16195.0,43681.0
2025-07-19_08:43:18,3375.0,12136.0,46494.0,12171.0,16195.0,43681.0
2025-07-19_08:43:18,9641.0,12136.0,46494.0,13979.0,16195.0,43681.0
2025-07-19_08:43:18,10019.0,12136.0,46494.0,14337.0,16195.0,43681.0
2025-07-19_08:43:19,9599.0,12136.0,46494.0,14009.0,16195.0,43681.0
2025-07-19_08:43:19,9674.0,12136.0,46494.0,13801.0,16195.0,43681.0
2025-07-19_08:43:19,9675.0,12136.0,46494.0,13975.0,16195.0,43681.0
2025-07-19_08:43:19,9919.0,12136.0,46494.0,14311.0,16195.0,43681.0
2025-07-19_08:43:19,9976.0,12136.0,46494.0,14102.0,16195.0,43681.0
2025-07-19_08:43:20,8542.0,12136.0,46494.0,14115.0,16195.0,43681.0
2025-07-19_08:43:20,,,,,,
2025-07-19_08:43:24,6961.0,12136.0,46494.0,3792.0,16195.0,43681.0
2025-07-19_08:43:24,9797.0,12136.0,46494.0,14302.0,16195.0,43681.0
2025-07-19_08:43:24,9947.0,12136.0,46494.0,14519.0,16195.0,43681.0
2025-07-19_08:43:24,8656.0,12136.0,46494.0,14290.0,16195.0,43681.0
2025-07-19_08:43:25,9818.0,12136.0,46494.0,13789.0,16195.0,43681.0
2025-07-19_08:43:25,9991.0,12136.0,46494.0,14333.0,16195.0,43681.0
2025-07-19_08:43:25,9171.0,12136.0,46494.0,13782.0,16195.0,43681.0
2025-07-19_08:43:25,9676.0,12136.0,46494.0,14165.0,16195.0,43681.0
2025-07-19_08:43:26,,,,14158.0,16195.0,43681.0
2025-07-19_08:43:29,3358.0,12136.0,46494.0,12189.0,16195.0,43681.0
2025-07-19_08:43:29,10128.0,12136.0,46513.0,13956.0,16195.0,43681.0
2025-07-19_08:43:30,8531.0,12136.0,46513.0,13870.0,16195.0,43681.0
2025-07-19_08:43:30,10367.0,12136.0,46513.0,14518.0,16195.0,43681.0
2025-07-19_08:43:30,,,,,,
2025-07-19_08:43:34,6962.0,12136.0,46513.0,3793.0,16195.0,43681.0
2025-07-19_08:43:34,,,,14082.0,16195.0,43681.0
2025-07-19_08:43:38,3375.0,12136.0,46513.0,12144.0,16195.0,43681.0
2025-07-19_08:43:38,,,,14047.0,16195.0,43681.0
2025-07-19_08:43:42,3319.0,12136.0,46513.0,12187.0,16195.0,43681.0
2025-07-19_08:43:42,9656.0,12136.0,46513.0,14103.0,16195.0,43681.0
2025-07-19_08:43:42,9841.0,12136.0,46513.0,14264.0,16195.0,43681.0
2025-07-19_08:43:43,9976.0,12136.0,46513.0,14350.0,16195.0,43681.0
2025-07-19_08:43:43,,,,,,
2025-07-19_08:43:47,6968.0,12136.0,46513.0,3793.0,16195.0,43681.0
2025-07-19_08:43:47,8004.0,12136.0,46513.0,13174.0,16195.0,43681.0
2025-07-19_08:43:47,,,,14353.0,16195.0,43681.0
2025-07-19_08:43:51,3375.0,12136.0,46513.0,12159.0,16195.0,43681.0
2025-07-19_08:43:51,9674.0,12136.0,46513.0,14009.0,16195.0,43681.0
2025-07-19_08:43:51,10067.0,12136.0,46513.0,14381.0,16195.0,43681.0
2025-07-19_08:43:51,9580.0,12136.0,46513.0,14220.0,16195.0,43681.0
2025-07-19_08:43:52,10201.0,12136.0,46513.0,13781.0,16195.0,43681.0
2025-07-19_08:43:52,8584.0,12136.0,46513.0,14169.0,16195.0,43681.0
2025-07-19_08:43:52,10093.0,12136.0,46513.0,14148.0,16195.0,43681.0
2025-07-19_08:43:52,,,,13937.0,16195.0,43681.0
2025-07-19_08:43:56,2778.0,12136.0,46513.0,12168.0,16195.0,43681.0
2025-07-19_08:43:56,9707.0,12136.0,46513.0,14341.0,16195.0,43681.0
2025-07-19_08:43:57,9828.0,12136.0,46513.0,13824.0,16195.0,43681.0
2025-07-19_08:43:57,,,,11872.0,16195.0,43681.0
2025-07-19_08:44:01,2778.0,12136.0,46513.0,12186.0,16195.0,43681.0
2025-07-19_08:44:01,8669.0,12136.0,46513.0,14176.0,16195.0,43681.0
2025-07-19_08:44:01,9649.0,12136.0,46513.0,14315.0,16195.0,43681.0
2025-07-19_08:44:01,9754.0,12136.0,46513.0,13846.0,16195.0,43681.0
2025-07-19_08:44:02,9185.0,12136.0,46513.0,13779.0,16195.0,43681.0
2025-07-19_08:44:02,9677.0,12136.0,46513.0,13982.0,16195.0,43681.0
2025-07-19_08:44:02,9926.0,12136.0,46513.0,14219.0,16195.0,43681.0
2025-07-19_08:44:02,9565.0,12136.0,46513.0,13987.0,16195.0,43681.0
2025-07-19_08:44:02,10082.0,12136.0,46513.0,14501.0,16195.0,43681.0
2025-07-19_08:44:03,,,,,,
2025-07-19_08:44:07,6957.0,12136.0,46513.0,3792.0,16195.0,43681.0
2025-07-19_08:44:07,,,,14000.0,16195.0,43681.0
2025-07-19_08:44:10,3302.0,12136.0,46513.0,12197.0,16195.0,43681.0
2025-07-19_08:44:11,10239.0,12136.0,46513.0,14164.0,16195.0,43681.0
2025-07-19_08:44:11,,,,13793.0,16195.0,43681.0
2025-07-19_08:44:15,3302.0,12136.0,46513.0,12190.0,16195.0,43681.0
2025-07-19_08:44:15,9889.0,12136.0,46513.0,14316.0,16195.0,43681.0
2025-07-19_08:44:15,9623.0,12136.0,46513.0,14189.0,16195.0,43681.0
2025-07-19_08:44:15,9868.0,12136.0,46513.0,14083.0,16195.0,43681.0
2025-07-19_08:44:15,10292.0,12136.0,46513.0,14425.0,16195.0,43681.0
2025-07-19_08:44:16,9938.0,12136.0,46513.0,14016.0,16195.0,43681.0
2025-07-19_08:44:16,10014.0,12136.0,46513.0,14404.0,16195.0,43681.0
2025-07-19_08:44:16,9715.0,12136.0,46513.0,14019.0,16195.0,43681.0
2025-07-19_08:44:16,9380.0,12136.0,46513.0,13939.0,16195.0,43681.0
2025-07-19_08:44:17,,,,,,
2025-07-19_08:44:20,6965.0,12136.0,46513.0,3793.0,16195.0,43681.0
2025-07-19_08:44:21,,,,13246.0,16195.0,43681.0
2025-07-19_08:44:24,2778.0,12136.0,46513.0,12194.0,16195.0,43681.0
2025-07-19_08:44:25,9806.0,12136.0,46513.0,14350.0,16195.0,43681.0
2025-07-19_08:44:25,9630.0,12136.0,46513.0,14115.0,16195.0,43681.0
2025-07-19_08:44:25,,,,,,
2025-07-19_08:44:29,6963.0,12136.0,46513.0,3793.0,16195.0,43681.0
2025-07-19_08:44:29,10028.0,12136.0,46513.0,14221.0,16195.0,43681.0
2025-07-19_08:44:29,9830.0,12136.0,46513.0,14488.0,16195.0,43681.0
2025-07-19_08:44:30,8665.0,12136.0,46513.0,14095.0,16195.0,43681.0
2025-07-19_08:44:30,9155.0,12136.0,46513.0,13813.0,16195.0,43681.0
2025-07-19_08:44:30,9987.0,12136.0,46513.0,14122.0,16195.0,43681.0
2025-07-19_08:44:30,,,,,,
2025-07-19_08:44:34,6959.0,12136.0,46513.0,3787.0,16195.0,43681.0
2025-07-19_08:44:34,9475.0,12136.0,46513.0,13928.0,16195.0,43681.0
2025-07-19_08:44:34,9774.0,12136.0,46513.0,13790.0,16195.0,43681.0
2025-07-19_08:44:35,9682.0,12136.0,46513.0,14021.0,16195.0,43681.0
2025-07-19_08:44:35,9907.0,12136.0,46513.0,14318.0,16195.0,43681.0
2025-07-19_08:44:35,9873.0,12136.0,46513.0,14235.0,16195.0,43681.0
2025-07-19_08:44:35,9661.0,12136.0,46513.0,14087.0,16195.0,43681.0
2025-07-19_08:44:36,9870.0,12136.0,46513.0,13930.0,16195.0,43681.0
2025-07-19_08:44:36,,,,13981.0,16195.0,43681.0
2025-07-19_08:44:40,3302.0,12136.0,46513.0,12198.0,16195.0,43681.0
2025-07-19_08:44:40,,,,,,
2025-07-19_08:44:44,6961.0,12136.0,46513.0,3787.0,16195.0,43681.0
2025-07-19_08:44:44,2778.0,12136.0,46513.0,12192.0,16195.0,43681.0
2025-07-19_08:44:45,9514.0,12136.0,46513.0,14129.0,16195.0,43681.0
2025-07-19_08:44:45,9808.0,12136.0,46513.0,14229.0,16195.0,43681.0
2025-07-19_08:44:45,,,,,,
2025-07-19_08:44:49,6956.0,12136.0,46513.0,3787.0,16195.0,43681.0
2025-07-19_08:44:49,9697.0,12136.0,46513.0,14359.0,16195.0,43682.0
2025-07-19_08:44:49,,,,13961.0,16195.0,43682.0
2025-07-19_08:44:53,3319.0,12136.0,46513.0,12194.0,16195.0,43682.0
2025-07-19_08:44:53,9986.0,12136.0,46513.0,14546.0,16195.0,43682.0
2025-07-19_08:44:53,9680.0,12136.0,46513.0,13983.0,16195.0,43682.0
2025-07-19_08:44:54,9956.0,12136.0,46513.0,14406.0,16195.0,43682.0
2025-07-19_08:44:54,9837.0,12136.0,46513.0,14049.0,16195.0,43682.0
2025-07-19_08:44:54,9938.0,12136.0,46513.0,14195.0,16195.0,43682.0
2025-07-19_08:44:54,9669.0,12136.0,46513.0,14173.0,16195.0,43682.0
2025-07-19_08:44:55,9337.0,12136.0,46513.0,14024.0,16195.0,43682.0
2025-07-19_08:44:55,9886.0,12136.0,46513.0,14021.0,16195.0,43682.0
2025-07-19_08:44:55,,,,14183.0,16195.0,43682.0
2025-07-19_08:44:59,3321.0,12136.0,46513.0,12193.0,16195.0,43682.0
2025-07-19_08:44:59,9571.0,12136.0,46513.0,14225.0,16195.0,43682.0
2025-07-19_08:44:59,9784.0,12136.0,46513.0,14229.0,16195.0,43682.0
2025-07-19_08:44:59,9823.0,12136.0,46513.0,14228.0,16195.0,43682.0
2025-07-19_08:45:00,9672.0,12136.0,46513.0,14211.0,16195.0,43682.0
2025-07-19_08:45:00,9572.0,12136.0,46513.0,13958.0,16195.0,43682.0
2025-07-19_08:45:00,,,,,,
2025-07-19_08:45:04,6969.0,12136.0,46513.0,3793.0,16195.0,43682.0
2025-07-19_08:45:04,10239.0,12136.0,46513.0,14390.0,16209.0,43696.0
2025-07-19_08:45:04,9394.0,12136.0,46513.0,13850.0,16209.0,43696.0
2025-07-19_08:45:05,9665.0,12136.0,46513.0,14107.0,16209.0,43696.0
2025-07-19_08:45:05,9881.0,12136.0,46513.0,14342.0,16209.0,43696.0
2025-07-19_08:45:05,,,,,,
2025-07-19_08:45:09,6959.0,12136.0,46513.0,3795.0,16209.0,43696.0
2025-07-19_08:45:09,,,,,,
2025-07-19_08:45:13,6969.0,12136.0,46513.0,3787.0,16209.0,43696.0
2025-07-19_08:45:13,9188.0,12136.0,46513.0,13985.0,16209.0,43696.0
2025-07-19_08:45:13,9679.0,12136.0,46513.0,13975.0,16209.0,43696.0
2025-07-19_08:45:14,9321.0,12136.0,46513.0,13935.0,16209.0,43696.0
2025-07-19_08:45:14,9595.0,12136.0,46513.0,13996.0,16209.0,43696.0
2025-07-19_08:45:14,8672.0,12136.0,46513.0,14093.0,16209.0,43696.0
2025-07-19_08:45:14,9890.0,12136.0,46513.0,14232.0,16209.0,43696.0
2025-07-19_08:45:15,2778.0,12136.0,46513.0,12192.0,16209.0,43696.0
2025-07-19_08:45:15,,,,,,
2025-07-19_08:45:19,6969.0,12136.0,46513.0,3792.0,16209.0,43696.0
2025-07-19_08:45:19,8536.0,12136.0,46513.0,14092.0,16209.0,43696.0
2025-07-19_08:45:20,,,,,,
2025-07-19_08:45:24,6964.0,12136.0,46513.0,3786.0,16209.0,43696.0
2025-07-19_08:45:24,9176.0,12136.0,46513.0,13801.0,16209.0,43696.0
2025-07-19_08:45:24,8590.0,12136.0,46513.0,13952.0,16209.0,43696.0
2025-07-19_08:45:24,9593.0,12136.0,46513.0,14173.0,16209.0,43696.0
2025-07-19_08:45:24,9587.0,12136.0,46513.0,14142.0,16209.0,43696.0
2025-07-19_08:45:25,9940.0,12136.0,46513.0,14344.0,16209.0,43696.0
2025-07-19_08:45:25,,,,13995.0,16209.0,43696.0
2025-07-19_08:45:29,2778.0,12136.0,46513.0,12185.0,16209.0,43696.0
2025-07-19_08:45:29,9655.0,12136.0,46513.0,14166.0,16209.0,43696.0
2025-07-19_08:45:29,9649.0,12136.0,46513.0,14103.0,16209.0,43696.0
2025-07-19_08:45:29,8346.0,12136.0,46513.0,13808.0,16209.0,43696.0
2025-07-19_08:45:30,10058.0,12136.0,46513.0,14361.0,16209.0,43696.0
2025-07-19_08:45:30,10373.0,12136.0,46513.0,14380.0,16209.0,43696.0
2025-07-19_08:45:30,9734.0,12136.0,46513.0,14353.0,16209.0,43696.0
2025-07-19_08:45:30,8549.0,12136.0,46513.0,14023.0,16209.0,43696.0
2025-07-19_08:45:30,8564.0,12136.0,46513.0,13940.0,16209.0,43696.0
2025-07-19_08:45:31,8530.0,12136.0,46513.0,13917.0,16209.0,43696.0
2025-07-19_08:45:31,10046.0,12136.0,46513.0,14302.0,16209.0,43696.0
2025-07-19_08:45:31,9437.0,12136.0,46513.0,14144.0,16209.0,43696.0
2025-07-19_08:45:31,10089.0,12136.0,46513.0,14316.0,16209.0,43696.0
2025-07-19_08:45:31,9937.0,12136.0,46513.0,14074.0,16209.0,43696.0
2025-07-19_08:45:32,9668.0,12136.0,46513.0,13967.0,16209.0,43696.0
2025-07-19_08:45:32,9688.0,12136.0,46513.0,14158.0,16209.0,43696.0
2025-07-19_08:45:32,10189.0,12136.0,46513.0,14177.0,16209.0,43696.0
2025-07-19_08:45:32,,,,14032.0,16209.0,43696.0
2025-07-19_08:45:36,2778.0,12136.0,46513.0,12191.0,16209.0,43696.0
2025-07-19_08:45:36,9692.0,12136.0,46513.0,14008.0,16209.0,43696.0
2025-07-19_08:45:37,8746.0,12136.0,46513.0,14353.0,16209.0,43696.0
2025-07-19_08:45:37,8071.0,12136.0,46513.0,13303.0,16209.0,43696.0
2025-07-19_08:45:37,9637.0,12136.0,46513.0,14065.0,16209.0,43696.0
2025-07-19_08:45:37,9587.0,12136.0,46513.0,14027.0,16209.0,43696.0
2025-07-19_08:45:38,9900.0,12136.0,46513.0,14136.0,16209.0,43696.0
2025-07-19_08:45:38,,,,13791.0,16209.0,43696.0
2025-07-19_08:45:41,3319.0,12136.0,46513.0,12186.0,16209.0,43696.0
2025-07-19_08:45:42,,,,,,
2025-07-19_08:45:46,6960.0,12136.0,46513.0,3793.0,16209.0,43696.0
2025-07-19_08:45:46,9087.0,12136.0,46513.0,14082.0,16209.0,43696.0
2025-07-19_08:45:46,9744.0,12136.0,46513.0,14280.0,16209.0,43696.0
2025-07-19_08:45:46,,,,13786.0,16209.0,43696.0
2025-07-19_08:45:50,3358.0,12136.0,46513.0,12185.0,16209.0,43696.0
2025-07-19_08:45:50,9839.0,12136.0,46513.0,13853.0,16209.0,43696.0
2025-07-19_08:45:50,,,,13835.0,16209.0,43696.0
2025-07-19_08:45:54,3375.0,12136.0,46513.0,12161.0,16209.0,43696.0
2025-07-19_08:45:54,9674.0,12136.0,46513.0,14163.0,16209.0,43696.0
2025-07-19_08:45:54,9907.0,12136.0,46513.0,14170.0,16209.0,43696.0
2025-07-19_08:45:55,,,,14104.0,16209.0,43696.0
2025-07-19_08:45:58,3302.0,12136.0,46513.0,12187.0,16209.0,43696.0
2025-07-19_08:45:59,9636.0,12136.0,46513.0,14021.0,16209.0,43696.0
2025-07-19_08:45:59,9544.0,12136.0,46513.0,14208.0,16209.0,43696.0
2025-07-19_08:45:59,,,,14190.0,16209.0,43696.0
2025-07-19_08:46:03,3302.0,12136.0,46513.0,12197.0,16209.0,43696.0
2025-07-19_08:46:03,9895.0,12136.0,46513.0,14351.0,16209.0,43696.0
2025-07-19_08:46:03,9424.0,12136.0,46513.0,14223.0,16209.0,43696.0
2025-07-19_08:46:03,10339.0,12136.0,46513.0,14315.0,16209.0,43696.0
2025-07-19_08:46:04,9919.0,12136.0,46513.0,14390.0,16209.0,43696.0
2025-07-19_08:46:04,9825.0,12136.0,46513.0,14274.0,16209.0,43696.0
2025-07-19_08:46:04,9644.0,12136.0,46513.0,14398.0,16209.0,43696.0
2025-07-19_08:46:04,9814.0,12136.0,46513.0,14049.0,16209.0,43696.0
2025-07-19_08:46:04,9695.0,12136.0,46513.0,14159.0,16209.0,43696.0
2025-07-19_08:46:05,9986.0,12136.0,46513.0,14323.0,16209.0,43696.0
2025-07-19_08:46:05,9231.0,12136.0,46513.0,13927.0,16209.0,43696.0
2025-07-19_08:46:05,8081.0,12136.0,46513.0,13010.0,16209.0,43696.0
2025-07-19_08:46:05,9669.0,12136.0,46513.0,13977.0,16209.0,43696.0
2025-07-19_08:46:05,9879.0,12136.0,46513.0,14131.0,16209.0,43696.0
2025-07-19_08:46:06,9592.0,12136.0,46513.0,14200.0,16209.0,43696.0
2025-07-19_08:46:06,9600.0,12136.0,46513.0,14181.0,16209.0,43696.0
2025-07-19_08:46:06,8732.0,12136.0,46513.0,14470.0,16209.0,43696.0
2025-07-19_08:46:06,8600.0,12136.0,46513.0,13996.0,16209.0,43696.0
2025-07-19_08:46:07,9575.0,12136.0,46513.0,14224.0,16209.0,43696.0
2025-07-19_08:46:07,10022.0,12136.0,46513.0,14328.0,16209.0,43696.0
2025-07-19_08:46:07,8600.0,12136.0,46513.0,13968.0,16209.0,43696.0
2025-07-19_08:46:07,9647.0,12136.0,46513.0,14299.0,16209.0,43696.0
2025-07-19_08:46:08,10107.0,12136.0,46513.0,14369.0,16209.0,43696.0
2025-07-19_08:46:08,9443.0,12136.0,46513.0,13944.0,16209.0,43696.0
2025-07-19_08:46:08,9669.0,12136.0,46513.0,14168.0,16209.0,43696.0
2025-07-19_08:46:08,8560.0,12136.0,46513.0,13964.0,16209.0,43696.0
2025-07-19_08:46:08,,,,13228.0,16209.0,43696.0
2025-07-19_08:46:12,2778.0,12136.0,46513.0,12201.0,16209.0,43696.0
2025-07-19_08:46:13,9822.0,12136.0,46513.0,14048.0,16209.0,43696.0
2025-07-19_08:46:13,9988.0,12136.0,46513.0,14564.0,16209.0,43696.0
2025-07-19_08:46:13,9936.0,12136.0,46513.0,14474.0,16209.0,43696.0
2025-07-19_08:46:13,9837.0,12136.0,46513.0,14017.0,16209.0,43696.0
2025-07-19_08:46:13,,,,14015.0,16209.0,43696.0
2025-07-19_08:46:17,3375.0,12136.0,46513.0,12192.0,16209.0,43696.0
2025-07-19_08:46:17,,,,,,
2025-07-19_08:46:21,6965.0,12136.0,46513.0,3793.0,16209.0,43696.0
2025-07-19_08:46:21,9612.0,12136.0,46513.0,14288.0,16209.0,43696.0
2025-07-19_08:46:22,9859.0,12136.0,46513.0,14315.0,16209.0,43696.0
2025-07-19_08:46:22,9844.0,12136.0,46513.0,14094.0,16209.0,43696.0
2025-07-19_08:46:22,9182.0,12136.0,46513.0,14138.0,16209.0,43696.0
2025-07-19_08:46:22,,,,13986.0,16209.0,43696.0
2025-07-19_08:46:26,3319.0,12136.0,46513.0,12190.0,16209.0,43696.0
2025-07-19_08:46:26,8543.0,12136.0,46513.0,13844.0,16209.0,43696.0
2025-07-19_08:46:26,9287.0,12136.0,46513.0,13792.0,16209.0,43696.0
2025-07-19_08:46:27,9887.0,12136.0,46513.0,14338.0,16209.0,43696.0
2025-07-19_08:46:27,,,,14132.0,16209.0,43696.0
2025-07-19_08:46:31,3375.0,12136.0,46513.0,12154.0,16209.0,43696.0
2025-07-19_08:46:31,9733.0,12136.0,46513.0,13920.0,16209.0,43696.0
2025-07-19_08:46:31,,,,14052.0,16209.0,43696.0
2025-07-19_08:46:35,3302.0,12136.0,46513.0,12186.0,16209.0,43696.0
2025-07-19_08:46:35,9891.0,12136.0,46513.0,14250.0,16209.0,43696.0
2025-07-19_08:46:35,9983.0,12136.0,46513.0,13763.0,16209.0,43696.0
2025-07-19_08:46:35,9671.0,12136.0,46513.0,14163.0,16209.0,43696.0
2025-07-19_08:46:36,8546.0,12136.0,46513.0,13926.0,16209.0,43696.0
2025-07-19_08:46:36,9936.0,12136.0,46513.0,14355.0,16209.0,43696.0
2025-07-19_08:46:36,,,,13923.0,16209.0,43696.0
2025-07-19_08:46:40,3302.0,12136.0,46513.0,12193.0,16209.0,43696.0
2025-07-19_08:46:40,,,,14329.0,16209.0,43696.0
2025-07-19_08:46:44,3358.0,12136.0,46513.0,12194.0,16209.0,43696.0
2025-07-19_08:46:44,10890.0,12136.0,46513.0,15259.0,16209.0,43696.0
2025-07-19_08:46:44,9639.0,12136.0,46513.0,14132.0,16209.0,43696.0
2025-07-19_08:46:44,,,,,,
2025-07-19_08:46:48,6959.0,12136.0,46513.0,3787.0,16209.0,43696.0
2025-07-19_08:46:48,9851.0,12136.0,46513.0,14328.0,16209.0,43696.0
2025-07-19_08:46:49,9932.0,12136.0,46513.0,14304.0,16209.0,43696.0
2025-07-19_08:46:49,9873.0,12136.0,46513.0,13994.0,16209.0,43696.0
2025-07-19_08:46:49,,,,,,
2025-07-19_08:46:53,6960.0,12136.0,46513.0,3792.0,16209.0,43696.0
2025-07-19_08:46:54,2778.0,12136.0,46513.0,12156.0,16209.0,43696.0
2025-07-19_08:46:54,9836.0,12136.0,46513.0,14230.0,16209.0,43696.0
2025-07-19_08:46:54,9774.0,12136.0,46513.0,14365.0,16209.0,43696.0
2025-07-19_08:46:54,9881.0,12136.0,46513.0,14262.0,16209.0,43696.0
2025-07-19_08:46:55,,,,13983.0,16209.0,43696.0
2025-07-19_08:46:58,3319.0,12136.0,46513.0,12183.0,16209.0,43696.0
2025-07-19_08:46:59,8571.0,12136.0,46513.0,13973.0,16209.0,43696.0
2025-07-19_08:46:59,9997.0,12136.0,46513.0,14219.0,16209.0,43696.0
2025-07-19_08:46:59,10402.0,12136.0,46513.0,14702.0,16276.0,43770.0
2025-07-19_08:46:59,,,,13980.0,16276.0,43770.0
2025-07-19_08:47:03,3358.0,12136.0,46513.0,12164.0,16276.0,43770.0
2025-07-19_08:47:03,9178.0,12136.0,46513.0,13775.0,16276.0,43770.0
2025-07-19_08:47:03,8538.0,12136.0,46513.0,13838.0,16276.0,43770.0
2025-07-19_08:47:04,,,,,,
2025-07-19_08:47:07,6964.0,12136.0,46513.0,3792.0,16276.0,43770.0
2025-07-19_08:47:08,9591.0,12136.0,46513.0,14213.0,16276.0,43770.0
2025-07-19_08:47:08,,,,14051.0,16276.0,43770.0
2025-07-19_08:47:12,3375.0,12136.0,46513.0,12161.0,16276.0,43770.0
2025-07-19_08:47:12,9889.0,12136.0,46513.0,14126.0,16276.0,43770.0
2025-07-19_08:47:12,,,,13977.0,16276.0,43770.0
2025-07-19_08:47:16,3358.0,12136.0,46513.0,12192.0,16276.0,43770.0
2025-07-19_08:47:16,9651.0,12136.0,46513.0,14273.0,16276.0,43770.0
2025-07-19_08:47:16,9647.0,12136.0,46513.0,14276.0,16276.0,43770.0
2025-07-19_08:47:16,9603.0,12136.0,46513.0,14230.0,16276.0,43770.0
2025-07-19_08:47:17,9955.0,12136.0,46513.0,14409.0,16276.0,43770.0
2025-07-19_08:47:17,8953.0,12136.0,46513.0,14089.0,16276.0,43770.0
2025-07-19_08:47:17,9679.0,12136.0,46513.0,13981.0,16276.0,43770.0
2025-07-19_08:47:17,9701.0,12136.0,46513.0,14067.0,16276.0,43770.0
2025-07-19_08:47:17,9880.0,12136.0,46513.0,14171.0,16276.0,43770.0
2025-07-19_08:47:18,8529.0,12136.0,46513.0,13897.0,16276.0,43770.0
2025-07-19_08:47:18,9679.0,12136.0,46513.0,14165.0,16276.0,43770.0
2025-07-19_08:47:18,9668.0,12136.0,46513.0,13951.0,16276.0,43770.0
2025-07-19_08:47:18,9934.0,12136.0,46513.0,14374.0,16276.0,43770.0
2025-07-19_08:47:18,9640.0,12136.0,46513.0,13915.0,16276.0,43770.0
2025-07-19_08:47:19,,,,,,
2025-07-19_08:47:22,6966.0,12136.0,46513.0,3793.0,16276.0,43770.0
2025-07-19_08:47:23,9395.0,12136.0,46513.0,13941.0,16276.0,43770.0
2025-07-19_08:47:23,9500.0,12136.0,46513.0,14152.0,16276.0,43770.0
2025-07-19_08:47:23,9850.0,12136.0,46513.0,14219.0,16276.0,43770.0
2025-07-19_08:47:23,9682.0,12136.0,46513.0,13979.0,16276.0,43770.0
2025-07-19_08:47:24,9774.0,12136.0,46513.0,14299.0,16276.0,43770.0
2025-07-19_08:47:24,9182.0,12136.0,46513.0,14048.0,16276.0,43770.0
2025-07-19_08:47:24,,,,,,
2025-07-19_08:47:28,6968.0,12136.0,46513.0,3793.0,16276.0,43770.0
2025-07-19_08:47:28,9829.0,12136.0,46513.0,14394.0,16276.0,43770.0
2025-07-19_08:47:28,,,,,,
2025-07-19_08:47:32,6958.0,12136.0,46513.0,3793.0,16276.0,43770.0
2025-07-19_08:47:32,10190.0,12136.0,46523.0,14661.0,16276.0,43770.0
2025-07-19_08:47:33,10074.0,12136.0,46523.0,14393.0,16276.0,43770.0
2025-07-19_08:47:33,9853.0,12136.0,46523.0,14226.0,16276.0,43770.0
2025-07-19_08:47:33,9669.0,12136.0,46523.0,14166.0,16276.0,43770.0
2025-07-19_08:47:33,9933.0,12136.0,46523.0,14358.0,16276.0,43770.0
2025-07-19_08:47:33,9870.0,12136.0,46523.0,14232.0,16276.0,43770.0
2025-07-19_08:47:34,9686.0,12136.0,46523.0,14211.0,16276.0,43770.0
2025-07-19_08:47:34,9783.0,12136.0,46523.0,14207.0,16276.0,43770.0
2025-07-19_08:47:34,8655.0,12136.0,46523.0,14216.0,16276.0,43770.0
2025-07-19_08:47:34,9468.0,12136.0,46523.0,13969.0,16276.0,43770.0
2025-07-19_08:47:34,9720.0,12136.0,46523.0,14155.0,16276.0,43770.0
2025-07-19_08:47:35,9658.0,12136.0,46523.0,14108.0,16276.0,43770.0
2025-07-19_08:47:35,10111.0,12136.0,46523.0,14235.0,16276.0,43770.0
2025-07-19_08:47:35,9663.0,12136.0,46523.0,14088.0,16276.0,43770.0
2025-07-19_08:47:35,9670.0,12136.0,46523.0,14025.0,16276.0,43770.0
2025-07-19_08:47:36,,,,13100.0,16276.0,43770.0
2025-07-19_08:47:39,2778.0,12136.0,46523.0,12165.0,16276.0,43770.0
2025-07-19_08:47:40,9594.0,12136.0,46523.0,14012.0,16276.0,43770.0
2025-07-19_08:47:40,9414.0,12136.0,46523.0,13937.0,16276.0,43770.0
2025-07-19_08:47:40,,,,,,
2025-07-19_08:47:44,6965.0,12136.0,46523.0,3793.0,16276.0,43770.0
2025-07-19_08:47:44,9685.0,12136.0,46523.0,13969.0,16276.0,43770.0
2025-07-19_08:47:44,,,,14137.0,16276.0,43770.0
2025-07-19_08:47:48,3302.0,12136.0,46523.0,12193.0,16276.0,43770.0
2025-07-19_08:47:48,9629.0,12136.0,46523.0,14068.0,16276.0,43770.0
2025-07-19_08:47:48,8581.0,12136.0,46523.0,14082.0,16276.0,43770.0
2025-07-19_08:47:49,10348.0,12136.0,46523.0,14401.0,16276.0,43770.0
2025-07-19_08:47:49,9658.0,12136.0,46523.0,14178.0,16276.0,43770.0
2025-07-19_08:47:49,9666.0,12136.0,46523.0,13931.0,16276.0,43770.0
2025-07-19_08:47:49,9674.0,12136.0,46523.0,13913.0,16276.0,43770.0
2025-07-19_08:47:50,9648.0,12136.0,46523.0,14097.0,16276.0,43770.0
2025-07-19_08:47:50,8926.0,12136.0,46527.0,14004.0,16276.0,43770.0
2025-07-19_08:47:50,9648.0,12136.0,46527.0,14278.0,16276.0,43770.0
2025-07-19_08:47:50,9741.0,12136.0,46527.0,13879.0,16276.0,43770.0
2025-07-19_08:47:50,,,,13620.0,16276.0,43770.0
2025-07-19_08:47:54,3319.0,12136.0,46527.0,12191.0,16276.0,43770.0
2025-07-19_08:47:54,9874.0,12136.0,46527.0,14299.0,16276.0,43770.0
2025-07-19_08:47:55,8571.0,12136.0,46527.0,13979.0,16276.0,43770.0
2025-07-19_08:47:55,9645.0,12136.0,46527.0,14320.0,16276.0,43770.0
2025-07-19_08:47:55,9900.0,12136.0,46527.0,14428.0,16276.0,43770.0
2025-07-19_08:47:55,10147.0,12136.0,46527.0,14406.0,16276.0,43770.0
2025-07-19_08:47:55,9881.0,12136.0,46527.0,14313.0,16276.0,43770.0
2025-07-19_08:47:56,10124.0,12136.0,46527.0,14369.0,16276.0,43770.0
2025-07-19_08:47:56,,,,13929.0,16276.0,43770.0
2025-07-19_08:48:00,3302.0,12136.0,46527.0,12180.0,16276.0,43770.0
2025-07-19_08:48:00,9653.0,12136.0,46527.0,14216.0,16276.0,43770.0
2025-07-19_08:48:00,,,,13865.0,16276.0,43770.0
2025-07-19_08:48:04,3375.0,12136.0,46527.0,12188.0,16276.0,43770.0
2025-07-19_08:48:04,9600.0,12136.0,46527.0,14208.0,16276.0,43770.0
2025-07-19_08:48:04,9457.0,12136.0,46527.0,13964.0,16276.0,43770.0
2025-07-19_08:48:04,9982.0,12136.0,46527.0,14391.0,16276.0,43770.0
2025-07-19_08:48:05,10125.0,12136.0,46527.0,14553.0,16276.0,43770.0
2025-07-19_08:48:05,9666.0,12136.0,46527.0,13974.0,16276.0,43770.0
2025-07-19_08:48:05,,,,13906.0,16276.0,43770.0
2025-07-19_08:48:09,3375.0,12136.0,46527.0,12194.0,16276.0,43770.0
2025-07-19_08:48:09,9751.0,12136.0,46527.0,13852.0,16276.0,43770.0
2025-07-19_08:48:09,,,,14102.0,16276.0,43770.0
2025-07-19_08:48:13,3360.0,12136.0,46527.0,12162.0,16276.0,43770.0
2025-07-19_08:48:13,,,,13933.0,16276.0,43770.0
2025-07-19_08:48:17,3319.0,12136.0,46527.0,12183.0,16276.0,43770.0
2025-07-19_08:48:17,9591.0,12136.0,46527.0,14184.0,16276.0,43770.0
2025-07-19_08:48:17,9557.0,12136.0,46527.0,13983.0,16276.0,43770.0
2025-07-19_08:48:17,9679.0,12136.0,46527.0,13986.0,16276.0,43770.0
2025-07-19_08:48:18,9665.0,12136.0,46527.0,13973.0,16276.0,43770.0
2025-07-19_08:48:18,9684.0,12136.0,46527.0,14186.0,16276.0,43770.0
2025-07-19_08:48:18,9326.0,12136.0,46527.0,13858.0,16276.0,43770.0
2025-07-19_08:48:18,,,,,,
2025-07-19_08:48:22,6957.0,12136.0,46527.0,3794.0,16276.0,43770.0
2025-07-19_08:48:22,9650.0,12136.0,46527.0,14392.0,16276.0,43770.0
2025-07-19_08:48:23,,,,,,
2025-07-19_08:48:26,6969.0,12136.0,46527.0,3793.0,16276.0,43770.0
2025-07-19_08:48:27,9909.0,12136.0,46527.0,14084.0,16276.0,43770.0
2025-07-19_08:48:27,9789.0,12136.0,46527.0,14222.0,16276.0,43770.0
2025-07-19_08:48:27,9626.0,12136.0,46527.0,14072.0,16276.0,43770.0
2025-07-19_08:48:27,,,,,,
2025-07-19_08:48:31,6964.0,12136.0,46527.0,3792.0,16276.0,43770.0
2025-07-19_08:48:31,,,,14049.0,16276.0,43770.0
2025-07-19_08:48:35,,,,,,
2025-07-19_08:48:39,6968.0,12136.0,46527.0,3793.0,16276.0,43770.0
2025-07-19_08:48:39,9694.0,12136.0,46527.0,14171.0,16276.0,43770.0
2025-07-19_08:48:39,,,,13928.0,16276.0,43770.0
2025-07-19_08:48:43,3321.0,12136.0,46527.0,12142.0,16276.0,43770.0
2025-07-19_08:48:43,9982.0,12136.0,46527.0,13901.0,16276.0,43770.0
2025-07-19_08:48:43,,,,14242.0,16276.0,43770.0
2025-07-19_08:48:47,3375.0,12136.0,46527.0,12194.0,16276.0,43770.0
2025-07-19_08:48:47,10035.0,12136.0,46527.0,14494.0,16276.0,43770.0
2025-07-19_08:48:48,9802.0,12136.0,46527.0,14031.0,16276.0,43770.0
2025-07-19_08:48:48,9515.0,12136.0,46527.0,14109.0,16276.0,43770.0
2025-07-19_08:48:48,9822.0,12136.0,46527.0,14374.0,16276.0,43770.0
2025-07-19_08:48:48,,,,14161.0,16276.0,43770.0
2025-07-19_08:48:52,3358.0,12136.0,46527.0,12161.0,16276.0,43770.0
2025-07-19_08:48:52,,,,,,
2025-07-19_08:48:56,6956.0,12136.0,46527.0,3792.0,16276.0,43770.0
2025-07-19_08:48:56,9206.0,12136.0,46527.0,14397.0,16276.0,43770.0
2025-07-19_08:48:57,9635.0,12136.0,46527.0,14105.0,16276.0,43770.0
2025-07-19_08:48:57,9418.0,12136.0,46527.0,13940.0,16276.0,43770.0
2025-07-19_08:48:57,9681.0,12136.0,46527.0,13731.0,16276.0,43770.0
2025-07-19_08:48:57,,,,14307.0,16276.0,43771.0
2025-07-19_08:49:01,2778.0,12136.0,46527.0,12189.0,16276.0,43771.0
2025-07-19_08:49:01,10015.0,12136.0,46527.0,13928.0,16276.0,43771.0
2025-07-19_08:49:02,9506.0,12136.0,46527.0,14148.0,16276.0,43771.0
2025-07-19_08:49:02,,,,14075.0,16276.0,43771.0
2025-07-19_08:49:05,3319.0,12136.0,46527.0,12186.0,16276.0,43771.0
2025-07-19_08:49:06,,,,,,
2025-07-19_08:49:09,6968.0,12136.0,46527.0,3793.0,16276.0,43771.0
2025-07-19_08:49:10,,,,13784.0,16276.0,43771.0
2025-07-19_08:49:13,3302.0,12136.0,46527.0,12173.0,16276.0,43771.0
2025-07-19_08:49:14,,,,14066.0,16276.0,43771.0
2025-07-19_08:49:17,3319.0,12136.0,46527.0,12198.0,16276.0,43771.0
2025-07-19_08:49:17,9820.0,12136.0,46527.0,14032.0,16276.0,43771.0
2025-07-19_08:49:18,,,,13776.0,16276.0,43771.0
2025-07-19_08:49:21,3319.0,12136.0,46527.0,12187.0,16276.0,43771.0
2025-07-19_08:49:22,10173.0,12136.0,46527.0,14112.0,16276.0,43771.0
2025-07-19_08:49:22,9661.0,12136.0,46527.0,14296.0,16276.0,43771.0
2025-07-19_08:49:22,9574.0,12136.0,46527.0,14058.0,16276.0,43771.0
2025-07-19_08:49:22,9671.0,12136.0,46527.0,14174.0,16276.0,43771.0
2025-07-19_08:49:23,9957.0,12136.0,46527.0,14350.0,16276.0,43771.0
2025-07-19_08:49:23,9553.0,12136.0,46527.0,14170.0,16276.0,43771.0
2025-07-19_08:49:23,9676.0,12136.0,46527.0,13974.0,16276.0,43771.0
2025-07-19_08:49:23,,,,,,
2025-07-19_08:49:27,6961.0,12136.0,46527.0,3787.0,16276.0,43771.0
2025-07-19_08:49:27,10164.0,12136.0,46527.0,14674.0,16276.0,43771.0
2025-07-19_08:49:27,9961.0,12136.0,46527.0,14444.0,16276.0,43772.0
2025-07-19_08:49:28,8721.0,12136.0,46527.0,14223.0,16276.0,43772.0
2025-07-19_08:49:28,9531.0,12136.0,46527.0,14169.0,16276.0,43772.0
2025-07-19_08:49:28,,,,,,
2025-07-19_08:49:33,2778.0,12136.0,46527.0,3776.0,16276.0,43772.0
2025-07-19_08:49:33,10237.0,12136.0,46527.0,14326.0,16276.0,43772.0
2025-07-19_08:49:33,9478.0,12136.0,46527.0,13975.0,16276.0,43772.0
2025-07-19_08:49:33,9672.0,12136.0,46527.0,14172.0,16276.0,43772.0
2025-07-19_08:49:34,9942.0,12136.0,46527.0,14318.0,16276.0,43772.0
2025-07-19_08:49:34,10124.0,12136.0,46527.0,14272.0,16276.0,43772.0
2025-07-19_08:49:34,9677.0,12136.0,46527.0,14168.0,16276.0,43772.0
2025-07-19_08:49:34,9669.0,12136.0,46527.0,13961.0,16276.0,43772.0
2025-07-19_08:49:34,8654.0,12136.0,46527.0,14356.0,16276.0,43772.0
2025-07-19_08:49:35,9599.0,12136.0,46527.0,14024.0,16276.0,43772.0
2025-07-19_08:49:35,,,,,,
2025-07-19_08:49:39,6965.0,12136.0,46527.0,3792.0,16276.0,43772.0
2025-07-19_08:49:39,10074.0,12136.0,46527.0,14382.0,16276.0,43772.0
2025-07-19_08:49:39,9653.0,12136.0,46527.0,14096.0,16276.0,43772.0
2025-07-19_08:49:39,9668.0,12136.0,46527.0,13974.0,16276.0,43772.0
2025-07-19_08:49:40,9669.0,12136.0,46527.0,13979.0,16276.0,43772.0
2025-07-19_08:49:40,9754.0,12136.0,46527.0,14333.0,16276.0,43772.0
2025-07-19_08:49:40,9340.0,12136.0,46527.0,13929.0,16276.0,43772.0
2025-07-19_08:49:40,9807.0,12136.0,46527.0,14035.0,16276.0,43772.0
2025-07-19_08:49:41,9673.0,12136.0,46527.0,14083.0,16276.0,43772.0
2025-07-19_08:49:41,,,,13614.0,16276.0,43772.0
2025-07-19_08:49:44,3375.0,12136.0,46527.0,12188.0,16276.0,43772.0
2025-07-19_08:49:45,9559.0,12136.0,46527.0,14211.0,16276.0,43772.0
2025-07-19_08:49:45,9663.0,12136.0,46527.0,14113.0,16276.0,43772.0
2025-07-19_08:49:45,10069.0,12136.0,46527.0,14363.0,16276.0,43772.0
2025-07-19_08:49:45,9680.0,12136.0,46527.0,13987.0,16276.0,43772.0
2025-07-19_08:49:46,9266.0,12136.0,46527.0,13937.0,16276.0,43772.0
2025-07-19_08:49:46,9678.0,12136.0,46527.0,14169.0,16276.0,43772.0
2025-07-19_08:49:46,9668.0,12136.0,46527.0,14164.0,16276.0,43772.0
2025-07-19_08:49:46,9523.0,12136.0,46527.0,13979.0,16276.0,43772.0
2025-07-19_08:49:46,9877.0,12136.0,46527.0,14212.0,16276.0,43772.0
2025-07-19_08:49:47,9729.0,12136.0,46527.0,13918.0,16276.0,43772.0
2025-07-19_08:49:47,9631.0,12136.0,46527.0,14136.0,16276.0,43772.0
2025-07-19_08:49:47,9669.0,12136.0,46527.0,14209.0,16276.0,43772.0
2025-07-19_08:49:47,9561.0,12136.0,46527.0,13969.0,16276.0,43772.0
2025-07-19_08:49:47,10160.0,12136.0,46527.0,14138.0,16276.0,43772.0
2025-07-19_08:49:48,9585.0,12136.0,46527.0,14181.0,16276.0,43772.0
2025-07-19_08:49:48,9249.0,12136.0,46527.0,14042.0,16276.0,43772.0
2025-07-19_08:49:48,9646.0,12136.0,46527.0,14102.0,16276.0,43772.0
2025-07-19_08:49:48,9669.0,12136.0,46527.0,14403.0,16276.0,43772.0
2025-07-19_08:49:49,,,,,,
2025-07-19_08:49:52,6968.0,12136.0,46527.0,3793.0,16276.0,43772.0
2025-07-19_08:49:53,9797.0,12136.0,46527.0,14216.0,16276.0,43772.0
2025-07-19_08:49:53,9673.0,12136.0,46527.0,13975.0,16276.0,43772.0
2025-07-19_08:49:53,9807.0,12136.0,46527.0,14038.0,16276.0,43772.0
2025-07-19_08:49:53,10205.0,12136.0,46527.0,14634.0,16276.0,43772.0
2025-07-19_08:49:54,,,,,,
2025-07-19_08:49:57,6967.0,12136.0,46527.0,3793.0,16276.0,43772.0
2025-07-19_08:49:58,9682.0,12136.0,46527.0,14460.0,16276.0,43773.0
2025-07-19_08:49:58,9652.0,12136.0,46527.0,14282.0,16276.0,43773.0
2025-07-19_08:49:58,,,,,,
2025-07-19_08:50:02,6965.0,12136.0,46527.0,3787.0,16276.0,43773.0
2025-07-19_08:50:02,10081.0,12136.0,46527.0,14328.0,16276.0,43773.0
2025-07-19_08:50:02,9686.0,12136.0,46527.0,14039.0,16276.0,43773.0
2025-07-19_08:50:02,8555.0,12136.0,46527.0,14252.0,16276.0,43773.0
2025-07-19_08:50:03,9430.0,12136.0,46527.0,14114.0,16276.0,43773.0
2025-07-19_08:50:03,9764.0,12136.0,46527.0,14306.0,16276.0,43773.0
2025-07-19_08:50:03,10075.0,12136.0,46527.0,14513.0,16276.0,43773.0
2025-07-19_08:50:03,9510.0,12136.0,46527.0,14292.0,16276.0,43773.0
2025-07-19_08:50:04,,,,14046.0,16276.0,43773.0
2025-07-19_08:50:07,3319.0,12136.0,46527.0,12191.0,16276.0,43773.0
2025-07-19_08:50:08,10249.0,12136.0,46528.0,14565.0,16276.0,43773.0
2025-07-19_08:50:08,9665.0,12136.0,46528.0,14163.0,16276.0,43773.0
2025-07-19_08:50:08,9610.0,12136.0,46528.0,14034.0,16276.0,43773.0
2025-07-19_08:50:08,10010.0,12136.0,46528.0,14317.0,16276.0,43773.0
2025-07-19_08:50:08,9670.0,12136.0,46528.0,14171.0,16276.0,43773.0
2025-07-19_08:50:09,,,,,,
2025-07-19_08:50:13,6965.0,12136.0,46528.0,3792.0,16276.0,43773.0
2025-07-19_08:50:13,10112.0,12136.0,46528.0,14542.0,16276.0,43773.0
2025-07-19_08:50:13,10221.0,12136.0,46528.0,14417.0,16276.0,43787.0
2025-07-19_08:50:13,9667.0,12136.0,46528.0,13972.0,16276.0,43787.0
2025-07-19_08:50:13,9775.0,12136.0,46528.0,14146.0,16276.0,43787.0
2025-07-19_08:50:14,,,,,,
2025-07-19_08:50:17,6963.0,12136.0,46528.0,3787.0,16276.0,43787.0
2025-07-19_08:50:18,,,,14392.0,16276.0,43787.0
2025-07-19_08:50:21,3358.0,12136.0,46528.0,12159.0,16276.0,43787.0
2025-07-19_08:50:22,9801.0,12136.0,46528.0,14223.0,16276.0,43787.0
2025-07-19_08:50:22,9931.0,12136.0,46528.0,14385.0,16276.0,43787.0
2025-07-19_08:50:22,9670.0,12136.0,46528.0,14110.0,16276.0,43787.0
2025-07-19_08:50:22,9680.0,12136.0,46528.0,13976.0,16276.0,43787.0
2025-07-19_08:50:22,8549.0,12136.0,46528.0,14234.0,16276.0,43787.0
2025-07-19_08:50:23,,,,,,
2025-07-19_08:50:27,6971.0,12136.0,46528.0,3792.0,16276.0,43787.0
2025-07-19_08:50:27,9803.0,12136.0,46528.0,14167.0,16276.0,43787.0
2025-07-19_08:50:27,,,,,,
2025-07-19_08:50:31,6965.0,12136.0,46528.0,3792.0,16276.0,43787.0
2025-07-19_08:50:31,,,,,,
2025-07-19_08:50:35,6968.0,12136.0,46528.0,3792.0,16276.0,43787.0
2025-07-19_08:50:35,9239.0,12136.0,46528.0,13934.0,16276.0,43787.0
2025-07-19_08:50:35,,,,,,
2025-07-19_08:50:39,6956.0,12136.0,46528.0,3792.0,16276.0,43787.0
2025-07-19_08:50:39,,,,,,
2025-07-19_08:50:43,6967.0,12136.0,46528.0,3792.0,16276.0,43787.0
2025-07-19_08:50:43,10193.0,12136.0,46528.0,14179.0,16276.0,43787.0
2025-07-19_08:50:44,,,,,,
2025-07-19_08:50:48,3356.0,12136.0,46528.0,4595.0,16276.0,43787.0
2025-07-19_08:50:48,9728.0,12136.0,46528.0,13782.0,16276.0,43787.0
2025-07-19_08:50:48,9917.0,12136.0,46528.0,14244.0,16276.0,43787.0
2025-07-19_08:50:49,9250.0,12136.0,46528.0,14115.0,16276.0,43787.0
2025-07-19_08:50:49,9736.0,12136.0,46528.0,14232.0,16276.0,43787.0
2025-07-19_08:50:49,9692.0,12136.0,46528.0,14169.0,16276.0,43787.0
2025-07-19_08:50:49,,,,13859.0,16276.0,43787.0
2025-07-19_08:50:53,3375.0,12136.0,46528.0,12186.0,16276.0,43787.0
2025-07-19_08:50:53,9567.0,12136.0,46528.0,14031.0,16276.0,43787.0
2025-07-19_08:50:53,,,,14021.0,16276.0,43787.0
2025-07-19_08:50:57,3302.0,12136.0,46528.0,12189.0,16276.0,43787.0
2025-07-19_08:50:57,,,,13979.0,16276.0,43787.0
2025-07-19_08:51:01,,,,,,
2025-07-19_08:51:05,6972.0,12136.0,46528.0,3792.0,16276.0,43787.0
2025-07-19_08:51:05,,,,14103.0,16276.0,43787.0
2025-07-19_08:51:09,3319.0,12136.0,46528.0,12193.0,16276.0,43787.0
2025-07-19_08:51:09,,,,,,
2025-07-19_08:51:13,6965.0,12136.0,46528.0,3793.0,16276.0,43787.0
2025-07-19_08:51:13,9670.0,12136.0,46528.0,13975.0,16276.0,43787.0
2025-07-19_08:51:13,,,,,,
2025-07-19_08:51:17,6953.0,12136.0,46528.0,3792.0,16276.0,43787.0
2025-07-19_08:51:17,9685.0,12136.0,46528.0,14349.0,16276.0,43787.0
2025-07-19_08:51:17,9411.0,12136.0,46528.0,13931.0,16276.0,43787.0
2025-07-19_08:51:18,,,,13792.0,16276.0,43787.0
2025-07-19_08:51:21,3375.0,12136.0,46528.0,12160.0,16276.0,43787.0
2025-07-19_08:51:22,9694.0,12136.0,46528.0,14175.0,16276.0,43787.0
2025-07-19_08:51:22,10024.0,12136.0,46528.0,14230.0,16276.0,43787.0
2025-07-19_08:51:22,9198.0,12136.0,46528.0,14077.0,16276.0,43787.0
2025-07-19_08:51:22,9732.0,12136.0,46528.0,14332.0,16276.0,43787.0
2025-07-19_08:51:23,10062.0,12136.0,46528.0,14352.0,16276.0,43787.0
2025-07-19_08:51:23,9206.0,12136.0,46528.0,13786.0,16276.0,43787.0
2025-07-19_08:51:23,9688.0,12136.0,46528.0,13976.0,16276.0,43787.0
2025-07-19_08:51:23,,,,,,
2025-07-19_08:51:27,6966.0,12136.0,46528.0,3787.0,16276.0,43787.0
2025-07-19_08:51:27,,,,13775.0,16276.0,43787.0
2025-07-19_08:51:31,3319.0,12136.0,46528.0,12191.0,16276.0,43787.0
2025-07-19_08:51:31,9698.0,12136.0,46528.0,14346.0,16276.0,43787.0
2025-07-19_08:51:31,9656.0,12136.0,46528.0,14311.0,16276.0,43787.0
2025-07-19_08:51:32,9663.0,12136.0,46528.0,14139.0,16276.0,43787.0
2025-07-19_08:51:32,9888.0,12136.0,46528.0,14078.0,16276.0,43787.0
2025-07-19_08:51:32,10103.0,12136.0,46528.0,14354.0,16276.0,43787.0
2025-07-19_08:51:32,9673.0,12136.0,46528.0,13980.0,16276.0,43787.0
2025-07-19_08:51:32,9508.0,12136.0,46528.0,14159.0,16276.0,43787.0
2025-07-19_08:51:33,10215.0,12136.0,46528.0,14401.0,16276.0,43787.0
2025-07-19_08:51:33,9669.0,12136.0,46528.0,14294.0,16276.0,43787.0
2025-07-19_08:51:33,,,,14248.0,16276.0,43787.0
2025-07-19_08:51:37,3375.0,12136.0,46528.0,12156.0,16276.0,43787.0
2025-07-19_08:51:37,,,,14045.0,16276.0,43787.0
2025-07-19_08:51:41,3358.0,12136.0,46528.0,12187.0,16276.0,43787.0
2025-07-19_08:51:41,9696.0,12136.0,46528.0,13969.0,16276.0,43787.0
2025-07-19_08:51:41,9243.0,12136.0,46528.0,13953.0,16276.0,43787.0
2025-07-19_08:51:41,,,,,,
2025-07-19_08:51:45,6957.0,12136.0,46528.0,3792.0,16276.0,43787.0
2025-07-19_08:51:45,9847.0,12136.0,46528.0,14143.0,16276.0,43787.0
2025-07-19_08:51:46,9494.0,12136.0,46528.0,14290.0,16276.0,43787.0
2025-07-19_08:51:46,9862.0,12136.0,46528.0,14219.0,16276.0,43787.0
2025-07-19_08:51:46,,,,13712.0,16276.0,43787.0
2025-07-19_08:51:50,,,,,,
2025-07-19_08:51:53,6964.0,12136.0,46528.0,3793.0,16276.0,43787.0
2025-07-19_08:51:54,10181.0,12136.0,46528.0,14130.0,16276.0,43787.0
2025-07-19_08:51:54,9833.0,12136.0,46528.0,14209.0,16276.0,43787.0
2025-07-19_08:51:54,,,,14236.0,16276.0,43787.0
2025-07-19_08:51:58,,,,,,
2025-07-19_08:52:02,6969.0,12136.0,46528.0,3792.0,16276.0,43787.0
2025-07-19_08:52:02,9825.0,12136.0,46528.0,14003.0,16276.0,43787.0
2025-07-19_08:52:02,9674.0,12136.0,46528.0,13971.0,16276.0,43787.0
2025-07-19_08:52:02,9930.0,12136.0,46528.0,14357.0,16276.0,43787.0
2025-07-19_08:52:03,9939.0,12136.0,46528.0,13934.0,16276.0,43787.0
2025-07-19_08:52:03,9669.0,12136.0,46528.0,14103.0,16276.0,43787.0
2025-07-19_08:52:03,9560.0,12136.0,46528.0,13929.0,16276.0,43787.0
2025-07-19_08:52:03,10051.0,12136.0,46528.0,14452.0,16276.0,43787.0
2025-07-19_08:52:03,8524.0,12136.0,46528.0,13930.0,16276.0,43787.0
2025-07-19_08:52:04,9580.0,12136.0,46528.0,14205.0,16276.0,43787.0
2025-07-19_08:52:04,9687.0,12136.0,46528.0,14177.0,16276.0,43787.0
2025-07-19_08:52:04,9977.0,12136.0,46528.0,14128.0,16276.0,43787.0
2025-07-19_08:52:04,9827.0,12136.0,46528.0,14401.0,16276.0,43787.0
2025-07-19_08:52:05,,,,,,
2025-07-19_08:52:08,6968.0,12136.0,46528.0,3794.0,16276.0,43787.0
2025-07-19_08:52:09,,,,13640.0,16276.0,43787.0
2025-07-19_08:52:12,3358.0,12136.0,46528.0,12184.0,16276.0,43787.0
2025-07-19_08:52:13,9615.0,12136.0,46528.0,14301.0,16276.0,43787.0
2025-07-19_08:52:13,,,,13932.0,16276.0,43787.0
2025-07-19_08:52:16,3375.0,12136.0,46528.0,12188.0,16276.0,43787.0
2025-07-19_08:52:17,8781.0,12136.0,46528.0,14160.0,16276.0,43787.0
2025-07-19_08:52:17,9643.0,12136.0,46528.0,14289.0,16276.0,43787.0
2025-07-19_08:52:17,9787.0,12136.0,46528.0,14119.0,16276.0,43787.0
2025-07-19_08:52:17,,,,13789.0,16276.0,43787.0
2025-07-19_08:52:21,3319.0,12136.0,46528.0,12186.0,16276.0,43787.0
2025-07-19_08:52:21,9800.0,12136.0,46528.0,14034.0,16276.0,43787.0
2025-07-19_08:52:21,9710.0,12136.0,46528.0,14031.0,16276.0,43787.0
2025-07-19_08:52:22,9658.0,12136.0,46528.0,14143.0,16276.0,43787.0
2025-07-19_08:52:22,9670.0,12136.0,46528.0,13975.0,16276.0,43787.0
2025-07-19_08:52:22,9652.0,12136.0,46528.0,14266.0,16276.0,43787.0
2025-07-19_08:52:22,9654.0,12136.0,46528.0,14108.0,16276.0,43787.0
2025-07-19_08:52:23,9679.0,12136.0,46528.0,13975.0,16276.0,43787.0
2025-07-19_08:52:23,9687.0,12136.0,46528.0,14162.0,16276.0,43787.0
2025-07-19_08:52:23,9645.0,12136.0,46528.0,13916.0,16276.0,43787.0
2025-07-19_08:52:23,9814.0,12136.0,46528.0,14265.0,16276.0,43787.0
2025-07-19_08:52:23,,,,,,
2025-07-19_08:52:27,6969.0,12136.0,46528.0,3792.0,16276.0,43787.0
2025-07-19_08:52:27,9665.0,12136.0,46528.0,13952.0,16276.0,43787.0
2025-07-19_08:52:28,,,,13792.0,16276.0,43787.0
2025-07-19_08:52:31,3319.0,12136.0,46528.0,12193.0,16276.0,43787.0
2025-07-19_08:52:32,,,,13976.0,16276.0,43787.0
2025-07-19_08:52:35,3358.0,12136.0,46528.0,12183.0,16276.0,43787.0
2025-07-19_08:52:35,9644.0,12136.0,46528.0,14268.0,16276.0,43787.0
2025-07-19_08:52:36,9797.0,12136.0,46528.0,14027.0,16276.0,43787.0
2025-07-19_08:52:36,9662.0,12136.0,46528.0,14292.0,16276.0,43787.0
2025-07-19_08:52:36,10085.0,12136.0,46528.0,14250.0,16276.0,43787.0
2025-07-19_08:52:36,9679.0,12136.0,46528.0,14178.0,16276.0,43787.0
2025-07-19_08:52:37,9671.0,12136.0,46528.0,14145.0,16276.0,43787.0
2025-07-19_08:52:37,,,,13965.0,16276.0,43787.0
2025-07-19_08:52:41,3358.0,12136.0,46528.0,12192.0,16276.0,43787.0
2025-07-19_08:52:41,9839.0,12136.0,46528.0,14221.0,16276.0,43787.0
2025-07-19_08:52:41,8569.0,12136.0,46528.0,13937.0,16276.0,43787.0
2025-07-19_08:52:41,9747.0,12136.0,46528.0,14232.0,16276.0,43787.0
2025-07-19_08:52:42,9199.0,12136.0,46528.0,13866.0,16276.0,43787.0
2025-07-19_08:52:42,9830.0,12136.0,46528.0,14348.0,16276.0,43787.0
2025-07-19_08:52:42,9581.0,12136.0,46528.0,13986.0,16276.0,43787.0
2025-07-19_08:52:42,10075.0,12136.0,46528.0,14415.0,16276.0,43787.0
2025-07-19_08:52:42,9638.0,12136.0,46528.0,14147.0,16276.0,43787.0
2025-07-19_08:52:43,9819.0,12136.0,46528.0,14244.0,16276.0,43787.0
2025-07-19_08:52:43,,,,,,
2025-07-19_08:52:47,6965.0,12136.0,46528.0,3793.0,16276.0,43787.0
2025-07-19_08:52:47,9679.0,12136.0,46528.0,13985.0,16276.0,43787.0
2025-07-19_08:52:47,10174.0,12136.0,46528.0,14175.0,16276.0,43787.0
2025-07-19_08:52:47,,,,14219.0,16276.0,43787.0
2025-07-19_08:52:51,3358.0,12136.0,46528.0,12190.0,16276.0,43787.0
2025-07-19_08:52:51,9636.0,12136.0,46528.0,14286.0,16276.0,43787.0
2025-07-19_08:52:51,9485.0,12136.0,46528.0,14359.0,16276.0,43787.0
2025-07-19_08:52:52,9796.0,12136.0,46528.0,13991.0,16276.0,43787.0
2025-07-19_08:52:52,,,,,,
2025-07-19_08:52:56,,,,3776.0,16276.0,43787.0
2025-07-19_08:53:00,2778.0,12136.0,46528.0,12187.0,16276.0,43787.0
2025-07-19_08:53:00,9689.0,12136.0,46528.0,13972.0,16276.0,43787.0
2025-07-19_08:53:00,9898.0,12136.0,46528.0,14109.0,16276.0,43787.0
2025-07-19_08:53:00,,,,12055.0,16276.0,43787.0
2025-07-19_08:53:04,2778.0,12136.0,46528.0,12193.0,16276.0,43787.0
2025-07-19_08:53:04,10262.0,12136.0,46528.0,14402.0,16276.0,43787.0
2025-07-19_08:53:05,,,,14049.0,16276.0,43787.0
2025-07-19_08:53:08,3375.0,12136.0,46528.0,12187.0,16276.0,43787.0
2025-07-19_08:53:08,9661.0,12136.0,46528.0,14110.0,16276.0,43787.0
2025-07-19_08:53:09,9414.0,12136.0,46528.0,13915.0,16276.0,43787.0
2025-07-19_08:53:09,,,,,,
2025-07-19_08:53:13,6962.0,12136.0,46528.0,3792.0,16276.0,43787.0
2025-07-19_08:53:13,9845.0,12136.0,46528.0,14235.0,16276.0,43787.0
2025-07-19_08:53:13,9908.0,12136.0,46528.0,14231.0,16276.0,43787.0
2025-07-19_08:53:13,9679.0,12136.0,46528.0,13967.0,16276.0,43787.0
2025-07-19_08:53:14,10031.0,12136.0,46528.0,14326.0,16276.0,43787.0
2025-07-19_08:53:14,9862.0,12136.0,46528.0,13839.0,16276.0,43787.0
2025-07-19_08:53:14,9662.0,12136.0,46528.0,13907.0,16276.0,43787.0
2025-07-19_08:53:14,9647.0,12136.0,46528.0,14097.0,16276.0,43787.0
2025-07-19_08:53:14,9818.0,12136.0,46528.0,14222.0,16276.0,43787.0
2025-07-19_08:53:15,9839.0,12136.0,46528.0,14038.0,16276.0,43787.0
2025-07-19_08:53:15,9839.0,12136.0,46528.0,14035.0,16276.0,43787.0
2025-07-19_08:53:15,9426.0,12136.0,46528.0,13930.0,16276.0,43787.0
2025-07-19_08:53:15,,,,,,
2025-07-19_08:53:19,6963.0,12136.0,46528.0,3793.0,16276.0,43787.0
2025-07-19_08:53:19,9645.0,12136.0,46528.0,14287.0,16276.0,43787.0
2025-07-19_08:53:20,9685.0,12136.0,46528.0,14175.0,16276.0,43787.0
2025-07-19_08:53:20,10193.0,12136.0,46528.0,14316.0,16276.0,43787.0
2025-07-19_08:53:20,,,,14029.0,16276.0,43787.0
2025-07-19_08:53:24,2778.0,12136.0,46528.0,12186.0,16276.0,43787.0
2025-07-19_08:53:24,,,,,,
2025-07-19_08:53:28,6963.0,12136.0,46528.0,3792.0,16276.0,43787.0
2025-07-19_08:53:28,,,,,,
2025-07-19_08:53:32,6964.0,12136.0,46528.0,3793.0,16276.0,43787.0
2025-07-19_08:53:32,9666.0,12136.0,46528.0,14088.0,16276.0,43787.0
2025-07-19_08:53:32,9908.0,12136.0,46528.0,14572.0,16276.0,43787.0
2025-07-19_08:53:33,,,,,,
2025-07-19_08:53:37,6968.0,12136.0,46528.0,3794.0,16276.0,43787.0
2025-07-19_08:53:37,,,,,,
2025-07-19_08:53:41,6965.0,12136.0,46528.0,3787.0,16276.0,43787.0
2025-07-19_08:53:41,,,,13796.0,16276.0,43787.0
2025-07-19_08:53:44,3319.0,12136.0,46528.0,12185.0,16276.0,43787.0
2025-07-19_08:53:45,9672.0,12136.0,46528.0,13978.0,16276.0,43787.0
2025-07-19_08:53:45,9630.0,12136.0,46528.0,13929.0,16276.0,43787.0
2025-07-19_08:53:45,9677.0,12136.0,46528.0,13736.0,16276.0,43787.0
2025-07-19_08:53:45,9176.0,12136.0,46528.0,13980.0,16276.0,43787.0
2025-07-19_08:53:46,10079.0,12136.0,46528.0,14498.0,16276.0,43787.0
2025-07-19_08:53:46,9827.0,12136.0,46528.0,13850.0,16276.0,43787.0
2025-07-19_08:53:46,9646.0,12136.0,46528.0,13974.0,16276.0,43787.0
2025-07-19_08:53:46,10067.0,12136.0,46528.0,14581.0,16276.0,43787.0
2025-07-19_08:53:46,9646.0,12136.0,46528.0,14291.0,16276.0,43787.0
2025-07-19_08:53:47,9841.0,12136.0,46528.0,14228.0,16276.0,43787.0
2025-07-19_08:53:47,10132.0,12136.0,46529.0,14121.0,16276.0,43787.0
2025-07-19_08:53:47,9643.0,12136.0,46529.0,14081.0,16276.0,43787.0
2025-07-19_08:53:47,9676.0,12136.0,46529.0,14173.0,16276.0,43787.0
2025-07-19_08:53:48,9480.0,12136.0,46529.0,13940.0,16276.0,43787.0
2025-07-19_08:53:48,10233.0,12136.0,46529.0,14299.0,16276.0,43787.0
2025-07-19_08:53:48,9638.0,12136.0,46529.0,14560.0,16276.0,43787.0
2025-07-19_08:53:48,9805.0,12136.0,46529.0,14230.0,16276.0,43787.0
2025-07-19_08:53:49,,,,,,
2025-07-19_08:53:52,6969.0,12136.0,46529.0,3792.0,16276.0,43787.0
2025-07-19_08:53:53,9609.0,12136.0,46529.0,14007.0,16276.0,43787.0
2025-07-19_08:53:53,9733.0,12136.0,46529.0,14100.0,16276.0,43787.0
2025-07-19_08:53:53,10258.0,12136.0,46529.0,14297.0,16276.0,43787.0
2025-07-19_08:53:53,,,,14528.0,16276.0,43788.0
2025-07-19_08:53:57,3375.0,12136.0,46529.0,12149.0,16276.0,43788.0
2025-07-19_08:53:57,9650.0,12136.0,46529.0,14313.0,16276.0,43788.0
2025-07-19_08:53:57,9796.0,12136.0,46529.0,14028.0,16276.0,43788.0
2025-07-19_08:53:58,9677.0,12136.0,46529.0,14178.0,16276.0,43788.0
2025-07-19_08:53:58,9785.0,12136.0,46529.0,14097.0,16276.0,43788.0
2025-07-19_08:53:58,9679.0,12136.0,46529.0,14015.0,16276.0,43788.0
2025-07-19_08:53:58,9832.0,12136.0,46529.0,14221.0,16276.0,43788.0
2025-07-19_08:53:59,9685.0,12136.0,46529.0,14170.0,16276.0,43788.0
2025-07-19_08:53:59,10040.0,12136.0,46529.0,14263.0,16276.0,43788.0
2025-07-19_08:53:59,9701.0,12136.0,46529.0,13891.0,16276.0,43788.0
2025-07-19_08:53:59,,,,13942.0,16276.0,43788.0
2025-07-19_08:54:03,3319.0,12136.0,46529.0,12193.0,16276.0,43788.0
2025-07-19_08:54:03,9183.0,12136.0,46529.0,13794.0,16276.0,43788.0
2025-07-19_08:54:03,9672.0,12136.0,46529.0,14170.0,16276.0,43788.0
2025-07-19_08:54:04,9669.0,12136.0,46529.0,13973.0,16276.0,43788.0
2025-07-19_08:54:04,10023.0,12136.0,46529.0,14502.0,16276.0,43788.0
2025-07-19_08:54:04,9670.0,12136.0,46529.0,13791.0,16276.0,43788.0
2025-07-19_08:54:04,9939.0,12136.0,46529.0,14297.0,16276.0,43788.0
2025-07-19_08:54:04,9671.0,12136.0,46529.0,14167.0,16276.0,43788.0
2025-07-19_08:54:05,9800.0,12136.0,46529.0,14043.0,16276.0,43788.0
2025-07-19_08:54:05,9635.0,12136.0,46529.0,14282.0,16276.0,43788.0
2025-07-19_08:54:05,10182.0,12136.0,46529.0,14446.0,16276.0,43788.0
2025-07-19_08:54:05,,,,13976.0,16276.0,43788.0
2025-07-19_08:54:09,3319.0,12136.0,46529.0,12189.0,16276.0,43788.0
2025-07-19_08:54:09,9799.0,12136.0,46529.0,14208.0,16276.0,43788.0
2025-07-19_08:54:10,9464.0,12136.0,46529.0,13930.0,16276.0,43788.0
2025-07-19_08:54:10,9490.0,12136.0,46529.0,14287.0,16276.0,43788.0
2025-07-19_08:54:10,9880.0,12136.0,46529.0,14062.0,16276.0,43788.0
2025-07-19_08:54:10,9670.0,12136.0,46529.0,13977.0,16276.0,43788.0
2025-07-19_08:54:10,9662.0,12136.0,46529.0,14109.0,16276.0,43788.0
2025-07-19_08:54:11,10089.0,12136.0,46529.0,14283.0,16276.0,43788.0
2025-07-19_08:54:11,,,,14163.0,16276.0,43788.0
2025-07-19_08:54:15,3358.0,12136.0,46529.0,12183.0,16276.0,43788.0
2025-07-19_08:54:15,9830.0,12136.0,46529.0,14229.0,16276.0,43788.0
2025-07-19_08:54:15,9714.0,12136.0,46529.0,14036.0,16276.0,43788.0
2025-07-19_08:54:15,9519.0,12136.0,46529.0,13976.0,16276.0,43788.0
2025-07-19_08:54:15,9594.0,12136.0,46529.0,13983.0,16276.0,43788.0
2025-07-19_08:54:16,9683.0,12136.0,46529.0,14174.0,16276.0,43788.0
2025-07-19_08:54:16,,,,,,
2025-07-19_08:54:20,6966.0,12136.0,46529.0,3786.0,16276.0,43788.0
2025-07-19_08:54:20,9797.0,12136.0,46529.0,14031.0,16276.0,43788.0
2025-07-19_08:54:20,,,,14103.0,16276.0,43788.0
2025-07-19_08:54:24,2778.0,12136.0,46529.0,12168.0,16276.0,43788.0
2025-07-19_08:54:24,9827.0,12136.0,46529.0,14021.0,16276.0,43788.0
2025-07-19_08:54:24,10287.0,12136.0,46529.0,14362.0,16276.0,43788.0
2025-07-19_08:54:25,8340.0,12136.0,46529.0,13924.0,16276.0,43788.0
2025-07-19_08:54:25,9670.0,12136.0,46529.0,14167.0,16276.0,43788.0
2025-07-19_08:54:25,9656.0,12136.0,46529.0,14171.0,16276.0,43788.0
2025-07-19_08:54:25,,,,,,
2025-07-19_08:54:29,6954.0,12136.0,46529.0,3793.0,16276.0,43788.0
2025-07-19_08:54:29,9677.0,12136.0,46529.0,14184.0,16276.0,43788.0
2025-07-19_08:54:30,9769.0,12136.0,46529.0,13899.0,16276.0,43788.0
2025-07-19_08:54:30,9656.0,12136.0,46529.0,14130.0,16276.0,43788.0
2025-07-19_08:54:30,9177.0,12136.0,46529.0,13782.0,16276.0,43788.0
2025-07-19_08:54:30,,,,,,
2025-07-19_08:54:34,6969.0,12136.0,46529.0,3793.0,16276.0,43788.0
2025-07-19_08:54:34,9670.0,12136.0,46529.0,13980.0,16276.0,43788.0
2025-07-19_08:54:34,9641.0,12136.0,46529.0,13939.0,16276.0,43788.0
2025-07-19_08:54:35,9669.0,12136.0,46529.0,13979.0,16276.0,43788.0
2025-07-19_08:54:35,9927.0,12136.0,46529.0,14165.0,16276.0,43788.0
2025-07-19_08:54:35,10219.0,12136.0,46529.0,14290.0,16276.0,43788.0
2025-07-19_08:54:35,9432.0,12136.0,46529.0,13976.0,16276.0,43788.0
2025-07-19_08:54:35,9668.0,12136.0,46529.0,14163.0,16276.0,43788.0
2025-07-19_08:54:36,9740.0,12136.0,46529.0,14199.0,16276.0,43788.0
2025-07-19_08:54:36,,,,14239.0,16276.0,43788.0
2025-07-19_08:54:40,3358.0,12136.0,46529.0,12201.0,16276.0,43788.0
2025-07-19_08:54:40,9711.0,12136.0,46529.0,14246.0,16276.0,43788.0
2025-07-19_08:54:40,10033.0,12136.0,46529.0,14298.0,16276.0,43788.0
2025-07-19_08:54:40,,,,12059.0,16276.0,43788.0
2025-07-19_08:54:44,2778.0,12136.0,46529.0,12193.0,16276.0,43788.0
2025-07-19_08:54:44,9694.0,12136.0,46529.0,13975.0,16276.0,43788.0
2025-07-19_08:54:45,9680.0,12136.0,46529.0,14000.0,16276.0,43788.0
2025-07-19_08:54:45,,,,,,
2025-07-19_08:54:49,6964.0,12136.0,46529.0,3792.0,16276.0,43788.0
2025-07-19_08:54:49,9775.0,12136.0,46529.0,14252.0,16276.0,43788.0
2025-07-19_08:54:49,9829.0,12136.0,46529.0,13856.0,16276.0,43788.0
2025-07-19_08:54:49,9929.0,12136.0,46529.0,14369.0,16276.0,43788.0
2025-07-19_08:54:50,9840.0,12136.0,46529.0,14220.0,16276.0,43788.0
2025-07-19_08:54:50,9680.0,12136.0,46529.0,14011.0,16276.0,43788.0
2025-07-19_08:54:50,,,,13963.0,16276.0,43788.0
2025-07-19_08:54:54,3358.0,12136.0,46529.0,12203.0,16276.0,43788.0
2025-07-19_08:54:54,9673.0,12136.0,46529.0,13972.0,16276.0,43788.0
2025-07-19_08:54:54,9675.0,12136.0,46529.0,14000.0,16276.0,43788.0
2025-07-19_08:54:54,,,,,,
2025-07-19_08:54:58,6971.0,12136.0,46529.0,3793.0,16276.0,43788.0
2025-07-19_08:54:58,,,,,,
2025-07-19_08:55:02,6965.0,12136.0,46529.0,3793.0,16276.0,43788.0
2025-07-19_08:55:02,10058.0,12136.0,46529.0,14346.0,16276.0,43788.0
2025-07-19_08:55:03,9686.0,12136.0,46529.0,13996.0,16276.0,43788.0
2025-07-19_08:55:03,,,,13792.0,16276.0,43788.0
2025-07-19_08:55:06,3358.0,12136.0,46529.0,12195.0,16276.0,43788.0
2025-07-19_08:55:07,9894.0,12136.0,46529.0,14472.0,16276.0,43788.0
2025-07-19_08:55:07,9774.0,12136.0,46529.0,14054.0,16276.0,43788.0
2025-07-19_08:55:07,9646.0,12136.0,46529.0,14091.0,16276.0,43788.0
2025-07-19_08:55:07,9648.0,12136.0,46529.0,13972.0,16276.0,43788.0
2025-07-19_08:55:08,9673.0,12136.0,46529.0,13981.0,16276.0,43788.0
2025-07-19_08:55:08,9670.0,12136.0,46529.0,14170.0,16276.0,43788.0
2025-07-19_08:55:08,9676.0,12136.0,46529.0,14185.0,16276.0,43788.0
2025-07-19_08:55:08,9683.0,12136.0,46529.0,13738.0,16276.0,43788.0
2025-07-19_08:55:08,9672.0,12136.0,46529.0,13930.0,16276.0,43788.0
2025-07-19_08:55:09,9794.0,12136.0,46529.0,14228.0,16276.0,43788.0
2025-07-19_08:55:09,9541.0,12136.0,46529.0,13967.0,16276.0,43788.0
2025-07-19_08:55:09,9682.0,12136.0,46529.0,14138.0,16276.0,43788.0
2025-07-19_08:55:09,9943.0,12136.0,46529.0,14157.0,16276.0,43788.0
2025-07-19_08:55:10,9725.0,12136.0,46529.0,14116.0,16276.0,43788.0
2025-07-19_08:55:10,,,,,,
2025-07-19_08:55:14,6968.0,12136.0,46529.0,3792.0,16276.0,43788.0
2025-07-19_08:55:14,9631.0,12136.0,46529.0,14237.0,16276.0,43788.0
2025-07-19_08:55:14,11124.0,12642.0,47069.0,15358.0,16276.0,43792.0
2025-07-19_08:55:14,9674.0,12642.0,47069.0,14194.0,16276.0,43792.0
2025-07-19_08:55:15,9656.0,12642.0,47069.0,14295.0,16276.0,43792.0
2025-07-19_08:55:15,9674.0,12642.0,47069.0,14173.0,16276.0,43792.0
2025-07-19_08:55:15,9686.0,12642.0,47069.0,13980.0,16276.0,43792.0
2025-07-19_08:55:15,9828.0,12642.0,47069.0,14223.0,16276.0,43792.0
2025-07-19_08:55:15,9922.0,12642.0,47069.0,14130.0,16276.0,43792.0
2025-07-19_08:55:16,9672.0,12642.0,47069.0,14165.0,16276.0,43792.0
2025-07-19_08:55:16,9340.0,12642.0,47069.0,13971.0,16276.0,43792.0
2025-07-19_08:55:16,,,,,,
2025-07-19_08:55:20,6969.0,12642.0,47069.0,3793.0,16276.0,43792.0
2025-07-19_08:55:20,9966.0,12642.0,47069.0,14375.0,16276.0,43792.0
2025-07-19_08:55:20,9731.0,12642.0,47069.0,14059.0,16276.0,43792.0
2025-07-19_08:55:21,9909.0,12642.0,47069.0,14256.0,16276.0,43792.0
2025-07-19_08:55:21,9690.0,12642.0,47069.0,14282.0,16276.0,43792.0
2025-07-19_08:55:21,,,,,,
2025-07-19_08:55:25,6964.0,12642.0,47069.0,3787.0,16276.0,43792.0
2025-07-19_08:55:25,9905.0,12642.0,47069.0,14275.0,16276.0,43792.0
2025-07-19_08:55:25,10105.0,12642.0,47069.0,14255.0,16276.0,43792.0
2025-07-19_08:55:26,9627.0,12642.0,47069.0,14274.0,16276.0,43792.0
2025-07-19_08:55:26,9686.0,12642.0,47069.0,14181.0,16276.0,43792.0
2025-07-19_08:55:26,9821.0,12642.0,47069.0,14220.0,16276.0,43792.0
2025-07-19_08:55:26,9671.0,12642.0,47069.0,14172.0,16276.0,43792.0
2025-07-19_08:55:27,,,,13064.0,16276.0,43792.0
2025-07-19_08:55:30,2778.0,12642.0,47069.0,12184.0,16276.0,43792.0
2025-07-19_08:55:31,,,,,,
2025-07-19_08:55:34,6964.0,12642.0,47069.0,3792.0,16276.0,43792.0
2025-07-19_08:55:35,2778.0,12642.0,47069.0,12167.0,16276.0,43792.0
2025-07-19_08:55:36,,,,,,
2025-07-19_08:55:39,6963.0,12642.0,47069.0,3792.0,16276.0,43792.0
2025-07-19_08:55:40,9616.0,12642.0,47069.0,13853.0,16276.0,43792.0
2025-07-19_08:55:40,9669.0,12642.0,47069.0,14156.0,16276.0,43792.0
2025-07-19_08:55:40,9401.0,12642.0,47069.0,13923.0,16276.0,43792.0
2025-07-19_08:55:40,9672.0,12642.0,47069.0,14168.0,16276.0,43792.0
2025-07-19_08:55:40,9872.0,12642.0,47069.0,14353.0,16276.0,43792.0
2025-07-19_08:55:41,9422.0,12642.0,47069.0,13932.0,16276.0,43792.0
2025-07-19_08:55:41,9799.0,12642.0,47069.0,14025.0,16276.0,43792.0
2025-07-19_08:55:41,9681.0,12642.0,47069.0,13790.0,16276.0,43792.0
2025-07-19_08:55:41,9826.0,12642.0,47069.0,14228.0,16276.0,43792.0
2025-07-19_08:55:42,9681.0,12642.0,47069.0,14175.0,16276.0,43792.0
2025-07-19_08:55:42,,,,14255.0,16276.0,43792.0
2025-07-19_08:55:45,3375.0,12642.0,47069.0,12192.0,16276.0,43792.0
2025-07-19_08:55:46,9190.0,12642.0,47069.0,13793.0,16276.0,43792.0
2025-07-19_08:55:46,9668.0,12642.0,47069.0,13979.0,16276.0,43792.0
2025-07-19_08:55:46,9713.0,12642.0,47069.0,14245.0,16276.0,43792.0
2025-07-19_08:55:46,10079.0,12642.0,47069.0,14310.0,16276.0,43792.0
2025-07-19_08:55:47,9672.0,12642.0,47069.0,13963.0,16276.0,43792.0
