2025-07-18_19:00:25,3385.0,3385.0,3385.0,4625.0,4625.0,4625.0
2025-07-18_19:00:25,,,,,,
2025-07-18_19:00:30,2778.0,3418.0,4060.0,3776.0,4629.0,5277.0
2025-07-18_19:00:30,8667.0,8775.0,10701.0,14116.0,14252.0,16552.0
2025-07-18_19:00:30,9686.0,10172.0,15832.0,14171.0,14448.0,19850.0
2025-07-18_19:00:30,9727.0,10281.0,19487.0,14081.0,14496.0,23158.0
2025-07-18_19:00:30,10181.0,10450.0,21359.0,14135.0,14523.0,24322.0
2025-07-18_19:00:31,,,,13973.0,14523.0,25201.0
2025-07-18_19:00:35,2778.0,10450.0,21359.0,12193.0,14638.0,26878.0
2025-07-18_19:00:35,9327.0,10460.0,22262.0,14003.0,14638.0,27335.0
2025-07-18_19:00:35,9649.0,10460.0,22646.0,14109.0,14638.0,27634.0
2025-07-18_19:00:35,8032.0,10470.0,23684.0,13083.0,14640.0,27840.0
2025-07-18_19:00:35,9247.0,10470.0,23731.0,13992.0,14640.0,27880.0
2025-07-18_19:00:36,9260.0,10524.0,23923.0,14033.0,14640.0,27977.0
2025-07-18_19:00:36,9191.0,10525.0,24071.0,14021.0,14640.0,28063.0
2025-07-18_19:00:36,9093.0,10534.0,24249.0,14129.0,14640.0,28118.0
2025-07-18_19:00:36,9415.0,10538.0,24349.0,14202.0,14640.0,28287.0
2025-07-18_19:00:37,8553.0,10545.0,24762.0,14049.0,14640.0,28397.0
2025-07-18_19:00:37,9045.0,10545.0,26915.0,13774.0,14640.0,29335.0
2025-07-18_19:00:37,7950.0,10545.0,26963.0,13041.0,14640.0,29356.0
2025-07-18_19:00:37,9856.0,10565.0,27665.0,14217.0,14643.0,29644.0
2025-07-18_19:00:38,9815.0,10567.0,28035.0,14037.0,14643.0,29799.0
2025-07-18_19:00:38,9659.0,10569.0,28058.0,14171.0,14643.0,29799.0
2025-07-18_19:00:38,9699.0,10585.0,28480.0,14319.0,14643.0,29810.0
2025-07-18_19:00:38,,,,14276.0,14686.0,30174.0
2025-07-18_19:00:42,2780.0,10585.0,28480.0,12161.0,14688.0,30184.0
2025-07-18_19:00:42,9837.0,10586.0,29023.0,14262.0,14688.0,30242.0
2025-07-18_19:00:42,9396.0,10588.0,29099.0,14115.0,14688.0,30253.0
2025-07-18_19:00:43,,,,,,
2025-07-18_19:00:46,6968.0,10588.0,29147.0,3795.0,14688.0,30355.0
2025-07-18_19:00:47,9417.0,10588.0,29982.0,14113.0,14688.0,30884.0
2025-07-18_19:00:47,9448.0,10599.0,30033.0,14171.0,14688.0,30891.0
2025-07-18_19:00:47,9807.0,10687.0,30389.0,14006.0,14935.0,31319.0
2025-07-18_19:00:47,,,,14253.0,14935.0,31409.0
2025-07-18_19:00:51,3360.0,10688.0,30399.0,12198.0,14935.0,31517.0
2025-07-18_19:00:51,9798.0,10689.0,30566.0,14060.0,14935.0,31558.0
2025-07-18_19:00:52,9809.0,10690.0,30579.0,14025.0,14935.0,31578.0
2025-07-18_19:00:52,8544.0,10692.0,30618.0,14074.0,14935.0,31604.0
2025-07-18_19:00:52,9612.0,10692.0,30627.0,13979.0,14935.0,31616.0
2025-07-18_19:00:52,9651.0,10692.0,30632.0,14286.0,14935.0,31619.0
2025-07-18_19:00:52,9697.0,10693.0,30675.0,14327.0,14935.0,31682.0
2025-07-18_19:00:53,,,,,,
2025-07-18_19:00:56,6963.0,10693.0,30717.0,3793.0,14935.0,31683.0
2025-07-18_19:00:57,3300.0,10693.0,30759.0,12811.0,14935.0,32244.0
2025-07-18_19:00:58,9986.0,10709.0,30940.0,14206.0,14935.0,32288.0
2025-07-18_19:00:58,8560.0,10711.0,31376.0,14199.0,14935.0,32323.0
2025-07-18_19:00:58,9176.0,10711.0,31380.0,13822.0,14935.0,32340.0
2025-07-18_19:00:58,,,,14103.0,14935.0,32365.0
2025-07-18_19:01:02,3302.0,10711.0,31380.0,12198.0,14935.0,32365.0
2025-07-18_19:01:02,9170.0,10711.0,31384.0,13791.0,14935.0,32391.0
2025-07-18_19:01:02,9682.0,10711.0,31387.0,13961.0,14935.0,32413.0
2025-07-18_19:01:03,8174.0,10713.0,31480.0,12867.0,14935.0,32430.0
2025-07-18_19:01:03,9428.0,10713.0,31485.0,13788.0,14935.0,32448.0
2025-07-18_19:01:03,9874.0,10714.0,31640.0,14046.0,14936.0,32846.0
2025-07-18_19:01:03,,,,13799.0,14936.0,32848.0
2025-07-18_19:01:07,3375.0,10714.0,31761.0,12163.0,14936.0,32857.0
2025-07-18_19:01:07,9674.0,10714.0,31764.0,14171.0,14936.0,32859.0
2025-07-18_19:01:07,9596.0,10715.0,31820.0,13974.0,14936.0,32860.0
2025-07-18_19:01:08,,,,,,
2025-07-18_19:01:12,2778.0,10715.0,31820.0,3776.0,14936.0,32860.0
2025-07-18_19:01:12,9194.0,10715.0,31821.0,13981.0,14936.0,32865.0
2025-07-18_19:01:13,9265.0,10715.0,31823.0,13937.0,14936.0,32876.0
2025-07-18_19:01:13,,,,,,
2025-07-18_19:01:17,2778.0,10715.0,31823.0,3776.0,14936.0,32876.0
2025-07-18_19:01:17,9849.0,10715.0,31920.0,14069.0,14936.0,32927.0
2025-07-18_19:01:18,9736.0,10718.0,31937.0,13928.0,14936.0,32936.0
2025-07-18_19:01:18,8542.0,10718.0,31968.0,14060.0,14936.0,32946.0
2025-07-18_19:01:18,,,,,,
2025-07-18_19:01:22,6966.0,10718.0,31986.0,3793.0,14936.0,33043.0
2025-07-18_19:01:22,9864.0,10718.0,31993.0,14016.0,14936.0,33061.0
2025-07-18_19:01:22,8530.0,10718.0,32020.0,13895.0,14936.0,33062.0
2025-07-18_19:01:23,9882.0,10721.0,32091.0,14228.0,14936.0,33066.0
2025-07-18_19:01:23,,,,14240.0,14936.0,33073.0
2025-07-18_19:01:26,3375.0,10721.0,32091.0,12180.0,14936.0,33073.0
2025-07-18_19:01:27,9262.0,10721.0,32114.0,14106.0,14936.0,33076.0
2025-07-18_19:01:27,9594.0,10721.0,32116.0,13793.0,14936.0,33097.0
2025-07-18_19:01:27,,,,,,
2025-07-18_19:01:31,6970.0,10722.0,32119.0,3787.0,14936.0,33097.0
2025-07-18_19:01:31,,,,13774.0,14936.0,33175.0
2025-07-18_19:01:35,3358.0,10722.0,32119.0,12169.0,14936.0,33183.0
2025-07-18_19:01:35,8716.0,10722.0,32217.0,14197.0,14936.0,33185.0
2025-07-18_19:01:35,,,,13896.0,14936.0,33212.0
2025-07-18_19:01:39,3375.0,10722.0,32217.0,12177.0,14936.0,33219.0
2025-07-18_19:01:39,,,,14128.0,14936.0,33226.0
2025-07-18_19:01:43,3375.0,10722.0,32218.0,12189.0,14936.0,33228.0
2025-07-18_19:01:43,8599.0,10722.0,32233.0,13424.0,14936.0,33244.0
2025-07-18_19:01:43,9567.0,10729.0,32277.0,14256.0,14936.0,33257.0
2025-07-18_19:01:43,8694.0,10729.0,32284.0,14413.0,14936.0,33285.0
2025-07-18_19:01:44,,,,,,
2025-07-18_19:01:48,6970.0,10729.0,32369.0,3792.0,14936.0,33285.0
2025-07-18_19:01:48,9875.0,10735.0,32464.0,14263.0,14936.0,33291.0
2025-07-18_19:01:48,8536.0,10735.0,32482.0,14209.0,14936.0,33302.0
2025-07-18_19:01:48,,,,,,
2025-07-18_19:01:52,6964.0,10735.0,32482.0,3792.0,14936.0,33302.0
2025-07-18_19:01:52,9718.0,10735.0,32491.0,14109.0,14936.0,33358.0
2025-07-18_19:01:52,,,,13909.0,14936.0,33365.0
2025-07-18_19:01:56,2778.0,10735.0,32491.0,12152.0,14936.0,33373.0
2025-07-18_19:01:56,9207.0,10735.0,32496.0,13779.0,14936.0,33383.0
2025-07-18_19:01:57,8629.0,10735.0,32566.0,13977.0,14936.0,33449.0
2025-07-18_19:01:57,,,,14176.0,14936.0,33456.0
2025-07-18_19:02:01,3375.0,10735.0,32566.0,12190.0,14936.0,33457.0
2025-07-18_19:02:01,9682.0,10735.0,32575.0,14165.0,14936.0,33478.0
2025-07-18_19:02:01,9699.0,10735.0,32576.0,14135.0,14936.0,33484.0
2025-07-18_19:02:01,9599.0,10735.0,32577.0,13986.0,14936.0,33486.0
2025-07-18_19:02:02,9965.0,10736.0,32588.0,14346.0,14936.0,33491.0
2025-07-18_19:02:02,8597.0,10736.0,32592.0,14103.0,14945.0,33511.0
2025-07-18_19:02:02,,,,,,
2025-07-18_19:02:06,6971.0,10736.0,32595.0,3786.0,14945.0,33511.0
2025-07-18_19:02:06,9601.0,10736.0,32596.0,14226.0,14945.0,33513.0
2025-07-18_19:02:06,9987.0,10736.0,32615.0,13845.0,14945.0,33521.0
2025-07-18_19:02:07,8500.0,10736.0,32749.0,13900.0,14945.0,33522.0
2025-07-18_19:02:07,,,,,,
2025-07-18_19:02:11,6968.0,10736.0,32749.0,3787.0,14945.0,33522.0
2025-07-18_19:02:11,9860.0,10739.0,32887.0,14268.0,14945.0,33552.0
2025-07-18_19:02:11,9772.0,10739.0,32931.0,14320.0,14945.0,33558.0
2025-07-18_19:02:11,9885.0,10740.0,32981.0,14216.0,14945.0,33559.0
2025-07-18_19:02:12,10138.0,10850.0,33123.0,14584.0,15058.0,33689.0
2025-07-18_19:02:12,9962.0,10850.0,33138.0,14391.0,15058.0,33734.0
2025-07-18_19:02:12,,,,,,
2025-07-18_19:02:16,6964.0,10850.0,33138.0,3793.0,15058.0,33734.0
2025-07-18_19:02:16,7957.0,10850.0,33147.0,12858.0,15058.0,33737.0
2025-07-18_19:02:16,8676.0,10856.0,33234.0,14241.0,15058.0,33783.0
2025-07-18_19:02:16,8128.0,10856.0,33280.0,13079.0,15058.0,33784.0
2025-07-18_19:02:17,9589.0,10856.0,33287.0,14228.0,15058.0,33784.0
2025-07-18_19:02:17,,,,,,
2025-07-18_19:02:21,6969.0,10856.0,33306.0,3793.0,15058.0,33784.0
2025-07-18_19:02:21,9610.0,10856.0,33308.0,13981.0,15058.0,33786.0
2025-07-18_19:02:21,8641.0,10856.0,33398.0,14347.0,15058.0,33793.0
2025-07-18_19:02:21,8705.0,10856.0,33464.0,14208.0,15058.0,33795.0
2025-07-18_19:02:22,,,,,,
2025-07-18_19:02:25,6966.0,10856.0,33464.0,3792.0,15058.0,33795.0
2025-07-18_19:02:26,,,,13365.0,15062.0,33945.0
2025-07-18_19:02:29,2778.0,10856.0,33464.0,12176.0,15062.0,33945.0
2025-07-18_19:02:30,8527.0,10856.0,33478.0,13901.0,15062.0,33947.0
2025-07-18_19:02:30,10360.0,11246.0,33925.0,14591.0,15330.0,34305.0
2025-07-18_19:02:30,8669.0,11246.0,34003.0,14174.0,15330.0,34307.0
2025-07-18_19:02:30,10215.0,11246.0,34243.0,14632.0,15330.0,34311.0
2025-07-18_19:02:31,9579.0,11246.0,34251.0,14181.0,15330.0,34363.0
2025-07-18_19:02:31,,,,,,
2025-07-18_19:02:35,6959.0,11246.0,34252.0,3792.0,15330.0,34363.0
2025-07-18_19:02:35,,,,,,
2025-07-18_19:02:39,6964.0,11246.0,34255.0,3795.0,15330.0,34365.0
2025-07-18_19:02:39,9308.0,11250.0,34263.0,13907.0,15330.0,34373.0
2025-07-18_19:02:39,9957.0,11259.0,34490.0,13983.0,15330.0,34374.0
2025-07-18_19:02:39,8511.0,11259.0,34513.0,13909.0,15330.0,34375.0
2025-07-18_19:02:39,9727.0,11259.0,34527.0,14302.0,15330.0,34380.0
2025-07-18_19:02:40,9483.0,11259.0,34528.0,14103.0,15330.0,34425.0
2025-07-18_19:02:40,9470.0,11259.0,34529.0,14059.0,15330.0,34429.0
2025-07-18_19:02:40,9603.0,11259.0,34529.0,14213.0,15330.0,34431.0
2025-07-18_19:02:40,9659.0,11259.0,34538.0,14099.0,15330.0,34438.0
2025-07-18_19:02:41,,,,13767.0,15330.0,34444.0
2025-07-18_19:02:44,3319.0,11259.0,34538.0,12185.0,15330.0,34446.0
2025-07-18_19:02:44,8558.0,11259.0,34542.0,13804.0,15330.0,34455.0
2025-07-18_19:02:45,9678.0,11259.0,34542.0,13969.0,15330.0,34457.0
2025-07-18_19:02:45,8610.0,11260.0,34569.0,14087.0,15330.0,34486.0
2025-07-18_19:02:45,10237.0,11262.0,34707.0,14214.0,15330.0,34621.0
2025-07-18_19:02:45,,,,14430.0,15330.0,34758.0
2025-07-18_19:02:49,3375.0,11262.0,34707.0,12189.0,15330.0,34763.0
2025-07-18_19:02:49,,,,,,
2025-07-18_19:02:53,6968.0,11262.0,34714.0,3793.0,15330.0,34763.0
2025-07-18_19:02:53,,,,14250.0,15330.0,34763.0
2025-07-18_19:02:57,3375.0,11262.0,34714.0,12186.0,15330.0,34763.0
2025-07-18_19:02:57,8620.0,11262.0,34720.0,14092.0,15330.0,34763.0
2025-07-18_19:02:57,9676.0,11263.0,34726.0,13983.0,15330.0,34768.0
2025-07-18_19:02:58,9605.0,11263.0,34727.0,13983.0,15330.0,34769.0
2025-07-18_19:02:58,9894.0,11263.0,34732.0,14103.0,15330.0,34770.0
2025-07-18_19:02:58,8636.0,11263.0,34743.0,14088.0,15330.0,34778.0
2025-07-18_19:02:58,9159.0,11265.0,34756.0,13779.0,15330.0,34784.0
2025-07-18_19:02:58,10104.0,11268.0,35073.0,14306.0,15330.0,34793.0
2025-07-18_19:02:59,2778.0,11268.0,35073.0,12193.0,15330.0,34796.0
2025-07-18_19:03:00,,,,13989.0,15330.0,34796.0
2025-07-18_19:03:03,3319.0,11268.0,35073.0,12190.0,15330.0,34796.0
2025-07-18_19:03:03,9738.0,11268.0,35075.0,14227.0,15330.0,34805.0
2025-07-18_19:03:04,,,,14187.0,15330.0,34813.0
2025-07-18_19:03:07,3302.0,11268.0,35075.0,12175.0,15330.0,34813.0
2025-07-18_19:03:08,,,,,,
2025-07-18_19:03:12,2778.0,11268.0,35075.0,3776.0,15330.0,34813.0
2025-07-18_19:03:12,9841.0,11270.0,35097.0,14035.0,15330.0,34818.0
2025-07-18_19:03:12,9820.0,11270.0,35112.0,13996.0,15330.0,34818.0
2025-07-18_19:03:13,9973.0,11337.0,35267.0,14089.0,15330.0,34832.0
2025-07-18_19:03:13,,,,14177.0,15330.0,34833.0
2025-07-18_19:03:17,3358.0,11337.0,35267.0,12193.0,15330.0,34835.0
2025-07-18_19:03:17,8093.0,11337.0,35270.0,13048.0,15330.0,34835.0
2025-07-18_19:03:17,,,,,,
2025-07-18_19:03:21,3300.0,11337.0,35270.0,4595.0,15330.0,34841.0
2025-07-18_19:03:21,,,,,,
2025-07-18_19:03:25,6969.0,11337.0,35276.0,3793.0,15330.0,34841.0
2025-07-18_19:03:25,10117.0,11337.0,35296.0,14348.0,15332.0,34850.0
2025-07-18_19:03:26,9665.0,11343.0,35320.0,14578.0,15333.0,34907.0
2025-07-18_19:03:26,8976.0,11343.0,35324.0,14148.0,15333.0,34908.0
2025-07-18_19:03:26,,,,13264.0,15333.0,35164.0
2025-07-18_19:03:30,2778.0,11343.0,35324.0,12172.0,15333.0,35164.0
2025-07-18_19:03:30,,,,,,
2025-07-18_19:03:34,6964.0,11343.0,35325.0,3793.0,15333.0,35164.0
2025-07-18_19:03:34,8549.0,11343.0,35328.0,13769.0,15333.0,35165.0
2025-07-18_19:03:34,10192.0,11343.0,35336.0,14309.0,15333.0,35177.0
2025-07-18_19:03:35,9426.0,11343.0,35340.0,14157.0,15340.0,35188.0
2025-07-18_19:03:35,,,,14459.0,15340.0,35197.0
2025-07-18_19:03:39,3321.0,11343.0,35340.0,12191.0,15340.0,35197.0
2025-07-18_19:03:39,10021.0,11346.0,35348.0,14295.0,15340.0,35197.0
2025-07-18_19:03:39,9678.0,11347.0,35358.0,13804.0,15340.0,35200.0
2025-07-18_19:03:39,,,,13974.0,15340.0,35202.0
2025-07-18_19:03:43,2778.0,11347.0,35358.0,12194.0,15340.0,35287.0
2025-07-18_19:03:43,,,,13829.0,15340.0,35288.0
2025-07-18_19:03:47,3319.0,11347.0,35358.0,12168.0,15340.0,35294.0
2025-07-18_19:03:47,,,,,,
2025-07-18_19:03:51,,,,3792.0,15340.0,35295.0
2025-07-18_19:03:55,2778.0,11347.0,35358.0,12156.0,15340.0,35295.0
2025-07-18_19:03:55,9813.0,11363.0,35391.0,14044.0,15340.0,35297.0
2025-07-18_19:03:55,,,,,,
2025-07-18_19:03:59,6968.0,11363.0,35391.0,3787.0,15340.0,35297.0
2025-07-18_19:03:59,8123.0,11363.0,35396.0,13058.0,15340.0,35299.0
2025-07-18_19:03:59,,,,14017.0,15340.0,35300.0
2025-07-18_19:04:03,3375.0,11363.0,35396.0,12190.0,15340.0,35300.0
2025-07-18_19:04:03,,,,,,
2025-07-18_19:04:07,6962.0,11363.0,35396.0,3792.0,15340.0,35300.0
2025-07-18_19:04:07,8547.0,11363.0,35403.0,14017.0,15340.0,35305.0
2025-07-18_19:04:08,8600.0,11363.0,35405.0,14292.0,15340.0,35306.0
2025-07-18_19:04:08,10078.0,11363.0,35437.0,14339.0,15340.0,35306.0
2025-07-18_19:04:08,,,,11890.0,15340.0,36584.0
2025-07-18_19:04:12,2778.0,11363.0,35437.0,12167.0,15340.0,36586.0
2025-07-18_19:04:12,,,,14145.0,15340.0,36586.0
2025-07-18_19:04:16,3375.0,11363.0,35437.0,12193.0,15340.0,36586.0
2025-07-18_19:04:16,10236.0,11363.0,35448.0,14391.0,15340.0,36597.0
2025-07-18_19:04:16,9946.0,11363.0,35511.0,13938.0,15340.0,37280.0
2025-07-18_19:04:17,9652.0,11366.0,35526.0,14112.0,15340.0,37280.0
2025-07-18_19:04:17,8539.0,11366.0,35530.0,13898.0,15340.0,37280.0
2025-07-18_19:04:17,9277.0,11366.0,35533.0,14309.0,15340.0,37280.0
2025-07-18_19:04:17,9742.0,11366.0,36136.0,14047.0,15340.0,37285.0
2025-07-18_19:04:17,9624.0,11366.0,36139.0,13985.0,15340.0,37288.0
2025-07-18_19:04:18,9634.0,11366.0,36139.0,14286.0,15340.0,37289.0
2025-07-18_19:04:18,,,,,,
2025-07-18_19:04:22,6963.0,11366.0,36139.0,3793.0,15340.0,37289.0
2025-07-18_19:04:22,,,,,,
2025-07-18_19:04:26,6971.0,11366.0,36142.0,3793.0,15340.0,37289.0
2025-07-18_19:04:26,9921.0,11366.0,36157.0,14622.0,15340.0,37311.0
2025-07-18_19:04:26,10043.0,11370.0,36179.0,14313.0,15340.0,37313.0
2025-07-18_19:04:26,9852.0,11370.0,36190.0,13900.0,15340.0,37315.0
2025-07-18_19:04:27,,,,,,
2025-07-18_19:04:31,2778.0,11370.0,36190.0,3776.0,15340.0,37315.0
2025-07-18_19:04:31,9627.0,11370.0,36193.0,14275.0,15340.0,37315.0
2025-07-18_19:04:32,,,,14066.0,15340.0,37316.0
2025-07-18_19:04:35,,,,,,
2025-07-18_19:04:39,6968.0,11370.0,36193.0,3793.0,15340.0,37316.0
2025-07-18_19:04:39,10205.0,11371.0,36407.0,14615.0,15340.0,37319.0
2025-07-18_19:04:39,9653.0,11371.0,36407.0,14278.0,15340.0,37322.0
2025-07-18_19:04:40,,,,,,
2025-07-18_19:04:43,,,,3793.0,15340.0,37322.0
2025-07-18_19:04:47,2778.0,11371.0,36407.0,12192.0,15340.0,37323.0
2025-07-18_19:04:48,10423.0,11378.0,36784.0,14442.0,15353.0,37647.0
2025-07-18_19:04:48,9997.0,11378.0,36796.0,14391.0,15353.0,37648.0
2025-07-18_19:04:48,10251.0,11378.0,36802.0,14328.0,15353.0,37657.0
2025-07-18_19:04:48,,,,,,
2025-07-18_19:04:52,6967.0,11378.0,36802.0,3793.0,15353.0,37657.0
2025-07-18_19:04:52,9651.0,11378.0,36807.0,13731.0,15353.0,37658.0
2025-07-18_19:04:52,9582.0,11378.0,36807.0,13830.0,15353.0,37658.0
2025-07-18_19:04:53,9902.0,11378.0,36825.0,13803.0,15353.0,37667.0
2025-07-18_19:04:53,9191.0,11378.0,36840.0,14074.0,15353.0,37667.0
2025-07-18_19:04:53,9237.0,11378.0,36843.0,14131.0,15353.0,37670.0
2025-07-18_19:04:53,9965.0,11378.0,36848.0,14133.0,15355.0,37681.0
2025-07-18_19:04:54,9580.0,11378.0,36848.0,13964.0,15355.0,37682.0
2025-07-18_19:04:54,,,,14008.0,15355.0,37683.0
2025-07-18_19:04:57,3319.0,11378.0,36848.0,12160.0,15355.0,37683.0
2025-07-18_19:04:58,9590.0,11378.0,36853.0,13720.0,15355.0,37683.0
2025-07-18_19:04:58,9670.0,11378.0,36853.0,13983.0,15355.0,37683.0
2025-07-18_19:04:58,9974.0,11379.0,36859.0,14253.0,15355.0,37684.0
2025-07-18_19:04:58,10297.0,11381.0,37146.0,14613.0,15358.0,37881.0
2025-07-18_19:04:59,9675.0,11381.0,37146.0,14209.0,15358.0,37881.0
2025-07-18_19:04:59,9854.0,11381.0,37146.0,14064.0,15358.0,37881.0
2025-07-18_19:04:59,,,,,,
2025-07-18_19:05:03,6968.0,11381.0,37148.0,3793.0,15358.0,37881.0
2025-07-18_19:05:03,,,,,,
2025-07-18_19:05:07,6964.0,11381.0,37148.0,3793.0,15358.0,37881.0
2025-07-18_19:05:07,9892.0,11383.0,37165.0,13816.0,15358.0,37883.0
2025-07-18_19:05:07,,,,,,
2025-07-18_19:05:12,2778.0,11383.0,37165.0,3776.0,15358.0,37883.0
2025-07-18_19:05:12,,,,,,
2025-07-18_19:05:16,6961.0,11383.0,37165.0,3793.0,15358.0,37883.0
2025-07-18_19:05:16,,,,13626.0,15358.0,37883.0
2025-07-18_19:05:20,3319.0,11383.0,37165.0,12193.0,15358.0,37883.0
2025-07-18_19:05:20,,,,13991.0,15358.0,37884.0
2025-07-18_19:05:24,2778.0,11383.0,37165.0,12187.0,15358.0,37884.0
2025-07-18_19:05:24,10057.0,11383.0,37167.0,13763.0,15358.0,37888.0
2025-07-18_19:05:24,,,,13941.0,15358.0,37889.0
2025-07-18_19:05:28,,,,,,
2025-07-18_19:05:32,6965.0,11383.0,37176.0,3787.0,15358.0,37889.0
2025-07-18_19:05:32,9894.0,11387.0,37185.0,13973.0,15401.0,37935.0
2025-07-18_19:05:32,9365.0,11387.0,37208.0,14121.0,15401.0,37935.0
2025-07-18_19:05:32,10160.0,11388.0,37219.0,14030.0,15401.0,37944.0
2025-07-18_19:05:32,,,,13745.0,15401.0,37944.0
2025-07-18_19:05:36,3302.0,11388.0,37219.0,12166.0,15401.0,37946.0
2025-07-18_19:05:36,9877.0,11388.0,37223.0,14137.0,15401.0,37948.0
2025-07-18_19:05:37,9684.0,11388.0,37239.0,14113.0,15401.0,37951.0
2025-07-18_19:05:37,9496.0,11388.0,37240.0,13979.0,15401.0,37952.0
2025-07-18_19:05:37,10191.0,11388.0,37241.0,14229.0,15401.0,37954.0
2025-07-18_19:05:37,,,,14049.0,15401.0,37956.0
2025-07-18_19:05:41,2778.0,11388.0,37241.0,12192.0,15401.0,37956.0
2025-07-18_19:05:41,8971.0,11388.0,37243.0,13970.0,15401.0,37956.0
2025-07-18_19:05:41,8657.0,11388.0,37265.0,14084.0,15401.0,37957.0
2025-07-18_19:05:42,9954.0,11399.0,37342.0,14477.0,15401.0,38014.0
2025-07-18_19:05:42,8660.0,11399.0,37346.0,14374.0,15401.0,38015.0
2025-07-18_19:05:42,,,,14016.0,15401.0,38022.0
2025-07-18_19:05:46,3358.0,11399.0,37346.0,12171.0,15401.0,38022.0
2025-07-18_19:05:46,9865.0,11405.0,37380.0,14359.0,15401.0,38022.0
2025-07-18_19:05:46,8577.0,11405.0,37381.0,13922.0,15401.0,38022.0
2025-07-18_19:05:46,9437.0,11405.0,37381.0,13991.0,15401.0,38022.0
2025-07-18_19:05:47,,,,,,
2025-07-18_19:05:51,6965.0,11405.0,37381.0,3793.0,15401.0,38022.0
2025-07-18_19:05:51,9805.0,11405.0,37386.0,14281.0,15401.0,38022.0
2025-07-18_19:05:51,9908.0,11405.0,37390.0,14307.0,15401.0,38022.0
2025-07-18_19:05:51,9854.0,11405.0,37390.0,14080.0,15401.0,38022.0
2025-07-18_19:05:51,,,,14623.0,15401.0,38022.0
2025-07-18_19:05:55,3375.0,11405.0,37390.0,12184.0,15401.0,38022.0
2025-07-18_19:05:55,,,,13981.0,15401.0,38023.0
2025-07-18_19:05:59,3358.0,11405.0,37390.0,12196.0,15401.0,38023.0
2025-07-18_19:05:59,9820.0,11407.0,37395.0,14039.0,15401.0,38024.0
2025-07-18_19:05:59,,,,,,
2025-07-18_19:06:03,6971.0,11407.0,37397.0,3793.0,15401.0,38024.0
2025-07-18_19:06:03,9694.0,11407.0,37400.0,14105.0,15401.0,38025.0
2025-07-18_19:06:04,9605.0,11407.0,37406.0,14259.0,15401.0,38026.0
2025-07-18_19:06:04,9684.0,11407.0,37407.0,14194.0,15401.0,38027.0
2025-07-18_19:06:04,9674.0,11407.0,37407.0,13974.0,15401.0,38027.0
2025-07-18_19:06:04,9933.0,11407.0,37413.0,14682.0,15401.0,38037.0
2025-07-18_19:06:05,9664.0,11407.0,37413.0,13977.0,15401.0,38037.0
2025-07-18_19:06:05,9187.0,11407.0,37415.0,13783.0,15401.0,38037.0
2025-07-18_19:06:05,9135.0,11407.0,37415.0,14013.0,15401.0,38038.0
2025-07-18_19:06:05,10221.0,11407.0,37432.0,14257.0,15401.0,38038.0
2025-07-18_19:06:06,9675.0,11407.0,37432.0,13791.0,15401.0,38054.0
2025-07-18_19:06:06,9636.0,11407.0,37432.0,14289.0,15401.0,38056.0
2025-07-18_19:06:06,9705.0,11407.0,37437.0,13938.0,15401.0,38060.0
2025-07-18_19:06:06,9686.0,11407.0,37437.0,13968.0,15401.0,38061.0
2025-07-18_19:06:06,,,,13784.0,15401.0,38062.0
2025-07-18_19:06:10,2778.0,11407.0,37437.0,12192.0,15401.0,38062.0
2025-07-18_19:06:11,,,,14008.0,15401.0,38063.0
2025-07-18_19:06:14,3319.0,11407.0,37437.0,12186.0,15401.0,38063.0
2025-07-18_19:06:14,,,,,,
2025-07-18_19:06:18,6961.0,11407.0,37452.0,3793.0,15401.0,38063.0
2025-07-18_19:06:19,,,,,,
2025-07-18_19:06:22,6968.0,11407.0,37452.0,3792.0,15401.0,38063.0
2025-07-18_19:06:23,,,,,,
2025-07-18_19:06:26,6962.0,11407.0,37453.0,3793.0,15401.0,38063.0
2025-07-18_19:06:27,,,,14093.0,15401.0,38068.0
2025-07-18_19:06:30,2778.0,11407.0,37453.0,12162.0,15401.0,38068.0
2025-07-18_19:06:31,9937.0,11407.0,37469.0,14392.0,15401.0,38069.0
2025-07-18_19:06:31,9109.0,11407.0,37473.0,14223.0,15401.0,38070.0
2025-07-18_19:06:31,10627.0,11427.0,37820.0,14415.0,15401.0,38118.0
2025-07-18_19:06:31,9846.0,11427.0,37823.0,14349.0,15401.0,38123.0
2025-07-18_19:06:32,9678.0,11427.0,37828.0,14335.0,15401.0,38123.0
2025-07-18_19:06:32,9893.0,11427.0,37852.0,14131.0,15401.0,38124.0
2025-07-18_19:06:32,,,,13785.0,15401.0,38124.0
2025-07-18_19:06:36,3375.0,11427.0,37852.0,12183.0,15401.0,38124.0
2025-07-18_19:06:36,9590.0,11427.0,37854.0,14225.0,15401.0,38128.0
2025-07-18_19:06:36,10077.0,11427.0,37855.0,14515.0,15401.0,38130.0
2025-07-18_19:06:36,,,,,,
2025-07-18_19:06:40,6970.0,11427.0,37855.0,3793.0,15401.0,38130.0
2025-07-18_19:06:40,9890.0,11434.0,37867.0,14115.0,15401.0,38131.0
2025-07-18_19:06:41,,,,,,
2025-07-18_19:06:45,2778.0,11434.0,37867.0,3776.0,15401.0,38131.0
2025-07-18_19:06:45,10220.0,11434.0,37869.0,13953.0,15401.0,38132.0
2025-07-18_19:06:49,2780.0,11434.0,37869.0,12196.0,15401.0,38132.0
2025-07-18_19:06:49,9632.0,11434.0,37870.0,14113.0,15401.0,38133.0
2025-07-18_19:06:50,8514.0,11434.0,37872.0,13956.0,15401.0,38136.0
2025-07-18_19:06:50,9448.0,11434.0,37872.0,14193.0,15401.0,38136.0
2025-07-18_19:06:50,8615.0,11434.0,37872.0,14064.0,15401.0,38137.0
2025-07-18_19:06:50,9508.0,11434.0,37874.0,14171.0,15401.0,38140.0
2025-07-18_19:06:51,,,,,,
2025-07-18_19:06:54,6969.0,11434.0,37875.0,3793.0,15401.0,38140.0
2025-07-18_19:06:55,,,,,,
2025-07-18_19:06:59,6965.0,11434.0,37875.0,3793.0,15401.0,38140.0
2025-07-18_19:06:59,,,,14497.0,15401.0,38140.0
2025-07-18_19:07:02,3375.0,11434.0,37875.0,12201.0,15401.0,38141.0
2025-07-18_19:07:03,,,,13839.0,15401.0,38141.0
2025-07-18_19:07:06,3358.0,11434.0,37875.0,12192.0,15401.0,38141.0
2025-07-18_19:07:07,,,,,,
2025-07-18_19:07:10,6977.0,11434.0,37883.0,3793.0,15401.0,38141.0
2025-07-18_19:07:11,9804.0,11434.0,37908.0,13985.0,15401.0,38141.0
2025-07-18_19:07:11,9252.0,11435.0,37909.0,13788.0,15401.0,38143.0
2025-07-18_19:07:11,,,,14036.0,15401.0,38143.0
2025-07-18_19:07:15,3319.0,11435.0,37909.0,12186.0,15401.0,38143.0
2025-07-18_19:07:15,9817.0,11435.0,37913.0,14135.0,15401.0,38143.0
2025-07-18_19:07:15,9191.0,11435.0,37914.0,13784.0,15401.0,38147.0
2025-07-18_19:07:15,9888.0,11435.0,37932.0,13964.0,15401.0,38148.0
2025-07-18_19:07:16,9963.0,11435.0,38008.0,14037.0,15401.0,38148.0
2025-07-18_19:07:16,9595.0,11435.0,38008.0,14230.0,15401.0,38148.0
2025-07-18_19:07:16,,,,14235.0,15401.0,38148.0
2025-07-18_19:07:20,3375.0,11435.0,38008.0,12193.0,15401.0,38148.0
2025-07-18_19:07:20,8370.0,11435.0,38012.0,13779.0,15401.0,38148.0
2025-07-18_19:07:20,,,,13844.0,15401.0,38152.0
2025-07-18_19:07:24,3302.0,11435.0,38012.0,12188.0,15401.0,38152.0
2025-07-18_19:07:24,9831.0,11435.0,38014.0,14236.0,15401.0,38152.0
2025-07-18_19:07:24,9892.0,11435.0,38018.0,14260.0,15401.0,38152.0
2025-07-18_19:07:25,,,,,,
2025-07-18_19:07:28,6962.0,11435.0,38019.0,3792.0,15401.0,38152.0
2025-07-18_19:07:29,,,,,,
2025-07-18_19:07:32,6969.0,11435.0,38019.0,3793.0,15401.0,38152.0
2025-07-18_19:07:33,,,,13852.0,15401.0,38154.0
2025-07-18_19:07:36,3358.0,11435.0,38019.0,12149.0,15401.0,38154.0
2025-07-18_19:07:37,8542.0,11435.0,38020.0,13803.0,15401.0,38154.0
2025-07-18_19:07:37,9850.0,11435.0,38030.0,14267.0,15401.0,38160.0
2025-07-18_19:07:37,9837.0,11435.0,38032.0,14089.0,15401.0,38160.0
2025-07-18_19:07:37,9876.0,11435.0,38044.0,14269.0,15401.0,38160.0
2025-07-18_19:07:37,,,,,,
2025-07-18_19:07:41,6963.0,11435.0,38045.0,3792.0,15401.0,38160.0
2025-07-18_19:07:41,,,,,,
2025-07-18_19:07:45,6968.0,11435.0,38047.0,3793.0,15401.0,38160.0
2025-07-18_19:07:46,,,,13334.0,15401.0,38160.0
2025-07-18_19:07:49,2778.0,11435.0,38047.0,12194.0,15401.0,38160.0
2025-07-18_19:07:50,8519.0,11435.0,38050.0,14113.0,15401.0,38160.0
2025-07-18_19:07:50,,,,14072.0,15401.0,38178.0
2025-07-18_19:07:54,,,,,,
2025-07-18_19:07:57,6969.0,11435.0,38051.0,3792.0,15401.0,38178.0
2025-07-18_19:07:58,10100.0,11435.0,38052.0,14005.0,15401.0,38182.0
2025-07-18_19:07:58,10123.0,11435.0,38059.0,14330.0,15401.0,38182.0
2025-07-18_19:07:58,9932.0,11435.0,38060.0,14192.0,15401.0,38183.0
2025-07-18_19:07:58,9364.0,11435.0,38060.0,14058.0,15401.0,38190.0
2025-07-18_19:07:59,9822.0,11435.0,38060.0,14168.0,15401.0,38190.0
2025-07-18_19:07:59,9609.0,11435.0,38060.0,13980.0,15401.0,38196.0
2025-07-18_19:07:59,9195.0,11435.0,38060.0,13923.0,15401.0,38196.0
2025-07-18_19:07:59,8723.0,11435.0,38099.0,14135.0,15401.0,38201.0
2025-07-18_19:07:59,9454.0,11435.0,38104.0,14206.0,15401.0,38201.0
2025-07-18_19:08:00,,,,,,
2025-07-18_19:08:03,6959.0,11435.0,38104.0,3792.0,15401.0,38201.0
2025-07-18_19:08:04,,,,13870.0,15401.0,38201.0
2025-07-18_19:08:07,3375.0,11435.0,38104.0,12191.0,15401.0,38201.0
2025-07-18_19:08:08,9810.0,11441.0,38112.0,14271.0,15401.0,38206.0
2025-07-18_19:08:08,,,,14072.0,15401.0,38208.0
2025-07-18_19:08:12,2778.0,11441.0,38112.0,12168.0,15401.0,38208.0
2025-07-18_19:08:12,,,,14034.0,15401.0,38209.0
2025-07-18_19:08:15,3358.0,11441.0,38112.0,12172.0,15401.0,38209.0
2025-07-18_19:08:16,,,,,,
2025-07-18_19:08:19,6970.0,11442.0,38113.0,3792.0,15401.0,38209.0
2025-07-18_19:08:20,,,,14145.0,15401.0,38209.0
2025-07-18_19:08:23,3375.0,11442.0,38113.0,12192.0,15401.0,38209.0
2025-07-18_19:08:24,,,,,,
2025-07-18_19:08:27,6967.0,11442.0,38113.0,3792.0,15401.0,38209.0
2025-07-18_19:08:28,,,,14050.0,15401.0,38214.0
2025-07-18_19:08:31,2778.0,11442.0,38113.0,12188.0,15401.0,38215.0
2025-07-18_19:08:32,9669.0,11442.0,38114.0,13960.0,15401.0,38216.0
2025-07-18_19:08:32,,,,14232.0,15401.0,38216.0
2025-07-18_19:08:36,3319.0,11442.0,38114.0,12163.0,15401.0,38219.0
2025-07-18_19:08:36,9665.0,11442.0,38120.0,13960.0,15401.0,38220.0
2025-07-18_19:08:36,,,,,,
2025-07-18_19:08:40,6964.0,11442.0,38120.0,3792.0,15401.0,38220.0
2025-07-18_19:08:40,9211.0,11442.0,38120.0,13791.0,15401.0,38220.0
2025-07-18_19:08:40,,,,14189.0,15401.0,38220.0
2025-07-18_19:08:44,3358.0,11442.0,38120.0,12188.0,15401.0,38220.0
2025-07-18_19:08:44,9659.0,11442.0,38120.0,14175.0,15401.0,38220.0
2025-07-18_19:08:44,,,,,,
2025-07-18_19:08:49,2778.0,11442.0,38120.0,3776.0,15401.0,38220.0
2025-07-18_19:08:49,,,,13090.0,15401.0,38258.0
2025-07-18_19:08:53,2778.0,11442.0,38120.0,12188.0,15401.0,38258.0
2025-07-18_19:08:53,8363.0,11442.0,38209.0,13941.0,15401.0,38258.0
2025-07-18_19:08:53,9737.0,11442.0,38210.0,14086.0,15401.0,38260.0
2025-07-18_19:08:54,,,,14276.0,15401.0,38260.0
2025-07-18_19:08:57,3358.0,11442.0,38210.0,12196.0,15401.0,38260.0
2025-07-18_19:08:57,8665.0,11442.0,38218.0,14210.0,15401.0,38260.0
2025-07-18_19:08:58,,,,14100.0,15401.0,38262.0
2025-07-18_19:09:01,3358.0,11442.0,38218.0,12168.0,15401.0,38262.0
2025-07-18_19:09:02,9861.0,11442.0,38226.0,13842.0,15401.0,38263.0
2025-07-18_19:09:02,,,,,,
2025-07-18_19:09:06,6966.0,11442.0,38226.0,3792.0,15401.0,38263.0
2025-07-18_19:09:06,9844.0,11442.0,38227.0,14231.0,15401.0,38268.0
2025-07-18_19:09:06,9972.0,11442.0,38228.0,14378.0,15401.0,38268.0
2025-07-18_19:09:06,,,,,,
2025-07-18_19:09:10,6964.0,11442.0,38228.0,3786.0,15401.0,38268.0
2025-07-18_19:09:10,,,,13788.0,15401.0,38270.0
2025-07-18_19:09:14,3375.0,11442.0,38228.0,12194.0,15401.0,38271.0
2025-07-18_19:09:14,9835.0,11442.0,38231.0,13864.0,15401.0,38271.0
2025-07-18_19:09:14,,,,,,
2025-07-18_19:09:18,6967.0,11442.0,38231.0,3793.0,15401.0,38271.0
2025-07-18_19:09:18,9841.0,11442.0,38231.0,14081.0,15401.0,38271.0
2025-07-18_19:09:19,8125.0,11442.0,38232.0,13083.0,15401.0,38274.0
2025-07-18_19:09:19,,,,13894.0,15401.0,38274.0
2025-07-18_19:09:23,2778.0,11442.0,38232.0,12198.0,15401.0,38274.0
2025-07-18_19:09:23,,,,14221.0,15401.0,38274.0
2025-07-18_19:09:27,2778.0,11442.0,38232.0,12183.0,15401.0,38275.0
2025-07-18_19:09:27,9849.0,11442.0,38263.0,14223.0,15401.0,38275.0
2025-07-18_19:09:27,8499.0,11442.0,38263.0,13071.0,15401.0,38275.0
2025-07-18_19:09:27,9751.0,11442.0,38263.0,14245.0,15401.0,38276.0
2025-07-18_19:09:28,,,,14055.0,15401.0,38276.0
2025-07-18_19:09:31,2778.0,11442.0,38263.0,12144.0,15401.0,38276.0
2025-07-18_19:09:32,,,,,,
2025-07-18_19:09:36,6968.0,11442.0,38263.0,3793.0,15401.0,38276.0
2025-07-18_19:09:36,9978.0,11442.0,38268.0,14492.0,15401.0,38281.0
2025-07-18_19:09:36,,,,,,
2025-07-18_19:09:40,6972.0,11442.0,38268.0,3786.0,15401.0,38281.0
2025-07-18_19:09:40,,,,,,
2025-07-18_19:09:44,6963.0,11442.0,38270.0,3793.0,15401.0,38281.0
2025-07-18_19:09:44,9857.0,11442.0,38274.0,13879.0,15401.0,38286.0
2025-07-18_19:09:44,9845.0,11442.0,38276.0,14034.0,15401.0,38286.0
2025-07-18_19:09:45,9667.0,11442.0,38276.0,13972.0,15401.0,38287.0
2025-07-18_19:09:45,9883.0,11442.0,38277.0,14359.0,15401.0,38287.0
2025-07-18_19:09:45,,,,13980.0,15401.0,38287.0
2025-07-18_19:09:49,3375.0,11442.0,38277.0,12192.0,15401.0,38287.0
2025-07-18_19:09:49,8529.0,11443.0,38287.0,13053.0,15401.0,38287.0
2025-07-18_19:09:49,,,,14211.0,15401.0,38288.0
2025-07-18_19:09:53,3319.0,11443.0,38287.0,12189.0,15401.0,38288.0
2025-07-18_19:09:53,9687.0,11443.0,38287.0,13978.0,15401.0,38288.0
2025-07-18_19:09:53,9833.0,11446.0,38291.0,14259.0,15401.0,38289.0
2025-07-18_19:09:53,,,,,,
2025-07-18_19:09:57,6965.0,11446.0,38291.0,3792.0,15401.0,38289.0
2025-07-18_19:09:57,9675.0,11446.0,38291.0,13977.0,15401.0,38295.0
2025-07-18_19:09:58,10135.0,11446.0,38320.0,14152.0,15401.0,38300.0
2025-07-18_19:09:58,,,,14201.0,15401.0,38314.0
2025-07-18_19:10:02,2778.0,11446.0,38320.0,12185.0,15401.0,38314.0
2025-07-18_19:10:02,,,,,,
2025-07-18_19:10:06,6971.0,11446.0,38320.0,3792.0,15401.0,38314.0
2025-07-18_19:10:06,,,,13991.0,15401.0,38314.0
2025-07-18_19:10:10,3358.0,11446.0,38320.0,12162.0,15401.0,38314.0
2025-07-18_19:10:10,9434.0,11446.0,38320.0,13947.0,15401.0,38314.0
2025-07-18_19:10:10,,,,,,
2025-07-18_19:10:15,2778.0,11446.0,38320.0,3776.0,15401.0,38314.0
2025-07-18_19:10:15,,,,,,
2025-07-18_19:10:19,6970.0,11446.0,38327.0,3792.0,15401.0,38314.0
2025-07-18_19:10:20,3300.0,11446.0,38327.0,12808.0,15401.0,38319.0
2025-07-18_19:10:20,9222.0,11446.0,38327.0,14113.0,15401.0,38319.0
2025-07-18_19:10:20,,,,14116.0,15401.0,38319.0
2025-07-18_19:10:24,3302.0,11446.0,38327.0,12187.0,15401.0,38319.0
2025-07-18_19:10:24,,,,,,
2025-07-18_19:10:28,6964.0,11446.0,38327.0,3795.0,15401.0,38319.0
2025-07-18_19:10:28,,,,14115.0,15401.0,38319.0
2025-07-18_19:10:32,3375.0,11446.0,38327.0,12187.0,15401.0,38319.0
2025-07-18_19:10:32,8974.0,11446.0,38327.0,13922.0,15401.0,38322.0
2025-07-18_19:10:32,9687.0,11446.0,38328.0,13777.0,15401.0,38326.0
2025-07-18_19:10:32,,,,14424.0,15401.0,38328.0
2025-07-18_19:10:36,3375.0,11446.0,38328.0,12153.0,15401.0,38328.0
2025-07-18_19:10:36,10030.0,11446.0,38330.0,14038.0,15401.0,38331.0
2025-07-18_19:10:36,,,,13961.0,15401.0,38331.0
2025-07-18_19:10:40,3375.0,11446.0,38330.0,12184.0,15401.0,38331.0
2025-07-18_19:10:40,,,,13987.0,15401.0,38331.0
2025-07-18_19:10:44,3375.0,11446.0,38330.0,12191.0,15401.0,38331.0
2025-07-18_19:10:44,,,,14291.0,15401.0,38331.0
2025-07-18_19:10:48,3375.0,11446.0,38330.0,12156.0,15401.0,38338.0
2025-07-18_19:10:48,8090.0,11446.0,38336.0,12859.0,15401.0,38338.0
2025-07-18_19:10:48,,,,14273.0,15401.0,38356.0
2025-07-18_19:10:52,2778.0,11446.0,38336.0,12185.0,15401.0,38356.0
2025-07-18_19:10:52,,,,13239.0,15401.0,38379.0
2025-07-18_19:10:56,2778.0,11446.0,38336.0,12184.0,15401.0,38379.0
2025-07-18_19:10:56,8518.0,11446.0,38344.0,13811.0,15401.0,38379.0
2025-07-18_19:10:57,,,,13971.0,15401.0,38392.0
2025-07-18_19:11:00,3375.0,11446.0,38344.0,12158.0,15401.0,38392.0
2025-07-18_19:11:01,10041.0,11446.0,38364.0,14596.0,15406.0,38773.0
2025-07-18_19:11:01,,,,,,
2025-07-18_19:11:05,6972.0,11446.0,38364.0,3793.0,15406.0,38773.0
2025-07-18_19:11:05,10184.0,11446.0,38381.0,14160.0,15406.0,38773.0
2025-07-18_19:11:05,,,,,,
2025-07-18_19:11:09,2778.0,11446.0,38381.0,3776.0,15406.0,38773.0
2025-07-18_19:11:10,,,,11879.0,15406.0,38782.0
2025-07-18_19:11:14,2778.0,11446.0,38381.0,12189.0,15406.0,38783.0
2025-07-18_19:11:14,10108.0,11446.0,38385.0,14356.0,15406.0,38785.0
2025-07-18_19:11:14,9473.0,11446.0,38388.0,14020.0,15406.0,38787.0
2025-07-18_19:11:14,9463.0,11446.0,38396.0,14022.0,15406.0,38787.0
2025-07-18_19:11:14,,,,14294.0,15406.0,38798.0
2025-07-18_19:11:18,3375.0,11446.0,38396.0,12197.0,15406.0,38798.0
2025-07-18_19:11:18,8889.0,11446.0,38396.0,13828.0,15406.0,38799.0
2025-07-18_19:11:19,9616.0,11446.0,38406.0,14056.0,15406.0,38799.0
2025-07-18_19:11:19,8604.0,11446.0,38412.0,14181.0,15406.0,38954.0
2025-07-18_19:11:19,10273.0,11446.0,38424.0,14503.0,15406.0,38954.0
2025-07-18_19:11:19,,,,14055.0,15406.0,38955.0
2025-07-18_19:11:23,3375.0,11446.0,38424.0,12183.0,15406.0,38955.0
2025-07-18_19:11:23,,,,11635.0,15406.0,38968.0
2025-07-18_19:11:27,2778.0,11446.0,38424.0,12173.0,15406.0,38968.0
2025-07-18_19:11:27,,,,13972.0,15406.0,38968.0
2025-07-18_19:11:31,3319.0,11446.0,38424.0,12192.0,15406.0,38968.0
2025-07-18_19:11:31,9884.0,11446.0,38426.0,14043.0,15406.0,38968.0
2025-07-18_19:11:31,8687.0,11446.0,38428.0,13863.0,15406.0,38969.0
2025-07-18_19:11:32,,,,,,
2025-07-18_19:11:35,6974.0,11446.0,38430.0,3793.0,15406.0,38969.0
2025-07-18_19:11:36,9768.0,11446.0,38435.0,14203.0,15406.0,38971.0
2025-07-18_19:11:36,,,,,,
2025-07-18_19:11:40,6969.0,11446.0,38435.0,3792.0,15406.0,38971.0
2025-07-18_19:11:40,,,,14045.0,15406.0,38971.0
2025-07-18_19:11:44,3358.0,11446.0,38435.0,12177.0,15406.0,38971.0
2025-07-18_19:11:44,9592.0,11446.0,38435.0,13971.0,15406.0,38971.0
2025-07-18_19:11:44,8598.0,11446.0,38440.0,14211.0,15406.0,38971.0
2025-07-18_19:11:44,10053.0,11446.0,38441.0,14311.0,15406.0,38972.0
2025-07-18_19:11:44,9788.0,11446.0,38443.0,14223.0,15406.0,38973.0
2025-07-18_19:11:45,,,,14053.0,15406.0,38973.0
2025-07-18_19:11:48,3358.0,11446.0,38443.0,12195.0,15406.0,38973.0
2025-07-18_19:11:49,,,,13833.0,15406.0,38993.0
2025-07-18_19:11:52,2778.0,11446.0,38443.0,12170.0,15406.0,38993.0
2025-07-18_19:11:53,9882.0,11447.0,38463.0,14142.0,15406.0,38997.0
2025-07-18_19:11:53,9928.0,11447.0,38467.0,14212.0,15406.0,38997.0
2025-07-18_19:11:53,8085.0,11447.0,38473.0,13232.0,15406.0,39014.0
2025-07-18_19:11:53,,,,14110.0,15406.0,39014.0
2025-07-18_19:11:57,,,,,,
2025-07-18_19:12:01,6959.0,11447.0,38473.0,3795.0,15406.0,39014.0
2025-07-18_19:12:01,,,,14068.0,15406.0,39014.0
2025-07-18_19:12:05,,,,,,
2025-07-18_19:12:08,6970.0,11447.0,38473.0,3793.0,15406.0,39014.0
2025-07-18_19:12:09,7969.0,11447.0,38473.0,13055.0,15406.0,39014.0
2025-07-18_19:12:09,,,,14293.0,15406.0,39026.0
2025-07-18_19:12:13,2778.0,11447.0,38473.0,12185.0,15406.0,39026.0
2025-07-18_19:12:13,8528.0,11447.0,38486.0,12797.0,15406.0,39026.0
2025-07-18_19:12:13,8534.0,11447.0,38495.0,13631.0,15406.0,39026.0
2025-07-18_19:12:13,,,,14019.0,15406.0,39026.0
2025-07-18_19:12:17,3377.0,11447.0,38495.0,12191.0,15406.0,39026.0
2025-07-18_19:12:17,8545.0,11447.0,38495.0,13809.0,15406.0,39026.0
2025-07-18_19:12:18,9995.0,11447.0,38499.0,14304.0,15406.0,39026.0
2025-07-18_19:12:18,,,,12942.0,15406.0,39050.0
2025-07-18_19:12:22,2778.0,11447.0,38499.0,12193.0,15406.0,39050.0
2025-07-18_19:12:22,,,,13963.0,15406.0,39050.0
2025-07-18_19:12:26,3375.0,11447.0,38499.0,12169.0,15406.0,39050.0
2025-07-18_19:12:26,,,,14028.0,15406.0,39052.0
2025-07-18_19:12:29,3358.0,11447.0,38499.0,12192.0,15406.0,39052.0
2025-07-18_19:12:30,10079.0,11447.0,38499.0,14033.0,15406.0,39057.0
2025-07-18_19:12:30,10131.0,11447.0,38500.0,14166.0,15406.0,39061.0
2025-07-18_19:12:30,8529.0,11447.0,38500.0,14011.0,15406.0,39061.0
2025-07-18_19:12:30,8098.0,11447.0,38501.0,13085.0,15406.0,39063.0
2025-07-18_19:12:30,,,,14015.0,15406.0,39063.0
2025-07-18_19:12:34,3319.0,11447.0,38501.0,12178.0,15406.0,39063.0
2025-07-18_19:12:34,8076.0,11447.0,38502.0,13341.0,15406.0,39067.0
2025-07-18_19:12:35,9869.0,11447.0,38504.0,14300.0,15406.0,39078.0
2025-07-18_19:12:35,9664.0,11447.0,38504.0,13972.0,15406.0,39078.0
2025-07-18_19:12:35,9876.0,11447.0,38504.0,13799.0,15406.0,39078.0
2025-07-18_19:12:35,,,,,,
2025-07-18_19:12:39,6968.0,11447.0,38504.0,3792.0,15406.0,39078.0
2025-07-18_19:12:39,,,,14256.0,15406.0,39078.0
2025-07-18_19:12:43,3358.0,11447.0,38504.0,12174.0,15406.0,39079.0
2025-07-18_19:12:43,,,,,,
2025-07-18_19:12:47,6970.0,11447.0,38504.0,3792.0,15406.0,39079.0
2025-07-18_19:12:47,8783.0,11447.0,38574.0,14401.0,15406.0,39086.0
2025-07-18_19:12:47,,,,13964.0,15406.0,39086.0
2025-07-18_19:12:51,3302.0,11447.0,38574.0,12202.0,15406.0,39086.0
2025-07-18_19:12:51,8512.0,11447.0,38575.0,13796.0,15406.0,39086.0
2025-07-18_19:12:52,10475.0,11447.0,38596.0,14644.0,15406.0,39335.0
2025-07-18_19:12:52,9772.0,11447.0,38601.0,13973.0,15406.0,39335.0
2025-07-18_19:12:52,,,,14027.0,15406.0,39335.0
2025-07-18_19:12:56,3375.0,11447.0,38601.0,12188.0,15406.0,39335.0
2025-07-18_19:12:56,10033.0,11447.0,38604.0,13997.0,15406.0,39335.0
2025-07-18_19:12:56,,,,14266.0,15406.0,39335.0
2025-07-18_19:13:00,3358.0,11447.0,38604.0,12200.0,15406.0,39335.0
2025-07-18_19:13:00,9480.0,11447.0,38605.0,13900.0,15406.0,39335.0
2025-07-18_19:13:00,8600.0,11447.0,38610.0,13872.0,15406.0,39335.0
2025-07-18_19:13:00,8613.0,11447.0,38619.0,14098.0,15406.0,39335.0
2025-07-18_19:13:01,9690.0,11447.0,38620.0,13933.0,15406.0,39345.0
2025-07-18_19:13:01,9602.0,11447.0,38620.0,14197.0,15406.0,39345.0
2025-07-18_19:13:01,,,,13990.0,15406.0,39345.0
2025-07-18_19:13:05,3358.0,11447.0,38620.0,12203.0,15406.0,39345.0
2025-07-18_19:13:05,9996.0,11447.0,38623.0,13977.0,15406.0,39345.0
2025-07-18_19:13:05,8624.0,11447.0,38626.0,14211.0,15406.0,39345.0
2025-07-18_19:13:06,,,,13977.0,15406.0,39346.0
2025-07-18_19:13:09,3358.0,11447.0,38626.0,12189.0,15406.0,39346.0
2025-07-18_19:13:09,,,,,,
2025-07-18_19:13:13,6962.0,11447.0,38626.0,3793.0,15406.0,39346.0
2025-07-18_19:13:13,,,,13780.0,15406.0,39346.0
2025-07-18_19:13:17,3375.0,11447.0,38626.0,12187.0,15406.0,39346.0
2025-07-18_19:13:17,10079.0,11447.0,38627.0,14494.0,15406.0,39346.0
2025-07-18_19:13:18,9934.0,11447.0,38634.0,14329.0,15406.0,39346.0
2025-07-18_19:13:18,2778.0,11447.0,38634.0,12196.0,15406.0,39346.0
2025-07-18_19:13:19,,,,14054.0,15406.0,39350.0
2025-07-18_19:13:22,3375.0,11447.0,38634.0,12195.0,15406.0,39350.0
2025-07-18_19:13:23,9916.0,11447.0,38635.0,14275.0,15406.0,39350.0
2025-07-18_19:13:23,10154.0,11447.0,38639.0,14141.0,15406.0,39351.0
2025-07-18_19:13:23,10022.0,11450.0,38667.0,14046.0,15412.0,39459.0
2025-07-18_19:13:23,9592.0,11450.0,38667.0,13984.0,15412.0,39459.0
2025-07-18_19:13:24,,,,13712.0,15412.0,39459.0
2025-07-18_19:13:27,,,,,,
2025-07-18_19:13:31,6962.0,11450.0,38667.0,3794.0,15412.0,39459.0
2025-07-18_19:13:31,8689.0,11450.0,38670.0,14207.0,15412.0,39459.0
2025-07-18_19:13:32,,,,14071.0,15412.0,39459.0
2025-07-18_19:13:35,3375.0,11450.0,38670.0,12160.0,15412.0,39459.0
2025-07-18_19:13:35,8626.0,11450.0,38678.0,14085.0,15412.0,39460.0
2025-07-18_19:13:36,,,,13995.0,15412.0,39460.0
2025-07-18_19:13:39,3302.0,11450.0,38678.0,12165.0,15412.0,39460.0
2025-07-18_19:13:39,9595.0,11450.0,38678.0,14200.0,15412.0,39460.0
2025-07-18_19:13:40,8537.0,11450.0,38681.0,13800.0,15412.0,39460.0
2025-07-18_19:13:44,2778.0,11450.0,38681.0,12165.0,15412.0,39460.0
2025-07-18_19:13:44,9888.0,11467.0,38700.0,13773.0,15412.0,39460.0
2025-07-18_19:13:44,8678.0,11467.0,38706.0,14143.0,15412.0,39468.0
2025-07-18_19:13:44,8647.0,11467.0,38714.0,14172.0,15412.0,39468.0
2025-07-18_19:13:44,,,,14096.0,15412.0,39469.0
2025-07-18_19:13:48,3317.0,11467.0,38714.0,12198.0,15412.0,39469.0
2025-07-18_19:13:48,9225.0,11467.0,38722.0,13792.0,15412.0,39469.0
2025-07-18_19:13:49,8538.0,11467.0,38722.0,13682.0,15412.0,39470.0
2025-07-18_19:13:49,8605.0,11467.0,38730.0,13888.0,15412.0,39470.0
2025-07-18_19:13:49,9227.0,11467.0,38730.0,14142.0,15412.0,39470.0
2025-07-18_19:13:49,9678.0,11467.0,38733.0,14292.0,15412.0,39470.0
2025-07-18_19:13:50,,,,14088.0,15412.0,39470.0
2025-07-18_19:13:53,3375.0,11467.0,38733.0,12194.0,15412.0,39470.0
2025-07-18_19:13:53,10143.0,11467.0,38740.0,14082.0,15412.0,39488.0
2025-07-18_19:13:54,9475.0,11467.0,38740.0,13925.0,15412.0,39488.0
2025-07-18_19:13:54,10087.0,11492.0,38765.0,14526.0,15412.0,39488.0
2025-07-18_19:13:54,,,,,,
2025-07-18_19:13:58,6968.0,11492.0,38765.0,3793.0,15412.0,39488.0
2025-07-18_19:13:58,,,,13836.0,15412.0,39488.0
2025-07-18_19:14:02,2778.0,11492.0,38765.0,12195.0,15412.0,39488.0
2025-07-18_19:14:02,9848.0,11492.0,38765.0,14018.0,15412.0,39488.0
2025-07-18_19:14:02,,,,,,
2025-07-18_19:14:07,2778.0,11492.0,38765.0,3776.0,15412.0,39488.0
2025-07-18_19:14:07,,,,,,
2025-07-18_19:14:11,6954.0,11492.0,38765.0,3786.0,15412.0,39488.0
2025-07-18_19:14:11,,,,,,
2025-07-18_19:14:15,6967.0,11492.0,38765.0,3793.0,15412.0,39488.0
2025-07-18_19:14:15,8672.0,11492.0,38766.0,14090.0,15412.0,39488.0
2025-07-18_19:14:15,9870.0,11492.0,38767.0,14350.0,15412.0,39493.0
2025-07-18_19:14:16,8556.0,11492.0,38767.0,13932.0,15412.0,39493.0
2025-07-18_19:14:16,9870.0,11492.0,38768.0,14048.0,15412.0,39503.0
2025-07-18_19:14:16,9981.0,11492.0,38769.0,13912.0,15412.0,39503.0
2025-07-18_19:14:16,,,,,,
2025-07-18_19:14:21,2778.0,11492.0,38769.0,3776.0,15412.0,39503.0
2025-07-18_19:14:21,10073.0,11492.0,38770.0,14056.0,15412.0,39504.0
2025-07-18_19:14:21,,,,,,
2025-07-18_19:14:25,6965.0,11492.0,38770.0,3792.0,15412.0,39504.0
2025-07-18_19:14:25,,,,14081.0,15412.0,39504.0
2025-07-18_19:14:29,3358.0,11492.0,38770.0,12194.0,15412.0,39504.0
2025-07-18_19:14:29,9831.0,11492.0,38784.0,14264.0,15412.0,39504.0
2025-07-18_19:14:29,9982.0,11492.0,38784.0,14003.0,15412.0,39523.0
2025-07-18_19:14:30,8572.0,11492.0,38784.0,13818.0,15412.0,39523.0
2025-07-18_19:14:30,9672.0,11492.0,38784.0,14158.0,15412.0,39523.0
2025-07-18_19:14:30,9827.0,11492.0,38786.0,14230.0,15412.0,39523.0
2025-07-18_19:14:30,9559.0,11492.0,38787.0,13980.0,15412.0,39523.0
2025-07-18_19:14:30,,,,13980.0,15412.0,39523.0
2025-07-18_19:14:34,3358.0,11492.0,38787.0,12195.0,15412.0,39523.0
2025-07-18_19:14:34,,,,14093.0,15412.0,39523.0
2025-07-18_19:14:38,2778.0,11492.0,38787.0,12167.0,15412.0,39523.0
2025-07-18_19:14:38,8318.0,11492.0,38794.0,13753.0,15412.0,39523.0
2025-07-18_19:14:39,,,,,,
2025-07-18_19:14:42,6964.0,11492.0,38794.0,3793.0,15412.0,39523.0
2025-07-18_19:14:43,8079.0,11492.0,38794.0,13058.0,15412.0,39523.0
2025-07-18_19:14:43,,,,13949.0,15412.0,39523.0
2025-07-18_19:14:47,2778.0,11492.0,38794.0,12186.0,15412.0,39523.0
2025-07-18_19:14:47,,,,13587.0,15412.0,39523.0
2025-07-18_19:14:51,3319.0,11492.0,38794.0,12179.0,15412.0,39523.0
2025-07-18_19:14:51,9561.0,11493.0,38795.0,14011.0,15412.0,39523.0
2025-07-18_19:14:51,9323.0,11493.0,38800.0,14164.0,15412.0,39524.0
2025-07-18_19:14:51,8521.0,11493.0,38800.0,13825.0,15412.0,39524.0
2025-07-18_19:14:51,9678.0,11493.0,38806.0,14139.0,15412.0,39527.0
2025-07-18_19:14:52,9826.0,11493.0,38806.0,13983.0,15412.0,39528.0
2025-07-18_19:14:52,,,,14097.0,15412.0,39528.0
2025-07-18_19:14:56,2778.0,11493.0,38806.0,12186.0,15412.0,39528.0
2025-07-18_19:14:56,7970.0,11493.0,38806.0,13052.0,15412.0,39528.0
2025-07-18_19:14:56,8593.0,11493.0,38806.0,13930.0,15412.0,39532.0
2025-07-18_19:14:56,9230.0,11493.0,38806.0,13940.0,15412.0,39532.0
2025-07-18_19:14:57,10163.0,11493.0,38806.0,14014.0,15412.0,39532.0
2025-07-18_19:14:57,10082.0,11493.0,38816.0,14303.0,15412.0,39533.0
2025-07-18_19:14:57,,,,,,
2025-07-18_19:15:01,6963.0,11493.0,38816.0,3793.0,15412.0,39533.0
2025-07-18_19:15:01,,,,13051.0,15412.0,39534.0
2025-07-18_19:15:05,2778.0,11493.0,38816.0,12185.0,15412.0,39535.0
2025-07-18_19:15:05,8670.0,11493.0,38818.0,14174.0,15412.0,39535.0
2025-07-18_19:15:06,2778.0,11493.0,38818.0,12163.0,15412.0,39535.0
2025-07-18_19:15:06,8023.0,11493.0,38824.0,13347.0,15412.0,39536.0
2025-07-18_19:15:06,,,,14282.0,15412.0,39554.0
2025-07-18_19:15:10,2778.0,11493.0,38824.0,12194.0,15412.0,39554.0
2025-07-18_19:15:10,9409.0,11493.0,38829.0,14042.0,15412.0,39559.0
2025-07-18_19:15:11,,,,,,
2025-07-18_19:15:15,6963.0,11493.0,38829.0,3787.0,15412.0,39559.0
2025-07-18_19:15:15,8311.0,11493.0,38857.0,13517.0,15412.0,39559.0
2025-07-18_19:15:15,8625.0,11493.0,38862.0,14300.0,15412.0,39575.0
2025-07-18_19:15:15,9700.0,11493.0,38862.0,14511.0,15412.0,39575.0
2025-07-18_19:15:15,,,,13810.0,15412.0,39575.0
2025-07-18_19:15:19,3302.0,11493.0,38862.0,12193.0,15412.0,39575.0
2025-07-18_19:15:19,,,,,,
2025-07-18_19:15:23,6968.0,11493.0,38864.0,3786.0,15412.0,39575.0
2025-07-18_19:15:23,9680.0,11493.0,38864.0,14184.0,15412.0,39575.0
2025-07-18_19:15:24,9811.0,11493.0,38872.0,14359.0,15412.0,39575.0
2025-07-18_19:15:24,8071.0,11493.0,38872.0,13036.0,15412.0,39575.0
2025-07-18_19:15:24,,,,,,
2025-07-18_19:15:28,6969.0,11493.0,38872.0,3793.0,15412.0,39575.0
2025-07-18_19:15:28,10051.0,11495.0,38874.0,14243.0,15412.0,39575.0
2025-07-18_19:15:28,,,,,,
2025-07-18_19:15:32,6968.0,11495.0,38874.0,3786.0,15412.0,39575.0
2025-07-18_19:15:32,,,,14013.0,15412.0,39579.0
2025-07-18_19:15:36,3375.0,11495.0,38874.0,12160.0,15412.0,39579.0
2025-07-18_19:15:36,8525.0,11495.0,38878.0,13089.0,15412.0,39579.0
2025-07-18_19:15:36,,,,14021.0,15412.0,39579.0
2025-07-18_19:15:40,2778.0,11495.0,38878.0,12192.0,15412.0,39580.0
2025-07-18_19:15:40,,,,,,
2025-07-18_19:15:44,6962.0,11495.0,38878.0,3792.0,15412.0,39580.0
2025-07-18_19:15:44,7968.0,11495.0,38878.0,13268.0,15412.0,39580.0
2025-07-18_19:15:45,10137.0,11495.0,38885.0,14107.0,15412.0,39582.0
2025-07-18_19:15:45,8627.0,11495.0,38888.0,14032.0,15412.0,39582.0
2025-07-18_19:15:45,,,,14017.0,15412.0,39582.0
2025-07-18_19:15:49,,,,,,
2025-07-18_19:15:53,6959.0,11495.0,38888.0,3792.0,15412.0,39582.0
2025-07-18_19:15:53,8582.0,11495.0,38890.0,13895.0,15412.0,39582.0
2025-07-18_19:15:53,,,,14319.0,15412.0,39583.0
2025-07-18_19:15:57,2778.0,11495.0,38890.0,12196.0,15412.0,39583.0
2025-07-18_19:15:57,,,,,,
2025-07-18_19:16:01,6964.0,11495.0,38890.0,3792.0,15412.0,39583.0
2025-07-18_19:16:01,,,,14270.0,15412.0,39583.0
2025-07-18_19:16:05,,,,,,
2025-07-18_19:16:09,,,,3793.0,15412.0,39583.0
2025-07-18_19:16:13,2778.0,11495.0,38890.0,12192.0,15412.0,39583.0
2025-07-18_19:16:13,8525.0,11495.0,38890.0,13232.0,15412.0,39584.0
2025-07-18_19:16:13,10000.0,11495.0,38897.0,14195.0,15412.0,39584.0
2025-07-18_19:16:13,8585.0,11495.0,38903.0,14196.0,15412.0,39586.0
2025-07-18_19:16:14,9690.0,11495.0,38907.0,13986.0,15412.0,39586.0
2025-07-18_19:16:14,10263.0,11495.0,38911.0,14321.0,15412.0,39587.0
2025-07-18_19:16:14,,,,14265.0,15412.0,39587.0
2025-07-18_19:16:18,3375.0,11495.0,38911.0,12193.0,15412.0,39587.0
2025-07-18_19:16:18,8535.0,11495.0,38911.0,13895.0,15412.0,39587.0
2025-07-18_19:16:18,8674.0,11495.0,38949.0,14195.0,15412.0,39588.0
2025-07-18_19:16:18,,,,13830.0,15412.0,39588.0
2025-07-18_19:16:22,3375.0,11495.0,38949.0,12177.0,15412.0,39588.0
2025-07-18_19:16:22,,,,,,
2025-07-18_19:16:26,6970.0,11495.0,38949.0,3792.0,15412.0,39588.0
2025-07-18_19:16:26,,,,14354.0,15412.0,39592.0
2025-07-18_19:16:30,3375.0,11495.0,38949.0,12200.0,15412.0,39592.0
2025-07-18_19:16:30,8046.0,11495.0,38955.0,13257.0,15412.0,39592.0
2025-07-18_19:16:30,9798.0,11495.0,38956.0,13957.0,15412.0,39594.0
2025-07-18_19:16:31,7977.0,11495.0,38961.0,12922.0,15412.0,39596.0
2025-07-18_19:16:31,10120.0,11495.0,38961.0,14568.0,15412.0,39596.0
2025-07-18_19:16:31,,,,,,
2025-07-18_19:16:36,2778.0,11495.0,38961.0,3776.0,15412.0,39596.0
2025-07-18_19:16:36,,,,,,
2025-07-18_19:16:40,6969.0,11495.0,38961.0,3786.0,15412.0,39596.0
2025-07-18_19:16:40,8599.0,11495.0,38962.0,14096.0,15412.0,39598.0
2025-07-18_19:16:40,8992.0,11495.0,38962.0,14026.0,15412.0,39598.0
2025-07-18_19:16:40,,,,14163.0,15412.0,39598.0
2025-07-18_19:16:44,3375.0,11495.0,38962.0,12169.0,15412.0,39598.0
2025-07-18_19:16:44,,,,14319.0,15412.0,39598.0
2025-07-18_19:16:48,3358.0,11495.0,38962.0,12160.0,15412.0,39598.0
2025-07-18_19:16:48,,,,14061.0,15412.0,39600.0
2025-07-18_19:16:52,,,,,,
2025-07-18_19:16:56,6965.0,11495.0,38963.0,3793.0,15412.0,39600.0
2025-07-18_19:16:56,8123.0,11495.0,38964.0,12806.0,15412.0,39601.0
2025-07-18_19:16:56,9905.0,11495.0,39096.0,13938.0,15412.0,39601.0
2025-07-18_19:16:57,9376.0,11518.0,39120.0,14146.0,15412.0,39601.0
2025-07-18_19:16:57,9921.0,11518.0,39121.0,13990.0,15412.0,39608.0
2025-07-18_19:16:57,9781.0,11518.0,39121.0,14373.0,15412.0,39609.0
2025-07-18_19:16:57,9575.0,11518.0,39121.0,13985.0,15412.0,39609.0
2025-07-18_19:16:57,7952.0,11518.0,39123.0,13082.0,15412.0,39609.0
2025-07-18_19:16:58,8079.0,11518.0,39125.0,13085.0,15412.0,39609.0
2025-07-18_19:16:58,10012.0,11518.0,39126.0,14319.0,15412.0,39615.0
2025-07-18_19:16:58,,,,13246.0,15412.0,39615.0
2025-07-18_19:17:02,2778.0,11518.0,39126.0,12161.0,15412.0,39616.0
2025-07-18_19:17:02,8627.0,11518.0,39126.0,13795.0,15412.0,39618.0
2025-07-18_19:17:02,8555.0,11518.0,39126.0,13841.0,15412.0,39618.0
2025-07-18_19:17:03,,,,,,
2025-07-18_19:17:07,6968.0,11518.0,39127.0,3792.0,15412.0,39618.0
2025-07-18_19:17:07,8056.0,11518.0,39128.0,13085.0,15412.0,39618.0
2025-07-18_19:17:07,8520.0,11518.0,39129.0,13620.0,15412.0,39618.0
2025-07-18_19:17:07,,,,14176.0,15412.0,39618.0
2025-07-18_19:17:11,3375.0,11518.0,39129.0,12160.0,15412.0,39618.0
2025-07-18_19:17:11,8870.0,11518.0,39129.0,13823.0,15412.0,39618.0
2025-07-18_19:17:11,9886.0,11518.0,39133.0,13987.0,15412.0,39618.0
2025-07-18_19:17:12,8021.0,11518.0,39133.0,13033.0,15412.0,39618.0
2025-07-18_19:17:12,8084.0,11518.0,39133.0,13088.0,15412.0,39618.0
2025-07-18_19:17:12,8595.0,11518.0,39135.0,14354.0,15412.0,39619.0
2025-07-18_19:17:12,7970.0,11518.0,39135.0,13298.0,15412.0,39624.0
2025-07-18_19:17:12,,,,14025.0,15412.0,39625.0
2025-07-18_19:17:16,2780.0,11518.0,39135.0,12184.0,15412.0,39625.0
2025-07-18_19:17:17,9814.0,11518.0,39211.0,14084.0,15412.0,39625.0
2025-07-18_19:17:17,8612.0,11518.0,39212.0,14070.0,15412.0,39625.0
2025-07-18_19:17:17,8526.0,11518.0,39212.0,13903.0,15412.0,39625.0
2025-07-18_19:17:17,8551.0,11518.0,39219.0,13845.0,15412.0,39625.0
2025-07-18_19:17:17,8652.0,11518.0,39220.0,14102.0,15412.0,39625.0
2025-07-18_19:17:18,8621.0,11518.0,39221.0,14386.0,15412.0,39625.0
2025-07-18_19:17:18,8579.0,11518.0,39221.0,14184.0,15412.0,39628.0
2025-07-18_19:17:18,8606.0,11518.0,39222.0,14174.0,15412.0,39628.0
2025-07-18_19:17:18,,,,,,
2025-07-18_19:17:22,6969.0,11518.0,39222.0,3793.0,15412.0,39628.0
2025-07-18_19:17:22,8583.0,11518.0,39223.0,13808.0,15412.0,39628.0
2025-07-18_19:17:23,,,,,,
2025-07-18_19:17:27,2778.0,11518.0,39223.0,3776.0,15412.0,39628.0
2025-07-18_19:17:27,10657.0,11518.0,39418.0,14392.0,15412.0,39664.0
2025-07-18_19:17:28,9882.0,11518.0,39418.0,14004.0,15412.0,39672.0
2025-07-18_19:17:28,8628.0,11518.0,39425.0,13968.0,15412.0,39672.0
2025-07-18_19:17:28,,,,13242.0,15412.0,39672.0
2025-07-18_19:17:32,2778.0,11518.0,39425.0,12188.0,15412.0,39672.0
2025-07-18_19:17:32,10216.0,11518.0,39425.0,14264.0,15412.0,39672.0
2025-07-18_19:17:32,,,,13826.0,15412.0,39672.0
2025-07-18_19:17:36,3321.0,11518.0,39425.0,12167.0,15412.0,39672.0
2025-07-18_19:17:36,8671.0,11518.0,39428.0,14353.0,15412.0,39674.0
2025-07-18_19:17:36,,,,14119.0,15412.0,39675.0
2025-07-18_19:17:40,2778.0,11518.0,39428.0,12165.0,15412.0,39675.0
2025-07-18_19:17:41,8695.0,11518.0,39431.0,14092.0,15412.0,39675.0
2025-07-18_19:17:41,7972.0,11518.0,39431.0,13315.0,15412.0,39676.0
2025-07-18_19:17:41,7971.0,11518.0,39432.0,13233.0,15412.0,39676.0
2025-07-18_19:17:41,9691.0,11518.0,39432.0,13965.0,15412.0,39676.0
2025-07-18_19:17:41,8108.0,11518.0,39432.0,13236.0,15412.0,39676.0
2025-07-18_19:17:42,8605.0,11518.0,39436.0,14088.0,15412.0,39677.0
2025-07-18_19:17:42,,,,,,
2025-07-18_19:17:46,6969.0,11518.0,39436.0,3792.0,15412.0,39677.0
2025-07-18_19:17:46,8510.0,11518.0,39437.0,14018.0,15412.0,39677.0
2025-07-18_19:17:46,9597.0,11518.0,39437.0,14145.0,15412.0,39677.0
2025-07-18_19:17:46,7953.0,11518.0,39438.0,13263.0,15412.0,39677.0
2025-07-18_19:17:47,8595.0,11520.0,39440.0,13962.0,15412.0,39686.0
2025-07-18_19:17:47,,,,,,
2025-07-18_19:17:51,6964.0,11520.0,39440.0,3792.0,15412.0,39686.0
2025-07-18_19:17:51,8632.0,11520.0,39443.0,14064.0,15412.0,39686.0
2025-07-18_19:17:51,8682.0,11520.0,39447.0,14092.0,15412.0,39686.0
2025-07-18_19:17:51,,,,,,
2025-07-18_19:17:55,6964.0,11520.0,39447.0,3792.0,15412.0,39686.0
2025-07-18_19:17:55,8664.0,11520.0,39454.0,13814.0,15412.0,39688.0
2025-07-18_19:17:56,9177.0,11520.0,39454.0,14010.0,15412.0,39688.0
2025-07-18_19:17:56,7974.0,11520.0,39454.0,13048.0,15412.0,39688.0
2025-07-18_19:17:56,9697.0,11520.0,39454.0,14005.0,15412.0,39692.0
2025-07-18_19:17:56,8547.0,11520.0,39455.0,14256.0,15412.0,39694.0
2025-07-18_19:17:56,7903.0,11520.0,39457.0,12801.0,15412.0,39694.0
2025-07-18_19:17:57,2778.0,11520.0,39457.0,12185.0,15412.0,39694.0
2025-07-18_19:17:58,8107.0,11520.0,39457.0,13339.0,15412.0,39694.0
2025-07-18_19:17:58,,,,14004.0,15412.0,39695.0
2025-07-18_19:18:02,3375.0,11520.0,39457.0,12197.0,15412.0,39695.0
2025-07-18_19:18:02,,,,,,
2025-07-18_19:18:06,2778.0,11520.0,39457.0,3776.0,15412.0,39695.0
2025-07-18_19:18:06,8016.0,11520.0,39460.0,13274.0,15412.0,39779.0
2025-07-18_19:18:07,,,,13238.0,15412.0,39779.0
2025-07-18_19:18:11,2778.0,11520.0,39460.0,12196.0,15412.0,39779.0
2025-07-18_19:18:11,9881.0,11520.0,39460.0,14190.0,15412.0,39779.0
2025-07-18_19:18:11,,,,,,
2025-07-18_19:18:15,2778.0,11520.0,39460.0,3776.0,15412.0,39779.0
2025-07-18_19:18:16,7976.0,11520.0,39481.0,13057.0,15412.0,39783.0
2025-07-18_19:18:16,7993.0,11520.0,39481.0,13272.0,15412.0,39785.0
2025-07-18_19:18:16,8004.0,11520.0,39481.0,13049.0,15412.0,39785.0
2025-07-18_19:18:16,8603.0,11520.0,39484.0,14091.0,15412.0,39785.0
2025-07-18_19:18:17,,,,,,
2025-07-18_19:18:20,6970.0,11520.0,39484.0,3793.0,15412.0,39785.0
2025-07-18_19:18:21,7945.0,11520.0,39484.0,13093.0,15412.0,39785.0
2025-07-18_19:18:21,,,,14053.0,15412.0,39785.0
2025-07-18_19:18:25,2778.0,11520.0,39484.0,12195.0,15412.0,39785.0
2025-07-18_19:18:25,10119.0,11520.0,39494.0,14071.0,15412.0,39785.0
2025-07-18_19:18:25,7964.0,11520.0,39494.0,13044.0,15412.0,39785.0
2025-07-18_19:18:25,8030.0,11520.0,39504.0,13095.0,15413.0,39786.0
2025-07-18_19:18:26,,,,14021.0,15413.0,39786.0
2025-07-18_19:18:29,3302.0,11520.0,39504.0,12190.0,15413.0,39786.0
2025-07-18_19:18:30,,,,13848.0,15413.0,39786.0
2025-07-18_19:18:33,2778.0,11520.0,39504.0,12162.0,15413.0,39786.0
2025-07-18_19:18:34,7964.0,11520.0,39528.0,12824.0,15413.0,39786.0
2025-07-18_19:18:34,,,,13276.0,15413.0,39786.0
2025-07-18_19:18:38,2778.0,11520.0,39528.0,12185.0,15413.0,39786.0
2025-07-18_19:18:38,7966.0,11520.0,39528.0,13275.0,15413.0,39786.0
2025-07-18_19:18:38,7947.0,11520.0,39532.0,13258.0,15413.0,39786.0
2025-07-18_19:18:38,8511.0,11520.0,39532.0,14277.0,15413.0,39789.0
2025-07-18_19:18:39,8519.0,11520.0,39534.0,13436.0,15413.0,39789.0
2025-07-18_19:18:39,8547.0,11520.0,39535.0,13892.0,15413.0,39789.0
2025-07-18_19:18:39,8501.0,11520.0,39535.0,14018.0,15413.0,39789.0
2025-07-18_19:18:39,8113.0,11520.0,39535.0,13050.0,15413.0,39789.0
2025-07-18_19:18:40,,,,,,
2025-07-18_19:18:43,6961.0,11520.0,39535.0,3794.0,15413.0,39789.0
2025-07-18_19:18:44,,,,13069.0,15413.0,39789.0
2025-07-18_19:18:48,2778.0,11520.0,39535.0,12168.0,15413.0,39789.0
2025-07-18_19:18:48,,,,13850.0,15413.0,39789.0
2025-07-18_19:18:52,2778.0,11520.0,39535.0,12163.0,15413.0,39789.0
2025-07-18_19:18:52,9552.0,11520.0,39538.0,13776.0,15413.0,39789.0
2025-07-18_19:18:52,8144.0,11520.0,39543.0,13346.0,15413.0,39790.0
2025-07-18_19:18:52,8132.0,11520.0,39547.0,13057.0,15413.0,39790.0
2025-07-18_19:18:52,10084.0,11520.0,39563.0,14037.0,15413.0,39790.0
2025-07-18_19:18:53,,,,,,
2025-07-18_19:18:57,6970.0,11520.0,39563.0,3792.0,15413.0,39790.0
2025-07-18_19:18:57,,,,,,
2025-07-18_19:19:01,,,,3793.0,15413.0,39790.0
2025-07-18_19:19:04,2778.0,11520.0,39563.0,12190.0,15413.0,39790.0
2025-07-18_19:19:05,10164.0,11520.0,39563.0,13961.0,15413.0,39792.0
2025-07-18_19:19:05,,,,14027.0,15413.0,39792.0
2025-07-18_19:19:09,3375.0,11520.0,39563.0,12197.0,15413.0,39792.0
2025-07-18_19:19:09,8119.0,11520.0,39563.0,12839.0,15413.0,39792.0
2025-07-18_19:19:09,7954.0,11520.0,39565.0,13087.0,15413.0,39792.0
2025-07-18_19:19:09,8512.0,11520.0,39565.0,13798.0,15413.0,39792.0
2025-07-18_19:19:09,7991.0,11520.0,39565.0,13047.0,15413.0,39792.0
2025-07-18_19:19:10,8124.0,11520.0,39569.0,13073.0,15413.0,39792.0
2025-07-18_19:19:10,7960.0,11520.0,39575.0,13083.0,15413.0,39792.0
2025-07-18_19:19:10,8046.0,11520.0,39575.0,13049.0,15413.0,39792.0
2025-07-18_19:19:10,,,,14177.0,15413.0,39792.0
2025-07-18_19:19:14,3358.0,11520.0,39575.0,12191.0,15413.0,39792.0
2025-07-18_19:19:14,7966.0,11520.0,39578.0,13053.0,15413.0,39792.0
2025-07-18_19:19:14,8540.0,11520.0,39578.0,13726.0,15413.0,39792.0
2025-07-18_19:19:15,10010.0,11520.0,39584.0,14143.0,15413.0,39792.0
2025-07-18_19:19:15,7975.0,11520.0,39590.0,13089.0,15413.0,39792.0
2025-07-18_19:19:15,9936.0,11520.0,39590.0,13791.0,15413.0,39792.0
2025-07-18_19:19:16,2778.0,11520.0,39590.0,12171.0,15413.0,39792.0
2025-07-18_19:19:16,8528.0,11520.0,39590.0,13820.0,15413.0,39792.0
2025-07-18_19:19:16,8527.0,11520.0,39590.0,13806.0,15413.0,39792.0
2025-07-18_19:19:17,8688.0,11520.0,39591.0,14261.0,15413.0,39792.0
2025-07-18_19:19:17,9854.0,11520.0,39591.0,14031.0,15413.0,39792.0
2025-07-18_19:19:17,9279.0,11520.0,39592.0,14168.0,15413.0,39798.0
2025-07-18_19:19:17,8547.0,11520.0,39592.0,13779.0,15413.0,39798.0
2025-07-18_19:19:18,8539.0,11520.0,39592.0,14043.0,15413.0,39798.0
2025-07-18_19:19:18,7964.0,11520.0,39592.0,13526.0,15413.0,39798.0
2025-07-18_19:19:18,7965.0,11520.0,39592.0,13044.0,15413.0,39798.0
2025-07-18_19:19:18,8035.0,11520.0,39593.0,13308.0,15413.0,39800.0
2025-07-18_19:19:18,9874.0,11520.0,39593.0,13747.0,15413.0,39800.0
2025-07-18_19:19:19,7988.0,11520.0,39593.0,13259.0,15413.0,39800.0
2025-07-18_19:19:19,7962.0,11520.0,39593.0,13216.0,15413.0,39800.0
2025-07-18_19:19:19,8331.0,11520.0,39594.0,13167.0,15413.0,39800.0
2025-07-18_19:19:19,10229.0,11520.0,39595.0,14095.0,15413.0,39800.0
2025-07-18_19:19:19,8770.0,11520.0,39605.0,14092.0,15413.0,39831.0
2025-07-18_19:19:20,8015.0,11520.0,39605.0,13057.0,15413.0,39831.0
2025-07-18_19:19:20,,,,14186.0,15413.0,39831.0
2025-07-18_19:19:24,3302.0,11520.0,39605.0,12198.0,15413.0,39831.0
2025-07-18_19:19:24,7999.0,11520.0,39608.0,13086.0,15413.0,39835.0
2025-07-18_19:19:24,8113.0,11520.0,39608.0,13253.0,15413.0,39835.0
2025-07-18_19:19:24,7985.0,11520.0,39608.0,13078.0,15413.0,39835.0
2025-07-18_19:19:24,8592.0,11520.0,39608.0,14090.0,15413.0,39835.0
2025-07-18_19:19:25,8519.0,11520.0,39608.0,13834.0,15413.0,39835.0
2025-07-18_19:19:25,8568.0,11520.0,39608.0,13666.0,15413.0,39835.0
2025-07-18_19:19:25,9837.0,11520.0,39611.0,14247.0,15413.0,39838.0
2025-07-18_19:19:25,7947.0,11520.0,39611.0,13087.0,15413.0,39838.0
2025-07-18_19:19:26,8113.0,11520.0,39611.0,13277.0,15413.0,39838.0
2025-07-18_19:19:26,,,,13984.0,15413.0,39840.0
2025-07-18_19:19:30,2780.0,11520.0,39611.0,12184.0,15413.0,39840.0
2025-07-18_19:19:30,10167.0,11520.0,39611.0,14078.0,15413.0,39889.0
2025-07-18_19:19:30,7965.0,11520.0,39611.0,13253.0,15413.0,39889.0
2025-07-18_19:19:30,8656.0,11520.0,39611.0,14357.0,15413.0,39890.0
2025-07-18_19:19:31,8574.0,11520.0,39612.0,14080.0,15413.0,39890.0
2025-07-18_19:19:31,7949.0,11520.0,39612.0,13055.0,15413.0,39890.0
2025-07-18_19:19:31,8529.0,11520.0,39617.0,13797.0,15413.0,39890.0
2025-07-18_19:19:31,8014.0,11520.0,39617.0,13050.0,15413.0,39890.0
2025-07-18_19:19:32,,,,14279.0,15413.0,39891.0
2025-07-18_19:19:35,3358.0,11520.0,39617.0,12184.0,15413.0,39891.0
2025-07-18_19:19:35,10105.0,11520.0,39637.0,14095.0,15413.0,39903.0
2025-07-18_19:19:36,7999.0,11520.0,39637.0,13087.0,15413.0,39903.0
2025-07-18_19:19:36,,,,,,
2025-07-18_19:19:40,6956.0,11520.0,39637.0,3793.0,15413.0,39903.0
2025-07-18_19:19:40,8571.0,11520.0,39638.0,13860.0,15413.0,39924.0
2025-07-18_19:19:40,8584.0,11520.0,39638.0,14079.0,15413.0,39924.0
2025-07-18_19:19:40,7991.0,11520.0,39644.0,13080.0,15413.0,39924.0
2025-07-18_19:19:41,7996.0,11520.0,39644.0,13082.0,15413.0,39924.0
2025-07-18_19:19:41,8047.0,11520.0,39644.0,13223.0,15413.0,39924.0
2025-07-18_19:19:41,8583.0,11520.0,39644.0,14066.0,15413.0,39924.0
2025-07-18_19:19:41,8582.0,11520.0,39686.0,14082.0,15413.0,39924.0
2025-07-18_19:19:42,,,,,,
2025-07-18_19:19:45,6970.0,11520.0,39686.0,3792.0,15413.0,39924.0
2025-07-18_19:19:46,,,,,,
2025-07-18_19:19:49,6969.0,11520.0,39686.0,3792.0,15413.0,39924.0
2025-07-18_19:19:50,10206.0,11520.0,39775.0,13806.0,15413.0,39924.0
2025-07-18_19:19:50,8117.0,11520.0,39776.0,13229.0,15413.0,39924.0
2025-07-18_19:19:50,8701.0,11520.0,39776.0,14077.0,15413.0,39924.0
2025-07-18_19:19:50,8663.0,11520.0,39776.0,14088.0,15413.0,39924.0
2025-07-18_19:19:51,8635.0,11520.0,39786.0,13896.0,15413.0,39964.0
2025-07-18_19:19:51,8108.0,11520.0,39786.0,13087.0,15413.0,39964.0
2025-07-18_19:19:51,8637.0,11520.0,39786.0,14069.0,15413.0,39964.0
2025-07-18_19:19:55,,,,,,
2025-07-18_19:19:59,6963.0,11520.0,39786.0,3787.0,15413.0,39964.0
2025-07-18_19:19:59,7949.0,11520.0,39786.0,13226.0,15413.0,39965.0
2025-07-18_19:19:59,9904.0,11520.0,39787.0,13983.0,15413.0,39965.0
2025-07-18_19:19:59,7942.0,11520.0,39787.0,13534.0,15413.0,39965.0
2025-07-18_19:20:00,,,,,,
2025-07-18_19:20:03,,,,3792.0,15413.0,39965.0
2025-07-18_19:20:07,2778.0,11520.0,39787.0,12191.0,15413.0,39965.0
2025-07-18_19:20:07,,,,,,
2025-07-18_19:20:11,6964.0,11520.0,39787.0,3786.0,15413.0,39965.0
2025-07-18_19:20:11,7964.0,11520.0,39787.0,13228.0,15413.0,39965.0
2025-07-18_19:20:12,7976.0,11520.0,39787.0,13265.0,15413.0,39965.0
2025-07-18_19:20:12,8621.0,11520.0,39834.0,14131.0,15413.0,39975.0
2025-07-18_19:20:12,7954.0,11520.0,39837.0,13080.0,15413.0,39975.0
2025-07-18_19:20:12,8566.0,11520.0,39837.0,14273.0,15413.0,39975.0
2025-07-18_19:20:13,,,,13951.0,15413.0,39975.0
2025-07-18_19:20:16,3375.0,11520.0,39837.0,12183.0,15413.0,39975.0
2025-07-18_19:20:17,7991.0,11520.0,39837.0,13317.0,15413.0,39975.0
2025-07-18_19:20:17,7954.0,11520.0,39837.0,13252.0,15413.0,39980.0
2025-07-18_19:20:17,7977.0,11520.0,39837.0,13263.0,15413.0,39980.0
2025-07-18_19:20:17,8612.0,11520.0,39839.0,14097.0,15413.0,39980.0
2025-07-18_19:20:17,8669.0,11520.0,39858.0,13898.0,15413.0,39980.0
2025-07-18_19:20:18,8686.0,11520.0,39861.0,14094.0,15413.0,39980.0
2025-07-18_19:20:18,8517.0,11520.0,39861.0,13804.0,15413.0,39980.0
2025-07-18_19:20:18,8632.0,11520.0,39861.0,14100.0,15413.0,39980.0
2025-07-18_19:20:18,7959.0,11520.0,39861.0,13082.0,15413.0,39980.0
2025-07-18_19:20:18,,,,,,
2025-07-18_19:20:22,6964.0,11520.0,39861.0,3786.0,15413.0,39980.0
2025-07-18_19:20:22,9974.0,11520.0,39866.0,13994.0,15413.0,39980.0
2025-07-18_19:20:23,8001.0,11520.0,39866.0,13234.0,15413.0,39980.0
2025-07-18_19:20:23,9428.0,11520.0,39866.0,14011.0,15413.0,39980.0
2025-07-18_19:20:23,9910.0,11520.0,39917.0,14111.0,15413.0,39982.0
2025-07-18_19:20:23,8571.0,11520.0,39926.0,14092.0,15413.0,39982.0
2025-07-18_19:20:24,10590.0,11520.0,39931.0,14449.0,15413.0,39997.0
2025-07-18_19:20:24,8408.0,11520.0,39931.0,13812.0,15413.0,39997.0
2025-07-18_19:20:24,,,,14077.0,15413.0,39997.0
2025-07-18_19:20:28,2778.0,11520.0,39931.0,12185.0,15413.0,39997.0
2025-07-18_19:20:28,,,,13849.0,15413.0,39997.0
2025-07-18_19:20:32,3358.0,11520.0,39931.0,12175.0,15413.0,39997.0
2025-07-18_19:20:32,8342.0,11520.0,39936.0,13775.0,15413.0,39998.0
2025-07-18_19:20:32,7945.0,11520.0,39936.0,13255.0,15413.0,39998.0
2025-07-18_19:20:32,8524.0,11520.0,39936.0,14022.0,15413.0,39998.0
2025-07-18_19:20:33,7983.0,11520.0,39936.0,13073.0,15413.0,39998.0
2025-07-18_19:20:33,10012.0,11520.0,39991.0,14108.0,15413.0,40011.0
2025-07-18_19:20:33,7980.0,11520.0,39991.0,12799.0,15413.0,40011.0
2025-07-18_19:20:33,7960.0,11520.0,39991.0,13052.0,15413.0,40011.0
2025-07-18_19:20:34,8540.0,11520.0,39991.0,12887.0,15413.0,40011.0
2025-07-18_19:20:34,,,,,,
2025-07-18_19:20:38,6971.0,11520.0,39991.0,3793.0,15413.0,40011.0
2025-07-18_19:20:38,7960.0,11520.0,39993.0,13084.0,15413.0,40011.0
2025-07-18_19:20:38,9367.0,11520.0,39993.0,14045.0,15413.0,40011.0
2025-07-18_19:20:38,7992.0,11520.0,39994.0,12860.0,15413.0,40011.0
2025-07-18_19:20:38,7969.0,11520.0,39999.0,13260.0,15413.0,40011.0
2025-07-18_19:20:39,8534.0,11520.0,39999.0,13818.0,15413.0,40011.0
2025-07-18_19:20:39,7963.0,11520.0,39999.0,13089.0,15413.0,40011.0
2025-07-18_19:20:39,,,,,,
2025-07-18_19:20:43,6955.0,11520.0,39999.0,3792.0,15413.0,40011.0
2025-07-18_19:20:43,,,,,,
2025-07-18_19:20:47,6962.0,11520.0,39999.0,3792.0,15413.0,40011.0
2025-07-18_19:20:47,8541.0,11520.0,39999.0,13875.0,15413.0,40027.0
2025-07-18_19:20:47,8508.0,11520.0,40001.0,14223.0,15413.0,40028.0
2025-07-18_19:20:48,7966.0,11520.0,40001.0,13079.0,15413.0,40028.0
2025-07-18_19:20:48,8140.0,11520.0,40001.0,13078.0,15413.0,40028.0
2025-07-18_19:20:48,,,,13940.0,15413.0,40028.0
2025-07-18_19:20:52,3319.0,11520.0,40001.0,12165.0,15413.0,40028.0
2025-07-18_19:20:52,,,,,,
2025-07-18_19:20:56,6962.0,11520.0,40001.0,3793.0,15413.0,40028.0
2025-07-18_19:20:56,7974.0,11520.0,40016.0,13060.0,15413.0,40028.0
2025-07-18_19:20:56,8494.0,11520.0,40019.0,14365.0,15413.0,40028.0
2025-07-18_19:20:56,8535.0,11520.0,40025.0,14009.0,15413.0,40028.0
2025-07-18_19:20:57,7960.0,11520.0,40025.0,13089.0,15413.0,40030.0
2025-07-18_19:20:57,7964.0,11520.0,40025.0,13486.0,15413.0,40030.0
2025-07-18_19:20:57,8009.0,11520.0,40026.0,13264.0,15413.0,40030.0
2025-07-18_19:20:57,,,,,,
2025-07-18_19:21:01,6973.0,11520.0,40026.0,3793.0,15413.0,40030.0
2025-07-18_19:21:01,8557.0,11520.0,40027.0,14094.0,15413.0,40031.0
2025-07-18_19:21:02,8005.0,11520.0,40027.0,12893.0,15413.0,40036.0
2025-07-18_19:21:02,7976.0,11520.0,40027.0,13086.0,15413.0,40036.0
2025-07-18_19:21:02,7970.0,11520.0,40027.0,13053.0,15413.0,40036.0
2025-07-18_19:21:02,8623.0,11520.0,40027.0,14068.0,15413.0,40036.0
2025-07-18_19:21:02,8501.0,11520.0,40027.0,13723.0,15413.0,40036.0
2025-07-18_19:21:03,,,,,,
2025-07-18_19:21:06,6969.0,11520.0,40027.0,3792.0,15413.0,40036.0
2025-07-18_19:21:07,10095.0,11520.0,40027.0,13794.0,15413.0,40036.0
2025-07-18_19:21:07,8117.0,11520.0,40031.0,13251.0,15413.0,40036.0
2025-07-18_19:21:07,8533.0,11520.0,40031.0,13836.0,15413.0,40036.0
2025-07-18_19:21:07,7972.0,11520.0,40031.0,13230.0,15413.0,40036.0
2025-07-18_19:21:08,7961.0,11520.0,40031.0,13232.0,15413.0,40036.0
2025-07-18_19:21:08,9965.0,11520.0,40037.0,14075.0,15413.0,40036.0
2025-07-18_19:21:08,8058.0,11520.0,40038.0,13048.0,15413.0,40036.0
2025-07-18_19:21:08,10289.0,11520.0,40099.0,14269.0,15413.0,40036.0
2025-07-18_19:21:09,8643.0,11520.0,40103.0,14112.0,15413.0,40036.0
2025-07-18_19:21:09,,,,,,
2025-07-18_19:21:13,6965.0,11520.0,40103.0,3787.0,15413.0,40036.0
2025-07-18_19:21:13,7966.0,11520.0,40103.0,13075.0,15413.0,40036.0
2025-07-18_19:21:13,,,,,,
2025-07-18_19:21:17,6965.0,11520.0,40103.0,3793.0,15413.0,40036.0
2025-07-18_19:21:17,8859.0,11520.0,40110.0,14227.0,15413.0,40036.0
2025-07-18_19:21:17,8509.0,11520.0,40110.0,13259.0,15413.0,40036.0
2025-07-18_19:21:18,8537.0,11520.0,40110.0,13817.0,15413.0,40036.0
2025-07-18_19:21:18,7975.0,11520.0,40110.0,13083.0,15413.0,40036.0
2025-07-18_19:21:18,7966.0,11520.0,40150.0,13272.0,15413.0,40036.0
2025-07-18_19:21:18,7991.0,11520.0,40157.0,13077.0,15413.0,40036.0
2025-07-18_19:21:18,7960.0,11520.0,40157.0,13076.0,15413.0,40036.0
2025-07-18_19:21:19,8626.0,11520.0,40158.0,14090.0,15413.0,40036.0
2025-07-18_19:21:19,8550.0,11520.0,40158.0,14109.0,15413.0,40036.0
2025-07-18_19:21:19,10064.0,11520.0,40158.0,14118.0,15413.0,40036.0
2025-07-18_19:21:19,7987.0,11520.0,40158.0,13048.0,15413.0,40036.0
2025-07-18_19:21:20,8538.0,11520.0,40159.0,14041.0,15413.0,40036.0
2025-07-18_19:21:20,10025.0,11520.0,40159.0,13860.0,15413.0,40036.0
2025-07-18_19:21:20,7976.0,11520.0,40159.0,13232.0,15413.0,40036.0
2025-07-18_19:21:20,8519.0,11520.0,40159.0,13248.0,15413.0,40040.0
2025-07-18_19:21:20,7947.0,11520.0,40160.0,13080.0,15413.0,40040.0
2025-07-18_19:21:21,,,,,,
2025-07-18_19:21:24,6966.0,11520.0,40160.0,3793.0,15413.0,40040.0
2025-07-18_19:21:25,8093.0,11520.0,40160.0,13356.0,15413.0,40040.0
2025-07-18_19:21:25,8530.0,11520.0,40169.0,14002.0,15413.0,40040.0
2025-07-18_19:21:25,8615.0,11520.0,40169.0,14097.0,15413.0,40040.0
2025-07-18_19:21:25,8066.0,11520.0,40169.0,13347.0,15413.0,40040.0
2025-07-18_19:21:26,10160.0,11520.0,40206.0,13729.0,15413.0,40040.0
2025-07-18_19:21:26,8516.0,11520.0,40206.0,13666.0,15413.0,40041.0
2025-07-18_19:21:26,7950.0,11520.0,40208.0,13343.0,15413.0,40041.0
2025-07-18_19:21:26,8036.0,11520.0,40208.0,13255.0,15413.0,40041.0
2025-07-18_19:21:26,7955.0,11520.0,40208.0,12812.0,15413.0,40041.0
2025-07-18_19:21:27,,,,,,
2025-07-18_19:21:31,6969.0,11520.0,40208.0,3792.0,15413.0,40041.0
2025-07-18_19:21:31,8635.0,11520.0,40208.0,14081.0,15413.0,40041.0
2025-07-18_19:21:31,8512.0,11520.0,40210.0,14015.0,15413.0,40041.0
2025-07-18_19:21:31,8122.0,11520.0,40210.0,13353.0,15413.0,40044.0
2025-07-18_19:21:31,7968.0,11520.0,40210.0,13056.0,15413.0,40045.0
2025-07-18_19:21:32,8114.0,11520.0,40210.0,12837.0,15413.0,40045.0
2025-07-18_19:21:32,8122.0,11520.0,40210.0,13054.0,15413.0,40045.0
2025-07-18_19:21:32,7964.0,11520.0,40214.0,12897.0,15413.0,40048.0
2025-07-18_19:21:32,,,,13251.0,15413.0,40048.0
2025-07-18_19:21:36,2778.0,11520.0,40214.0,12165.0,15413.0,40048.0
2025-07-18_19:21:36,7970.0,11520.0,40214.0,12838.0,15413.0,40048.0
2025-07-18_19:21:37,7985.0,11520.0,40215.0,13053.0,15413.0,40048.0
2025-07-18_19:21:37,7985.0,11520.0,40215.0,13077.0,15413.0,40048.0
2025-07-18_19:21:37,7991.0,11520.0,40215.0,13081.0,15413.0,40048.0
2025-07-18_19:21:37,10017.0,11520.0,40215.0,13781.0,15413.0,40048.0
2025-07-18_19:21:38,8511.0,11520.0,40215.0,13940.0,15413.0,40048.0
2025-07-18_19:21:38,8597.0,11520.0,40219.0,13874.0,15413.0,40048.0
2025-07-18_19:21:38,7961.0,11520.0,40219.0,13040.0,15413.0,40048.0
2025-07-18_19:21:38,7948.0,11520.0,40219.0,13076.0,15413.0,40048.0
2025-07-18_19:21:38,,,,13063.0,15413.0,40048.0
2025-07-18_19:21:42,2778.0,11520.0,40219.0,12191.0,15413.0,40048.0
2025-07-18_19:21:43,8649.0,11520.0,40219.0,14047.0,15413.0,40048.0
2025-07-18_19:21:43,,,,,,
2025-07-18_19:21:47,6970.0,11520.0,40219.0,3793.0,15413.0,40048.0
2025-07-18_19:21:47,,,,13087.0,15413.0,40071.0
2025-07-18_19:21:51,2778.0,11520.0,40219.0,12188.0,15413.0,40071.0
2025-07-18_19:21:51,8537.0,11520.0,40219.0,13781.0,15413.0,40071.0
2025-07-18_19:21:51,9876.0,11520.0,40219.0,14041.0,15413.0,40071.0
2025-07-18_19:21:51,8523.0,11520.0,40219.0,13993.0,15413.0,40071.0
2025-07-18_19:21:52,9785.0,11520.0,40232.0,14223.0,15413.0,40071.0
2025-07-18_19:21:52,8098.0,11520.0,40232.0,13069.0,15413.0,40071.0
2025-07-18_19:21:52,7949.0,11520.0,40234.0,13301.0,15413.0,40071.0
2025-07-18_19:21:52,7982.0,11520.0,40234.0,13041.0,15413.0,40071.0
2025-07-18_19:21:52,7960.0,11520.0,40234.0,12807.0,15413.0,40071.0
2025-07-18_19:21:53,7976.0,11520.0,40234.0,13080.0,15413.0,40071.0
2025-07-18_19:21:53,9906.0,11520.0,40234.0,13975.0,15413.0,40071.0
2025-07-18_19:21:53,7958.0,11520.0,40234.0,13082.0,15413.0,40071.0
2025-07-18_19:21:53,8609.0,11520.0,40235.0,14044.0,15413.0,40071.0
2025-07-18_19:21:54,8023.0,11520.0,40235.0,13229.0,15413.0,40071.0
2025-07-18_19:21:54,8711.0,11520.0,40236.0,14069.0,15413.0,40071.0
2025-07-18_19:21:54,10004.0,11520.0,40317.0,14005.0,15413.0,40084.0
2025-07-18_19:21:54,8504.0,11520.0,40317.0,13622.0,15413.0,40084.0
2025-07-18_19:21:54,7967.0,11520.0,40317.0,13083.0,15413.0,40084.0
2025-07-18_19:21:55,7975.0,11520.0,40317.0,12903.0,15413.0,40084.0
2025-07-18_19:21:55,8027.0,11520.0,40317.0,13229.0,15413.0,40084.0
2025-07-18_19:21:55,7980.0,11520.0,40317.0,13306.0,15413.0,40084.0
2025-07-18_19:21:55,7960.0,11520.0,40318.0,13082.0,15413.0,40084.0
2025-07-18_19:21:55,9979.0,11520.0,40318.0,14043.0,15413.0,40085.0
2025-07-18_19:21:56,9779.0,11520.0,40321.0,14110.0,15413.0,40086.0
2025-07-18_19:21:56,7978.0,11520.0,40321.0,13265.0,15413.0,40086.0
2025-07-18_19:21:56,7970.0,11520.0,40321.0,12859.0,15413.0,40086.0
2025-07-18_19:21:56,7976.0,11520.0,40321.0,13049.0,15413.0,40086.0
2025-07-18_19:21:57,8559.0,11520.0,40321.0,14279.0,15413.0,40086.0
2025-07-18_19:21:57,7963.0,11520.0,40321.0,13052.0,15413.0,40086.0
2025-07-18_19:21:57,10123.0,11520.0,40321.0,13812.0,15413.0,40087.0
2025-07-18_19:21:57,8118.0,11520.0,40321.0,13048.0,15413.0,40087.0
2025-07-18_19:21:57,,,,,,
2025-07-18_19:22:01,6952.0,11520.0,40321.0,3787.0,15413.0,40087.0
2025-07-18_19:22:01,8121.0,11520.0,40321.0,13075.0,15413.0,40087.0
2025-07-18_19:22:02,7973.0,11520.0,40321.0,13227.0,15413.0,40087.0
2025-07-18_19:22:02,8127.0,11520.0,40321.0,13250.0,15413.0,40087.0
2025-07-18_19:22:02,8647.0,11520.0,40321.0,14080.0,15413.0,40088.0
2025-07-18_19:22:02,8555.0,11520.0,40321.0,13858.0,15413.0,40088.0
2025-07-18_19:22:03,9870.0,11520.0,40321.0,14045.0,15413.0,40088.0
2025-07-18_19:22:03,7968.0,11520.0,40321.0,13453.0,15413.0,40088.0
2025-07-18_19:22:03,8042.0,11520.0,40321.0,13088.0,15413.0,40088.0
2025-07-18_19:22:03,8542.0,11520.0,40321.0,13795.0,15413.0,40088.0
2025-07-18_19:22:03,7975.0,11520.0,40324.0,13226.0,15413.0,40088.0
2025-07-18_19:22:04,,,,13837.0,15413.0,40088.0
2025-07-18_19:22:07,3375.0,11520.0,40324.0,12160.0,15413.0,40088.0
2025-07-18_19:22:08,,,,13094.0,15413.0,40097.0
2025-07-18_19:22:11,2778.0,11520.0,40324.0,12185.0,15413.0,40097.0
2025-07-18_19:22:12,7973.0,11520.0,40331.0,13078.0,15413.0,40097.0
2025-07-18_19:22:12,7961.0,11520.0,40331.0,13521.0,15413.0,40097.0
2025-07-18_19:22:12,8770.0,11520.0,40332.0,14094.0,15413.0,40099.0
2025-07-18_19:22:12,,,,13223.0,15413.0,40099.0
2025-07-18_19:22:16,,,,,,
2025-07-18_19:22:20,6957.0,11520.0,40332.0,3787.0,15413.0,40099.0
2025-07-18_19:22:20,,,,14295.0,15413.0,40101.0
2025-07-18_19:22:24,3375.0,11520.0,40332.0,12182.0,15413.0,40101.0
2025-07-18_19:22:24,9813.0,11520.0,40332.0,13980.0,15413.0,40101.0
2025-07-18_19:22:24,8115.0,11520.0,40332.0,13076.0,15413.0,40101.0
2025-07-18_19:22:24,8646.0,11520.0,40332.0,13964.0,15413.0,40102.0
2025-07-18_19:22:25,,,,,,
2025-07-18_19:22:28,6963.0,11520.0,40332.0,3787.0,15413.0,40102.0
2025-07-18_19:22:29,7966.0,11520.0,40332.0,13228.0,15413.0,40103.0
2025-07-18_19:22:29,8049.0,11520.0,40332.0,13267.0,15413.0,40103.0
2025-07-18_19:22:29,7968.0,11520.0,40332.0,13227.0,15413.0,40103.0
2025-07-18_19:22:29,,,,,,
2025-07-18_19:22:33,6961.0,11520.0,40332.0,3792.0,15413.0,40103.0
2025-07-18_19:22:33,7947.0,11520.0,40332.0,13042.0,15413.0,40103.0
2025-07-18_19:22:34,7963.0,11520.0,40333.0,13280.0,15413.0,40103.0
2025-07-18_19:22:34,7951.0,11520.0,40333.0,13082.0,15413.0,40103.0
2025-07-18_19:22:34,8541.0,11520.0,40337.0,13836.0,15413.0,40103.0
2025-07-18_19:22:34,8531.0,11520.0,40337.0,14044.0,15413.0,40103.0
2025-07-18_19:22:34,7948.0,11520.0,40337.0,13077.0,15413.0,40103.0
2025-07-18_19:22:35,8634.0,11520.0,40338.0,14109.0,15413.0,40104.0
2025-07-18_19:22:35,10161.0,11520.0,40338.0,14011.0,15413.0,40104.0
2025-07-18_19:22:35,7962.0,11520.0,40338.0,13308.0,15413.0,40106.0
2025-07-18_19:22:35,8535.0,11520.0,40339.0,13833.0,15413.0,40106.0
2025-07-18_19:22:36,7969.0,11520.0,40339.0,13085.0,15413.0,40106.0
2025-07-18_19:22:36,8530.0,11520.0,40339.0,13812.0,15413.0,40106.0
2025-07-18_19:22:36,8634.0,11520.0,40339.0,14083.0,15413.0,40106.0
2025-07-18_19:22:36,,,,13370.0,15413.0,40108.0
2025-07-18_19:22:40,2778.0,11520.0,40339.0,12192.0,15413.0,40108.0
2025-07-18_19:22:40,8538.0,11520.0,40339.0,14018.0,15413.0,40108.0
2025-07-18_19:22:40,7960.0,11520.0,40339.0,13039.0,15413.0,40108.0
2025-07-18_19:22:41,10108.0,11520.0,40339.0,14287.0,15413.0,40117.0
2025-07-18_19:22:41,,,,,,
2025-07-18_19:22:45,6967.0,11520.0,40339.0,3793.0,15413.0,40117.0
2025-07-18_19:22:45,8128.0,11520.0,40339.0,13262.0,15413.0,40117.0
2025-07-18_19:22:45,8522.0,11520.0,40339.0,13229.0,15413.0,40117.0
2025-07-18_19:22:45,7966.0,11520.0,40339.0,13255.0,15413.0,40117.0
2025-07-18_19:22:46,8567.0,11520.0,40339.0,13916.0,15413.0,40117.0
2025-07-18_19:22:46,8545.0,11520.0,40340.0,14140.0,15413.0,40117.0
2025-07-18_19:22:46,8021.0,11520.0,40340.0,13056.0,15413.0,40117.0
2025-07-18_19:22:46,,,,14301.0,15413.0,40117.0
2025-07-18_19:22:50,2778.0,11520.0,40340.0,12197.0,15413.0,40118.0
2025-07-18_19:22:51,9988.0,11520.0,40340.0,13875.0,15413.0,40118.0
2025-07-18_19:22:51,7960.0,11520.0,40340.0,13520.0,15413.0,40118.0
2025-07-18_19:22:51,9984.0,11520.0,40340.0,13986.0,15413.0,40118.0
2025-07-18_19:22:51,7989.0,11520.0,40340.0,13230.0,15413.0,40118.0
2025-07-18_19:22:51,7973.0,11520.0,40340.0,13260.0,15413.0,40118.0
2025-07-18_19:22:52,8606.0,11520.0,40340.0,14281.0,15413.0,40119.0
2025-07-18_19:22:52,8103.0,11520.0,40340.0,13083.0,15413.0,40119.0
2025-07-18_19:22:52,7973.0,11520.0,40340.0,13307.0,15413.0,40119.0
2025-07-18_19:22:52,7994.0,11520.0,40340.0,13237.0,15413.0,40119.0
2025-07-18_19:22:52,8117.0,11520.0,40344.0,13264.0,15413.0,40119.0
2025-07-18_19:22:53,7948.0,11520.0,40347.0,13229.0,15413.0,40119.0
2025-07-18_19:22:53,,,,,,
2025-07-18_19:22:57,6965.0,11520.0,40347.0,3786.0,15413.0,40119.0
2025-07-18_19:22:57,7968.0,11520.0,40347.0,13342.0,15413.0,40119.0
2025-07-18_19:22:57,7962.0,11520.0,40347.0,13336.0,15413.0,40119.0
2025-07-18_19:22:57,9692.0,11520.0,40348.0,14045.0,15413.0,40119.0
2025-07-18_19:22:58,8015.0,11520.0,40348.0,13268.0,15413.0,40119.0
2025-07-18_19:22:58,,,,,,
2025-07-18_19:23:02,6968.0,11520.0,40348.0,3792.0,15413.0,40119.0
2025-07-18_19:23:02,7989.0,11520.0,40348.0,13251.0,15413.0,40119.0
2025-07-18_19:23:02,7960.0,11520.0,40364.0,13339.0,15413.0,40119.0
2025-07-18_19:23:02,9245.0,11520.0,40364.0,13787.0,15413.0,40119.0
2025-07-18_19:23:02,9930.0,11520.0,40364.0,14004.0,15413.0,40119.0
2025-07-18_19:23:03,7973.0,11520.0,40364.0,12838.0,15413.0,40123.0
2025-07-18_19:23:03,7971.0,11520.0,40364.0,13219.0,15413.0,40123.0
2025-07-18_19:23:04,2778.0,11520.0,40364.0,12167.0,15413.0,40123.0
2025-07-18_19:23:04,8119.0,11520.0,40364.0,13267.0,15413.0,40123.0
2025-07-18_19:23:04,10110.0,11520.0,40364.0,14512.0,15413.0,40124.0
2025-07-18_19:23:04,7963.0,11520.0,40364.0,13269.0,15413.0,40124.0
2025-07-18_19:23:05,8117.0,11520.0,40364.0,13261.0,15413.0,40126.0
2025-07-18_19:23:05,,,,13839.0,15413.0,40126.0
2025-07-18_19:23:09,3302.0,11520.0,40364.0,12162.0,15413.0,40126.0
2025-07-18_19:23:09,7961.0,11520.0,40364.0,13040.0,15413.0,40126.0
2025-07-18_19:23:09,7975.0,11520.0,40365.0,13076.0,15413.0,40126.0
2025-07-18_19:23:09,7982.0,11520.0,40365.0,13259.0,15413.0,40126.0
2025-07-18_19:23:09,7957.0,11520.0,40365.0,13049.0,15413.0,40126.0
2025-07-18_19:23:10,7971.0,11520.0,40366.0,13053.0,15413.0,40126.0
2025-07-18_19:23:10,8091.0,11520.0,40368.0,13270.0,15413.0,40126.0
2025-07-18_19:23:10,,,,,,
2025-07-18_19:23:14,6963.0,11520.0,40368.0,3792.0,15413.0,40126.0
2025-07-18_19:23:14,7946.0,11520.0,40368.0,13347.0,15413.0,40126.0
2025-07-18_19:23:18,2778.0,11520.0,40368.0,12188.0,15413.0,40126.0
2025-07-18_19:23:18,7962.0,11520.0,40368.0,13080.0,15413.0,40126.0
2025-07-18_19:23:19,7969.0,11520.0,40368.0,13350.0,15413.0,40126.0
2025-07-18_19:23:19,7971.0,11520.0,40370.0,13265.0,15413.0,40126.0
2025-07-18_19:23:19,8119.0,11520.0,40370.0,13049.0,15413.0,40126.0
2025-07-18_19:23:19,8597.0,11520.0,40370.0,13891.0,15413.0,40126.0
2025-07-18_19:23:19,8550.0,11520.0,40370.0,13237.0,15413.0,40126.0
2025-07-18_19:23:20,,,,13831.0,15413.0,40126.0
2025-07-18_19:23:23,3319.0,11520.0,40370.0,12189.0,15413.0,40126.0
2025-07-18_19:23:24,7978.0,11520.0,40370.0,13260.0,15413.0,40126.0
2025-07-18_19:23:24,8062.0,11520.0,40370.0,13084.0,15413.0,40126.0
2025-07-18_19:23:24,8071.0,11520.0,40394.0,13264.0,15413.0,40126.0
2025-07-18_19:23:24,,,,,,
2025-07-18_19:23:28,6958.0,11520.0,40394.0,3793.0,15413.0,40126.0
2025-07-18_19:23:28,10196.0,11520.0,40394.0,14378.0,15413.0,40127.0
2025-07-18_19:23:29,8043.0,11520.0,40394.0,13050.0,15413.0,40127.0
2025-07-18_19:23:29,7968.0,11520.0,40394.0,13082.0,15413.0,40127.0
2025-07-18_19:23:29,7950.0,11520.0,40394.0,13226.0,15413.0,40127.0
2025-07-18_19:23:29,,,,,,
2025-07-18_19:23:33,6965.0,11520.0,40394.0,3792.0,15413.0,40127.0
2025-07-18_19:23:33,8709.0,11520.0,40395.0,14192.0,15413.0,40127.0
2025-07-18_19:23:33,8618.0,11520.0,40407.0,14335.0,15413.0,40130.0
2025-07-18_19:23:34,8083.0,11520.0,40407.0,13217.0,15413.0,40131.0
2025-07-18_19:23:34,8528.0,11520.0,40407.0,13048.0,15413.0,40131.0
2025-07-18_19:23:34,8132.0,11520.0,40407.0,13224.0,15413.0,40131.0
2025-07-18_19:23:34,8535.0,11520.0,40407.0,13606.0,15413.0,40132.0
2025-07-18_19:23:35,8663.0,11520.0,40408.0,14085.0,15413.0,40132.0
2025-07-18_19:23:35,7943.0,11520.0,40408.0,13079.0,15413.0,40132.0
2025-07-18_19:23:35,8685.0,11520.0,40410.0,13441.0,15413.0,40133.0
2025-07-18_19:23:35,,,,,,
2025-07-18_19:23:39,6969.0,11520.0,40410.0,3793.0,15413.0,40133.0
2025-07-18_19:23:39,7961.0,11520.0,40410.0,12869.0,15413.0,40133.0
2025-07-18_19:23:40,8086.0,11520.0,40410.0,13253.0,15413.0,40133.0
2025-07-18_19:23:40,7965.0,11520.0,40410.0,13260.0,15413.0,40133.0
2025-07-18_19:23:40,8025.0,11520.0,40410.0,13050.0,15413.0,40133.0
2025-07-18_19:23:40,,,,,,
2025-07-18_19:23:44,6964.0,11520.0,40410.0,3793.0,15413.0,40133.0
2025-07-18_19:23:44,8541.0,11520.0,40410.0,13798.0,15413.0,40133.0
2025-07-18_19:23:44,7959.0,11520.0,40410.0,13307.0,15413.0,40133.0
2025-07-18_19:23:45,7966.0,11520.0,40410.0,13336.0,15413.0,40133.0
2025-07-18_19:23:45,7959.0,11520.0,40410.0,13410.0,15413.0,40133.0
2025-07-18_19:23:45,8101.0,11521.0,40411.0,13041.0,15413.0,40133.0
2025-07-18_19:23:45,7971.0,11521.0,40411.0,13053.0,15413.0,40133.0
2025-07-18_19:23:46,7965.0,11521.0,40412.0,13226.0,15413.0,40133.0
2025-07-18_19:23:46,7959.0,11521.0,40412.0,13049.0,15413.0,40133.0
2025-07-18_19:23:46,8593.0,11521.0,40412.0,14075.0,15413.0,40133.0
2025-07-18_19:23:46,9861.0,11521.0,40412.0,14243.0,15413.0,40133.0
2025-07-18_19:23:46,7973.0,11521.0,40412.0,13085.0,15413.0,40133.0
2025-07-18_19:23:47,9986.0,11521.0,40412.0,14037.0,15413.0,40135.0
2025-07-18_19:23:47,7951.0,11521.0,40412.0,13035.0,15413.0,40135.0
2025-07-18_19:23:47,8016.0,11521.0,40412.0,13080.0,15413.0,40135.0
2025-07-18_19:23:47,10005.0,11521.0,40417.0,14050.0,15413.0,40136.0
2025-07-18_19:23:47,9836.0,11521.0,40417.0,14259.0,15413.0,40136.0
2025-07-18_19:23:48,7960.0,11521.0,40417.0,13225.0,15413.0,40136.0
2025-07-18_19:23:48,8133.0,11521.0,40417.0,13226.0,15413.0,40136.0
2025-07-18_19:23:48,7973.0,11521.0,40417.0,13484.0,15413.0,40136.0
2025-07-18_19:23:48,8061.0,11521.0,40417.0,12865.0,15413.0,40136.0
2025-07-18_19:23:49,8613.0,11521.0,40417.0,14068.0,15413.0,40136.0
2025-07-18_19:23:49,8517.0,11521.0,40417.0,13819.0,15413.0,40136.0
2025-07-18_19:23:49,8514.0,11521.0,40417.0,13952.0,15413.0,40139.0
2025-07-18_19:23:49,7974.0,11521.0,40417.0,13077.0,15413.0,40139.0
2025-07-18_19:23:49,8535.0,11521.0,40417.0,13847.0,15413.0,40139.0
2025-07-18_19:23:50,8095.0,11521.0,40417.0,13303.0,15413.0,40139.0
2025-07-18_19:23:50,7954.0,11521.0,40417.0,13092.0,15413.0,40139.0
2025-07-18_19:23:50,7969.0,11521.0,40417.0,13356.0,15413.0,40139.0
2025-07-18_19:23:50,7968.0,11521.0,40417.0,13043.0,15413.0,40139.0
2025-07-18_19:23:51,7961.0,11521.0,40422.0,13087.0,15413.0,40139.0
2025-07-18_19:23:51,8634.0,11521.0,40422.0,14085.0,15413.0,40139.0
2025-07-18_19:23:51,,,,,,
2025-07-18_19:23:55,6965.0,11521.0,40422.0,3793.0,15413.0,40139.0
2025-07-18_19:23:55,,,,13817.0,15413.0,40139.0
2025-07-18_19:23:59,3302.0,11521.0,40422.0,12165.0,15413.0,40139.0
2025-07-18_19:23:59,8114.0,11521.0,40422.0,12857.0,15413.0,40139.0
2025-07-18_19:23:59,8589.0,11521.0,40422.0,13894.0,15413.0,40139.0
2025-07-18_19:23:59,8567.0,11521.0,40422.0,14100.0,15413.0,40141.0
2025-07-18_19:24:00,10157.0,11521.0,40422.0,14374.0,15413.0,40141.0
2025-07-18_19:24:00,8127.0,11521.0,40422.0,13252.0,15413.0,40141.0
2025-07-18_19:24:00,8121.0,11521.0,40422.0,13044.0,15413.0,40141.0
2025-07-18_19:24:00,7973.0,11521.0,40422.0,13074.0,15413.0,40141.0
2025-07-18_19:24:00,9721.0,11521.0,40422.0,14344.0,15413.0,40149.0
2025-07-18_19:24:01,,,,13858.0,15413.0,40149.0
2025-07-18_19:24:04,3358.0,11521.0,40422.0,12188.0,15413.0,40149.0
2025-07-18_19:24:05,8543.0,11521.0,40422.0,13836.0,15413.0,40149.0
2025-07-18_19:24:05,7973.0,11521.0,40422.0,13234.0,15413.0,40149.0
2025-07-18_19:24:05,8623.0,11521.0,40422.0,14091.0,15413.0,40149.0
2025-07-18_19:24:05,7961.0,11521.0,40422.0,13164.0,15413.0,40149.0
2025-07-18_19:24:05,7964.0,11521.0,40422.0,13081.0,15413.0,40149.0
2025-07-18_19:24:06,8076.0,11521.0,40422.0,13082.0,15413.0,40149.0
2025-07-18_19:24:06,,,,,,
2025-07-18_19:24:10,6963.0,11521.0,40422.0,3792.0,15413.0,40149.0
2025-07-18_19:24:10,,,,14137.0,15413.0,40150.0
2025-07-18_19:24:14,3375.0,11521.0,40422.0,12163.0,15413.0,40150.0
2025-07-18_19:24:14,7962.0,11521.0,40422.0,13068.0,15413.0,40150.0
2025-07-18_19:24:14,9985.0,11521.0,40426.0,14257.0,15413.0,40150.0
2025-07-18_19:24:14,8516.0,11521.0,40427.0,13842.0,15413.0,40150.0
2025-07-18_19:24:14,7947.0,11521.0,40427.0,13237.0,15413.0,40150.0
2025-07-18_19:24:15,7977.0,11521.0,40427.0,13045.0,15413.0,40150.0
2025-07-18_19:24:15,7979.0,11521.0,40427.0,12830.0,15413.0,40150.0
2025-07-18_19:24:15,7967.0,11521.0,40427.0,13266.0,15413.0,40150.0
2025-07-18_19:24:15,7955.0,11521.0,40427.0,12867.0,15413.0,40150.0
2025-07-18_19:24:15,7973.0,11521.0,40427.0,12900.0,15413.0,40150.0
2025-07-18_19:24:16,7979.0,11521.0,40427.0,12902.0,15413.0,40150.0
2025-07-18_19:24:16,8123.0,11521.0,40427.0,12808.0,15413.0,40150.0
2025-07-18_19:24:16,7961.0,11521.0,40427.0,13263.0,15413.0,40150.0
2025-07-18_19:24:16,9716.0,11521.0,40427.0,13978.0,15413.0,40150.0
2025-07-18_19:24:17,,,,,,
2025-07-18_19:24:21,3356.0,11521.0,40427.0,4595.0,15413.0,40150.0
2025-07-18_19:24:21,8582.0,11521.0,40428.0,14271.0,15413.0,40150.0
2025-07-18_19:24:21,9897.0,11521.0,40428.0,14276.0,15413.0,40152.0
2025-07-18_19:24:22,8518.0,11521.0,40430.0,13625.0,15413.0,40152.0
2025-07-18_19:24:22,7948.0,11521.0,40430.0,13043.0,15413.0,40154.0
2025-07-18_19:24:22,,,,13084.0,15413.0,40154.0
2025-07-18_19:24:26,2778.0,11521.0,40430.0,12192.0,15413.0,40154.0
2025-07-18_19:24:26,7958.0,11521.0,40430.0,13042.0,15413.0,40154.0
2025-07-18_19:24:26,7955.0,11521.0,40430.0,13264.0,15413.0,40154.0
2025-07-18_19:24:26,8119.0,11521.0,40430.0,13141.0,15413.0,40154.0
2025-07-18_19:24:27,7959.0,11521.0,40430.0,13080.0,15413.0,40154.0
2025-07-18_19:24:27,8481.0,11521.0,40430.0,13839.0,15413.0,40154.0
2025-07-18_19:24:27,7993.0,11521.0,40430.0,13046.0,15413.0,40154.0
2025-07-18_19:24:27,8108.0,11521.0,40433.0,13259.0,15413.0,40154.0
2025-07-18_19:24:28,8593.0,11521.0,40433.0,13429.0,15413.0,40154.0
2025-07-18_19:24:28,,,,14002.0,15413.0,40154.0
2025-07-18_19:24:31,3319.0,11521.0,40433.0,12196.0,15413.0,40154.0
2025-07-18_19:24:32,7966.0,11521.0,40434.0,13261.0,15413.0,40154.0
2025-07-18_19:24:32,8133.0,11521.0,40434.0,13047.0,15413.0,40154.0
2025-07-18_19:24:32,7972.0,11521.0,40434.0,13048.0,15413.0,40154.0
2025-07-18_19:24:32,7957.0,11521.0,40434.0,13081.0,15413.0,40154.0
2025-07-18_19:24:33,8076.0,11521.0,40434.0,12865.0,15413.0,40154.0
2025-07-18_19:24:33,8507.0,11521.0,40434.0,13847.0,15413.0,40154.0
2025-07-18_19:24:33,7968.0,11521.0,40434.0,13053.0,15413.0,40154.0
2025-07-18_19:24:33,7958.0,11521.0,40434.0,13261.0,15413.0,40154.0
2025-07-18_19:24:34,,,,,,
2025-07-18_19:24:37,6968.0,11521.0,40434.0,3792.0,15413.0,40154.0
2025-07-18_19:24:38,7972.0,11521.0,40434.0,13252.0,15413.0,40154.0
2025-07-18_19:24:38,7967.0,11521.0,40434.0,13531.0,15413.0,40154.0
2025-07-18_19:24:38,8514.0,11521.0,40434.0,13804.0,15413.0,40154.0
2025-07-18_19:24:38,7975.0,11521.0,40434.0,13254.0,15413.0,40154.0
2025-07-18_19:24:38,7972.0,11521.0,40434.0,12837.0,15413.0,40154.0
2025-07-18_19:24:39,,,,13091.0,15413.0,40155.0
2025-07-18_19:24:43,2778.0,11521.0,40434.0,12150.0,15413.0,40155.0
2025-07-18_19:24:43,7946.0,11521.0,40441.0,13080.0,15413.0,40155.0
2025-07-18_19:24:43,,,,14022.0,15413.0,40155.0
2025-07-18_19:24:47,,,,,,
2025-07-18_19:24:51,6967.0,11521.0,40441.0,3792.0,15413.0,40155.0
2025-07-18_19:24:51,,,,14259.0,15413.0,40156.0
2025-07-18_19:24:55,3375.0,11521.0,40441.0,12195.0,15413.0,40156.0
2025-07-18_19:24:55,,,,14068.0,15413.0,40156.0
2025-07-18_19:24:59,3319.0,11521.0,40441.0,12172.0,15413.0,40156.0
2025-07-18_19:24:59,,,,14003.0,15413.0,40156.0
2025-07-18_19:25:02,3319.0,11521.0,40441.0,12188.0,15413.0,40156.0
2025-07-18_19:25:03,7979.0,11521.0,40441.0,13086.0,15413.0,40156.0
2025-07-18_19:25:03,7980.0,11521.0,40441.0,12899.0,15413.0,40156.0
2025-07-18_19:25:03,8119.0,11521.0,40441.0,13054.0,15413.0,40156.0
2025-07-18_19:25:03,,,,,,
2025-07-18_19:25:07,6966.0,11521.0,40441.0,3792.0,15413.0,40156.0
2025-07-18_19:25:07,8092.0,11521.0,40441.0,13077.0,15413.0,40156.0
2025-07-18_19:25:08,8611.0,11521.0,40454.0,13706.0,15413.0,40219.0
2025-07-18_19:25:08,8133.0,11521.0,40454.0,13336.0,15413.0,40219.0
2025-07-18_19:25:08,,,,,,
2025-07-18_19:25:13,2778.0,11521.0,40454.0,3776.0,15413.0,40219.0
2025-07-18_19:25:13,8092.0,11521.0,40454.0,13085.0,15413.0,40219.0
2025-07-18_19:25:13,7951.0,11521.0,40454.0,13053.0,15413.0,40219.0
2025-07-18_19:25:13,7958.0,11521.0,40454.0,13261.0,15413.0,40219.0
2025-07-18_19:25:13,7980.0,11521.0,40454.0,13049.0,15413.0,40219.0
2025-07-18_19:25:14,7961.0,11521.0,40454.0,13074.0,15413.0,40219.0
2025-07-18_19:25:14,7957.0,11521.0,40454.0,13035.0,15413.0,40219.0
2025-07-18_19:25:14,10092.0,11521.0,40454.0,14308.0,15413.0,40219.0
2025-07-18_19:25:14,7965.0,11521.0,40454.0,13265.0,15413.0,40219.0
2025-07-18_19:25:14,7980.0,11521.0,40454.0,13055.0,15413.0,40219.0
2025-07-18_19:25:15,7966.0,11521.0,40454.0,13230.0,15413.0,40219.0
2025-07-18_19:25:15,8009.0,11521.0,40454.0,13050.0,15413.0,40219.0
2025-07-18_19:25:15,10138.0,11521.0,40454.0,14144.0,15413.0,40222.0
2025-07-18_19:25:15,8551.0,11521.0,40454.0,13826.0,15413.0,40222.0
2025-07-18_19:25:16,7973.0,11521.0,40454.0,13259.0,15413.0,40222.0
2025-07-18_19:25:16,7951.0,11521.0,40454.0,13049.0,15413.0,40222.0
2025-07-18_19:25:16,7987.0,11521.0,40454.0,13052.0,15413.0,40222.0
2025-07-18_19:25:16,7962.0,11521.0,40454.0,13081.0,15413.0,40222.0
2025-07-18_19:25:16,8544.0,11521.0,40454.0,14092.0,15413.0,40222.0
2025-07-18_19:25:17,7971.0,11521.0,40454.0,13256.0,15413.0,40222.0
2025-07-18_19:25:17,,,,,,
2025-07-18_19:25:21,6966.0,11521.0,40454.0,3793.0,15413.0,40222.0
2025-07-18_19:25:21,,,,,,
2025-07-18_19:25:25,6961.0,11521.0,40454.0,3792.0,15413.0,40222.0
2025-07-18_19:25:25,8193.0,11521.0,40456.0,13259.0,15413.0,40222.0
2025-07-18_19:25:25,8025.0,11521.0,40456.0,12898.0,15413.0,40222.0
2025-07-18_19:25:25,7964.0,11521.0,40456.0,12906.0,15413.0,40222.0
2025-07-18_19:25:26,7984.0,11521.0,40456.0,13219.0,15413.0,40222.0
2025-07-18_19:25:26,9856.0,11521.0,40456.0,13827.0,15413.0,40222.0
2025-07-18_19:25:26,7975.0,11521.0,40462.0,13269.0,15413.0,40222.0
2025-07-18_19:25:26,7970.0,11521.0,40462.0,13228.0,15413.0,40222.0
2025-07-18_19:25:26,8538.0,11521.0,40462.0,14019.0,15413.0,40222.0
2025-07-18_19:25:27,8918.0,11521.0,40462.0,13826.0,15413.0,40223.0
2025-07-18_19:25:27,8098.0,11521.0,40462.0,13257.0,15413.0,40223.0
2025-07-18_19:25:27,8827.0,11521.0,40462.0,13818.0,15413.0,40223.0
2025-07-18_19:25:27,10039.0,11521.0,40462.0,13994.0,15413.0,40223.0
2025-07-18_19:25:28,9155.0,11521.0,40462.0,13829.0,15413.0,40223.0
2025-07-18_19:25:28,7980.0,11521.0,40462.0,13051.0,15413.0,40223.0
2025-07-18_19:25:28,8539.0,11521.0,40465.0,14118.0,15413.0,40223.0
2025-07-18_19:25:28,7956.0,11521.0,40465.0,12834.0,15413.0,40223.0
2025-07-18_19:25:28,7963.0,11521.0,40465.0,13274.0,15413.0,40223.0
2025-07-18_19:25:29,9874.0,11521.0,40465.0,13940.0,15413.0,40223.0
2025-07-18_19:25:29,7959.0,11521.0,40465.0,13300.0,15413.0,40223.0
2025-07-18_19:25:29,8600.0,11521.0,40465.0,14103.0,15413.0,40223.0
2025-07-18_19:25:30,3300.0,11521.0,40465.0,13251.0,15413.0,40234.0
2025-07-18_19:25:30,7956.0,11521.0,40465.0,13041.0,15413.0,40234.0
2025-07-18_19:25:30,7979.0,11521.0,40465.0,13222.0,15413.0,40234.0
2025-07-18_19:25:31,7951.0,11521.0,40465.0,13491.0,15413.0,40234.0
2025-07-18_19:25:31,9948.0,11521.0,40471.0,13998.0,15413.0,40234.0
2025-07-18_19:25:31,7970.0,11521.0,40471.0,13227.0,15413.0,40234.0
2025-07-18_19:25:31,10289.0,11521.0,40471.0,14606.0,15413.0,40236.0
2025-07-18_19:25:32,,,,14006.0,15413.0,40236.0
2025-07-18_19:25:36,2778.0,11521.0,40471.0,12176.0,15413.0,40236.0
2025-07-18_19:25:36,,,,,,
2025-07-18_19:25:40,6960.0,11521.0,40471.0,3793.0,15413.0,40236.0
2025-07-18_19:25:40,,,,14328.0,15413.0,40236.0
2025-07-18_19:25:44,2778.0,11521.0,40471.0,12161.0,15413.0,40236.0
2025-07-18_19:25:44,8059.0,11521.0,40471.0,13279.0,15413.0,40236.0
2025-07-18_19:25:44,7963.0,11521.0,40471.0,13087.0,15413.0,40236.0
2025-07-18_19:25:44,8647.0,11521.0,40472.0,14092.0,15413.0,40236.0
2025-07-18_19:25:45,7952.0,11521.0,40472.0,13252.0,15413.0,40236.0
2025-07-18_19:25:45,8094.0,11521.0,40472.0,12859.0,15413.0,40236.0
2025-07-18_19:25:45,8590.0,11521.0,40472.0,14061.0,15413.0,40236.0
2025-07-18_19:25:45,8111.0,11521.0,40472.0,13108.0,15413.0,40236.0
2025-07-18_19:25:45,9891.0,11521.0,40472.0,14304.0,15413.0,40236.0
2025-07-18_19:25:46,7976.0,11521.0,40472.0,13238.0,15413.0,40236.0
2025-07-18_19:25:46,7963.0,11521.0,40472.0,13057.0,15413.0,40236.0
2025-07-18_19:25:46,,,,,,
2025-07-18_19:25:50,6964.0,11521.0,40472.0,3793.0,15413.0,40236.0
2025-07-18_19:25:50,7968.0,11521.0,40475.0,13051.0,15413.0,40236.0
2025-07-18_19:25:50,9905.0,11521.0,40475.0,13981.0,15413.0,40236.0
2025-07-18_19:25:51,8602.0,11521.0,40475.0,14087.0,15413.0,40236.0
2025-07-18_19:25:51,7972.0,11521.0,40475.0,13242.0,15413.0,40236.0
2025-07-18_19:25:51,,,,,,
2025-07-18_19:25:55,6958.0,11521.0,40475.0,3793.0,15413.0,40236.0
2025-07-18_19:25:55,8539.0,11521.0,40475.0,13922.0,15413.0,40236.0
2025-07-18_19:25:55,8551.0,11521.0,40475.0,13799.0,15413.0,40236.0
2025-07-18_19:25:55,8696.0,11521.0,40475.0,13813.0,15413.0,40236.0
2025-07-18_19:25:56,7993.0,11521.0,40475.0,12795.0,15413.0,40236.0
2025-07-18_19:25:56,7963.0,11521.0,40475.0,13042.0,15413.0,40236.0
2025-07-18_19:25:56,7969.0,11521.0,40475.0,13224.0,15413.0,40236.0
2025-07-18_19:25:56,7976.0,11521.0,40475.0,13344.0,15413.0,40236.0
2025-07-18_19:25:56,7961.0,11521.0,40475.0,13268.0,15413.0,40236.0
2025-07-18_19:25:57,8510.0,11521.0,40475.0,13262.0,15413.0,40236.0
2025-07-18_19:25:57,7975.0,11521.0,40475.0,13050.0,15413.0,40236.0
2025-07-18_19:25:57,8527.0,11521.0,40475.0,13243.0,15413.0,40236.0
2025-07-18_19:25:57,9827.0,11521.0,40475.0,14530.0,15413.0,40237.0
2025-07-18_19:25:58,7953.0,11521.0,40475.0,13051.0,15413.0,40237.0
2025-07-18_19:25:58,7978.0,11521.0,40475.0,12803.0,15413.0,40237.0
2025-07-18_19:25:58,7958.0,11521.0,40475.0,13264.0,15413.0,40237.0
2025-07-18_19:25:58,10278.0,11522.0,40476.0,14580.0,15413.0,40237.0
2025-07-18_19:25:58,7983.0,11522.0,40476.0,13232.0,15413.0,40237.0
2025-07-18_19:25:59,7987.0,11522.0,40476.0,13260.0,15413.0,40237.0
2025-07-18_19:25:59,7959.0,11522.0,40476.0,13034.0,15413.0,40237.0
2025-07-18_19:25:59,8016.0,11522.0,40476.0,13140.0,15413.0,40237.0
2025-07-18_19:25:59,8115.0,11522.0,40476.0,13226.0,15413.0,40237.0
2025-07-18_19:25:59,,,,,,
2025-07-18_19:26:03,6976.0,11522.0,40476.0,3793.0,15413.0,40237.0
2025-07-18_19:26:03,8490.0,11522.0,40476.0,13839.0,15413.0,40237.0
2025-07-18_19:26:04,9250.0,11522.0,40476.0,13823.0,15413.0,40237.0
2025-07-18_19:26:04,9883.0,11522.0,40476.0,13709.0,15413.0,40237.0
2025-07-18_19:26:04,8099.0,11522.0,40476.0,13259.0,15413.0,40237.0
2025-07-18_19:26:04,7963.0,11522.0,40476.0,13273.0,15413.0,40237.0
2025-07-18_19:26:05,9879.0,11522.0,40476.0,13707.0,15413.0,40237.0
2025-07-18_19:26:05,9864.0,11522.0,40476.0,14233.0,15413.0,40237.0
2025-07-18_19:26:05,8008.0,11522.0,40476.0,13088.0,15413.0,40237.0
2025-07-18_19:26:05,8510.0,11522.0,40476.0,13752.0,15413.0,40238.0
2025-07-18_19:26:05,8107.0,11522.0,40476.0,13251.0,15413.0,40238.0
2025-07-18_19:26:06,7939.0,11522.0,40476.0,13268.0,15413.0,40238.0
2025-07-18_19:26:06,8115.0,11522.0,40476.0,13229.0,15413.0,40238.0
2025-07-18_19:26:06,8613.0,11522.0,40476.0,14136.0,15413.0,40238.0
2025-07-18_19:26:06,8614.0,11522.0,40476.0,14471.0,15413.0,40238.0
2025-07-18_19:26:07,7984.0,11522.0,40476.0,13045.0,15413.0,40238.0
2025-07-18_19:26:07,7981.0,11522.0,40476.0,13078.0,15413.0,40238.0
2025-07-18_19:26:07,10489.0,11530.0,40511.0,14267.0,15413.0,40238.0
2025-07-18_19:26:07,7971.0,11530.0,40511.0,12865.0,15413.0,40238.0
2025-07-18_19:26:08,2778.0,11530.0,40511.0,12189.0,15413.0,40238.0
2025-07-18_19:26:08,8653.0,11530.0,40511.0,14056.0,15413.0,40252.0
2025-07-18_19:26:09,7980.0,11530.0,40511.0,13263.0,15413.0,40252.0
2025-07-18_19:26:09,8121.0,11530.0,40511.0,12892.0,15413.0,40252.0
2025-07-18_19:26:09,7987.0,11530.0,40512.0,13079.0,15413.0,40252.0
2025-07-18_19:26:09,8663.0,11530.0,40512.0,14057.0,15413.0,40252.0
2025-07-18_19:26:09,8078.0,11530.0,40512.0,13040.0,15413.0,40252.0
2025-07-18_19:26:10,9470.0,11530.0,40512.0,13980.0,15413.0,40252.0
2025-07-18_19:26:10,9920.0,11530.0,40538.0,14488.0,15413.0,40252.0
2025-07-18_19:26:10,8865.0,11530.0,40544.0,14093.0,15413.0,40252.0
2025-07-18_19:26:10,7966.0,11530.0,40544.0,13084.0,15413.0,40252.0
2025-07-18_19:26:10,7986.0,11530.0,40565.0,13227.0,15413.0,40252.0
2025-07-18_19:26:11,8502.0,11530.0,40565.0,13258.0,15413.0,40252.0
2025-07-18_19:26:11,7958.0,11530.0,40565.0,13269.0,15413.0,40252.0
2025-07-18_19:26:11,8515.0,11530.0,40565.0,13147.0,15413.0,40252.0
2025-07-18_19:26:11,8096.0,11530.0,40565.0,13075.0,15413.0,40252.0
2025-07-18_19:26:12,8098.0,11530.0,40565.0,13254.0,15413.0,40252.0
2025-07-18_19:26:12,9979.0,11530.0,40565.0,14058.0,15413.0,40252.0
2025-07-18_19:26:12,9990.0,11530.0,40578.0,14057.0,15413.0,40252.0
2025-07-18_19:26:12,8067.0,11530.0,40578.0,13045.0,15413.0,40252.0
2025-07-18_19:26:12,8615.0,11530.0,40578.0,14092.0,15413.0,40254.0
2025-07-18_19:26:13,,,,,,
2025-07-18_19:26:16,6968.0,11530.0,40578.0,3792.0,15413.0,40254.0
2025-07-18_19:26:17,8064.0,11530.0,40578.0,13042.0,15413.0,40254.0
2025-07-18_19:26:17,,,,,,
2025-07-18_19:26:21,6963.0,11530.0,40578.0,3793.0,15413.0,40254.0
2025-07-18_19:26:21,8706.0,11530.0,40579.0,14098.0,15413.0,40254.0
2025-07-18_19:26:21,9855.0,11530.0,40579.0,14011.0,15413.0,40254.0
2025-07-18_19:26:21,7958.0,11530.0,40579.0,12834.0,15413.0,40258.0
2025-07-18_19:26:22,7977.0,11530.0,40579.0,13052.0,15413.0,40258.0
2025-07-18_19:26:22,,,,14495.0,15413.0,40258.0
2025-07-18_19:26:26,3375.0,11530.0,40579.0,12161.0,15413.0,40258.0
2025-07-18_19:26:26,8109.0,11530.0,40580.0,13086.0,15413.0,40258.0
2025-07-18_19:26:26,7972.0,11530.0,40580.0,13404.0,15413.0,40258.0
2025-07-18_19:26:26,8596.0,11530.0,40581.0,13905.0,15413.0,40258.0
2025-07-18_19:26:26,8511.0,11530.0,40581.0,13824.0,15413.0,40258.0
2025-07-18_19:26:27,8044.0,11530.0,40581.0,13267.0,15413.0,40258.0
2025-07-18_19:26:27,8522.0,11530.0,40581.0,14096.0,15413.0,40258.0
2025-07-18_19:26:27,8100.0,11530.0,40581.0,13050.0,15413.0,40258.0
2025-07-18_19:26:27,,,,,,
2025-07-18_19:26:31,6965.0,11530.0,40581.0,3793.0,15413.0,40258.0
2025-07-18_19:26:31,7960.0,11530.0,40581.0,13040.0,15413.0,40258.0
2025-07-18_19:26:32,7971.0,11530.0,40581.0,12866.0,15413.0,40258.0
2025-07-18_19:26:32,8620.0,11530.0,40581.0,14086.0,15413.0,40258.0
2025-07-18_19:26:32,10273.0,11530.0,40582.0,14369.0,15413.0,40259.0
2025-07-18_19:26:32,9171.0,11530.0,40582.0,13997.0,15413.0,40259.0
2025-07-18_19:26:32,10261.0,11530.0,40582.0,14365.0,15413.0,40260.0
2025-07-18_19:26:33,,,,,,
2025-07-18_19:26:37,6967.0,11530.0,40582.0,3793.0,15413.0,40260.0
2025-07-18_19:26:37,7964.0,11530.0,40582.0,13520.0,15413.0,40260.0
2025-07-18_19:26:37,9788.0,11530.0,40582.0,14022.0,15413.0,40260.0
2025-07-18_19:26:37,10095.0,11530.0,40582.0,14242.0,15413.0,40260.0
2025-07-18_19:26:37,8071.0,11530.0,40582.0,13046.0,15413.0,40260.0
2025-07-18_19:26:38,7970.0,11530.0,40582.0,13045.0,15413.0,40260.0
2025-07-18_19:26:38,9858.0,11530.0,40582.0,14034.0,15413.0,40260.0
2025-07-18_19:26:38,8668.0,11530.0,40582.0,14228.0,15413.0,40260.0
2025-07-18_19:26:38,8512.0,11530.0,40582.0,13805.0,15413.0,40262.0
2025-07-18_19:26:39,9696.0,11530.0,40582.0,13745.0,15413.0,40262.0
2025-07-18_19:26:39,8036.0,11530.0,40582.0,13233.0,15413.0,40262.0
2025-07-18_19:26:39,7970.0,11530.0,40582.0,13075.0,15413.0,40262.0
2025-07-18_19:26:39,7964.0,11530.0,40582.0,13081.0,15413.0,40262.0
2025-07-18_19:26:39,7973.0,11530.0,40583.0,13079.0,15413.0,40262.0
2025-07-18_19:26:40,,,,14152.0,15413.0,40262.0
2025-07-18_19:26:43,3375.0,11530.0,40583.0,12143.0,15413.0,40262.0
2025-07-18_19:26:44,,,,,,
2025-07-18_19:26:47,6967.0,11530.0,40583.0,3793.0,15413.0,40262.0
2025-07-18_19:26:48,,,,,,
2025-07-18_19:26:51,6963.0,11530.0,40583.0,3789.0,15413.0,40262.0
2025-07-18_19:26:52,7976.0,11530.0,40583.0,13047.0,15413.0,40262.0
2025-07-18_19:26:52,2780.0,11530.0,40583.0,12187.0,15413.0,40262.0
2025-07-18_19:26:53,7952.0,11530.0,40583.0,13086.0,15413.0,40262.0
2025-07-18_19:26:53,9976.0,11530.0,40583.0,13973.0,15413.0,40262.0
2025-07-18_19:26:53,,,,,,
2025-07-18_19:26:57,6966.0,11530.0,40583.0,3787.0,15413.0,40262.0
2025-07-18_19:26:57,8512.0,11530.0,40583.0,13802.0,15413.0,40262.0
2025-07-18_19:26:57,8516.0,11530.0,40583.0,13260.0,15413.0,40262.0
2025-07-18_19:26:58,8001.0,11530.0,40583.0,13308.0,15413.0,40262.0
2025-07-18_19:26:58,7971.0,11530.0,40583.0,12799.0,15413.0,40262.0
2025-07-18_19:26:58,,,,13979.0,15413.0,40262.0
2025-07-18_19:27:02,3375.0,11530.0,40583.0,12162.0,15413.0,40262.0
2025-07-18_19:27:02,7955.0,11530.0,40583.0,13072.0,15413.0,40262.0
2025-07-18_19:27:02,7960.0,11530.0,40583.0,13229.0,15413.0,40262.0
2025-07-18_19:27:02,9644.0,11530.0,40583.0,14025.0,15413.0,40262.0
2025-07-18_19:27:03,8516.0,11530.0,40583.0,13831.0,15413.0,40262.0
2025-07-18_19:27:03,7977.0,11530.0,40583.0,13266.0,15413.0,40262.0
2025-07-18_19:27:03,8615.0,11530.0,40583.0,13421.0,15413.0,40262.0
2025-07-18_19:27:07,2778.0,11530.0,40583.0,12162.0,15413.0,40262.0
2025-07-18_19:27:07,9562.0,11530.0,40583.0,13977.0,15413.0,40262.0
2025-07-18_19:27:07,7956.0,11530.0,40583.0,13060.0,15413.0,40262.0
2025-07-18_19:27:08,8032.0,11540.0,40594.0,13080.0,15413.0,40262.0
2025-07-18_19:27:08,7981.0,11540.0,40594.0,13225.0,15413.0,40262.0
2025-07-18_19:27:08,,,,14028.0,15413.0,40264.0
2025-07-18_19:27:12,3375.0,11540.0,40594.0,12191.0,15413.0,40264.0
2025-07-18_19:27:12,8108.0,11540.0,40594.0,13070.0,15413.0,40264.0
2025-07-18_19:27:12,,,,,,
2025-07-18_19:27:16,6969.0,11540.0,40594.0,3787.0,15413.0,40264.0
2025-07-18_19:27:16,7973.0,11540.0,40594.0,13053.0,15413.0,40264.0
2025-07-18_19:27:16,7972.0,11540.0,40595.0,13338.0,15413.0,40264.0
2025-07-18_19:27:17,,,,14335.0,15413.0,40271.0
2025-07-18_19:27:20,,,,,,
2025-07-18_19:27:24,6966.0,11540.0,40595.0,3793.0,15413.0,40271.0
2025-07-18_19:27:24,7951.0,11540.0,40595.0,13256.0,15413.0,40271.0
2025-07-18_19:27:25,7968.0,11540.0,40595.0,13252.0,15413.0,40271.0
2025-07-18_19:27:25,10044.0,11540.0,40597.0,14014.0,15413.0,40272.0
2025-07-18_19:27:25,,,,,,
2025-07-18_19:27:29,6965.0,11540.0,40597.0,3793.0,15413.0,40272.0
2025-07-18_19:27:29,8765.0,11540.0,40597.0,14090.0,15413.0,40272.0
2025-07-18_19:27:29,7977.0,11540.0,40597.0,13227.0,15413.0,40272.0
2025-07-18_19:27:30,8564.0,11540.0,40597.0,13947.0,15413.0,40272.0
2025-07-18_19:27:30,8080.0,11540.0,40597.0,13067.0,15413.0,40272.0
2025-07-18_19:27:30,8073.0,11540.0,40597.0,12918.0,15413.0,40272.0
2025-07-18_19:27:30,7997.0,11540.0,40597.0,13077.0,15413.0,40272.0
2025-07-18_19:27:30,8686.0,11540.0,40597.0,14130.0,15413.0,40272.0
2025-07-18_19:27:31,9980.0,11540.0,40597.0,13759.0,15413.0,40272.0
2025-07-18_19:27:31,8023.0,11540.0,40597.0,13080.0,15413.0,40272.0
2025-07-18_19:27:31,,,,,,
2025-07-18_19:27:35,6968.0,11540.0,40597.0,3792.0,15413.0,40272.0
2025-07-18_19:27:35,,,,13094.0,15413.0,40272.0
2025-07-18_19:27:39,2778.0,11540.0,40597.0,12167.0,15413.0,40272.0
2025-07-18_19:27:39,7995.0,11540.0,40597.0,13229.0,15413.0,40272.0
2025-07-18_19:27:39,,,,,,
2025-07-18_19:27:43,6967.0,11540.0,40597.0,3793.0,15413.0,40272.0
2025-07-18_19:27:43,8016.0,11540.0,40597.0,13044.0,15413.0,40272.0
2025-07-18_19:27:44,8520.0,11540.0,40597.0,13060.0,15413.0,40272.0
2025-07-18_19:27:44,7966.0,11540.0,40597.0,13230.0,15413.0,40272.0
2025-07-18_19:27:44,,,,14219.0,15413.0,40272.0
2025-07-18_19:27:48,3375.0,11540.0,40597.0,12190.0,15413.0,40272.0
2025-07-18_19:27:48,,,,,,
2025-07-18_19:27:52,6962.0,11540.0,40597.0,3793.0,15413.0,40272.0
2025-07-18_19:27:52,7973.0,11540.0,40597.0,13228.0,15413.0,40272.0
2025-07-18_19:27:52,,,,14223.0,15413.0,40272.0
2025-07-18_19:27:56,3375.0,11540.0,40597.0,12190.0,15413.0,40272.0
2025-07-18_19:27:56,7969.0,11540.0,40597.0,13306.0,15413.0,40272.0
2025-07-18_19:27:56,7978.0,11540.0,40598.0,12894.0,15413.0,40272.0
2025-07-18_19:27:57,8108.0,11540.0,40598.0,12869.0,15413.0,40272.0
2025-07-18_19:27:57,7969.0,11540.0,40598.0,13054.0,15413.0,40272.0
2025-07-18_19:27:57,8580.0,11540.0,40598.0,13852.0,15413.0,40272.0
2025-07-18_19:27:57,,,,,,
2025-07-18_19:28:01,3300.0,11540.0,40598.0,4595.0,15413.0,40272.0
2025-07-18_19:28:02,7989.0,11540.0,40598.0,13306.0,15413.0,40272.0
2025-07-18_19:28:02,,,,,,
2025-07-18_19:28:06,6959.0,11540.0,40598.0,3792.0,15413.0,40272.0
2025-07-18_19:28:06,8117.0,11540.0,40598.0,13343.0,15413.0,40272.0
2025-07-18_19:28:06,8102.0,11540.0,40598.0,13040.0,15413.0,40272.0
2025-07-18_19:28:06,8541.0,11540.0,40598.0,13823.0,15413.0,40272.0
2025-07-18_19:28:06,7955.0,11540.0,40598.0,13040.0,15413.0,40272.0
2025-07-18_19:28:07,8592.0,11540.0,40598.0,14097.0,15413.0,40272.0
2025-07-18_19:28:07,8513.0,11540.0,40598.0,14016.0,15413.0,40272.0
2025-07-18_19:28:07,8581.0,11540.0,40598.0,14091.0,15413.0,40272.0
2025-07-18_19:28:07,9963.0,11540.0,40598.0,13985.0,15413.0,40272.0
2025-07-18_19:28:08,8045.0,11540.0,40598.0,13262.0,15413.0,40272.0
2025-07-18_19:28:08,8112.0,11540.0,40598.0,13048.0,15413.0,40272.0
2025-07-18_19:28:08,9841.0,11540.0,40598.0,13983.0,15413.0,40272.0
2025-07-18_19:28:08,10107.0,11540.0,40598.0,14338.0,15413.0,40274.0
2025-07-18_19:28:09,8079.0,11540.0,40598.0,13084.0,15413.0,40274.0
2025-07-18_19:28:09,7975.0,11540.0,40598.0,13229.0,15413.0,40274.0
2025-07-18_19:28:09,7976.0,11540.0,40598.0,12807.0,15413.0,40274.0
2025-07-18_19:28:09,7992.0,11540.0,40598.0,13260.0,15413.0,40274.0
2025-07-18_19:28:09,8594.0,11540.0,40598.0,13850.0,15413.0,40274.0
2025-07-18_19:28:10,7966.0,11540.0,40598.0,13167.0,15413.0,40274.0
2025-07-18_19:28:10,,,,13805.0,15413.0,40274.0
2025-07-18_19:28:14,3319.0,11540.0,40598.0,12184.0,15413.0,40274.0
2025-07-18_19:28:14,8518.0,11540.0,40598.0,14016.0,15413.0,40274.0
2025-07-18_19:28:14,8013.0,11540.0,40598.0,12901.0,15413.0,40274.0
2025-07-18_19:28:14,8648.0,11540.0,40598.0,13902.0,15413.0,40274.0
2025-07-18_19:28:14,7944.0,11540.0,40598.0,13261.0,15413.0,40274.0
2025-07-18_19:28:15,,,,,,
2025-07-18_19:28:19,6962.0,11540.0,40598.0,3792.0,15413.0,40274.0
2025-07-18_19:28:19,9725.0,11540.0,40598.0,13933.0,15413.0,40274.0
2025-07-18_19:28:19,,,,13997.0,15413.0,40274.0
2025-07-18_19:28:23,3319.0,11540.0,40598.0,12192.0,15413.0,40274.0
2025-07-18_19:28:23,8534.0,11540.0,40598.0,13843.0,15413.0,40274.0
2025-07-18_19:28:23,,,,,,
2025-07-18_19:28:27,6967.0,11540.0,40598.0,3793.0,15413.0,40274.0
2025-07-18_19:28:27,8606.0,11540.0,40598.0,14048.0,15413.0,40274.0
2025-07-18_19:28:27,8533.0,11540.0,40598.0,14000.0,15413.0,40274.0
2025-07-18_19:28:28,8066.0,11540.0,40598.0,13076.0,15413.0,40274.0
2025-07-18_19:28:28,8029.0,11540.0,40598.0,13051.0,15413.0,40274.0
2025-07-18_19:28:28,,,,13903.0,15413.0,40290.0
2025-07-18_19:28:32,3319.0,11540.0,40598.0,12190.0,15413.0,40290.0
2025-07-18_19:28:32,7962.0,11540.0,40600.0,13087.0,15413.0,40290.0
2025-07-18_19:28:32,8641.0,11540.0,40601.0,14221.0,15413.0,40290.0
2025-07-18_19:28:32,8683.0,11540.0,40601.0,14186.0,15413.0,40291.0
2025-07-18_19:28:33,8619.0,11540.0,40601.0,14110.0,15413.0,40291.0
2025-07-18_19:28:33,8740.0,11540.0,40605.0,14355.0,15413.0,40292.0
2025-07-18_19:28:33,,,,,,
2025-07-18_19:28:37,6960.0,11540.0,40605.0,3793.0,15413.0,40292.0
2025-07-18_19:28:37,10728.0,11540.0,40689.0,14500.0,15413.0,40303.0
2025-07-18_19:28:37,7965.0,11540.0,40689.0,13259.0,15413.0,40304.0
2025-07-18_19:28:38,,,,,,
2025-07-18_19:28:41,6968.0,11540.0,40689.0,3792.0,15413.0,40304.0
2025-07-18_19:28:42,,,,13249.0,15413.0,40304.0
2025-07-18_19:28:46,2778.0,11540.0,40689.0,12182.0,15413.0,40304.0
2025-07-18_19:28:46,8015.0,11540.0,40689.0,13040.0,15413.0,40304.0
2025-07-18_19:28:46,7972.0,11540.0,40692.0,12900.0,15413.0,40304.0
2025-07-18_19:28:46,7952.0,11540.0,40692.0,13047.0,15413.0,40304.0
2025-07-18_19:28:46,7966.0,11540.0,40692.0,13344.0,15413.0,40304.0
2025-07-18_19:28:47,7968.0,11540.0,40692.0,13052.0,15413.0,40304.0
2025-07-18_19:28:47,,,,,,
2025-07-18_19:28:51,6964.0,11540.0,40692.0,3787.0,15413.0,40304.0
2025-07-18_19:28:51,8508.0,11540.0,40692.0,13802.0,15413.0,40304.0
2025-07-18_19:28:51,8127.0,11540.0,40692.0,13296.0,15413.0,40304.0
2025-07-18_19:28:51,10220.0,11540.0,40693.0,14106.0,15413.0,40304.0
2025-07-18_19:28:52,8098.0,11540.0,40693.0,13542.0,15413.0,40304.0
2025-07-18_19:28:52,8581.0,11540.0,40693.0,14020.0,15413.0,40304.0
2025-07-18_19:28:52,9883.0,11540.0,40693.0,14055.0,15413.0,40306.0
2025-07-18_19:28:52,7982.0,11540.0,40693.0,13074.0,15413.0,40306.0
2025-07-18_19:28:52,8125.0,11540.0,40693.0,13081.0,15413.0,40306.0
2025-07-18_19:28:53,7951.0,11540.0,40693.0,13041.0,15413.0,40306.0
2025-07-18_19:28:53,7960.0,11540.0,40698.0,13225.0,15413.0,40306.0
2025-07-18_19:28:53,8517.0,11540.0,40698.0,13807.0,15413.0,40306.0
2025-07-18_19:28:53,8536.0,11540.0,40698.0,13653.0,15413.0,40306.0
2025-07-18_19:28:54,8121.0,11540.0,40698.0,13084.0,15413.0,40306.0
2025-07-18_19:28:54,,,,13788.0,15413.0,40306.0
2025-07-18_19:28:57,3319.0,11540.0,40698.0,12165.0,15413.0,40306.0
2025-07-18_19:28:58,,,,14275.0,15413.0,40306.0
2025-07-18_19:29:01,3358.0,11540.0,40698.0,12189.0,15413.0,40306.0
2025-07-18_19:29:01,7951.0,11540.0,40698.0,13042.0,15413.0,40306.0
2025-07-18_19:29:02,7961.0,11540.0,40698.0,12839.0,15413.0,40306.0
2025-07-18_19:29:02,8528.0,11540.0,40698.0,13837.0,15413.0,40306.0
2025-07-18_19:29:02,7952.0,11540.0,40698.0,13260.0,15413.0,40306.0
2025-07-18_19:29:02,8129.0,11540.0,40698.0,12902.0,15413.0,40306.0
2025-07-18_19:29:03,8026.0,11540.0,40698.0,13089.0,15413.0,40306.0
2025-07-18_19:29:03,8024.0,11540.0,40698.0,13257.0,15413.0,40306.0
2025-07-18_19:29:03,7955.0,11540.0,40698.0,13220.0,15413.0,40306.0
2025-07-18_19:29:04,2778.0,11540.0,40698.0,12178.0,15413.0,40307.0
2025-07-18_19:29:04,,,,14045.0,15413.0,40307.0
2025-07-18_19:29:08,2778.0,11540.0,40698.0,12159.0,15413.0,40307.0
2025-07-18_19:29:08,8617.0,11540.0,40698.0,14048.0,15413.0,40307.0
2025-07-18_19:29:08,8015.0,11540.0,40698.0,13047.0,15413.0,40307.0
2025-07-18_19:29:09,8686.0,11540.0,40700.0,14088.0,15413.0,40307.0
2025-07-18_19:29:09,,,,,,
2025-07-18_19:29:13,6964.0,11540.0,40700.0,3792.0,15413.0,40307.0
2025-07-18_19:29:13,8675.0,11540.0,40700.0,14077.0,15413.0,40307.0
2025-07-18_19:29:13,9850.0,11540.0,40700.0,13976.0,15413.0,40307.0
2025-07-18_19:29:13,7967.0,11540.0,40700.0,13228.0,15413.0,40307.0
2025-07-18_19:29:14,9708.0,11540.0,40707.0,14005.0,15413.0,40308.0
2025-07-18_19:29:14,9791.0,11540.0,40707.0,14275.0,15413.0,40309.0
2025-07-18_19:29:14,8609.0,11540.0,40712.0,14121.0,15413.0,40310.0
2025-07-18_19:29:14,7978.0,11540.0,40712.0,13049.0,15413.0,40310.0
2025-07-18_19:29:15,8529.0,11540.0,40712.0,13804.0,15413.0,40310.0
2025-07-18_19:29:15,,,,,,
2025-07-18_19:29:19,6965.0,11540.0,40712.0,3787.0,15413.0,40310.0
2025-07-18_19:29:19,8559.0,11540.0,40712.0,13835.0,15413.0,40310.0
2025-07-18_19:29:19,7948.0,11540.0,40712.0,13263.0,15413.0,40310.0
2025-07-18_19:29:19,7951.0,11540.0,40712.0,13053.0,15413.0,40310.0
2025-07-18_19:29:20,8672.0,11540.0,40712.0,14094.0,15413.0,40310.0
2025-07-18_19:29:20,,,,13995.0,15413.0,40310.0
2025-07-18_19:29:23,3317.0,11540.0,40712.0,12190.0,15413.0,40310.0
2025-07-18_19:29:24,8614.0,11540.0,40712.0,14346.0,15413.0,40310.0
2025-07-18_19:29:24,8087.0,11540.0,40712.0,13265.0,15413.0,40310.0
2025-07-18_19:29:24,,,,,,
2025-07-18_19:29:28,6969.0,11540.0,40712.0,3793.0,15413.0,40310.0
2025-07-18_19:29:28,10230.0,11540.0,40726.0,14137.0,15413.0,40312.0
2025-07-18_19:29:28,8667.0,11540.0,40726.0,14179.0,15413.0,40312.0
2025-07-18_19:29:29,7971.0,11540.0,40726.0,13042.0,15413.0,40312.0
2025-07-18_19:29:29,9726.0,11540.0,40726.0,13822.0,15413.0,40312.0
2025-07-18_19:29:29,7968.0,11540.0,40726.0,13272.0,15413.0,40312.0
2025-07-18_19:29:29,8530.0,11540.0,40726.0,13979.0,15413.0,40312.0
2025-07-18_19:29:30,,,,12053.0,15413.0,40314.0
2025-07-18_19:29:33,2778.0,11540.0,40726.0,12189.0,15413.0,40314.0
2025-07-18_19:29:34,10049.0,11540.0,40727.0,14194.0,15413.0,40314.0
2025-07-18_19:29:34,,,,,,
2025-07-18_19:29:38,6967.0,11540.0,40727.0,3793.0,15413.0,40314.0
2025-07-18_19:29:38,9060.0,11540.0,40727.0,13940.0,15413.0,40314.0
2025-07-18_19:29:38,8526.0,11540.0,40727.0,13629.0,15413.0,40314.0
2025-07-18_19:29:38,9803.0,11540.0,40727.0,14210.0,15413.0,40314.0
2025-07-18_19:29:39,7935.0,11540.0,40727.0,13050.0,15413.0,40314.0
2025-07-18_19:29:39,8522.0,11540.0,40727.0,13845.0,15413.0,40314.0
2025-07-18_19:29:39,8031.0,11540.0,40727.0,13257.0,15413.0,40314.0
2025-07-18_19:29:39,8958.0,11540.0,40727.0,14105.0,15413.0,40314.0
2025-07-18_19:29:39,,,,,,
2025-07-18_19:29:43,6957.0,11540.0,40727.0,3794.0,15413.0,40314.0
2025-07-18_19:29:43,9355.0,11540.0,40727.0,14140.0,15413.0,40314.0
2025-07-18_19:29:44,10141.0,11540.0,40727.0,13865.0,15413.0,40314.0
2025-07-18_19:29:44,9969.0,11540.0,40729.0,14039.0,15413.0,40314.0
2025-07-18_19:29:44,8611.0,11540.0,40729.0,14290.0,15413.0,40314.0
2025-07-18_19:29:44,8593.0,11540.0,40729.0,14061.0,15413.0,40314.0
2025-07-18_19:29:44,,,,13272.0,15413.0,40314.0
2025-07-18_19:29:48,2778.0,11540.0,40729.0,12184.0,15413.0,40314.0
2025-07-18_19:29:48,,,,14040.0,15413.0,40314.0
2025-07-18_19:29:52,3358.0,11540.0,40729.0,12188.0,15413.0,40314.0
2025-07-18_19:29:52,8586.0,11540.0,40730.0,14084.0,15413.0,40314.0
2025-07-18_19:29:53,7973.0,11540.0,40731.0,13263.0,15413.0,40314.0
2025-07-18_19:29:53,7977.0,11540.0,40731.0,12857.0,15413.0,40314.0
2025-07-18_19:29:53,7949.0,11540.0,40731.0,13033.0,15413.0,40314.0
2025-07-18_19:29:53,8645.0,11540.0,40731.0,13862.0,15413.0,40314.0
2025-07-18_19:29:53,,,,13975.0,15413.0,40314.0
2025-07-18_19:29:57,3358.0,11540.0,40731.0,12183.0,15413.0,40314.0
2025-07-18_19:29:57,7973.0,11540.0,40731.0,13241.0,15413.0,40314.0
2025-07-18_19:29:58,7956.0,11540.0,40731.0,13048.0,15413.0,40314.0
2025-07-18_19:29:58,8530.0,11540.0,40731.0,13219.0,15413.0,40314.0
2025-07-18_19:29:58,9914.0,11540.0,40732.0,14377.0,15413.0,40314.0
2025-07-18_19:29:58,8613.0,11540.0,40732.0,14177.0,15413.0,40314.0
2025-07-18_19:29:58,8537.0,11540.0,40732.0,12897.0,15413.0,40314.0
2025-07-18_19:29:59,7972.0,11540.0,40732.0,13331.0,15413.0,40314.0
2025-07-18_19:29:59,10554.0,11540.0,40739.0,14648.0,15413.0,40333.0
2025-07-18_19:29:59,8547.0,11540.0,40739.0,13797.0,15413.0,40333.0
2025-07-18_19:29:59,,,,,,
2025-07-18_19:30:03,6964.0,11540.0,40739.0,3793.0,15413.0,40333.0
2025-07-18_19:30:03,8522.0,11540.0,40739.0,13090.0,15413.0,40333.0
2025-07-18_19:30:04,8642.0,11540.0,40739.0,14239.0,15413.0,40333.0
2025-07-18_19:30:04,8549.0,11540.0,40739.0,13811.0,15413.0,40333.0
2025-07-18_19:30:04,7991.0,11540.0,40739.0,13355.0,15413.0,40333.0
2025-07-18_19:30:04,8012.0,11540.0,40739.0,12831.0,15413.0,40333.0
2025-07-18_19:30:04,8587.0,11540.0,40739.0,14347.0,15413.0,40333.0
2025-07-18_19:30:05,,,,13929.0,15413.0,40333.0
2025-07-18_19:30:08,3373.0,11540.0,40739.0,12185.0,15413.0,40333.0
2025-07-18_19:30:09,7972.0,11540.0,40739.0,13307.0,15413.0,40333.0
2025-07-18_19:30:09,7988.0,11540.0,40739.0,13252.0,15413.0,40333.0
2025-07-18_19:30:09,7955.0,11540.0,40739.0,13054.0,15413.0,40333.0
2025-07-18_19:30:09,8550.0,11540.0,40740.0,14118.0,15413.0,40333.0
2025-07-18_19:30:09,8550.0,11540.0,40740.0,13751.0,15413.0,40333.0
2025-07-18_19:30:10,,,,,,
2025-07-18_19:30:13,6965.0,11540.0,40740.0,3793.0,15413.0,40333.0
2025-07-18_19:30:14,,,,14172.0,15413.0,40349.0
2025-07-18_19:30:17,3375.0,11540.0,40740.0,12190.0,15413.0,40349.0
2025-07-18_19:30:18,10536.0,11540.0,40743.0,14278.0,15455.0,40438.0
2025-07-18_19:30:18,7960.0,11540.0,40743.0,12903.0,15455.0,40438.0
2025-07-18_19:30:18,9986.0,11540.0,40743.0,13986.0,15455.0,40438.0
2025-07-18_19:30:18,8595.0,11540.0,40743.0,14091.0,15455.0,40438.0
2025-07-18_19:30:18,8642.0,11540.0,40745.0,14093.0,15455.0,40438.0
2025-07-18_19:30:19,7972.0,11540.0,40745.0,13072.0,15455.0,40438.0
2025-07-18_19:30:19,8562.0,11540.0,40745.0,13836.0,15455.0,40438.0
2025-07-18_19:30:19,10273.0,11540.0,40748.0,14346.0,15455.0,40439.0
2025-07-18_19:30:19,8532.0,11540.0,40748.0,14116.0,15455.0,40439.0
2025-07-18_19:30:20,7977.0,11540.0,40748.0,13054.0,15455.0,40439.0
2025-07-18_19:30:20,9991.0,11540.0,40748.0,13995.0,15455.0,40439.0
2025-07-18_19:30:20,8567.0,11540.0,40748.0,13803.0,15455.0,40439.0
2025-07-18_19:30:20,,,,13769.0,15455.0,40439.0
2025-07-18_19:30:24,3319.0,11540.0,40748.0,12183.0,15455.0,40439.0
2025-07-18_19:30:24,,,,,,
2025-07-18_19:30:28,6961.0,11540.0,40748.0,3792.0,15455.0,40439.0
2025-07-18_19:30:28,8516.0,11540.0,40748.0,13620.0,15455.0,40439.0
2025-07-18_19:30:28,,,,13241.0,15455.0,40439.0
2025-07-18_19:30:32,2778.0,11540.0,40748.0,12182.0,15455.0,40439.0
2025-07-18_19:30:33,,,,13047.0,15455.0,40439.0
2025-07-18_19:30:36,2778.0,11540.0,40748.0,12192.0,15455.0,40439.0
2025-07-18_19:30:37,8945.0,11540.0,40748.0,14034.0,15455.0,40439.0
2025-07-18_19:30:37,,,,14682.0,15455.0,40439.0
2025-07-18_19:30:41,2778.0,11540.0,40748.0,12196.0,15455.0,40439.0
2025-07-18_19:30:41,9679.0,11540.0,40748.0,14086.0,15455.0,40440.0
2025-07-18_19:30:41,7954.0,11540.0,40748.0,13242.0,15455.0,40440.0
2025-07-18_19:30:41,8131.0,11540.0,40748.0,12900.0,15455.0,40440.0
2025-07-18_19:30:42,7951.0,11540.0,40748.0,13272.0,15455.0,40440.0
2025-07-18_19:30:42,8612.0,11540.0,40748.0,14082.0,15455.0,40440.0
2025-07-18_19:30:42,8529.0,11540.0,40748.0,13976.0,15455.0,40440.0
2025-07-18_19:30:42,8075.0,11540.0,40748.0,13048.0,15455.0,40440.0
2025-07-18_19:30:42,8123.0,11540.0,40748.0,13231.0,15455.0,40440.0
2025-07-18_19:30:43,8010.0,11540.0,40748.0,13340.0,15455.0,40440.0
2025-07-18_19:30:43,8118.0,11540.0,40748.0,13260.0,15455.0,40440.0
2025-07-18_19:30:43,,,,,,
2025-07-18_19:30:48,2778.0,11540.0,40748.0,3776.0,15455.0,40440.0
2025-07-18_19:30:48,8335.0,11540.0,40748.0,13761.0,15455.0,40440.0
2025-07-18_19:30:48,8138.0,11540.0,40748.0,13222.0,15455.0,40440.0
2025-07-18_19:30:48,8626.0,11540.0,40748.0,14086.0,15455.0,40440.0
2025-07-18_19:30:48,8026.0,11540.0,40748.0,13248.0,15455.0,40440.0
2025-07-18_19:30:52,2778.0,11540.0,40748.0,12178.0,15455.0,40440.0
2025-07-18_19:30:53,8132.0,11540.0,40748.0,13257.0,15455.0,40440.0
2025-07-18_19:30:53,10095.0,11540.0,40748.0,14034.0,15455.0,40440.0
2025-07-18_19:30:53,,,,,,
2025-07-18_19:30:57,6967.0,11540.0,40748.0,3793.0,15455.0,40440.0
2025-07-18_19:30:57,7957.0,11540.0,40748.0,13261.0,15455.0,40440.0
2025-07-18_19:30:57,9410.0,11540.0,40753.0,13935.0,15455.0,40440.0
2025-07-18_19:30:58,10511.0,11540.0,40755.0,14724.0,15455.0,40441.0
2025-07-18_19:30:58,,,,,,
2025-07-18_19:31:02,6964.0,11540.0,40755.0,3792.0,15455.0,40441.0
2025-07-18_19:31:02,,,,,,
2025-07-18_19:31:06,6968.0,11540.0,40755.0,3793.0,15455.0,40441.0
2025-07-18_19:31:06,8563.0,11540.0,40755.0,13924.0,15455.0,40441.0
2025-07-18_19:31:06,8023.0,11540.0,40756.0,12897.0,15455.0,40441.0
2025-07-18_19:31:06,,,,14210.0,15455.0,40441.0
2025-07-18_19:31:10,3375.0,11540.0,40756.0,12186.0,15455.0,40441.0
2025-07-18_19:31:10,,,,14112.0,15455.0,40441.0
2025-07-18_19:31:14,3375.0,11540.0,40756.0,12186.0,15455.0,40441.0
2025-07-18_19:31:14,8118.0,11540.0,40757.0,13044.0,15455.0,40441.0
2025-07-18_19:31:14,8132.0,11540.0,40757.0,13227.0,15455.0,40441.0
2025-07-18_19:31:15,8122.0,11540.0,40757.0,13048.0,15455.0,40441.0
2025-07-18_19:31:15,10054.0,11540.0,40757.0,14034.0,15455.0,40441.0
2025-07-18_19:31:15,7954.0,11540.0,40757.0,13273.0,15455.0,40441.0
2025-07-18_19:31:15,9016.0,11540.0,40757.0,14269.0,15455.0,40441.0
2025-07-18_19:31:15,8075.0,11540.0,40757.0,13052.0,15455.0,40441.0
2025-07-18_19:31:16,9999.0,11540.0,40757.0,13806.0,15455.0,40442.0
2025-07-18_19:31:16,7988.0,11540.0,40757.0,12833.0,15455.0,40442.0
2025-07-18_19:31:16,8066.0,11540.0,40757.0,13046.0,15455.0,40442.0
2025-07-18_19:31:16,8594.0,11540.0,40757.0,14087.0,15455.0,40442.0
2025-07-18_19:31:17,,,,13231.0,15455.0,40443.0
2025-07-18_19:31:21,2778.0,11540.0,40757.0,12185.0,15455.0,40443.0
2025-07-18_19:31:21,,,,14210.0,15455.0,40443.0
2025-07-18_19:31:24,3358.0,11540.0,40757.0,12195.0,15455.0,40443.0
2025-07-18_19:31:25,,,,,,
2025-07-18_19:31:28,6963.0,11540.0,40757.0,3792.0,15455.0,40443.0
2025-07-18_19:31:29,10192.0,11540.0,40769.0,14092.0,15455.0,40444.0
2025-07-18_19:31:29,,,,14042.0,15455.0,40444.0
2025-07-18_19:31:33,3319.0,11540.0,40769.0,12163.0,15455.0,40446.0
2025-07-18_19:31:33,8554.0,11540.0,40769.0,13654.0,15455.0,40446.0
2025-07-18_19:31:33,7951.0,11540.0,40769.0,13087.0,15455.0,40446.0
2025-07-18_19:31:33,9981.0,11540.0,40774.0,14308.0,15455.0,40446.0
2025-07-18_19:31:34,9969.0,11540.0,40774.0,13981.0,15455.0,40446.0
2025-07-18_19:31:34,,,,,,
2025-07-18_19:31:38,6962.0,11540.0,40774.0,3786.0,15455.0,40446.0
2025-07-18_19:31:38,7992.0,11540.0,40774.0,13054.0,15455.0,40446.0
2025-07-18_19:31:38,8541.0,11540.0,40774.0,14175.0,15455.0,40446.0
2025-07-18_19:31:38,8519.0,11540.0,40774.0,14045.0,15455.0,40446.0
2025-07-18_19:31:39,,,,13808.0,15455.0,40446.0
2025-07-18_19:31:42,3302.0,11540.0,40774.0,12170.0,15455.0,40448.0
2025-07-18_19:31:43,,,,13350.0,15455.0,40448.0
2025-07-18_19:31:46,2778.0,11540.0,40774.0,12184.0,15455.0,40448.0
2025-07-18_19:31:47,,,,13042.0,15455.0,40448.0
2025-07-18_19:31:51,2778.0,11540.0,40774.0,12169.0,15455.0,40448.0
2025-07-18_19:31:51,8137.0,11540.0,40774.0,13345.0,15455.0,40448.0
2025-07-18_19:31:51,,,,13304.0,15455.0,40448.0
2025-07-18_19:31:55,,,,,,
2025-07-18_19:31:59,6971.0,11540.0,40774.0,3793.0,15455.0,40448.0
2025-07-18_19:31:59,8527.0,11540.0,40774.0,13900.0,15455.0,40448.0
2025-07-18_19:31:59,10150.0,11540.0,40774.0,14119.0,15455.0,40448.0
2025-07-18_19:31:59,,,,13833.0,15455.0,40448.0
2025-07-18_19:32:03,3319.0,11540.0,40774.0,12189.0,15455.0,40448.0
2025-07-18_19:32:03,8554.0,11540.0,40774.0,13832.0,15455.0,40448.0
2025-07-18_19:32:03,8116.0,11540.0,40774.0,13265.0,15455.0,40448.0
2025-07-18_19:32:04,8943.0,11540.0,40774.0,14000.0,15455.0,40448.0
2025-07-18_19:32:04,8532.0,11540.0,40774.0,13271.0,15455.0,40448.0
2025-07-18_19:32:04,,,,14654.0,15455.0,40461.0
2025-07-18_19:32:08,2778.0,11540.0,40774.0,12188.0,15455.0,40461.0
2025-07-18_19:32:08,8972.0,11540.0,40774.0,13868.0,15455.0,40461.0
2025-07-18_19:32:08,8557.0,11540.0,40774.0,13831.0,15455.0,40461.0
2025-07-18_19:32:09,8568.0,11540.0,40774.0,13830.0,15455.0,40461.0
2025-07-18_19:32:09,,,,,,
2025-07-18_19:32:13,6966.0,11540.0,40774.0,3793.0,15455.0,40461.0
2025-07-18_19:32:13,,,,14050.0,15455.0,40461.0
2025-07-18_19:32:17,2778.0,11540.0,40774.0,12183.0,15455.0,40461.0
2025-07-18_19:32:17,8532.0,11540.0,40774.0,14001.0,15455.0,40461.0
2025-07-18_19:32:17,,,,13974.0,15455.0,40461.0
2025-07-18_19:32:21,3319.0,11540.0,40774.0,12192.0,15455.0,40461.0
2025-07-18_19:32:21,8559.0,11540.0,40774.0,13807.0,15455.0,40461.0
2025-07-18_19:32:21,,,,,,
2025-07-18_19:32:26,2778.0,11540.0,40774.0,3776.0,15455.0,40461.0
2025-07-18_19:32:26,,,,13794.0,15455.0,40461.0
2025-07-18_19:32:30,3302.0,11540.0,40774.0,12192.0,15455.0,40461.0
2025-07-18_19:32:30,8628.0,11540.0,40774.0,14194.0,15455.0,40461.0
2025-07-18_19:32:30,8107.0,11540.0,40774.0,12894.0,15455.0,40461.0
2025-07-18_19:32:30,8661.0,11540.0,40774.0,13845.0,15455.0,40461.0
2025-07-18_19:32:30,,,,,,
2025-07-18_19:32:34,6955.0,11540.0,40774.0,3794.0,15455.0,40461.0
2025-07-18_19:32:34,,,,,,
2025-07-18_19:32:38,6963.0,11540.0,40774.0,3792.0,15455.0,40461.0
2025-07-18_19:32:38,8586.0,11540.0,40776.0,13689.0,15455.0,40461.0
2025-07-18_19:32:39,8136.0,11540.0,40776.0,13316.0,15455.0,40461.0
2025-07-18_19:32:39,8644.0,11540.0,40776.0,14500.0,15455.0,40465.0
2025-07-18_19:32:39,8582.0,11540.0,40776.0,14050.0,15455.0,40465.0
2025-07-18_19:32:39,8064.0,11540.0,40776.0,13239.0,15455.0,40465.0
2025-07-18_19:32:40,10180.0,11540.0,40776.0,14122.0,15455.0,40465.0
2025-07-18_19:32:40,9174.0,11540.0,40776.0,13828.0,15455.0,40465.0
2025-07-18_19:32:40,10014.0,11540.0,40783.0,14118.0,15455.0,40466.0
2025-07-18_19:32:40,9668.0,11540.0,40783.0,13953.0,15455.0,40466.0
2025-07-18_19:32:40,8632.0,11540.0,40783.0,14081.0,15455.0,40466.0
2025-07-18_19:32:41,10416.0,11540.0,40795.0,14050.0,15455.0,40466.0
2025-07-18_19:32:41,8014.0,11540.0,40795.0,13076.0,15455.0,40466.0
2025-07-18_19:32:41,9718.0,11540.0,40795.0,13988.0,15455.0,40466.0
2025-07-18_19:32:41,,,,,,
2025-07-18_19:32:45,6965.0,11540.0,40795.0,3793.0,15455.0,40466.0
2025-07-18_19:32:45,7960.0,11540.0,40795.0,13052.0,15455.0,40466.0
2025-07-18_19:32:45,8958.0,11540.0,40795.0,13794.0,15455.0,40466.0
2025-07-18_19:32:46,,,,14161.0,15455.0,40466.0
2025-07-18_19:32:49,3375.0,11540.0,40795.0,12168.0,15455.0,40466.0
2025-07-18_19:32:50,7975.0,11540.0,40795.0,13236.0,15455.0,40466.0
2025-07-18_19:32:50,8522.0,11540.0,40795.0,13811.0,15455.0,40466.0
2025-07-18_19:32:50,8541.0,11540.0,40795.0,13782.0,15455.0,40466.0
2025-07-18_19:32:50,,,,14073.0,15455.0,40466.0
2025-07-18_19:32:54,3358.0,11540.0,40795.0,12193.0,15455.0,40466.0
2025-07-18_19:32:54,8033.0,11540.0,40795.0,13272.0,15455.0,40466.0
2025-07-18_19:32:54,8532.0,11540.0,40795.0,13807.0,15455.0,40466.0
2025-07-18_19:32:58,2778.0,11540.0,40795.0,12188.0,15455.0,40466.0
2025-07-18_19:32:58,10134.0,11540.0,40795.0,14232.0,15455.0,40471.0
2025-07-18_19:32:59,,,,,,
2025-07-18_19:33:02,6959.0,11540.0,40795.0,3793.0,15455.0,40471.0
2025-07-18_19:33:03,10560.0,11540.0,40826.0,14632.0,15460.0,40476.0
2025-07-18_19:33:03,8017.0,11540.0,40826.0,13252.0,15460.0,40476.0
2025-07-18_19:33:03,10045.0,11540.0,40828.0,14111.0,15460.0,40476.0
2025-07-18_19:33:04,2778.0,11540.0,40828.0,12194.0,15460.0,40476.0
2025-07-18_19:33:04,8525.0,11540.0,40828.0,13835.0,15460.0,40476.0
2025-07-18_19:33:04,,,,13648.0,15460.0,40476.0
2025-07-18_19:33:08,3302.0,11540.0,40828.0,12206.0,15460.0,40476.0
2025-07-18_19:33:08,9828.0,11540.0,40828.0,14026.0,15460.0,40476.0
2025-07-18_19:33:09,,,,14079.0,15460.0,40476.0
2025-07-18_19:33:12,3375.0,11540.0,40828.0,12186.0,15460.0,40476.0
2025-07-18_19:33:12,10204.0,11540.0,40828.0,14061.0,15460.0,40476.0
2025-07-18_19:33:13,,,,,,
2025-07-18_19:33:16,6965.0,11540.0,40828.0,3793.0,15460.0,40476.0
2025-07-18_19:33:17,10279.0,11540.0,40836.0,14398.0,15460.0,40476.0
2025-07-18_19:33:17,8104.0,11540.0,40836.0,13075.0,15460.0,40476.0
2025-07-18_19:33:17,7962.0,11540.0,40836.0,13220.0,15460.0,40476.0
2025-07-18_19:33:17,,,,,,
2025-07-18_19:33:21,6960.0,11540.0,40836.0,3793.0,15460.0,40476.0
2025-07-18_19:33:21,,,,12854.0,15460.0,40478.0
2025-07-18_19:33:25,2778.0,11540.0,40836.0,12185.0,15460.0,40478.0
2025-07-18_19:33:25,10115.0,11540.0,40848.0,14087.0,15460.0,40478.0
2025-07-18_19:33:26,8534.0,11540.0,40848.0,13808.0,15460.0,40478.0
2025-07-18_19:33:26,8595.0,11540.0,40848.0,14369.0,15460.0,40480.0
2025-07-18_19:33:26,9818.0,11540.0,40848.0,14466.0,15460.0,40480.0
2025-07-18_19:33:26,8557.0,11540.0,40848.0,13936.0,15460.0,40480.0
2025-07-18_19:33:27,8506.0,11540.0,40849.0,13486.0,15460.0,40480.0
2025-07-18_19:33:27,8503.0,11540.0,40849.0,13696.0,15460.0,40480.0
2025-07-18_19:33:27,8113.0,11540.0,40849.0,13272.0,15460.0,40480.0
2025-07-18_19:33:27,9831.0,11540.0,40851.0,14005.0,15460.0,40480.0
2025-07-18_19:33:27,8681.0,11540.0,40851.0,14110.0,15460.0,40480.0
2025-07-18_19:33:28,8113.0,11540.0,40851.0,13257.0,15460.0,40480.0
2025-07-18_19:33:28,9171.0,11540.0,40851.0,14009.0,15460.0,40480.0
2025-07-18_19:33:28,8691.0,11540.0,40851.0,14421.0,15460.0,40480.0
2025-07-18_19:33:28,8504.0,11540.0,40851.0,13841.0,15460.0,40480.0
2025-07-18_19:33:29,8555.0,11540.0,40851.0,13783.0,15460.0,40480.0
2025-07-18_19:33:29,8554.0,11540.0,40851.0,14135.0,15460.0,40480.0
2025-07-18_19:33:29,,,,14343.0,15460.0,40480.0
2025-07-18_19:33:33,2778.0,11540.0,40851.0,12187.0,15460.0,40480.0
2025-07-18_19:33:33,8707.0,11540.0,40851.0,14226.0,15460.0,40480.0
2025-07-18_19:33:33,8084.0,11540.0,40851.0,13233.0,15460.0,40480.0
2025-07-18_19:33:33,8664.0,11540.0,40851.0,13948.0,15460.0,40480.0
2025-07-18_19:33:34,,,,13981.0,15460.0,40480.0
2025-07-18_19:33:37,3302.0,11540.0,40851.0,12185.0,15460.0,40480.0
2025-07-18_19:33:38,8657.0,11540.0,40851.0,14087.0,15460.0,40480.0
2025-07-18_19:33:38,8585.0,11540.0,40851.0,14357.0,15460.0,40480.0
2025-07-18_19:33:38,9970.0,11540.0,40851.0,14376.0,15460.0,40480.0
2025-07-18_19:33:38,,,,13094.0,15460.0,40486.0
2025-07-18_19:33:42,2778.0,11540.0,40851.0,12187.0,15460.0,40487.0
2025-07-18_19:33:42,9809.0,11540.0,40851.0,13819.0,15460.0,40487.0
2025-07-18_19:33:43,10037.0,11540.0,40852.0,14275.0,15460.0,40487.0
2025-07-18_19:33:43,,,,13994.0,15460.0,40487.0
2025-07-18_19:33:46,3319.0,11540.0,40852.0,12187.0,15460.0,40487.0
2025-07-18_19:33:47,7951.0,11540.0,40852.0,12860.0,15460.0,40487.0
2025-07-18_19:33:47,,,,13908.0,15460.0,40487.0
2025-07-18_19:33:51,3377.0,11540.0,40852.0,12165.0,15460.0,40487.0
2025-07-18_19:33:51,,,,,,
2025-07-18_19:33:55,6959.0,11540.0,40852.0,3787.0,15460.0,40487.0
2025-07-18_19:33:55,,,,13836.0,15460.0,40487.0
2025-07-18_19:33:59,2778.0,11540.0,40852.0,12195.0,15460.0,40487.0
2025-07-18_19:33:59,8634.0,11540.0,40852.0,13916.0,15460.0,40487.0
2025-07-18_19:33:59,,,,,,
2025-07-18_19:34:03,6964.0,11540.0,40852.0,3793.0,15460.0,40487.0
2025-07-18_19:34:03,,,,14086.0,15460.0,40487.0
2025-07-18_19:34:07,2778.0,11540.0,40852.0,12185.0,15460.0,40487.0
2025-07-18_19:34:07,9703.0,11540.0,40852.0,13978.0,15460.0,40487.0
2025-07-18_19:34:08,10607.0,11549.0,40880.0,14723.0,15460.0,40487.0
2025-07-18_19:34:08,8676.0,11549.0,40880.0,14322.0,15460.0,40487.0
2025-07-18_19:34:08,,,,13258.0,15460.0,40487.0
2025-07-18_19:34:12,2780.0,11549.0,40880.0,12183.0,15460.0,40487.0
2025-07-18_19:34:12,10090.0,11549.0,40880.0,14211.0,15460.0,40487.0
2025-07-18_19:34:12,10591.0,11549.0,40882.0,14625.0,15460.0,40487.0
2025-07-18_19:34:12,7952.0,11549.0,40882.0,13041.0,15460.0,40487.0
2025-07-18_19:34:13,8656.0,11549.0,40887.0,14095.0,15460.0,40487.0
2025-07-18_19:34:13,9818.0,11549.0,40887.0,14618.0,15460.0,40489.0
2025-07-18_19:34:13,8612.0,11549.0,40887.0,14352.0,15460.0,40489.0
2025-07-18_19:34:13,8020.0,11549.0,40887.0,13266.0,15460.0,40489.0
2025-07-18_19:34:14,8518.0,11549.0,40898.0,13080.0,15460.0,40489.0
2025-07-18_19:34:14,7969.0,11549.0,40898.0,12798.0,15460.0,40489.0
2025-07-18_19:34:14,9760.0,11549.0,40908.0,14103.0,15460.0,40489.0
2025-07-18_19:34:14,9773.0,11549.0,40908.0,13959.0,15460.0,40489.0
2025-07-18_19:34:14,7992.0,11549.0,40908.0,13046.0,15460.0,40489.0
2025-07-18_19:34:15,8603.0,11549.0,40908.0,14216.0,15460.0,40489.0
2025-07-18_19:34:15,,,,14228.0,15460.0,40489.0
2025-07-18_19:34:19,,,,,,
2025-07-18_19:34:23,6957.0,11549.0,40908.0,3793.0,15460.0,40489.0
2025-07-18_19:34:23,,,,12495.0,15460.0,40495.0
2025-07-18_19:34:27,2778.0,11549.0,40908.0,12159.0,15460.0,40495.0
2025-07-18_19:34:27,,,,14016.0,15460.0,40495.0
2025-07-18_19:34:31,3302.0,11549.0,40908.0,12169.0,15460.0,40495.0
2025-07-18_19:34:31,8645.0,11549.0,40910.0,14127.0,15460.0,40495.0
2025-07-18_19:34:31,10193.0,11549.0,40930.0,14400.0,15460.0,40495.0
2025-07-18_19:34:31,10170.0,11549.0,40934.0,14254.0,15460.0,40495.0
2025-07-18_19:34:32,8519.0,11549.0,40934.0,13807.0,15460.0,40495.0
2025-07-18_19:34:32,8625.0,11549.0,40934.0,13422.0,15460.0,40495.0
2025-07-18_19:34:32,8533.0,11549.0,40934.0,13258.0,15460.0,40495.0
2025-07-18_19:34:32,,,,13042.0,15460.0,40495.0
2025-07-18_19:34:36,2778.0,11549.0,40934.0,12169.0,15460.0,40495.0
2025-07-18_19:34:36,10112.0,11549.0,40934.0,14039.0,15460.0,40495.0
2025-07-18_19:34:36,10117.0,11549.0,40934.0,14383.0,15460.0,40495.0
2025-07-18_19:34:37,8621.0,11549.0,40934.0,14262.0,15460.0,40495.0
2025-07-18_19:34:37,7993.0,11549.0,40934.0,13046.0,15460.0,40495.0
2025-07-18_19:34:37,8583.0,11549.0,40934.0,14275.0,15460.0,40495.0
2025-07-18_19:34:37,8064.0,11549.0,40934.0,13069.0,15460.0,40495.0
2025-07-18_19:34:38,2778.0,11549.0,40934.0,12161.0,15460.0,40495.0
2025-07-18_19:34:38,,,,14422.0,15460.0,40508.0
2025-07-18_19:34:42,3375.0,11549.0,40934.0,12185.0,15460.0,40508.0
2025-07-18_19:34:42,,,,13973.0,15460.0,40508.0
2025-07-18_19:34:46,3302.0,11549.0,40934.0,12183.0,15460.0,40508.0
2025-07-18_19:34:46,9837.0,11549.0,40934.0,13978.0,15460.0,40508.0
2025-07-18_19:34:46,,,,13545.0,15460.0,40508.0
2025-07-18_19:34:50,3319.0,11549.0,40934.0,12165.0,15460.0,40508.0
2025-07-18_19:34:50,8134.0,11549.0,40934.0,13052.0,15460.0,40508.0
2025-07-18_19:34:51,7946.0,11549.0,40934.0,13085.0,15460.0,40508.0
2025-07-18_19:34:51,7981.0,11549.0,40934.0,13082.0,15460.0,40508.0
2025-07-18_19:34:51,8538.0,11549.0,40934.0,13844.0,15460.0,40508.0
2025-07-18_19:34:51,,,,,,
2025-07-18_19:34:55,6969.0,11549.0,40934.0,3792.0,15460.0,40508.0
2025-07-18_19:34:55,8602.0,11549.0,40934.0,13903.0,15460.0,40508.0
2025-07-18_19:34:56,9633.0,11549.0,40934.0,13972.0,15460.0,40508.0
2025-07-18_19:34:56,8673.0,11549.0,40934.0,14108.0,15460.0,40508.0
2025-07-18_19:34:56,8506.0,11549.0,40934.0,13232.0,15460.0,40508.0
2025-07-18_19:34:56,,,,,,
2025-07-18_19:35:00,6967.0,11549.0,40934.0,3792.0,15460.0,40508.0
2025-07-18_19:35:00,8586.0,11549.0,40934.0,14263.0,15460.0,40508.0
2025-07-18_19:35:00,8558.0,11549.0,40934.0,14026.0,15460.0,40508.0
2025-07-18_19:35:01,10146.0,11549.0,40934.0,14094.0,15460.0,40508.0
2025-07-18_19:35:01,9694.0,11549.0,40934.0,14268.0,15460.0,40508.0
2025-07-18_19:35:01,8090.0,11549.0,40934.0,13270.0,15460.0,40508.0
2025-07-18_19:35:01,8604.0,11549.0,40934.0,14174.0,15460.0,40508.0
2025-07-18_19:35:02,,,,,,
2025-07-18_19:35:05,6964.0,11549.0,40934.0,3793.0,15460.0,40508.0
2025-07-18_19:35:06,8645.0,11549.0,40934.0,14089.0,15460.0,40508.0
2025-07-18_19:35:06,10169.0,11549.0,40934.0,14084.0,15460.0,40508.0
2025-07-18_19:35:06,8525.0,11549.0,40934.0,14005.0,15460.0,40508.0
2025-07-18_19:35:06,8138.0,11549.0,40934.0,13306.0,15460.0,40508.0
2025-07-18_19:35:07,8628.0,11549.0,40934.0,14094.0,15460.0,40508.0
2025-07-18_19:35:07,,,,,,
2025-07-18_19:35:11,6979.0,11549.0,40934.0,3793.0,15460.0,40508.0
2025-07-18_19:35:11,9930.0,11549.0,40934.0,14331.0,15460.0,40508.0
2025-07-18_19:35:11,,,,14025.0,15460.0,40508.0
2025-07-18_19:35:15,,,,,,
2025-07-18_19:35:19,6964.0,11549.0,40934.0,3793.0,15460.0,40508.0
2025-07-18_19:35:19,,,,14128.0,15460.0,40508.0
2025-07-18_19:35:23,3302.0,11549.0,40934.0,12192.0,15460.0,40508.0
2025-07-18_19:35:23,8606.0,11549.0,40934.0,14017.0,15460.0,40508.0
2025-07-18_19:35:23,,,,13798.0,15460.0,40508.0
2025-07-18_19:35:27,3302.0,11549.0,40934.0,12161.0,15460.0,40508.0
2025-07-18_19:35:27,8834.0,11570.0,40981.0,14135.0,15460.0,40508.0
2025-07-18_19:35:27,7978.0,11570.0,40986.0,13083.0,15460.0,40508.0
2025-07-18_19:35:27,8116.0,11570.0,40986.0,13047.0,15460.0,40508.0
2025-07-18_19:35:28,10224.0,11570.0,40986.0,14399.0,15460.0,40508.0
2025-07-18_19:35:28,8647.0,11570.0,40986.0,14083.0,15460.0,40508.0
2025-07-18_19:35:28,8634.0,11570.0,40987.0,14090.0,15460.0,40508.0
2025-07-18_19:35:28,8587.0,11570.0,40987.0,14362.0,15460.0,40508.0
2025-07-18_19:35:28,9453.0,11570.0,40987.0,13899.0,15460.0,40508.0
2025-07-18_19:35:29,9923.0,11570.0,40987.0,14114.0,15460.0,40508.0
2025-07-18_19:35:29,8632.0,11570.0,40987.0,14067.0,15460.0,40508.0
2025-07-18_19:35:29,8595.0,11570.0,40987.0,14274.0,15460.0,40508.0
2025-07-18_19:35:29,,,,,,
2025-07-18_19:35:33,6964.0,11570.0,40987.0,3792.0,15460.0,40508.0
2025-07-18_19:35:33,7993.0,11570.0,40987.0,13262.0,15460.0,40508.0
2025-07-18_19:35:34,,,,12865.0,15460.0,40509.0
2025-07-18_19:35:37,2778.0,11570.0,40987.0,12183.0,15460.0,40509.0
2025-07-18_19:35:38,7997.0,11570.0,40987.0,13347.0,15460.0,40512.0
2025-07-18_19:35:38,7953.0,11570.0,40987.0,13341.0,15460.0,40512.0
2025-07-18_19:35:38,8066.0,11570.0,40987.0,13047.0,15460.0,40512.0
2025-07-18_19:35:38,8018.0,11570.0,40987.0,13264.0,15460.0,40512.0
2025-07-18_19:35:39,8699.0,11570.0,40987.0,14199.0,15460.0,40512.0
2025-07-18_19:35:39,,,,,,
2025-07-18_19:35:43,2778.0,11570.0,40987.0,3776.0,15460.0,40512.0
2025-07-18_19:35:43,,,,13296.0,15460.0,40512.0
2025-07-18_19:35:47,2778.0,11570.0,40987.0,12163.0,15460.0,40512.0
2025-07-18_19:35:48,,,,,,
2025-07-18_19:35:52,2778.0,11570.0,40987.0,3776.0,15460.0,40512.0
2025-07-18_19:35:52,,,,13801.0,15460.0,40512.0
2025-07-18_19:35:56,3302.0,11570.0,40987.0,12161.0,15460.0,40512.0
2025-07-18_19:35:56,8685.0,11570.0,40987.0,13840.0,15460.0,40512.0
2025-07-18_19:35:56,8520.0,11570.0,40987.0,13804.0,15460.0,40512.0
2025-07-18_19:35:57,8569.0,11570.0,40987.0,13800.0,15460.0,40512.0
2025-07-18_19:35:57,9975.0,11570.0,40987.0,13800.0,15460.0,40512.0
2025-07-18_19:35:57,9985.0,11570.0,40987.0,13977.0,15460.0,40512.0
2025-07-18_19:35:57,8079.0,11570.0,40987.0,13063.0,15460.0,40512.0
2025-07-18_19:35:57,8509.0,11570.0,40987.0,13091.0,15460.0,40512.0
2025-07-18_19:35:58,,,,14333.0,15460.0,40512.0
2025-07-18_19:36:01,3375.0,11570.0,40987.0,12184.0,15460.0,40512.0
2025-07-18_19:36:02,8552.0,11570.0,40987.0,13756.0,15460.0,40512.0
2025-07-18_19:36:02,8643.0,11570.0,40987.0,14229.0,15460.0,40512.0
2025-07-18_19:36:02,8666.0,11570.0,40987.0,14087.0,15460.0,40512.0
2025-07-18_19:36:02,8730.0,11570.0,41075.0,14104.0,15460.0,40512.0
2025-07-18_19:36:02,7936.0,11570.0,41075.0,13073.0,15460.0,40512.0
2025-07-18_19:36:03,10023.0,11570.0,41075.0,14261.0,15460.0,40512.0
2025-07-18_19:36:03,10166.0,11570.0,41087.0,14218.0,15460.0,40512.0
2025-07-18_19:36:03,10086.0,11570.0,41370.0,14364.0,15460.0,40512.0
2025-07-18_19:36:03,8627.0,11570.0,41370.0,14089.0,15460.0,40512.0
2025-07-18_19:36:04,,,,,,
2025-07-18_19:36:07,6971.0,11570.0,41370.0,3792.0,15460.0,40512.0
2025-07-18_19:36:08,9483.0,11570.0,41373.0,14092.0,15460.0,40512.0
2025-07-18_19:36:08,8651.0,11570.0,41373.0,14205.0,15460.0,40512.0
2025-07-18_19:36:08,7954.0,11570.0,41373.0,13237.0,15460.0,40512.0
2025-07-18_19:36:08,8124.0,11570.0,41373.0,13042.0,15460.0,40512.0
2025-07-18_19:36:09,8605.0,11570.0,41373.0,14183.0,15460.0,40512.0
2025-07-18_19:36:09,8828.0,11570.0,41376.0,14221.0,15460.0,40512.0
2025-07-18_19:36:09,10650.0,11570.0,41377.0,14218.0,15460.0,40513.0
2025-07-18_19:36:09,,,,13949.0,15460.0,40513.0
2025-07-18_19:36:13,,,,,,
2025-07-18_19:36:17,6953.0,11570.0,41377.0,3793.0,15460.0,40513.0
2025-07-18_19:36:17,8606.0,11570.0,41377.0,14088.0,15460.0,40513.0
2025-07-18_19:36:17,,,,,,
2025-07-18_19:36:21,,,,3792.0,15460.0,40527.0
2025-07-18_19:36:25,2778.0,11570.0,41377.0,12160.0,15460.0,40527.0
2025-07-18_19:36:25,9978.0,11570.0,41377.0,13981.0,15460.0,40527.0
2025-07-18_19:36:25,7985.0,11570.0,41377.0,13228.0,15460.0,40527.0
2025-07-18_19:36:25,10048.0,11570.0,41377.0,14373.0,15460.0,40527.0
2025-07-18_19:36:26,8117.0,11570.0,41377.0,13079.0,15460.0,40527.0
2025-07-18_19:36:26,,,,,,
2025-07-18_19:36:30,6970.0,11570.0,41377.0,3793.0,15460.0,40527.0
2025-07-18_19:36:30,,,,14073.0,15460.0,40527.0
2025-07-18_19:36:34,3319.0,11570.0,41377.0,12167.0,15460.0,40527.0
2025-07-18_19:36:34,8053.0,11570.0,41377.0,13047.0,15460.0,40527.0
2025-07-18_19:36:34,9696.0,11570.0,41377.0,13909.0,15460.0,40527.0
2025-07-18_19:36:34,8592.0,11570.0,41377.0,14100.0,15460.0,40527.0
2025-07-18_19:36:35,9248.0,11570.0,41377.0,14395.0,15460.0,40527.0
2025-07-18_19:36:35,8008.0,11570.0,41377.0,13043.0,15460.0,40527.0
2025-07-18_19:36:35,9584.0,11570.0,41377.0,14077.0,15460.0,40527.0
2025-07-18_19:36:35,,,,13788.0,15460.0,40527.0
2025-07-18_19:36:39,3319.0,11570.0,41377.0,12161.0,15460.0,40527.0
2025-07-18_19:36:39,8664.0,11570.0,41377.0,14092.0,15460.0,40527.0
2025-07-18_19:36:39,9960.0,11570.0,41377.0,13809.0,15460.0,40527.0
2025-07-18_19:36:40,8087.0,11570.0,41377.0,13515.0,15460.0,40527.0
2025-07-18_19:36:40,8078.0,11570.0,41377.0,13053.0,15460.0,40527.0
2025-07-18_19:36:40,9995.0,11570.0,41377.0,13991.0,15460.0,40527.0
2025-07-18_19:36:40,8512.0,11570.0,41377.0,13088.0,15460.0,40527.0
2025-07-18_19:36:41,2778.0,11570.0,41377.0,12184.0,15460.0,40527.0
2025-07-18_19:36:41,7952.0,11570.0,41377.0,13227.0,15460.0,40527.0
2025-07-18_19:36:41,10158.0,11570.0,41377.0,14027.0,15460.0,40527.0
2025-07-18_19:36:42,7970.0,11570.0,41377.0,13242.0,15460.0,40527.0
2025-07-18_19:36:42,10265.0,11570.0,41463.0,14567.0,15460.0,40527.0
2025-07-18_19:36:42,8885.0,11570.0,41463.0,13795.0,15461.0,40530.0
2025-07-18_19:36:42,10079.0,11570.0,41463.0,14488.0,15461.0,40530.0
2025-07-18_19:36:43,,,,14257.0,15461.0,40530.0
2025-07-18_19:36:46,3358.0,11570.0,41463.0,12184.0,15461.0,40530.0
2025-07-18_19:36:47,8915.0,11570.0,41463.0,13780.0,15461.0,40530.0
2025-07-18_19:36:47,8127.0,11570.0,41463.0,13222.0,15461.0,40530.0
2025-07-18_19:36:47,,,,,,
2025-07-18_19:36:51,6968.0,11570.0,41463.0,3787.0,15461.0,40530.0
2025-07-18_19:36:51,9900.0,11570.0,41463.0,14003.0,15461.0,40530.0
2025-07-18_19:36:51,,,,13982.0,15461.0,40530.0
2025-07-18_19:36:55,3375.0,11570.0,41463.0,12167.0,15461.0,40530.0
2025-07-18_19:36:55,7976.0,11570.0,41463.0,13080.0,15461.0,40530.0
2025-07-18_19:36:55,,,,,,
2025-07-18_19:36:59,6967.0,11570.0,41463.0,3793.0,15461.0,40530.0
2025-07-18_19:36:59,,,,,,
2025-07-18_19:37:03,6966.0,11570.0,41463.0,3793.0,15461.0,40530.0
2025-07-18_19:37:04,9711.0,11570.0,41463.0,14069.0,15461.0,40530.0
2025-07-18_19:37:04,,,,12716.0,15461.0,40534.0
2025-07-18_19:37:08,2778.0,11570.0,41463.0,12191.0,15461.0,40534.0
2025-07-18_19:37:08,9948.0,11570.0,41463.0,13732.0,15461.0,40534.0
2025-07-18_19:37:08,,,,14290.0,15461.0,40534.0
2025-07-18_19:37:12,2778.0,11570.0,41463.0,12194.0,15461.0,40534.0
2025-07-18_19:37:12,8130.0,11570.0,41463.0,13262.0,15461.0,40534.0
2025-07-18_19:37:12,8128.0,11570.0,41463.0,13079.0,15461.0,40534.0
2025-07-18_19:37:13,10342.0,11570.0,41470.0,14625.0,15461.0,40536.0
2025-07-18_19:37:13,,,,,,
2025-07-18_19:37:17,2778.0,11570.0,41470.0,3776.0,15461.0,40536.0
2025-07-18_19:37:18,,,,13972.0,15461.0,40539.0
2025-07-18_19:37:21,2780.0,11570.0,41470.0,12192.0,15461.0,40539.0
2025-07-18_19:37:22,,,,,,
2025-07-18_19:37:26,2778.0,11570.0,41470.0,3776.0,15461.0,40539.0
2025-07-18_19:37:26,8624.0,11570.0,41470.0,14087.0,15461.0,40539.0
2025-07-18_19:37:26,,,,13282.0,15461.0,40539.0
2025-07-18_19:37:30,2778.0,11570.0,41470.0,12165.0,15461.0,40539.0
2025-07-18_19:37:31,8072.0,11570.0,41470.0,13051.0,15461.0,40539.0
2025-07-18_19:37:31,,,,13949.0,15461.0,40539.0
2025-07-18_19:37:34,3375.0,11570.0,41470.0,12191.0,15461.0,40539.0
2025-07-18_19:37:35,8609.0,11570.0,41470.0,13428.0,15461.0,40539.0
2025-07-18_19:37:35,8120.0,11570.0,41470.0,13258.0,15461.0,40539.0
2025-07-18_19:37:35,8526.0,11570.0,41470.0,14138.0,15461.0,40539.0
2025-07-18_19:37:35,8548.0,11570.0,41470.0,13838.0,15461.0,40539.0
2025-07-18_19:37:36,9908.0,11570.0,41470.0,14037.0,15461.0,40539.0
2025-07-18_19:37:36,,,,,,
2025-07-18_19:37:40,2778.0,11570.0,41470.0,3776.0,15461.0,40539.0
2025-07-18_19:37:41,,,,,,
2025-07-18_19:37:44,6963.0,11570.0,41470.0,3792.0,15461.0,40539.0
2025-07-18_19:37:45,8607.0,11570.0,41470.0,14082.0,15461.0,40539.0
2025-07-18_19:37:45,8774.0,11570.0,41470.0,14296.0,15461.0,40539.0
2025-07-18_19:37:45,8513.0,11570.0,41470.0,13800.0,15461.0,40539.0
2025-07-18_19:37:45,10034.0,11570.0,41470.0,13982.0,15461.0,40539.0
2025-07-18_19:37:45,8615.0,11570.0,41470.0,14091.0,15461.0,40539.0
2025-07-18_19:37:46,8672.0,11570.0,41470.0,14197.0,15461.0,40605.0
2025-07-18_19:37:46,10121.0,11570.0,41470.0,14050.0,15461.0,40605.0
2025-07-18_19:37:46,,,,,,
2025-07-18_19:37:50,,,,3792.0,15461.0,40605.0
2025-07-18_19:37:54,2778.0,11570.0,41470.0,12169.0,15461.0,40605.0
2025-07-18_19:37:54,8551.0,11570.0,41470.0,13827.0,15461.0,40605.0
2025-07-18_19:37:54,,,,,,
2025-07-18_19:37:59,2778.0,11570.0,41470.0,3776.0,15461.0,40605.0
2025-07-18_19:37:59,8630.0,11570.0,41470.0,14198.0,15461.0,40605.0
2025-07-18_19:37:59,9994.0,11622.0,41522.0,14146.0,15461.0,40605.0
2025-07-18_19:37:59,7950.0,11622.0,41522.0,13306.0,15461.0,40605.0
2025-07-18_19:38:00,,,,13947.0,15461.0,40605.0
2025-07-18_19:38:03,3319.0,11622.0,41522.0,12165.0,15461.0,40605.0
2025-07-18_19:38:04,9017.0,11622.0,41522.0,13785.0,15461.0,40605.0
2025-07-18_19:38:04,8030.0,11622.0,41522.0,13038.0,15461.0,40605.0
2025-07-18_19:38:04,,,,14201.0,15461.0,40605.0
2025-07-18_19:38:08,3375.0,11622.0,41522.0,12171.0,15461.0,40605.0
2025-07-18_19:38:08,10204.0,11622.0,41524.0,14588.0,15461.0,40605.0
2025-07-18_19:38:08,8541.0,11622.0,41524.0,14088.0,15461.0,40605.0
2025-07-18_19:38:09,8527.0,11622.0,41524.0,13527.0,15461.0,40605.0
2025-07-18_19:38:09,2778.0,11622.0,41524.0,12194.0,15461.0,40605.0
2025-07-18_19:38:10,,,,13840.0,15461.0,40605.0
2025-07-18_19:38:13,2778.0,11622.0,41524.0,12198.0,15461.0,40605.0
2025-07-18_19:38:14,,,,,,
2025-07-18_19:38:18,6969.0,11622.0,41524.0,3792.0,15461.0,40605.0
2025-07-18_19:38:18,10053.0,11622.0,41524.0,14640.0,15461.0,40608.0
2025-07-18_19:38:18,8182.0,11622.0,41524.0,13273.0,15461.0,40608.0
2025-07-18_19:38:18,,,,,,
2025-07-18_19:38:22,6973.0,11622.0,41524.0,3792.0,15461.0,40608.0
2025-07-18_19:38:22,9000.0,11622.0,41525.0,14140.0,15461.0,40609.0
2025-07-18_19:38:23,,,,,,
2025-07-18_19:38:27,3356.0,11622.0,41525.0,4595.0,15461.0,40609.0
2025-07-18_19:38:27,8607.0,11622.0,41525.0,14156.0,15461.0,40609.0
2025-07-18_19:38:27,8563.0,11622.0,41525.0,13941.0,15461.0,40609.0
2025-07-18_19:38:28,,,,,,
2025-07-18_19:38:31,6965.0,11622.0,41525.0,3792.0,15461.0,40609.0
2025-07-18_19:38:32,,,,14003.0,15461.0,40609.0
2025-07-18_19:38:35,3302.0,11622.0,41525.0,12172.0,15461.0,40609.0
2025-07-18_19:38:35,10601.0,11622.0,41525.0,14453.0,15461.0,40611.0
2025-07-18_19:38:36,8565.0,11622.0,41525.0,14024.0,15461.0,40611.0
2025-07-18_19:38:36,10018.0,11622.0,41525.0,14277.0,15461.0,40611.0
2025-07-18_19:38:36,,,,13059.0,15461.0,40611.0
2025-07-18_19:38:40,,,,,,
2025-07-18_19:38:44,6960.0,11622.0,41525.0,3792.0,15461.0,40611.0
2025-07-18_19:38:44,8131.0,11622.0,41525.0,13350.0,15461.0,40611.0
2025-07-18_19:38:44,7970.0,11622.0,41525.0,13081.0,15461.0,40611.0
2025-07-18_19:38:45,10469.0,11622.0,41527.0,14449.0,15461.0,40670.0
2025-07-18_19:38:45,8533.0,11622.0,41527.0,12840.0,15461.0,40670.0
2025-07-18_19:38:45,,,,14300.0,15461.0,40672.0
2025-07-18_19:38:49,2778.0,11622.0,41527.0,12165.0,15461.0,40672.0
2025-07-18_19:38:49,,,,14290.0,15461.0,40672.0
2025-07-18_19:38:53,3375.0,11622.0,41527.0,12189.0,15461.0,40672.0
2025-07-18_19:38:53,,,,,,
2025-07-18_19:38:57,6967.0,11622.0,41527.0,3786.0,15461.0,40672.0
2025-07-18_19:38:57,9619.0,11622.0,41533.0,14028.0,15461.0,40672.0
2025-07-18_19:38:57,9778.0,11622.0,41534.0,14337.0,15461.0,40672.0
2025-07-18_19:38:57,,,,13092.0,15461.0,40672.0
2025-07-18_19:39:01,2780.0,11622.0,41534.0,12186.0,15461.0,40672.0
2025-07-18_19:39:02,8569.0,11622.0,41534.0,13845.0,15461.0,40672.0
2025-07-18_19:39:02,,,,14095.0,15461.0,40672.0
2025-07-18_19:39:06,3319.0,11622.0,41534.0,12173.0,15461.0,40672.0
2025-07-18_19:39:06,,,,14102.0,15461.0,40672.0
2025-07-18_19:39:10,2778.0,11622.0,41534.0,12189.0,15461.0,40672.0
2025-07-18_19:39:10,8119.0,11622.0,41534.0,13034.0,15461.0,40672.0
2025-07-18_19:39:10,,,,,,
2025-07-18_19:39:14,6963.0,11622.0,41534.0,3792.0,15461.0,40672.0
2025-07-18_19:39:14,8545.0,11622.0,41534.0,13840.0,15461.0,40672.0
2025-07-18_19:39:14,,,,13867.0,15461.0,40672.0
2025-07-18_19:39:18,3302.0,11622.0,41534.0,12191.0,15461.0,40672.0
2025-07-18_19:39:18,7960.0,11622.0,41534.0,12863.0,15461.0,40672.0
2025-07-18_19:39:18,8657.0,11622.0,41534.0,14086.0,15461.0,40672.0
2025-07-18_19:39:19,8940.0,11622.0,41534.0,13815.0,15461.0,40672.0
2025-07-18_19:39:19,8529.0,11622.0,41534.0,13791.0,15461.0,40672.0
2025-07-18_19:39:19,,,,14122.0,15461.0,40672.0
2025-07-18_19:39:23,3302.0,11622.0,41534.0,12180.0,15461.0,40672.0
2025-07-18_19:39:23,,,,14230.0,15461.0,40672.0
2025-07-18_19:39:27,3358.0,11622.0,41534.0,12196.0,15461.0,40672.0
2025-07-18_19:39:27,9824.0,11622.0,41534.0,14332.0,15461.0,40672.0
2025-07-18_19:39:27,8526.0,11622.0,41534.0,13827.0,15461.0,40672.0
2025-07-18_19:39:27,8532.0,11622.0,41534.0,13899.0,15461.0,40672.0
2025-07-18_19:39:28,9872.0,11622.0,41535.0,13940.0,15461.0,40672.0
2025-07-18_19:39:28,10145.0,11622.0,41535.0,14057.0,15461.0,40672.0
2025-07-18_19:39:28,,,,13809.0,15461.0,40672.0
2025-07-18_19:39:32,3302.0,11622.0,41535.0,12188.0,15461.0,40672.0
2025-07-18_19:39:32,9973.0,11622.0,41535.0,13971.0,15461.0,40672.0
2025-07-18_19:39:32,8526.0,11622.0,41535.0,13817.0,15461.0,40672.0
2025-07-18_19:39:32,,,,13239.0,15461.0,40672.0
2025-07-18_19:39:36,2778.0,11622.0,41535.0,12194.0,15461.0,40672.0
2025-07-18_19:39:37,9894.0,11622.0,41535.0,14003.0,15461.0,40675.0
2025-07-18_19:39:37,,,,,,
2025-07-18_19:39:41,6965.0,11622.0,41535.0,3793.0,15461.0,40675.0
2025-07-18_19:39:41,,,,14187.0,15461.0,40675.0
2025-07-18_19:39:44,3302.0,11622.0,41535.0,12195.0,15461.0,40675.0
2025-07-18_19:39:45,10210.0,11622.0,41535.0,14051.0,15461.0,40677.0
2025-07-18_19:39:45,9881.0,11622.0,41537.0,14029.0,15461.0,40677.0
2025-07-18_19:39:45,7967.0,11622.0,41537.0,13240.0,15461.0,40677.0
2025-07-18_19:39:45,7978.0,11622.0,41537.0,13075.0,15461.0,40677.0
2025-07-18_19:39:46,,,,14331.0,15461.0,40677.0
2025-07-18_19:39:49,3375.0,11622.0,41537.0,12145.0,15461.0,40677.0
2025-07-18_19:39:49,9793.0,11622.0,41537.0,14556.0,15461.0,40677.0
2025-07-18_19:39:50,,,,13779.0,15461.0,40677.0
2025-07-18_19:39:53,3302.0,11622.0,41537.0,12164.0,15461.0,40677.0
2025-07-18_19:39:54,,,,13924.0,15461.0,40677.0
2025-07-18_19:39:57,3302.0,11622.0,41537.0,12168.0,15461.0,40677.0
2025-07-18_19:39:58,,,,14099.0,15461.0,40677.0
2025-07-18_19:40:01,3317.0,11622.0,41537.0,12181.0,15461.0,40677.0
2025-07-18_19:40:01,9457.0,11622.0,41537.0,13856.0,15461.0,40677.0
2025-07-18_19:40:02,8640.0,11622.0,41537.0,14216.0,15461.0,40677.0
2025-07-18_19:40:02,10473.0,11622.0,41538.0,14681.0,15461.0,40678.0
2025-07-18_19:40:02,,,,14273.0,15461.0,40678.0
2025-07-18_19:40:06,2778.0,11622.0,41538.0,12189.0,15461.0,40678.0
2025-07-18_19:40:06,7961.0,11622.0,41538.0,13080.0,15461.0,40678.0
2025-07-18_19:40:06,8116.0,11622.0,41538.0,13342.0,15461.0,40678.0
2025-07-18_19:40:06,9144.0,11622.0,41538.0,13785.0,15461.0,40678.0
2025-07-18_19:40:07,7953.0,11622.0,41538.0,13055.0,15461.0,40678.0
2025-07-18_19:40:07,,,,13985.0,15461.0,40678.0
2025-07-18_19:40:11,3319.0,11622.0,41538.0,12184.0,15461.0,40678.0
2025-07-18_19:40:11,8624.0,11622.0,41538.0,14050.0,15461.0,40678.0
2025-07-18_19:40:11,,,,,,
2025-07-18_19:40:15,6966.0,11622.0,41538.0,3792.0,15461.0,40678.0
2025-07-18_19:40:15,,,,14258.0,15461.0,40678.0
2025-07-18_19:40:19,3375.0,11622.0,41538.0,12185.0,15461.0,40678.0
2025-07-18_19:40:19,8653.0,11622.0,41538.0,14097.0,15461.0,40678.0
2025-07-18_19:40:19,8519.0,11622.0,41538.0,13673.0,15461.0,40678.0
2025-07-18_19:40:19,9851.0,11622.0,41538.0,13975.0,15461.0,40678.0
2025-07-18_19:40:20,9951.0,11622.0,41538.0,13754.0,15461.0,40679.0
2025-07-18_19:40:20,,,,14369.0,15461.0,40682.0
2025-07-18_19:40:24,3358.0,11622.0,41538.0,12191.0,15461.0,40682.0
2025-07-18_19:40:24,7961.0,11622.0,41538.0,13041.0,15461.0,40682.0
2025-07-18_19:40:24,9351.0,11622.0,41538.0,13688.0,15461.0,40682.0
2025-07-18_19:40:24,9505.0,11622.0,41538.0,14419.0,15461.0,40682.0
2025-07-18_19:40:24,8113.0,11622.0,41540.0,13075.0,15461.0,40682.0
2025-07-18_19:40:25,8991.0,11622.0,41540.0,13987.0,15461.0,40682.0
2025-07-18_19:40:25,8118.0,11622.0,41540.0,12893.0,15461.0,40682.0
2025-07-18_19:40:25,9004.0,11622.0,41540.0,13820.0,15461.0,40682.0
2025-07-18_19:40:25,9253.0,11622.0,41541.0,14392.0,15461.0,40682.0
2025-07-18_19:40:26,8641.0,11622.0,41541.0,14325.0,15461.0,40682.0
2025-07-18_19:40:26,8514.0,11623.0,41542.0,13264.0,15461.0,40682.0
2025-07-18_19:40:26,,,,,,
2025-07-18_19:40:30,6955.0,11623.0,41542.0,3786.0,15461.0,40682.0
2025-07-18_19:40:30,9047.0,11623.0,41542.0,13784.0,15461.0,40682.0
2025-07-18_19:40:30,,,,13877.0,15461.0,40682.0
2025-07-18_19:40:34,2778.0,11623.0,41542.0,12163.0,15461.0,40682.0
2025-07-18_19:40:34,8112.0,11623.0,41542.0,12792.0,15461.0,40682.0
2025-07-18_19:40:34,8533.0,11623.0,41542.0,13806.0,15461.0,40682.0
2025-07-18_19:40:35,8558.0,11623.0,41543.0,13731.0,15461.0,40682.0
2025-07-18_19:40:35,7961.0,11623.0,41543.0,13039.0,15461.0,40682.0
2025-07-18_19:40:35,10216.0,11623.0,41554.0,14571.0,15461.0,40822.0
2025-07-18_19:40:35,7949.0,11623.0,41554.0,13043.0,15461.0,40822.0
2025-07-18_19:40:36,8977.0,11623.0,41554.0,13985.0,15461.0,40822.0
2025-07-18_19:40:36,8625.0,11623.0,41554.0,14058.0,15461.0,40822.0
2025-07-18_19:40:36,,,,,,
2025-07-18_19:40:40,6963.0,11623.0,41554.0,3793.0,15461.0,40822.0
2025-07-18_19:40:40,9692.0,11623.0,41556.0,13972.0,15461.0,40822.0
2025-07-18_19:40:40,8061.0,11623.0,41556.0,13037.0,15461.0,40822.0
2025-07-18_19:40:41,8654.0,11623.0,41556.0,14085.0,15461.0,40822.0
2025-07-18_19:40:41,7953.0,11623.0,41556.0,13075.0,15461.0,40822.0
2025-07-18_19:40:41,8113.0,11623.0,41557.0,13295.0,15461.0,40822.0
2025-07-18_19:40:41,,,,14038.0,15461.0,40822.0
2025-07-18_19:40:45,2778.0,11623.0,41557.0,12186.0,15461.0,40822.0
2025-07-18_19:40:45,8515.0,11623.0,41557.0,13228.0,15461.0,40822.0
2025-07-18_19:40:46,7967.0,11623.0,41557.0,13047.0,15461.0,40824.0
2025-07-18_19:40:46,10848.0,11888.0,41842.0,14998.0,16001.0,41410.0
2025-07-18_19:40:46,9167.0,11888.0,41842.0,13777.0,16001.0,41410.0
2025-07-18_19:40:46,,,,,,
2025-07-18_19:40:50,6970.0,11888.0,41842.0,3792.0,16001.0,41410.0
2025-07-18_19:40:50,10258.0,11888.0,41842.0,14414.0,16001.0,41410.0
2025-07-18_19:40:50,8521.0,11888.0,41843.0,13350.0,16001.0,41410.0
2025-07-18_19:40:51,,,,,,
2025-07-18_19:40:55,6968.0,11888.0,41843.0,3792.0,16001.0,41410.0
2025-07-18_19:40:55,8112.0,11888.0,41843.0,13257.0,16001.0,41410.0
2025-07-18_19:40:55,,,,,,
2025-07-18_19:40:59,6968.0,11888.0,41843.0,3792.0,16001.0,41410.0
2025-07-18_19:40:59,,,,13889.0,16001.0,41410.0
2025-07-18_19:41:03,3375.0,11888.0,41843.0,12184.0,16001.0,41410.0
2025-07-18_19:41:03,,,,,,
2025-07-18_19:41:07,6964.0,11888.0,41843.0,3792.0,16001.0,41410.0
2025-07-18_19:41:07,8529.0,11888.0,41843.0,13082.0,16001.0,41410.0
2025-07-18_19:41:07,8553.0,11888.0,41843.0,13832.0,16001.0,41410.0
2025-07-18_19:41:07,9972.0,11888.0,41843.0,14018.0,16001.0,41410.0
2025-07-18_19:41:08,9520.0,11888.0,41843.0,14212.0,16001.0,41410.0
2025-07-18_19:41:08,8525.0,11888.0,41843.0,13250.0,16001.0,41410.0
2025-07-18_19:41:08,8006.0,11888.0,41843.0,13052.0,16001.0,41410.0
2025-07-18_19:41:08,,,,12492.0,16001.0,41410.0
2025-07-18_19:41:12,2778.0,11888.0,41843.0,12165.0,16001.0,41410.0
2025-07-18_19:41:12,7994.0,11888.0,41843.0,13075.0,16001.0,41410.0
2025-07-18_19:41:13,8522.0,11888.0,41843.0,14180.0,16001.0,41410.0
2025-07-18_19:41:13,8112.0,11888.0,41843.0,13332.0,16001.0,41410.0
2025-07-18_19:41:13,9998.0,11888.0,41843.0,13981.0,16001.0,41410.0
2025-07-18_19:41:13,9923.0,11888.0,41843.0,13969.0,16001.0,41410.0
2025-07-18_19:41:13,8510.0,11888.0,41843.0,13140.0,16001.0,41410.0
2025-07-18_19:41:14,8064.0,11888.0,41843.0,13082.0,16001.0,41410.0
2025-07-18_19:41:14,8534.0,11888.0,41843.0,13778.0,16001.0,41410.0
2025-07-18_19:41:14,,,,,,
2025-07-18_19:41:18,6967.0,11888.0,41843.0,3793.0,16001.0,41410.0
2025-07-18_19:41:22,2778.0,11888.0,41843.0,12187.0,16001.0,41410.0
2025-07-18_19:41:22,8135.0,11888.0,41843.0,13266.0,16001.0,41410.0
2025-07-18_19:41:22,9000.0,11888.0,41843.0,13987.0,16001.0,41410.0
2025-07-18_19:41:22,8611.0,11888.0,41850.0,13856.0,16001.0,41410.0
2025-07-18_19:41:23,,,,,,
2025-07-18_19:41:26,6971.0,11888.0,41850.0,3792.0,16001.0,41410.0
2025-07-18_19:41:27,8652.0,11888.0,41850.0,14316.0,16001.0,41410.0
2025-07-18_19:41:27,10140.0,11888.0,41850.0,13905.0,16001.0,41410.0
2025-07-18_19:41:27,10353.0,11888.0,41850.0,14269.0,16001.0,41414.0
2025-07-18_19:41:27,9849.0,11888.0,41850.0,14053.0,16001.0,41414.0
2025-07-18_19:41:28,9855.0,11888.0,41850.0,14004.0,16001.0,41414.0
2025-07-18_19:41:28,8880.0,11888.0,41860.0,14336.0,16001.0,41414.0
2025-07-18_19:41:28,8108.0,11888.0,41860.0,13513.0,16001.0,41414.0
2025-07-18_19:41:28,8096.0,11888.0,41860.0,13098.0,16001.0,41414.0
2025-07-18_19:41:28,10087.0,11888.0,41860.0,14042.0,16001.0,41414.0
2025-07-18_19:41:29,9964.0,11888.0,41860.0,14348.0,16001.0,41414.0
2025-07-18_19:41:29,8133.0,11888.0,41860.0,13269.0,16001.0,41414.0
2025-07-18_19:41:29,8634.0,11888.0,41860.0,14065.0,16001.0,41414.0
2025-07-18_19:41:29,8500.0,11888.0,41860.0,13989.0,16001.0,41414.0
2025-07-18_19:41:29,8539.0,11888.0,41860.0,14223.0,16001.0,41414.0
2025-07-18_19:41:30,9681.0,11888.0,41860.0,13979.0,16001.0,41414.0
2025-07-18_19:41:30,,,,14101.0,16001.0,41414.0
2025-07-18_19:41:34,3302.0,11888.0,41860.0,12192.0,16001.0,41414.0
2025-07-18_19:41:34,8077.0,11888.0,41860.0,13230.0,16001.0,41414.0
2025-07-18_19:41:34,10225.0,11888.0,41864.0,14394.0,16001.0,41414.0
2025-07-18_19:41:34,8544.0,11888.0,41864.0,13619.0,16001.0,41414.0
2025-07-18_19:41:34,9797.0,11888.0,41864.0,14371.0,16001.0,41414.0
2025-07-18_19:41:35,9145.0,11888.0,41864.0,13772.0,16001.0,41414.0
2025-07-18_19:41:35,,,,,,
2025-07-18_19:41:39,6965.0,11888.0,41864.0,3793.0,16001.0,41414.0
2025-07-18_19:41:39,,,,,,
2025-07-18_19:41:43,6968.0,11888.0,41864.0,3792.0,16001.0,41414.0
2025-07-18_19:41:43,8523.0,11888.0,41864.0,13820.0,16001.0,41414.0
2025-07-18_19:41:43,7955.0,11888.0,41864.0,12794.0,16001.0,41414.0
2025-07-18_19:41:43,8632.0,11888.0,41864.0,14068.0,16001.0,41414.0
2025-07-18_19:41:44,7985.0,11888.0,41864.0,13257.0,16001.0,41414.0
2025-07-18_19:41:44,8998.0,11888.0,41867.0,13995.0,16001.0,41414.0
2025-07-18_19:41:44,9514.0,11888.0,41867.0,14191.0,16001.0,41414.0
2025-07-18_19:41:44,8120.0,11888.0,41867.0,13234.0,16001.0,41414.0
2025-07-18_19:41:45,,,,,,
2025-07-18_19:41:48,6956.0,11888.0,41867.0,3793.0,16001.0,41414.0
2025-07-18_19:41:49,,,,,,
2025-07-18_19:41:52,6964.0,11888.0,41867.0,3792.0,16001.0,41414.0
2025-07-18_19:41:53,8615.0,11888.0,41867.0,14224.0,16001.0,41414.0
2025-07-18_19:41:53,8115.0,11888.0,41867.0,13277.0,16001.0,41414.0
2025-07-18_19:41:53,,,,14044.0,16001.0,41415.0
2025-07-18_19:41:57,2778.0,11888.0,41867.0,12187.0,16001.0,41415.0
2025-07-18_19:41:57,9208.0,11888.0,41867.0,14104.0,16001.0,41415.0
2025-07-18_19:41:57,,,,,,
2025-07-18_19:42:01,6964.0,11888.0,41867.0,3793.0,16001.0,41415.0
2025-07-18_19:42:01,7967.0,11888.0,41867.0,13167.0,16001.0,41416.0
2025-07-18_19:42:02,,,,,,
2025-07-18_19:42:05,6968.0,11888.0,41867.0,3793.0,16001.0,41416.0
2025-07-18_19:42:06,9458.0,11888.0,41867.0,14241.0,16001.0,41417.0
2025-07-18_19:42:06,8547.0,11888.0,41867.0,13936.0,16001.0,41417.0
2025-07-18_19:42:06,8106.0,11888.0,41869.0,12795.0,16001.0,41417.0
2025-07-18_19:42:06,,,,,,
2025-07-18_19:42:10,6968.0,11888.0,41869.0,3792.0,16001.0,41417.0
2025-07-18_19:42:10,10601.0,11888.0,41869.0,14444.0,16001.0,41423.0
2025-07-18_19:42:11,8483.0,11888.0,41869.0,14008.0,16001.0,41423.0
2025-07-18_19:42:11,8511.0,11888.0,41869.0,14042.0,16001.0,41423.0
2025-07-18_19:42:11,7961.0,11888.0,41869.0,13050.0,16001.0,41423.0
2025-07-18_19:42:11,10146.0,11888.0,41870.0,14013.0,16001.0,41423.0
2025-07-18_19:42:11,10633.0,11888.0,41907.0,14563.0,16001.0,41490.0
2025-07-18_19:42:12,7964.0,11888.0,41907.0,13077.0,16001.0,41490.0
2025-07-18_19:42:12,9154.0,11888.0,41907.0,13788.0,16001.0,41490.0
2025-07-18_19:42:12,8025.0,11888.0,41907.0,13234.0,16001.0,41490.0
2025-07-18_19:42:12,8113.0,11888.0,41907.0,13036.0,16001.0,41490.0
2025-07-18_19:42:12,9985.0,11888.0,41907.0,13794.0,16001.0,41490.0
2025-07-18_19:42:13,8074.0,11888.0,41907.0,12798.0,16001.0,41490.0
2025-07-18_19:42:13,8681.0,11888.0,41908.0,14094.0,16001.0,41490.0
2025-07-18_19:42:13,,,,,,
2025-07-18_19:42:17,6966.0,11888.0,41908.0,3786.0,16001.0,41490.0
2025-07-18_19:42:17,8581.0,11888.0,41908.0,13866.0,16001.0,41490.0
2025-07-18_19:42:17,8557.0,11888.0,41908.0,14027.0,16001.0,41490.0
2025-07-18_19:42:17,8631.0,11888.0,41908.0,14086.0,16001.0,41490.0
2025-07-18_19:42:18,7972.0,11888.0,41908.0,13307.0,16001.0,41490.0
2025-07-18_19:42:18,9972.0,11888.0,41908.0,13992.0,16001.0,41490.0
2025-07-18_19:42:18,7977.0,11888.0,41908.0,13217.0,16001.0,41490.0
2025-07-18_19:42:18,8087.0,11888.0,41908.0,13082.0,16001.0,41490.0
2025-07-18_19:42:19,7951.0,11888.0,41908.0,13232.0,16001.0,41490.0
2025-07-18_19:42:19,8604.0,11888.0,41908.0,13850.0,16001.0,41490.0
2025-07-18_19:42:19,7975.0,11888.0,41908.0,13041.0,16001.0,41490.0
2025-07-18_19:42:19,8618.0,11888.0,41908.0,14045.0,16001.0,41490.0
2025-07-18_19:42:20,,,,13819.0,16001.0,41490.0
2025-07-18_19:42:23,3377.0,11888.0,41908.0,12168.0,16001.0,41490.0
2025-07-18_19:42:24,7944.0,11888.0,41908.0,13341.0,16001.0,41490.0
2025-07-18_19:42:24,8572.0,11888.0,41908.0,14089.0,16001.0,41490.0
2025-07-18_19:42:24,8596.0,11888.0,41908.0,14193.0,16001.0,41490.0
2025-07-18_19:42:24,8637.0,11888.0,41908.0,14091.0,16001.0,41490.0
2025-07-18_19:42:24,7960.0,11888.0,41908.0,13249.0,16001.0,41490.0
2025-07-18_19:42:25,8535.0,11888.0,41908.0,13819.0,16001.0,41490.0
2025-07-18_19:42:25,8593.0,11888.0,41908.0,14084.0,16001.0,41490.0
2025-07-18_19:42:25,,,,13796.0,16001.0,41490.0
2025-07-18_19:42:29,3319.0,11888.0,41908.0,12187.0,16001.0,41490.0
2025-07-18_19:42:29,,,,13228.0,16001.0,41490.0
2025-07-18_19:42:33,2778.0,11888.0,41908.0,12182.0,16001.0,41490.0
2025-07-18_19:42:33,,,,13828.0,16001.0,41490.0
2025-07-18_19:42:37,3375.0,11888.0,41908.0,12184.0,16001.0,41490.0
2025-07-18_19:42:37,8533.0,11888.0,41908.0,13807.0,16001.0,41490.0
2025-07-18_19:42:37,,,,14603.0,16001.0,41490.0
2025-07-18_19:42:41,3375.0,11888.0,41908.0,12194.0,16001.0,41490.0
2025-07-18_19:42:41,8124.0,11888.0,41908.0,13340.0,16001.0,41490.0
2025-07-18_19:42:41,9761.0,11888.0,41908.0,13979.0,16001.0,41490.0
2025-07-18_19:42:42,8545.0,11888.0,41908.0,14089.0,16001.0,41490.0
2025-07-18_19:42:42,9575.0,11888.0,41908.0,14010.0,16001.0,41490.0
2025-07-18_19:42:42,8116.0,11888.0,41908.0,13232.0,16001.0,41490.0
2025-07-18_19:42:43,2778.0,11888.0,41908.0,12180.0,16001.0,41490.0
2025-07-18_19:42:43,9215.0,11888.0,41908.0,13817.0,16001.0,41490.0
2025-07-18_19:42:43,7987.0,11888.0,41908.0,13048.0,16001.0,41490.0
2025-07-18_19:42:44,9515.0,11888.0,41908.0,14359.0,16001.0,41490.0
2025-07-18_19:42:44,8534.0,11888.0,41910.0,13087.0,16001.0,41490.0
2025-07-18_19:42:44,9987.0,11888.0,41910.0,14022.0,16001.0,41490.0
2025-07-18_19:42:44,8498.0,11888.0,41910.0,14020.0,16001.0,41490.0
2025-07-18_19:42:44,7963.0,11888.0,41910.0,12905.0,16001.0,41490.0
2025-07-18_19:42:45,,,,,,
2025-07-18_19:42:48,6965.0,11888.0,41910.0,3793.0,16001.0,41490.0
2025-07-18_19:42:49,10185.0,11888.0,41910.0,14356.0,16001.0,41495.0
2025-07-18_19:42:49,8075.0,11888.0,41910.0,13229.0,16001.0,41495.0
2025-07-18_19:42:49,7983.0,11888.0,41911.0,12844.0,16001.0,41495.0
2025-07-18_19:42:49,10224.0,11888.0,41911.0,14399.0,16001.0,41495.0
2025-07-18_19:42:50,7993.0,11888.0,41911.0,13243.0,16001.0,41495.0
2025-07-18_19:42:50,9612.0,11888.0,41911.0,13984.0,16001.0,41495.0
2025-07-18_19:42:50,7971.0,11888.0,41911.0,13252.0,16001.0,41495.0
2025-07-18_19:42:50,8549.0,11888.0,41911.0,13796.0,16001.0,41495.0
2025-07-18_19:42:50,10181.0,11888.0,41912.0,14049.0,16001.0,41495.0
2025-07-18_19:42:51,7962.0,11888.0,41912.0,13230.0,16001.0,41495.0
2025-07-18_19:42:51,8101.0,11888.0,41912.0,13243.0,16001.0,41495.0
2025-07-18_19:42:51,8485.0,11888.0,41912.0,13791.0,16001.0,41495.0
2025-07-18_19:42:51,8622.0,11888.0,41912.0,14371.0,16001.0,41495.0
2025-07-18_19:42:52,8587.0,11888.0,41912.0,14090.0,16001.0,41495.0
2025-07-18_19:42:52,9243.0,11888.0,41912.0,13999.0,16001.0,41495.0
2025-07-18_19:42:52,7978.0,11888.0,41912.0,13315.0,16001.0,41495.0
2025-07-18_19:42:52,8593.0,11888.0,41912.0,14349.0,16001.0,41497.0
2025-07-18_19:42:52,8518.0,11888.0,41912.0,13484.0,16001.0,41497.0
2025-07-18_19:42:53,8575.0,11888.0,41912.0,13748.0,16001.0,41497.0
2025-07-18_19:42:53,7979.0,11888.0,41912.0,13054.0,16001.0,41497.0
2025-07-18_19:42:53,,,,13793.0,16001.0,41497.0
2025-07-18_19:42:57,3302.0,11888.0,41912.0,12196.0,16001.0,41497.0
2025-07-18_19:42:57,,,,,,
2025-07-18_19:43:01,6968.0,11888.0,41912.0,3795.0,16001.0,41497.0
2025-07-18_19:43:01,7996.0,11888.0,41912.0,13048.0,16001.0,41497.0
2025-07-18_19:43:01,9001.0,11888.0,41912.0,13991.0,16001.0,41497.0
2025-07-18_19:43:01,8530.0,11888.0,41912.0,13825.0,16001.0,41497.0
2025-07-18_19:43:02,8611.0,11888.0,41912.0,14050.0,16001.0,41497.0
2025-07-18_19:43:02,7953.0,11888.0,41912.0,13042.0,16001.0,41497.0
2025-07-18_19:43:02,7978.0,11888.0,41912.0,12928.0,16001.0,41497.0
2025-07-18_19:43:02,8530.0,11888.0,41912.0,13266.0,16001.0,41497.0
2025-07-18_19:43:03,7956.0,11888.0,41912.0,13052.0,16001.0,41497.0
2025-07-18_19:43:03,8598.0,11888.0,41912.0,14088.0,16001.0,41497.0
2025-07-18_19:43:03,10145.0,11888.0,41912.0,14684.0,16001.0,41498.0
2025-07-18_19:43:03,7979.0,11888.0,41912.0,13049.0,16001.0,41498.0
2025-07-18_19:43:03,9880.0,11888.0,41912.0,14154.0,16001.0,41498.0
2025-07-18_19:43:04,8526.0,11888.0,41912.0,14043.0,16001.0,41498.0
2025-07-18_19:43:04,,,,,,
2025-07-18_19:43:08,6970.0,11888.0,41912.0,3793.0,16001.0,41498.0
2025-07-18_19:43:08,9972.0,11888.0,41912.0,14281.0,16001.0,41499.0
2025-07-18_19:43:08,9873.0,11888.0,41912.0,14296.0,16001.0,41499.0
2025-07-18_19:43:08,,,,,,
2025-07-18_19:43:12,6969.0,11888.0,41912.0,3786.0,16001.0,41499.0
2025-07-18_19:43:12,8578.0,11888.0,41912.0,14093.0,16001.0,41499.0
2025-07-18_19:43:13,7978.0,11888.0,41912.0,13234.0,16001.0,41499.0
2025-07-18_19:43:13,8622.0,11888.0,41912.0,14120.0,16001.0,41499.0
2025-07-18_19:43:13,8576.0,11888.0,41912.0,14339.0,16001.0,41499.0
2025-07-18_19:43:13,10503.0,11888.0,41912.0,14237.0,16001.0,41499.0
2025-07-18_19:43:13,,,,14002.0,16001.0,41499.0
2025-07-18_19:43:17,3302.0,11888.0,41912.0,12200.0,16001.0,41499.0
2025-07-18_19:43:17,8617.0,11888.0,41912.0,14088.0,16001.0,41499.0
2025-07-18_19:43:18,8654.0,11888.0,41912.0,14293.0,16001.0,41499.0
2025-07-18_19:43:18,8112.0,11888.0,41912.0,13257.0,16001.0,41499.0
2025-07-18_19:43:18,7980.0,11888.0,41912.0,13254.0,16001.0,41499.0
2025-07-18_19:43:18,8640.0,11888.0,41912.0,14093.0,16001.0,41499.0
2025-07-18_19:43:19,10065.0,11888.0,41912.0,13919.0,16001.0,41499.0
2025-07-18_19:43:19,9803.0,11888.0,41912.0,14292.0,16001.0,41499.0
2025-07-18_19:43:19,8592.0,11888.0,41912.0,14081.0,16001.0,41499.0
2025-07-18_19:43:19,9644.0,11888.0,41912.0,14058.0,16001.0,41499.0
2025-07-18_19:43:19,7974.0,11888.0,41912.0,13067.0,16001.0,41499.0
2025-07-18_19:43:20,,,,13072.0,16001.0,41499.0
2025-07-18_19:43:24,2778.0,11888.0,41912.0,12188.0,16001.0,41499.0
2025-07-18_19:43:24,8593.0,11888.0,41912.0,14085.0,16001.0,41499.0
2025-07-18_19:43:24,8629.0,11888.0,41912.0,14088.0,16001.0,41499.0
2025-07-18_19:43:24,,,,,,
2025-07-18_19:43:28,6961.0,11888.0,41912.0,3793.0,16001.0,41499.0
2025-07-18_19:43:28,8657.0,11888.0,41912.0,14091.0,16001.0,41499.0
2025-07-18_19:43:29,8076.0,11888.0,41912.0,13264.0,16001.0,41499.0
2025-07-18_19:43:29,9976.0,11888.0,41912.0,14175.0,16001.0,41499.0
2025-07-18_19:43:29,7966.0,11888.0,41912.0,13085.0,16001.0,41499.0
2025-07-18_19:43:29,8538.0,11888.0,41912.0,12894.0,16001.0,41499.0
2025-07-18_19:43:29,7971.0,11888.0,41912.0,13255.0,16001.0,41499.0
2025-07-18_19:43:30,7964.0,11888.0,41912.0,13264.0,16001.0,41499.0
2025-07-18_19:43:30,,,,,,
2025-07-18_19:43:34,6966.0,11888.0,41912.0,3795.0,16001.0,41499.0
2025-07-18_19:43:34,,,,14005.0,16001.0,41499.0
2025-07-18_19:43:38,3302.0,11888.0,41912.0,12183.0,16001.0,41499.0
2025-07-18_19:43:38,8558.0,11888.0,41912.0,14022.0,16001.0,41499.0
2025-07-18_19:43:38,8621.0,11888.0,41913.0,13428.0,16002.0,41500.0
2025-07-18_19:43:38,7967.0,11888.0,41913.0,13230.0,16002.0,41500.0
2025-07-18_19:43:38,8542.0,11888.0,41913.0,13833.0,16002.0,41500.0
2025-07-18_19:43:39,,,,14038.0,16002.0,41500.0
2025-07-18_19:43:42,3358.0,11888.0,41913.0,12185.0,16002.0,41500.0
2025-07-18_19:43:43,7978.0,11888.0,41913.0,13054.0,16002.0,41500.0
2025-07-18_19:43:43,9786.0,11888.0,41913.0,14055.0,16002.0,41500.0
2025-07-18_19:43:43,8075.0,11888.0,41913.0,13041.0,16002.0,41500.0
2025-07-18_19:43:43,,,,13674.0,16002.0,41500.0
2025-07-18_19:43:47,3302.0,11888.0,41913.0,12194.0,16002.0,41500.0
2025-07-18_19:43:47,7980.0,11888.0,41913.0,13232.0,16002.0,41500.0
2025-07-18_19:43:47,8117.0,11888.0,41913.0,13049.0,16002.0,41500.0
2025-07-18_19:43:48,8127.0,11888.0,41913.0,13302.0,16002.0,41500.0
2025-07-18_19:43:48,10095.0,11888.0,41913.0,14280.0,16002.0,41500.0
2025-07-18_19:43:48,7981.0,11888.0,41913.0,13050.0,16002.0,41500.0
2025-07-18_19:43:48,8655.0,11888.0,41916.0,14207.0,16002.0,41500.0
2025-07-18_19:43:49,8064.0,11888.0,41916.0,13083.0,16002.0,41500.0
2025-07-18_19:43:49,,,,,,
2025-07-18_19:43:53,6968.0,11888.0,41916.0,3792.0,16002.0,41500.0
2025-07-18_19:43:53,8571.0,11888.0,41916.0,14121.0,16002.0,41500.0
2025-07-18_19:43:53,,,,13607.0,16002.0,41500.0
2025-07-18_19:43:57,,,,,,
2025-07-18_19:44:01,6970.0,11888.0,41916.0,3793.0,16002.0,41500.0
2025-07-18_19:44:01,,,,14083.0,16002.0,41500.0
2025-07-18_19:44:05,2778.0,11888.0,41916.0,12185.0,16002.0,41500.0
2025-07-18_19:44:05,8134.0,11888.0,41917.0,13263.0,16002.0,41500.0
2025-07-18_19:44:05,,,,14107.0,16002.0,41500.0
2025-07-18_19:44:09,2780.0,11888.0,41917.0,12192.0,16002.0,41500.0
2025-07-18_19:44:09,7960.0,11888.0,41917.0,13039.0,16002.0,41500.0
2025-07-18_19:44:09,9910.0,11888.0,41917.0,14019.0,16002.0,41500.0
2025-07-18_19:44:10,8875.0,11888.0,41917.0,13803.0,16002.0,41500.0
2025-07-18_19:44:10,8515.0,11888.0,41917.0,12917.0,16002.0,41510.0
2025-07-18_19:44:10,9230.0,11888.0,41917.0,14004.0,16002.0,41510.0
2025-07-18_19:44:10,8525.0,11888.0,41917.0,14092.0,16002.0,41510.0
2025-07-18_19:44:11,,,,,,
2025-07-18_19:44:14,6965.0,11888.0,41917.0,3792.0,16002.0,41510.0
2025-07-18_19:44:15,9963.0,11888.0,41917.0,13991.0,16002.0,41510.0
2025-07-18_19:44:15,8761.0,11888.0,41919.0,14218.0,16002.0,41510.0
2025-07-18_19:44:15,,,,13852.0,16002.0,41510.0
2025-07-18_19:44:19,3302.0,11888.0,41919.0,12187.0,16002.0,41510.0
2025-07-18_19:44:19,7964.0,11888.0,41919.0,13046.0,16002.0,41510.0
2025-07-18_19:44:19,8518.0,11888.0,41919.0,13816.0,16002.0,41510.0
2025-07-18_19:44:19,7985.0,11888.0,41919.0,13081.0,16002.0,41510.0
2025-07-18_19:44:20,7961.0,11888.0,41919.0,13476.0,16002.0,41510.0
2025-07-18_19:44:20,8094.0,11888.0,41919.0,12806.0,16002.0,41510.0
2025-07-18_19:44:20,8602.0,11888.0,41919.0,14086.0,16002.0,41510.0
2025-07-18_19:44:20,,,,,,
2025-07-18_19:44:24,6968.0,11888.0,41919.0,3793.0,16002.0,41510.0
2025-07-18_19:44:24,8529.0,11888.0,41919.0,13827.0,16002.0,41510.0
2025-07-18_19:44:24,8000.0,11888.0,41919.0,13230.0,16002.0,41510.0
2025-07-18_19:44:25,7959.0,11888.0,41919.0,13083.0,16002.0,41510.0
2025-07-18_19:44:25,9958.0,11889.0,41928.0,14336.0,16003.0,41511.0
2025-07-18_19:44:25,10051.0,11889.0,41928.0,13950.0,16003.0,41511.0
2025-07-18_19:44:25,8576.0,11889.0,41928.0,13840.0,16003.0,41511.0
2025-07-18_19:44:26,7956.0,11889.0,41928.0,13264.0,16003.0,41511.0
2025-07-18_19:44:26,8583.0,11889.0,41928.0,14086.0,16003.0,41511.0
2025-07-18_19:44:26,7984.0,11889.0,41928.0,13052.0,16003.0,41511.0
2025-07-18_19:44:26,8561.0,11889.0,41928.0,14093.0,16003.0,41511.0
2025-07-18_19:44:26,8654.0,11889.0,41928.0,14088.0,16003.0,41511.0
2025-07-18_19:44:27,7956.0,11889.0,41928.0,13040.0,16003.0,41511.0
2025-07-18_19:44:27,,,,,,
2025-07-18_19:44:31,6970.0,11889.0,41928.0,3792.0,16003.0,41511.0
2025-07-18_19:44:31,8000.0,11889.0,41928.0,13231.0,16003.0,41511.0
2025-07-18_19:44:31,8525.0,11889.0,41928.0,13788.0,16003.0,41511.0
2025-07-18_19:44:31,,,,,,
2025-07-18_19:44:35,6954.0,11889.0,41928.0,3793.0,16003.0,41511.0
2025-07-18_19:44:35,8086.0,11889.0,41928.0,13043.0,16003.0,41511.0
2025-07-18_19:44:36,7943.0,11889.0,41928.0,13074.0,16003.0,41511.0
2025-07-18_19:44:36,7979.0,11889.0,41928.0,13311.0,16003.0,41511.0
2025-07-18_19:44:36,9083.0,11889.0,41928.0,14042.0,16003.0,41511.0
2025-07-18_19:44:36,9016.0,11889.0,41928.0,13792.0,16003.0,41511.0
2025-07-18_19:44:37,8614.0,11889.0,41928.0,14047.0,16003.0,41511.0
2025-07-18_19:44:37,7975.0,11889.0,41928.0,13041.0,16003.0,41511.0
2025-07-18_19:44:37,7960.0,11889.0,41928.0,13445.0,16003.0,41511.0
2025-07-18_19:44:37,7950.0,11889.0,41928.0,13080.0,16003.0,41511.0
2025-07-18_19:44:37,7971.0,11889.0,41928.0,13228.0,16003.0,41511.0
2025-07-18_19:44:38,10038.0,11889.0,41928.0,14005.0,16003.0,41511.0
2025-07-18_19:44:38,8517.0,11889.0,41928.0,13977.0,16003.0,41511.0
2025-07-18_19:44:38,9183.0,11889.0,41928.0,13829.0,16003.0,41511.0
2025-07-18_19:44:38,8525.0,11889.0,41928.0,13992.0,16003.0,41511.0
2025-07-18_19:44:39,9992.0,11889.0,41928.0,13842.0,16003.0,41511.0
2025-07-18_19:44:39,7962.0,11889.0,41928.0,12901.0,16003.0,41511.0
2025-07-18_19:44:39,8606.0,11889.0,41928.0,14065.0,16003.0,41511.0
2025-07-18_19:44:39,7963.0,11889.0,41928.0,13234.0,16003.0,41511.0
2025-07-18_19:44:39,8066.0,11889.0,41928.0,13087.0,16003.0,41511.0
2025-07-18_19:44:40,9907.0,11889.0,41928.0,13975.0,16003.0,41511.0
2025-07-18_19:44:40,,,,,,
2025-07-18_19:44:44,6959.0,11889.0,41928.0,3793.0,16003.0,41511.0
2025-07-18_19:44:44,,,,,,
2025-07-18_19:44:48,6965.0,11889.0,41928.0,3793.0,16003.0,41511.0
2025-07-18_19:44:48,8121.0,11889.0,41928.0,13414.0,16003.0,41511.0
2025-07-18_19:44:48,10070.0,11889.0,41928.0,14079.0,16003.0,41511.0
2025-07-18_19:44:48,,,,13613.0,16003.0,41511.0
2025-07-18_19:44:52,3319.0,11889.0,41928.0,12171.0,16003.0,41511.0
2025-07-18_19:44:52,7957.0,11889.0,41935.0,12837.0,16003.0,41511.0
2025-07-18_19:44:52,8544.0,11889.0,41935.0,14106.0,16003.0,41511.0
2025-07-18_19:44:53,9230.0,11889.0,41935.0,14019.0,16003.0,41511.0
2025-07-18_19:44:53,7967.0,11889.0,41935.0,13076.0,16003.0,41511.0
2025-07-18_19:44:53,8503.0,11889.0,41935.0,13805.0,16003.0,41511.0
2025-07-18_19:44:53,8609.0,11889.0,41935.0,14114.0,16003.0,41511.0
2025-07-18_19:44:54,8644.0,11889.0,41935.0,14076.0,16003.0,41511.0
2025-07-18_19:44:54,9848.0,11889.0,41935.0,13996.0,16003.0,41511.0
2025-07-18_19:44:54,9725.0,11889.0,41936.0,13843.0,16003.0,41511.0
2025-07-18_19:44:54,7963.0,11889.0,41936.0,13056.0,16003.0,41511.0
2025-07-18_19:44:54,8063.0,11889.0,41936.0,13351.0,16003.0,41511.0
2025-07-18_19:44:55,,,,,,
2025-07-18_19:44:59,6962.0,11889.0,41936.0,3793.0,16003.0,41511.0
2025-07-18_19:44:59,,,,,,
2025-07-18_19:45:03,6964.0,11889.0,41936.0,3792.0,16003.0,41511.0
2025-07-18_19:45:03,8120.0,11889.0,41936.0,13079.0,16003.0,41511.0
2025-07-18_19:45:03,9235.0,11889.0,41936.0,14104.0,16003.0,41511.0
2025-07-18_19:45:03,,,,,,
2025-07-18_19:45:07,6963.0,11889.0,41936.0,3792.0,16003.0,41511.0
2025-07-18_19:45:07,9853.0,11889.0,41936.0,13831.0,16003.0,41511.0
2025-07-18_19:45:07,7966.0,11889.0,41936.0,13313.0,16003.0,41511.0
2025-07-18_19:45:08,7986.0,11889.0,41936.0,13084.0,16003.0,41511.0
2025-07-18_19:45:08,8630.0,11889.0,41936.0,14350.0,16003.0,41511.0
2025-07-18_19:45:08,,,,13785.0,16003.0,41511.0
2025-07-18_19:45:12,3319.0,11889.0,41936.0,12184.0,16003.0,41511.0
2025-07-18_19:45:12,8583.0,11889.0,41936.0,13844.0,16003.0,41511.0
2025-07-18_19:45:12,8592.0,11889.0,41937.0,14075.0,16003.0,41511.0
2025-07-18_19:45:12,8023.0,11889.0,41937.0,13039.0,16003.0,41511.0
2025-07-18_19:45:13,7957.0,11889.0,41937.0,13058.0,16003.0,41511.0
2025-07-18_19:45:13,9879.0,11889.0,41937.0,14017.0,16003.0,41511.0
2025-07-18_19:45:13,8606.0,11889.0,41937.0,14049.0,16003.0,41511.0
2025-07-18_19:45:13,7969.0,11889.0,41937.0,13048.0,16003.0,41511.0
2025-07-18_19:45:13,10198.0,11889.0,41937.0,14053.0,16003.0,41511.0
2025-07-18_19:45:14,10537.0,11889.0,41937.0,14305.0,16003.0,41511.0
2025-07-18_19:45:14,8599.0,11889.0,41937.0,14095.0,16003.0,41511.0
2025-07-18_19:45:14,7983.0,11889.0,41937.0,13035.0,16003.0,41511.0
2025-07-18_19:45:14,8635.0,11889.0,41937.0,14032.0,16003.0,41511.0
2025-07-18_19:45:15,8607.0,11889.0,41941.0,14098.0,16003.0,41511.0
2025-07-18_19:45:15,8544.0,11889.0,41941.0,14072.0,16003.0,41511.0
2025-07-18_19:45:15,,,,,,
2025-07-18_19:45:19,6968.0,11889.0,41941.0,3795.0,16003.0,41511.0
2025-07-18_19:45:19,7984.0,11889.0,41941.0,13089.0,16003.0,41511.0
2025-07-18_19:45:19,,,,,,
2025-07-18_19:45:23,6966.0,11889.0,41941.0,3793.0,16003.0,41511.0
2025-07-18_19:45:23,7958.0,11889.0,41941.0,12799.0,16003.0,41511.0
2025-07-18_19:45:23,7961.0,11889.0,41941.0,12800.0,16003.0,41511.0
2025-07-18_19:45:24,8551.0,11889.0,41941.0,13847.0,16003.0,41511.0
2025-07-18_19:45:24,8544.0,11889.0,41941.0,14094.0,16003.0,41511.0
2025-07-18_19:45:24,9931.0,11889.0,41941.0,14357.0,16003.0,41511.0
2025-07-18_19:45:24,8647.0,11889.0,41941.0,13899.0,16003.0,41511.0
2025-07-18_19:45:24,10252.0,11889.0,41945.0,14559.0,16003.0,41512.0
2025-07-18_19:45:25,10066.0,11889.0,41945.0,14033.0,16003.0,41512.0
2025-07-18_19:45:25,9915.0,11889.0,41945.0,13980.0,16003.0,41512.0
2025-07-18_19:45:25,8617.0,11889.0,41945.0,14353.0,16003.0,41512.0
2025-07-18_19:45:25,9969.0,11889.0,41945.0,14389.0,16003.0,41512.0
2025-07-18_19:45:25,9935.0,11889.0,41945.0,14101.0,16003.0,41512.0
2025-07-18_19:45:26,,,,14153.0,16003.0,41512.0
2025-07-18_19:45:29,3302.0,11889.0,41945.0,12191.0,16003.0,41512.0
2025-07-18_19:45:30,7959.0,11889.0,41945.0,13046.0,16003.0,41512.0
2025-07-18_19:45:30,7967.0,11889.0,41945.0,13230.0,16003.0,41512.0
2025-07-18_19:45:30,,,,13997.0,16003.0,41512.0
2025-07-18_19:45:34,3319.0,11889.0,41945.0,12157.0,16003.0,41512.0
2025-07-18_19:45:34,8603.0,11889.0,41945.0,14093.0,16003.0,41512.0
2025-07-18_19:45:34,8663.0,11889.0,41945.0,14398.0,16003.0,41512.0
2025-07-18_19:45:35,8520.0,11889.0,41945.0,14016.0,16003.0,41512.0
2025-07-18_19:45:35,,,,13786.0,16003.0,41512.0
2025-07-18_19:45:39,2778.0,11889.0,41945.0,12185.0,16003.0,41512.0
2025-07-18_19:45:39,8070.0,11889.0,41945.0,13078.0,16003.0,41512.0
2025-07-18_19:45:39,,,,13930.0,16003.0,41512.0
2025-07-18_19:45:43,3319.0,11889.0,41945.0,12160.0,16003.0,41512.0
2025-07-18_19:45:43,10182.0,11889.0,41945.0,13799.0,16003.0,41512.0
2025-07-18_19:45:43,,,,,,
2025-07-18_19:45:47,6967.0,11889.0,41945.0,3792.0,16003.0,41512.0
2025-07-18_19:45:47,10150.0,11889.0,41946.0,14234.0,16003.0,41530.0
2025-07-18_19:45:48,8086.0,11889.0,41946.0,13260.0,16003.0,41530.0
2025-07-18_19:45:48,,,,,,
2025-07-18_19:45:52,6966.0,11889.0,41946.0,3792.0,16003.0,41530.0
2025-07-18_19:45:52,8607.0,11889.0,41946.0,14091.0,16003.0,41530.0
2025-07-18_19:45:52,9793.0,11889.0,41946.0,13760.0,16003.0,41530.0
2025-07-18_19:45:52,,,,13986.0,16003.0,41530.0
2025-07-18_19:45:56,3358.0,11889.0,41946.0,12201.0,16003.0,41530.0
2025-07-18_19:45:56,,,,13090.0,16003.0,41530.0
2025-07-18_19:46:00,2778.0,11889.0,41946.0,12190.0,16003.0,41530.0
2025-07-18_19:46:00,,,,13792.0,16003.0,41531.0
2025-07-18_19:46:04,3358.0,11889.0,41946.0,12194.0,16003.0,41531.0
2025-07-18_19:46:04,9911.0,11889.0,41946.0,14001.0,16003.0,41531.0
2025-07-18_19:46:04,9882.0,11889.0,41946.0,13823.0,16003.0,41531.0
2025-07-18_19:46:05,8129.0,11889.0,41946.0,13040.0,16003.0,41531.0
2025-07-18_19:46:05,7972.0,11889.0,41946.0,13257.0,16003.0,41531.0
2025-07-18_19:46:05,8537.0,11889.0,41946.0,13613.0,16003.0,41531.0
2025-07-18_19:46:05,8623.0,11889.0,41946.0,14051.0,16003.0,41531.0
2025-07-18_19:46:06,8649.0,11889.0,41946.0,14070.0,16003.0,41531.0
2025-07-18_19:46:06,8076.0,11889.0,41946.0,13047.0,16003.0,41531.0
2025-07-18_19:46:06,9820.0,11889.0,41946.0,14388.0,16003.0,41531.0
2025-07-18_19:46:06,,,,,,
2025-07-18_19:46:10,6969.0,11889.0,41946.0,3793.0,16003.0,41531.0
2025-07-18_19:46:10,,,,13912.0,16003.0,41543.0
2025-07-18_19:46:14,3302.0,11889.0,41946.0,12193.0,16003.0,41543.0
2025-07-18_19:46:14,8120.0,11889.0,41946.0,13049.0,16003.0,41543.0
2025-07-18_19:46:14,10120.0,11889.0,41946.0,14290.0,16003.0,41543.0
2025-07-18_19:46:15,9849.0,11889.0,41946.0,13818.0,16003.0,41543.0
2025-07-18_19:46:15,7974.0,11889.0,41946.0,13044.0,16003.0,41543.0
2025-07-18_19:46:15,8654.0,11889.0,41946.0,14212.0,16003.0,41543.0
2025-07-18_19:46:15,,,,13782.0,16003.0,41543.0
2025-07-18_19:46:19,3319.0,11889.0,41946.0,12187.0,16003.0,41543.0
2025-07-18_19:46:19,9817.0,11889.0,41946.0,13979.0,16003.0,41543.0
2025-07-18_19:46:19,9849.0,11889.0,41946.0,14010.0,16003.0,41543.0
2025-07-18_19:46:20,8543.0,11889.0,41946.0,13896.0,16003.0,41543.0
2025-07-18_19:46:20,8345.0,11889.0,41946.0,13644.0,16003.0,41543.0
2025-07-18_19:46:20,8556.0,11889.0,41946.0,13847.0,16003.0,41543.0
2025-07-18_19:46:20,8647.0,11889.0,41946.0,14047.0,16003.0,41543.0
2025-07-18_19:46:20,7969.0,11889.0,41946.0,13074.0,16003.0,41543.0
2025-07-18_19:46:21,8080.0,11889.0,41946.0,13048.0,16003.0,41543.0
2025-07-18_19:46:21,8549.0,11889.0,41946.0,14089.0,16003.0,41543.0
2025-07-18_19:46:21,9970.0,11889.0,41946.0,14351.0,16003.0,41543.0
2025-07-18_19:46:21,9734.0,11889.0,41946.0,14016.0,16003.0,41543.0
2025-07-18_19:46:21,,,,14175.0,16003.0,41543.0
2025-07-18_19:46:25,3375.0,11889.0,41946.0,12182.0,16003.0,41543.0
2025-07-18_19:46:25,,,,13874.0,16003.0,41543.0
2025-07-18_19:46:29,3375.0,11889.0,41946.0,12185.0,16003.0,41543.0
2025-07-18_19:46:29,8630.0,11889.0,41946.0,13852.0,16003.0,41543.0
2025-07-18_19:46:30,8547.0,11889.0,41946.0,14108.0,16003.0,41543.0
2025-07-18_19:46:30,8085.0,11889.0,41947.0,13137.0,16003.0,41543.0
2025-07-18_19:46:30,8537.0,11889.0,41947.0,13798.0,16003.0,41543.0
2025-07-18_19:46:30,9801.0,11889.0,41947.0,14210.0,16003.0,41543.0
2025-07-18_19:46:30,8626.0,11889.0,41949.0,14276.0,16003.0,41543.0
2025-07-18_19:46:31,10109.0,11889.0,41949.0,14377.0,16003.0,41544.0
2025-07-18_19:46:31,7967.0,11889.0,41949.0,12832.0,16003.0,41544.0
2025-07-18_19:46:31,10478.0,11889.0,41949.0,14230.0,16003.0,41544.0
2025-07-18_19:46:31,8540.0,11889.0,41949.0,13793.0,16003.0,41544.0
2025-07-18_19:46:32,8020.0,11889.0,41949.0,13073.0,16003.0,41544.0
2025-07-18_19:46:32,9157.0,11889.0,41949.0,13806.0,16003.0,41544.0
2025-07-18_19:46:32,9855.0,11889.0,41949.0,13959.0,16003.0,41544.0
2025-07-18_19:46:32,10236.0,11889.0,41949.0,14059.0,16003.0,41544.0
2025-07-18_19:46:33,9677.0,11889.0,41949.0,14093.0,16003.0,41544.0
2025-07-18_19:46:33,10272.0,11889.0,41949.0,14400.0,16003.0,41544.0
2025-07-18_19:46:33,8367.0,11889.0,41949.0,13712.0,16003.0,41544.0
2025-07-18_19:46:33,8026.0,11889.0,41949.0,13082.0,16003.0,41544.0
2025-07-18_19:46:33,7970.0,11889.0,41949.0,13089.0,16003.0,41544.0
2025-07-18_19:46:34,9886.0,11889.0,41949.0,14314.0,16003.0,41551.0
2025-07-18_19:46:34,8510.0,11889.0,41949.0,13803.0,16003.0,41551.0
2025-07-18_19:46:34,,,,14216.0,16003.0,41551.0
2025-07-18_19:46:38,3358.0,11889.0,41949.0,12168.0,16003.0,41551.0
2025-07-18_19:46:38,8587.0,11889.0,41949.0,13923.0,16003.0,41551.0
2025-07-18_19:46:38,9737.0,11889.0,41949.0,14267.0,16003.0,41551.0
2025-07-18_19:46:38,,,,13889.0,16003.0,41551.0
2025-07-18_19:46:42,3319.0,11889.0,41949.0,12189.0,16003.0,41551.0
2025-07-18_19:46:42,,,,,,
2025-07-18_19:46:46,6969.0,11889.0,41949.0,3793.0,16003.0,41551.0
2025-07-18_19:46:46,9976.0,11889.0,41949.0,13862.0,16003.0,41551.0
2025-07-18_19:46:47,9117.0,11889.0,41950.0,14052.0,16003.0,41551.0
2025-07-18_19:46:47,8629.0,11889.0,41950.0,14213.0,16003.0,41551.0
2025-07-18_19:46:47,8525.0,11889.0,41950.0,13938.0,16003.0,41551.0
2025-07-18_19:46:47,8554.0,11889.0,41950.0,13557.0,16003.0,41551.0
2025-07-18_19:46:48,,,,14014.0,16003.0,41551.0
2025-07-18_19:46:51,3304.0,11889.0,41950.0,12165.0,16003.0,41551.0
2025-07-18_19:46:51,,,,14186.0,16003.0,41551.0
2025-07-18_19:46:55,2778.0,11889.0,41950.0,12186.0,16003.0,41551.0
2025-07-18_19:46:55,8698.0,11889.0,41950.0,14087.0,16003.0,41551.0
2025-07-18_19:46:56,10024.0,11889.0,41950.0,14192.0,16003.0,41551.0
2025-07-18_19:46:56,8104.0,11889.0,41950.0,12898.0,16003.0,41551.0
2025-07-18_19:46:56,8697.0,11889.0,41950.0,14308.0,16003.0,41551.0
2025-07-18_19:46:56,8607.0,11889.0,41950.0,14093.0,16003.0,41551.0
2025-07-18_19:46:57,,,,14128.0,16003.0,41551.0
2025-07-18_19:47:00,3321.0,11889.0,41950.0,12149.0,16003.0,41551.0
2025-07-18_19:47:00,,,,14073.0,16003.0,41551.0
2025-07-18_19:47:04,3302.0,11889.0,41950.0,12172.0,16003.0,41551.0
2025-07-18_19:47:04,,,,,,
2025-07-18_19:47:08,6969.0,11889.0,41950.0,3793.0,16003.0,41551.0
2025-07-18_19:47:08,8666.0,11889.0,41950.0,14182.0,16003.0,41551.0
2025-07-18_19:47:09,,,,13067.0,16003.0,41551.0
2025-07-18_19:47:12,2778.0,11889.0,41950.0,12186.0,16003.0,41551.0
2025-07-18_19:47:13,9980.0,11889.0,41950.0,13806.0,16003.0,41551.0
2025-07-18_19:47:13,,,,13616.0,16003.0,41551.0
2025-07-18_19:47:17,2778.0,11889.0,41950.0,12191.0,16003.0,41551.0
2025-07-18_19:47:17,,,,,,
2025-07-18_19:47:21,6963.0,11889.0,41950.0,3793.0,16003.0,41551.0
2025-07-18_19:47:21,8544.0,11889.0,41950.0,13911.0,16003.0,41551.0
2025-07-18_19:47:21,8624.0,11889.0,41950.0,14103.0,16003.0,41551.0
2025-07-18_19:47:21,,,,,,
2025-07-18_19:47:25,6968.0,11889.0,41950.0,3793.0,16003.0,41551.0
2025-07-18_19:47:25,8557.0,11889.0,41950.0,13816.0,16003.0,41551.0
2025-07-18_19:47:26,,,,,,
2025-07-18_19:47:30,6966.0,11889.0,41950.0,3793.0,16003.0,41551.0
2025-07-18_19:47:30,9961.0,11889.0,41950.0,13747.0,16003.0,41551.0
2025-07-18_19:47:30,8538.0,11889.0,41950.0,13562.0,16003.0,41551.0
2025-07-18_19:47:30,9950.0,11889.0,41950.0,14085.0,16003.0,41551.0
2025-07-18_19:47:30,8681.0,11889.0,41950.0,14232.0,16003.0,41551.0
2025-07-18_19:47:31,8534.0,11889.0,41950.0,13815.0,16003.0,41551.0
2025-07-18_19:47:31,8639.0,11889.0,41951.0,14143.0,16003.0,41551.0
2025-07-18_19:47:31,,,,,,
2025-07-18_19:47:35,6966.0,11889.0,41951.0,3792.0,16003.0,41551.0
2025-07-18_19:47:35,,,,13790.0,16003.0,41551.0
2025-07-18_19:47:39,3302.0,11889.0,41951.0,12202.0,16003.0,41551.0
2025-07-18_19:47:39,7943.0,11889.0,41951.0,13222.0,16003.0,41551.0
2025-07-18_19:47:39,10585.0,11889.0,41951.0,14331.0,16003.0,41551.0
2025-07-18_19:47:39,9767.0,11889.0,41951.0,14076.0,16003.0,41551.0
2025-07-18_19:47:40,,,,,,
2025-07-18_19:47:43,6965.0,11889.0,41951.0,3792.0,16003.0,41551.0
2025-07-18_19:47:44,9956.0,11889.0,41953.0,14052.0,16003.0,41552.0
2025-07-18_19:47:44,,,,13975.0,16003.0,41552.0
2025-07-18_19:47:48,3319.0,11889.0,41953.0,12193.0,16003.0,41552.0
2025-07-18_19:47:48,7943.0,11889.0,41953.0,13266.0,16003.0,41552.0
2025-07-18_19:47:48,9869.0,11889.0,41953.0,14116.0,16003.0,41552.0
2025-07-18_19:47:48,7961.0,11889.0,41953.0,13049.0,16003.0,41552.0
2025-07-18_19:47:48,7969.0,11889.0,41954.0,13517.0,16003.0,41552.0
2025-07-18_19:47:49,,,,13076.0,16003.0,41569.0
2025-07-18_19:47:52,2778.0,11889.0,41954.0,12191.0,16003.0,41569.0
2025-07-18_19:47:53,,,,13962.0,16003.0,41569.0
2025-07-18_19:47:56,3319.0,11889.0,41954.0,12160.0,16003.0,41569.0
2025-07-18_19:47:57,,,,14135.0,16003.0,41569.0
2025-07-18_19:48:00,3319.0,11889.0,41954.0,12185.0,16003.0,41569.0
2025-07-18_19:48:01,9961.0,11889.0,41954.0,14065.0,16003.0,41569.0
2025-07-18_19:48:01,,,,,,
2025-07-18_19:48:05,6964.0,11889.0,41954.0,3795.0,16003.0,41569.0
2025-07-18_19:48:05,,,,13784.0,16003.0,41569.0
2025-07-18_19:48:08,3319.0,11889.0,41954.0,12183.0,16003.0,41569.0
2025-07-18_19:48:09,,,,14628.0,16003.0,41569.0
2025-07-18_19:48:12,3375.0,11889.0,41954.0,12197.0,16003.0,41569.0
2025-07-18_19:48:12,,,,,,
2025-07-18_19:48:16,6971.0,11889.0,41954.0,3792.0,16003.0,41569.0
2025-07-18_19:48:17,8619.0,11889.0,41955.0,14124.0,16003.0,41575.0
2025-07-18_19:48:17,8083.0,11889.0,41955.0,13091.0,16003.0,41575.0
2025-07-18_19:48:17,8071.0,11889.0,41956.0,12904.0,16003.0,41575.0
2025-07-18_19:48:17,9918.0,11889.0,41956.0,14360.0,16003.0,41575.0
2025-07-18_19:48:18,,,,13050.0,16003.0,41575.0
2025-07-18_19:48:21,2778.0,11889.0,41956.0,12169.0,16003.0,41575.0
2025-07-18_19:48:22,7974.0,11889.0,41956.0,13041.0,16003.0,41575.0
2025-07-18_19:48:22,8646.0,11889.0,41956.0,14090.0,16003.0,41575.0
2025-07-18_19:48:22,,,,,,
2025-07-18_19:48:26,6963.0,11889.0,41956.0,3793.0,16003.0,41575.0
2025-07-18_19:48:26,8617.0,11889.0,41956.0,14089.0,16003.0,41575.0
2025-07-18_19:48:26,9562.0,11889.0,41956.0,14277.0,16003.0,41576.0
2025-07-18_19:48:26,9678.0,11889.0,41956.0,14012.0,16003.0,41576.0
2025-07-18_19:48:27,9873.0,11889.0,41962.0,14310.0,16003.0,41577.0
2025-07-18_19:48:27,7989.0,11889.0,41962.0,13258.0,16003.0,41577.0
2025-07-18_19:48:27,8077.0,11889.0,41962.0,13049.0,16003.0,41577.0
2025-07-18_19:48:27,,,,,,
2025-07-18_19:48:31,6955.0,11889.0,41962.0,3793.0,16003.0,41577.0
2025-07-18_19:48:31,10116.0,11889.0,41962.0,14123.0,16003.0,41582.0
2025-07-18_19:48:32,7971.0,11889.0,41962.0,12871.0,16003.0,41582.0
2025-07-18_19:48:32,10232.0,11889.0,41962.0,14150.0,16003.0,41584.0
2025-07-18_19:48:32,8555.0,11889.0,41962.0,13800.0,16003.0,41584.0
2025-07-18_19:48:32,9751.0,11889.0,41962.0,14314.0,16003.0,41584.0
2025-07-18_19:48:32,,,,13796.0,16003.0,41584.0
2025-07-18_19:48:36,3375.0,11889.0,41962.0,12188.0,16003.0,41584.0
2025-07-18_19:48:36,7957.0,11889.0,41962.0,13048.0,16003.0,41584.0
2025-07-18_19:48:37,8093.0,11889.0,41962.0,12882.0,16003.0,41584.0
2025-07-18_19:48:37,8540.0,11889.0,41962.0,13793.0,16003.0,41584.0
2025-07-18_19:48:37,8028.0,11889.0,41962.0,13077.0,16003.0,41584.0
2025-07-18_19:48:37,8130.0,11889.0,41962.0,13073.0,16003.0,41584.0
2025-07-18_19:48:37,8040.0,11889.0,41962.0,13081.0,16003.0,41584.0
2025-07-18_19:48:38,9566.0,11889.0,41962.0,13940.0,16003.0,41584.0
2025-07-18_19:48:38,8684.0,11889.0,41962.0,14273.0,16003.0,41584.0
2025-07-18_19:48:38,,,,13791.0,16003.0,41584.0
2025-07-18_19:48:42,3319.0,11889.0,41962.0,12196.0,16003.0,41584.0
2025-07-18_19:48:42,,,,,,
2025-07-18_19:48:46,6964.0,11889.0,41962.0,3793.0,16003.0,41584.0
2025-07-18_19:48:46,7961.0,11889.0,41962.0,13236.0,16003.0,41584.0
2025-07-18_19:48:46,8536.0,11889.0,41962.0,13927.0,16003.0,41584.0
2025-07-18_19:48:46,,,,,,
2025-07-18_19:48:50,6967.0,11889.0,41962.0,3793.0,16003.0,41584.0
2025-07-18_19:48:50,,,,14365.0,16003.0,41584.0
2025-07-18_19:48:54,3319.0,11889.0,41962.0,12187.0,16003.0,41584.0
2025-07-18_19:48:54,8657.0,11889.0,41962.0,14136.0,16003.0,41584.0
2025-07-18_19:48:55,7966.0,11889.0,41962.0,13257.0,16003.0,41584.0
2025-07-18_19:48:55,8609.0,11889.0,41962.0,13996.0,16003.0,41584.0
2025-07-18_19:48:55,8088.0,11889.0,41962.0,13057.0,16003.0,41584.0
2025-07-18_19:48:55,8526.0,11889.0,41962.0,13261.0,16003.0,41584.0
2025-07-18_19:48:56,9236.0,11889.0,41962.0,13996.0,16003.0,41584.0
2025-07-18_19:48:56,8079.0,11889.0,41962.0,13231.0,16003.0,41584.0
2025-07-18_19:48:56,10127.0,11889.0,41966.0,14221.0,16003.0,41584.0
2025-07-18_19:48:56,8645.0,11889.0,41966.0,13904.0,16003.0,41584.0
2025-07-18_19:48:56,8573.0,11889.0,41966.0,13745.0,16003.0,41586.0
2025-07-18_19:48:57,8535.0,11889.0,41966.0,13230.0,16003.0,41586.0
2025-07-18_19:48:57,8660.0,11889.0,41970.0,14258.0,16003.0,41586.0
2025-07-18_19:48:57,8699.0,11889.0,41972.0,14176.0,16003.0,41586.0
2025-07-18_19:48:57,,,,14125.0,16003.0,41586.0
2025-07-18_19:49:01,3358.0,11889.0,41972.0,12160.0,16003.0,41586.0
2025-07-18_19:49:01,,,,14208.0,16003.0,41586.0
2025-07-18_19:49:05,3375.0,11889.0,41972.0,12188.0,16003.0,41586.0
2025-07-18_19:49:05,,,,,,
2025-07-18_19:49:09,6969.0,11889.0,41972.0,3793.0,16003.0,41586.0
2025-07-18_19:49:09,8361.0,11889.0,41972.0,13629.0,16003.0,41586.0
2025-07-18_19:49:09,8078.0,11889.0,41972.0,13074.0,16003.0,41586.0
2025-07-18_19:49:10,8122.0,11889.0,41975.0,12798.0,16003.0,41586.0
2025-07-18_19:49:10,8618.0,11889.0,41975.0,14174.0,16003.0,41586.0
2025-07-18_19:49:10,9907.0,11889.0,41975.0,13927.0,16003.0,41586.0
2025-07-18_19:49:10,8576.0,11889.0,41975.0,14054.0,16003.0,41586.0
2025-07-18_19:49:11,8545.0,11889.0,41975.0,13809.0,16003.0,41586.0
2025-07-18_19:49:11,7966.0,11889.0,41975.0,13613.0,16003.0,41586.0
2025-07-18_19:49:11,8512.0,11889.0,41975.0,13831.0,16003.0,41586.0
2025-07-18_19:49:11,10439.0,11889.0,41975.0,14480.0,16003.0,41586.0
2025-07-18_19:49:11,10132.0,11889.0,41975.0,13866.0,16003.0,41586.0
2025-07-18_19:49:12,9999.0,11889.0,41975.0,13992.0,16003.0,41586.0
2025-07-18_19:49:12,,,,14034.0,16003.0,41586.0
2025-07-18_19:49:16,3319.0,11889.0,41975.0,12184.0,16003.0,41586.0
2025-07-18_19:49:16,7974.0,11889.0,41975.0,13334.0,16003.0,41586.0
2025-07-18_19:49:16,8596.0,11889.0,41975.0,13980.0,16003.0,41586.0
2025-07-18_19:49:16,8597.0,11889.0,41975.0,14080.0,16003.0,41586.0
2025-07-18_19:49:16,8121.0,11889.0,41975.0,13045.0,16003.0,41586.0
2025-07-18_19:49:17,9893.0,11889.0,41975.0,13931.0,16003.0,41586.0
2025-07-18_19:49:17,10248.0,11889.0,41975.0,14145.0,16003.0,41586.0
2025-07-18_19:49:17,,,,13969.0,16003.0,41586.0
2025-07-18_19:49:21,3358.0,11889.0,41975.0,12197.0,16003.0,41586.0
2025-07-18_19:49:21,8608.0,11889.0,41975.0,14038.0,16003.0,41586.0
2025-07-18_19:49:21,8640.0,11889.0,41975.0,14050.0,16003.0,41586.0
2025-07-18_19:49:21,,,,,,
2025-07-18_19:49:25,6968.0,11889.0,41975.0,3792.0,16003.0,41586.0
2025-07-18_19:49:25,8633.0,11889.0,41975.0,14042.0,16003.0,41586.0
2025-07-18_19:49:26,8532.0,11889.0,41975.0,14106.0,16003.0,41604.0
2025-07-18_19:49:26,,,,,,
2025-07-18_19:49:30,6954.0,11889.0,41975.0,3793.0,16003.0,41604.0
2025-07-18_19:49:30,,,,,,
2025-07-18_19:49:34,6964.0,11889.0,41975.0,3792.0,16003.0,41604.0
2025-07-18_19:49:34,,,,13100.0,16003.0,41604.0
2025-07-18_19:49:38,2778.0,11889.0,41975.0,12188.0,16003.0,41604.0
2025-07-18_19:49:38,8115.0,11889.0,41975.0,13082.0,16003.0,41604.0
2025-07-18_19:49:38,10209.0,11889.0,41975.0,14314.0,16003.0,41604.0
2025-07-18_19:49:39,10517.0,11889.0,41975.0,14493.0,16003.0,41604.0
2025-07-18_19:49:39,8527.0,11889.0,41975.0,13806.0,16003.0,41604.0
2025-07-18_19:49:39,7981.0,11889.0,41975.0,13302.0,16003.0,41604.0
2025-07-18_19:49:39,8105.0,11889.0,41975.0,13078.0,16003.0,41604.0
2025-07-18_19:49:39,8504.0,11889.0,41975.0,13623.0,16003.0,41604.0
2025-07-18_19:49:40,,,,,,
2025-07-18_19:49:43,6969.0,11889.0,41975.0,3786.0,16003.0,41604.0
2025-07-18_19:49:44,,,,,,
2025-07-18_19:49:47,6963.0,11889.0,41975.0,3792.0,16003.0,41604.0
2025-07-18_19:49:48,8527.0,11889.0,41975.0,13562.0,16003.0,41604.0
2025-07-18_19:49:48,8577.0,11889.0,41975.0,14072.0,16003.0,41604.0
2025-07-18_19:49:48,,,,13851.0,16003.0,41604.0
2025-07-18_19:49:52,3302.0,11889.0,41975.0,12187.0,16003.0,41604.0
2025-07-18_19:49:52,9855.0,11889.0,41975.0,14139.0,16003.0,41604.0
2025-07-18_19:49:52,10010.0,11889.0,41975.0,14018.0,16003.0,41604.0
2025-07-18_19:49:52,8583.0,11889.0,41975.0,14022.0,16003.0,41604.0
2025-07-18_19:49:53,7976.0,11889.0,41975.0,13046.0,16003.0,41604.0
2025-07-18_19:49:53,8513.0,11889.0,41975.0,12927.0,16003.0,41604.0
2025-07-18_19:49:53,,,,13981.0,16003.0,41604.0
2025-07-18_19:49:57,3360.0,11889.0,41975.0,12195.0,16003.0,41604.0
2025-07-18_19:49:57,8097.0,11889.0,41975.0,13038.0,16003.0,41604.0
2025-07-18_19:49:57,9014.0,11889.0,41975.0,13652.0,16003.0,41604.0
2025-07-18_19:49:57,8519.0,11889.0,41975.0,13846.0,16003.0,41604.0
2025-07-18_19:49:58,,,,,,
2025-07-18_19:50:02,6955.0,11889.0,41975.0,3793.0,16003.0,41604.0
2025-07-18_19:50:02,9796.0,11889.0,41975.0,14095.0,16003.0,41604.0
2025-07-18_19:50:02,10129.0,11889.0,41975.0,14345.0,16003.0,41604.0
2025-07-18_19:50:02,8601.0,11889.0,41975.0,14084.0,16003.0,41604.0
2025-07-18_19:50:02,,,,,,
2025-07-18_19:50:06,6969.0,11889.0,41975.0,3792.0,16003.0,41604.0
2025-07-18_19:50:06,7960.0,11889.0,41975.0,13083.0,16003.0,41604.0
2025-07-18_19:50:07,,,,,,
2025-07-18_19:50:10,6965.0,11889.0,41975.0,3792.0,16003.0,41604.0
2025-07-18_19:50:11,8544.0,11889.0,41975.0,13088.0,16003.0,41604.0
2025-07-18_19:50:11,,,,,,
2025-07-18_19:50:15,6968.0,11889.0,41975.0,3793.0,16003.0,41604.0
2025-07-18_19:50:15,,,,13795.0,16003.0,41604.0
2025-07-18_19:50:19,3319.0,11889.0,41975.0,12178.0,16003.0,41604.0
2025-07-18_19:50:19,8527.0,11889.0,41975.0,14084.0,16003.0,41604.0
2025-07-18_19:50:19,7968.0,11889.0,41975.0,13344.0,16003.0,41604.0
2025-07-18_19:50:19,,,,,,
2025-07-18_19:50:23,6960.0,11889.0,41975.0,3793.0,16003.0,41604.0
2025-07-18_19:50:23,9931.0,11889.0,41977.0,14374.0,16003.0,41604.0
2025-07-18_19:50:24,,,,,,
2025-07-18_19:50:27,6964.0,11889.0,41977.0,3786.0,16003.0,41604.0
2025-07-18_19:50:28,8001.0,11889.0,41977.0,13085.0,16003.0,41604.0
2025-07-18_19:50:28,,,,,,
2025-07-18_19:50:32,6957.0,11889.0,41977.0,3786.0,16003.0,41604.0
2025-07-18_19:50:32,8618.0,11889.0,41977.0,14076.0,16003.0,41604.0
2025-07-18_19:50:32,9806.0,11889.0,41977.0,14406.0,16003.0,41604.0
2025-07-18_19:50:32,9373.0,11889.0,41977.0,14226.0,16003.0,41604.0
2025-07-18_19:50:33,8552.0,11889.0,41977.0,13808.0,16003.0,41604.0
2025-07-18_19:50:33,9732.0,11889.0,41977.0,13973.0,16003.0,41604.0
2025-07-18_19:50:33,,,,14171.0,16003.0,41604.0
2025-07-18_19:50:37,3358.0,11889.0,41977.0,12195.0,16003.0,41604.0
2025-07-18_19:50:37,,,,,,
2025-07-18_19:50:41,2778.0,11889.0,41977.0,3776.0,16003.0,41604.0
2025-07-18_19:50:42,8017.0,11889.0,41977.0,12867.0,16003.0,41604.0
2025-07-18_19:50:42,9518.0,11889.0,41977.0,14065.0,16003.0,41604.0
2025-07-18_19:50:42,8668.0,11889.0,41977.0,13863.0,16003.0,41604.0
2025-07-18_19:50:42,,,,,,
2025-07-18_19:50:46,6976.0,11889.0,41977.0,3792.0,16003.0,41604.0
2025-07-18_19:50:46,8615.0,11889.0,41977.0,14044.0,16003.0,41604.0
2025-07-18_19:50:47,,,,,,
2025-07-18_19:50:50,6964.0,11889.0,41977.0,3787.0,16003.0,41604.0
2025-07-18_19:50:51,,,,14023.0,16003.0,41604.0
2025-07-18_19:50:54,3302.0,11889.0,41977.0,12197.0,16003.0,41604.0
2025-07-18_19:50:54,10560.0,11889.0,41977.0,14743.0,16003.0,41608.0
2025-07-18_19:50:55,8999.0,11889.0,41977.0,13814.0,16003.0,41608.0
2025-07-18_19:50:55,9674.0,11889.0,41977.0,14023.0,16003.0,41608.0
2025-07-18_19:50:55,8647.0,11889.0,41977.0,14080.0,16003.0,41608.0
2025-07-18_19:50:55,9224.0,11889.0,41977.0,13833.0,16003.0,41608.0
2025-07-18_19:50:55,8535.0,11889.0,41977.0,13646.0,16003.0,41608.0
2025-07-18_19:50:56,8579.0,11889.0,41977.0,14189.0,16003.0,41608.0
2025-07-18_19:50:56,8599.0,11889.0,41977.0,14103.0,16003.0,41608.0
2025-07-18_19:50:56,9803.0,11889.0,41977.0,14152.0,16003.0,41608.0
2025-07-18_19:50:56,9234.0,11889.0,41978.0,14379.0,16003.0,41608.0
2025-07-18_19:50:57,8583.0,11889.0,41978.0,14092.0,16003.0,41608.0
2025-07-18_19:50:57,8650.0,11889.0,41978.0,14092.0,16003.0,41608.0
2025-07-18_19:50:57,8588.0,11889.0,41978.0,14046.0,16003.0,41608.0
2025-07-18_19:50:57,8680.0,11889.0,41978.0,14084.0,16003.0,41608.0
2025-07-18_19:50:57,10138.0,11889.0,41978.0,14009.0,16003.0,41608.0
2025-07-18_19:50:58,,,,13864.0,16003.0,41608.0
2025-07-18_19:51:02,2778.0,11889.0,41978.0,12199.0,16003.0,41608.0
2025-07-18_19:51:02,,,,,,
2025-07-18_19:51:06,6953.0,11889.0,41978.0,3793.0,16003.0,41608.0
2025-07-18_19:51:06,10185.0,11889.0,41988.0,14077.0,16003.0,41609.0
2025-07-18_19:51:06,8625.0,11889.0,41988.0,14142.0,16003.0,41609.0
2025-07-18_19:51:06,10641.0,11889.0,41990.0,14442.0,16003.0,41610.0
2025-07-18_19:51:07,8647.0,11889.0,41990.0,14096.0,16003.0,41610.0
2025-07-18_19:51:07,8560.0,11889.0,41990.0,13391.0,16003.0,41610.0
2025-07-18_19:51:07,10072.0,11889.0,41990.0,14272.0,16003.0,41610.0
2025-07-18_19:51:07,8879.0,11889.0,41990.0,13993.0,16003.0,41610.0
2025-07-18_19:51:07,,,,13249.0,16003.0,41610.0
2025-07-18_19:51:11,2778.0,11889.0,41990.0,12196.0,16003.0,41610.0
2025-07-18_19:51:12,10130.0,11889.0,41990.0,14020.0,16003.0,41610.0
2025-07-18_19:51:12,8117.0,11889.0,41990.0,13333.0,16003.0,41611.0
2025-07-18_19:51:12,7991.0,11889.0,41990.0,13239.0,16003.0,41611.0
2025-07-18_19:51:12,,,,14377.0,16003.0,41611.0
2025-07-18_19:51:16,2778.0,11889.0,41990.0,12164.0,16003.0,41611.0
2025-07-18_19:51:16,,,,,,
2025-07-18_19:51:20,6958.0,11889.0,41990.0,3792.0,16003.0,41611.0
2025-07-18_19:51:20,,,,13988.0,16003.0,41611.0
2025-07-18_19:51:24,2778.0,11889.0,41990.0,12185.0,16003.0,41611.0
2025-07-18_19:51:24,8533.0,11889.0,41990.0,14025.0,16003.0,41611.0
2025-07-18_19:51:25,8621.0,11889.0,41990.0,14099.0,16003.0,41611.0
2025-07-18_19:51:25,,,,13843.0,16003.0,41611.0
2025-07-18_19:51:29,3375.0,11889.0,41990.0,12185.0,16003.0,41611.0
2025-07-18_19:51:29,8128.0,11889.0,42004.0,13042.0,16003.0,41611.0
2025-07-18_19:51:29,10116.0,11889.0,42004.0,13820.0,16003.0,41611.0
2025-07-18_19:51:29,,,,,,
2025-07-18_19:51:33,6964.0,11889.0,42004.0,3793.0,16003.0,41611.0
2025-07-18_19:51:33,,,,14416.0,16003.0,41643.0
2025-07-18_19:51:37,2778.0,11889.0,42004.0,12192.0,16003.0,41643.0
2025-07-18_19:51:37,7961.0,11889.0,42004.0,13043.0,16003.0,41643.0
2025-07-18_19:51:38,9828.0,11889.0,42004.0,14506.0,16003.0,41643.0
2025-07-18_19:51:38,10543.0,11889.0,42004.0,14607.0,16003.0,41643.0
2025-07-18_19:51:38,7988.0,11889.0,42004.0,13256.0,16003.0,41643.0
2025-07-18_19:51:38,10521.0,11889.0,42004.0,14138.0,16003.0,41643.0
2025-07-18_19:51:38,8067.0,11889.0,42004.0,13042.0,16003.0,41643.0
2025-07-18_19:51:39,9907.0,11889.0,42004.0,14230.0,16003.0,41643.0
2025-07-18_19:51:39,7969.0,11889.0,42004.0,13233.0,16003.0,41643.0
2025-07-18_19:51:39,10087.0,11889.0,42004.0,14279.0,16003.0,41643.0
2025-07-18_19:51:39,,,,,,
2025-07-18_19:51:43,6963.0,11889.0,42008.0,3792.0,16003.0,41643.0
2025-07-18_19:51:43,9012.0,11889.0,42008.0,13969.0,16003.0,41643.0
2025-07-18_19:51:44,,,,13994.0,16003.0,41643.0
2025-07-18_19:51:47,3319.0,11889.0,42008.0,12192.0,16003.0,41643.0
2025-07-18_19:51:47,,,,13982.0,16003.0,41643.0
2025-07-18_19:51:51,3319.0,11889.0,42008.0,12162.0,16003.0,41643.0
2025-07-18_19:51:51,7967.0,11889.0,42008.0,13081.0,16003.0,41643.0
2025-07-18_19:51:52,8602.0,11889.0,42008.0,14070.0,16003.0,41643.0
2025-07-18_19:51:52,9238.0,11889.0,42008.0,13987.0,16003.0,41643.0
2025-07-18_19:51:52,,,,13783.0,16003.0,41643.0
2025-07-18_19:51:56,3319.0,11889.0,42008.0,12192.0,16003.0,41643.0
2025-07-18_19:51:56,8545.0,11889.0,42008.0,13837.0,16003.0,41643.0
2025-07-18_19:51:56,9921.0,11889.0,42009.0,14038.0,16003.0,41643.0
2025-07-18_19:51:56,,,,13240.0,16003.0,41643.0
2025-07-18_19:52:00,2778.0,11889.0,42009.0,12160.0,16003.0,41643.0
2025-07-18_19:52:01,8601.0,11889.0,42009.0,14345.0,16003.0,41643.0
2025-07-18_19:52:01,8010.0,11889.0,42009.0,12908.0,16003.0,41643.0
2025-07-18_19:52:01,8697.0,11889.0,42010.0,14073.0,16003.0,41643.0
2025-07-18_19:52:01,9824.0,11889.0,42010.0,13943.0,16003.0,41643.0
2025-07-18_19:52:02,8131.0,11889.0,42010.0,12798.0,16003.0,41643.0
2025-07-18_19:52:02,8654.0,11889.0,42010.0,14232.0,16003.0,41643.0
2025-07-18_19:52:02,8509.0,11889.0,42010.0,13077.0,16003.0,41643.0
2025-07-18_19:52:02,,,,13791.0,16003.0,41643.0
2025-07-18_19:52:06,3302.0,11889.0,42010.0,12182.0,16003.0,41643.0
2025-07-18_19:52:06,8073.0,11889.0,42010.0,12853.0,16003.0,41643.0
2025-07-18_19:52:06,8708.0,11889.0,42010.0,14101.0,16003.0,41643.0
2025-07-18_19:52:06,8594.0,11889.0,42010.0,14177.0,16003.0,41643.0
2025-07-18_19:52:07,10133.0,11889.0,42010.0,14012.0,16003.0,41643.0
2025-07-18_19:52:07,7982.0,11889.0,42011.0,13227.0,16003.0,41643.0
2025-07-18_19:52:07,8965.0,11889.0,42011.0,13991.0,16003.0,41643.0
2025-07-18_19:52:07,8514.0,11889.0,42011.0,13656.0,16003.0,41643.0
2025-07-18_19:52:07,9678.0,11889.0,42011.0,14023.0,16003.0,41643.0
2025-07-18_19:52:08,8596.0,11889.0,42011.0,13967.0,16003.0,41643.0
2025-07-18_19:52:08,,,,,,
2025-07-18_19:52:12,6963.0,11889.0,42011.0,3787.0,16003.0,41643.0
2025-07-18_19:52:12,8585.0,11889.0,42011.0,14085.0,16003.0,41643.0
2025-07-18_19:52:12,8632.0,11889.0,42011.0,13859.0,16003.0,41643.0
2025-07-18_19:52:12,8518.0,11889.0,42011.0,13816.0,16003.0,41643.0
2025-07-18_19:52:13,9371.0,11889.0,42011.0,13846.0,16003.0,41643.0
2025-07-18_19:52:13,9685.0,11889.0,42011.0,13981.0,16003.0,41643.0
2025-07-18_19:52:13,8540.0,11889.0,42011.0,13839.0,16003.0,41643.0
2025-07-18_19:52:13,,,,14317.0,16003.0,41643.0
2025-07-18_19:52:17,2778.0,11889.0,42011.0,12191.0,16003.0,41643.0
2025-07-18_19:52:17,8601.0,11889.0,42014.0,14099.0,16003.0,41643.0
2025-07-18_19:52:17,9977.0,11889.0,42014.0,13828.0,16003.0,41643.0
2025-07-18_19:52:18,10279.0,11889.0,42014.0,14339.0,16003.0,41643.0
2025-07-18_19:52:18,,,,,,
2025-07-18_19:52:22,6965.0,11889.0,42014.0,3793.0,16003.0,41643.0
2025-07-18_19:52:22,10079.0,11889.0,42014.0,14450.0,16003.0,41643.0
2025-07-18_19:52:22,,,,13625.0,16003.0,41643.0
2025-07-18_19:52:26,2778.0,11889.0,42014.0,12184.0,16003.0,41643.0
2025-07-18_19:52:26,,,,14408.0,16003.0,41643.0
2025-07-18_19:52:30,3375.0,11889.0,42014.0,12185.0,16003.0,41643.0
2025-07-18_19:52:30,,,,,,
2025-07-18_19:52:34,6969.0,11889.0,42014.0,3792.0,16003.0,41643.0
2025-07-18_19:52:34,8504.0,11889.0,42014.0,13484.0,16003.0,41643.0
2025-07-18_19:52:34,8612.0,11889.0,42014.0,14210.0,16003.0,41643.0
2025-07-18_19:52:35,,,,14019.0,16003.0,41643.0
2025-07-18_19:52:38,3358.0,11889.0,42014.0,12189.0,16003.0,41643.0
2025-07-18_19:52:39,,,,,,
2025-07-18_19:52:42,6974.0,11889.0,42014.0,3794.0,16003.0,41643.0
2025-07-18_19:52:43,10064.0,11889.0,42014.0,14494.0,16003.0,41643.0
2025-07-18_19:52:43,8528.0,11889.0,42014.0,14085.0,16003.0,41643.0
2025-07-18_19:52:43,,,,13804.0,16003.0,41643.0
2025-07-18_19:52:47,3358.0,11889.0,42014.0,12202.0,16003.0,41643.0
2025-07-18_19:52:47,,,,,,
2025-07-18_19:52:51,6969.0,11889.0,42014.0,3793.0,16003.0,41643.0
2025-07-18_19:52:51,,,,,,
2025-07-18_19:52:55,6966.0,11889.0,42014.0,3793.0,16003.0,41643.0
2025-07-18_19:52:55,8622.0,11889.0,42062.0,14111.0,16003.0,41650.0
2025-07-18_19:52:55,8679.0,11889.0,42062.0,14203.0,16003.0,41650.0
2025-07-18_19:52:55,10512.0,11889.0,42062.0,14624.0,16003.0,41650.0
2025-07-18_19:52:56,9355.0,11889.0,42062.0,13834.0,16003.0,41650.0
2025-07-18_19:52:56,,,,,,
2025-07-18_19:53:00,6964.0,11889.0,42062.0,3793.0,16003.0,41650.0
2025-07-18_19:53:00,,,,,,
2025-07-18_19:53:04,6973.0,11889.0,42062.0,3787.0,16003.0,41650.0
2025-07-18_19:53:04,7968.0,11889.0,42062.0,13088.0,16003.0,41650.0
2025-07-18_19:53:04,8061.0,11889.0,42062.0,13273.0,16003.0,41650.0
2025-07-18_19:53:04,,,,14395.0,16003.0,41650.0
2025-07-18_19:53:08,3319.0,11889.0,42062.0,12193.0,16003.0,41650.0
2025-07-18_19:53:08,8662.0,11889.0,42062.0,14205.0,16003.0,41650.0
2025-07-18_19:53:08,,,,,,
2025-07-18_19:53:12,6975.0,11889.0,42062.0,3793.0,16003.0,41650.0
2025-07-18_19:53:12,8030.0,11889.0,42062.0,13045.0,16003.0,41650.0
2025-07-18_19:53:13,8577.0,11889.0,42062.0,13833.0,16003.0,41650.0
2025-07-18_19:53:13,,,,,,
2025-07-18_19:53:17,2778.0,11889.0,42062.0,3776.0,16003.0,41650.0
2025-07-18_19:53:18,9838.0,11889.0,42062.0,14071.0,16003.0,41650.0
2025-07-18_19:53:18,10647.0,11889.0,42063.0,15049.0,16005.0,41669.0
2025-07-18_19:53:18,,,,,,
2025-07-18_19:53:22,6968.0,11889.0,42063.0,3786.0,16005.0,41669.0
2025-07-18_19:53:22,,,,14223.0,16005.0,41669.0
2025-07-18_19:53:26,3358.0,11889.0,42063.0,12191.0,16005.0,41669.0
2025-07-18_19:53:26,,,,,,
2025-07-18_19:53:30,6969.0,11889.0,42063.0,3793.0,16005.0,41669.0
2025-07-18_19:53:31,2778.0,11889.0,42063.0,12169.0,16005.0,41669.0
2025-07-18_19:53:31,8583.0,11889.0,42063.0,14003.0,16005.0,41669.0
2025-07-18_19:53:31,10154.0,11890.0,42096.0,14615.0,16005.0,41669.0
2025-07-18_19:53:31,,,,14213.0,16005.0,41669.0
2025-07-18_19:53:35,2778.0,11890.0,42096.0,12183.0,16005.0,41669.0
2025-07-18_19:53:35,,,,,,
2025-07-18_19:53:39,6966.0,11890.0,42096.0,3792.0,16005.0,41669.0
2025-07-18_19:53:40,10001.0,11890.0,42096.0,14255.0,16005.0,41669.0
2025-07-18_19:53:40,,,,13086.0,16005.0,41669.0
2025-07-18_19:53:44,2778.0,11890.0,42096.0,12183.0,16005.0,41669.0
2025-07-18_19:53:44,,,,13802.0,16005.0,41669.0
2025-07-18_19:53:48,2778.0,11890.0,42096.0,12189.0,16005.0,41669.0
2025-07-18_19:53:48,10244.0,11890.0,42096.0,13855.0,16005.0,41669.0
2025-07-18_19:53:48,9905.0,11890.0,42096.0,14138.0,16005.0,41669.0
2025-07-18_19:53:48,,,,13779.0,16005.0,41669.0
2025-07-18_19:53:52,3321.0,11890.0,42096.0,12161.0,16005.0,41669.0
2025-07-18_19:53:52,10265.0,11890.0,42097.0,14379.0,16005.0,41669.0
2025-07-18_19:53:52,10094.0,11890.0,42098.0,14452.0,16005.0,41669.0
2025-07-18_19:53:53,10225.0,11890.0,42112.0,14132.0,16005.0,41675.0
2025-07-18_19:53:53,8758.0,11890.0,42112.0,14220.0,16005.0,41675.0
2025-07-18_19:53:53,8101.0,11890.0,42112.0,13608.0,16005.0,41675.0
2025-07-18_19:53:53,9997.0,11890.0,42112.0,14205.0,16005.0,41675.0
2025-07-18_19:53:54,8527.0,11890.0,42112.0,13843.0,16005.0,41675.0
2025-07-18_19:53:54,8623.0,11890.0,42112.0,14091.0,16005.0,41675.0
2025-07-18_19:53:54,8613.0,11890.0,42112.0,14353.0,16005.0,41675.0
2025-07-18_19:53:54,10078.0,11890.0,42112.0,14488.0,16005.0,41675.0
2025-07-18_19:53:55,,,,14058.0,16005.0,41675.0
2025-07-18_19:53:58,2778.0,11890.0,42112.0,12183.0,16005.0,41675.0
2025-07-18_19:53:59,9975.0,11890.0,42112.0,14008.0,16005.0,41675.0
2025-07-18_19:53:59,,,,13801.0,16005.0,41675.0
2025-07-18_19:54:02,3375.0,11890.0,42112.0,12178.0,16005.0,41675.0
2025-07-18_19:54:03,8754.0,11890.0,42113.0,14045.0,16005.0,41675.0
2025-07-18_19:54:03,8514.0,11890.0,42113.0,14255.0,16005.0,41675.0
2025-07-18_19:54:03,8533.0,11890.0,42113.0,14313.0,16005.0,41675.0
2025-07-18_19:54:03,,,,,,
2025-07-18_19:54:07,,,,3792.0,16005.0,41675.0
2025-07-18_19:54:11,2778.0,11890.0,42113.0,12194.0,16005.0,41675.0
2025-07-18_19:54:11,9521.0,11890.0,42114.0,13743.0,16005.0,41676.0
2025-07-18_19:54:11,8544.0,11890.0,42114.0,13809.0,16005.0,41682.0
2025-07-18_19:54:12,,,,,,
2025-07-18_19:54:16,6960.0,11890.0,42114.0,3793.0,16005.0,41682.0
2025-07-18_19:54:16,8550.0,11890.0,42114.0,14202.0,16005.0,41682.0
2025-07-18_19:54:16,10082.0,11890.0,42114.0,13957.0,16005.0,41682.0
2025-07-18_19:54:16,8020.0,11890.0,42114.0,13085.0,16005.0,41682.0
2025-07-18_19:54:16,8529.0,11890.0,42114.0,13935.0,16005.0,41682.0
2025-07-18_19:54:17,8653.0,11890.0,42114.0,14098.0,16005.0,41682.0
2025-07-18_19:54:17,,,,,,
2025-07-18_19:54:21,6964.0,11890.0,42114.0,3792.0,16005.0,41682.0
2025-07-18_19:54:21,,,,13785.0,16005.0,41682.0
2025-07-18_19:54:25,3319.0,11890.0,42114.0,12191.0,16005.0,41682.0
2025-07-18_19:54:25,8640.0,11890.0,42114.0,14365.0,16005.0,41682.0
2025-07-18_19:54:25,,,,13794.0,16005.0,41682.0
2025-07-18_19:54:29,3319.0,11890.0,42114.0,12184.0,16005.0,41682.0
2025-07-18_19:54:29,10603.0,11891.0,42115.0,14395.0,16005.0,41682.0
2025-07-18_19:54:29,8618.0,11891.0,42115.0,14281.0,16005.0,41682.0
2025-07-18_19:54:29,8592.0,11891.0,42115.0,14087.0,16005.0,41682.0
2025-07-18_19:54:29,10227.0,11891.0,42120.0,14357.0,16005.0,41682.0
2025-07-18_19:54:30,7957.0,11891.0,42120.0,13049.0,16005.0,41682.0
2025-07-18_19:54:30,,,,,,
2025-07-18_19:54:34,6961.0,11891.0,42120.0,3786.0,16005.0,41682.0
2025-07-18_19:54:34,7950.0,11891.0,42123.0,12799.0,16005.0,41682.0
2025-07-18_19:54:34,10026.0,11891.0,42123.0,14032.0,16005.0,41682.0
2025-07-18_19:54:34,,,,14215.0,16005.0,41682.0
2025-07-18_19:54:38,3358.0,11891.0,42123.0,12166.0,16005.0,41682.0
2025-07-18_19:54:38,10455.0,11891.0,42123.0,14334.0,16005.0,41682.0
2025-07-18_19:54:38,10132.0,11891.0,42123.0,14353.0,16005.0,41682.0
2025-07-18_19:54:39,9825.0,11891.0,42123.0,14045.0,16005.0,41682.0
2025-07-18_19:54:39,10129.0,11891.0,42123.0,14703.0,16005.0,41683.0
2025-07-18_19:54:39,8134.0,11891.0,42123.0,13229.0,16005.0,41683.0
2025-07-18_19:54:39,10256.0,11891.0,42123.0,14339.0,16008.0,41708.0
2025-07-18_19:54:40,8551.0,11891.0,42123.0,13798.0,16008.0,41708.0
2025-07-18_19:54:40,9750.0,11891.0,42123.0,13784.0,16008.0,41708.0
2025-07-18_19:54:40,,,,,,
2025-07-18_19:54:44,6959.0,11891.0,42123.0,3797.0,16008.0,41708.0
2025-07-18_19:54:44,7957.0,11891.0,42123.0,13613.0,16008.0,41708.0
2025-07-18_19:54:44,7944.0,11891.0,42123.0,13083.0,16008.0,41708.0
2025-07-18_19:54:44,8935.0,11891.0,42123.0,13987.0,16008.0,41708.0
2025-07-18_19:54:45,8534.0,11891.0,42123.0,13188.0,16008.0,41709.0
2025-07-18_19:54:45,10092.0,11891.0,42123.0,14028.0,16008.0,41709.0
2025-07-18_19:54:45,7979.0,11891.0,42123.0,13254.0,16008.0,41709.0
2025-07-18_19:54:45,8625.0,11891.0,42123.0,14330.0,16008.0,41709.0
2025-07-18_19:54:46,,,,,,
2025-07-18_19:54:49,6969.0,11891.0,42123.0,3793.0,16008.0,41709.0
2025-07-18_19:54:50,8644.0,11891.0,42123.0,14178.0,16008.0,41709.0
2025-07-18_19:54:50,7959.0,11891.0,42123.0,13038.0,16008.0,41709.0
2025-07-18_19:54:50,7968.0,11891.0,42123.0,13262.0,16008.0,41709.0
2025-07-18_19:54:50,8603.0,11891.0,42125.0,13680.0,16008.0,41709.0
2025-07-18_19:54:50,,,,,,
2025-07-18_19:54:54,6967.0,11891.0,42125.0,3795.0,16008.0,41709.0
2025-07-18_19:54:54,7981.0,11891.0,42125.0,13084.0,16008.0,41709.0
2025-07-18_19:54:55,,,,,,
2025-07-18_19:54:59,6970.0,11891.0,42125.0,3792.0,16008.0,41709.0
2025-07-18_19:54:59,10916.0,11891.0,42125.0,14909.0,16009.0,41757.0
2025-07-18_19:54:59,9690.0,11891.0,42125.0,14015.0,16009.0,41757.0
2025-07-18_19:54:59,8659.0,11891.0,42125.0,14286.0,16009.0,41757.0
2025-07-18_19:54:59,,,,,,
2025-07-18_19:55:03,6965.0,11891.0,42125.0,3793.0,16009.0,41757.0
2025-07-18_19:55:03,9869.0,11891.0,42125.0,13985.0,16009.0,41757.0
2025-07-18_19:55:04,7960.0,11891.0,42125.0,13085.0,16009.0,41757.0
2025-07-18_19:55:04,10356.0,11891.0,42125.0,14365.0,16009.0,41757.0
2025-07-18_19:55:04,,,,,,
2025-07-18_19:55:08,6966.0,11891.0,42125.0,3793.0,16009.0,41757.0
2025-07-18_19:55:08,8677.0,11891.0,42133.0,14484.0,16009.0,41757.0
2025-07-18_19:55:08,,,,13794.0,16009.0,41757.0
2025-07-18_19:55:12,3302.0,11891.0,42133.0,12200.0,16009.0,41757.0
2025-07-18_19:55:12,8040.0,11891.0,42133.0,12902.0,16009.0,41757.0
2025-07-18_19:55:12,8539.0,11891.0,42133.0,13806.0,16009.0,41757.0
2025-07-18_19:55:13,9671.0,11891.0,42133.0,13996.0,16009.0,41757.0
2025-07-18_19:55:13,8019.0,11891.0,42133.0,13044.0,16009.0,41757.0
2025-07-18_19:55:13,8525.0,11891.0,42133.0,13808.0,16009.0,41757.0
2025-07-18_19:55:13,9515.0,11891.0,42134.0,13904.0,16009.0,41757.0
2025-07-18_19:55:14,8516.0,11891.0,42134.0,13799.0,16009.0,41757.0
2025-07-18_19:55:14,7956.0,11891.0,42134.0,13410.0,16009.0,41757.0
2025-07-18_19:55:14,7966.0,11891.0,42134.0,13336.0,16009.0,41757.0
2025-07-18_19:55:15,2778.0,11891.0,42134.0,12182.0,16009.0,41757.0
2025-07-18_19:55:15,9851.0,11891.0,42134.0,14285.0,16009.0,41757.0
2025-07-18_19:55:15,,,,,,
2025-07-18_19:55:19,6973.0,11891.0,42134.0,3792.0,16009.0,41757.0
2025-07-18_19:55:19,7964.0,11891.0,42134.0,13083.0,16009.0,41757.0
2025-07-18_19:55:20,8679.0,11891.0,42153.0,14082.0,16009.0,41757.0
2025-07-18_19:55:20,9992.0,11891.0,42153.0,14204.0,16009.0,41757.0
2025-07-18_19:55:20,8862.0,11901.0,42199.0,14434.0,16009.0,41818.0
2025-07-18_19:55:20,8546.0,11901.0,42199.0,14186.0,16009.0,41818.0
2025-07-18_19:55:20,8126.0,11901.0,42199.0,13051.0,16009.0,41818.0
2025-07-18_19:55:21,7971.0,11901.0,42199.0,13340.0,16009.0,41818.0
2025-07-18_19:55:21,7977.0,11901.0,42199.0,13254.0,16009.0,41818.0
2025-07-18_19:55:21,10028.0,11901.0,42199.0,14027.0,16009.0,41818.0
2025-07-18_19:55:21,8137.0,11901.0,42199.0,13225.0,16009.0,41818.0
2025-07-18_19:55:22,10126.0,11901.0,42202.0,14365.0,16009.0,41818.0
2025-07-18_19:55:22,,,,13787.0,16009.0,41818.0
2025-07-18_19:55:26,3319.0,11901.0,42202.0,12147.0,16009.0,41818.0
2025-07-18_19:55:26,7972.0,11901.0,42202.0,13086.0,16009.0,41818.0
2025-07-18_19:55:26,8551.0,11901.0,42202.0,13624.0,16009.0,41818.0
2025-07-18_19:55:26,10248.0,11901.0,42208.0,14804.0,16009.0,41831.0
2025-07-18_19:55:26,10486.0,11901.0,42208.0,14442.0,16009.0,41831.0
2025-07-18_19:55:27,8008.0,11901.0,42208.0,13056.0,16009.0,41831.0
2025-07-18_19:55:27,,,,13798.0,16009.0,41831.0
2025-07-18_19:55:31,3375.0,11901.0,42208.0,12155.0,16009.0,41831.0
2025-07-18_19:55:31,10019.0,11901.0,42208.0,14316.0,16009.0,41831.0
2025-07-18_19:55:31,9761.0,11901.0,42208.0,13960.0,16009.0,41831.0
2025-07-18_19:55:31,7963.0,11901.0,42208.0,13075.0,16009.0,41831.0
2025-07-18_19:55:31,,,,14000.0,16009.0,41831.0
2025-07-18_19:55:35,2778.0,11901.0,42208.0,12199.0,16009.0,41831.0
2025-07-18_19:55:35,10571.0,11901.0,42211.0,14291.0,16009.0,41831.0
2025-07-18_19:55:36,9924.0,11901.0,42211.0,14265.0,16009.0,41832.0
2025-07-18_19:55:36,8607.0,11901.0,42211.0,14096.0,16009.0,41832.0
2025-07-18_19:55:36,8652.0,11901.0,42211.0,14078.0,16009.0,41832.0
2025-07-18_19:55:36,,,,,,
2025-07-18_19:55:40,6965.0,11901.0,42211.0,3792.0,16009.0,41832.0
2025-07-18_19:55:40,8657.0,11901.0,42211.0,13415.0,16009.0,41833.0
2025-07-18_19:55:41,8650.0,11901.0,42211.0,14095.0,16009.0,41833.0
2025-07-18_19:55:41,7968.0,11901.0,42211.0,13046.0,16009.0,41833.0
2025-07-18_19:55:41,9058.0,11901.0,42211.0,13988.0,16009.0,41833.0
2025-07-18_19:55:41,8537.0,11901.0,42211.0,13799.0,16009.0,41833.0
2025-07-18_19:55:41,,,,,,
2025-07-18_19:55:45,6968.0,11901.0,42211.0,3793.0,16009.0,41833.0
2025-07-18_19:55:45,9825.0,11901.0,42211.0,14008.0,16009.0,41833.0
2025-07-18_19:55:46,7950.0,11901.0,42211.0,13033.0,16009.0,41833.0
2025-07-18_19:55:46,8604.0,11901.0,42211.0,14166.0,16009.0,41833.0
2025-07-18_19:55:46,7964.0,11901.0,42211.0,13263.0,16009.0,41833.0
2025-07-18_19:55:46,8535.0,11901.0,42211.0,13516.0,16009.0,41833.0
2025-07-18_19:55:47,9924.0,11901.0,42211.0,14150.0,16009.0,41835.0
2025-07-18_19:55:47,8532.0,11901.0,42211.0,13240.0,16009.0,41835.0
2025-07-18_19:55:47,10559.0,11901.0,42211.0,14446.0,16009.0,41835.0
2025-07-18_19:55:47,7974.0,11901.0,42211.0,13224.0,16009.0,41835.0
2025-07-18_19:55:47,,,,13787.0,16009.0,41835.0
2025-07-18_19:55:51,3319.0,11901.0,42211.0,12187.0,16009.0,41835.0
2025-07-18_19:55:51,8531.0,11901.0,42211.0,13836.0,16009.0,41835.0
2025-07-18_19:55:52,8528.0,11901.0,42211.0,14006.0,16009.0,41835.0
2025-07-18_19:55:52,8597.0,11901.0,42211.0,14081.0,16009.0,41835.0
2025-07-18_19:55:52,10383.0,11901.0,42211.0,14410.0,16009.0,41835.0
2025-07-18_19:55:52,8687.0,11901.0,42211.0,14186.0,16009.0,41844.0
2025-07-18_19:55:52,7972.0,11901.0,42211.0,13231.0,16009.0,41844.0
2025-07-18_19:55:53,7969.0,11901.0,42211.0,13340.0,16009.0,41844.0
2025-07-18_19:55:53,7979.0,11901.0,42216.0,13262.0,16009.0,41844.0
2025-07-18_19:55:53,7998.0,11908.0,43949.0,13079.0,16009.0,41844.0
2025-07-18_19:55:57,6968.0,11908.0,43949.0,3793.0,16009.0,41844.0
2025-07-18_19:55:57,8980.0,11908.0,43967.0,14007.0,16009.0,41844.0
2025-07-18_19:55:58,7971.0,11908.0,43967.0,13292.0,16009.0,41844.0
2025-07-18_19:55:58,8531.0,11908.0,43967.0,13224.0,16009.0,41844.0
2025-07-18_19:55:58,8005.0,11911.0,43970.0,13077.0,16009.0,41844.0
2025-07-18_19:55:58,8941.0,11911.0,43970.0,13779.0,16009.0,41844.0
2025-07-18_19:55:58,9773.0,11911.0,43973.0,14048.0,16009.0,41844.0
2025-07-18_19:55:59,2778.0,11911.0,43973.0,12170.0,16009.0,41844.0
2025-07-18_19:55:59,8580.0,11911.0,43973.0,13869.0,16009.0,41844.0
2025-07-18_19:56:00,8112.0,11911.0,43973.0,13076.0,16009.0,41844.0
2025-07-18_19:56:00,,,,,,
2025-07-18_19:56:04,6966.0,11911.0,43973.0,3787.0,16009.0,41844.0
2025-07-18_19:56:04,7974.0,11911.0,43973.0,13058.0,16009.0,41844.0
2025-07-18_19:56:04,10179.0,11911.0,43973.0,14165.0,16009.0,41844.0
2025-07-18_19:56:04,8666.0,11911.0,43973.0,14093.0,16009.0,41844.0
2025-07-18_19:56:05,10335.0,11911.0,43973.0,14313.0,16009.0,41844.0
2025-07-18_19:56:05,10267.0,11911.0,43973.0,14073.0,16009.0,41844.0
2025-07-18_19:56:05,10020.0,11911.0,43974.0,14008.0,16009.0,41844.0
2025-07-18_19:56:05,7969.0,11911.0,43974.0,13046.0,16009.0,41844.0
2025-07-18_19:56:06,9984.0,11911.0,43974.0,13987.0,16009.0,41844.0
2025-07-18_19:56:06,8603.0,11911.0,43975.0,14325.0,16009.0,41844.0
2025-07-18_19:56:06,7972.0,11911.0,43975.0,13345.0,16009.0,41844.0
2025-07-18_19:56:06,8525.0,11911.0,43975.0,13231.0,16009.0,41844.0
2025-07-18_19:56:06,8506.0,11911.0,43975.0,13892.0,16009.0,41844.0
2025-07-18_19:56:07,,,,13921.0,16009.0,41844.0
2025-07-18_19:56:10,3358.0,11911.0,43975.0,12146.0,16009.0,41844.0
2025-07-18_19:56:11,,,,,,
2025-07-18_19:56:14,6965.0,11911.0,43975.0,3792.0,16009.0,41844.0
2025-07-18_19:56:15,9875.0,11911.0,43975.0,14351.0,16009.0,41844.0
2025-07-18_19:56:15,7970.0,11911.0,43975.0,12827.0,16009.0,41844.0
2025-07-18_19:56:15,9889.0,11911.0,43975.0,14202.0,16009.0,41844.0
2025-07-18_19:56:15,9992.0,11911.0,43975.0,14060.0,16009.0,41844.0
2025-07-18_19:56:15,8123.0,11911.0,43975.0,13045.0,16009.0,41844.0
2025-07-18_19:56:16,10647.0,11913.0,43986.0,14446.0,16009.0,41844.0
2025-07-18_19:56:16,,,,14041.0,16009.0,41844.0
2025-07-18_19:56:20,3317.0,11913.0,43986.0,12164.0,16009.0,41844.0
2025-07-18_19:56:20,,,,13774.0,16009.0,41844.0
2025-07-18_19:56:24,,,,,,
2025-07-18_19:56:27,6969.0,11913.0,43986.0,3792.0,16009.0,41844.0
2025-07-18_19:56:28,7982.0,11913.0,43986.0,13484.0,16009.0,41844.0
2025-07-18_19:56:28,7996.0,11913.0,43986.0,13357.0,16009.0,41844.0
2025-07-18_19:56:28,8653.0,11913.0,43986.0,14080.0,16009.0,41844.0
2025-07-18_19:56:28,,,,,,
2025-07-18_19:56:32,6961.0,11913.0,43986.0,3793.0,16009.0,41844.0
2025-07-18_19:56:32,,,,,,
2025-07-18_19:56:36,6968.0,11913.0,43986.0,3787.0,16009.0,41844.0
2025-07-18_19:56:36,8143.0,11913.0,43986.0,13087.0,16009.0,41844.0
2025-07-18_19:56:37,7980.0,11913.0,43986.0,13073.0,16009.0,41844.0
2025-07-18_19:56:37,8131.0,11913.0,43986.0,13079.0,16009.0,41844.0
2025-07-18_19:56:37,8101.0,11913.0,43986.0,13262.0,16009.0,41844.0
2025-07-18_19:56:37,9718.0,11913.0,43986.0,13980.0,16009.0,41844.0
2025-07-18_19:56:38,7970.0,11913.0,43986.0,13044.0,16009.0,41844.0
2025-07-18_19:56:38,,,,14134.0,16009.0,41844.0
2025-07-18_19:56:41,3302.0,11913.0,43986.0,12180.0,16009.0,41844.0
2025-07-18_19:56:42,,,,,,
2025-07-18_19:56:45,6968.0,11913.0,43986.0,3786.0,16009.0,41844.0
2025-07-18_19:56:46,7970.0,11913.0,43986.0,13050.0,16009.0,41844.0
2025-07-18_19:56:46,7977.0,11913.0,43986.0,13088.0,16009.0,41844.0
2025-07-18_19:56:46,7988.0,11913.0,43986.0,13268.0,16009.0,41844.0
2025-07-18_19:56:46,,,,14535.0,16009.0,41844.0
2025-07-18_19:56:50,3377.0,11913.0,43986.0,12194.0,16009.0,41844.0
2025-07-18_19:56:50,8652.0,11913.0,43986.0,14062.0,16009.0,41844.0
2025-07-18_19:56:50,,,,14124.0,16009.0,41844.0
2025-07-18_19:56:54,3375.0,11913.0,43986.0,12157.0,16009.0,41844.0
2025-07-18_19:56:54,8539.0,11913.0,43986.0,13791.0,16009.0,41844.0
2025-07-18_19:56:55,7973.0,11913.0,43986.0,13326.0,16009.0,41844.0
2025-07-18_19:56:55,,,,14275.0,16009.0,41844.0
2025-07-18_19:56:59,3360.0,11913.0,43986.0,12202.0,16009.0,41844.0
2025-07-18_19:56:59,7990.0,11913.0,43986.0,12903.0,16009.0,41844.0
2025-07-18_19:56:59,7976.0,11913.0,43986.0,13050.0,16009.0,41844.0
2025-07-18_19:56:59,8512.0,11913.0,43986.0,13730.0,16009.0,41844.0
2025-07-18_19:56:59,7982.0,11913.0,43986.0,13264.0,16009.0,41844.0
2025-07-18_19:57:00,,,,,,
2025-07-18_19:57:03,6968.0,11913.0,43986.0,3793.0,16009.0,41844.0
2025-07-18_19:57:04,8594.0,11913.0,43986.0,14174.0,16009.0,41844.0
2025-07-18_19:57:04,,,,,,
2025-07-18_19:57:08,6970.0,11913.0,43986.0,3793.0,16009.0,41844.0
2025-07-18_19:57:08,9708.0,11913.0,43987.0,14042.0,16009.0,41844.0
2025-07-18_19:57:08,,,,14076.0,16009.0,41844.0
2025-07-18_19:57:12,2778.0,11913.0,43987.0,12182.0,16009.0,41844.0
2025-07-18_19:57:12,8077.0,11913.0,43987.0,13077.0,16009.0,41845.0
2025-07-18_19:57:12,10438.0,11913.0,43987.0,14616.0,16009.0,41845.0
2025-07-18_19:57:13,7984.0,11913.0,43987.0,13077.0,16009.0,41845.0
2025-07-18_19:57:13,8030.0,11913.0,43987.0,12924.0,16009.0,41845.0
2025-07-18_19:57:13,8553.0,11913.0,43987.0,13802.0,16009.0,41845.0
2025-07-18_19:57:13,8613.0,11913.0,43987.0,14343.0,16009.0,41845.0
2025-07-18_19:57:13,,,,13408.0,16009.0,41846.0
2025-07-18_19:57:17,2778.0,11913.0,43987.0,12184.0,16009.0,41846.0
2025-07-18_19:57:18,7947.0,11913.0,43989.0,13227.0,16009.0,41846.0
2025-07-18_19:57:18,9657.0,11913.0,43989.0,13980.0,16009.0,41846.0
2025-07-18_19:57:18,9004.0,11913.0,43989.0,13997.0,16009.0,41846.0
2025-07-18_19:57:18,,,,,,
2025-07-18_19:57:22,6971.0,11913.0,43989.0,3793.0,16009.0,41846.0
2025-07-18_19:57:22,8518.0,11913.0,43989.0,13370.0,16009.0,41846.0
2025-07-18_19:57:23,8082.0,11913.0,43989.0,13334.0,16009.0,41846.0
2025-07-18_19:57:23,7972.0,11913.0,43989.0,13077.0,16009.0,41846.0
2025-07-18_19:57:23,,,,14075.0,16009.0,41846.0
2025-07-18_19:57:27,2778.0,11913.0,43989.0,12189.0,16009.0,41846.0
2025-07-18_19:57:27,9009.0,11913.0,43989.0,13870.0,16009.0,41846.0
2025-07-18_19:57:27,10554.0,11913.0,43989.0,14515.0,16011.0,41853.0
2025-07-18_19:57:28,8600.0,11913.0,43989.0,14051.0,16011.0,41853.0
2025-07-18_19:57:28,,,,14090.0,16011.0,41853.0
2025-07-18_19:57:32,3302.0,11913.0,43989.0,12162.0,16011.0,41853.0
2025-07-18_19:57:32,8652.0,11913.0,43989.0,14030.0,16011.0,41853.0
2025-07-18_19:57:32,,,,13880.0,16011.0,41853.0
2025-07-18_19:57:36,2778.0,11913.0,43989.0,12190.0,16011.0,41853.0
2025-07-18_19:57:36,8549.0,11913.0,43989.0,14031.0,16011.0,41860.0
2025-07-18_19:57:36,8127.0,11913.0,43989.0,12866.0,16011.0,41860.0
2025-07-18_19:57:36,9871.0,11913.0,43989.0,14004.0,16011.0,41860.0
2025-07-18_19:57:37,8519.0,11913.0,43989.0,13907.0,16011.0,41860.0
2025-07-18_19:57:37,9979.0,11913.0,43989.0,13973.0,16011.0,41860.0
2025-07-18_19:57:37,8610.0,11913.0,43989.0,14355.0,16011.0,41860.0
2025-07-18_19:57:37,8068.0,11913.0,43989.0,13266.0,16011.0,41860.0
2025-07-18_19:57:38,10138.0,11913.0,43994.0,14353.0,16011.0,41860.0
2025-07-18_19:57:38,7968.0,11913.0,43994.0,13067.0,16011.0,41860.0
2025-07-18_19:57:38,10021.0,11913.0,43994.0,14243.0,16011.0,41860.0
2025-07-18_19:57:38,,,,,,
2025-07-18_19:57:42,6959.0,11913.0,43994.0,3792.0,16011.0,41860.0
2025-07-18_19:57:42,7999.0,11913.0,44005.0,13355.0,16011.0,41865.0
2025-07-18_19:57:43,,,,13046.0,16011.0,41865.0
2025-07-18_19:57:46,2778.0,11913.0,44005.0,12189.0,16011.0,41865.0
2025-07-18_19:57:47,,,,12061.0,16011.0,41865.0
2025-07-18_19:57:50,2778.0,11913.0,44005.0,12162.0,16011.0,41865.0
2025-07-18_19:57:51,8615.0,11913.0,44005.0,14126.0,16011.0,41865.0
2025-07-18_19:57:51,8519.0,11913.0,44005.0,13803.0,16011.0,41865.0
2025-07-18_19:57:51,,,,13812.0,16011.0,41865.0
2025-07-18_19:57:55,2778.0,11913.0,44005.0,12174.0,16011.0,41865.0
2025-07-18_19:57:55,8535.0,11913.0,44005.0,13802.0,16011.0,41865.0
2025-07-18_19:57:55,7953.0,11913.0,44005.0,13037.0,16011.0,41865.0
2025-07-18_19:57:56,8587.0,11913.0,44005.0,14315.0,16011.0,41865.0
2025-07-18_19:57:56,,,,,,
2025-07-18_19:58:00,6962.0,11913.0,44005.0,3792.0,16011.0,41865.0
2025-07-18_19:58:00,8017.0,11913.0,44005.0,13237.0,16011.0,41865.0
2025-07-18_19:58:00,,,,,,
2025-07-18_19:58:04,6959.0,11913.0,44005.0,3793.0,16011.0,41865.0
2025-07-18_19:58:04,,,,,,
2025-07-18_19:58:08,6956.0,11913.0,44005.0,3793.0,16011.0,41865.0
2025-07-18_19:58:08,,,,14291.0,16011.0,41865.0
2025-07-18_19:58:12,3302.0,11913.0,44005.0,12194.0,16011.0,41865.0
2025-07-18_19:58:12,,,,13276.0,16011.0,41865.0
2025-07-18_19:58:16,2778.0,11913.0,44005.0,12185.0,16011.0,41865.0
2025-07-18_19:58:16,8615.0,11913.0,44005.0,14194.0,16011.0,41865.0
2025-07-18_19:58:16,9968.0,11913.0,44005.0,13992.0,16011.0,41865.0
2025-07-18_19:58:17,,,,14101.0,16011.0,41865.0
2025-07-18_19:58:21,2778.0,11913.0,44005.0,12183.0,16011.0,41865.0
2025-07-18_19:58:21,8543.0,11913.0,44006.0,13934.0,16011.0,41865.0
2025-07-18_19:58:21,7983.0,11913.0,44006.0,13079.0,16011.0,41865.0
2025-07-18_19:58:21,8563.0,11913.0,44006.0,13657.0,16011.0,41865.0
2025-07-18_19:58:21,8607.0,11913.0,44006.0,14342.0,16011.0,41865.0
2025-07-18_19:58:22,7949.0,11913.0,44006.0,12903.0,16011.0,41865.0
2025-07-18_19:58:22,7955.0,11913.0,44006.0,13046.0,16011.0,41865.0
2025-07-18_19:58:22,,,,,,
2025-07-18_19:58:26,6962.0,11913.0,44006.0,3793.0,16011.0,41865.0
2025-07-18_19:58:26,,,,13774.0,16011.0,41865.0
2025-07-18_19:58:30,3302.0,11913.0,44006.0,12189.0,16011.0,41865.0
2025-07-18_19:58:30,8540.0,11913.0,44006.0,13809.0,16011.0,41865.0
2025-07-18_19:58:30,7969.0,11913.0,44006.0,13049.0,16011.0,41865.0
2025-07-18_19:58:31,8544.0,11913.0,44006.0,13780.0,16011.0,41865.0
2025-07-18_19:58:31,7995.0,11913.0,44006.0,12897.0,16011.0,41865.0
2025-07-18_19:58:31,,,,14232.0,16011.0,41865.0
2025-07-18_19:58:35,3304.0,11913.0,44006.0,12193.0,16011.0,41865.0
2025-07-18_19:58:35,8122.0,11913.0,44006.0,12830.0,16011.0,41865.0
2025-07-18_19:58:35,8590.0,11913.0,44006.0,14194.0,16011.0,41865.0
2025-07-18_19:58:35,8535.0,11913.0,44006.0,13798.0,16011.0,41865.0
2025-07-18_19:58:35,8017.0,11913.0,44006.0,13250.0,16011.0,41865.0
2025-07-18_19:58:36,8067.0,11913.0,44006.0,13042.0,16011.0,41865.0
2025-07-18_19:58:36,7977.0,11913.0,44006.0,13316.0,16011.0,41865.0
2025-07-18_19:58:36,9992.0,11913.0,44006.0,14040.0,16011.0,41865.0
2025-07-18_19:58:36,8510.0,11913.0,44006.0,13654.0,16011.0,41865.0
2025-07-18_19:58:37,10115.0,11913.0,44006.0,14054.0,16011.0,41865.0
2025-07-18_19:58:37,9742.0,11913.0,44006.0,13722.0,16011.0,41865.0
2025-07-18_19:58:37,8610.0,11913.0,44009.0,14100.0,16011.0,41865.0
2025-07-18_19:58:37,8581.0,11913.0,44009.0,13836.0,16011.0,41865.0
2025-07-18_19:58:37,8521.0,11913.0,44011.0,14004.0,16011.0,41865.0
2025-07-18_19:58:38,9471.0,11913.0,44011.0,14031.0,16011.0,41865.0
2025-07-18_19:58:38,8527.0,11913.0,44011.0,13271.0,16011.0,41865.0
2025-07-18_19:58:38,7959.0,11913.0,44011.0,13051.0,16011.0,41865.0
2025-07-18_19:58:38,,,,,,
2025-07-18_19:58:42,6965.0,11913.0,44011.0,3787.0,16011.0,41865.0
2025-07-18_19:58:42,7976.0,11913.0,44011.0,13076.0,16011.0,41865.0
2025-07-18_19:58:43,7954.0,11913.0,44011.0,12896.0,16011.0,41865.0
2025-07-18_19:58:43,8510.0,11913.0,44011.0,13049.0,16011.0,41865.0
2025-07-18_19:58:43,8614.0,11913.0,44011.0,14335.0,16011.0,41865.0
2025-07-18_19:58:43,10288.0,11913.0,44013.0,14396.0,16011.0,41866.0
2025-07-18_19:58:43,8531.0,11913.0,44013.0,13326.0,16011.0,41866.0
2025-07-18_19:58:44,9977.0,11913.0,44013.0,13995.0,16011.0,41866.0
2025-07-18_19:58:44,9698.0,11913.0,44014.0,13946.0,16011.0,41866.0
2025-07-18_19:58:44,7964.0,11913.0,44014.0,13051.0,16011.0,41866.0
2025-07-18_19:58:44,7982.0,11913.0,44014.0,13076.0,16011.0,41866.0
2025-07-18_19:58:45,8140.0,11913.0,44014.0,13266.0,16011.0,41866.0
2025-07-18_19:58:45,7968.0,11913.0,44014.0,13053.0,16011.0,41866.0
2025-07-18_19:58:45,,,,,,
2025-07-18_19:58:49,6960.0,11913.0,44014.0,3793.0,16011.0,41866.0
2025-07-18_19:58:49,7955.0,11914.0,44015.0,13349.0,16011.0,41866.0
2025-07-18_19:58:49,,,,14100.0,16011.0,41866.0
2025-07-18_19:58:53,3319.0,11914.0,44015.0,12192.0,16011.0,41866.0
2025-07-18_19:58:53,8571.0,11914.0,44015.0,14046.0,16011.0,41866.0
2025-07-18_19:58:53,7982.0,11914.0,44015.0,13259.0,16011.0,41866.0
2025-07-18_19:58:54,8661.0,11914.0,44015.0,13424.0,16011.0,41866.0
2025-07-18_19:58:54,9786.0,11914.0,44015.0,13795.0,16011.0,41866.0
2025-07-18_19:58:54,,,,,,
2025-07-18_19:58:58,6969.0,11914.0,44035.0,3793.0,16011.0,41866.0
2025-07-18_19:58:58,8567.0,11914.0,44035.0,14094.0,16011.0,41866.0
2025-07-18_19:58:58,8086.0,11914.0,44035.0,13227.0,16011.0,41866.0
2025-07-18_19:58:58,8633.0,11914.0,44035.0,14097.0,16011.0,41866.0
2025-07-18_19:58:59,8054.0,11914.0,44035.0,13298.0,16011.0,41866.0
2025-07-18_19:58:59,,,,,,
2025-07-18_19:59:03,,,,3792.0,16011.0,41866.0
2025-07-18_19:59:07,2780.0,11914.0,44035.0,12162.0,16011.0,41866.0
2025-07-18_19:59:07,7968.0,11914.0,44035.0,13080.0,16011.0,41866.0
2025-07-18_19:59:07,8549.0,11914.0,44035.0,13844.0,16011.0,41866.0
2025-07-18_19:59:07,8652.0,11914.0,44035.0,14202.0,16011.0,41866.0
2025-07-18_19:59:08,8118.0,11914.0,44035.0,13306.0,16011.0,41866.0
2025-07-18_19:59:08,8128.0,11914.0,44035.0,13261.0,16011.0,41866.0
2025-07-18_19:59:08,7969.0,11914.0,44035.0,13232.0,16011.0,41866.0
2025-07-18_19:59:08,10129.0,11914.0,44035.0,14255.0,16011.0,41866.0
2025-07-18_19:59:08,,,,13779.0,16011.0,41866.0
2025-07-18_19:59:12,3302.0,11914.0,44035.0,12170.0,16011.0,41866.0
2025-07-18_19:59:12,,,,13099.0,16011.0,41866.0
2025-07-18_19:59:16,2778.0,11914.0,44035.0,12187.0,16011.0,41866.0
2025-07-18_19:59:16,8603.0,11914.0,44035.0,14270.0,16011.0,41866.0
2025-07-18_19:59:17,10211.0,11914.0,44035.0,14303.0,16018.0,41873.0
2025-07-18_19:59:17,8521.0,11914.0,44035.0,14204.0,16018.0,41873.0
2025-07-18_19:59:17,8001.0,11914.0,44035.0,13051.0,16018.0,41873.0
2025-07-18_19:59:17,,,,,,
2025-07-18_19:59:21,6963.0,11914.0,44035.0,3793.0,16018.0,41873.0
2025-07-18_19:59:21,,,,,,
2025-07-18_19:59:25,,,,3776.0,16018.0,41873.0
2025-07-18_19:59:29,2778.0,11914.0,44035.0,12193.0,16018.0,41873.0
2025-07-18_19:59:29,9861.0,11914.0,44035.0,13961.0,16018.0,41873.0
2025-07-18_19:59:29,8601.0,11914.0,44035.0,14001.0,16018.0,41873.0
2025-07-18_19:59:30,10247.0,11914.0,44035.0,14258.0,16018.0,41873.0
2025-07-18_19:59:30,8524.0,11914.0,44035.0,13844.0,16018.0,41873.0
2025-07-18_19:59:30,8658.0,11914.0,44035.0,14126.0,16018.0,41873.0
2025-07-18_19:59:30,8611.0,11914.0,44035.0,13957.0,16018.0,41873.0
2025-07-18_19:59:31,8537.0,11914.0,44035.0,14115.0,16018.0,41873.0
2025-07-18_19:59:31,8674.0,11914.0,44035.0,14092.0,16018.0,41873.0
2025-07-18_19:59:31,,,,,,
2025-07-18_19:59:35,6968.0,11914.0,44035.0,3792.0,16018.0,41873.0
2025-07-18_19:59:35,8509.0,11914.0,44035.0,13734.0,16018.0,41876.0
2025-07-18_19:59:35,,,,13261.0,16018.0,41876.0
2025-07-18_19:59:39,2778.0,11914.0,44035.0,12195.0,16018.0,41876.0
2025-07-18_19:59:39,,,,,,
2025-07-18_19:59:43,6968.0,11914.0,44035.0,3793.0,16018.0,41876.0
2025-07-18_19:59:43,8126.0,11914.0,44035.0,13085.0,16018.0,41876.0
2025-07-18_19:59:44,8072.0,11914.0,44035.0,13255.0,16018.0,41876.0
2025-07-18_19:59:44,8528.0,11914.0,44035.0,13826.0,16018.0,41876.0
2025-07-18_19:59:44,8536.0,11914.0,44035.0,14093.0,16018.0,41876.0
2025-07-18_19:59:44,9830.0,11914.0,44035.0,14178.0,16018.0,41876.0
2025-07-18_19:59:45,7964.0,11914.0,44035.0,13093.0,16018.0,41876.0
2025-07-18_19:59:45,8539.0,11914.0,44035.0,13657.0,16018.0,41876.0
2025-07-18_19:59:45,,,,,,
2025-07-18_19:59:49,6962.0,11914.0,44035.0,3793.0,16018.0,41876.0
2025-07-18_19:59:49,7974.0,11914.0,44035.0,13055.0,16018.0,41876.0
2025-07-18_19:59:49,,,,,,
2025-07-18_19:59:53,6967.0,11914.0,44035.0,3792.0,16018.0,41876.0
2025-07-18_19:59:53,8113.0,11914.0,44035.0,12800.0,16018.0,41876.0
2025-07-18_19:59:54,,,,,,
2025-07-18_19:59:57,6956.0,11914.0,44035.0,3792.0,16018.0,41876.0
2025-07-18_19:59:58,7971.0,11914.0,44035.0,13233.0,16018.0,41876.0
2025-07-18_19:59:58,8535.0,11914.0,44035.0,13233.0,16018.0,41876.0
2025-07-18_19:59:58,10101.0,11914.0,44035.0,14248.0,16019.0,41878.0
2025-07-18_19:59:58,10071.0,11914.0,44039.0,14474.0,16019.0,41921.0
2025-07-18_19:59:59,8660.0,11914.0,44047.0,14301.0,16019.0,41924.0
2025-07-18_19:59:59,7970.0,11914.0,44047.0,13234.0,16019.0,41924.0
2025-07-18_19:59:59,8052.0,11914.0,44047.0,13088.0,16019.0,41924.0
2025-07-18_19:59:59,8933.0,11914.0,44047.0,13781.0,16019.0,41924.0
2025-07-18_19:59:59,8108.0,11914.0,44047.0,12850.0,16019.0,41924.0
2025-07-18_20:00:00,8594.0,11914.0,44047.0,14057.0,16019.0,41924.0
2025-07-18_20:00:00,8524.0,11914.0,44047.0,13220.0,16019.0,41924.0
2025-07-18_20:00:00,9464.0,11914.0,44048.0,13979.0,16019.0,41924.0
2025-07-18_20:00:00,,,,,,
2025-07-18_20:00:04,,,,3792.0,16019.0,41924.0
2025-07-18_20:00:08,2778.0,11914.0,44048.0,12185.0,16019.0,41924.0
2025-07-18_20:00:08,7970.0,11914.0,44048.0,13055.0,16019.0,41924.0
2025-07-18_20:00:09,7963.0,11914.0,44048.0,13050.0,16019.0,41924.0
2025-07-18_20:00:09,,,,,,
2025-07-18_20:00:13,6964.0,11914.0,44048.0,3792.0,16019.0,41924.0
2025-07-18_20:00:13,9994.0,11914.0,44048.0,13962.0,16019.0,41924.0
2025-07-18_20:00:13,,,,14468.0,16019.0,41924.0
2025-07-18_20:00:17,3375.0,11914.0,44048.0,12183.0,16019.0,41924.0
2025-07-18_20:00:17,8525.0,11914.0,44048.0,12852.0,16019.0,41924.0
2025-07-18_20:00:17,7969.0,11914.0,44048.0,13263.0,16019.0,41924.0
2025-07-18_20:00:17,8517.0,11914.0,44048.0,13605.0,16019.0,41924.0
2025-07-18_20:00:17,8128.0,11914.0,44048.0,13040.0,16019.0,41924.0
2025-07-18_20:00:18,7970.0,11914.0,44055.0,13088.0,16019.0,41924.0
2025-07-18_20:00:18,8551.0,11914.0,44055.0,14089.0,16019.0,41924.0
2025-07-18_20:00:18,8567.0,11914.0,44055.0,14264.0,16019.0,41926.0
2025-07-18_20:00:18,,,,13792.0,16019.0,41926.0
2025-07-18_20:00:22,2778.0,11914.0,44055.0,12191.0,16019.0,41926.0
2025-07-18_20:00:22,,,,,,
2025-07-18_20:00:26,6969.0,11914.0,44055.0,3792.0,16019.0,41926.0
2025-07-18_20:00:26,8598.0,11914.0,44055.0,13429.0,16019.0,41926.0
2025-07-18_20:00:27,8549.0,11914.0,44055.0,14129.0,16019.0,41926.0
2025-07-18_20:00:27,7980.0,11914.0,44055.0,13046.0,16019.0,41926.0
2025-07-18_20:00:27,8135.0,11914.0,44055.0,13511.0,16019.0,41926.0
2025-07-18_20:00:27,9700.0,11914.0,44055.0,14066.0,16019.0,41926.0
2025-07-18_20:00:28,,,,,,
2025-07-18_20:00:31,6963.0,11914.0,44055.0,3793.0,16019.0,41926.0
2025-07-18_20:00:32,8661.0,11914.0,44055.0,14358.0,16019.0,41926.0
2025-07-18_20:00:32,,,,,,
2025-07-18_20:00:36,6968.0,11914.0,44055.0,3786.0,16019.0,41926.0
2025-07-18_20:00:36,9683.0,11914.0,44055.0,13944.0,16019.0,41926.0
2025-07-18_20:00:36,9238.0,11914.0,44055.0,14156.0,16019.0,41926.0
2025-07-18_20:00:36,8643.0,11914.0,44055.0,14120.0,16019.0,41926.0
2025-07-18_20:00:36,7981.0,11914.0,44055.0,13047.0,16019.0,41926.0
2025-07-18_20:00:37,8109.0,11914.0,44055.0,13081.0,16019.0,41926.0
2025-07-18_20:00:37,,,,12681.0,16019.0,41926.0
2025-07-18_20:00:41,2778.0,11914.0,44055.0,12185.0,16019.0,41926.0
2025-07-18_20:00:41,10019.0,11914.0,44055.0,14194.0,16019.0,41926.0
2025-07-18_20:00:41,9681.0,11914.0,44055.0,13978.0,16019.0,41926.0
2025-07-18_20:00:41,8581.0,11914.0,44055.0,14103.0,16019.0,41926.0
2025-07-18_20:00:42,8531.0,11914.0,44055.0,13813.0,16019.0,41926.0
2025-07-18_20:00:42,,,,,,
2025-07-18_20:00:46,6969.0,11914.0,44055.0,3792.0,16019.0,41926.0
2025-07-18_20:00:46,8593.0,11914.0,44055.0,13659.0,16019.0,41926.0
2025-07-18_20:00:46,8070.0,11914.0,44055.0,13263.0,16019.0,41926.0
2025-07-18_20:00:46,8080.0,11914.0,44055.0,13099.0,16019.0,41926.0
2025-07-18_20:00:47,7987.0,11914.0,44055.0,13229.0,16019.0,41926.0
2025-07-18_20:00:47,8544.0,11914.0,44055.0,14088.0,16019.0,41926.0
2025-07-18_20:00:47,8138.0,11914.0,44055.0,13342.0,16019.0,41926.0
2025-07-18_20:00:47,8125.0,11914.0,44055.0,13083.0,16019.0,41926.0
2025-07-18_20:00:48,7975.0,11914.0,44055.0,13042.0,16019.0,41926.0
2025-07-18_20:00:48,8515.0,11914.0,44055.0,13794.0,16019.0,41926.0
2025-07-18_20:00:48,10018.0,11914.0,44055.0,14023.0,16019.0,41926.0
2025-07-18_20:00:48,8127.0,11914.0,44055.0,13052.0,16019.0,41926.0
2025-07-18_20:00:49,8531.0,11914.0,44055.0,14102.0,16019.0,41926.0
2025-07-18_20:00:49,8088.0,11914.0,44055.0,13268.0,16019.0,41926.0
2025-07-18_20:00:49,,,,,,
2025-07-18_20:00:53,6967.0,11914.0,44055.0,3796.0,16019.0,41926.0
2025-07-18_20:00:53,8530.0,11914.0,44055.0,13819.0,16019.0,41926.0
2025-07-18_20:00:53,8600.0,11914.0,44055.0,14090.0,16019.0,41926.0
2025-07-18_20:00:54,9721.0,11914.0,44055.0,14245.0,16019.0,41926.0
2025-07-18_20:00:54,7988.0,11914.0,44055.0,13076.0,16019.0,41926.0
2025-07-18_20:00:54,10380.0,11914.0,44068.0,14354.0,16019.0,41926.0
2025-07-18_20:00:54,,,,13107.0,16019.0,41926.0
2025-07-18_20:00:58,2778.0,11914.0,44068.0,12199.0,16019.0,41926.0
2025-07-18_20:00:58,8603.0,11914.0,44068.0,13983.0,16019.0,41926.0
2025-07-18_20:00:58,9904.0,11914.0,44068.0,14066.0,16019.0,41926.0
2025-07-18_20:00:59,9247.0,11914.0,44068.0,13765.0,16019.0,41926.0
2025-07-18_20:00:59,7976.0,11914.0,44068.0,13053.0,16019.0,41926.0
2025-07-18_20:00:59,,,,14059.0,16019.0,41926.0
2025-07-18_20:01:03,2778.0,11914.0,44068.0,12185.0,16019.0,41926.0
2025-07-18_20:01:03,8082.0,11914.0,44068.0,13247.0,16019.0,41926.0
2025-07-18_20:01:03,8636.0,11914.0,44068.0,14190.0,16019.0,41926.0
2025-07-18_20:01:04,10135.0,11914.0,44068.0,14335.0,16019.0,41926.0
2025-07-18_20:01:04,9992.0,11914.0,44068.0,14234.0,16019.0,41926.0
2025-07-18_20:01:04,,,,,,
2025-07-18_20:01:08,6965.0,11914.0,44068.0,3793.0,16019.0,41926.0
2025-07-18_20:01:08,8581.0,11914.0,44068.0,14105.0,16019.0,41926.0
2025-07-18_20:01:08,8611.0,11914.0,44068.0,14459.0,16019.0,41926.0
2025-07-18_20:01:08,10404.0,11914.0,44068.0,14386.0,16019.0,41926.0
2025-07-18_20:01:09,9053.0,11914.0,44068.0,14026.0,16019.0,41926.0
2025-07-18_20:01:09,,,,,,
2025-07-18_20:01:13,6964.0,11914.0,44068.0,3795.0,16019.0,41926.0
2025-07-18_20:01:13,,,,,,
2025-07-18_20:01:17,6971.0,11914.0,44068.0,3794.0,16019.0,41926.0
2025-07-18_20:01:17,,,,14355.0,16019.0,42011.0
2025-07-18_20:01:21,2778.0,11914.0,44068.0,12184.0,16019.0,42011.0
2025-07-18_20:01:21,7970.0,11914.0,44068.0,12852.0,16019.0,42011.0
2025-07-18_20:01:21,,,,14069.0,16019.0,42012.0
2025-07-18_20:01:25,3304.0,11914.0,44068.0,12188.0,16019.0,42012.0
2025-07-18_20:01:25,10328.0,11914.0,44088.0,14375.0,16019.0,42012.0
2025-07-18_20:01:25,8113.0,11914.0,44088.0,13272.0,16019.0,42012.0
2025-07-18_20:01:26,7977.0,11915.0,44089.0,12799.0,16019.0,42012.0
2025-07-18_20:01:26,,,,,,
2025-07-18_20:01:30,6964.0,11915.0,44089.0,3794.0,16019.0,42012.0
2025-07-18_20:01:30,8510.0,11915.0,44089.0,13799.0,16019.0,42012.0
2025-07-18_20:01:30,9978.0,11915.0,44089.0,13807.0,16019.0,42012.0
2025-07-18_20:01:30,8732.0,11915.0,44089.0,13875.0,16019.0,42012.0
2025-07-18_20:01:31,10074.0,11915.0,44089.0,14549.0,16019.0,42012.0
2025-07-18_20:01:31,8624.0,11915.0,44089.0,14132.0,16019.0,42012.0
2025-07-18_20:01:31,7972.0,11915.0,44089.0,13230.0,16019.0,42012.0
2025-07-18_20:01:31,9874.0,11915.0,44089.0,14009.0,16019.0,42012.0
2025-07-18_20:01:32,7984.0,11915.0,44092.0,13265.0,16019.0,42012.0
2025-07-18_20:01:32,8084.0,11915.0,44092.0,13481.0,16019.0,42012.0
2025-07-18_20:01:32,8998.0,11915.0,44092.0,13987.0,16019.0,42012.0
2025-07-18_20:01:32,7981.0,11915.0,44092.0,13343.0,16019.0,42012.0
2025-07-18_20:01:33,7956.0,11915.0,44092.0,13044.0,16019.0,42012.0
2025-07-18_20:01:33,8499.0,11915.0,44092.0,13668.0,16019.0,42012.0
2025-07-18_20:01:33,8613.0,11915.0,44092.0,13837.0,16019.0,42012.0
2025-07-18_20:01:33,,,,,,
2025-07-18_20:01:37,6959.0,11915.0,44092.0,3792.0,16019.0,42012.0
2025-07-18_20:01:37,8080.0,11915.0,44092.0,13092.0,16019.0,42012.0
2025-07-18_20:01:37,8557.0,11915.0,44092.0,13825.0,16019.0,42012.0
2025-07-18_20:01:38,7976.0,11915.0,44092.0,13042.0,16019.0,42012.0
2025-07-18_20:01:38,9930.0,11915.0,44092.0,14047.0,16019.0,42012.0
2025-07-18_20:01:38,8956.0,11915.0,44092.0,13933.0,16019.0,42012.0
2025-07-18_20:01:38,,,,13790.0,16019.0,42012.0
2025-07-18_20:01:42,3302.0,11915.0,44092.0,12189.0,16019.0,42012.0
2025-07-18_20:01:42,10066.0,11915.0,44092.0,14538.0,16019.0,42012.0
2025-07-18_20:01:42,8661.0,11915.0,44092.0,13850.0,16019.0,42012.0
2025-07-18_20:01:43,9055.0,11915.0,44092.0,13990.0,16019.0,42012.0
2025-07-18_20:01:43,8520.0,11915.0,44092.0,13259.0,16019.0,42012.0
2025-07-18_20:01:43,8562.0,11915.0,44092.0,14040.0,16019.0,42012.0
2025-07-18_20:01:43,8624.0,11915.0,44092.0,14125.0,16019.0,42012.0
2025-07-18_20:01:44,9837.0,11915.0,44092.0,13997.0,16019.0,42012.0
2025-07-18_20:01:44,,,,,,
2025-07-18_20:01:48,6980.0,11915.0,44092.0,3793.0,16019.0,42012.0
2025-07-18_20:01:48,9766.0,11915.0,44092.0,13681.0,16019.0,42012.0
2025-07-18_20:01:48,8580.0,11915.0,44092.0,13917.0,16019.0,42012.0
2025-07-18_20:01:48,,,,,,
2025-07-18_20:01:52,6965.0,11915.0,44092.0,3793.0,16019.0,42012.0
2025-07-18_20:01:52,7974.0,11915.0,44092.0,13084.0,16019.0,42012.0
2025-07-18_20:01:53,10012.0,11915.0,44092.0,14193.0,16019.0,42012.0
2025-07-18_20:01:53,9468.0,11915.0,44092.0,14218.0,16019.0,42012.0
2025-07-18_20:01:53,8556.0,11915.0,44092.0,13840.0,16019.0,42012.0
2025-07-18_20:01:53,7970.0,11915.0,44092.0,13226.0,16019.0,42012.0
2025-07-18_20:01:53,7956.0,11915.0,44092.0,13074.0,16019.0,42012.0
2025-07-18_20:01:54,,,,,,
2025-07-18_20:01:57,6957.0,11915.0,44092.0,3793.0,16019.0,42012.0
2025-07-18_20:01:58,,,,13792.0,16019.0,42012.0
2025-07-18_20:02:01,3302.0,11915.0,44092.0,12187.0,16019.0,42012.0
2025-07-18_20:02:02,8134.0,11915.0,44093.0,13254.0,16019.0,42012.0
2025-07-18_20:02:02,,,,,,
2025-07-18_20:02:06,6969.0,11915.0,44093.0,3792.0,16019.0,42012.0
2025-07-18_20:02:06,,,,14388.0,16019.0,42012.0
2025-07-18_20:02:10,2778.0,11915.0,44093.0,12161.0,16019.0,42012.0
2025-07-18_20:02:10,7968.0,11915.0,44093.0,13054.0,16019.0,42012.0
2025-07-18_20:02:10,8492.0,11915.0,44093.0,13802.0,16019.0,42012.0
2025-07-18_20:02:10,,,,13801.0,16019.0,42012.0
2025-07-18_20:02:14,3302.0,11915.0,44093.0,12198.0,16019.0,42012.0
2025-07-18_20:02:14,8539.0,11915.0,44093.0,13870.0,16019.0,42012.0
2025-07-18_20:02:15,10085.0,11915.0,44093.0,14415.0,16019.0,42012.0
2025-07-18_20:02:15,8530.0,11915.0,44093.0,13882.0,16019.0,42012.0
2025-07-18_20:02:15,9785.0,11915.0,44093.0,14495.0,16019.0,42012.0
2025-07-18_20:02:15,8563.0,11915.0,44093.0,13945.0,16019.0,42012.0
2025-07-18_20:02:16,7960.0,11915.0,44093.0,13054.0,16019.0,42012.0
2025-07-18_20:02:16,8000.0,11915.0,44093.0,13233.0,16019.0,42012.0
2025-07-18_20:02:16,8596.0,11915.0,44093.0,14101.0,16019.0,42012.0
2025-07-18_20:02:16,9913.0,11915.0,44093.0,14476.0,16019.0,42012.0
2025-07-18_20:02:16,8666.0,11915.0,44093.0,14082.0,16019.0,42012.0
2025-07-18_20:02:17,8655.0,11915.0,44093.0,14122.0,16019.0,42012.0
2025-07-18_20:02:17,8632.0,11915.0,44093.0,13904.0,16019.0,42012.0
2025-07-18_20:02:17,8134.0,11915.0,44093.0,12896.0,16019.0,42012.0
2025-07-18_20:02:17,8075.0,11915.0,44093.0,13255.0,16019.0,42012.0
2025-07-18_20:02:18,8642.0,11915.0,44093.0,14099.0,16019.0,42012.0
2025-07-18_20:02:18,8554.0,11915.0,44093.0,13815.0,16019.0,42012.0
2025-07-18_20:02:18,10352.0,11915.0,44093.0,14505.0,16019.0,42012.0
2025-07-18_20:02:18,8514.0,11915.0,44095.0,13257.0,16019.0,42012.0
2025-07-18_20:02:18,7992.0,11915.0,44095.0,13264.0,16019.0,42012.0
2025-07-18_20:02:19,8535.0,11915.0,44095.0,13804.0,16019.0,42012.0
2025-07-18_20:02:19,8630.0,11915.0,44095.0,14094.0,16019.0,42012.0
2025-07-18_20:02:19,9902.0,11915.0,44095.0,14127.0,16019.0,42012.0
2025-07-18_20:02:19,9521.0,11915.0,44095.0,14242.0,16019.0,42012.0
2025-07-18_20:02:20,10393.0,11915.0,44095.0,14680.0,16019.0,42012.0
2025-07-18_20:02:20,8615.0,11915.0,44095.0,14060.0,16019.0,42012.0
2025-07-18_20:02:20,,,,13793.0,16019.0,42012.0
2025-07-18_20:02:24,3375.0,11915.0,44095.0,12160.0,16019.0,42012.0
2025-07-18_20:02:24,8569.0,11915.0,44095.0,13963.0,16019.0,42033.0
2025-07-18_20:02:24,7969.0,11915.0,44095.0,13225.0,16019.0,42033.0
2025-07-18_20:02:24,8510.0,11915.0,44095.0,13793.0,16019.0,42033.0
2025-07-18_20:02:25,8125.0,11915.0,44095.0,13051.0,16019.0,42033.0
2025-07-18_20:02:25,10447.0,11915.0,44096.0,14353.0,16019.0,42033.0
2025-07-18_20:02:25,9872.0,11915.0,44096.0,14043.0,16019.0,42033.0
2025-07-18_20:02:25,8566.0,11915.0,44096.0,14229.0,16019.0,42033.0
2025-07-18_20:02:26,8543.0,11915.0,44096.0,13804.0,16019.0,42033.0
2025-07-18_20:02:26,8545.0,11915.0,44096.0,14098.0,16019.0,42033.0
2025-07-18_20:02:26,,,,14181.0,16019.0,42033.0
2025-07-18_20:02:30,3319.0,11915.0,44096.0,12190.0,16019.0,42033.0
2025-07-18_20:02:30,8658.0,11915.0,44096.0,14204.0,16019.0,42033.0
2025-07-18_20:02:30,8629.0,11915.0,44096.0,13924.0,16019.0,42033.0
2025-07-18_20:02:30,10119.0,11915.0,44096.0,14554.0,16019.0,42033.0
2025-07-18_20:02:31,9711.0,11915.0,44096.0,14313.0,16019.0,42033.0
2025-07-18_20:02:31,9197.0,11915.0,44096.0,13793.0,16019.0,42033.0
2025-07-18_20:02:31,,,,,,
2025-07-18_20:02:35,6976.0,11915.0,44096.0,3793.0,16019.0,42033.0
2025-07-18_20:02:35,,,,14528.0,16019.0,42033.0
2025-07-18_20:02:39,3302.0,11915.0,44096.0,12183.0,16019.0,42033.0
2025-07-18_20:02:39,10376.0,11916.0,44097.0,14457.0,16019.0,42033.0
2025-07-18_20:02:39,9120.0,11916.0,44097.0,14117.0,16019.0,42033.0
2025-07-18_20:02:39,9743.0,11916.0,44097.0,13964.0,16019.0,42033.0
2025-07-18_20:02:40,7993.0,11916.0,44097.0,13074.0,16019.0,42033.0
2025-07-18_20:02:40,,,,,,
2025-07-18_20:02:44,6957.0,11916.0,44097.0,3794.0,16019.0,42033.0
2025-07-18_20:02:44,,,,,,
2025-07-18_20:02:48,6967.0,11916.0,44097.0,3792.0,16019.0,42033.0
2025-07-18_20:02:48,9199.0,11916.0,44097.0,13870.0,16019.0,42033.0
2025-07-18_20:02:48,,,,13825.0,16019.0,42033.0
2025-07-18_20:02:52,3319.0,11916.0,44097.0,12184.0,16019.0,42033.0
2025-07-18_20:02:52,8515.0,11916.0,44097.0,13661.0,16019.0,42033.0
2025-07-18_20:02:52,8341.0,11916.0,44097.0,13774.0,16019.0,42033.0
2025-07-18_20:02:53,9722.0,11916.0,44097.0,14120.0,16019.0,42033.0
2025-07-18_20:02:53,,,,13995.0,16019.0,42033.0
2025-07-18_20:02:56,3319.0,11916.0,44097.0,12151.0,16019.0,42033.0
2025-07-18_20:02:57,,,,13274.0,16019.0,42033.0
2025-07-18_20:03:01,2778.0,11916.0,44097.0,12167.0,16019.0,42033.0
2025-07-18_20:03:01,8119.0,11916.0,44097.0,13053.0,16019.0,42033.0
2025-07-18_20:03:01,8610.0,11916.0,44097.0,14289.0,16019.0,42033.0
2025-07-18_20:03:01,10094.0,11916.0,44097.0,14013.0,16019.0,42033.0
2025-07-18_20:03:05,2778.0,11916.0,44097.0,12192.0,16019.0,42033.0
2025-07-18_20:03:05,,,,13795.0,16019.0,42033.0
2025-07-18_20:03:09,3319.0,11916.0,44097.0,12198.0,16019.0,42033.0
2025-07-18_20:03:09,8549.0,11916.0,44097.0,13803.0,16019.0,42033.0
2025-07-18_20:03:10,9890.0,11916.0,44097.0,14131.0,16019.0,42033.0
2025-07-18_20:03:10,,,,13766.0,16019.0,42033.0
2025-07-18_20:03:14,3321.0,11916.0,44097.0,12187.0,16019.0,42033.0
2025-07-18_20:03:14,8632.0,11916.0,44097.0,14167.0,16019.0,42033.0
2025-07-18_20:03:14,9880.0,11916.0,44097.0,13960.0,16019.0,42033.0
2025-07-18_20:03:14,9621.0,11916.0,44097.0,13977.0,16019.0,42033.0
2025-07-18_20:03:14,10501.0,11916.0,44097.0,14414.0,16019.0,42033.0
2025-07-18_20:03:15,,,,,,
2025-07-18_20:03:18,6963.0,11916.0,44097.0,3787.0,16019.0,42033.0
2025-07-18_20:03:19,8549.0,11916.0,44097.0,13246.0,16019.0,42033.0
2025-07-18_20:03:19,8605.0,11916.0,44097.0,14071.0,16019.0,42033.0
2025-07-18_20:03:19,8577.0,11916.0,44097.0,14014.0,16019.0,42033.0
2025-07-18_20:03:19,9555.0,11916.0,44097.0,14149.0,16019.0,42033.0
2025-07-18_20:03:20,10334.0,11916.0,44097.0,14379.0,16019.0,42033.0
2025-07-18_20:03:20,8942.0,11916.0,44097.0,13780.0,16019.0,42033.0
2025-07-18_20:03:20,8551.0,11916.0,44097.0,13910.0,16019.0,42033.0
2025-07-18_20:03:20,8333.0,11916.0,44097.0,14101.0,16019.0,42033.0
2025-07-18_20:03:20,8077.0,11916.0,44097.0,13269.0,16019.0,42033.0
2025-07-18_20:03:21,,,,13904.0,16019.0,42033.0
2025-07-18_20:03:24,3319.0,11916.0,44097.0,12161.0,16019.0,42033.0
2025-07-18_20:03:24,,,,,,
2025-07-18_20:03:28,6964.0,11916.0,44097.0,3793.0,16019.0,42033.0
2025-07-18_20:03:29,7918.0,11916.0,44097.0,13221.0,16019.0,42033.0
2025-07-18_20:03:29,,,,,,
2025-07-18_20:03:33,6961.0,11916.0,44097.0,3786.0,16019.0,42033.0
2025-07-18_20:03:33,,,,13271.0,16019.0,42033.0
2025-07-18_20:03:37,2778.0,11916.0,44097.0,12191.0,16019.0,42033.0
2025-07-18_20:03:37,8540.0,11916.0,44097.0,13788.0,16019.0,42033.0
2025-07-18_20:03:37,8551.0,11916.0,44098.0,13941.0,16019.0,42033.0
2025-07-18_20:03:37,8524.0,11916.0,44098.0,13836.0,16019.0,42033.0
2025-07-18_20:03:38,8682.0,11916.0,44098.0,13885.0,16019.0,42033.0
2025-07-18_20:03:38,10541.0,11916.0,44098.0,14617.0,16019.0,42033.0
2025-07-18_20:03:38,,,,14226.0,16019.0,42035.0
2025-07-18_20:03:42,2778.0,11916.0,44098.0,12167.0,16019.0,42035.0
2025-07-18_20:03:42,8528.0,11916.0,44098.0,13843.0,16019.0,42035.0
2025-07-18_20:03:42,8542.0,11916.0,44098.0,13839.0,16019.0,42035.0
2025-07-18_20:03:43,7981.0,11916.0,44098.0,13486.0,16019.0,42035.0
2025-07-18_20:03:43,8617.0,11916.0,44098.0,14180.0,16019.0,42035.0
2025-07-18_20:03:43,,,,,,
2025-07-18_20:03:47,6964.0,11916.0,44098.0,3793.0,16019.0,42035.0
2025-07-18_20:03:47,8800.0,11916.0,44098.0,14383.0,16019.0,42035.0
2025-07-18_20:03:47,,,,14318.0,16019.0,42035.0
2025-07-18_20:03:51,3358.0,11916.0,44098.0,12195.0,16019.0,42035.0
2025-07-18_20:03:51,9477.0,11916.0,44098.0,14388.0,16019.0,42035.0
2025-07-18_20:03:51,9480.0,11916.0,44098.0,14351.0,16019.0,42035.0
2025-07-18_20:03:52,9964.0,11916.0,44098.0,14190.0,16019.0,42035.0
2025-07-18_20:03:52,,,,13979.0,16019.0,42035.0
2025-07-18_20:03:56,3319.0,11916.0,44098.0,12185.0,16019.0,42035.0
2025-07-18_20:03:56,9978.0,11916.0,44104.0,14144.0,16019.0,42035.0
2025-07-18_20:03:56,8516.0,11916.0,44104.0,13143.0,16019.0,42035.0
2025-07-18_20:03:56,9709.0,11916.0,44104.0,13992.0,16019.0,42035.0
2025-07-18_20:03:56,10804.0,11916.0,44104.0,15036.0,16019.0,42058.0
2025-07-18_20:03:57,8586.0,11916.0,44104.0,14453.0,16019.0,42058.0
2025-07-18_20:03:57,9077.0,11916.0,44104.0,13551.0,16019.0,42058.0
2025-07-18_20:03:57,8708.0,11916.0,44104.0,14105.0,16019.0,42058.0
2025-07-18_20:03:57,9977.0,11916.0,44104.0,14532.0,16019.0,42058.0
2025-07-18_20:03:58,9151.0,11916.0,44104.0,13784.0,16019.0,42058.0
2025-07-18_20:03:58,8752.0,11916.0,44104.0,13902.0,16019.0,42058.0
2025-07-18_20:03:58,8597.0,11916.0,44104.0,14033.0,16019.0,42058.0
2025-07-18_20:03:58,,,,,,
2025-07-18_20:04:02,6963.0,11916.0,44104.0,3792.0,16019.0,42058.0
2025-07-18_20:04:02,9254.0,11916.0,44104.0,13818.0,16019.0,42058.0
2025-07-18_20:04:02,8140.0,11916.0,44104.0,13260.0,16019.0,42058.0
2025-07-18_20:04:03,8670.0,11916.0,44104.0,13825.0,16019.0,42058.0
2025-07-18_20:04:03,10076.0,11916.0,44104.0,14309.0,16019.0,42058.0
2025-07-18_20:04:03,9821.0,11916.0,44104.0,13988.0,16019.0,42058.0
2025-07-18_20:04:03,9973.0,11916.0,44116.0,13997.0,16019.0,42058.0
2025-07-18_20:04:04,10330.0,11916.0,44116.0,14146.0,16019.0,42065.0
2025-07-18_20:04:04,8579.0,11916.0,44117.0,13942.0,16019.0,42065.0
2025-07-18_20:04:04,8670.0,11916.0,44117.0,14217.0,16019.0,42065.0
2025-07-18_20:04:04,7984.0,11916.0,44117.0,13273.0,16019.0,42065.0
2025-07-18_20:04:04,9974.0,11916.0,44117.0,14165.0,16019.0,42065.0
2025-07-18_20:04:05,9984.0,11916.0,44117.0,14114.0,16019.0,42065.0
2025-07-18_20:04:05,8517.0,11916.0,44117.0,13795.0,16019.0,42065.0
2025-07-18_20:04:05,9941.0,11916.0,44117.0,14136.0,16019.0,42065.0
2025-07-18_20:04:05,8661.0,11916.0,44120.0,14363.0,16019.0,42065.0
2025-07-18_20:04:06,10037.0,11916.0,44120.0,14708.0,16019.0,42065.0
2025-07-18_20:04:06,,,,14065.0,16019.0,42065.0
2025-07-18_20:04:09,3302.0,11916.0,44120.0,12185.0,16019.0,42065.0
2025-07-18_20:04:10,7950.0,11916.0,44120.0,13051.0,16019.0,42065.0
2025-07-18_20:04:10,10023.0,11916.0,44120.0,14251.0,16019.0,42065.0
2025-07-18_20:04:10,,,,14324.0,16019.0,42065.0
2025-07-18_20:04:14,3375.0,11916.0,44120.0,12182.0,16019.0,42065.0
2025-07-18_20:04:14,,,,,,
2025-07-18_20:04:18,6963.0,11916.0,44120.0,3793.0,16019.0,42065.0
2025-07-18_20:04:18,8547.0,11916.0,44120.0,13891.0,16019.0,42065.0
2025-07-18_20:04:18,9710.0,11916.0,44120.0,13962.0,16019.0,42065.0
2025-07-18_20:04:19,,,,13986.0,16019.0,42065.0
2025-07-18_20:04:22,3302.0,11916.0,44120.0,12193.0,16019.0,42065.0
2025-07-18_20:04:23,,,,14126.0,16019.0,42065.0
2025-07-18_20:04:26,2778.0,11916.0,44120.0,12191.0,16019.0,42065.0
2025-07-18_20:04:27,,,,,,
2025-07-18_20:04:31,2778.0,11916.0,44120.0,3776.0,16019.0,42065.0
2025-07-18_20:04:31,10580.0,11916.0,44120.0,15083.0,16019.0,42066.0
2025-07-18_20:04:31,,,,,,
2025-07-18_20:04:35,6964.0,11916.0,44120.0,3787.0,16019.0,42066.0
2025-07-18_20:04:35,8595.0,11916.0,44120.0,14362.0,16019.0,42066.0
2025-07-18_20:04:36,10156.0,11916.0,44120.0,14356.0,16019.0,42066.0
2025-07-18_20:04:36,9341.0,11916.0,44120.0,14050.0,16019.0,42066.0
2025-07-18_20:04:36,,,,12053.0,16019.0,42066.0
2025-07-18_20:04:40,2778.0,11916.0,44120.0,12191.0,16019.0,42066.0
2025-07-18_20:04:40,8679.0,11916.0,44122.0,14058.0,16019.0,42077.0
2025-07-18_20:04:41,,,,14209.0,16019.0,42077.0
2025-07-18_20:04:44,3302.0,11916.0,44122.0,12199.0,16019.0,42077.0
2025-07-18_20:04:44,8636.0,11916.0,44123.0,13974.0,16019.0,42077.0
2025-07-18_20:04:45,,,,14306.0,16019.0,42077.0
2025-07-18_20:04:49,2780.0,11916.0,44123.0,12191.0,16019.0,42077.0
2025-07-18_20:04:49,10174.0,11916.0,44123.0,14053.0,16019.0,42077.0
2025-07-18_20:04:49,9791.0,11916.0,44123.0,13975.0,16019.0,42077.0
2025-07-18_20:04:49,9978.0,11916.0,44123.0,14244.0,16019.0,42077.0
2025-07-18_20:04:49,10098.0,11916.0,44123.0,14631.0,16019.0,42077.0
2025-07-18_20:04:50,8625.0,11916.0,44123.0,14095.0,16019.0,42077.0
2025-07-18_20:04:50,8651.0,11916.0,44123.0,14100.0,16019.0,42077.0
2025-07-18_20:04:50,10559.0,11916.0,44123.0,14098.0,16022.0,42117.0
2025-07-18_20:04:50,,,,,,
2025-07-18_20:04:54,6976.0,11916.0,44123.0,3792.0,16022.0,42117.0
2025-07-18_20:04:54,9974.0,11916.0,44123.0,13996.0,16022.0,42117.0
2025-07-18_20:04:55,,,,,,
2025-07-18_20:04:58,6970.0,11916.0,44123.0,3793.0,16022.0,42117.0
2025-07-18_20:04:59,10144.0,11916.0,44123.0,14056.0,16022.0,42117.0
2025-07-18_20:04:59,8960.0,11916.0,44123.0,14004.0,16022.0,42117.0
2025-07-18_20:04:59,10146.0,11916.0,44123.0,14130.0,16022.0,42117.0
2025-07-18_20:04:59,8629.0,11916.0,44123.0,14119.0,16022.0,42117.0
2025-07-18_20:05:00,8534.0,11916.0,44123.0,13817.0,16022.0,42117.0
2025-07-18_20:05:00,8675.0,11916.0,44123.0,14134.0,16022.0,42117.0
2025-07-18_20:05:00,10126.0,11916.0,44124.0,14023.0,16022.0,42117.0
2025-07-18_20:05:00,8526.0,11916.0,44124.0,13951.0,16022.0,42117.0
2025-07-18_20:05:01,,,,,,
2025-07-18_20:05:04,6971.0,11916.0,44124.0,3793.0,16022.0,42117.0
2025-07-18_20:05:05,8520.0,11916.0,44124.0,14121.0,16022.0,42117.0
2025-07-18_20:05:05,10021.0,11916.0,44124.0,14579.0,16022.0,42117.0
2025-07-18_20:05:05,7970.0,11916.0,44124.0,13267.0,16022.0,42117.0
2025-07-18_20:05:05,8032.0,11916.0,44124.0,13228.0,16022.0,42117.0
2025-07-18_20:05:05,,,,,,
2025-07-18_20:05:10,2778.0,11916.0,44124.0,3776.0,16022.0,42117.0
2025-07-18_20:05:10,10453.0,11916.0,44124.0,13928.0,16022.0,42117.0
2025-07-18_20:05:10,8537.0,11916.0,44124.0,13914.0,16022.0,42117.0
2025-07-18_20:05:11,9738.0,11916.0,44125.0,14010.0,16022.0,42117.0
2025-07-18_20:05:11,9881.0,11916.0,44125.0,14235.0,16022.0,42117.0
2025-07-18_20:05:11,9789.0,11916.0,44125.0,14241.0,16022.0,42117.0
2025-07-18_20:05:11,,,,,,
2025-07-18_20:05:15,6964.0,11916.0,44125.0,3793.0,16022.0,42117.0
2025-07-18_20:05:15,10112.0,11916.0,44125.0,14314.0,16022.0,42117.0
2025-07-18_20:05:15,8540.0,11916.0,44125.0,13926.0,16022.0,42117.0
2025-07-18_20:05:16,,,,,,
2025-07-18_20:05:20,6965.0,11916.0,44125.0,3787.0,16022.0,42117.0
2025-07-18_20:05:20,,,,,,
2025-07-18_20:05:24,6966.0,11916.0,44125.0,3793.0,16022.0,42117.0
2025-07-18_20:05:24,8615.0,11916.0,44125.0,14080.0,16022.0,42117.0
2025-07-18_20:05:24,,,,,,
2025-07-18_20:05:28,6964.0,11916.0,44125.0,3792.0,16022.0,42117.0
2025-07-18_20:05:28,10373.0,11930.0,44147.0,14508.0,16022.0,42118.0
2025-07-18_20:05:28,,,,13777.0,16022.0,42118.0
2025-07-18_20:05:32,3319.0,11930.0,44147.0,12147.0,16022.0,42118.0
2025-07-18_20:05:32,7980.0,11930.0,44147.0,13228.0,16022.0,42118.0
2025-07-18_20:05:32,,,,,,
2025-07-18_20:05:36,6956.0,11930.0,44147.0,3792.0,16022.0,42118.0
2025-07-18_20:05:36,10497.0,11930.0,44147.0,14394.0,16022.0,42118.0
2025-07-18_20:05:37,8604.0,11930.0,44147.0,14091.0,16022.0,42118.0
2025-07-18_20:05:37,9977.0,11930.0,44147.0,14417.0,16022.0,42118.0
2025-07-18_20:05:37,,,,14459.0,16022.0,42118.0
2025-07-18_20:05:41,3358.0,11930.0,44147.0,12191.0,16022.0,42118.0
2025-07-18_20:05:41,,,,13100.0,16022.0,42118.0
2025-07-18_20:05:45,2778.0,11930.0,44147.0,12163.0,16022.0,42118.0
2025-07-18_20:05:45,,,,,,
2025-07-18_20:05:49,6969.0,11930.0,44147.0,3792.0,16022.0,42118.0
2025-07-18_20:05:49,7971.0,11930.0,44147.0,13267.0,16022.0,42118.0
2025-07-18_20:05:50,10138.0,11930.0,44227.0,14120.0,16027.0,42138.0
2025-07-18_20:05:50,,,,14659.0,16035.0,42147.0
2025-07-18_20:05:54,2778.0,11930.0,44227.0,12189.0,16035.0,42147.0
2025-07-18_20:05:54,8553.0,11930.0,44227.0,13801.0,16035.0,42147.0
2025-07-18_20:05:54,9758.0,11930.0,44227.0,14192.0,16035.0,42147.0
2025-07-18_20:05:54,,,,13967.0,16035.0,42147.0
2025-07-18_20:05:58,3375.0,11930.0,44227.0,12164.0,16035.0,42147.0
2025-07-18_20:05:58,8629.0,11930.0,44227.0,14083.0,16035.0,42147.0
2025-07-18_20:05:58,,,,,,
2025-07-18_20:06:02,6963.0,11930.0,44227.0,3792.0,16035.0,42147.0
2025-07-18_20:06:02,8642.0,11930.0,44227.0,14093.0,16035.0,42147.0
2025-07-18_20:06:03,10214.0,11930.0,44227.0,14326.0,16035.0,42147.0
2025-07-18_20:06:03,8524.0,11930.0,44227.0,13696.0,16035.0,42147.0
2025-07-18_20:06:03,8554.0,11930.0,44227.0,13927.0,16035.0,42147.0
2025-07-18_20:06:03,9790.0,11930.0,44227.0,13929.0,16035.0,42147.0
2025-07-18_20:06:03,,,,13941.0,16035.0,42147.0
2025-07-18_20:06:07,3319.0,11930.0,44227.0,12185.0,16035.0,42147.0
2025-07-18_20:06:07,8584.0,11930.0,44227.0,14295.0,16035.0,42147.0
2025-07-18_20:06:08,,,,14411.0,16035.0,42147.0
2025-07-18_20:06:11,3302.0,11930.0,44227.0,12187.0,16035.0,42147.0
2025-07-18_20:06:12,7965.0,11930.0,44227.0,13056.0,16035.0,42147.0
2025-07-18_20:06:12,8558.0,11930.0,44227.0,14124.0,16035.0,42147.0
2025-07-18_20:06:12,8522.0,11930.0,44227.0,13897.0,16035.0,42147.0
2025-07-18_20:06:12,,,,,,
2025-07-18_20:06:16,6963.0,11930.0,44227.0,3787.0,16035.0,42147.0
2025-07-18_20:06:16,,,,13851.0,16035.0,42147.0
2025-07-18_20:06:20,,,,,,
2025-07-18_20:06:24,6969.0,11930.0,44227.0,3792.0,16035.0,42147.0
2025-07-18_20:06:24,8542.0,11930.0,44227.0,14106.0,16035.0,42147.0
2025-07-18_20:06:24,8579.0,11930.0,44227.0,14081.0,16035.0,42147.0
2025-07-18_20:06:24,,,,,,
2025-07-18_20:06:28,6964.0,11930.0,44227.0,3792.0,16035.0,42147.0
2025-07-18_20:06:28,8546.0,11930.0,44227.0,13849.0,16035.0,42147.0
2025-07-18_20:06:29,8610.0,11930.0,44227.0,14088.0,16035.0,42147.0
2025-07-18_20:06:29,7954.0,11930.0,44227.0,13045.0,16035.0,42147.0
2025-07-18_20:06:29,8638.0,11930.0,44227.0,13431.0,16035.0,42147.0
2025-07-18_20:06:29,,,,13870.0,16035.0,42147.0
2025-07-18_20:06:33,2778.0,11930.0,44227.0,12186.0,16035.0,42147.0
2025-07-18_20:06:33,8619.0,11930.0,44227.0,14075.0,16035.0,42147.0
2025-07-18_20:06:33,9703.0,11930.0,44227.0,14207.0,16035.0,42147.0
2025-07-18_20:06:34,9997.0,11930.0,44227.0,14150.0,16035.0,42147.0
2025-07-18_20:06:34,8620.0,11930.0,44227.0,14400.0,16035.0,42147.0
2025-07-18_20:06:34,8533.0,11930.0,44227.0,13720.0,16035.0,42147.0
2025-07-18_20:06:34,8592.0,11930.0,44227.0,14102.0,16035.0,42147.0
2025-07-18_20:06:35,9986.0,11930.0,44229.0,14216.0,16035.0,42147.0
2025-07-18_20:06:35,,,,,,
2025-07-18_20:06:39,6968.0,11930.0,44229.0,3795.0,16035.0,42147.0
2025-07-18_20:06:40,2778.0,11930.0,44229.0,12200.0,16035.0,42147.0
2025-07-18_20:06:40,7970.0,11930.0,44229.0,13232.0,16035.0,42147.0
2025-07-18_20:06:40,8503.0,11930.0,44229.0,13668.0,16035.0,42147.0
2025-07-18_20:06:40,8619.0,11930.0,44229.0,14204.0,16035.0,42147.0
2025-07-18_20:06:40,8610.0,11930.0,44229.0,14087.0,16035.0,42147.0
2025-07-18_20:06:41,,,,14064.0,16035.0,42150.0
2025-07-18_20:06:45,2778.0,11930.0,44229.0,12167.0,16035.0,42150.0
2025-07-18_20:06:45,9997.0,11930.0,44229.0,14030.0,16035.0,42150.0
2025-07-18_20:06:45,7999.0,11930.0,44229.0,13086.0,16035.0,42150.0
2025-07-18_20:06:45,8613.0,11930.0,44229.0,13421.0,16035.0,42150.0
2025-07-18_20:06:45,8675.0,11930.0,44231.0,14230.0,16035.0,42150.0
2025-07-18_20:06:46,8556.0,11930.0,44231.0,14227.0,16035.0,42150.0
2025-07-18_20:06:46,8669.0,11930.0,44231.0,13836.0,16035.0,42150.0
2025-07-18_20:06:46,,,,13859.0,16035.0,42150.0
2025-07-18_20:06:50,2778.0,11930.0,44231.0,12187.0,16035.0,42150.0
2025-07-18_20:06:50,10140.0,11930.0,44231.0,14091.0,16035.0,42150.0
2025-07-18_20:06:50,8633.0,11930.0,44231.0,14100.0,16035.0,42150.0
2025-07-18_20:06:51,,,,,,
2025-07-18_20:06:54,6969.0,11930.0,44231.0,3793.0,16035.0,42150.0
2025-07-18_20:06:55,9070.0,11930.0,44231.0,13650.0,16035.0,42150.0
2025-07-18_20:06:55,,,,,,
2025-07-18_20:06:59,6970.0,11930.0,44231.0,3792.0,16035.0,42150.0
2025-07-18_20:06:59,8345.0,11930.0,44231.0,13142.0,16035.0,42150.0
2025-07-18_20:06:59,9925.0,11930.0,44231.0,14325.0,16035.0,42150.0
2025-07-18_20:06:59,8545.0,11930.0,44231.0,14105.0,16035.0,42150.0
2025-07-18_20:06:59,8613.0,11930.0,44231.0,13904.0,16035.0,42150.0
2025-07-18_20:07:00,9910.0,11930.0,44234.0,14003.0,16035.0,42150.0
2025-07-18_20:07:00,8821.0,11930.0,44234.0,14462.0,16035.0,42150.0
2025-07-18_20:07:00,,,,14213.0,16035.0,42150.0
2025-07-18_20:07:04,3360.0,11930.0,44234.0,12194.0,16035.0,42150.0
2025-07-18_20:07:04,8534.0,11930.0,44234.0,13898.0,16035.0,42150.0
2025-07-18_20:07:04,,,,,,
2025-07-18_20:07:08,6965.0,11930.0,44234.0,3792.0,16035.0,42150.0
2025-07-18_20:07:08,,,,,,
2025-07-18_20:07:12,6970.0,11930.0,44234.0,3793.0,16035.0,42150.0
2025-07-18_20:07:12,9869.0,11930.0,44234.0,14177.0,16035.0,42150.0
2025-07-18_20:07:13,,,,,,
2025-07-18_20:07:16,6965.0,11930.0,44234.0,3793.0,16035.0,42150.0
2025-07-18_20:07:17,10069.0,11930.0,44234.0,14354.0,16035.0,42150.0
2025-07-18_20:07:17,10004.0,11930.0,44234.0,14035.0,16035.0,42150.0
2025-07-18_20:07:17,9473.0,11930.0,44234.0,13929.0,16035.0,42150.0
2025-07-18_20:07:17,,,,,,
2025-07-18_20:07:21,6965.0,11930.0,44234.0,3793.0,16035.0,42150.0
2025-07-18_20:07:21,,,,,,
2025-07-18_20:07:25,6968.0,11930.0,44234.0,3787.0,16035.0,42150.0
2025-07-18_20:07:25,10025.0,11930.0,44234.0,14035.0,16035.0,42150.0
2025-07-18_20:07:26,9959.0,11930.0,44234.0,13998.0,16035.0,42150.0
2025-07-18_20:07:26,8647.0,11930.0,44234.0,14089.0,16035.0,42150.0
2025-07-18_20:07:26,8567.0,11930.0,44235.0,14188.0,16035.0,42150.0
2025-07-18_20:07:26,,,,13274.0,16035.0,42150.0
2025-07-18_20:07:30,2778.0,11930.0,44235.0,12188.0,16035.0,42150.0
2025-07-18_20:07:30,,,,,,
2025-07-18_20:07:34,6955.0,11930.0,44235.0,3793.0,16035.0,42150.0
2025-07-18_20:07:34,8587.0,11930.0,44235.0,14171.0,16035.0,42150.0
2025-07-18_20:07:35,8562.0,11930.0,44235.0,14092.0,16035.0,42150.0
2025-07-18_20:07:35,,,,13070.0,16035.0,42150.0
2025-07-18_20:07:39,2778.0,11930.0,44235.0,12169.0,16035.0,42150.0
2025-07-18_20:07:39,,,,13796.0,16035.0,42150.0
2025-07-18_20:07:43,3319.0,11930.0,44235.0,12182.0,16035.0,42150.0
2025-07-18_20:07:43,9062.0,11930.0,44236.0,13823.0,16035.0,42150.0
2025-07-18_20:07:43,8512.0,11930.0,44237.0,13806.0,16035.0,42150.0
2025-07-18_20:07:43,10376.0,11930.0,44237.0,14286.0,16035.0,42150.0
2025-07-18_20:07:43,8564.0,11930.0,44237.0,13954.0,16035.0,42150.0
2025-07-18_20:07:44,,,,13817.0,16035.0,42150.0
2025-07-18_20:07:47,3319.0,11930.0,44237.0,12185.0,16035.0,42150.0
2025-07-18_20:07:48,10068.0,11930.0,44237.0,14311.0,16035.0,42150.0
2025-07-18_20:07:48,8633.0,11930.0,44237.0,14260.0,16035.0,42150.0
2025-07-18_20:07:48,,,,13881.0,16035.0,42150.0
2025-07-18_20:07:52,3375.0,11930.0,44237.0,12190.0,16035.0,42150.0
2025-07-18_20:07:52,,,,,,
2025-07-18_20:07:56,6964.0,11930.0,44237.0,3795.0,16035.0,42150.0
2025-07-18_20:07:56,9983.0,11930.0,44237.0,14062.0,16035.0,42150.0
2025-07-18_20:07:56,8641.0,11930.0,44237.0,14290.0,16035.0,42150.0
2025-07-18_20:07:56,10599.0,11930.0,44237.0,14653.0,16035.0,42265.0
2025-07-18_20:07:56,8630.0,11930.0,44237.0,14185.0,16035.0,42265.0
2025-07-18_20:07:57,8537.0,11930.0,44237.0,13618.0,16035.0,42265.0
2025-07-18_20:07:57,,,,,,
2025-07-18_20:08:01,6965.0,11930.0,44237.0,3793.0,16035.0,42265.0
2025-07-18_20:08:01,10072.0,11930.0,44237.0,14341.0,16035.0,42265.0
2025-07-18_20:08:01,10071.0,11930.0,44237.0,14010.0,16035.0,42265.0
2025-07-18_20:08:01,7964.0,11930.0,44237.0,13265.0,16035.0,42265.0
2025-07-18_20:08:02,10346.0,11930.0,44237.0,14402.0,16035.0,42265.0
2025-07-18_20:08:02,9727.0,11930.0,44237.0,13972.0,16035.0,42265.0
2025-07-18_20:08:02,9253.0,11930.0,44237.0,14143.0,16035.0,42265.0
2025-07-18_20:08:02,8698.0,11930.0,44237.0,14282.0,16035.0,42265.0
2025-07-18_20:08:03,9177.0,11930.0,44237.0,13899.0,16035.0,42265.0
2025-07-18_20:08:03,8693.0,11930.0,44237.0,14231.0,16035.0,42265.0
2025-07-18_20:08:03,10225.0,11930.0,44237.0,14309.0,16035.0,42265.0
2025-07-18_20:08:03,9973.0,11930.0,44237.0,14076.0,16035.0,42265.0
2025-07-18_20:08:03,9824.0,11930.0,44237.0,14067.0,16035.0,42265.0
2025-07-18_20:08:04,8667.0,11930.0,44237.0,14199.0,16035.0,42265.0
2025-07-18_20:08:04,8633.0,11930.0,44237.0,14372.0,16035.0,42265.0
2025-07-18_20:08:04,,,,14353.0,16035.0,42265.0
2025-07-18_20:08:08,2778.0,11930.0,44237.0,12165.0,16035.0,42265.0
2025-07-18_20:08:08,8105.0,11930.0,44237.0,13264.0,16035.0,42265.0
2025-07-18_20:08:08,,,,13279.0,16035.0,42265.0
2025-07-18_20:08:12,2780.0,11930.0,44237.0,12185.0,16035.0,42265.0
2025-07-18_20:08:12,10327.0,11930.0,44237.0,14533.0,16035.0,42265.0
2025-07-18_20:08:13,10137.0,11930.0,44237.0,14535.0,16035.0,42265.0
2025-07-18_20:08:13,10120.0,11930.0,44237.0,14381.0,16035.0,42265.0
2025-07-18_20:08:13,10327.0,11930.0,44237.0,14464.0,16035.0,42265.0
2025-07-18_20:08:13,,,,13833.0,16035.0,42265.0
2025-07-18_20:08:17,3375.0,11930.0,44237.0,12183.0,16035.0,42265.0
2025-07-18_20:08:17,9565.0,11930.0,44237.0,13890.0,16035.0,42265.0
2025-07-18_20:08:17,9957.0,11930.0,44237.0,14103.0,16035.0,42265.0
2025-07-18_20:08:18,8603.0,11930.0,44237.0,14180.0,16035.0,42265.0
2025-07-18_20:08:18,9422.0,11930.0,44237.0,13710.0,16035.0,42265.0
2025-07-18_20:08:18,10285.0,11930.0,44237.0,13929.0,16035.0,42265.0
2025-07-18_20:08:18,9986.0,11930.0,44237.0,13982.0,16035.0,42265.0
2025-07-18_20:08:19,9977.0,11930.0,44237.0,14013.0,16035.0,42265.0
2025-07-18_20:08:19,,,,13090.0,16035.0,42265.0
2025-07-18_20:08:23,2778.0,11930.0,44237.0,12185.0,16035.0,42265.0
2025-07-18_20:08:23,10030.0,11930.0,44237.0,14084.0,16035.0,42265.0
2025-07-18_20:08:23,10210.0,11930.0,44237.0,14319.0,16035.0,42265.0
2025-07-18_20:08:23,10077.0,11930.0,44237.0,14253.0,16035.0,42265.0
2025-07-18_20:08:23,,,,14173.0,16035.0,42265.0
2025-07-18_20:08:27,3302.0,11930.0,44237.0,12164.0,16035.0,42265.0
2025-07-18_20:08:27,10162.0,11930.0,44237.0,14616.0,16035.0,42265.0
2025-07-18_20:08:28,9398.0,11930.0,44237.0,14141.0,16035.0,42265.0
2025-07-18_20:08:28,10069.0,11930.0,44237.0,14419.0,16035.0,42265.0
2025-07-18_20:08:28,8495.0,11930.0,44237.0,13601.0,16035.0,42265.0
2025-07-18_20:08:28,8624.0,11930.0,44237.0,14175.0,16035.0,42265.0
2025-07-18_20:08:29,,,,,,
2025-07-18_20:08:32,6965.0,11930.0,44237.0,3792.0,16035.0,42265.0
2025-07-18_20:08:33,,,,,,
2025-07-18_20:08:36,6965.0,11930.0,44238.0,3794.0,16035.0,42265.0
2025-07-18_20:08:37,8621.0,11930.0,44238.0,14102.0,16035.0,42265.0
2025-07-18_20:08:37,10271.0,11930.0,44238.0,14325.0,16035.0,42266.0
2025-07-18_20:08:37,,,,13985.0,16035.0,42266.0
2025-07-18_20:08:41,2778.0,11930.0,44238.0,12187.0,16035.0,42266.0
2025-07-18_20:08:41,8593.0,11930.0,44238.0,14046.0,16035.0,42266.0
2025-07-18_20:08:41,,,,14591.0,16035.0,42267.0
2025-07-18_20:08:45,2778.0,11930.0,44238.0,12160.0,16035.0,42267.0
2025-07-18_20:08:45,8545.0,11930.0,44238.0,13804.0,16035.0,42267.0
2025-07-18_20:08:46,9502.0,11930.0,44238.0,14049.0,16035.0,42267.0
2025-07-18_20:08:46,8516.0,11930.0,44238.0,13900.0,16035.0,42267.0
2025-07-18_20:08:46,10488.0,11930.0,44238.0,14398.0,16035.0,42267.0
2025-07-18_20:08:46,8586.0,11930.0,44238.0,14068.0,16035.0,42267.0
2025-07-18_20:08:47,2778.0,11930.0,44238.0,12184.0,16035.0,42267.0
2025-07-18_20:08:47,10061.0,11930.0,44238.0,14424.0,16035.0,42267.0
2025-07-18_20:08:48,9893.0,11930.0,44238.0,13966.0,16035.0,42267.0
2025-07-18_20:08:48,9746.0,11930.0,44238.0,14345.0,16035.0,42267.0
2025-07-18_20:08:48,8532.0,11930.0,44238.0,13236.0,16035.0,42267.0
2025-07-18_20:08:48,,,,13847.0,16035.0,42267.0
2025-07-18_20:08:52,2778.0,11930.0,44238.0,12194.0,16035.0,42267.0
2025-07-18_20:08:52,,,,14177.0,16035.0,42267.0
2025-07-18_20:08:56,3302.0,11930.0,44238.0,12190.0,16035.0,42267.0
2025-07-18_20:08:56,10004.0,11930.0,44238.0,14394.0,16035.0,42267.0
2025-07-18_20:08:56,10281.0,11930.0,44238.0,14892.0,16035.0,42268.0
2025-07-18_20:08:57,9856.0,11930.0,44238.0,14055.0,16035.0,42268.0
2025-07-18_20:08:57,8544.0,11930.0,44238.0,13749.0,16035.0,42268.0
2025-07-18_20:08:57,10124.0,11930.0,44240.0,14230.0,16035.0,42268.0
2025-07-18_20:08:57,8642.0,11930.0,44240.0,14354.0,16035.0,42268.0
2025-07-18_20:08:57,8541.0,11930.0,44240.0,14190.0,16035.0,42268.0
2025-07-18_20:08:58,,,,14093.0,16035.0,42268.0
2025-07-18_20:09:02,2778.0,11930.0,44240.0,12162.0,16035.0,42268.0
2025-07-18_20:09:02,,,,,,
2025-07-18_20:09:06,6964.0,11930.0,44240.0,3793.0,16035.0,42268.0
2025-07-18_20:09:06,8527.0,11930.0,44240.0,13850.0,16035.0,42268.0
2025-07-18_20:09:06,,,,14032.0,16035.0,42268.0
2025-07-18_20:09:10,3304.0,11930.0,44240.0,12193.0,16035.0,42268.0
2025-07-18_20:09:10,8635.0,11930.0,44240.0,14453.0,16035.0,42268.0
2025-07-18_20:09:10,,,,,,
2025-07-18_20:09:14,6964.0,11930.0,44240.0,3792.0,16035.0,42268.0
2025-07-18_20:09:14,8558.0,11930.0,44240.0,13424.0,16035.0,42268.0
2025-07-18_20:09:14,8611.0,11930.0,44240.0,14228.0,16035.0,42268.0
2025-07-18_20:09:15,9992.0,11930.0,44240.0,14383.0,16035.0,42268.0
2025-07-18_20:09:15,,,,,,
2025-07-18_20:09:19,6965.0,11930.0,44240.0,3792.0,16035.0,42268.0
2025-07-18_20:09:19,8571.0,11930.0,44240.0,13941.0,16035.0,42268.0
2025-07-18_20:09:19,7965.0,11930.0,44240.0,12819.0,16035.0,42268.0
2025-07-18_20:09:19,9067.0,11930.0,44240.0,13940.0,16035.0,42268.0
2025-07-18_20:09:20,8535.0,11930.0,44240.0,13751.0,16035.0,42268.0
2025-07-18_20:09:20,9958.0,11930.0,44240.0,13990.0,16035.0,42268.0
2025-07-18_20:09:20,,,,13786.0,16035.0,42268.0
2025-07-18_20:09:24,3319.0,11930.0,44240.0,12168.0,16035.0,42268.0
2025-07-18_20:09:24,,,,,,
2025-07-18_20:09:28,6968.0,11930.0,44240.0,3793.0,16035.0,42268.0
2025-07-18_20:09:28,10317.0,11930.0,44240.0,14478.0,16035.0,42268.0
2025-07-18_20:09:28,,,,,,
2025-07-18_20:09:32,6974.0,11930.0,44240.0,3795.0,16035.0,42268.0
2025-07-18_20:09:32,8616.0,11930.0,44240.0,14100.0,16035.0,42268.0
2025-07-18_20:09:32,8633.0,11930.0,44240.0,14178.0,16035.0,42268.0
2025-07-18_20:09:33,7979.0,11930.0,44240.0,12869.0,16035.0,42268.0
2025-07-18_20:09:33,8516.0,11930.0,44240.0,13805.0,16035.0,42268.0
2025-07-18_20:09:33,9981.0,11930.0,44240.0,13988.0,16035.0,42268.0
2025-07-18_20:09:33,8552.0,11930.0,44240.0,14153.0,16035.0,42268.0
2025-07-18_20:09:34,9940.0,11930.0,44240.0,13975.0,16035.0,42268.0
2025-07-18_20:09:34,,,,13981.0,16035.0,42268.0
2025-07-18_20:09:38,3319.0,11930.0,44240.0,12160.0,16035.0,42268.0
2025-07-18_20:09:38,,,,13892.0,16035.0,42268.0
2025-07-18_20:09:42,2778.0,11930.0,44240.0,12184.0,16035.0,42268.0
2025-07-18_20:09:42,8657.0,11930.0,44240.0,14097.0,16035.0,42268.0
2025-07-18_20:09:42,8624.0,11930.0,44240.0,14010.0,16035.0,42268.0
2025-07-18_20:09:42,9980.0,11930.0,44240.0,14165.0,16035.0,42268.0
2025-07-18_20:09:42,,,,,,
2025-07-18_20:09:46,6962.0,11930.0,44240.0,3792.0,16035.0,42268.0
2025-07-18_20:09:47,,,,14550.0,16035.0,42269.0
2025-07-18_20:09:50,3360.0,11930.0,44240.0,12164.0,16035.0,42269.0
2025-07-18_20:09:50,,,,,,
2025-07-18_20:09:54,6970.0,11930.0,44240.0,3793.0,16035.0,42269.0
2025-07-18_20:09:54,10193.0,11930.0,44240.0,14289.0,16035.0,42270.0
2025-07-18_20:09:55,9918.0,11930.0,44240.0,14045.0,16035.0,42270.0
2025-07-18_20:09:55,9717.0,11930.0,44240.0,14007.0,16035.0,42270.0
2025-07-18_20:09:55,,,,,,
2025-07-18_20:09:59,6969.0,11930.0,44240.0,3787.0,16035.0,42270.0
2025-07-18_20:09:59,10266.0,11930.0,44240.0,14363.0,16035.0,42270.0
2025-07-18_20:09:59,9699.0,11930.0,44240.0,13738.0,16035.0,42270.0
2025-07-18_20:10:00,9375.0,11930.0,44240.0,14035.0,16035.0,42270.0
2025-07-18_20:10:00,,,,13994.0,16035.0,42270.0
2025-07-18_20:10:04,3302.0,11930.0,44240.0,12160.0,16035.0,42270.0
2025-07-18_20:10:04,7955.0,11930.0,44240.0,13311.0,16035.0,42270.0
2025-07-18_20:10:04,,,,,,
2025-07-18_20:10:09,2778.0,11930.0,44240.0,3776.0,16035.0,42270.0
2025-07-18_20:10:09,8673.0,11930.0,44240.0,14456.0,16035.0,42270.0
2025-07-18_20:10:09,,,,13927.0,16035.0,42270.0
2025-07-18_20:10:13,3317.0,11930.0,44240.0,12168.0,16035.0,42270.0
2025-07-18_20:10:13,10090.0,11930.0,44240.0,13662.0,16035.0,42270.0
2025-07-18_20:10:13,9998.0,11930.0,44240.0,14531.0,16035.0,42270.0
2025-07-18_20:10:13,,,,,,
2025-07-18_20:10:17,6966.0,11930.0,44240.0,3792.0,16035.0,42270.0
2025-07-18_20:10:17,8541.0,11930.0,44240.0,13628.0,16035.0,42270.0
2025-07-18_20:10:18,10245.0,11930.0,44240.0,14353.0,16035.0,42270.0
2025-07-18_20:10:18,10275.0,11930.0,44240.0,14503.0,16035.0,42270.0
2025-07-18_20:10:18,,,,14427.0,16035.0,42276.0
2025-07-18_20:10:22,3319.0,11930.0,44240.0,12195.0,16035.0,42276.0
2025-07-18_20:10:22,10097.0,11930.0,44260.0,14535.0,16035.0,42301.0
2025-07-18_20:10:22,9985.0,11930.0,44260.0,13999.0,16035.0,42301.0
2025-07-18_20:10:22,,,,,,
2025-07-18_20:10:26,6967.0,11930.0,44260.0,3793.0,16035.0,42301.0
2025-07-18_20:10:26,,,,13898.0,16035.0,42301.0
2025-07-18_20:10:30,3302.0,11930.0,44260.0,12192.0,16035.0,42301.0
2025-07-18_20:10:30,8540.0,11930.0,44260.0,13932.0,16035.0,42301.0
2025-07-18_20:10:31,8540.0,11930.0,44260.0,14018.0,16035.0,42301.0
2025-07-18_20:10:31,8534.0,11930.0,44260.0,12835.0,16035.0,42301.0
2025-07-18_20:10:31,,,,12051.0,16035.0,42301.0
2025-07-18_20:10:35,2778.0,11930.0,44260.0,12190.0,16035.0,42301.0
2025-07-18_20:10:35,,,,13933.0,16035.0,42301.0
2025-07-18_20:10:39,3302.0,11930.0,44260.0,12168.0,16035.0,42301.0
2025-07-18_20:10:39,10116.0,11930.0,44260.0,14470.0,16035.0,42302.0
2025-07-18_20:10:39,,,,13975.0,16035.0,42302.0
2025-07-18_20:10:43,3319.0,11930.0,44260.0,12160.0,16035.0,42302.0
2025-07-18_20:10:43,,,,14310.0,16035.0,42302.0
2025-07-18_20:10:47,3375.0,11930.0,44260.0,12167.0,16035.0,42302.0
2025-07-18_20:10:47,8566.0,11930.0,44260.0,13947.0,16035.0,42302.0
2025-07-18_20:10:47,,,,14126.0,16035.0,42302.0
2025-07-18_20:10:51,3302.0,11930.0,44260.0,12200.0,16035.0,42302.0
2025-07-18_20:10:51,8642.0,11930.0,44260.0,14092.0,16035.0,42302.0
2025-07-18_20:10:51,,,,14507.0,16035.0,42302.0
2025-07-18_20:10:55,3375.0,11930.0,44260.0,12186.0,16035.0,42302.0
2025-07-18_20:10:55,9398.0,11930.0,44260.0,13679.0,16035.0,42302.0
2025-07-18_20:10:56,10211.0,11930.0,44260.0,14851.0,16035.0,42302.0
2025-07-18_20:10:56,,,,,,
2025-07-18_20:11:00,6965.0,11930.0,44260.0,3793.0,16035.0,42302.0
2025-07-18_20:11:00,9907.0,11930.0,44260.0,14141.0,16035.0,42302.0
2025-07-18_20:11:00,9731.0,11930.0,44260.0,14189.0,16035.0,42302.0
2025-07-18_20:11:00,,,,,,
2025-07-18_20:11:04,6967.0,11930.0,44260.0,3793.0,16035.0,42302.0
2025-07-18_20:11:04,,,,,,
2025-07-18_20:11:09,2778.0,11930.0,44260.0,3776.0,16035.0,42302.0
2025-07-18_20:11:09,8535.0,11930.0,44260.0,13925.0,16035.0,42302.0
2025-07-18_20:11:09,,,,13955.0,16035.0,42302.0
2025-07-18_20:11:13,3319.0,11930.0,44260.0,12184.0,16035.0,42302.0
2025-07-18_20:11:13,8114.0,11930.0,44260.0,12864.0,16035.0,42302.0
2025-07-18_20:11:13,9972.0,11930.0,44260.0,13808.0,16035.0,42302.0
2025-07-18_20:11:14,8552.0,11930.0,44260.0,13832.0,16035.0,42302.0
2025-07-18_20:11:14,8603.0,11930.0,44260.0,13967.0,16035.0,42302.0
2025-07-18_20:11:14,9907.0,11930.0,44260.0,14036.0,16035.0,42302.0
2025-07-18_20:11:14,,,,14393.0,16035.0,42302.0
2025-07-18_20:11:18,3319.0,11930.0,44260.0,12193.0,16035.0,42302.0
2025-07-18_20:11:18,8624.0,11930.0,44260.0,14202.0,16035.0,42302.0
2025-07-18_20:11:18,9994.0,11930.0,44260.0,14382.0,16035.0,42302.0
2025-07-18_20:11:19,,,,13897.0,16035.0,42302.0
2025-07-18_20:11:22,3319.0,11930.0,44260.0,12161.0,16035.0,42302.0
2025-07-18_20:11:23,9966.0,11930.0,44260.0,14196.0,16035.0,42302.0
2025-07-18_20:11:23,,,,,,
2025-07-18_20:11:27,6967.0,11930.0,44260.0,3793.0,16035.0,42302.0
2025-07-18_20:11:27,,,,13983.0,16035.0,42302.0
2025-07-18_20:11:31,3321.0,11930.0,44260.0,12162.0,16035.0,42302.0
2025-07-18_20:11:31,8623.0,11930.0,44260.0,13970.0,16035.0,42302.0
2025-07-18_20:11:31,8666.0,11930.0,44260.0,14047.0,16035.0,42302.0
2025-07-18_20:11:31,,,,,,
2025-07-18_20:11:35,6968.0,11930.0,44260.0,3793.0,16035.0,42302.0
2025-07-18_20:11:35,10224.0,11930.0,44260.0,14272.0,16035.0,42302.0
2025-07-18_20:11:36,8392.0,11930.0,44260.0,13801.0,16035.0,42302.0
2025-07-18_20:11:36,,,,13788.0,16035.0,42302.0
2025-07-18_20:11:39,3375.0,11930.0,44260.0,12198.0,16035.0,42302.0
2025-07-18_20:11:40,,,,14390.0,16035.0,42302.0
2025-07-18_20:11:43,3319.0,11930.0,44260.0,12193.0,16035.0,42302.0
2025-07-18_20:11:44,10550.0,11930.0,44260.0,14640.0,16035.0,42302.0
2025-07-18_20:11:44,10237.0,11930.0,44260.0,14575.0,16035.0,42302.0
2025-07-18_20:11:44,8376.0,11930.0,44260.0,13897.0,16035.0,42302.0
2025-07-18_20:11:44,8528.0,11930.0,44260.0,13932.0,16035.0,42302.0
2025-07-18_20:11:44,8592.0,11930.0,44260.0,14055.0,16035.0,42302.0
2025-07-18_20:11:45,8529.0,11930.0,44260.0,13903.0,16035.0,42302.0
2025-07-18_20:11:45,8540.0,11930.0,44260.0,13803.0,16035.0,42302.0
2025-07-18_20:11:45,,,,13792.0,16035.0,42302.0
2025-07-18_20:11:49,3319.0,11930.0,44260.0,12170.0,16035.0,42302.0
2025-07-18_20:11:49,10078.0,11930.0,44260.0,14101.0,16035.0,42302.0
2025-07-18_20:11:49,8532.0,11930.0,44260.0,14200.0,16035.0,42302.0
2025-07-18_20:11:49,9868.0,11930.0,44260.0,13951.0,16035.0,42302.0
2025-07-18_20:11:50,,,,11879.0,16035.0,42302.0
2025-07-18_20:11:53,2778.0,11930.0,44260.0,12185.0,16035.0,42302.0
2025-07-18_20:11:54,,,,,,
2025-07-18_20:11:58,6965.0,11930.0,44260.0,3792.0,16035.0,42302.0
2025-07-18_20:11:58,8441.0,11930.0,44261.0,13947.0,16035.0,42302.0
2025-07-18_20:11:58,8653.0,11930.0,44261.0,14222.0,16035.0,42302.0
2025-07-18_20:11:58,9187.0,11930.0,44261.0,13894.0,16035.0,42302.0
2025-07-18_20:11:58,9649.0,11930.0,44261.0,14029.0,16035.0,42302.0
2025-07-18_20:11:59,8677.0,11930.0,44261.0,14222.0,16035.0,42302.0
2025-07-18_20:11:59,9959.0,11930.0,44261.0,13979.0,16035.0,42302.0
2025-07-18_20:11:59,7957.0,11930.0,44261.0,12902.0,16035.0,42302.0
2025-07-18_20:11:59,,,,14012.0,16035.0,42302.0
2025-07-18_20:12:03,3302.0,11930.0,44261.0,12159.0,16035.0,42302.0
2025-07-18_20:12:03,,,,13270.0,16035.0,42302.0
2025-07-18_20:12:07,2778.0,11930.0,44261.0,12194.0,16035.0,42302.0
2025-07-18_20:12:07,10114.0,11930.0,44261.0,14128.0,16035.0,42302.0
2025-07-18_20:12:07,10118.0,11930.0,44261.0,14319.0,16035.0,42302.0
2025-07-18_20:12:08,10332.0,11930.0,44261.0,14432.0,16035.0,42302.0
2025-07-18_20:12:08,8663.0,11930.0,44261.0,14206.0,16035.0,42302.0
2025-07-18_20:12:08,8538.0,11930.0,44261.0,13936.0,16035.0,42302.0
2025-07-18_20:12:08,,,,,,
2025-07-18_20:12:12,6967.0,11930.0,44261.0,3793.0,16035.0,42302.0
2025-07-18_20:12:12,10000.0,11930.0,44261.0,14018.0,16035.0,42302.0
2025-07-18_20:12:13,9071.0,11930.0,44261.0,14043.0,16035.0,42302.0
2025-07-18_20:12:13,10713.0,11930.0,44261.0,14516.0,16035.0,42302.0
2025-07-18_20:12:13,8564.0,11930.0,44261.0,13954.0,16035.0,42302.0
2025-07-18_20:12:13,,,,14098.0,16035.0,42302.0
2025-07-18_20:12:17,2778.0,11930.0,44261.0,12167.0,16035.0,42302.0
2025-07-18_20:12:17,,,,14143.0,16035.0,42302.0
2025-07-18_20:12:21,,,,,,
2025-07-18_20:12:25,6968.0,11930.0,44261.0,3793.0,16035.0,42302.0
2025-07-18_20:12:25,9354.0,11930.0,44261.0,14211.0,16035.0,42302.0
2025-07-18_20:12:25,9914.0,11930.0,44261.0,13945.0,16035.0,42302.0
2025-07-18_20:12:26,9759.0,11930.0,44263.0,14243.0,16035.0,42302.0
2025-07-18_20:12:26,8628.0,11930.0,44263.0,14102.0,16035.0,42302.0
2025-07-18_20:12:26,,,,,,
2025-07-18_20:12:30,6962.0,11930.0,44263.0,3793.0,16035.0,42302.0
2025-07-18_20:12:30,9968.0,11930.0,44263.0,14188.0,16035.0,42302.0
2025-07-18_20:12:30,8546.0,11930.0,44263.0,13891.0,16035.0,42302.0
2025-07-18_20:12:31,8539.0,11930.0,44263.0,13811.0,16035.0,42302.0
2025-07-18_20:12:31,10256.0,11930.0,44263.0,14512.0,16035.0,42302.0
2025-07-18_20:12:31,,,,,,
2025-07-18_20:12:35,6971.0,11930.0,44263.0,3794.0,16035.0,42302.0
2025-07-18_20:12:35,,,,14357.0,16035.0,42302.0
2025-07-18_20:12:39,3375.0,11930.0,44263.0,12166.0,16035.0,42302.0
2025-07-18_20:12:39,10099.0,11930.0,44263.0,14348.0,16035.0,42305.0
2025-07-18_20:12:39,8584.0,11930.0,44263.0,13939.0,16035.0,42305.0
2025-07-18_20:12:39,10213.0,11930.0,44263.0,14256.0,16035.0,42305.0
2025-07-18_20:12:40,,,,13824.0,16035.0,42305.0
2025-07-18_20:12:43,3319.0,11930.0,44263.0,12183.0,16035.0,42305.0
2025-07-18_20:12:43,,,,13928.0,16035.0,42305.0
2025-07-18_20:12:47,3319.0,11930.0,44263.0,12191.0,16035.0,42305.0
2025-07-18_20:12:47,9997.0,11930.0,44263.0,14292.0,16035.0,42305.0
2025-07-18_20:12:48,,,,13960.0,16035.0,42305.0
2025-07-18_20:12:51,3319.0,11930.0,44263.0,12182.0,16035.0,42305.0
2025-07-18_20:12:52,10196.0,11930.0,44263.0,14328.0,16035.0,42305.0
2025-07-18_20:12:52,10008.0,11930.0,44263.0,14379.0,16035.0,42305.0
2025-07-18_20:12:52,10024.0,11930.0,44263.0,14028.0,16035.0,42305.0
2025-07-18_20:12:52,9967.0,11930.0,44263.0,14015.0,16035.0,42305.0
2025-07-18_20:12:53,,,,14399.0,16035.0,42306.0
2025-07-18_20:12:56,,,,,,
2025-07-18_20:13:00,6964.0,11930.0,44263.0,3793.0,16035.0,42306.0
2025-07-18_20:13:00,10013.0,11930.0,44263.0,14156.0,16035.0,42306.0
2025-07-18_20:13:00,,,,14361.0,16035.0,42306.0
2025-07-18_20:13:04,2778.0,11930.0,44263.0,12185.0,16035.0,42306.0
2025-07-18_20:13:05,9690.0,11930.0,44263.0,14266.0,16035.0,42306.0
2025-07-18_20:13:05,10105.0,11930.0,44263.0,14540.0,16035.0,42306.0
2025-07-18_20:13:05,9887.0,11930.0,44265.0,14058.0,16035.0,42306.0
2025-07-18_20:13:05,9872.0,11930.0,44265.0,14069.0,16035.0,42306.0
2025-07-18_20:13:06,8576.0,11930.0,44265.0,13926.0,16035.0,42306.0
2025-07-18_20:13:06,9690.0,11930.0,44265.0,13984.0,16035.0,42306.0
2025-07-18_20:13:06,9713.0,11930.0,44265.0,14095.0,16035.0,42306.0
2025-07-18_20:13:06,,,,,,
2025-07-18_20:13:10,6970.0,11930.0,44265.0,3792.0,16035.0,42306.0
2025-07-18_20:13:10,8671.0,11930.0,44265.0,14097.0,16035.0,42306.0
2025-07-18_20:13:11,10165.0,11930.0,44266.0,14542.0,16035.0,42306.0
2025-07-18_20:13:11,9821.0,11930.0,44266.0,14164.0,16035.0,42307.0
2025-07-18_20:13:11,9744.0,11930.0,44266.0,14080.0,16035.0,42307.0
2025-07-18_20:13:11,10195.0,11930.0,44266.0,14641.0,16035.0,42307.0
2025-07-18_20:13:11,,,,14575.0,16035.0,42308.0
2025-07-18_20:13:15,3375.0,11930.0,44266.0,12178.0,16035.0,42308.0
2025-07-18_20:13:15,,,,,,
2025-07-18_20:13:19,6962.0,11930.0,44266.0,3793.0,16035.0,42308.0
2025-07-18_20:13:19,10493.0,11930.0,44266.0,14504.0,16035.0,42308.0
2025-07-18_20:13:20,10004.0,11930.0,44266.0,14031.0,16035.0,42309.0
2025-07-18_20:13:20,,,,14391.0,16035.0,42309.0
2025-07-18_20:13:24,3302.0,11930.0,44266.0,12199.0,16035.0,42309.0
2025-07-18_20:13:24,,,,14224.0,16035.0,42309.0
2025-07-18_20:13:27,3319.0,11930.0,44266.0,12190.0,16035.0,42309.0
2025-07-18_20:13:28,,,,13996.0,16035.0,42309.0
2025-07-18_20:13:31,2778.0,11930.0,44266.0,12161.0,16035.0,42309.0
2025-07-18_20:13:32,,,,,,
2025-07-18_20:13:35,6962.0,11930.0,44266.0,3793.0,16035.0,42309.0
2025-07-18_20:13:36,8525.0,11930.0,44266.0,13823.0,16035.0,42309.0
2025-07-18_20:13:36,9895.0,11930.0,44266.0,13961.0,16035.0,42309.0
2025-07-18_20:13:36,,,,14474.0,16035.0,42309.0
2025-07-18_20:13:40,2778.0,11930.0,44266.0,12180.0,16035.0,42309.0
2025-07-18_20:13:40,,,,13782.0,16035.0,42309.0
2025-07-18_20:13:44,2778.0,11930.0,44266.0,12173.0,16035.0,42309.0
2025-07-18_20:13:44,7970.0,11930.0,44266.0,13054.0,16035.0,42309.0
2025-07-18_20:13:45,10232.0,11930.0,44266.0,14199.0,16035.0,42309.0
2025-07-18_20:13:45,10092.0,11930.0,44266.0,14349.0,16035.0,42309.0
2025-07-18_20:13:45,,,,14144.0,16035.0,42309.0
2025-07-18_20:13:49,2780.0,11930.0,44266.0,12198.0,16035.0,42309.0
2025-07-18_20:13:49,,,,,,
2025-07-18_20:13:53,6958.0,11930.0,44266.0,3792.0,16035.0,42309.0
2025-07-18_20:13:53,10476.0,11930.0,44266.0,14580.0,16035.0,42311.0
2025-07-18_20:13:53,8582.0,11930.0,44266.0,13755.0,16035.0,42311.0
2025-07-18_20:13:54,7969.0,11930.0,44266.0,13057.0,16035.0,42311.0
2025-07-18_20:13:54,8034.0,11930.0,44266.0,13048.0,16035.0,42311.0
2025-07-18_20:13:54,,,,,,
2025-07-18_20:13:58,6964.0,11930.0,44266.0,3792.0,16035.0,42311.0
2025-07-18_20:13:58,9685.0,11930.0,44266.0,14099.0,16035.0,42311.0
2025-07-18_20:13:58,9823.0,11930.0,44266.0,13972.0,16035.0,42311.0
2025-07-18_20:13:58,,,,,,
2025-07-18_20:14:02,6969.0,11930.0,44266.0,3786.0,16035.0,42311.0
2025-07-18_20:14:03,9773.0,11930.0,44266.0,13959.0,16035.0,42311.0
2025-07-18_20:14:03,10203.0,11930.0,44266.0,14510.0,16035.0,42311.0
2025-07-18_20:14:03,8668.0,11930.0,44266.0,14204.0,16035.0,42311.0
2025-07-18_20:14:03,8701.0,11930.0,44266.0,13954.0,16035.0,42311.0
2025-07-18_20:14:03,8380.0,11930.0,44266.0,13923.0,16035.0,42311.0
2025-07-18_20:14:04,8546.0,11930.0,44266.0,13942.0,16035.0,42311.0
2025-07-18_20:14:04,8616.0,11930.0,44266.0,13424.0,16035.0,42311.0
2025-07-18_20:14:04,,,,14095.0,16035.0,42311.0
2025-07-18_20:14:08,3375.0,11930.0,44266.0,12170.0,16035.0,42311.0
2025-07-18_20:14:08,9840.0,11930.0,44266.0,14289.0,16035.0,42311.0
2025-07-18_20:14:08,10257.0,11930.0,44266.0,14470.0,16035.0,42311.0
2025-07-18_20:14:08,8633.0,11930.0,44266.0,14203.0,16035.0,42311.0
2025-07-18_20:14:09,10459.0,11945.0,44297.0,14315.0,16128.0,42405.0
2025-07-18_20:14:09,8644.0,11945.0,44297.0,14122.0,16128.0,42405.0
2025-07-18_20:14:09,8524.0,11945.0,44297.0,13807.0,16128.0,42405.0
2025-07-18_20:14:09,10180.0,11945.0,44297.0,14499.0,16128.0,42405.0
2025-07-18_20:14:09,9719.0,11945.0,44297.0,14006.0,16128.0,42405.0
2025-07-18_20:14:10,9316.0,11945.0,44297.0,14144.0,16128.0,42405.0
2025-07-18_20:14:10,,,,13608.0,16128.0,42405.0
2025-07-18_20:14:14,3319.0,11945.0,44297.0,12187.0,16128.0,42405.0
2025-07-18_20:14:14,8650.0,11945.0,44297.0,14141.0,16128.0,42405.0
2025-07-18_20:14:14,8596.0,11945.0,44297.0,14131.0,16128.0,42405.0
2025-07-18_20:14:14,,,,,,
2025-07-18_20:14:18,6965.0,11945.0,44297.0,3793.0,16128.0,42405.0
2025-07-18_20:14:18,8536.0,11945.0,44297.0,13656.0,16128.0,42405.0
2025-07-18_20:14:19,8979.0,11945.0,44297.0,14032.0,16128.0,42405.0
2025-07-18_20:14:19,,,,,,
2025-07-18_20:14:23,6967.0,11945.0,44297.0,3793.0,16128.0,42405.0
2025-07-18_20:14:23,,,,13846.0,16128.0,42405.0
2025-07-18_20:14:26,3319.0,11945.0,44297.0,12185.0,16128.0,42405.0
2025-07-18_20:14:27,,,,14348.0,16128.0,42405.0
2025-07-18_20:14:30,3375.0,11945.0,44297.0,12159.0,16128.0,42405.0
2025-07-18_20:14:31,10089.0,11945.0,44297.0,14361.0,16128.0,42427.0
2025-07-18_20:14:31,8593.0,11945.0,44297.0,13896.0,16128.0,42427.0
2025-07-18_20:14:31,10253.0,11945.0,44297.0,14471.0,16128.0,42427.0
2025-07-18_20:14:31,,,,14441.0,16128.0,42464.0
2025-07-18_20:14:35,3373.0,11975.0,44346.0,12188.0,16128.0,42464.0
2025-07-18_20:14:35,10592.0,11975.0,44347.0,14609.0,16128.0,42467.0
2025-07-18_20:14:35,8599.0,11975.0,44350.0,14203.0,16128.0,42467.0
2025-07-18_20:14:36,,,,14013.0,16128.0,42467.0
2025-07-18_20:14:39,2780.0,11975.0,44350.0,12195.0,16128.0,42467.0
2025-07-18_20:14:40,8642.0,11975.0,44350.0,14205.0,16128.0,42467.0
2025-07-18_20:14:40,8914.0,11975.0,44350.0,14149.0,16128.0,42467.0
2025-07-18_20:14:40,9140.0,11975.0,44350.0,13800.0,16128.0,42467.0
2025-07-18_20:14:40,10508.0,11975.0,44351.0,14396.0,16128.0,42467.0
2025-07-18_20:14:41,8511.0,11975.0,44351.0,13912.0,16128.0,42467.0
2025-07-18_20:14:41,,,,12042.0,16128.0,42467.0
2025-07-18_20:14:45,2778.0,11975.0,44351.0,12185.0,16128.0,42467.0
2025-07-18_20:14:45,10390.0,11975.0,44351.0,14403.0,16128.0,42467.0
2025-07-18_20:14:45,10722.0,11975.0,44359.0,14433.0,16128.0,42467.0
2025-07-18_20:14:45,10214.0,11975.0,44359.0,14374.0,16128.0,42467.0
2025-07-18_20:14:46,8342.0,11975.0,44359.0,14177.0,16128.0,42467.0
2025-07-18_20:14:46,10271.0,11975.0,44359.0,14698.0,16128.0,42467.0
2025-07-18_20:14:46,,,,,,
2025-07-18_20:14:50,6963.0,11975.0,44359.0,3793.0,16128.0,42467.0
2025-07-18_20:14:50,10119.0,11975.0,44359.0,14057.0,16128.0,42467.0
2025-07-18_20:14:51,2778.0,11975.0,44359.0,12181.0,16128.0,42467.0
2025-07-18_20:14:51,8557.0,11975.0,44359.0,13808.0,16128.0,42467.0
2025-07-18_20:14:51,9408.0,11975.0,44359.0,13850.0,16128.0,42467.0
2025-07-18_20:14:51,,,,,,
2025-07-18_20:14:55,6967.0,11975.0,44359.0,3793.0,16128.0,42467.0
2025-07-18_20:14:55,8965.0,11975.0,44359.0,13987.0,16128.0,42467.0
2025-07-18_20:14:56,9393.0,11975.0,44359.0,13880.0,16128.0,42467.0
2025-07-18_20:14:56,9857.0,11975.0,44359.0,13753.0,16128.0,42467.0
2025-07-18_20:14:56,10071.0,11975.0,44359.0,14320.0,16128.0,42467.0
2025-07-18_20:14:56,8569.0,11975.0,44359.0,14017.0,16128.0,42467.0
2025-07-18_20:14:57,9971.0,11975.0,44359.0,13983.0,16128.0,42467.0
2025-07-18_20:14:57,10375.0,11975.0,44359.0,14112.0,16128.0,42467.0
2025-07-18_20:14:57,10059.0,11975.0,44359.0,14352.0,16128.0,42467.0
2025-07-18_20:14:57,8760.0,11975.0,44359.0,14223.0,16128.0,42467.0
2025-07-18_20:14:57,10075.0,11975.0,44359.0,14308.0,16128.0,42467.0
2025-07-18_20:14:58,10660.0,11975.0,44366.0,14793.0,16128.0,42470.0
2025-07-18_20:14:58,9122.0,11975.0,44366.0,13830.0,16128.0,42470.0
2025-07-18_20:14:58,,,,,,
2025-07-18_20:15:03,2778.0,11975.0,44366.0,3776.0,16128.0,42470.0
2025-07-18_20:15:03,8358.0,11975.0,44525.0,13979.0,16128.0,42470.0
2025-07-18_20:15:03,8693.0,11975.0,44525.0,13768.0,16128.0,42470.0
2025-07-18_20:15:03,9629.0,11975.0,44526.0,13805.0,16128.0,42470.0
2025-07-18_20:15:04,,,,14584.0,16128.0,42470.0
2025-07-18_20:15:07,2778.0,11975.0,44526.0,12186.0,16128.0,42470.0
2025-07-18_20:15:08,8535.0,11975.0,44526.0,14132.0,16128.0,42470.0
2025-07-18_20:15:08,10005.0,11975.0,44526.0,13851.0,16128.0,42470.0
2025-07-18_20:15:08,9192.0,11975.0,44526.0,13994.0,16128.0,42470.0
2025-07-18_20:15:08,9408.0,11975.0,44526.0,14099.0,16128.0,42470.0
2025-07-18_20:15:09,10101.0,11975.0,44526.0,14313.0,16128.0,42470.0
2025-07-18_20:15:09,8534.0,11975.0,44526.0,13801.0,16128.0,42470.0
2025-07-18_20:15:09,,,,,,
2025-07-18_20:15:13,6968.0,11975.0,44526.0,3793.0,16128.0,42470.0
2025-07-18_20:15:13,8636.0,11975.0,44526.0,14166.0,16128.0,42470.0
2025-07-18_20:15:13,10618.0,11975.0,44533.0,14676.0,16128.0,42471.0
2025-07-18_20:15:13,,,,14010.0,16128.0,42471.0
2025-07-18_20:15:17,3321.0,11975.0,44533.0,12176.0,16128.0,42471.0
2025-07-18_20:15:17,,,,14175.0,16128.0,42471.0
2025-07-18_20:15:21,3358.0,11975.0,44533.0,12184.0,16128.0,42471.0
2025-07-18_20:15:21,8550.0,11975.0,44533.0,13893.0,16128.0,42471.0
2025-07-18_20:15:21,10275.0,11975.0,44533.0,14507.0,16128.0,42471.0
2025-07-18_20:15:22,10225.0,11975.0,44533.0,14486.0,16128.0,42471.0
2025-07-18_20:15:22,9977.0,11975.0,44533.0,13988.0,16128.0,42471.0
2025-07-18_20:15:22,8744.0,11975.0,44533.0,14501.0,16128.0,42475.0
2025-07-18_20:15:22,10019.0,11975.0,44533.0,14045.0,16128.0,42475.0
2025-07-18_20:15:23,8667.0,11975.0,44534.0,14113.0,16128.0,42475.0
2025-07-18_20:15:23,8547.0,11975.0,44534.0,13720.0,16128.0,42475.0
2025-07-18_20:15:23,8708.0,11975.0,44534.0,14198.0,16128.0,42475.0
2025-07-18_20:15:23,,,,,,
2025-07-18_20:15:27,6968.0,11975.0,44534.0,3792.0,16128.0,42475.0
2025-07-18_20:15:27,,,,,,
2025-07-18_20:15:31,6960.0,11975.0,44534.0,3792.0,16128.0,42475.0
2025-07-18_20:15:31,8613.0,11975.0,44534.0,14095.0,16128.0,42475.0
2025-07-18_20:15:31,,,,,,
2025-07-18_20:15:35,6968.0,11975.0,44534.0,3793.0,16128.0,42475.0
2025-07-18_20:15:36,,,,,,
2025-07-18_20:15:39,6965.0,11975.0,44534.0,3793.0,16128.0,42475.0
2025-07-18_20:15:40,,,,,,
2025-07-18_20:15:43,6965.0,11975.0,44596.0,3792.0,16128.0,42475.0
2025-07-18_20:15:44,,,,,,
2025-07-18_20:15:47,6967.0,11975.0,44596.0,3793.0,16128.0,42475.0
2025-07-18_20:15:48,10389.0,11975.0,44596.0,14603.0,16128.0,42475.0
2025-07-18_20:15:48,,,,14273.0,16128.0,42475.0
2025-07-18_20:15:52,2778.0,11975.0,44596.0,12155.0,16128.0,42475.0
2025-07-18_20:15:52,9774.0,11975.0,44596.0,13958.0,16128.0,42475.0
2025-07-18_20:15:52,8390.0,11975.0,44596.0,13805.0,16128.0,42475.0
2025-07-18_20:15:52,9145.0,11975.0,44596.0,13781.0,16128.0,42475.0
2025-07-18_20:15:53,8393.0,11975.0,44596.0,13965.0,16128.0,42475.0
2025-07-18_20:15:53,10070.0,11975.0,44596.0,14092.0,16128.0,42475.0
2025-07-18_20:15:53,9487.0,11975.0,44596.0,14314.0,16128.0,42475.0
2025-07-18_20:15:53,9462.0,11975.0,44596.0,14124.0,16128.0,42475.0
2025-07-18_20:15:53,,,,,,
2025-07-18_20:15:57,6968.0,11975.0,44596.0,3792.0,16128.0,42475.0
2025-07-18_20:15:57,9843.0,11975.0,44596.0,13857.0,16128.0,42475.0
2025-07-18_20:15:58,9857.0,11975.0,44596.0,14038.0,16128.0,42475.0
2025-07-18_20:15:58,8735.0,11975.0,44596.0,13980.0,16128.0,42475.0
2025-07-18_20:15:58,9760.0,11975.0,44596.0,14305.0,16128.0,42475.0
2025-07-18_20:15:58,,,,,,
2025-07-18_20:16:02,6971.0,11975.0,44596.0,3792.0,16128.0,42475.0
2025-07-18_20:16:02,9198.0,11975.0,44596.0,14033.0,16128.0,42475.0
2025-07-18_20:16:03,8123.0,11975.0,44596.0,13047.0,16128.0,42475.0
2025-07-18_20:16:03,8630.0,11975.0,44596.0,14181.0,16128.0,42475.0
2025-07-18_20:16:03,9577.0,11975.0,44596.0,13977.0,16128.0,42475.0
2025-07-18_20:16:03,9857.0,11975.0,44596.0,14080.0,16128.0,42475.0
2025-07-18_20:16:03,9650.0,11975.0,44596.0,14017.0,16128.0,42475.0
2025-07-18_20:16:04,,,,,,
2025-07-18_20:16:08,6964.0,11975.0,44596.0,3792.0,16128.0,42475.0
2025-07-18_20:16:08,9477.0,11975.0,44596.0,14073.0,16128.0,42475.0
2025-07-18_20:16:08,10198.0,11975.0,44596.0,14054.0,16128.0,42476.0
2025-07-18_20:16:08,,,,,,
2025-07-18_20:16:12,6964.0,11975.0,44596.0,3787.0,16128.0,42476.0
2025-07-18_20:16:12,9845.0,11975.0,44596.0,14067.0,16128.0,42476.0
2025-07-18_20:16:12,9184.0,11975.0,44596.0,13987.0,16128.0,42476.0
2025-07-18_20:16:13,,,,14065.0,16128.0,42476.0
2025-07-18_20:16:16,3375.0,11975.0,44596.0,12191.0,16128.0,42476.0
2025-07-18_20:16:17,8670.0,11975.0,44596.0,14157.0,16128.0,42476.0
2025-07-18_20:16:17,9823.0,11975.0,44596.0,14374.0,16128.0,42476.0
2025-07-18_20:16:17,8580.0,11975.0,44596.0,13715.0,16128.0,42476.0
2025-07-18_20:16:17,9974.0,11975.0,44596.0,14383.0,16128.0,42476.0
2025-07-18_20:16:17,9740.0,11975.0,44596.0,14558.0,16128.0,42476.0
2025-07-18_20:16:18,,,,,,
2025-07-18_20:16:22,6968.0,11975.0,44596.0,3793.0,16128.0,42476.0
2025-07-18_20:16:22,,,,13801.0,16128.0,42476.0
2025-07-18_20:16:25,3319.0,11975.0,44596.0,12179.0,16128.0,42476.0
2025-07-18_20:16:26,10260.0,11975.0,44612.0,14066.0,16128.0,42525.0
2025-07-18_20:16:26,8996.0,11975.0,44612.0,14071.0,16128.0,42525.0
2025-07-18_20:16:26,10222.0,11975.0,44612.0,14132.0,16128.0,42525.0
2025-07-18_20:16:26,,,,,,
2025-07-18_20:16:30,6970.0,11975.0,44612.0,3792.0,16128.0,42525.0
2025-07-18_20:16:30,9573.0,11975.0,44612.0,14019.0,16128.0,42525.0
2025-07-18_20:16:31,9711.0,11975.0,44612.0,14220.0,16128.0,42525.0
2025-07-18_20:16:31,9952.0,11975.0,44612.0,14006.0,16128.0,42525.0
2025-07-18_20:16:31,9683.0,11975.0,44612.0,13986.0,16128.0,42525.0
2025-07-18_20:16:31,8599.0,11975.0,44612.0,14068.0,16128.0,42525.0
2025-07-18_20:16:31,9954.0,11975.0,44612.0,14115.0,16128.0,42525.0
2025-07-18_20:16:32,10058.0,11975.0,44622.0,14027.0,16128.0,42525.0
2025-07-18_20:16:32,9510.0,11975.0,44622.0,14398.0,16128.0,42525.0
2025-07-18_20:16:32,8693.0,11975.0,44622.0,14094.0,16128.0,42525.0
2025-07-18_20:16:32,,,,13800.0,16128.0,42525.0
2025-07-18_20:16:36,3319.0,11975.0,44622.0,12182.0,16128.0,42525.0
2025-07-18_20:16:36,9922.0,11975.0,44622.0,14325.0,16128.0,42525.0
2025-07-18_20:16:36,8598.0,11975.0,44622.0,13890.0,16128.0,42525.0
2025-07-18_20:16:37,,,,14351.0,16128.0,42525.0
2025-07-18_20:16:40,2778.0,11975.0,44622.0,12193.0,16128.0,42525.0
2025-07-18_20:16:41,,,,14305.0,16128.0,42525.0
2025-07-18_20:16:44,3375.0,11975.0,44622.0,12159.0,16128.0,42525.0
2025-07-18_20:16:45,9964.0,11975.0,44622.0,14390.0,16128.0,42525.0
2025-07-18_20:16:45,9619.0,11975.0,44622.0,14242.0,16128.0,42525.0
2025-07-18_20:16:45,10044.0,11975.0,44622.0,14082.0,16128.0,42525.0
2025-07-18_20:16:45,8083.0,11975.0,44622.0,13257.0,16128.0,42525.0
2025-07-18_20:16:46,10046.0,11975.0,44622.0,14234.0,16128.0,42525.0
2025-07-18_20:16:46,9822.0,11975.0,44624.0,14010.0,16128.0,42525.0
2025-07-18_20:16:46,9592.0,11975.0,44624.0,14228.0,16128.0,42525.0
2025-07-18_20:16:46,9853.0,11975.0,44624.0,13785.0,16128.0,42525.0
2025-07-18_20:16:46,8668.0,11975.0,44624.0,14107.0,16128.0,42525.0
2025-07-18_20:16:47,,,,14077.0,16128.0,42525.0
2025-07-18_20:16:50,3358.0,11975.0,44624.0,12162.0,16128.0,42525.0
2025-07-18_20:16:51,9606.0,11975.0,44624.0,14172.0,16128.0,42525.0
2025-07-18_20:16:51,9739.0,11975.0,44624.0,14003.0,16128.0,42525.0
2025-07-18_20:16:51,9479.0,11975.0,44627.0,14280.0,16128.0,42525.0
2025-07-18_20:16:51,,,,,,
2025-07-18_20:16:55,6971.0,11975.0,44627.0,3793.0,16128.0,42525.0
2025-07-18_20:16:55,9899.0,11975.0,44627.0,14115.0,16128.0,42525.0
2025-07-18_20:16:56,10020.0,11975.0,44627.0,14562.0,16128.0,42525.0
2025-07-18_20:16:56,9567.0,11975.0,44627.0,13976.0,16128.0,42525.0
2025-07-18_20:16:56,9807.0,11975.0,44628.0,14325.0,16128.0,42525.0
2025-07-18_20:16:56,,,,,,
2025-07-18_20:17:00,6968.0,11975.0,44628.0,3792.0,16128.0,42525.0
2025-07-18_20:17:00,9897.0,11975.0,44628.0,13730.0,16128.0,42525.0
2025-07-18_20:17:00,9492.0,11975.0,44628.0,14286.0,16128.0,42525.0
2025-07-18_20:17:01,,,,13982.0,16128.0,42525.0
2025-07-18_20:17:04,3358.0,11975.0,44628.0,12196.0,16128.0,42525.0
2025-07-18_20:17:05,8703.0,11975.0,44628.0,14202.0,16128.0,42525.0
2025-07-18_20:17:05,8559.0,11975.0,44628.0,14101.0,16128.0,42525.0
2025-07-18_20:17:05,8639.0,11975.0,44628.0,14282.0,16128.0,42525.0
2025-07-18_20:17:05,9705.0,11975.0,44628.0,13961.0,16128.0,42525.0
2025-07-18_20:17:06,10201.0,11975.0,44628.0,14208.0,16128.0,42525.0
2025-07-18_20:17:06,,,,14310.0,16128.0,42525.0
2025-07-18_20:17:10,3375.0,11975.0,44628.0,12184.0,16128.0,42525.0
2025-07-18_20:17:10,8541.0,11975.0,44628.0,13049.0,16128.0,42525.0
2025-07-18_20:17:10,,,,,,
2025-07-18_20:17:14,6969.0,11975.0,44628.0,3795.0,16128.0,42525.0
2025-07-18_20:17:14,,,,,,
2025-07-18_20:17:18,6963.0,11975.0,44628.0,3793.0,16128.0,42525.0
2025-07-18_20:17:18,9823.0,11975.0,44628.0,14501.0,16128.0,42525.0
2025-07-18_20:17:18,,,,14236.0,16128.0,42525.0
2025-07-18_20:17:22,3358.0,11975.0,44628.0,12188.0,16128.0,42525.0
2025-07-18_20:17:22,9244.0,11975.0,44628.0,13932.0,16128.0,42525.0
2025-07-18_20:17:22,,,,13386.0,16128.0,42525.0
2025-07-18_20:17:26,2778.0,11975.0,44628.0,12187.0,16128.0,42525.0
2025-07-18_20:17:27,9907.0,11975.0,44628.0,13986.0,16128.0,42525.0
2025-07-18_20:17:27,9664.0,11975.0,44628.0,14160.0,16128.0,42525.0
2025-07-18_20:17:27,10339.0,11975.0,44628.0,14338.0,16128.0,42525.0
2025-07-18_20:17:27,8502.0,11975.0,44628.0,13844.0,16128.0,42525.0
2025-07-18_20:17:27,9690.0,11975.0,44628.0,14217.0,16128.0,42525.0
2025-07-18_20:17:28,,,,14091.0,16128.0,42525.0
2025-07-18_20:17:32,2778.0,11975.0,44628.0,12159.0,16128.0,42525.0
2025-07-18_20:17:32,,,,13972.0,16128.0,42525.0
2025-07-18_20:17:36,3302.0,11975.0,44628.0,12176.0,16128.0,42525.0
2025-07-18_20:17:36,,,,,,
2025-07-18_20:17:39,6965.0,11975.0,44628.0,3792.0,16128.0,42525.0
2025-07-18_20:17:40,9645.0,11975.0,44628.0,14227.0,16128.0,42525.0
2025-07-18_20:17:40,9498.0,11975.0,44628.0,13851.0,16128.0,42525.0
2025-07-18_20:17:40,9782.0,11979.0,44686.0,14229.0,16128.0,42542.0
2025-07-18_20:17:40,,,,,,
2025-07-18_20:17:44,6967.0,11979.0,44686.0,3793.0,16128.0,42542.0
2025-07-18_20:17:44,9726.0,11979.0,44686.0,14446.0,16128.0,42542.0
2025-07-18_20:17:45,9934.0,11979.0,44686.0,14252.0,16128.0,42542.0
2025-07-18_20:17:45,,,,14273.0,16128.0,42545.0
2025-07-18_20:17:48,3375.0,11979.0,44686.0,12184.0,16128.0,42545.0
2025-07-18_20:17:49,,,,13616.0,16128.0,42545.0
2025-07-18_20:17:52,3319.0,11979.0,44686.0,12194.0,16128.0,42545.0
2025-07-18_20:17:53,9665.0,11979.0,44687.0,14171.0,16128.0,42545.0
2025-07-18_20:17:53,,,,,,
2025-07-18_20:17:57,6967.0,11979.0,44687.0,3793.0,16128.0,42545.0
2025-07-18_20:17:57,9577.0,11979.0,44687.0,13795.0,16128.0,42545.0
2025-07-18_20:17:57,9794.0,11979.0,44690.0,14304.0,16128.0,42545.0
2025-07-18_20:17:57,,,,13972.0,16128.0,42545.0
2025-07-18_20:18:01,3302.0,11979.0,44690.0,12180.0,16128.0,42545.0
2025-07-18_20:18:01,9187.0,11979.0,44690.0,13787.0,16128.0,42545.0
2025-07-18_20:18:01,,,,14219.0,16128.0,42545.0
2025-07-18_20:18:05,3358.0,11979.0,44690.0,12175.0,16128.0,42545.0
2025-07-18_20:18:05,9838.0,11979.0,44690.0,14029.0,16128.0,42545.0
2025-07-18_20:18:06,9170.0,11979.0,44690.0,13786.0,16128.0,42545.0
2025-07-18_20:18:06,9878.0,11979.0,44690.0,14358.0,16128.0,42545.0
2025-07-18_20:18:06,8536.0,11979.0,44690.0,13605.0,16128.0,42545.0
2025-07-18_20:18:06,9575.0,11979.0,44690.0,14247.0,16128.0,42545.0
2025-07-18_20:18:06,9810.0,11979.0,44690.0,14011.0,16128.0,42545.0
2025-07-18_20:18:07,9506.0,11979.0,44690.0,14186.0,16128.0,42545.0
2025-07-18_20:18:07,10366.0,11979.0,44690.0,14688.0,16128.0,42545.0
2025-07-18_20:18:07,,,,,,
2025-07-18_20:18:11,6964.0,11979.0,44690.0,3793.0,16128.0,42545.0
2025-07-18_20:18:11,9803.0,11979.0,44690.0,14233.0,16128.0,42545.0
2025-07-18_20:18:11,9676.0,11979.0,44690.0,14014.0,16128.0,42545.0
2025-07-18_20:18:12,9636.0,11979.0,44690.0,14400.0,16128.0,42545.0
2025-07-18_20:18:12,,,,14126.0,16128.0,42545.0
2025-07-18_20:18:15,3375.0,11979.0,44690.0,12188.0,16128.0,42545.0
2025-07-18_20:18:16,8633.0,11979.0,44690.0,14075.0,16128.0,42545.0
2025-07-18_20:18:16,,,,,,
2025-07-18_20:18:20,6968.0,11979.0,44690.0,3793.0,16128.0,42545.0
2025-07-18_20:18:20,,,,,,
2025-07-18_20:18:24,6962.0,11979.0,44690.0,3792.0,16128.0,42545.0
2025-07-18_20:18:24,9875.0,11979.0,44690.0,14105.0,16128.0,42545.0
2025-07-18_20:18:24,9712.0,11979.0,44690.0,14003.0,16128.0,42545.0
2025-07-18_20:18:25,10175.0,11979.0,44690.0,14097.0,16128.0,42545.0
2025-07-18_20:18:25,,,,14083.0,16128.0,42545.0
2025-07-18_20:18:28,3375.0,11979.0,44690.0,12186.0,16128.0,42545.0
2025-07-18_20:18:29,9896.0,11979.0,44690.0,14315.0,16128.0,42545.0
2025-07-18_20:18:29,,,,14004.0,16128.0,42545.0
2025-07-18_20:18:33,3319.0,11979.0,44690.0,12187.0,16128.0,42545.0
2025-07-18_20:18:33,8668.0,11979.0,44690.0,14097.0,16128.0,42545.0
2025-07-18_20:18:33,9903.0,11979.0,44690.0,14136.0,16128.0,42545.0
2025-07-18_20:18:33,9677.0,11979.0,44690.0,14173.0,16128.0,42545.0
2025-07-18_20:18:33,,,,,,
2025-07-18_20:18:37,6968.0,11979.0,44690.0,3793.0,16128.0,42545.0
2025-07-18_20:18:37,8684.0,11979.0,44690.0,14098.0,16128.0,42545.0
2025-07-18_20:18:38,10165.0,11979.0,44690.0,14130.0,16128.0,42545.0
2025-07-18_20:18:38,,,,,,
2025-07-18_20:18:42,6958.0,11979.0,44690.0,3793.0,16128.0,42545.0
2025-07-18_20:18:42,,,,14049.0,16128.0,42545.0
2025-07-18_20:18:46,3358.0,11979.0,44690.0,12178.0,16128.0,42545.0
2025-07-18_20:18:46,9242.0,11979.0,44690.0,13611.0,16128.0,42545.0
2025-07-18_20:18:46,,,,13861.0,16128.0,42545.0
2025-07-18_20:18:50,2778.0,11979.0,44690.0,12187.0,16128.0,42545.0
2025-07-18_20:18:50,9981.0,11979.0,44690.0,14605.0,16128.0,42545.0
2025-07-18_20:18:50,,,,14056.0,16128.0,42545.0
2025-07-18_20:18:54,2778.0,11979.0,44690.0,12185.0,16128.0,42545.0
2025-07-18_20:18:54,9660.0,11979.0,44690.0,14142.0,16128.0,42545.0
2025-07-18_20:18:55,10107.0,11979.0,44690.0,14039.0,16128.0,42545.0
2025-07-18_20:18:55,,,,,,
2025-07-18_20:18:59,6968.0,11979.0,44690.0,3792.0,16128.0,42545.0
2025-07-18_20:18:59,9169.0,11979.0,44690.0,13980.0,16128.0,42545.0
2025-07-18_20:18:59,,,,13934.0,16128.0,42545.0
2025-07-18_20:19:03,3319.0,11979.0,44690.0,12193.0,16128.0,42545.0
2025-07-18_20:19:03,,,,,,
2025-07-18_20:19:07,6967.0,11979.0,44690.0,3792.0,16128.0,42545.0
2025-07-18_20:19:07,8657.0,11979.0,44690.0,14296.0,16128.0,42545.0
2025-07-18_20:19:07,8624.0,11979.0,44690.0,14041.0,16128.0,42545.0
2025-07-18_20:19:08,,,,,,
2025-07-18_20:19:12,6971.0,11979.0,44690.0,3794.0,16128.0,42545.0
2025-07-18_20:19:12,9906.0,11979.0,44690.0,14078.0,16128.0,42545.0
2025-07-18_20:19:12,9891.0,11979.0,44690.0,14303.0,16128.0,42545.0
2025-07-18_20:19:12,10011.0,11979.0,44690.0,14382.0,16128.0,42545.0
2025-07-18_20:19:12,,,,,,
2025-07-18_20:19:16,6970.0,11979.0,44690.0,3793.0,16128.0,42545.0
2025-07-18_20:19:16,,,,14376.0,16128.0,42545.0
2025-07-18_20:19:20,3321.0,11979.0,44690.0,12163.0,16128.0,42545.0
2025-07-18_20:19:20,10030.0,11979.0,44690.0,14079.0,16128.0,42545.0
2025-07-18_20:19:21,9402.0,11979.0,44690.0,13930.0,16128.0,42545.0
2025-07-18_20:19:21,9460.0,11979.0,44690.0,13935.0,16128.0,42545.0
2025-07-18_20:19:21,,,,14641.0,16128.0,42545.0
2025-07-18_20:19:25,2778.0,11979.0,44690.0,12166.0,16128.0,42545.0
2025-07-18_20:19:25,9822.0,11979.0,44690.0,14030.0,16128.0,42545.0
2025-07-18_20:19:25,9844.0,11979.0,44690.0,14005.0,16128.0,42545.0
2025-07-18_20:19:26,8678.0,11979.0,44690.0,14093.0,16128.0,42545.0
2025-07-18_20:19:26,9403.0,11979.0,44690.0,13936.0,16128.0,42545.0
2025-07-18_20:19:26,9672.0,11979.0,44690.0,14170.0,16128.0,42545.0
2025-07-18_20:19:26,9826.0,11979.0,44690.0,14214.0,16128.0,42545.0
2025-07-18_20:19:26,,,,,,
2025-07-18_20:19:30,6967.0,11979.0,44690.0,3793.0,16128.0,42545.0
2025-07-18_20:19:30,9722.0,11979.0,44690.0,14026.0,16128.0,42545.0
2025-07-18_20:19:31,9882.0,11979.0,44690.0,14075.0,16128.0,42545.0
2025-07-18_20:19:31,9914.0,11979.0,44690.0,14035.0,16128.0,42545.0
2025-07-18_20:19:31,9921.0,11979.0,44690.0,14323.0,16128.0,42545.0
2025-07-18_20:19:31,,,,14005.0,16128.0,42545.0
2025-07-18_20:19:35,3375.0,11979.0,44690.0,12190.0,16128.0,42545.0
2025-07-18_20:19:35,9824.0,11979.0,44690.0,14181.0,16128.0,42545.0
2025-07-18_20:19:36,9569.0,11979.0,44690.0,14513.0,16128.0,42545.0
2025-07-18_20:19:36,,,,,,
2025-07-18_20:19:40,6964.0,11979.0,44690.0,3793.0,16128.0,42545.0
2025-07-18_20:19:40,9651.0,11979.0,44690.0,14116.0,16128.0,42545.0
2025-07-18_20:19:40,10242.0,11979.0,44690.0,14608.0,16128.0,42545.0
2025-07-18_20:19:40,,,,,,
2025-07-18_20:19:44,6963.0,11979.0,44690.0,3793.0,16128.0,42545.0
2025-07-18_20:19:44,9882.0,11979.0,44690.0,14352.0,16128.0,42545.0
2025-07-18_20:19:44,9790.0,11979.0,44691.0,14280.0,16128.0,42545.0
2025-07-18_20:19:45,9990.0,11979.0,44691.0,14597.0,16128.0,42545.0
2025-07-18_20:19:45,10131.0,11979.0,44691.0,14321.0,16128.0,42545.0
2025-07-18_20:19:45,,,,,,
2025-07-18_20:19:49,6964.0,11979.0,44691.0,3794.0,16128.0,42545.0
2025-07-18_20:19:49,,,,,,
2025-07-18_20:19:53,6967.0,11979.0,44691.0,3792.0,16128.0,42545.0
2025-07-18_20:19:53,9678.0,11979.0,44691.0,13987.0,16128.0,42545.0
2025-07-18_20:19:53,9587.0,11979.0,44691.0,14229.0,16128.0,42545.0
2025-07-18_20:19:54,9847.0,11979.0,44693.0,14256.0,16128.0,42546.0
2025-07-18_20:19:54,,,,,,
2025-07-18_20:19:58,6955.0,11979.0,44693.0,3792.0,16128.0,42546.0
2025-07-18_20:19:58,9868.0,11979.0,44693.0,14214.0,16128.0,42546.0
2025-07-18_20:19:58,9985.0,11979.0,44693.0,14633.0,16128.0,42546.0
2025-07-18_20:19:58,9891.0,11979.0,44693.0,13922.0,16128.0,42546.0
2025-07-18_20:19:59,,,,14252.0,16128.0,42546.0
2025-07-18_20:20:02,3375.0,11979.0,44693.0,12189.0,16128.0,42546.0
2025-07-18_20:20:02,9682.0,11979.0,44693.0,14174.0,16128.0,42546.0
2025-07-18_20:20:03,10299.0,11979.0,44716.0,14675.0,16128.0,42546.0
2025-07-18_20:20:03,9944.0,11979.0,44716.0,14571.0,16128.0,42546.0
2025-07-18_20:20:03,9656.0,11979.0,44716.0,14268.0,16128.0,42546.0
2025-07-18_20:20:03,10160.0,11979.0,44716.0,14404.0,16128.0,42546.0
2025-07-18_20:20:04,9602.0,11979.0,44716.0,14181.0,16128.0,42546.0
2025-07-18_20:20:04,9897.0,11979.0,44716.0,14260.0,16128.0,42546.0
2025-07-18_20:20:04,9165.0,11979.0,44720.0,13976.0,16128.0,42546.0
2025-07-18_20:20:04,9733.0,11979.0,44720.0,13999.0,16128.0,42546.0
2025-07-18_20:20:04,,,,13839.0,16128.0,42546.0
2025-07-18_20:20:08,3358.0,11979.0,44720.0,12182.0,16128.0,42546.0
2025-07-18_20:20:08,,,,,,
2025-07-18_20:20:12,6963.0,11979.0,44720.0,3793.0,16128.0,42546.0
2025-07-18_20:20:12,8702.0,11979.0,44720.0,14228.0,16128.0,42546.0
2025-07-18_20:20:13,9976.0,11979.0,44720.0,14381.0,16128.0,42546.0
2025-07-18_20:20:13,9806.0,11979.0,44720.0,14232.0,16128.0,42546.0
2025-07-18_20:20:13,10213.0,11979.0,44733.0,14226.0,16128.0,42546.0
2025-07-18_20:20:13,9487.0,11979.0,44733.0,14208.0,16128.0,42546.0
2025-07-18_20:20:14,9862.0,11979.0,44733.0,14230.0,16128.0,42546.0
2025-07-18_20:20:14,8616.0,11979.0,44736.0,14037.0,16128.0,42546.0
2025-07-18_20:20:14,9678.0,11979.0,44736.0,14180.0,16128.0,42546.0
2025-07-18_20:20:14,8878.0,11979.0,44736.0,13987.0,16128.0,42546.0
2025-07-18_20:20:14,9452.0,11979.0,44736.0,14128.0,16128.0,42546.0
2025-07-18_20:20:15,9371.0,11979.0,44736.0,13728.0,16128.0,42546.0
2025-07-18_20:20:15,9908.0,11979.0,44737.0,14329.0,16128.0,42546.0
2025-07-18_20:20:15,,,,,,
2025-07-18_20:20:19,6960.0,11979.0,44737.0,3787.0,16128.0,42546.0
2025-07-18_20:20:19,,,,,,
2025-07-18_20:20:23,6967.0,11979.0,44737.0,3793.0,16128.0,42546.0
2025-07-18_20:20:23,,,,,,
2025-07-18_20:20:27,6968.0,11979.0,44737.0,3793.0,16128.0,42546.0
2025-07-18_20:20:27,9587.0,11979.0,44737.0,14193.0,16128.0,42546.0
2025-07-18_20:20:27,9595.0,11979.0,44737.0,14174.0,16128.0,42546.0
2025-07-18_20:20:28,9262.0,11979.0,44737.0,13804.0,16128.0,42546.0
2025-07-18_20:20:28,9917.0,11979.0,44737.0,14348.0,16128.0,42546.0
2025-07-18_20:20:28,,,,,,
2025-07-18_20:20:32,6966.0,11979.0,44737.0,3786.0,16128.0,42546.0
2025-07-18_20:20:32,,,,,,
2025-07-18_20:20:36,6966.0,11979.0,44737.0,3793.0,16128.0,42546.0
2025-07-18_20:20:36,9047.0,11979.0,44738.0,13795.0,16128.0,42546.0
2025-07-18_20:20:36,8637.0,11979.0,44738.0,14088.0,16128.0,42546.0
2025-07-18_20:20:37,,,,,,
2025-07-18_20:20:40,6965.0,11979.0,44738.0,3793.0,16128.0,42546.0
2025-07-18_20:20:41,9761.0,11979.0,44738.0,14014.0,16128.0,42546.0
2025-07-18_20:20:41,10140.0,11979.0,44738.0,14122.0,16128.0,42546.0
2025-07-18_20:20:41,9687.0,11979.0,44738.0,13975.0,16128.0,42546.0
2025-07-18_20:20:41,,,,,,
2025-07-18_20:20:45,6965.0,11979.0,44738.0,3792.0,16128.0,42546.0
2025-07-18_20:20:45,9601.0,11979.0,44738.0,14229.0,16128.0,42546.0
2025-07-18_20:20:45,9647.0,11979.0,44738.0,14287.0,16128.0,42546.0
2025-07-18_20:20:46,9581.0,11979.0,44738.0,14191.0,16128.0,42546.0
2025-07-18_20:20:46,8539.0,11979.0,44738.0,13941.0,16128.0,42546.0
2025-07-18_20:20:46,9663.0,11979.0,44738.0,14322.0,16128.0,42546.0
2025-07-18_20:20:46,8546.0,11979.0,44738.0,13840.0,16128.0,42546.0
2025-07-18_20:20:47,,,,,,
2025-07-18_20:20:50,6967.0,11979.0,44738.0,3793.0,16128.0,42546.0
2025-07-18_20:20:51,9848.0,11979.0,44738.0,14226.0,16128.0,42546.0
2025-07-18_20:20:51,,,,,,
2025-07-18_20:20:55,6953.0,11979.0,44738.0,3786.0,16128.0,42546.0
2025-07-18_20:20:55,9566.0,11979.0,44738.0,14481.0,16128.0,42546.0
2025-07-18_20:20:55,10228.0,11979.0,44874.0,14062.0,16128.0,42572.0
2025-07-18_20:20:55,10203.0,11979.0,44874.0,14578.0,16128.0,42572.0
2025-07-18_20:20:56,9805.0,11979.0,44874.0,14379.0,16128.0,42572.0
2025-07-18_20:20:56,,,,,,
2025-07-18_20:21:00,6959.0,11979.0,44874.0,3794.0,16128.0,42572.0
2025-07-18_20:21:00,,,,,,
2025-07-18_20:21:04,6969.0,11979.0,44874.0,3793.0,16128.0,42572.0
2025-07-18_20:21:04,9110.0,11979.0,44874.0,14018.0,16128.0,42572.0
2025-07-18_20:21:04,10030.0,11979.0,44874.0,14005.0,16128.0,42572.0
2025-07-18_20:21:04,,,,,,
2025-07-18_20:21:08,6969.0,11979.0,44874.0,3793.0,16128.0,42572.0
2025-07-18_20:21:08,10271.0,11979.0,44874.0,14271.0,16128.0,42580.0
2025-07-18_20:21:09,8639.0,11979.0,44874.0,14307.0,16128.0,42580.0
2025-07-18_20:21:09,9856.0,11979.0,44874.0,14033.0,16128.0,42580.0
2025-07-18_20:21:09,9248.0,11979.0,44874.0,14149.0,16128.0,42580.0
2025-07-18_20:21:09,,,,14057.0,16128.0,42580.0
2025-07-18_20:21:13,3302.0,11979.0,44874.0,12159.0,16128.0,42580.0
2025-07-18_20:21:13,10010.0,11979.0,44874.0,14204.0,16128.0,42580.0
2025-07-18_20:21:13,,,,14112.0,16128.0,42580.0
2025-07-18_20:21:17,3319.0,11979.0,44874.0,12149.0,16128.0,42580.0
2025-07-18_20:21:17,9829.0,11979.0,44874.0,14099.0,16128.0,42580.0
2025-07-18_20:21:18,9221.0,11979.0,44874.0,13792.0,16128.0,42580.0
2025-07-18_20:21:18,8577.0,11979.0,44874.0,13839.0,16128.0,42580.0
2025-07-18_20:21:18,9673.0,11979.0,44874.0,14157.0,16128.0,42580.0
2025-07-18_20:21:18,9835.0,11979.0,44874.0,13845.0,16128.0,42580.0
2025-07-18_20:21:18,9722.0,11979.0,44874.0,14202.0,16128.0,42580.0
2025-07-18_20:21:19,,,,13986.0,16128.0,42580.0
2025-07-18_20:21:22,3302.0,11979.0,44874.0,12195.0,16128.0,42580.0
2025-07-18_20:21:22,,,,,,
2025-07-18_20:21:26,6965.0,11979.0,44874.0,3792.0,16128.0,42580.0
2025-07-18_20:21:27,10100.0,11979.0,44874.0,14210.0,16128.0,42580.0
2025-07-18_20:21:27,10042.0,11979.0,44874.0,14274.0,16128.0,42580.0
2025-07-18_20:21:27,9679.0,11979.0,44874.0,13970.0,16128.0,42580.0
2025-07-18_20:21:27,9654.0,11979.0,44874.0,14264.0,16128.0,42580.0
2025-07-18_20:21:27,,,,14284.0,16128.0,42580.0
2025-07-18_20:21:31,3360.0,11979.0,44874.0,12196.0,16128.0,42580.0
2025-07-18_20:21:31,9957.0,11979.0,44877.0,14398.0,16128.0,42580.0
2025-07-18_20:21:32,9218.0,11979.0,44877.0,14116.0,16128.0,42580.0
2025-07-18_20:21:32,10213.0,11979.0,44877.0,14381.0,16128.0,42580.0
2025-07-18_20:21:32,,,,13619.0,16128.0,42580.0
2025-07-18_20:21:36,3302.0,11979.0,44877.0,12181.0,16128.0,42580.0
2025-07-18_20:21:36,9615.0,11979.0,44877.0,13983.0,16128.0,42580.0
2025-07-18_20:21:36,10280.0,11979.0,44877.0,14109.0,16128.0,42580.0
2025-07-18_20:21:36,9639.0,11979.0,44877.0,14184.0,16128.0,42580.0
2025-07-18_20:21:37,9964.0,11979.0,44877.0,14417.0,16128.0,42580.0
2025-07-18_20:21:37,9904.0,11979.0,44877.0,14341.0,16128.0,42580.0
2025-07-18_20:21:37,9493.0,11979.0,44877.0,14288.0,16128.0,42580.0
2025-07-18_20:21:37,9591.0,11979.0,44877.0,14013.0,16128.0,42580.0
2025-07-18_20:21:38,,,,14219.0,16128.0,42581.0
2025-07-18_20:21:41,2778.0,11979.0,44877.0,12170.0,16128.0,42581.0
2025-07-18_20:21:42,9674.0,11979.0,44877.0,13977.0,16128.0,42581.0
2025-07-18_20:21:42,9966.0,11979.0,45227.0,14131.0,16128.0,42586.0
2025-07-18_20:21:42,,,,12053.0,16128.0,42586.0
2025-07-18_20:21:46,2778.0,11979.0,45227.0,12182.0,16128.0,42586.0
2025-07-18_20:21:46,10065.0,11979.0,45255.0,14024.0,16128.0,42595.0
2025-07-18_20:21:46,9477.0,11979.0,45255.0,14115.0,16128.0,42595.0
2025-07-18_20:21:47,,,,,,
2025-07-18_20:21:50,6965.0,11979.0,45255.0,3792.0,16128.0,42595.0
2025-07-18_20:21:54,2780.0,11979.0,45255.0,12166.0,16128.0,42595.0
2025-07-18_20:21:54,10170.0,11979.0,45255.0,14056.0,16128.0,42595.0
2025-07-18_20:21:55,,,,14370.0,16128.0,42595.0
2025-07-18_20:21:58,,,,,,
2025-07-18_20:22:02,6976.0,11979.0,45255.0,3793.0,16128.0,42595.0
2025-07-18_20:22:02,,,,14017.0,16128.0,42595.0
2025-07-18_20:22:06,3358.0,11979.0,45255.0,12161.0,16128.0,42595.0
2025-07-18_20:22:06,10097.0,11979.0,45277.0,14407.0,16128.0,42598.0
2025-07-18_20:22:07,,,,14143.0,16128.0,42598.0
2025-07-18_20:22:10,3358.0,11979.0,45277.0,12194.0,16128.0,42598.0
2025-07-18_20:22:10,,,,13782.0,16128.0,42598.0
2025-07-18_20:22:14,3377.0,11979.0,45277.0,12189.0,16128.0,42598.0
2025-07-18_20:22:14,9890.0,11979.0,45277.0,14310.0,16128.0,42598.0
2025-07-18_20:22:15,10151.0,11979.0,45278.0,14444.0,16128.0,42598.0
2025-07-18_20:22:15,,,,14215.0,16128.0,42598.0
2025-07-18_20:22:18,3358.0,11979.0,45278.0,12196.0,16128.0,42598.0
2025-07-18_20:22:19,,,,13763.0,16128.0,42598.0
2025-07-18_20:22:22,3302.0,11979.0,45278.0,12189.0,16128.0,42598.0
2025-07-18_20:22:23,9875.0,11979.0,45278.0,14079.0,16128.0,42598.0
2025-07-18_20:22:23,,,,13996.0,16128.0,42598.0
2025-07-18_20:22:26,3375.0,11979.0,45278.0,12184.0,16128.0,42598.0
2025-07-18_20:22:27,10212.0,11979.0,45279.0,14125.0,16128.0,42598.0
2025-07-18_20:22:27,10425.0,11979.0,45282.0,14429.0,16128.0,42598.0
2025-07-18_20:22:27,,,,14187.0,16128.0,42598.0
2025-07-18_20:22:31,3375.0,11979.0,45282.0,12191.0,16128.0,42598.0
2025-07-18_20:22:31,8637.0,11979.0,45282.0,13980.0,16128.0,42598.0
2025-07-18_20:22:31,10340.0,11979.0,45282.0,14619.0,16128.0,42598.0
2025-07-18_20:22:31,8627.0,11979.0,45282.0,14192.0,16128.0,42598.0
2025-07-18_20:22:32,9858.0,11979.0,45282.0,14139.0,16128.0,42598.0
2025-07-18_20:22:32,10018.0,11979.0,45282.0,14058.0,16128.0,42598.0
2025-07-18_20:22:32,,,,14457.0,16128.0,42598.0
2025-07-18_20:22:36,3375.0,11979.0,45282.0,12177.0,16128.0,42598.0
2025-07-18_20:22:36,,,,13844.0,16128.0,42598.0
2025-07-18_20:22:40,3358.0,11979.0,45282.0,12186.0,16128.0,42598.0
2025-07-18_20:22:40,9865.0,11979.0,45282.0,14313.0,16128.0,42598.0
2025-07-18_20:22:40,,,,13859.0,16128.0,42598.0
2025-07-18_20:22:44,3358.0,11979.0,45282.0,12191.0,16128.0,42598.0
2025-07-18_20:22:44,9472.0,11979.0,45282.0,14112.0,16128.0,42598.0
2025-07-18_20:22:44,10112.0,11979.0,45283.0,14035.0,16128.0,42598.0
2025-07-18_20:22:45,9857.0,11979.0,45283.0,14080.0,16128.0,42598.0
2025-07-18_20:22:45,9917.0,11979.0,45283.0,14347.0,16128.0,42598.0
2025-07-18_20:22:45,,,,,,
2025-07-18_20:22:49,6963.0,11979.0,45283.0,3792.0,16128.0,42598.0
2025-07-18_20:22:49,9451.0,11979.0,45283.0,14117.0,16128.0,42598.0
2025-07-18_20:22:49,9979.0,11979.0,45286.0,13904.0,16128.0,42598.0
2025-07-18_20:22:49,,,,13820.0,16128.0,42598.0
2025-07-18_20:22:53,3319.0,11979.0,45286.0,12187.0,16128.0,42598.0
2025-07-18_20:22:53,,,,13861.0,16128.0,42598.0
2025-07-18_20:22:57,3375.0,11979.0,45286.0,12184.0,16128.0,42598.0
2025-07-18_20:22:57,9833.0,11979.0,45286.0,14240.0,16128.0,42598.0
2025-07-18_20:22:57,9859.0,11979.0,45286.0,14095.0,16128.0,42598.0
2025-07-18_20:22:58,9864.0,11979.0,45286.0,14012.0,16128.0,42598.0
2025-07-18_20:22:58,,,,,,
2025-07-18_20:23:02,6963.0,11979.0,45286.0,3792.0,16128.0,42598.0
2025-07-18_20:23:02,8715.0,11979.0,45286.0,14202.0,16128.0,42598.0
2025-07-18_20:23:02,8579.0,11979.0,45286.0,13971.0,16128.0,42598.0
2025-07-18_20:23:02,8539.0,11979.0,45286.0,14099.0,16128.0,42598.0
2025-07-18_20:23:03,,,,,,
2025-07-18_20:23:07,6966.0,11979.0,45286.0,3793.0,16128.0,42598.0
2025-07-18_20:23:07,,,,,,
2025-07-18_20:23:11,6964.0,11979.0,45286.0,3793.0,16128.0,42598.0
2025-07-18_20:23:11,9437.0,11979.0,45286.0,14118.0,16128.0,42598.0
2025-07-18_20:23:11,8605.0,11979.0,45286.0,14065.0,16128.0,42598.0
2025-07-18_20:23:11,,,,,,
2025-07-18_20:23:15,6963.0,11979.0,45286.0,3787.0,16128.0,42598.0
2025-07-18_20:23:15,,,,14103.0,16128.0,42598.0
2025-07-18_20:23:19,3319.0,11979.0,45286.0,12193.0,16128.0,42598.0
2025-07-18_20:23:19,8700.0,11979.0,45286.0,14209.0,16128.0,42598.0
2025-07-18_20:23:19,,,,14206.0,16130.0,42613.0
2025-07-18_20:23:23,2778.0,11979.0,45286.0,12189.0,16130.0,42613.0
2025-07-18_20:23:24,10062.0,11979.0,45286.0,14530.0,16130.0,42613.0
2025-07-18_20:23:24,,,,,,
2025-07-18_20:23:28,,,,3793.0,16130.0,42613.0
2025-07-18_20:23:32,2778.0,11979.0,45286.0,12185.0,16130.0,42613.0
2025-07-18_20:23:32,,,,,,
2025-07-18_20:23:36,6974.0,11979.0,45286.0,3787.0,16130.0,42613.0
2025-07-18_20:23:36,,,,14682.0,16130.0,42615.0
2025-07-18_20:23:39,3358.0,11979.0,45286.0,12200.0,16130.0,42615.0
2025-07-18_20:23:40,9684.0,11979.0,45286.0,14271.0,16130.0,42615.0
2025-07-18_20:23:40,10524.0,11979.0,45289.0,14522.0,16130.0,42615.0
2025-07-18_20:23:40,8597.0,11979.0,45289.0,14205.0,16130.0,42615.0
2025-07-18_20:23:40,,,,14183.0,16130.0,42615.0
2025-07-18_20:23:44,3375.0,11979.0,45289.0,12191.0,16130.0,42615.0
2025-07-18_20:23:44,9957.0,11979.0,45289.0,14330.0,16130.0,42615.0
2025-07-18_20:23:44,,,,13553.0,16130.0,42615.0
2025-07-18_20:23:48,3375.0,11979.0,45289.0,12184.0,16130.0,42615.0
2025-07-18_20:23:48,10114.0,11979.0,45289.0,14480.0,16130.0,42615.0
2025-07-18_20:23:49,,,,13726.0,16130.0,42615.0
2025-07-18_20:23:52,3375.0,11979.0,45289.0,12185.0,16130.0,42615.0
2025-07-18_20:23:52,9531.0,11979.0,45289.0,14132.0,16130.0,42615.0
2025-07-18_20:23:53,9587.0,11979.0,45289.0,14191.0,16130.0,42615.0
2025-07-18_20:23:53,,,,,,
2025-07-18_20:23:57,6973.0,11979.0,45289.0,3786.0,16130.0,42615.0
2025-07-18_20:23:57,10134.0,11979.0,45292.0,14081.0,16130.0,42615.0
2025-07-18_20:23:57,9985.0,11979.0,45292.0,13987.0,16130.0,42615.0
2025-07-18_20:23:57,,,,,,
2025-07-18_20:24:01,6970.0,11979.0,45292.0,3793.0,16130.0,42615.0
2025-07-18_20:24:01,10050.0,11979.0,45292.0,14562.0,16130.0,42615.0
2025-07-18_20:24:02,9413.0,11979.0,45292.0,13934.0,16130.0,42615.0
2025-07-18_20:24:02,9908.0,11979.0,45292.0,14068.0,16130.0,42615.0
2025-07-18_20:24:02,9498.0,11979.0,45292.0,13931.0,16130.0,42615.0
2025-07-18_20:24:02,9198.0,11979.0,45292.0,13834.0,16130.0,42615.0
2025-07-18_20:24:03,8537.0,11979.0,45292.0,13897.0,16130.0,42615.0
2025-07-18_20:24:03,10276.0,11979.0,45297.0,13810.0,16131.0,42616.0
2025-07-18_20:24:03,,,,14268.0,16131.0,42616.0
2025-07-18_20:24:07,3358.0,11979.0,45297.0,12191.0,16131.0,42616.0
2025-07-18_20:24:07,9473.0,11979.0,45297.0,14115.0,16131.0,42616.0
2025-07-18_20:24:07,10642.0,11979.0,45326.0,14471.0,16131.0,42616.0
2025-07-18_20:24:07,,,,,,
2025-07-18_20:24:11,6968.0,11979.0,45326.0,3793.0,16131.0,42616.0
2025-07-18_20:24:11,9597.0,11979.0,45326.0,14224.0,16131.0,42616.0
2025-07-18_20:24:12,,,,,,
2025-07-18_20:24:15,6969.0,11979.0,45326.0,3793.0,16131.0,42616.0
2025-07-18_20:24:16,,,,,,
2025-07-18_20:24:20,6965.0,11979.0,45326.0,3792.0,16131.0,42616.0
2025-07-18_20:24:20,6971.0,11979.0,45326.0,3804.0,16131.0,42630.0
2025-07-18_20:24:21,10315.0,11980.0,45343.0,14280.0,16131.0,42632.0
2025-07-18_20:24:21,9885.0,11980.0,45343.0,14180.0,16131.0,42632.0
2025-07-18_20:24:21,,,,,,
2025-07-18_20:24:25,,,,3793.0,16131.0,42632.0
2025-07-18_20:24:29,2778.0,11980.0,45343.0,12169.0,16131.0,42632.0
2025-07-18_20:24:29,10222.0,11980.0,45343.0,14138.0,16131.0,42632.0
2025-07-18_20:24:29,10137.0,11980.0,45343.0,14025.0,16131.0,42632.0
2025-07-18_20:24:30,,,,14466.0,16131.0,42632.0
2025-07-18_20:24:33,3375.0,11980.0,45343.0,12167.0,16131.0,42632.0
2025-07-18_20:24:33,9623.0,11980.0,45343.0,14029.0,16131.0,42632.0
2025-07-18_20:24:34,,,,14027.0,16131.0,42632.0
2025-07-18_20:24:37,,,,,,
2025-07-18_20:24:41,6967.0,11980.0,45343.0,3793.0,16131.0,42632.0
2025-07-18_20:24:41,,,,14352.0,16131.0,42632.0
2025-07-18_20:24:45,3375.0,11980.0,45343.0,12166.0,16131.0,42632.0
2025-07-18_20:24:45,8698.0,11980.0,45343.0,13907.0,16131.0,42632.0
2025-07-18_20:24:46,9864.0,11980.0,45343.0,14121.0,16131.0,42632.0
2025-07-18_20:24:46,10188.0,11980.0,45343.0,14172.0,16131.0,42632.0
2025-07-18_20:24:46,,,,14269.0,16131.0,42632.0
2025-07-18_20:24:50,3358.0,11980.0,45343.0,12191.0,16131.0,42632.0
2025-07-18_20:24:50,10159.0,11980.0,45343.0,13998.0,16131.0,42632.0
2025-07-18_20:24:50,10627.0,11980.0,45343.0,14368.0,16131.0,42632.0
2025-07-18_20:24:50,,,,,,
2025-07-18_20:24:55,2780.0,11980.0,45343.0,3776.0,16131.0,42632.0
2025-07-18_20:24:55,10199.0,11980.0,45343.0,14046.0,16131.0,42632.0
2025-07-18_20:24:55,,,,14354.0,16131.0,42632.0
2025-07-18_20:24:59,3375.0,11980.0,45343.0,12191.0,16131.0,42632.0
2025-07-18_20:24:59,,,,13824.0,16131.0,42632.0
2025-07-18_20:25:03,3302.0,11980.0,45343.0,12191.0,16131.0,42632.0
2025-07-18_20:25:03,9824.0,11980.0,45343.0,14221.0,16131.0,42632.0
2025-07-18_20:25:04,,,,14096.0,16131.0,42632.0
2025-07-18_20:25:07,3375.0,11980.0,45343.0,12187.0,16131.0,42632.0
2025-07-18_20:25:07,10011.0,11980.0,45343.0,14030.0,16131.0,42632.0
2025-07-18_20:25:08,8587.0,11980.0,45343.0,14084.0,16131.0,42632.0
2025-07-18_20:25:08,,,,14173.0,16131.0,42632.0
2025-07-18_20:25:12,3358.0,11980.0,45343.0,12195.0,16131.0,42632.0
2025-07-18_20:25:12,,,,14225.0,16131.0,42632.0
2025-07-18_20:25:16,3358.0,11980.0,45343.0,12162.0,16131.0,42632.0
2025-07-18_20:25:16,,,,13930.0,16131.0,42632.0
2025-07-18_20:25:20,3302.0,11980.0,45343.0,12201.0,16131.0,42632.0
2025-07-18_20:25:20,,,,,,
2025-07-18_20:25:24,6955.0,11980.0,45343.0,3793.0,16131.0,42632.0
2025-07-18_20:25:24,,,,,,
2025-07-18_20:25:28,6966.0,11980.0,45343.0,3787.0,16131.0,42632.0
2025-07-18_20:25:28,8536.0,11980.0,45345.0,13866.0,16131.0,42632.0
2025-07-18_20:25:32,2778.0,11980.0,45345.0,12168.0,16131.0,42632.0
2025-07-18_20:25:32,,,,14422.0,16131.0,42632.0
2025-07-18_20:25:36,3358.0,11980.0,45345.0,12196.0,16131.0,42632.0
2025-07-18_20:25:36,9824.0,11980.0,45345.0,14028.0,16131.0,42632.0
2025-07-18_20:25:36,,,,14344.0,16131.0,42632.0
2025-07-18_20:25:40,3358.0,11980.0,45345.0,12166.0,16131.0,42632.0
2025-07-18_20:25:40,9413.0,11980.0,45345.0,13749.0,16131.0,42632.0
2025-07-18_20:25:40,9274.0,11980.0,45345.0,13779.0,16131.0,42632.0
2025-07-18_20:25:41,,,,,,
2025-07-18_20:25:45,2778.0,11980.0,45345.0,3776.0,16131.0,42632.0
2025-07-18_20:25:45,,,,14105.0,16131.0,42632.0
2025-07-18_20:25:49,3319.0,11980.0,45345.0,12190.0,16131.0,42632.0
2025-07-18_20:25:49,,,,13978.0,16131.0,42632.0
2025-07-18_20:25:53,3358.0,11980.0,45345.0,12196.0,16131.0,42633.0
2025-07-18_20:25:53,,,,,,
2025-07-18_20:25:57,6962.0,11980.0,45345.0,3793.0,16131.0,42633.0
2025-07-18_20:25:57,,,,,,
2025-07-18_20:26:02,2778.0,11980.0,45345.0,3776.0,16131.0,42633.0
2025-07-18_20:26:02,8689.0,11980.0,45345.0,14220.0,16131.0,42633.0
2025-07-18_20:26:02,9985.0,11980.0,45418.0,14078.0,16131.0,42636.0
2025-07-18_20:26:02,9815.0,11980.0,45418.0,14300.0,16131.0,42636.0
2025-07-18_20:26:02,8610.0,11980.0,45418.0,14124.0,16131.0,42636.0
2025-07-18_20:26:03,,,,14309.0,16131.0,42636.0
2025-07-18_20:26:06,3375.0,11980.0,45418.0,12190.0,16131.0,42636.0
2025-07-18_20:26:07,,,,14172.0,16131.0,42636.0
2025-07-18_20:26:10,3375.0,11980.0,45418.0,12180.0,16131.0,42636.0
2025-07-18_20:26:10,9184.0,11980.0,45418.0,13984.0,16131.0,42636.0
2025-07-18_20:26:11,,,,13974.0,16131.0,42636.0
2025-07-18_20:26:14,3319.0,11980.0,45418.0,12184.0,16131.0,42636.0
2025-07-18_20:26:15,,,,14129.0,16131.0,42636.0
2025-07-18_20:26:18,3358.0,11980.0,45418.0,12187.0,16131.0,42636.0
2025-07-18_20:26:19,9463.0,11980.0,45418.0,14110.0,16131.0,42636.0
2025-07-18_20:26:19,9921.0,11980.0,45418.0,14117.0,16131.0,42636.0
2025-07-18_20:26:19,9714.0,11980.0,45418.0,14070.0,16131.0,42636.0
2025-07-18_20:26:19,,,,14087.0,16131.0,42636.0
2025-07-18_20:26:23,3358.0,11980.0,45418.0,12196.0,16131.0,42636.0
2025-07-18_20:26:23,9713.0,11980.0,45418.0,13976.0,16131.0,42636.0
2025-07-18_20:26:23,,,,,,
2025-07-18_20:26:27,6969.0,11980.0,45418.0,3792.0,16131.0,42636.0
2025-07-18_20:26:27,9284.0,11980.0,45418.0,14206.0,16131.0,42636.0
2025-07-18_20:26:28,,,,13698.0,16131.0,42636.0
2025-07-18_20:26:31,3319.0,11980.0,45418.0,12170.0,16131.0,42636.0
2025-07-18_20:26:31,,,,,,
2025-07-18_20:26:35,6969.0,11980.0,45418.0,3792.0,16131.0,42636.0
2025-07-18_20:26:36,,,,14120.0,16131.0,42636.0
2025-07-18_20:26:39,3375.0,11980.0,45418.0,12187.0,16131.0,42636.0
2025-07-18_20:26:39,,,,14128.0,16131.0,42636.0
2025-07-18_20:26:43,2778.0,11980.0,45418.0,12191.0,16131.0,42636.0
2025-07-18_20:26:43,,,,13785.0,16131.0,42636.0
2025-07-18_20:26:47,3317.0,11980.0,45418.0,12191.0,16131.0,42636.0
2025-07-18_20:26:47,9850.0,11980.0,45418.0,14175.0,16131.0,42636.0
2025-07-18_20:26:48,10002.0,11980.0,45418.0,14321.0,16131.0,42636.0
2025-07-18_20:26:48,,,,13789.0,16131.0,42636.0
2025-07-18_20:26:51,3302.0,11980.0,45418.0,12148.0,16131.0,42636.0
2025-07-18_20:26:52,,,,14177.0,16131.0,42636.0
2025-07-18_20:26:55,3375.0,11980.0,45418.0,12183.0,16131.0,42636.0
2025-07-18_20:26:56,,,,14003.0,16131.0,42636.0
2025-07-18_20:26:59,3319.0,11980.0,45418.0,12185.0,16131.0,42636.0
2025-07-18_20:26:59,,,,14275.0,16131.0,42636.0
2025-07-18_20:27:03,3319.0,11980.0,45418.0,12184.0,16131.0,42636.0
2025-07-18_20:27:03,,,,14140.0,16131.0,42636.0
2025-07-18_20:27:07,3358.0,11980.0,45418.0,12165.0,16131.0,42636.0
2025-07-18_20:27:07,,,,,,
2025-07-18_20:27:11,6967.0,11980.0,45418.0,3793.0,16131.0,42636.0
2025-07-18_20:27:11,,,,14018.0,16131.0,42636.0
2025-07-18_20:27:15,3375.0,11980.0,45418.0,12188.0,16131.0,42636.0
2025-07-18_20:27:15,10039.0,11980.0,45421.0,14247.0,16131.0,42636.0
2025-07-18_20:27:15,10266.0,11980.0,45421.0,14404.0,16131.0,42636.0
2025-07-18_20:27:16,,,,14393.0,16131.0,42636.0
2025-07-18_20:27:19,3373.0,11980.0,45421.0,12193.0,16131.0,42636.0
2025-07-18_20:27:20,,,,14041.0,16131.0,42636.0
2025-07-18_20:27:23,3358.0,11980.0,45421.0,12185.0,16131.0,42636.0
2025-07-18_20:27:23,,,,14304.0,16131.0,42636.0
2025-07-18_20:27:27,3375.0,11980.0,45421.0,12189.0,16131.0,42636.0
2025-07-18_20:27:27,8585.0,11980.0,45421.0,14206.0,16131.0,42636.0
2025-07-18_20:27:28,,,,14216.0,16131.0,42636.0
2025-07-18_20:27:31,3358.0,11980.0,45421.0,12183.0,16131.0,42636.0
2025-07-18_20:27:32,8416.0,11980.0,45421.0,13755.0,16131.0,42636.0
2025-07-18_20:27:32,,,,13743.0,16131.0,42636.0
2025-07-18_20:27:35,3375.0,11980.0,45421.0,12193.0,16131.0,42636.0
2025-07-18_20:27:36,8670.0,11980.0,45437.0,14135.0,16131.0,42641.0
2025-07-18_20:27:36,10073.0,11980.0,45437.0,14224.0,16131.0,42641.0
2025-07-18_20:27:36,,,,,,
2025-07-18_20:27:41,2778.0,11980.0,45437.0,3778.0,16131.0,42641.0
2025-07-18_20:27:41,,,,,,
2025-07-18_20:27:45,6967.0,11980.0,45437.0,3793.0,16131.0,42641.0
2025-07-18_20:27:45,,,,,,
2025-07-18_20:27:49,6963.0,11980.0,45437.0,3792.0,16131.0,42641.0
2025-07-18_20:27:49,9928.0,11980.0,45437.0,14109.0,16131.0,42641.0
2025-07-18_20:27:49,,,,14233.0,16131.0,42641.0
2025-07-18_20:27:53,3375.0,11980.0,45437.0,12188.0,16131.0,42641.0
2025-07-18_20:27:53,9957.0,11980.0,45438.0,14094.0,16131.0,42642.0
2025-07-18_20:27:53,10200.0,11980.0,45438.0,14112.0,16131.0,42642.0
2025-07-18_20:27:53,,,,14199.0,16131.0,42642.0
2025-07-18_20:27:57,3358.0,11980.0,45438.0,12165.0,16131.0,42642.0
2025-07-18_20:27:57,,,,14198.0,16131.0,42642.0
2025-07-18_20:28:01,3358.0,11980.0,45438.0,12180.0,16131.0,42642.0
2025-07-18_20:28:01,9206.0,11980.0,45438.0,13797.0,16131.0,42642.0
2025-07-18_20:28:02,8542.0,11980.0,45438.0,13939.0,16131.0,42642.0
2025-07-18_20:28:02,9929.0,11980.0,45438.0,14151.0,16131.0,42642.0
2025-07-18_20:28:02,,,,13785.0,16131.0,42642.0
2025-07-18_20:28:06,3319.0,11980.0,45438.0,12168.0,16131.0,42642.0
2025-07-18_20:28:06,,,,14041.0,16131.0,42838.0
2025-07-18_20:28:10,2778.0,11980.0,45438.0,12187.0,16131.0,42838.0
2025-07-18_20:28:10,,,,14190.0,16131.0,42838.0
2025-07-18_20:28:14,3375.0,11980.0,45438.0,12165.0,16131.0,42838.0
2025-07-18_20:28:14,,,,,,
2025-07-18_20:28:18,6965.0,11980.0,45438.0,3786.0,16131.0,42838.0
2025-07-18_20:28:18,10633.0,11980.0,45456.0,14662.0,16131.0,42846.0
2025-07-18_20:28:18,8523.0,11980.0,45456.0,14041.0,16131.0,42846.0
2025-07-18_20:28:18,9133.0,11980.0,45456.0,14037.0,16131.0,42846.0
2025-07-18_20:28:19,10074.0,11980.0,45456.0,14291.0,16131.0,42846.0
2025-07-18_20:28:19,,,,14017.0,16131.0,42846.0
2025-07-18_20:28:23,3375.0,11980.0,45456.0,12199.0,16131.0,42846.0
2025-07-18_20:28:23,,,,,,
2025-07-18_20:28:27,2778.0,11980.0,45456.0,3778.0,16131.0,42846.0
2025-07-18_20:28:28,,,,,,
2025-07-18_20:28:31,6965.0,11980.0,45456.0,3792.0,16131.0,42846.0
2025-07-18_20:28:32,,,,14214.0,16131.0,42846.0
2025-07-18_20:28:35,3358.0,11980.0,45456.0,12164.0,16131.0,42846.0
2025-07-18_20:28:36,8618.0,11980.0,45456.0,13797.0,16131.0,42846.0
2025-07-18_20:28:36,9578.0,11980.0,45456.0,14216.0,16131.0,42846.0
2025-07-18_20:28:36,8349.0,11980.0,45456.0,13932.0,16131.0,42876.0
2025-07-18_20:28:36,9878.0,11980.0,45456.0,14176.0,16131.0,42876.0
2025-07-18_20:28:36,,,,,,
2025-07-18_20:28:40,6964.0,11980.0,45456.0,3792.0,16131.0,42876.0
2025-07-18_20:28:42,2778.0,11980.0,45456.0,3787.0,16131.0,42876.0
2025-07-18_20:28:42,,,,14069.0,16131.0,42876.0
2025-07-18_20:28:46,3375.0,11980.0,45456.0,12163.0,16131.0,42876.0
2025-07-18_20:28:46,9835.0,11980.0,45456.0,14254.0,16131.0,42876.0
2025-07-18_20:28:46,9116.0,11980.0,45457.0,14041.0,16131.0,42876.0
2025-07-18_20:28:46,,,,14134.0,16131.0,42876.0
2025-07-18_20:28:50,2778.0,11980.0,45457.0,12184.0,16131.0,42876.0
2025-07-18_20:28:50,10084.0,11980.0,45457.0,14363.0,16131.0,42876.0
2025-07-18_20:28:51,,,,,,
2025-07-18_20:28:55,2780.0,11980.0,45457.0,3778.0,16131.0,42876.0
2025-07-18_20:28:55,,,,,,
2025-07-18_20:29:00,2778.0,11980.0,45457.0,3776.0,16131.0,42876.0
2025-07-18_20:29:00,9994.0,11980.0,45457.0,14150.0,16131.0,42876.0
2025-07-18_20:29:00,10273.0,11980.0,45479.0,14116.0,16131.0,42878.0
2025-07-18_20:29:00,,,,,,
2025-07-18_20:29:04,6959.0,11980.0,45479.0,3787.0,16131.0,42878.0
2025-07-18_20:29:04,,,,,,
2025-07-18_20:29:08,6959.0,11980.0,45479.0,3793.0,16131.0,42878.0
2025-07-18_20:29:08,8758.0,11980.0,45479.0,14351.0,16131.0,42878.0
2025-07-18_20:29:09,,,,14365.0,16131.0,42878.0
2025-07-18_20:29:12,3358.0,11980.0,45479.0,12194.0,16131.0,42878.0
2025-07-18_20:29:13,,,,14452.0,16131.0,42879.0
2025-07-18_20:29:16,2778.0,11980.0,45479.0,12191.0,16131.0,42879.0
2025-07-18_20:29:17,9996.0,11980.0,45479.0,13822.0,16131.0,42879.0
2025-07-18_20:29:17,9683.0,11980.0,45479.0,13944.0,16131.0,42879.0
2025-07-18_20:29:17,9648.0,11980.0,45479.0,14300.0,16131.0,42879.0
2025-07-18_20:29:17,,,,,,
2025-07-18_20:29:21,6969.0,11980.0,45479.0,3795.0,16131.0,42879.0
2025-07-18_20:29:21,,,,14633.0,16131.0,42879.0
2025-07-18_20:29:25,3375.0,11980.0,45479.0,12191.0,16131.0,42879.0
2025-07-18_20:29:25,,,,14152.0,16131.0,42879.0
2025-07-18_20:29:29,2778.0,11980.0,45479.0,12189.0,16131.0,42879.0
2025-07-18_20:29:29,8541.0,11980.0,45479.0,13936.0,16131.0,42879.0
2025-07-18_20:29:30,,,,14078.0,16131.0,42881.0
2025-07-18_20:29:34,2778.0,11980.0,45479.0,12193.0,16131.0,42881.0
2025-07-18_20:29:34,,,,14009.0,16131.0,42881.0
2025-07-18_20:29:37,3375.0,11980.0,45479.0,12188.0,16131.0,42881.0
2025-07-18_20:29:38,,,,14079.0,16131.0,42881.0
2025-07-18_20:29:41,3375.0,11980.0,45479.0,12194.0,16131.0,42881.0
2025-07-18_20:29:42,,,,13856.0,16131.0,42881.0
2025-07-18_20:29:46,2778.0,11980.0,45479.0,12175.0,16131.0,42881.0
2025-07-18_20:29:46,,,,14095.0,16131.0,42881.0
2025-07-18_20:29:50,2778.0,11980.0,45479.0,12185.0,16131.0,42881.0
2025-07-18_20:29:50,,,,14043.0,16131.0,42881.0
2025-07-18_20:29:54,2778.0,11980.0,45479.0,12163.0,16131.0,42881.0
2025-07-18_20:29:54,,,,13898.0,16131.0,42881.0
2025-07-18_20:29:58,3302.0,11980.0,45479.0,12199.0,16131.0,42881.0
2025-07-18_20:29:58,8595.0,11980.0,45479.0,14135.0,16131.0,42881.0
2025-07-18_20:29:58,9770.0,11980.0,45479.0,14130.0,16131.0,42881.0
2025-07-18_20:29:58,,,,,,
2025-07-18_20:30:02,6968.0,11980.0,45479.0,3792.0,16131.0,42881.0
2025-07-18_20:30:02,8548.0,11980.0,45479.0,13805.0,16131.0,42881.0
2025-07-18_20:30:03,,,,13846.0,16131.0,42881.0
2025-07-18_20:30:06,,,,,,
2025-07-18_20:30:10,6965.0,11980.0,45479.0,3792.0,16131.0,42881.0
2025-07-18_20:30:10,9427.0,11980.0,45479.0,14116.0,16131.0,42881.0
2025-07-18_20:30:10,,,,13981.0,16131.0,42881.0
2025-07-18_20:30:14,3375.0,11980.0,45479.0,12184.0,16131.0,42881.0
2025-07-18_20:30:14,10665.0,11980.0,45485.0,14404.0,16131.0,42881.0
2025-07-18_20:30:15,9953.0,11980.0,45485.0,14332.0,16131.0,42881.0
2025-07-18_20:30:15,9861.0,11980.0,45485.0,14028.0,16131.0,42881.0
2025-07-18_20:30:15,10195.0,11980.0,45485.0,14144.0,16131.0,42881.0
2025-07-18_20:30:15,10191.0,11980.0,45485.0,14380.0,16131.0,42881.0
2025-07-18_20:30:16,,,,14013.0,16131.0,42881.0
2025-07-18_20:30:19,3375.0,11980.0,45485.0,12182.0,16131.0,42881.0
2025-07-18_20:30:20,8547.0,11980.0,45485.0,13797.0,16131.0,42881.0
2025-07-18_20:30:20,,,,14579.0,16131.0,42881.0
2025-07-18_20:30:24,3358.0,11980.0,45485.0,12170.0,16131.0,42881.0
2025-07-18_20:30:24,,,,14223.0,16131.0,42881.0
2025-07-18_20:30:27,3302.0,11980.0,45485.0,12186.0,16131.0,42881.0
2025-07-18_20:30:28,9726.0,11980.0,45485.0,14218.0,16131.0,42881.0
2025-07-18_20:30:28,9824.0,11980.0,45485.0,14388.0,16131.0,42881.0
2025-07-18_20:30:28,,,,14262.0,16131.0,42881.0
2025-07-18_20:30:32,3377.0,11980.0,45485.0,12181.0,16131.0,42881.0
2025-07-18_20:30:32,9752.0,11980.0,45485.0,14024.0,16131.0,42881.0
2025-07-18_20:30:32,,,,14341.0,16131.0,42881.0
2025-07-18_20:30:36,3375.0,11980.0,45485.0,12191.0,16131.0,42881.0
2025-07-18_20:30:36,,,,,,
2025-07-18_20:30:41,2778.0,11980.0,45485.0,3776.0,16131.0,42881.0
2025-07-18_20:30:41,8709.0,11980.0,45485.0,14229.0,16131.0,42881.0
2025-07-18_20:30:41,,,,,,
2025-07-18_20:30:45,6968.0,11980.0,45500.0,3792.0,16131.0,42881.0
2025-07-18_20:30:45,,,,14191.0,16131.0,42881.0
2025-07-18_20:30:49,3358.0,11980.0,45500.0,12193.0,16131.0,42881.0
2025-07-18_20:30:49,9881.0,11980.0,45500.0,14158.0,16131.0,42881.0
2025-07-18_20:30:49,,,,,,
2025-07-18_20:30:53,6970.0,11980.0,45500.0,3787.0,16131.0,42881.0
2025-07-18_20:30:53,,,,,,
2025-07-18_20:30:57,6972.0,11980.0,45500.0,3793.0,16131.0,42881.0
2025-07-18_20:30:57,,,,14357.0,16131.0,42881.0
2025-07-18_20:31:01,3375.0,11980.0,45500.0,12194.0,16131.0,42881.0
2025-07-18_20:31:01,9998.0,11980.0,45500.0,14299.0,16131.0,42881.0
2025-07-18_20:31:01,,,,,,
2025-07-18_20:31:05,,,,3776.0,16131.0,42881.0
2025-07-18_20:31:09,2778.0,11980.0,45500.0,12193.0,16131.0,42881.0
2025-07-18_20:31:09,,,,,,
2025-07-18_20:31:14,2778.0,11980.0,45500.0,3778.0,16131.0,42881.0
2025-07-18_20:31:14,8531.0,11980.0,45500.0,13671.0,16131.0,42881.0
2025-07-18_20:31:14,9592.0,11980.0,45500.0,14231.0,16131.0,42881.0
2025-07-18_20:31:14,9884.0,11980.0,45500.0,14216.0,16131.0,42881.0
2025-07-18_20:31:15,,,,14581.0,16131.0,42881.0
2025-07-18_20:31:18,3375.0,11980.0,45500.0,12160.0,16131.0,42881.0
2025-07-18_20:31:19,8675.0,11980.0,45500.0,14088.0,16131.0,42881.0
2025-07-18_20:31:19,,,,14081.0,16131.0,42881.0
2025-07-18_20:31:23,3319.0,11980.0,45500.0,12185.0,16131.0,42881.0
2025-07-18_20:31:23,,,,13986.0,16131.0,42881.0
2025-07-18_20:31:26,3375.0,11980.0,45500.0,12190.0,16131.0,42881.0
2025-07-18_20:31:27,10047.0,11980.0,45500.0,13714.0,16131.0,42882.0
2025-07-18_20:31:27,,,,13066.0,16131.0,42882.0
2025-07-18_20:31:31,2778.0,11980.0,45500.0,12170.0,16131.0,42882.0
2025-07-18_20:31:31,9922.0,11980.0,45500.0,14100.0,16131.0,42882.0
2025-07-18_20:31:31,8521.0,11980.0,45500.0,14200.0,16131.0,42882.0
2025-07-18_20:31:35,2778.0,11980.0,45500.0,12202.0,16131.0,42882.0
2025-07-18_20:31:35,9744.0,11980.0,45500.0,14036.0,16131.0,42882.0
2025-07-18_20:31:36,,,,,,
2025-07-18_20:31:39,6971.0,11980.0,45500.0,3786.0,16131.0,42882.0
2025-07-18_20:31:40,8547.0,11980.0,45500.0,13930.0,16131.0,42882.0
2025-07-18_20:31:40,,,,14228.0,16131.0,42882.0
2025-07-18_20:31:44,3377.0,11980.0,45500.0,12182.0,16131.0,42882.0
2025-07-18_20:31:44,,,,14115.0,16131.0,42882.0
2025-07-18_20:31:48,3319.0,11980.0,45500.0,12195.0,16131.0,42882.0
2025-07-18_20:31:48,8654.0,11980.0,45500.0,14177.0,16131.0,42882.0
2025-07-18_20:31:48,10396.0,11980.0,45500.0,14206.0,16131.0,42885.0
2025-07-18_20:31:48,,,,14096.0,16131.0,42885.0
2025-07-18_20:31:52,2778.0,11980.0,45500.0,12186.0,16131.0,42885.0
2025-07-18_20:31:52,9831.0,11980.0,45500.0,14033.0,16131.0,42885.0
2025-07-18_20:31:53,10330.0,11980.0,45502.0,14205.0,16131.0,42885.0
2025-07-18_20:31:53,,,,14151.0,16131.0,42885.0
2025-07-18_20:31:56,3319.0,11980.0,45502.0,12186.0,16131.0,42885.0
2025-07-18_20:31:57,,,,14012.0,16131.0,42885.0
2025-07-18_20:32:00,3375.0,11980.0,45502.0,12188.0,16131.0,42885.0
2025-07-18_20:32:01,10002.0,11980.0,45502.0,14468.0,16131.0,42885.0
2025-07-18_20:32:01,,,,14301.0,16131.0,42885.0
2025-07-18_20:32:05,3360.0,11980.0,45502.0,12185.0,16131.0,42885.0
2025-07-18_20:32:05,9923.0,11980.0,45502.0,14075.0,16131.0,42885.0
2025-07-18_20:32:05,,,,14181.0,16131.0,42885.0
2025-07-18_20:32:09,3377.0,11980.0,45502.0,12193.0,16131.0,42885.0
2025-07-18_20:32:09,,,,,,
2025-07-18_20:32:13,3356.0,11980.0,45502.0,4596.0,16131.0,42885.0
2025-07-18_20:32:13,8564.0,11980.0,45502.0,13868.0,16131.0,42885.0
2025-07-18_20:32:14,10536.0,11980.0,45502.0,14433.0,16131.0,42885.0
2025-07-18_20:32:14,,,,13801.0,16131.0,42885.0
2025-07-18_20:32:17,3375.0,11980.0,45502.0,12185.0,16131.0,42885.0
2025-07-18_20:32:18,,,,14355.0,16131.0,42885.0
2025-07-18_20:32:21,3358.0,11980.0,45502.0,12189.0,16131.0,42885.0
2025-07-18_20:32:22,9169.0,11980.0,45502.0,14023.0,16131.0,42885.0
2025-07-18_20:32:22,,,,14259.0,16131.0,42885.0
2025-07-18_20:32:26,3375.0,11980.0,45502.0,12162.0,16131.0,42885.0
2025-07-18_20:32:26,10234.0,11980.0,45502.0,14140.0,16131.0,42885.0
2025-07-18_20:32:26,,,,13944.0,16131.0,42885.0
2025-07-18_20:32:30,3375.0,11980.0,45502.0,12196.0,16131.0,42885.0
2025-07-18_20:32:30,10159.0,11980.0,45502.0,14051.0,16131.0,42885.0
2025-07-18_20:32:30,,,,14310.0,16131.0,42885.0
2025-07-18_20:32:34,3375.0,11980.0,45502.0,12191.0,16131.0,42885.0
2025-07-18_20:32:34,7988.0,11980.0,45502.0,13073.0,16131.0,42885.0
2025-07-18_20:32:34,,,,13823.0,16131.0,42885.0
2025-07-18_20:32:38,3304.0,11980.0,45502.0,12197.0,16131.0,42885.0
2025-07-18_20:32:38,,,,,,
2025-07-18_20:32:42,6970.0,11980.0,45502.0,3793.0,16131.0,42885.0
2025-07-18_20:32:46,2778.0,11980.0,45502.0,12192.0,16131.0,42885.0
2025-07-18_20:32:46,9814.0,11980.0,45502.0,13797.0,16131.0,42885.0
2025-07-18_20:32:46,,,,14218.0,16131.0,42885.0
2025-07-18_20:32:50,3358.0,11980.0,45502.0,12169.0,16131.0,42885.0
2025-07-18_20:32:50,,,,,,
2025-07-18_20:32:54,6968.0,11980.0,45502.0,3792.0,16131.0,42885.0
2025-07-18_20:32:54,,,,14093.0,16131.0,42885.0
2025-07-18_20:32:58,3375.0,11980.0,45502.0,12191.0,16131.0,42885.0
2025-07-18_20:32:58,8526.0,11980.0,45502.0,13840.0,16131.0,42885.0
2025-07-18_20:32:58,,,,,,
2025-07-18_20:33:02,6965.0,11980.0,45502.0,3786.0,16131.0,42885.0
2025-07-18_20:33:02,9672.0,11980.0,45502.0,13973.0,16131.0,42885.0
2025-07-18_20:33:03,,,,,,
2025-07-18_20:33:07,6974.0,11980.0,45502.0,3792.0,16131.0,42885.0
2025-07-18_20:33:07,,,,14271.0,16131.0,42885.0
2025-07-18_20:33:11,3358.0,11980.0,45502.0,12193.0,16131.0,42885.0
2025-07-18_20:33:11,9933.0,11980.0,45502.0,14292.0,16131.0,42885.0
2025-07-18_20:33:11,10415.0,11980.0,45502.0,14201.0,16131.0,42885.0
2025-07-18_20:33:11,,,,14222.0,16131.0,42885.0
2025-07-18_20:33:15,3358.0,11980.0,45502.0,12193.0,16131.0,42885.0
2025-07-18_20:33:15,,,,14046.0,16131.0,42885.0
2025-07-18_20:33:19,3375.0,11980.0,45502.0,12185.0,16131.0,42885.0
2025-07-18_20:33:19,,,,13970.0,16131.0,42885.0
2025-07-18_20:33:23,3358.0,11980.0,45502.0,12193.0,16131.0,42885.0
2025-07-18_20:33:23,8696.0,11980.0,45502.0,13854.0,16131.0,42885.0
2025-07-18_20:33:23,,,,14027.0,16131.0,42885.0
2025-07-18_20:33:27,2778.0,11980.0,45502.0,12151.0,16131.0,42885.0
2025-07-18_20:33:27,,,,14367.0,16131.0,42885.0
2025-07-18_20:33:31,3375.0,11980.0,45502.0,12188.0,16131.0,42885.0
2025-07-18_20:33:31,10066.0,11980.0,45502.0,14171.0,16131.0,42885.0
2025-07-18_20:33:31,,,,,,
2025-07-18_20:33:36,2778.0,11980.0,45502.0,3776.0,16131.0,42885.0
2025-07-18_20:33:36,,,,,,
2025-07-18_20:33:40,6970.0,11980.0,45502.0,3793.0,16131.0,42885.0
2025-07-18_20:33:40,,,,,,
2025-07-18_20:33:44,6965.0,11980.0,45502.0,3792.0,16131.0,42885.0
2025-07-18_20:33:44,,,,13973.0,16131.0,42885.0
2025-07-18_20:33:48,3358.0,11980.0,45502.0,12160.0,16131.0,42885.0
2025-07-18_20:33:48,,,,,,
2025-07-18_20:33:52,2778.0,11980.0,45502.0,3776.0,16131.0,42885.0
2025-07-18_20:33:53,8368.0,11980.0,45502.0,13926.0,16131.0,42885.0
2025-07-18_20:33:53,,,,13929.0,16131.0,42885.0
2025-07-18_20:33:56,3302.0,11980.0,45502.0,12185.0,16131.0,42885.0
2025-07-18_20:33:57,10093.0,11980.0,45502.0,14321.0,16131.0,42885.0
2025-07-18_20:33:57,,,,14358.0,16131.0,42885.0
2025-07-18_20:34:01,2778.0,11980.0,45502.0,12184.0,16131.0,42885.0
2025-07-18_20:34:01,,,,,,
2025-07-18_20:34:05,6964.0,11980.0,45502.0,3793.0,16131.0,42885.0
2025-07-18_20:34:05,9892.0,11980.0,45502.0,14017.0,16131.0,42885.0
2025-07-18_20:34:05,,,,14188.0,16131.0,42885.0
2025-07-18_20:34:09,3375.0,11980.0,45502.0,12184.0,16131.0,42885.0
2025-07-18_20:34:09,8692.0,11980.0,45502.0,14083.0,16131.0,42885.0
2025-07-18_20:34:09,8723.0,11980.0,45502.0,14098.0,16131.0,42885.0
2025-07-18_20:34:10,9688.0,11980.0,45502.0,13985.0,16131.0,42885.0
2025-07-18_20:34:10,8666.0,11980.0,45502.0,14205.0,16131.0,42885.0
2025-07-18_20:34:10,9880.0,11980.0,45502.0,14234.0,16131.0,42885.0
2025-07-18_20:34:10,8659.0,11980.0,45502.0,14208.0,16131.0,42885.0
2025-07-18_20:34:11,3300.0,11980.0,45502.0,12172.0,16131.0,42885.0
2025-07-18_20:34:11,9921.0,11980.0,45502.0,13891.0,16131.0,42885.0
2025-07-18_20:34:12,9977.0,11980.0,45502.0,14426.0,16131.0,42885.0
2025-07-18_20:34:12,,,,,,
2025-07-18_20:34:16,6964.0,11980.0,45502.0,3792.0,16131.0,42885.0
2025-07-18_20:34:16,9977.0,11980.0,45502.0,14494.0,16131.0,42885.0
2025-07-18_20:34:16,10033.0,11980.0,45502.0,13948.0,16131.0,42885.0
2025-07-18_20:34:16,9205.0,11980.0,45502.0,14003.0,16131.0,42885.0
2025-07-18_20:34:16,9902.0,11980.0,45502.0,14039.0,16131.0,42885.0
2025-07-18_20:34:17,8676.0,11980.0,45502.0,14487.0,16131.0,42885.0
2025-07-18_20:34:17,9825.0,11980.0,45502.0,13816.0,16131.0,42885.0
2025-07-18_20:34:17,,,,14190.0,16131.0,42885.0
2025-07-18_20:34:21,3358.0,11980.0,45502.0,12168.0,16131.0,42885.0
2025-07-18_20:34:21,,,,,,
2025-07-18_20:34:25,6963.0,11980.0,45502.0,3793.0,16131.0,42885.0
2025-07-18_20:34:25,10069.0,11980.0,45502.0,14193.0,16131.0,42885.0
2025-07-18_20:34:25,10046.0,11980.0,45505.0,14002.0,16131.0,42885.0
2025-07-18_20:34:25,10167.0,11980.0,45505.0,14095.0,16131.0,42885.0
2025-07-18_20:34:26,,,,14273.0,16131.0,42885.0
2025-07-18_20:34:29,3358.0,11980.0,45505.0,12173.0,16131.0,42885.0
2025-07-18_20:34:29,,,,14133.0,16131.0,42885.0
2025-07-18_20:34:33,3358.0,11980.0,45505.0,12191.0,16131.0,42885.0
2025-07-18_20:34:33,9642.0,11980.0,45505.0,14318.0,16131.0,42885.0
2025-07-18_20:34:34,8628.0,11980.0,45505.0,14099.0,16131.0,42885.0
2025-07-18_20:34:34,9191.0,11980.0,45505.0,13977.0,16131.0,42885.0
2025-07-18_20:34:34,10239.0,11980.0,45505.0,14276.0,16131.0,42885.0
2025-07-18_20:34:34,9675.0,11980.0,45505.0,13804.0,16131.0,42885.0
2025-07-18_20:34:35,9777.0,11980.0,45505.0,13964.0,16131.0,42885.0
2025-07-18_20:34:35,,,,14348.0,16131.0,42885.0
2025-07-18_20:34:38,3358.0,11980.0,45505.0,12172.0,16131.0,42885.0
2025-07-18_20:34:39,,,,13995.0,16131.0,42885.0
2025-07-18_20:34:42,3375.0,11980.0,45505.0,12185.0,16131.0,42885.0
2025-07-18_20:34:43,,,,,,
2025-07-18_20:34:46,6967.0,11980.0,45505.0,3795.0,16131.0,42885.0
2025-07-18_20:34:47,,,,,,
2025-07-18_20:34:50,6970.0,11980.0,45505.0,3793.0,16131.0,42885.0
2025-07-18_20:34:51,10201.0,11980.0,45505.0,14235.0,16131.0,42885.0
2025-07-18_20:34:51,9677.0,11980.0,45505.0,13968.0,16131.0,42885.0
2025-07-18_20:34:51,,,,14078.0,16131.0,42885.0
2025-07-18_20:34:55,3358.0,11980.0,45505.0,12190.0,16131.0,42885.0
2025-07-18_20:34:55,,,,14373.0,16131.0,42885.0
2025-07-18_20:34:59,3358.0,11980.0,45505.0,12201.0,16131.0,42885.0
2025-07-18_20:34:59,10187.0,11980.0,45505.0,14001.0,16131.0,42885.0
2025-07-18_20:34:59,10205.0,11980.0,45520.0,14534.0,16131.0,42885.0
2025-07-18_20:34:59,9617.0,11980.0,45520.0,14152.0,16131.0,42885.0
2025-07-18_20:35:00,,,,13675.0,16131.0,42885.0
2025-07-18_20:35:03,2780.0,11980.0,45520.0,12192.0,16131.0,42885.0
2025-07-18_20:35:04,,,,,,
2025-07-18_20:35:07,6969.0,11980.0,45520.0,3793.0,16131.0,42885.0
2025-07-18_20:35:08,,,,14436.0,16131.0,42885.0
2025-07-18_20:35:11,3358.0,11980.0,45520.0,12189.0,16131.0,42885.0
2025-07-18_20:35:11,10034.0,11980.0,45520.0,14404.0,16131.0,42885.0
2025-07-18_20:35:12,,,,14005.0,16131.0,42885.0
2025-07-18_20:35:15,3375.0,11980.0,45520.0,12191.0,16131.0,42885.0
2025-07-18_20:35:16,,,,14020.0,16131.0,42885.0
2025-07-18_20:35:19,3302.0,11980.0,45520.0,12187.0,16131.0,42885.0
2025-07-18_20:35:19,,,,13863.0,16131.0,42885.0
2025-07-18_20:35:23,3375.0,11980.0,45520.0,12162.0,16131.0,42885.0
2025-07-18_20:35:23,8524.0,11980.0,45520.0,13929.0,16131.0,42885.0
2025-07-18_20:35:24,9957.0,11980.0,45520.0,14180.0,16131.0,42885.0
2025-07-18_20:35:24,9835.0,11980.0,45520.0,14251.0,16131.0,42885.0
2025-07-18_20:35:24,9576.0,11980.0,45520.0,14176.0,16131.0,42885.0
2025-07-18_20:35:24,,,,13928.0,16131.0,42885.0
2025-07-18_20:35:28,3319.0,11980.0,45520.0,12160.0,16131.0,42885.0
2025-07-18_20:35:28,,,,13972.0,16131.0,42885.0
2025-07-18_20:35:32,3390.0,11980.0,45520.0,12191.0,16131.0,42885.0
2025-07-18_20:35:32,9965.0,11980.0,45520.0,14298.0,16131.0,42885.0
2025-07-18_20:35:32,9860.0,11980.0,45520.0,14135.0,16131.0,42885.0
2025-07-18_20:35:32,10625.0,11980.0,45520.0,14431.0,16131.0,42885.0
2025-07-18_20:35:33,,,,,,
2025-07-18_20:35:36,6965.0,11980.0,45520.0,3793.0,16131.0,42885.0
2025-07-18_20:35:37,,,,14527.0,16131.0,42885.0
2025-07-18_20:35:40,3358.0,11980.0,45520.0,12175.0,16131.0,42885.0
2025-07-18_20:35:41,9826.0,11980.0,45520.0,14231.0,16131.0,42885.0
2025-07-18_20:35:41,8745.0,11980.0,45520.0,14213.0,16131.0,42885.0
2025-07-18_20:35:41,,,,14292.0,16131.0,42885.0
2025-07-18_20:35:45,3377.0,11980.0,45520.0,12192.0,16131.0,42885.0
2025-07-18_20:35:45,10462.0,11980.0,45520.0,14412.0,16131.0,42885.0
2025-07-18_20:35:45,,,,,,
2025-07-18_20:35:49,,,,3793.0,16131.0,42885.0
2025-07-18_20:35:53,2778.0,11980.0,45520.0,12166.0,16131.0,42885.0
2025-07-18_20:35:53,9642.0,11980.0,45520.0,14140.0,16131.0,42885.0
2025-07-18_20:35:53,9959.0,11980.0,45520.0,13998.0,16131.0,42885.0
2025-07-18_20:35:54,8552.0,11980.0,45520.0,13597.0,16131.0,42885.0
2025-07-18_20:35:54,,,,,,
2025-07-18_20:35:58,,,,3795.0,16131.0,42885.0
2025-07-18_20:36:01,2778.0,11980.0,45520.0,12167.0,16131.0,42885.0
2025-07-18_20:36:02,,,,14265.0,16131.0,42885.0
2025-07-18_20:36:05,3358.0,11980.0,45520.0,12196.0,16131.0,42885.0
2025-07-18_20:36:06,,,,13801.0,16131.0,42885.0
2025-07-18_20:36:09,3358.0,11980.0,45520.0,12197.0,16131.0,42885.0
2025-07-18_20:36:09,,,,13977.0,16131.0,42885.0
2025-07-18_20:36:13,3319.0,11980.0,45520.0,12187.0,16131.0,42885.0
2025-07-18_20:36:13,9885.0,11980.0,45521.0,14043.0,16131.0,42885.0
2025-07-18_20:36:14,9298.0,11980.0,45521.0,14143.0,16131.0,42885.0
2025-07-18_20:36:14,9921.0,11980.0,45524.0,14057.0,16131.0,42896.0
2025-07-18_20:36:14,,,,13978.0,16131.0,42896.0
2025-07-18_20:36:18,3375.0,11980.0,45524.0,12150.0,16131.0,42896.0
2025-07-18_20:36:18,,,,,,
2025-07-18_20:36:22,6969.0,11980.0,45524.0,3787.0,16131.0,42896.0
2025-07-18_20:36:22,10002.0,11980.0,45524.0,14385.0,16131.0,42896.0
2025-07-18_20:36:22,,,,,,
2025-07-18_20:36:26,6969.0,11980.0,45524.0,3793.0,16131.0,42896.0
2025-07-18_20:36:26,,,,14162.0,16131.0,42896.0
2025-07-18_20:36:30,3375.0,11980.0,45524.0,12193.0,16131.0,42896.0
2025-07-18_20:36:30,10106.0,11980.0,45524.0,14499.0,16131.0,42896.0
2025-07-18_20:36:30,10087.0,11980.0,45524.0,14292.0,16131.0,42896.0
2025-07-18_20:36:30,,,,,,
2025-07-18_20:36:35,2778.0,11980.0,45524.0,3776.0,16131.0,42896.0
2025-07-18_20:36:35,,,,,,
2025-07-18_20:36:39,6963.0,11980.0,45524.0,3793.0,16131.0,42896.0
2025-07-18_20:36:39,9799.0,11980.0,45524.0,14121.0,16131.0,42896.0
2025-07-18_20:36:39,9895.0,11980.0,45524.0,14123.0,16131.0,42896.0
2025-07-18_20:36:40,9884.0,11980.0,45524.0,14115.0,16131.0,42896.0
2025-07-18_20:36:40,9889.0,11980.0,45524.0,14135.0,16131.0,42896.0
2025-07-18_20:36:40,,,,14187.0,16131.0,42896.0
2025-07-18_20:36:44,3319.0,11980.0,45524.0,12180.0,16131.0,42896.0
2025-07-18_20:36:44,9955.0,11980.0,45524.0,14498.0,16131.0,42896.0
2025-07-18_20:36:44,9907.0,11980.0,45534.0,14161.0,16131.0,42904.0
2025-07-18_20:36:44,,,,,,
2025-07-18_20:36:48,6967.0,11980.0,45534.0,3793.0,16131.0,42904.0
2025-07-18_20:36:48,9428.0,11980.0,45534.0,13937.0,16131.0,42904.0
2025-07-18_20:36:49,8560.0,11980.0,45534.0,13703.0,16131.0,42904.0
2025-07-18_20:36:49,10443.0,11980.0,45537.0,14490.0,16131.0,42904.0
2025-07-18_20:36:49,9500.0,11980.0,45537.0,14572.0,16131.0,42904.0
2025-07-18_20:36:49,9894.0,11980.0,45537.0,14106.0,16131.0,42904.0
2025-07-18_20:36:50,,,,13812.0,16131.0,42904.0
2025-07-18_20:36:53,3375.0,11980.0,45537.0,12193.0,16131.0,42904.0
2025-07-18_20:36:53,,,,14253.0,16131.0,42904.0
2025-07-18_20:36:57,3375.0,11980.0,45537.0,12193.0,16131.0,42904.0
2025-07-18_20:36:57,10226.0,11980.0,45541.0,14084.0,16131.0,42916.0
2025-07-18_20:36:58,8663.0,11980.0,45541.0,14369.0,16131.0,42916.0
2025-07-18_20:36:58,,,,14007.0,16131.0,42916.0
2025-07-18_20:37:02,3375.0,11980.0,45541.0,12160.0,16131.0,42916.0
2025-07-18_20:37:02,10061.0,11980.0,45541.0,14347.0,16131.0,42916.0
2025-07-18_20:37:02,,,,14656.0,16131.0,42916.0
2025-07-18_20:37:06,3375.0,11980.0,45541.0,12186.0,16131.0,42916.0
2025-07-18_20:37:06,8658.0,11980.0,45541.0,14077.0,16131.0,42916.0
2025-07-18_20:37:06,10022.0,11980.0,45541.0,14511.0,16131.0,42916.0
2025-07-18_20:37:06,,,,,,
2025-07-18_20:37:10,6965.0,11980.0,45541.0,3792.0,16131.0,42916.0
2025-07-18_20:37:10,,,,14381.0,16131.0,42916.0
2025-07-18_20:37:14,3375.0,11980.0,45541.0,12192.0,16131.0,42916.0
2025-07-18_20:37:14,,,,14262.0,16131.0,42916.0
2025-07-18_20:37:18,2778.0,11980.0,45541.0,12186.0,16131.0,42916.0
2025-07-18_20:37:18,10162.0,11980.0,45541.0,14285.0,16131.0,42916.0
2025-07-18_20:37:19,,,,14476.0,16131.0,42916.0
2025-07-18_20:37:22,3375.0,11980.0,45541.0,12166.0,16131.0,42916.0
2025-07-18_20:37:22,10207.0,11980.0,45541.0,14389.0,16131.0,42916.0
2025-07-18_20:37:23,,,,14096.0,16131.0,42916.0
2025-07-18_20:37:26,,,,,,
2025-07-18_20:37:30,6961.0,11980.0,45541.0,3792.0,16131.0,42916.0
2025-07-18_20:37:30,9655.0,11980.0,45541.0,14368.0,16131.0,42916.0
2025-07-18_20:37:31,9923.0,11980.0,45541.0,14119.0,16131.0,42916.0
2025-07-18_20:37:31,9778.0,11980.0,45541.0,14350.0,16131.0,42916.0
2025-07-18_20:37:31,9605.0,11980.0,45541.0,14014.0,16131.0,42916.0
2025-07-18_20:37:31,10240.0,11980.0,45542.0,14076.0,16131.0,42916.0
2025-07-18_20:37:32,,,,14419.0,16131.0,42916.0
2025-07-18_20:37:35,2778.0,11980.0,45542.0,12194.0,16131.0,42916.0
2025-07-18_20:37:36,8664.0,11980.0,45542.0,14223.0,16131.0,42916.0
2025-07-18_20:37:36,,,,14033.0,16131.0,42916.0
2025-07-18_20:37:40,3358.0,11980.0,45542.0,12193.0,16131.0,42916.0
2025-07-18_20:37:40,,,,13962.0,16131.0,42916.0
2025-07-18_20:37:44,3375.0,11980.0,45542.0,12182.0,16131.0,42916.0
2025-07-18_20:37:44,,,,14388.0,16131.0,42916.0
2025-07-18_20:37:47,3358.0,11980.0,45542.0,12180.0,16131.0,42916.0
2025-07-18_20:37:48,9945.0,11980.0,45542.0,14138.0,16131.0,42916.0
2025-07-18_20:37:48,,,,14029.0,16131.0,42916.0
2025-07-18_20:37:52,3375.0,11980.0,45542.0,12186.0,16131.0,42916.0
2025-07-18_20:37:52,10023.0,11980.0,45741.0,14079.0,16131.0,43097.0
2025-07-18_20:37:52,10538.0,11980.0,45741.0,14562.0,16131.0,43099.0
2025-07-18_20:37:52,8675.0,11980.0,45743.0,14096.0,16131.0,43099.0
2025-07-18_20:37:53,9583.0,11980.0,45743.0,14218.0,16131.0,43099.0
2025-07-18_20:37:53,,,,,,
2025-07-18_20:37:57,6957.0,11980.0,45743.0,3792.0,16131.0,43099.0
2025-07-18_20:37:57,9161.0,11980.0,45743.0,14051.0,16131.0,43099.0
2025-07-18_20:37:57,,,,13994.0,16131.0,43099.0
2025-07-18_20:38:01,3302.0,11980.0,45743.0,12169.0,16131.0,43099.0
2025-07-18_20:38:01,10215.0,11980.0,45746.0,13925.0,16131.0,43099.0
2025-07-18_20:38:01,9835.0,11980.0,45746.0,14044.0,16131.0,43099.0
2025-07-18_20:38:01,,,,14346.0,16131.0,43099.0
2025-07-18_20:38:05,3358.0,11980.0,45746.0,12196.0,16131.0,43099.0
2025-07-18_20:38:05,10135.0,11980.0,45746.0,14380.0,16131.0,43104.0
2025-07-18_20:38:05,9478.0,11980.0,45746.0,13940.0,16131.0,43104.0
2025-07-18_20:38:06,,,,14634.0,16131.0,43104.0
2025-07-18_20:38:09,3375.0,11980.0,45746.0,12159.0,16131.0,43104.0
2025-07-18_20:38:10,8830.0,11980.0,45758.0,14367.0,16131.0,43104.0
2025-07-18_20:38:10,,,,14061.0,16131.0,43104.0
2025-07-18_20:38:13,3375.0,11980.0,45758.0,12190.0,16131.0,43104.0
2025-07-18_20:38:14,,,,13977.0,16131.0,43104.0
2025-07-18_20:38:17,3375.0,11980.0,45758.0,12192.0,16131.0,43104.0
2025-07-18_20:38:18,10243.0,11980.0,45758.0,13894.0,16131.0,43104.0
2025-07-18_20:38:18,,,,,,
2025-07-18_20:38:22,6967.0,11980.0,45758.0,3792.0,16131.0,43104.0
2025-07-18_20:38:22,8682.0,11980.0,45758.0,14084.0,16131.0,43104.0
2025-07-18_20:38:22,,,,13863.0,16131.0,43104.0
2025-07-18_20:38:26,3360.0,11980.0,45758.0,12196.0,16131.0,43104.0
2025-07-18_20:38:26,,,,14003.0,16131.0,43104.0
2025-07-18_20:38:30,3375.0,11980.0,45758.0,12188.0,16131.0,43104.0
2025-07-18_20:38:30,9620.0,11980.0,45758.0,13993.0,16131.0,43104.0
2025-07-18_20:38:30,10056.0,11980.0,45758.0,14275.0,16131.0,43104.0
2025-07-18_20:38:30,,,,,,
2025-07-18_20:38:34,6966.0,11980.0,45758.0,3792.0,16131.0,43104.0
2025-07-18_20:38:34,10665.0,11980.0,45758.0,14592.0,16131.0,43104.0
2025-07-18_20:38:35,,,,,,
2025-07-18_20:38:38,6964.0,11980.0,45758.0,3793.0,16131.0,43104.0
2025-07-18_20:38:39,9786.0,11980.0,45758.0,14109.0,16131.0,43104.0
2025-07-18_20:38:39,,,,,,
2025-07-18_20:38:43,6959.0,11980.0,45758.0,3793.0,16131.0,43104.0
2025-07-18_20:38:43,,,,13979.0,16131.0,43104.0
2025-07-18_20:38:46,3375.0,11980.0,45758.0,12183.0,16131.0,43104.0
2025-07-18_20:38:47,,,,14092.0,16131.0,43104.0
2025-07-18_20:38:51,2778.0,11980.0,45758.0,12158.0,16131.0,43104.0
2025-07-18_20:38:51,10600.0,11980.0,45758.0,14351.0,16131.0,43104.0
2025-07-18_20:38:51,10089.0,11980.0,45758.0,14364.0,16131.0,43105.0
2025-07-18_20:38:51,9882.0,11980.0,45764.0,14173.0,16131.0,43105.0
2025-07-18_20:38:51,10142.0,11980.0,45764.0,14106.0,16131.0,43105.0
2025-07-18_20:38:52,9894.0,11980.0,45764.0,14286.0,16131.0,43105.0
2025-07-18_20:38:52,10446.0,11980.0,45764.0,14608.0,16131.0,43105.0
2025-07-18_20:38:52,9945.0,11980.0,45764.0,14170.0,16131.0,43105.0
2025-07-18_20:38:52,9901.0,11980.0,45764.0,14384.0,16131.0,43105.0
2025-07-18_20:38:53,,,,13653.0,16131.0,43106.0
2025-07-18_20:38:56,3375.0,11980.0,45764.0,12184.0,16131.0,43106.0
2025-07-18_20:38:56,,,,,,
2025-07-18_20:39:01,2778.0,11980.0,45764.0,3776.0,16131.0,43106.0
2025-07-18_20:39:01,,,,13851.0,16131.0,43110.0
2025-07-18_20:39:05,2778.0,11980.0,45764.0,12185.0,16131.0,43110.0
2025-07-18_20:39:05,,,,14152.0,16131.0,43110.0
2025-07-18_20:39:09,3375.0,11980.0,45764.0,12189.0,16131.0,43110.0
2025-07-18_20:39:09,,,,,,
2025-07-18_20:39:13,6968.0,11980.0,45764.0,3793.0,16131.0,43110.0
2025-07-18_20:39:13,10472.0,11980.0,45764.0,14256.0,16131.0,43110.0
2025-07-18_20:39:13,9889.0,11980.0,45764.0,13826.0,16131.0,43110.0
2025-07-18_20:39:14,9670.0,11980.0,45764.0,14173.0,16131.0,43110.0
2025-07-18_20:39:14,,,,14097.0,16131.0,43110.0
2025-07-18_20:39:18,3319.0,11980.0,45764.0,12186.0,16131.0,43110.0
2025-07-18_20:39:18,9595.0,11980.0,45764.0,14195.0,16131.0,43110.0
2025-07-18_20:39:18,9249.0,11980.0,45764.0,13926.0,16131.0,43110.0
2025-07-18_20:39:18,,,,13837.0,16131.0,43110.0
2025-07-18_20:39:22,3375.0,11980.0,45764.0,12187.0,16131.0,43110.0
2025-07-18_20:39:22,10495.0,11980.0,45766.0,14495.0,16131.0,43113.0
2025-07-18_20:39:22,8323.0,11980.0,45766.0,13929.0,16131.0,43113.0
2025-07-18_20:39:22,9953.0,11980.0,45766.0,14301.0,16131.0,43113.0
2025-07-18_20:39:23,,,,14267.0,16131.0,43113.0
2025-07-18_20:39:26,3304.0,11980.0,45766.0,12165.0,16131.0,43113.0
2025-07-18_20:39:27,9888.0,11980.0,45766.0,13883.0,16131.0,43113.0
2025-07-18_20:39:27,,,,14451.0,16131.0,43113.0
2025-07-18_20:39:30,3358.0,11980.0,45766.0,12188.0,16131.0,43113.0
2025-07-18_20:39:31,8063.0,11980.0,45766.0,13259.0,16131.0,43113.0
2025-07-18_20:39:31,,,,14217.0,16131.0,43113.0
2025-07-18_20:39:35,3358.0,11980.0,45766.0,12188.0,16131.0,43113.0
2025-07-18_20:39:35,9806.0,11980.0,45766.0,14156.0,16131.0,43113.0
2025-07-18_20:39:35,,,,14028.0,16131.0,43113.0
2025-07-18_20:39:39,3319.0,11980.0,45766.0,12165.0,16131.0,43113.0
2025-07-18_20:39:39,,,,,,
2025-07-18_20:39:43,2778.0,11980.0,45766.0,3776.0,16131.0,43113.0
2025-07-18_20:39:44,10004.0,11980.0,45766.0,14356.0,16131.0,43113.0
2025-07-18_20:39:44,8573.0,11980.0,45766.0,14142.0,16131.0,43113.0
2025-07-18_20:39:44,8635.0,11980.0,45766.0,14050.0,16131.0,43113.0
2025-07-18_20:39:44,,,,,,
2025-07-18_20:39:48,6967.0,11980.0,45766.0,3793.0,16131.0,43113.0
2025-07-18_20:39:48,10438.0,11980.0,45766.0,14686.0,16131.0,43113.0
2025-07-18_20:39:49,,,,13961.0,16131.0,43113.0
2025-07-18_20:39:52,3358.0,11980.0,45766.0,12170.0,16131.0,43113.0
2025-07-18_20:39:52,,,,14208.0,16131.0,43113.0
2025-07-18_20:39:56,3375.0,11980.0,45766.0,12183.0,16131.0,43113.0
2025-07-18_20:39:56,9825.0,11980.0,45766.0,14072.0,16131.0,43113.0
2025-07-18_20:39:57,10029.0,11980.0,45766.0,14569.0,16131.0,43113.0
2025-07-18_20:39:57,,,,13076.0,16131.0,43113.0
2025-07-18_20:40:01,2778.0,11980.0,45766.0,12168.0,16131.0,43113.0
2025-07-18_20:40:01,10306.0,11980.0,45766.0,14373.0,16131.0,43113.0
2025-07-18_20:40:01,9214.0,11980.0,45766.0,13820.0,16131.0,43113.0
2025-07-18_20:40:01,10273.0,11980.0,45766.0,14266.0,16131.0,43113.0
2025-07-18_20:40:02,10095.0,11980.0,45766.0,14511.0,16131.0,43113.0
2025-07-18_20:40:02,,,,14036.0,16131.0,43113.0
2025-07-18_20:40:06,3375.0,11980.0,45766.0,12185.0,16131.0,43113.0
2025-07-18_20:40:06,10123.0,11980.0,45766.0,14326.0,16131.0,43113.0
2025-07-18_20:40:06,9975.0,11980.0,45766.0,14495.0,16131.0,43113.0
2025-07-18_20:40:06,,,,14469.0,16131.0,43113.0
2025-07-18_20:40:10,3375.0,11980.0,45766.0,12192.0,16131.0,43113.0
2025-07-18_20:40:10,9659.0,11980.0,45766.0,14172.0,16131.0,43113.0
2025-07-18_20:40:10,,,,14480.0,16131.0,43130.0
2025-07-18_20:40:14,2780.0,11980.0,45766.0,12191.0,16131.0,43130.0
2025-07-18_20:40:14,10204.0,11980.0,45766.0,14029.0,16131.0,43130.0
2025-07-18_20:40:15,9681.0,11980.0,45766.0,14162.0,16131.0,43130.0
2025-07-18_20:40:15,8607.0,11980.0,45766.0,14094.0,16131.0,43130.0
2025-07-18_20:40:15,9647.0,11980.0,45766.0,14336.0,16131.0,43130.0
2025-07-18_20:40:15,,,,14217.0,16131.0,43130.0
2025-07-18_20:40:19,3319.0,11980.0,45766.0,12159.0,16131.0,43130.0
2025-07-18_20:40:19,9864.0,11980.0,45766.0,14270.0,16131.0,43130.0
2025-07-18_20:40:20,10236.0,11980.0,45766.0,14405.0,16131.0,43130.0
2025-07-18_20:40:20,,,,13983.0,16131.0,43130.0
2025-07-18_20:40:23,3375.0,11980.0,45766.0,12169.0,16131.0,43130.0
2025-07-18_20:40:24,9955.0,11980.0,45766.0,14153.0,16131.0,43130.0
2025-07-18_20:40:24,9311.0,11980.0,45767.0,14259.0,16131.0,43130.0
2025-07-18_20:40:24,10865.0,11980.0,45770.0,15051.0,16131.0,43139.0
2025-07-18_20:40:24,,,,,,
2025-07-18_20:40:28,6964.0,11980.0,45770.0,3793.0,16131.0,43139.0
2025-07-18_20:40:28,10628.0,11980.0,45770.0,14426.0,16131.0,43139.0
2025-07-18_20:40:29,10156.0,11980.0,45771.0,13909.0,16131.0,43139.0
2025-07-18_20:40:29,,,,13974.0,16131.0,43139.0
2025-07-18_20:40:32,3319.0,11980.0,45771.0,12174.0,16131.0,43139.0
2025-07-18_20:40:33,,,,11870.0,16131.0,43139.0
2025-07-18_20:40:37,2778.0,11980.0,45771.0,12168.0,16131.0,43139.0
2025-07-18_20:40:37,9902.0,11980.0,45771.0,14057.0,16131.0,43139.0
2025-07-18_20:40:37,10002.0,11980.0,45771.0,14063.0,16131.0,43139.0
2025-07-18_20:40:37,9979.0,11980.0,45771.0,14184.0,16131.0,43139.0
2025-07-18_20:40:37,9866.0,11980.0,45771.0,13982.0,16131.0,43139.0
2025-07-18_20:40:38,10625.0,11981.0,45963.0,15379.0,16186.0,43438.0
2025-07-18_20:40:38,10102.0,11981.0,45963.0,14220.0,16186.0,43452.0
2025-07-18_20:40:38,,,,13971.0,16186.0,43452.0
2025-07-18_20:40:42,3358.0,11981.0,45963.0,12196.0,16186.0,43452.0
2025-07-18_20:40:42,8574.0,11981.0,45966.0,14161.0,16186.0,43452.0
2025-07-18_20:40:42,10189.0,11981.0,45966.0,14353.0,16186.0,43452.0
2025-07-18_20:40:42,,,,,,
2025-07-18_20:40:46,6968.0,11981.0,45966.0,3793.0,16186.0,43452.0
2025-07-18_20:40:46,9849.0,11981.0,45966.0,14337.0,16186.0,43452.0
2025-07-18_20:40:47,9571.0,11981.0,45966.0,14073.0,16186.0,43452.0
2025-07-18_20:40:47,,,,,,
2025-07-18_20:40:51,6967.0,11981.0,45966.0,3787.0,16186.0,43452.0
2025-07-18_20:40:51,10205.0,11981.0,45967.0,14179.0,16186.0,43452.0
2025-07-18_20:40:51,10044.0,11981.0,45968.0,14102.0,16186.0,43456.0
2025-07-18_20:40:51,10201.0,11981.0,45968.0,14166.0,16186.0,43456.0
2025-07-18_20:40:52,,,,,,
2025-07-18_20:40:55,6974.0,11981.0,45968.0,3792.0,16186.0,43456.0
2025-07-18_20:40:56,9742.0,11981.0,45968.0,14294.0,16186.0,43456.0
2025-07-18_20:40:56,,,,13835.0,16186.0,43456.0
2025-07-18_20:41:00,3358.0,11981.0,45968.0,12184.0,16186.0,43456.0
2025-07-18_20:41:00,10017.0,11981.0,45968.0,14134.0,16186.0,43456.0
2025-07-18_20:41:00,9665.0,11981.0,45968.0,14275.0,16186.0,43456.0
2025-07-18_20:41:00,10128.0,11981.0,45968.0,14127.0,16186.0,43456.0
2025-07-18_20:41:00,10200.0,11981.0,45968.0,14033.0,16186.0,43456.0
2025-07-18_20:41:01,9892.0,11981.0,45968.0,14119.0,16186.0,43456.0
2025-07-18_20:41:01,10201.0,11981.0,45969.0,14170.0,16186.0,43456.0
2025-07-18_20:41:01,9918.0,11981.0,45969.0,14013.0,16186.0,43456.0
2025-07-18_20:41:01,,,,,,
2025-07-18_20:41:05,6967.0,11981.0,45969.0,3792.0,16186.0,43456.0
2025-07-18_20:41:05,10146.0,11981.0,45969.0,14170.0,16186.0,43456.0
2025-07-18_20:41:06,10130.0,11981.0,45969.0,14360.0,16186.0,43456.0
2025-07-18_20:41:06,9917.0,11981.0,45969.0,14089.0,16186.0,43456.0
2025-07-18_20:41:06,8653.0,11981.0,45969.0,14083.0,16186.0,43456.0
2025-07-18_20:41:06,,,,14172.0,16186.0,43456.0
2025-07-18_20:41:10,2778.0,11981.0,45969.0,12158.0,16186.0,43456.0
2025-07-18_20:41:10,9877.0,11981.0,45969.0,14310.0,16186.0,43456.0
2025-07-18_20:41:11,10162.0,11981.0,45969.0,14731.0,16186.0,43456.0
2025-07-18_20:41:11,9531.0,11981.0,45969.0,13927.0,16186.0,43456.0
2025-07-18_20:41:11,,,,13992.0,16186.0,43456.0
2025-07-18_20:41:15,2778.0,11981.0,45969.0,12168.0,16186.0,43456.0
2025-07-18_20:41:15,,,,,,
2025-07-18_20:41:19,6967.0,11981.0,45969.0,3793.0,16186.0,43456.0
2025-07-18_20:41:19,9577.0,11981.0,45969.0,14175.0,16186.0,43456.0
2025-07-18_20:41:19,9466.0,11981.0,45969.0,14123.0,16186.0,43456.0
2025-07-18_20:41:20,10221.0,11981.0,45969.0,14038.0,16186.0,43456.0
2025-07-18_20:41:20,10329.0,11981.0,45969.0,14649.0,16186.0,43456.0
2025-07-18_20:41:20,9667.0,11981.0,45969.0,14392.0,16186.0,43456.0
2025-07-18_20:41:20,8690.0,11981.0,45969.0,14211.0,16186.0,43456.0
2025-07-18_20:41:20,9925.0,11981.0,45969.0,13937.0,16186.0,43456.0
2025-07-18_20:41:21,9883.0,11981.0,45969.0,13980.0,16186.0,43456.0
2025-07-18_20:41:21,10042.0,11981.0,45969.0,14395.0,16186.0,43456.0
2025-07-18_20:41:21,9988.0,11981.0,45969.0,14210.0,16186.0,43456.0
2025-07-18_20:41:21,9937.0,11981.0,45969.0,14148.0,16186.0,43456.0
2025-07-18_20:41:22,,,,,,
2025-07-18_20:41:25,6968.0,11981.0,45969.0,3793.0,16186.0,43456.0
2025-07-18_20:41:26,10190.0,11981.0,45969.0,14337.0,16186.0,43456.0
2025-07-18_20:41:26,,,,,,
2025-07-18_20:41:30,6969.0,11981.0,45969.0,3793.0,16186.0,43456.0
2025-07-18_20:41:30,9843.0,11981.0,45969.0,14025.0,16186.0,43456.0
2025-07-18_20:41:30,,,,14457.0,16186.0,43456.0
2025-07-18_20:41:34,3375.0,11981.0,45969.0,12190.0,16186.0,43456.0
2025-07-18_20:41:34,,,,14138.0,16186.0,43456.0
2025-07-18_20:41:38,3375.0,11981.0,45969.0,12188.0,16186.0,43456.0
2025-07-18_20:41:38,,,,14354.0,16186.0,43456.0
2025-07-18_20:41:42,3358.0,11981.0,45969.0,12199.0,16186.0,43456.0
2025-07-18_20:41:42,9649.0,11981.0,45969.0,13969.0,16186.0,43456.0
2025-07-18_20:41:42,9874.0,11981.0,45969.0,14306.0,16186.0,43456.0
2025-07-18_20:41:42,9256.0,11981.0,45969.0,13926.0,16186.0,43456.0
2025-07-18_20:41:43,10688.0,11981.0,45969.0,14785.0,16186.0,43456.0
2025-07-18_20:41:44,,,,,,
2025-07-18_20:41:47,6961.0,11981.0,45969.0,3792.0,16186.0,43456.0
2025-07-18_20:41:48,9686.0,11981.0,45969.0,14175.0,16186.0,43456.0
2025-07-18_20:41:48,9944.0,11981.0,45969.0,14387.0,16186.0,43456.0
2025-07-18_20:41:48,,,,14320.0,16186.0,43456.0
2025-07-18_20:41:52,3375.0,11981.0,45969.0,12190.0,16186.0,43456.0
2025-07-18_20:41:52,8681.0,11981.0,45969.0,13880.0,16186.0,43456.0
2025-07-18_20:41:52,9856.0,11981.0,45969.0,14139.0,16186.0,43456.0
2025-07-18_20:41:52,9774.0,11981.0,45969.0,14289.0,16186.0,43456.0
2025-07-18_20:41:53,9559.0,11981.0,45969.0,14262.0,16186.0,43456.0
2025-07-18_20:41:53,8646.0,11981.0,45969.0,14065.0,16186.0,43456.0
2025-07-18_20:41:53,,,,,,
2025-07-18_20:41:57,6965.0,11981.0,45969.0,3793.0,16186.0,43456.0
2025-07-18_20:41:58,,,,,,
2025-07-18_20:42:01,6959.0,11981.0,45969.0,3787.0,16186.0,43456.0
2025-07-18_20:42:02,,,,,,
2025-07-18_20:42:06,6963.0,11981.0,45969.0,3793.0,16186.0,43456.0
2025-07-18_20:42:06,10049.0,11981.0,45969.0,14286.0,16186.0,43456.0
2025-07-18_20:42:06,9679.0,11981.0,45969.0,14035.0,16186.0,43456.0
2025-07-18_20:42:06,9847.0,11981.0,45969.0,14002.0,16186.0,43456.0
2025-07-18_20:42:06,,,,14589.0,16186.0,43462.0
2025-07-18_20:42:10,2778.0,11981.0,45969.0,12193.0,16186.0,43462.0
2025-07-18_20:42:10,10625.0,11981.0,45970.0,14461.0,16186.0,43462.0
2025-07-18_20:42:11,,,,14152.0,16186.0,43462.0
2025-07-18_20:42:14,3358.0,11981.0,45970.0,12183.0,16186.0,43462.0
2025-07-18_20:42:15,10166.0,11981.0,45970.0,14043.0,16186.0,43462.0
2025-07-18_20:42:15,10274.0,11981.0,46029.0,14200.0,16186.0,43474.0
2025-07-18_20:42:15,9948.0,11981.0,46029.0,14355.0,16186.0,43474.0
2025-07-18_20:42:15,10879.0,11981.0,46031.0,14880.0,16186.0,43552.0
2025-07-18_20:42:15,,,,14051.0,16186.0,43552.0
2025-07-18_20:42:19,3358.0,11981.0,46031.0,12191.0,16186.0,43552.0
2025-07-18_20:42:19,8660.0,11981.0,46031.0,14220.0,16186.0,43552.0
2025-07-18_20:42:20,10279.0,11981.0,46031.0,14131.0,16186.0,43552.0
2025-07-18_20:42:20,9574.0,11981.0,46031.0,14178.0,16186.0,43552.0
2025-07-18_20:42:20,,,,13904.0,16186.0,43552.0
2025-07-18_20:42:24,2778.0,11981.0,46031.0,12168.0,16186.0,43552.0
2025-07-18_20:42:24,9972.0,11981.0,46031.0,13741.0,16186.0,43552.0
2025-07-18_20:42:24,,,,14025.0,16186.0,43552.0
2025-07-18_20:42:28,3358.0,11981.0,46031.0,12191.0,16186.0,43552.0
2025-07-18_20:42:28,8616.0,11981.0,46031.0,13728.0,16186.0,43552.0
2025-07-18_20:42:28,10403.0,11981.0,46031.0,14512.0,16186.0,43555.0
2025-07-18_20:42:29,9845.0,11981.0,46031.0,13970.0,16186.0,43555.0
2025-07-18_20:42:29,,,,14329.0,16186.0,43555.0
2025-07-18_20:42:33,2778.0,11981.0,46031.0,12195.0,16186.0,43555.0
2025-07-18_20:42:33,9078.0,11981.0,46031.0,13987.0,16186.0,43555.0
2025-07-18_20:42:33,,,,,,
2025-07-18_20:42:37,6971.0,11981.0,46031.0,3792.0,16186.0,43555.0
2025-07-18_20:42:37,10142.0,11981.0,46031.0,14025.0,16186.0,43555.0
2025-07-18_20:42:38,9793.0,11981.0,46031.0,14291.0,16186.0,43555.0
2025-07-18_20:42:38,9020.0,11981.0,46031.0,13792.0,16186.0,43555.0
2025-07-18_20:42:38,9922.0,11981.0,46031.0,13968.0,16186.0,43555.0
2025-07-18_20:42:38,,,,,,
2025-07-18_20:42:42,6964.0,11981.0,46031.0,3793.0,16186.0,43555.0
2025-07-18_20:42:42,9877.0,11981.0,46031.0,14297.0,16186.0,43555.0
2025-07-18_20:42:42,,,,13268.0,16186.0,43555.0
2025-07-18_20:42:46,2778.0,11981.0,46031.0,12195.0,16186.0,43555.0
2025-07-18_20:42:46,,,,,,
2025-07-18_20:42:50,6968.0,11981.0,46031.0,3792.0,16186.0,43555.0
2025-07-18_20:42:51,,,,14091.0,16186.0,43555.0
2025-07-18_20:42:54,2778.0,11981.0,46031.0,12192.0,16186.0,43555.0
2025-07-18_20:42:55,,,,14582.0,16186.0,43555.0
2025-07-18_20:42:58,,,,,,
2025-07-18_20:43:02,6963.0,11981.0,46031.0,3793.0,16186.0,43555.0
2025-07-18_20:43:02,,,,14222.0,16186.0,43555.0
2025-07-18_20:43:06,3358.0,11981.0,46031.0,12190.0,16186.0,43555.0
2025-07-18_20:43:06,9913.0,11981.0,46031.0,13870.0,16186.0,43555.0
2025-07-18_20:43:07,10220.0,11981.0,46031.0,14548.0,16186.0,43555.0
2025-07-18_20:43:07,9817.0,11981.0,46031.0,14019.0,16186.0,43555.0
2025-07-18_20:43:07,9903.0,11981.0,46031.0,14402.0,16186.0,43555.0
2025-07-18_20:43:07,8362.0,11981.0,46031.0,13991.0,16186.0,43555.0
2025-07-18_20:43:07,9157.0,11981.0,46031.0,14031.0,16186.0,43555.0
2025-07-18_20:43:08,10504.0,11981.0,46031.0,14577.0,16186.0,43555.0
2025-07-18_20:43:08,,,,14600.0,16186.0,43556.0
2025-07-18_20:43:12,2778.0,11981.0,46031.0,12187.0,16186.0,43556.0
2025-07-18_20:43:12,,,,13973.0,16186.0,43556.0
2025-07-18_20:43:16,3302.0,11981.0,46031.0,12169.0,16186.0,43556.0
2025-07-18_20:43:16,,,,,,
2025-07-18_20:43:20,2778.0,11981.0,46031.0,3776.0,16186.0,43556.0
2025-07-18_20:43:21,9469.0,11981.0,46031.0,14169.0,16186.0,43556.0
2025-07-18_20:43:21,,,,14223.0,16186.0,43556.0
2025-07-18_20:43:25,3358.0,11981.0,46031.0,12197.0,16186.0,43556.0
2025-07-18_20:43:25,10014.0,11981.0,46031.0,14395.0,16186.0,43556.0
2025-07-18_20:43:25,9850.0,11981.0,46031.0,14339.0,16186.0,43556.0
2025-07-18_20:43:25,,,,,,
2025-07-18_20:43:29,6964.0,11981.0,46031.0,3793.0,16186.0,43556.0
2025-07-18_20:43:29,10002.0,11981.0,46031.0,14154.0,16186.0,43556.0
2025-07-18_20:43:29,,,,13984.0,16186.0,43556.0
2025-07-18_20:43:33,3302.0,11981.0,46031.0,12185.0,16186.0,43556.0
2025-07-18_20:43:33,8991.0,11981.0,46032.0,13969.0,16186.0,43556.0
2025-07-18_20:43:34,9982.0,11981.0,46032.0,14147.0,16186.0,43556.0
2025-07-18_20:43:34,10447.0,11981.0,46034.0,14005.0,16186.0,43556.0
2025-07-18_20:43:34,,,,14542.0,16186.0,43556.0
2025-07-18_20:43:38,3358.0,11981.0,46034.0,12172.0,16186.0,43556.0
2025-07-18_20:43:38,9903.0,11981.0,46034.0,14019.0,16186.0,43556.0
2025-07-18_20:43:38,9863.0,11981.0,46034.0,13746.0,16186.0,43556.0
2025-07-18_20:43:38,9902.0,11981.0,46034.0,14265.0,16186.0,43556.0
2025-07-18_20:43:39,,,,13804.0,16186.0,43556.0
2025-07-18_20:43:42,3302.0,11981.0,46034.0,12183.0,16186.0,43556.0
2025-07-18_20:43:43,9924.0,11981.0,46034.0,13983.0,16186.0,43556.0
2025-07-18_20:43:43,9799.0,11981.0,46034.0,14612.0,16186.0,43556.0
2025-07-18_20:43:43,10017.0,11981.0,46034.0,14034.0,16186.0,43556.0
2025-07-18_20:43:43,10142.0,11981.0,46034.0,14169.0,16186.0,43556.0
2025-07-18_20:43:43,10283.0,11981.0,46035.0,13837.0,16186.0,43560.0
2025-07-18_20:43:44,8661.0,11981.0,46035.0,14174.0,16186.0,43560.0
2025-07-18_20:43:44,8664.0,11981.0,46035.0,14384.0,16186.0,43560.0
2025-07-18_20:43:44,9882.0,11981.0,46035.0,14354.0,16186.0,43560.0
2025-07-18_20:43:44,9909.0,11981.0,46035.0,13962.0,16186.0,43560.0
2025-07-18_20:43:44,9259.0,11981.0,46035.0,13971.0,16186.0,43560.0
2025-07-18_20:43:45,9964.0,11981.0,46035.0,13980.0,16186.0,43560.0
2025-07-18_20:43:45,10202.0,11981.0,46035.0,14625.0,16186.0,43560.0
2025-07-18_20:43:45,,,,,,
2025-07-18_20:43:49,6965.0,11981.0,46035.0,3793.0,16186.0,43560.0
2025-07-18_20:43:49,9852.0,11981.0,46035.0,13993.0,16186.0,43560.0
2025-07-18_20:43:49,9794.0,11981.0,46035.0,14358.0,16186.0,43560.0
2025-07-18_20:43:50,,,,13940.0,16186.0,43560.0
2025-07-18_20:43:53,3319.0,11981.0,46035.0,12193.0,16186.0,43560.0
2025-07-18_20:43:53,9978.0,11981.0,46035.0,14390.0,16186.0,43560.0
2025-07-18_20:43:54,9229.0,11981.0,46035.0,14184.0,16186.0,43560.0
2025-07-18_20:43:54,,,,13049.0,16186.0,43560.0
2025-07-18_20:43:58,2778.0,11981.0,46035.0,12188.0,16186.0,43560.0
2025-07-18_20:43:58,10008.0,11981.0,46035.0,14415.0,16186.0,43560.0
2025-07-18_20:43:58,10163.0,11981.0,46035.0,14134.0,16186.0,43560.0
2025-07-18_20:43:58,10184.0,11981.0,46035.0,14078.0,16186.0,43560.0
2025-07-18_20:43:59,,,,,,
2025-07-18_20:44:02,6969.0,11981.0,46035.0,3793.0,16186.0,43560.0
2025-07-18_20:44:03,,,,,,
2025-07-18_20:44:07,6968.0,11981.0,46035.0,3792.0,16186.0,43560.0
2025-07-18_20:44:07,,,,,,
2025-07-18_20:44:11,6971.0,11981.0,46035.0,3793.0,16186.0,43560.0
2025-07-18_20:44:11,,,,14306.0,16186.0,43562.0
2025-07-18_20:44:15,3358.0,11981.0,46035.0,12168.0,16186.0,43562.0
2025-07-18_20:44:15,,,,14273.0,16186.0,43562.0
2025-07-18_20:44:19,2778.0,11981.0,46035.0,12183.0,16186.0,43562.0
2025-07-18_20:44:19,,,,,,
2025-07-18_20:44:23,6964.0,11981.0,46035.0,3793.0,16186.0,43562.0
2025-07-18_20:44:23,,,,14319.0,16186.0,43562.0
2025-07-18_20:44:27,3358.0,11981.0,46035.0,12190.0,16186.0,43562.0
2025-07-18_20:44:27,9992.0,11981.0,46035.0,13914.0,16186.0,43562.0
2025-07-18_20:44:28,2778.0,11981.0,46035.0,12186.0,16186.0,43562.0
2025-07-18_20:44:28,9825.0,11981.0,46035.0,13794.0,16186.0,43562.0
2025-07-18_20:44:28,9959.0,11981.0,46036.0,14100.0,16186.0,43562.0
2025-07-18_20:44:28,,,,13939.0,16186.0,43562.0
2025-07-18_20:44:32,2778.0,11981.0,46036.0,12167.0,16186.0,43562.0
2025-07-18_20:44:32,,,,,,
2025-07-18_20:44:36,6958.0,11981.0,46042.0,3793.0,16186.0,43562.0
2025-07-18_20:44:36,9608.0,11981.0,46042.0,14363.0,16186.0,43562.0
2025-07-18_20:44:37,9671.0,11981.0,46042.0,14116.0,16186.0,43562.0
2025-07-18_20:44:37,9280.0,11981.0,46042.0,13926.0,16186.0,43562.0
2025-07-18_20:44:37,,,,,,
2025-07-18_20:44:41,6968.0,11981.0,46042.0,3792.0,16186.0,43562.0
2025-07-18_20:44:41,8320.0,11981.0,46042.0,13064.0,16186.0,43562.0
2025-07-18_20:44:41,9695.0,11981.0,46042.0,13986.0,16186.0,43562.0
2025-07-18_20:44:42,8598.0,11981.0,46042.0,14175.0,16186.0,43562.0
2025-07-18_20:44:42,10426.0,11981.0,46042.0,14361.0,16186.0,43562.0
2025-07-18_20:44:42,10090.0,11981.0,46042.0,14364.0,16186.0,43562.0
2025-07-18_20:44:42,,,,13915.0,16186.0,43562.0
2025-07-18_20:44:46,3319.0,11981.0,46042.0,12159.0,16186.0,43562.0
2025-07-18_20:44:46,,,,,,
2025-07-18_20:44:50,6960.0,11981.0,46042.0,3793.0,16186.0,43562.0
2025-07-18_20:44:50,9813.0,11981.0,46042.0,14306.0,16186.0,43562.0
2025-07-18_20:44:50,,,,13980.0,16186.0,43562.0
2025-07-18_20:44:54,3302.0,11981.0,46042.0,12188.0,16186.0,43562.0
2025-07-18_20:44:54,,,,14240.0,16186.0,43562.0
2025-07-18_20:44:58,3358.0,11981.0,46042.0,12195.0,16186.0,43562.0
2025-07-18_20:44:58,9578.0,11981.0,46042.0,14174.0,16186.0,43562.0
2025-07-18_20:44:59,,,,,,
2025-07-18_20:45:03,2778.0,11981.0,46042.0,3778.0,16186.0,43562.0
2025-07-18_20:45:03,,,,13793.0,16186.0,43562.0
2025-07-18_20:45:07,3302.0,11981.0,46042.0,12183.0,16186.0,43562.0
2025-07-18_20:45:07,9989.0,11981.0,46042.0,13841.0,16186.0,43562.0
2025-07-18_20:45:07,9862.0,11981.0,46042.0,14009.0,16186.0,43562.0
2025-07-18_20:45:07,9867.0,11981.0,46042.0,14112.0,16186.0,43562.0
2025-07-18_20:45:08,,,,14189.0,16186.0,43562.0
2025-07-18_20:45:11,3375.0,11981.0,46042.0,12184.0,16186.0,43562.0
2025-07-18_20:45:12,10077.0,11981.0,46042.0,14346.0,16186.0,43562.0
2025-07-18_20:45:12,9692.0,11981.0,46043.0,14136.0,16186.0,43562.0
2025-07-18_20:45:12,,,,14212.0,16186.0,43562.0
2025-07-18_20:45:16,3375.0,11981.0,46043.0,12191.0,16186.0,43562.0
2025-07-18_20:45:16,,,,13788.0,16186.0,43562.0
2025-07-18_20:45:20,3319.0,11981.0,46043.0,12189.0,16186.0,43562.0
2025-07-18_20:45:20,10107.0,11981.0,46043.0,13917.0,16186.0,43562.0
2025-07-18_20:45:20,9887.0,11981.0,46043.0,14120.0,16186.0,43562.0
2025-07-18_20:45:20,9464.0,11981.0,46043.0,14113.0,16186.0,43562.0
2025-07-18_20:45:20,9801.0,11981.0,46044.0,13981.0,16186.0,43562.0
2025-07-18_20:45:21,10791.0,11981.0,46085.0,14599.0,16186.0,43720.0
2025-07-18_20:45:21,10057.0,11981.0,46085.0,14149.0,16186.0,43720.0
2025-07-18_20:45:21,,,,14387.0,16186.0,43720.0
2025-07-18_20:45:25,3358.0,11981.0,46085.0,12190.0,16186.0,43720.0
2025-07-18_20:45:25,,,,14605.0,16186.0,43720.0
2025-07-18_20:45:29,2778.0,11981.0,46085.0,12169.0,16186.0,43720.0
2025-07-18_20:45:29,,,,,,
2025-07-18_20:45:33,6962.0,11981.0,46085.0,3792.0,16186.0,43720.0
2025-07-18_20:45:33,10256.0,11981.0,46085.0,14273.0,16186.0,43720.0
2025-07-18_20:45:34,,,,14333.0,16186.0,43720.0
2025-07-18_20:45:37,3377.0,11981.0,46085.0,12185.0,16186.0,43720.0
2025-07-18_20:45:37,9218.0,11981.0,46085.0,14114.0,16186.0,43720.0
2025-07-18_20:45:38,10342.0,11981.0,46085.0,14603.0,16186.0,43720.0
2025-07-18_20:45:38,,,,,,
2025-07-18_20:45:42,6960.0,11981.0,46085.0,3792.0,16186.0,43720.0
2025-07-18_20:45:42,,,,13973.0,16186.0,43720.0
2025-07-18_20:45:46,3358.0,11981.0,46085.0,12200.0,16186.0,43720.0
2025-07-18_20:45:46,10034.0,11981.0,46085.0,14393.0,16186.0,43720.0
2025-07-18_20:45:46,,,,14073.0,16186.0,43720.0
2025-07-18_20:45:50,3375.0,11981.0,46085.0,12187.0,16186.0,43720.0
2025-07-18_20:45:50,,,,14103.0,16186.0,43720.0
2025-07-18_20:45:54,2778.0,11981.0,46085.0,12185.0,16186.0,43720.0
2025-07-18_20:45:54,,,,14033.0,16186.0,43720.0
2025-07-18_20:45:58,2778.0,11981.0,46085.0,12194.0,16186.0,43720.0
2025-07-18_20:45:58,,,,14084.0,16186.0,43720.0
2025-07-18_20:46:02,,,,,,
2025-07-18_20:46:06,6970.0,11981.0,46085.0,3793.0,16186.0,43720.0
2025-07-18_20:46:06,,,,14371.0,16186.0,43720.0
2025-07-18_20:46:10,2780.0,11981.0,46085.0,12192.0,16186.0,43720.0
2025-07-18_20:46:10,10570.0,11981.0,46085.0,14292.0,16186.0,43720.0
2025-07-18_20:46:10,,,,14289.0,16186.0,43721.0
2025-07-18_20:46:14,3358.0,11981.0,46085.0,12190.0,16186.0,43721.0
2025-07-18_20:46:14,10245.0,11981.0,46085.0,14357.0,16186.0,43721.0
2025-07-18_20:46:14,9989.0,11981.0,46085.0,13892.0,16186.0,43721.0
2025-07-18_20:46:14,,,,13798.0,16186.0,43721.0
2025-07-18_20:46:18,3358.0,11981.0,46085.0,12187.0,16186.0,43721.0
2025-07-18_20:46:18,10573.0,11981.0,46085.0,14813.0,16186.0,43721.0
2025-07-18_20:46:19,10088.0,11981.0,46085.0,14496.0,16186.0,43721.0
2025-07-18_20:46:19,,,,,,
2025-07-18_20:46:23,6967.0,11981.0,46085.0,3793.0,16186.0,43721.0
2025-07-18_20:46:23,,,,13850.0,16186.0,43721.0
2025-07-18_20:46:27,3302.0,11981.0,46085.0,12191.0,16186.0,43721.0
2025-07-18_20:46:27,9843.0,11981.0,46085.0,13789.0,16186.0,43721.0
2025-07-18_20:46:27,9226.0,11981.0,46085.0,14118.0,16186.0,43721.0
2025-07-18_20:46:27,,,,14100.0,16186.0,43721.0
2025-07-18_20:46:31,3319.0,11981.0,46085.0,12192.0,16186.0,43721.0
2025-07-18_20:46:31,,,,,,
2025-07-18_20:46:35,6956.0,11981.0,46085.0,3793.0,16186.0,43721.0
2025-07-18_20:46:35,10067.0,11981.0,46085.0,14322.0,16186.0,43721.0
2025-07-18_20:46:35,,,,,,
2025-07-18_20:46:39,6969.0,11981.0,46085.0,3795.0,16186.0,43721.0
2025-07-18_20:46:39,9954.0,11981.0,46085.0,14011.0,16186.0,43721.0
2025-07-18_20:46:40,10204.0,11981.0,46085.0,14606.0,16186.0,43721.0
2025-07-18_20:46:40,9808.0,11981.0,46085.0,14206.0,16186.0,43721.0
2025-07-18_20:46:40,9408.0,11981.0,46085.0,13933.0,16186.0,43721.0
2025-07-18_20:46:40,10381.0,11981.0,46085.0,14729.0,16186.0,43721.0
2025-07-18_20:46:41,9700.0,11981.0,46085.0,14090.0,16186.0,43721.0
2025-07-18_20:46:41,,,,,,
2025-07-18_20:46:45,6967.0,11981.0,46085.0,3792.0,16186.0,43721.0
2025-07-18_20:46:45,9283.0,11981.0,46085.0,14219.0,16186.0,43721.0
2025-07-18_20:46:45,10101.0,11981.0,46085.0,13830.0,16186.0,43721.0
2025-07-18_20:46:45,10445.0,11981.0,46085.0,14658.0,16186.0,43721.0
2025-07-18_20:46:46,9599.0,11981.0,46085.0,14059.0,16186.0,43721.0
2025-07-18_20:46:46,,,,,,
2025-07-18_20:46:50,6971.0,11981.0,46085.0,3793.0,16186.0,43721.0
2025-07-18_20:46:50,,,,14242.0,16186.0,43721.0
2025-07-18_20:46:54,3375.0,11981.0,46085.0,12195.0,16186.0,43721.0
2025-07-18_20:46:54,9181.0,11981.0,46085.0,13968.0,16186.0,43721.0
2025-07-18_20:46:54,10015.0,11981.0,46105.0,14383.0,16186.0,43721.0
2025-07-18_20:46:54,10191.0,11981.0,46105.0,14128.0,16186.0,43721.0
2025-07-18_20:46:54,10065.0,11981.0,46105.0,14272.0,16186.0,43721.0
2025-07-18_20:46:55,,,,14086.0,16186.0,43721.0
2025-07-18_20:46:58,3302.0,11981.0,46105.0,12194.0,16186.0,43721.0
2025-07-18_20:46:59,,,,13966.0,16186.0,43721.0
2025-07-18_20:47:02,3302.0,11981.0,46105.0,12147.0,16186.0,43721.0
2025-07-18_20:47:03,10234.0,11981.0,46105.0,14393.0,16186.0,43721.0
2025-07-18_20:47:03,9984.0,11981.0,46105.0,13979.0,16186.0,43721.0
2025-07-18_20:47:03,10039.0,11981.0,46105.0,14047.0,16186.0,43721.0
2025-07-18_20:47:03,10040.0,11981.0,46105.0,14311.0,16186.0,43721.0
2025-07-18_20:47:03,10203.0,11981.0,46105.0,14193.0,16186.0,43721.0
2025-07-18_20:47:04,9999.0,11981.0,46105.0,14393.0,16186.0,43721.0
2025-07-18_20:47:04,8970.0,11981.0,46105.0,13764.0,16186.0,43721.0
2025-07-18_20:47:04,,,,13809.0,16186.0,43721.0
2025-07-18_20:47:08,3319.0,11981.0,46105.0,12187.0,16186.0,43721.0
2025-07-18_20:47:08,9685.0,11981.0,46105.0,14173.0,16186.0,43721.0
2025-07-18_20:47:08,10303.0,11981.0,46105.0,14248.0,16186.0,43721.0
2025-07-18_20:47:08,9859.0,11981.0,46105.0,14040.0,16186.0,43721.0
2025-07-18_20:47:09,8648.0,11981.0,46105.0,13956.0,16186.0,43721.0
2025-07-18_20:47:09,9903.0,11981.0,46105.0,14299.0,16186.0,43721.0
2025-07-18_20:47:09,9847.0,11981.0,46105.0,14292.0,16186.0,43721.0
2025-07-18_20:47:09,,,,,,
2025-07-18_20:47:13,6965.0,11981.0,46105.0,3793.0,16186.0,43721.0
2025-07-18_20:47:13,9892.0,11981.0,46105.0,14061.0,16186.0,43721.0
2025-07-18_20:47:14,,,,13805.0,16186.0,43721.0
2025-07-18_20:47:17,3319.0,11981.0,46105.0,12186.0,16186.0,43721.0
2025-07-18_20:47:18,,,,13250.0,16186.0,43721.0
2025-07-18_20:47:21,2778.0,11981.0,46105.0,12182.0,16186.0,43721.0
2025-07-18_20:47:22,9213.0,11981.0,46105.0,13590.0,16186.0,43721.0
2025-07-18_20:47:22,10250.0,11981.0,46105.0,14210.0,16186.0,43721.0
2025-07-18_20:47:22,10886.0,11981.0,46115.0,14943.0,16186.0,43760.0
2025-07-18_20:47:22,,,,14306.0,16186.0,43760.0
2025-07-18_20:47:26,,,,,,
2025-07-18_20:47:30,6965.0,11981.0,46115.0,3792.0,16186.0,43760.0
2025-07-18_20:47:30,8525.0,11981.0,46115.0,13912.0,16186.0,43760.0
2025-07-18_20:47:30,10158.0,11981.0,46115.0,14395.0,16186.0,43760.0
2025-07-18_20:47:30,,,,13999.0,16186.0,43760.0
2025-07-18_20:47:34,,,,,,
2025-07-18_20:47:38,6965.0,11981.0,46115.0,3792.0,16186.0,43760.0
2025-07-18_20:47:38,10069.0,11981.0,46115.0,13807.0,16186.0,43760.0
2025-07-18_20:47:39,10051.0,11981.0,46115.0,14314.0,16186.0,43760.0
2025-07-18_20:47:39,9287.0,11981.0,46115.0,14116.0,16186.0,43760.0
2025-07-18_20:47:39,8620.0,11981.0,46115.0,14031.0,16186.0,43760.0
2025-07-18_20:47:39,10278.0,11981.0,46116.0,14578.0,16186.0,43762.0
2025-07-18_20:47:39,10543.0,11981.0,46116.0,14521.0,16186.0,43762.0
2025-07-18_20:47:40,,,,14065.0,16186.0,43762.0
2025-07-18_20:47:43,3375.0,11981.0,46116.0,12198.0,16186.0,43762.0
2025-07-18_20:47:44,,,,13790.0,16186.0,43762.0
2025-07-18_20:47:47,3319.0,11981.0,46116.0,12159.0,16186.0,43762.0
2025-07-18_20:47:47,9914.0,11981.0,46116.0,14103.0,16186.0,43762.0
2025-07-18_20:47:48,10086.0,11981.0,46116.0,14302.0,16186.0,43762.0
2025-07-18_20:47:48,,,,14121.0,16186.0,43762.0
2025-07-18_20:47:52,3319.0,11981.0,46116.0,12163.0,16186.0,43762.0
2025-07-18_20:47:52,9677.0,11981.0,46116.0,13959.0,16186.0,43762.0
2025-07-18_20:47:52,10331.0,11981.0,46116.0,14400.0,16186.0,43765.0
2025-07-18_20:47:52,9999.0,11981.0,46116.0,13995.0,16186.0,43765.0
2025-07-18_20:47:52,10137.0,11981.0,46116.0,14328.0,16186.0,43765.0
2025-07-18_20:47:53,10659.0,11981.0,46116.0,14156.0,16186.0,43765.0
2025-07-18_20:47:53,10748.0,11981.0,46118.0,14728.0,16186.0,43765.0
2025-07-18_20:47:53,10070.0,11981.0,46118.0,14150.0,16186.0,43765.0
2025-07-18_20:47:53,9783.0,11981.0,46118.0,13966.0,16186.0,43765.0
2025-07-18_20:47:54,10144.0,11981.0,46119.0,14327.0,16186.0,43765.0
2025-07-18_20:47:54,9993.0,11981.0,46119.0,13980.0,16186.0,43765.0
2025-07-18_20:47:54,8530.0,11981.0,46119.0,13727.0,16186.0,43765.0
2025-07-18_20:47:54,,,,,,
2025-07-18_20:47:58,6964.0,11981.0,46119.0,3793.0,16186.0,43765.0
2025-07-18_20:47:58,,,,13868.0,16186.0,43765.0
2025-07-18_20:48:02,2778.0,11981.0,46119.0,12183.0,16186.0,43765.0
2025-07-18_20:48:03,,,,14111.0,16186.0,43765.0
2025-07-18_20:48:06,2778.0,11981.0,46119.0,12180.0,16186.0,43765.0
2025-07-18_20:48:07,10184.0,11983.0,46121.0,14622.0,16186.0,43765.0
2025-07-18_20:48:07,10331.0,11983.0,46121.0,14607.0,16186.0,43765.0
2025-07-18_20:48:07,10051.0,11983.0,46121.0,14238.0,16186.0,43765.0
2025-07-18_20:48:07,9255.0,11983.0,46121.0,14172.0,16186.0,43765.0
2025-07-18_20:48:07,9708.0,11983.0,46121.0,13998.0,16186.0,43765.0
2025-07-18_20:48:08,9929.0,11983.0,46121.0,14089.0,16186.0,43765.0
2025-07-18_20:48:08,,,,,,
2025-07-18_20:48:12,6965.0,11983.0,46121.0,3792.0,16186.0,43765.0
2025-07-18_20:48:12,,,,,,
2025-07-18_20:48:16,6969.0,11983.0,46121.0,3793.0,16186.0,43765.0
2025-07-18_20:48:16,,,,14104.0,16186.0,43765.0
2025-07-18_20:48:20,3319.0,11983.0,46121.0,12192.0,16186.0,43765.0
2025-07-18_20:48:20,10119.0,11983.0,46121.0,14312.0,16186.0,43765.0
2025-07-18_20:48:20,,,,13774.0,16186.0,43765.0
2025-07-18_20:48:24,3358.0,11983.0,46121.0,12195.0,16186.0,43765.0
2025-07-18_20:48:24,9104.0,11983.0,46121.0,13939.0,16186.0,43765.0
2025-07-18_20:48:24,9909.0,11983.0,46121.0,14274.0,16186.0,43765.0
2025-07-18_20:48:25,10143.0,11983.0,46121.0,14388.0,16186.0,43767.0
2025-07-18_20:48:25,,,,14103.0,16186.0,43767.0
2025-07-18_20:48:28,3302.0,11983.0,46121.0,12190.0,16186.0,43767.0
2025-07-18_20:48:29,,,,,,
2025-07-18_20:48:32,6971.0,11983.0,46121.0,3793.0,16186.0,43767.0
2025-07-18_20:48:33,,,,,,
2025-07-18_20:48:37,6967.0,11983.0,46121.0,3787.0,16186.0,43767.0
2025-07-18_20:48:37,9355.0,11983.0,46121.0,14100.0,16186.0,43767.0
2025-07-18_20:48:37,,,,13778.0,16186.0,43767.0
2025-07-18_20:48:41,3358.0,11983.0,46121.0,12195.0,16186.0,43767.0
2025-07-18_20:48:41,10018.0,11983.0,46121.0,14254.0,16186.0,43774.0
2025-07-18_20:48:41,8653.0,11983.0,46121.0,14200.0,16186.0,43774.0
2025-07-18_20:48:41,10275.0,11983.0,46121.0,14635.0,16186.0,43774.0
2025-07-18_20:48:42,9356.0,11983.0,46121.0,14269.0,16186.0,43774.0
2025-07-18_20:48:42,9424.0,11983.0,46121.0,14145.0,16186.0,43774.0
2025-07-18_20:48:42,10143.0,11983.0,46121.0,14480.0,16186.0,43774.0
2025-07-18_20:48:42,,,,,,
2025-07-18_20:48:46,6970.0,11983.0,46121.0,3792.0,16186.0,43774.0
2025-07-18_20:48:46,10005.0,11983.0,46121.0,14309.0,16186.0,43774.0
2025-07-18_20:48:46,,,,14028.0,16186.0,43774.0
2025-07-18_20:48:50,3375.0,11983.0,46121.0,12187.0,16186.0,43774.0
2025-07-18_20:48:50,,,,14010.0,16186.0,43774.0
2025-07-18_20:48:54,2778.0,11983.0,46121.0,12185.0,16186.0,43774.0
2025-07-18_20:48:54,,,,,,
2025-07-18_20:48:58,6963.0,11983.0,46121.0,3793.0,16186.0,43774.0
2025-07-18_20:48:58,9266.0,11983.0,46121.0,14104.0,16186.0,43774.0
2025-07-18_20:48:59,9976.0,11983.0,46121.0,14281.0,16186.0,43774.0
2025-07-18_20:48:59,9855.0,11983.0,46121.0,14116.0,16186.0,43774.0
2025-07-18_20:48:59,,,,13893.0,16186.0,43774.0
2025-07-18_20:49:03,3360.0,11983.0,46121.0,12166.0,16186.0,43774.0
2025-07-18_20:49:03,,,,,,
2025-07-18_20:49:07,6956.0,11983.0,46122.0,3792.0,16186.0,43774.0
2025-07-18_20:49:07,,,,,,
2025-07-18_20:49:11,6970.0,11983.0,46122.0,3792.0,16186.0,43774.0
2025-07-18_20:49:11,,,,,,
2025-07-18_20:49:15,6969.0,11983.0,46122.0,3792.0,16186.0,43774.0
2025-07-18_20:49:15,9707.0,11983.0,46122.0,14067.0,16186.0,43774.0
2025-07-18_20:49:15,10152.0,11983.0,46122.0,14574.0,16186.0,43774.0
2025-07-18_20:49:16,,,,,,
2025-07-18_20:49:19,6967.0,11983.0,46122.0,3787.0,16186.0,43774.0
2025-07-18_20:49:20,,,,14339.0,16186.0,43774.0
2025-07-18_20:49:23,3375.0,11983.0,46122.0,12186.0,16186.0,43774.0
2025-07-18_20:49:23,9605.0,11983.0,46122.0,13962.0,16186.0,43774.0
2025-07-18_20:49:24,,,,14002.0,16186.0,43774.0
2025-07-18_20:49:27,3302.0,11983.0,46122.0,12182.0,16186.0,43774.0
2025-07-18_20:49:28,10510.0,11983.0,46122.0,14461.0,16186.0,43774.0
2025-07-18_20:49:28,9791.0,11983.0,46137.0,14072.0,16186.0,43774.0
2025-07-18_20:49:28,,,,14007.0,16186.0,43774.0
2025-07-18_20:49:32,3358.0,11983.0,46137.0,12187.0,16186.0,43774.0
2025-07-18_20:49:32,10048.0,11983.0,46137.0,14574.0,16186.0,43774.0
2025-07-18_20:49:32,,,,,,
2025-07-18_20:49:36,6968.0,11983.0,46137.0,3793.0,16186.0,43774.0
2025-07-18_20:49:36,9952.0,11983.0,46137.0,14067.0,16186.0,43774.0
2025-07-18_20:49:36,10107.0,11983.0,46138.0,14083.0,16186.0,43774.0
2025-07-18_20:49:37,9944.0,11983.0,46138.0,14147.0,16186.0,43774.0
2025-07-18_20:49:37,,,,,,
2025-07-18_20:49:41,6964.0,11983.0,46138.0,3792.0,16186.0,43774.0
2025-07-18_20:49:41,,,,13978.0,16186.0,43774.0
2025-07-18_20:49:45,3319.0,11983.0,46138.0,12193.0,16186.0,43774.0
2025-07-18_20:49:45,10378.0,11983.0,46138.0,14125.0,16186.0,43804.0
2025-07-18_20:49:45,9904.0,11983.0,46138.0,13932.0,16186.0,43804.0
2025-07-18_20:49:45,,,,,,
2025-07-18_20:49:49,6966.0,11983.0,46138.0,3795.0,16186.0,43804.0
2025-07-18_20:49:49,9995.0,11983.0,46138.0,14388.0,16186.0,43804.0
2025-07-18_20:49:50,10238.0,11983.0,46138.0,14311.0,16186.0,43804.0
2025-07-18_20:49:50,9885.0,11983.0,46138.0,14122.0,16186.0,43804.0
2025-07-18_20:49:50,,,,13800.0,16186.0,43804.0
2025-07-18_20:49:54,3358.0,11983.0,46138.0,12193.0,16186.0,43804.0
2025-07-18_20:49:54,,,,13783.0,16186.0,43804.0
2025-07-18_20:49:58,2778.0,11983.0,46138.0,12185.0,16186.0,43804.0
2025-07-18_20:49:58,,,,13999.0,16186.0,43804.0
2025-07-18_20:50:02,3302.0,11983.0,46138.0,12198.0,16186.0,43804.0
2025-07-18_20:50:02,9912.0,11983.0,46138.0,14105.0,16186.0,43804.0
2025-07-18_20:50:02,,,,,,
2025-07-18_20:50:06,6961.0,11983.0,46138.0,3793.0,16186.0,43804.0
2025-07-18_20:50:06,,,,14084.0,16186.0,43804.0
2025-07-18_20:50:10,3377.0,11983.0,46138.0,12167.0,16186.0,43804.0
2025-07-18_20:50:10,,,,14184.0,16186.0,43804.0
2025-07-18_20:50:14,3302.0,11983.0,46138.0,12177.0,16186.0,43804.0
2025-07-18_20:50:14,,,,,,
2025-07-18_20:50:18,6969.0,11983.0,46138.0,3793.0,16186.0,43804.0
2025-07-18_20:50:18,10367.0,11983.0,46138.0,13849.0,16186.0,43804.0
2025-07-18_20:50:18,9688.0,11983.0,46138.0,13984.0,16186.0,43804.0
2025-07-18_20:50:19,10374.0,11983.0,46138.0,14584.0,16186.0,43804.0
2025-07-18_20:50:19,,,,14065.0,16186.0,43804.0
2025-07-18_20:50:23,,,,,,
2025-07-18_20:50:27,6969.0,11983.0,46138.0,3793.0,16186.0,43804.0
2025-07-18_20:50:27,,,,13983.0,16186.0,43804.0
2025-07-18_20:50:31,3319.0,11983.0,46138.0,12195.0,16186.0,43804.0
2025-07-18_20:50:31,,,,14308.0,16186.0,43804.0
2025-07-18_20:50:35,2778.0,11983.0,46138.0,12163.0,16186.0,43804.0
2025-07-18_20:50:35,9996.0,11983.0,46138.0,13802.0,16186.0,43804.0
2025-07-18_20:50:35,10616.0,11983.0,46138.0,14691.0,16186.0,43804.0
2025-07-18_20:50:35,9937.0,11983.0,46138.0,14135.0,16186.0,43804.0
2025-07-18_20:50:36,8496.0,11983.0,46138.0,13834.0,16186.0,43804.0
2025-07-18_20:50:36,,,,14581.0,16186.0,43804.0
2025-07-18_20:50:40,3358.0,11983.0,46138.0,12157.0,16186.0,43804.0
2025-07-18_20:50:40,10477.0,11983.0,46138.0,15051.0,16186.0,43814.0
2025-07-18_20:50:40,9866.0,11983.0,46138.0,13829.0,16186.0,43814.0
2025-07-18_20:50:40,,,,,,
2025-07-18_20:50:44,6963.0,11983.0,46138.0,3793.0,16186.0,43814.0
2025-07-18_20:50:44,10581.0,11983.0,46138.0,14842.0,16186.0,43814.0
2025-07-18_20:50:44,9989.0,11983.0,46138.0,14539.0,16186.0,43814.0
2025-07-18_20:50:45,,,,,,
2025-07-18_20:50:48,6962.0,11983.0,46138.0,3793.0,16186.0,43814.0
2025-07-18_20:50:49,,,,,,
2025-07-18_20:50:52,6967.0,11983.0,46138.0,3793.0,16186.0,43814.0
2025-07-18_20:50:53,9815.0,11983.0,46138.0,14394.0,16186.0,43814.0
2025-07-18_20:50:53,10258.0,11983.0,46138.0,14710.0,16186.0,43814.0
2025-07-18_20:50:53,10068.0,11983.0,46138.0,14330.0,16186.0,43814.0
2025-07-18_20:50:53,10976.0,11983.0,46140.0,15149.0,16186.0,43817.0
2025-07-18_20:50:54,9194.0,11983.0,46140.0,13936.0,16186.0,43817.0
2025-07-18_20:50:54,10587.0,11983.0,46140.0,14556.0,16186.0,43817.0
2025-07-18_20:50:54,10155.0,11983.0,46140.0,14368.0,16186.0,43817.0
2025-07-18_20:50:54,,,,13820.0,16186.0,43817.0
2025-07-18_20:50:58,3319.0,11983.0,46140.0,12151.0,16186.0,43817.0
2025-07-18_20:50:58,,,,13781.0,16186.0,43817.0
2025-07-18_20:51:02,3358.0,11983.0,46140.0,12161.0,16186.0,43817.0
2025-07-18_20:51:02,,,,14241.0,16186.0,43817.0
2025-07-18_20:51:06,2778.0,11983.0,46140.0,12185.0,16186.0,43817.0
2025-07-18_20:51:07,2780.0,11983.0,46140.0,12979.0,16189.0,43826.0
2025-07-18_20:51:07,,,,,,
2025-07-18_20:51:11,6968.0,11983.0,46140.0,3793.0,16189.0,43826.0
2025-07-18_20:51:11,,,,14285.0,16189.0,43826.0
2025-07-18_20:51:15,3375.0,11983.0,46140.0,12186.0,16189.0,43826.0
2025-07-18_20:51:15,10186.0,11983.0,46141.0,14168.0,16189.0,43826.0
2025-07-18_20:51:15,9838.0,11983.0,46141.0,14094.0,16189.0,43826.0
2025-07-18_20:51:15,,,,14260.0,16189.0,43826.0
2025-07-18_20:51:19,3358.0,11983.0,46141.0,12194.0,16189.0,43826.0
2025-07-18_20:51:19,,,,14024.0,16189.0,43826.0
2025-07-18_20:51:23,,,,,,
2025-07-18_20:51:27,6965.0,11983.0,46141.0,3793.0,16189.0,43826.0
2025-07-18_20:51:27,,,,14249.0,16189.0,43826.0
2025-07-18_20:51:31,3358.0,11983.0,46141.0,12197.0,16189.0,43826.0
2025-07-18_20:51:31,10479.0,11983.0,46141.0,14799.0,16189.0,43826.0
2025-07-18_20:51:31,,,,14228.0,16189.0,43826.0
2025-07-18_20:51:35,3373.0,11983.0,46141.0,12190.0,16189.0,43826.0
2025-07-18_20:51:35,9986.0,11983.0,46141.0,14329.0,16189.0,43826.0
2025-07-18_20:51:35,9937.0,11983.0,46141.0,14392.0,16189.0,43826.0
2025-07-18_20:51:36,10623.0,11983.0,46141.0,14519.0,16189.0,43826.0
2025-07-18_20:51:36,9656.0,11983.0,46145.0,14007.0,16189.0,43826.0
2025-07-18_20:51:36,,,,14088.0,16189.0,43826.0
2025-07-18_20:51:40,3375.0,11983.0,46145.0,12184.0,16189.0,43826.0
2025-07-18_20:51:40,9979.0,11983.0,46145.0,14224.0,16189.0,43826.0
2025-07-18_20:51:40,9889.0,11983.0,46145.0,14143.0,16189.0,43826.0
2025-07-18_20:51:40,9887.0,11983.0,46145.0,14168.0,16189.0,43826.0
2025-07-18_20:51:41,,,,,,
2025-07-18_20:51:44,6962.0,11983.0,46145.0,3793.0,16189.0,43826.0
2025-07-18_20:51:45,10636.0,11983.0,46146.0,14116.0,16189.0,43826.0
2025-07-18_20:51:45,10284.0,11983.0,46146.0,14511.0,16189.0,43826.0
2025-07-18_20:51:45,,,,,,
2025-07-18_20:51:49,6967.0,11983.0,46146.0,3787.0,16189.0,43826.0
2025-07-18_20:51:49,9805.0,11983.0,46146.0,14228.0,16189.0,43826.0
2025-07-18_20:51:49,,,,,,
2025-07-18_20:51:53,6963.0,11983.0,46146.0,3793.0,16189.0,43826.0
2025-07-18_20:51:53,,,,14045.0,16189.0,43826.0
2025-07-18_20:51:57,3302.0,11983.0,46146.0,12181.0,16189.0,43826.0
2025-07-18_20:51:57,9992.0,11983.0,46146.0,14038.0,16189.0,43826.0
2025-07-18_20:51:57,10090.0,11983.0,46146.0,14499.0,16189.0,43826.0
2025-07-18_20:51:58,10212.0,11983.0,46146.0,14489.0,16189.0,43826.0
2025-07-18_20:51:58,9810.0,11983.0,46146.0,13986.0,16189.0,43826.0
2025-07-18_20:51:58,9903.0,11983.0,46146.0,14104.0,16189.0,43826.0
2025-07-18_20:51:58,,,,,,
2025-07-18_20:52:02,6964.0,11983.0,46146.0,3792.0,16189.0,43826.0
2025-07-18_20:52:02,10495.0,11983.0,46154.0,14270.0,16189.0,43826.0
2025-07-18_20:52:02,9285.0,11983.0,46154.0,13925.0,16189.0,43826.0
2025-07-18_20:52:03,,,,,,
2025-07-18_20:52:07,6963.0,11983.0,46154.0,3793.0,16189.0,43826.0
2025-07-18_20:52:07,10358.0,11983.0,46154.0,14453.0,16189.0,43826.0
2025-07-18_20:52:07,9669.0,11983.0,46154.0,13980.0,16189.0,43826.0
2025-07-18_20:52:07,10205.0,11984.0,46155.0,14057.0,16189.0,43826.0
2025-07-18_20:52:07,8562.0,11984.0,46155.0,13795.0,16189.0,43826.0
2025-07-18_20:52:08,10291.0,11984.0,46156.0,14047.0,16189.0,43826.0
2025-07-18_20:52:08,9723.0,11984.0,46156.0,14207.0,16189.0,43826.0
2025-07-18_20:52:08,9224.0,11984.0,46156.0,14292.0,16189.0,43826.0
2025-07-18_20:52:08,10694.0,11984.0,46156.0,14247.0,16189.0,43826.0
2025-07-18_20:52:09,10369.0,11984.0,46156.0,14575.0,16189.0,43826.0
2025-07-18_20:52:09,10183.0,11986.0,46158.0,14574.0,16189.0,43826.0
2025-07-18_20:52:09,,,,14061.0,16189.0,43826.0
2025-07-18_20:52:13,3375.0,11986.0,46158.0,12187.0,16189.0,43826.0
2025-07-18_20:52:13,9609.0,11986.0,46158.0,13995.0,16189.0,43826.0
2025-07-18_20:52:13,9963.0,11986.0,46158.0,14052.0,16189.0,43826.0
2025-07-18_20:52:13,9751.0,11986.0,46158.0,14185.0,16189.0,43826.0
2025-07-18_20:52:14,,,,14029.0,16189.0,43826.0
2025-07-18_20:52:17,3358.0,11986.0,46158.0,12169.0,16189.0,43826.0
2025-07-18_20:52:17,10113.0,11986.0,46158.0,14443.0,16189.0,43827.0
2025-07-18_20:52:18,10177.0,11986.0,46158.0,14305.0,16189.0,43827.0
2025-07-18_20:52:18,,,,13996.0,16189.0,43827.0
2025-07-18_20:52:22,3375.0,11986.0,46158.0,12188.0,16189.0,43827.0
2025-07-18_20:52:22,10169.0,11986.0,46165.0,14165.0,16189.0,43827.0
2025-07-18_20:52:22,10227.0,11986.0,46165.0,14572.0,16189.0,43827.0
2025-07-18_20:52:22,10017.0,11986.0,46165.0,14339.0,16189.0,43827.0
2025-07-18_20:52:22,,,,14081.0,16189.0,43827.0
2025-07-18_20:52:26,,,,,,
2025-07-18_20:52:30,6974.0,11986.0,46165.0,3793.0,16189.0,43827.0
2025-07-18_20:52:30,10419.0,11986.0,46166.0,14385.0,16189.0,43827.0
2025-07-18_20:52:31,10007.0,11986.0,46166.0,14321.0,16189.0,43827.0
2025-07-18_20:52:31,10026.0,11986.0,46166.0,13984.0,16189.0,43827.0
2025-07-18_20:52:31,10602.0,11986.0,46166.0,14672.0,16189.0,43827.0
2025-07-18_20:52:31,10076.0,11986.0,46166.0,13763.0,16189.0,43827.0
2025-07-18_20:52:32,,,,14078.0,16189.0,43827.0
2025-07-18_20:52:35,3358.0,11986.0,46166.0,12145.0,16189.0,43827.0
2025-07-18_20:52:35,10587.0,11986.0,46166.0,14400.0,16189.0,43827.0
2025-07-18_20:52:36,9693.0,11986.0,46166.0,13881.0,16189.0,43827.0
2025-07-18_20:52:36,,,,14506.0,16189.0,43827.0
2025-07-18_20:52:40,3375.0,11986.0,46166.0,12189.0,16189.0,43827.0
2025-07-18_20:52:40,,,,,,
2025-07-18_20:52:44,6961.0,11986.0,46166.0,3793.0,16189.0,43827.0
2025-07-18_20:52:44,9948.0,11986.0,46166.0,14140.0,16189.0,43827.0
2025-07-18_20:52:44,9965.0,11986.0,46166.0,14376.0,16189.0,43827.0
2025-07-18_20:52:44,,,,13064.0,16189.0,43827.0
2025-07-18_20:52:48,2778.0,11986.0,46166.0,12185.0,16189.0,43827.0
2025-07-18_20:52:48,10242.0,11986.0,46166.0,14130.0,16189.0,43827.0
2025-07-18_20:52:48,10086.0,11986.0,46166.0,14249.0,16189.0,43827.0
2025-07-18_20:52:49,,,,13786.0,16189.0,43827.0
2025-07-18_20:52:52,3358.0,11986.0,46166.0,12159.0,16189.0,43827.0
2025-07-18_20:52:53,,,,,,
2025-07-18_20:52:57,2778.0,11986.0,46166.0,3776.0,16189.0,43827.0
2025-07-18_20:52:57,9971.0,11986.0,46166.0,13742.0,16189.0,43827.0
2025-07-18_20:52:58,9951.0,11986.0,46166.0,14077.0,16189.0,43827.0
2025-07-18_20:52:58,9983.0,11986.0,46166.0,13993.0,16189.0,43827.0
2025-07-18_20:52:58,,,,14328.0,16189.0,43833.0
2025-07-18_20:53:02,2778.0,11986.0,46166.0,12187.0,16189.0,43833.0
2025-07-18_20:53:02,10184.0,11986.0,46166.0,14077.0,16189.0,43833.0
2025-07-18_20:53:02,8650.0,11986.0,46166.0,14388.0,16189.0,43833.0
2025-07-18_20:53:02,,,,14550.0,16189.0,43833.0
2025-07-18_20:53:06,2778.0,11986.0,46166.0,12168.0,16189.0,43833.0
2025-07-18_20:53:07,8524.0,11986.0,46166.0,13916.0,16189.0,43833.0
2025-07-18_20:53:07,,,,13974.0,16189.0,43833.0
2025-07-18_20:53:10,3375.0,11986.0,46166.0,12161.0,16189.0,43833.0
2025-07-18_20:53:11,9288.0,11986.0,46166.0,13988.0,16189.0,43833.0
2025-07-18_20:53:11,10129.0,11986.0,46166.0,14370.0,16189.0,43833.0
2025-07-18_20:53:11,,,,14302.0,16189.0,43833.0
2025-07-18_20:53:15,3375.0,11986.0,46166.0,12197.0,16189.0,43833.0
2025-07-18_20:53:15,,,,,,
2025-07-18_20:53:19,6966.0,11986.0,46166.0,3793.0,16189.0,43833.0
2025-07-18_20:53:19,10145.0,11986.0,46166.0,14434.0,16189.0,43833.0
2025-07-18_20:53:19,9986.0,11986.0,46166.0,14110.0,16189.0,43833.0
2025-07-18_20:53:20,9989.0,11986.0,46166.0,14498.0,16189.0,43833.0
2025-07-18_20:53:20,10447.0,11986.0,46166.0,14565.0,16189.0,43833.0
2025-07-18_20:53:20,9904.0,11986.0,46166.0,14083.0,16189.0,43833.0
2025-07-18_20:53:20,,,,,,
2025-07-18_20:53:24,6959.0,11986.0,46166.0,3793.0,16189.0,43833.0
2025-07-18_20:53:24,,,,14282.0,16189.0,43833.0
2025-07-18_20:53:28,3319.0,11986.0,46166.0,12184.0,16189.0,43833.0
2025-07-18_20:53:28,9885.0,11986.0,46166.0,14359.0,16189.0,43833.0
2025-07-18_20:53:28,9087.0,11986.0,46166.0,14108.0,16189.0,43833.0
2025-07-18_20:53:29,9716.0,11986.0,46166.0,13767.0,16189.0,43833.0
2025-07-18_20:53:29,,,,,,
2025-07-18_20:53:33,6966.0,11986.0,46166.0,3795.0,16189.0,43833.0
2025-07-18_20:53:33,10156.0,11986.0,46166.0,14142.0,16189.0,43833.0
2025-07-18_20:53:33,10316.0,11986.0,46166.0,14183.0,16189.0,43833.0
2025-07-18_20:53:33,9593.0,11986.0,46166.0,14325.0,16189.0,43833.0
2025-07-18_20:53:33,10220.0,11986.0,46166.0,14198.0,16189.0,43833.0
2025-07-18_20:53:34,2778.0,11986.0,46166.0,12170.0,16189.0,43833.0
2025-07-18_20:53:35,,,,,,
2025-07-18_20:53:38,6968.0,11986.0,46166.0,3793.0,16189.0,43833.0
2025-07-18_20:53:39,10106.0,11986.0,46176.0,14498.0,16189.0,43833.0
2025-07-18_20:53:39,,,,14278.0,16189.0,43833.0
2025-07-18_20:53:43,3358.0,11986.0,46176.0,12161.0,16189.0,43833.0
2025-07-18_20:53:43,9215.0,11986.0,46176.0,13781.0,16189.0,43833.0
2025-07-18_20:53:43,,,,,,
2025-07-18_20:53:47,6967.0,11986.0,46176.0,3787.0,16189.0,43833.0
2025-07-18_20:53:47,10176.0,11986.0,46176.0,13890.0,16189.0,43842.0
2025-07-18_20:53:47,,,,14280.0,16189.0,43842.0
2025-07-18_20:53:51,2778.0,11986.0,46176.0,12196.0,16189.0,43842.0
2025-07-18_20:53:51,10105.0,11986.0,46176.0,14008.0,16189.0,43842.0
2025-07-18_20:53:52,,,,14237.0,16189.0,43842.0
2025-07-18_20:53:55,3375.0,11986.0,46176.0,12185.0,16189.0,43842.0
2025-07-18_20:53:55,9997.0,11986.0,46176.0,14084.0,16189.0,43842.0
2025-07-18_20:53:56,,,,14116.0,16189.0,43842.0
2025-07-18_20:53:59,3358.0,11986.0,46176.0,12167.0,16189.0,43842.0
2025-07-18_20:54:00,9668.0,11986.0,46176.0,14078.0,16189.0,43842.0
2025-07-18_20:54:00,10101.0,11986.0,46176.0,14138.0,16189.0,43842.0
2025-07-18_20:54:00,9765.0,11986.0,46176.0,14358.0,16189.0,43842.0
2025-07-18_20:54:00,10227.0,11986.0,46176.0,14354.0,16189.0,43842.0
2025-07-18_20:54:01,10139.0,11986.0,46176.0,14371.0,16189.0,43842.0
2025-07-18_20:54:01,10221.0,11986.0,46176.0,14404.0,16189.0,43842.0
2025-07-18_20:54:01,9915.0,11986.0,46176.0,14118.0,16189.0,43842.0
2025-07-18_20:54:01,,,,14223.0,16189.0,43842.0
2025-07-18_20:54:05,3375.0,11986.0,46176.0,12188.0,16189.0,43842.0
2025-07-18_20:54:05,,,,14256.0,16189.0,43842.0
2025-07-18_20:54:09,3358.0,11986.0,46176.0,12191.0,16189.0,43842.0
2025-07-18_20:54:09,,,,14285.0,16189.0,43842.0
2025-07-18_20:54:13,3375.0,11986.0,46176.0,12181.0,16189.0,43842.0
2025-07-18_20:54:13,10530.0,11986.0,46180.0,14381.0,16189.0,43842.0
2025-07-18_20:54:13,10271.0,11986.0,46180.0,14293.0,16189.0,43842.0
2025-07-18_20:54:13,,,,13269.0,16189.0,43842.0
2025-07-18_20:54:17,2780.0,11986.0,46180.0,12166.0,16189.0,43842.0
2025-07-18_20:54:18,,,,,,
2025-07-18_20:54:21,6967.0,11986.0,46180.0,3795.0,16189.0,43842.0
2025-07-18_20:54:22,8515.0,11986.0,46180.0,13928.0,16189.0,43842.0
2025-07-18_20:54:22,9965.0,11986.0,46180.0,13972.0,16189.0,43842.0
2025-07-18_20:54:22,9574.0,11986.0,46180.0,13975.0,16189.0,43842.0
2025-07-18_20:54:22,9863.0,11986.0,46180.0,13990.0,16189.0,43842.0
2025-07-18_20:54:22,,,,14379.0,16189.0,43842.0
2025-07-18_20:54:26,3319.0,11986.0,46180.0,12183.0,16189.0,43842.0
2025-07-18_20:54:26,9780.0,11986.0,46180.0,13982.0,16189.0,43842.0
2025-07-18_20:54:27,,,,,,
2025-07-18_20:54:30,6967.0,11986.0,46180.0,3793.0,16189.0,43842.0
2025-07-18_20:54:31,10395.0,11986.0,46180.0,14386.0,16189.0,43842.0
2025-07-18_20:54:31,,,,,,
2025-07-18_20:54:35,6962.0,11986.0,46180.0,3786.0,16189.0,43842.0
2025-07-18_20:54:35,,,,,,
2025-07-18_20:54:39,6968.0,11986.0,46180.0,3793.0,16189.0,43842.0
2025-07-18_20:54:39,,,,14180.0,16189.0,43842.0
2025-07-18_20:54:43,,,,,,
2025-07-18_20:54:46,6967.0,11986.0,46180.0,3792.0,16189.0,43842.0
2025-07-18_20:54:47,10183.0,11986.0,46180.0,14643.0,16189.0,43842.0
2025-07-18_20:54:47,,,,13828.0,16189.0,43842.0
2025-07-18_20:54:50,3375.0,11986.0,46180.0,12165.0,16189.0,43842.0
2025-07-18_20:54:51,,,,14231.0,16189.0,43852.0
2025-07-18_20:54:55,2778.0,11986.0,46180.0,12183.0,16189.0,43852.0
2025-07-18_20:54:55,9849.0,11986.0,46180.0,14367.0,16189.0,43852.0
2025-07-18_20:54:55,,,,13777.0,16189.0,43852.0
2025-07-18_20:54:59,3321.0,11986.0,46180.0,12165.0,16189.0,43852.0
2025-07-18_20:54:59,9625.0,11986.0,46180.0,13869.0,16189.0,43852.0
2025-07-18_20:54:59,,,,14665.0,16189.0,43853.0
2025-07-18_20:55:03,2778.0,11986.0,46180.0,12187.0,16189.0,43853.0
2025-07-18_20:55:03,10121.0,11986.0,46180.0,14354.0,16189.0,43853.0
2025-07-18_20:55:03,,,,,,
2025-07-18_20:55:07,6967.0,11986.0,46180.0,3793.0,16189.0,43853.0
2025-07-18_20:55:07,10141.0,11986.0,46180.0,14328.0,16189.0,43853.0
2025-07-18_20:55:08,9609.0,11986.0,46180.0,13834.0,16189.0,43853.0
2025-07-18_20:55:08,9197.0,11986.0,46180.0,13793.0,16189.0,43853.0
2025-07-18_20:55:08,,,,,,
2025-07-18_20:55:12,6952.0,11986.0,46180.0,3792.0,16189.0,43853.0
2025-07-18_20:55:12,,,,,,
2025-07-18_20:55:16,6960.0,11986.0,46180.0,3788.0,16189.0,43853.0
2025-07-18_20:55:16,9860.0,11986.0,46180.0,14111.0,16189.0,43853.0
2025-07-18_20:55:16,10304.0,11986.0,46180.0,14474.0,16189.0,43853.0
2025-07-18_20:55:17,2778.0,11986.0,46180.0,12188.0,16189.0,43853.0
2025-07-18_20:55:17,9681.0,11986.0,46180.0,14181.0,16189.0,43853.0
2025-07-18_20:55:18,,,,14230.0,16189.0,43853.0
2025-07-18_20:55:21,3377.0,11986.0,46180.0,12190.0,16189.0,43853.0
2025-07-18_20:55:22,9968.0,11986.0,46180.0,14188.0,16189.0,43853.0
2025-07-18_20:55:22,,,,14038.0,16189.0,43853.0
2025-07-18_20:55:25,3375.0,11986.0,46180.0,12184.0,16189.0,43853.0
2025-07-18_20:55:26,10121.0,11986.0,46180.0,14325.0,16189.0,43853.0
2025-07-18_20:55:26,8996.0,11986.0,46180.0,13927.0,16189.0,43853.0
2025-07-18_20:55:26,9977.0,11986.0,46180.0,13982.0,16189.0,43853.0
2025-07-18_20:55:26,,,,,,
2025-07-18_20:55:30,6963.0,11986.0,46180.0,3793.0,16189.0,43853.0
2025-07-18_20:55:30,,,,,,
2025-07-18_20:55:34,6965.0,11986.0,46180.0,3793.0,16189.0,43853.0
2025-07-18_20:55:34,,,,,,
2025-07-18_20:55:38,6965.0,11986.0,46180.0,3792.0,16189.0,43853.0
2025-07-18_20:55:38,,,,,,
2025-07-18_20:55:42,6968.0,11986.0,46180.0,3794.0,16189.0,43853.0
2025-07-18_20:55:42,9979.0,11986.0,46180.0,13982.0,16189.0,43853.0
2025-07-18_20:55:43,9862.0,11986.0,46180.0,13976.0,16189.0,43853.0
2025-07-18_20:55:43,10634.0,11986.0,46180.0,14222.0,16189.0,43853.0
2025-07-18_20:55:43,,,,13862.0,16189.0,43853.0
2025-07-18_20:55:47,3375.0,11986.0,46180.0,12161.0,16189.0,43853.0
2025-07-18_20:55:47,10219.0,11986.0,46180.0,14322.0,16189.0,43853.0
2025-07-18_20:55:47,,,,14162.0,16189.0,43853.0
2025-07-18_20:55:51,2780.0,11986.0,46180.0,12191.0,16189.0,43853.0
2025-07-18_20:55:51,,,,14054.0,16189.0,43853.0
2025-07-18_20:55:55,3375.0,11986.0,46180.0,12186.0,16189.0,43853.0
2025-07-18_20:55:55,,,,14262.0,16189.0,43853.0
2025-07-18_20:55:59,3375.0,11986.0,46180.0,12187.0,16189.0,43853.0
2025-07-18_20:55:59,9951.0,11986.0,46180.0,13747.0,16189.0,43853.0
2025-07-18_20:56:00,10468.0,11986.0,46180.0,14218.0,16189.0,43853.0
2025-07-18_20:56:00,10336.0,11986.0,46180.0,14181.0,16189.0,43853.0
2025-07-18_20:56:00,10052.0,11986.0,46180.0,14082.0,16189.0,43853.0
2025-07-18_20:56:00,9666.0,11986.0,46180.0,14298.0,16189.0,43853.0
2025-07-18_20:56:00,10193.0,11988.0,46187.0,14166.0,16189.0,43853.0
2025-07-18_20:56:01,10120.0,11988.0,46187.0,14431.0,16189.0,43853.0
2025-07-18_20:56:01,10103.0,11988.0,46187.0,14034.0,16189.0,43853.0
2025-07-18_20:56:01,10170.0,11988.0,46187.0,14166.0,16189.0,43853.0
2025-07-18_20:56:01,,,,14152.0,16189.0,43853.0
2025-07-18_20:56:05,3319.0,11988.0,46187.0,12185.0,16189.0,43853.0
2025-07-18_20:56:05,8340.0,11988.0,46187.0,13947.0,16189.0,43853.0
2025-07-18_20:56:05,10269.0,11988.0,46187.0,14523.0,16189.0,43853.0
2025-07-18_20:56:06,10187.0,11988.0,46187.0,14223.0,16189.0,43853.0
2025-07-18_20:56:06,9581.0,11988.0,46187.0,14135.0,16189.0,43853.0
2025-07-18_20:56:06,9429.0,11988.0,46187.0,14023.0,16189.0,43853.0
2025-07-18_20:56:06,,,,,,
2025-07-18_20:56:10,6964.0,11988.0,46187.0,3793.0,16189.0,43853.0
2025-07-18_20:56:10,10700.0,11988.0,46188.0,14703.0,16189.0,43853.0
2025-07-18_20:56:11,,,,,,
2025-07-18_20:56:14,6969.0,11988.0,46188.0,3793.0,16189.0,43853.0
2025-07-18_20:56:15,,,,13958.0,16189.0,43853.0
2025-07-18_20:56:19,2778.0,11988.0,46188.0,12195.0,16189.0,43853.0
2025-07-18_20:56:19,,,,,,
2025-07-18_20:56:23,6968.0,11988.0,46188.0,3793.0,16189.0,43853.0
2025-07-18_20:56:23,,,,,,
2025-07-18_20:56:27,6960.0,11988.0,46188.0,3793.0,16189.0,43853.0
2025-07-18_20:56:27,,,,14304.0,16189.0,43853.0
2025-07-18_20:56:31,3358.0,11988.0,46188.0,12201.0,16189.0,43853.0
2025-07-18_20:56:31,10122.0,11988.0,46188.0,14099.0,16189.0,43853.0
2025-07-18_20:56:31,,,,14292.0,16189.0,43853.0
2025-07-18_20:56:35,3375.0,11988.0,46188.0,12186.0,16189.0,43853.0
2025-07-18_20:56:35,10463.0,11988.0,46188.0,14430.0,16189.0,43853.0
2025-07-18_20:56:35,10335.0,11988.0,46188.0,14371.0,16189.0,43853.0
2025-07-18_20:56:35,10350.0,11988.0,46188.0,14411.0,16189.0,43853.0
2025-07-18_20:56:36,9710.0,11988.0,46188.0,14075.0,16189.0,43853.0
2025-07-18_20:56:36,9972.0,11988.0,46188.0,14176.0,16189.0,43853.0
2025-07-18_20:56:36,10234.0,11988.0,46188.0,13866.0,16189.0,43853.0
2025-07-18_20:56:36,9747.0,11988.0,46188.0,13978.0,16189.0,43853.0
2025-07-18_20:56:36,,,,14233.0,16189.0,43853.0
2025-07-18_20:56:40,2778.0,11988.0,46188.0,12183.0,16189.0,43853.0
2025-07-18_20:56:41,9903.0,11988.0,46188.0,14187.0,16189.0,43853.0
2025-07-18_20:56:41,,,,14318.0,16189.0,43853.0
2025-07-18_20:56:45,3358.0,11988.0,46188.0,12186.0,16189.0,43853.0
2025-07-18_20:56:45,10223.0,11988.0,46188.0,14323.0,16189.0,43853.0
2025-07-18_20:56:45,10290.0,11988.0,46188.0,14380.0,16189.0,43853.0
2025-07-18_20:56:45,10134.0,11988.0,46188.0,14052.0,16189.0,43853.0
2025-07-18_20:56:45,,,,,,
2025-07-18_20:56:49,6968.0,11988.0,46188.0,3793.0,16189.0,43853.0
2025-07-18_20:56:49,10048.0,11988.0,46188.0,14125.0,16189.0,43853.0
2025-07-18_20:56:50,10018.0,11988.0,46188.0,14520.0,16189.0,43853.0
2025-07-18_20:56:50,,,,13931.0,16189.0,43853.0
2025-07-18_20:56:54,3319.0,11988.0,46188.0,12186.0,16189.0,43853.0
2025-07-18_20:56:54,,,,14114.0,16189.0,43853.0
2025-07-18_20:56:58,3358.0,11988.0,46188.0,12186.0,16189.0,43853.0
2025-07-18_20:56:58,9660.0,11988.0,46188.0,14102.0,16189.0,43853.0
2025-07-18_20:56:58,9886.0,11988.0,46188.0,13870.0,16189.0,43853.0
2025-07-18_20:56:58,10018.0,11988.0,46188.0,14134.0,16189.0,43857.0
2025-07-18_20:56:58,,,,,,
2025-07-18_20:57:02,6967.0,11988.0,46188.0,3793.0,16189.0,43857.0
2025-07-18_20:57:02,10110.0,11988.0,46188.0,14422.0,16189.0,43857.0
2025-07-18_20:57:03,,,,,,
2025-07-18_20:57:07,6965.0,11988.0,46188.0,3793.0,16189.0,43857.0
2025-07-18_20:57:07,,,,13816.0,16189.0,43857.0
2025-07-18_20:57:10,3302.0,11988.0,46188.0,12192.0,16189.0,43857.0
2025-07-18_20:57:11,9784.0,11988.0,46188.0,13922.0,16189.0,43857.0
2025-07-18_20:57:11,9851.0,11988.0,46188.0,14079.0,16189.0,43857.0
2025-07-18_20:57:11,9911.0,11988.0,46188.0,13958.0,16189.0,43857.0
2025-07-18_20:57:11,,,,14607.0,16189.0,43857.0
2025-07-18_20:57:15,3360.0,11988.0,46188.0,12187.0,16189.0,43857.0
2025-07-18_20:57:15,,,,14177.0,16189.0,43857.0
2025-07-18_20:57:19,3319.0,11988.0,46188.0,12183.0,16189.0,43857.0
2025-07-18_20:57:19,10246.0,11988.0,46207.0,14586.0,16189.0,43857.0
2025-07-18_20:57:19,10015.0,11988.0,46207.0,14359.0,16189.0,43857.0
2025-07-18_20:57:20,10177.0,11988.0,46207.0,13888.0,16189.0,43857.0
2025-07-18_20:57:20,9648.0,11988.0,46207.0,14174.0,16189.0,43857.0
2025-07-18_20:57:20,,,,13788.0,16189.0,43857.0
2025-07-18_20:57:24,3375.0,11988.0,46207.0,12184.0,16189.0,43857.0
2025-07-18_20:57:24,10056.0,11988.0,46207.0,14086.0,16189.0,43857.0
2025-07-18_20:57:24,10447.0,11988.0,46207.0,14164.0,16189.0,43857.0
2025-07-18_20:57:24,10211.0,11988.0,46207.0,14133.0,16189.0,43857.0
2025-07-18_20:57:25,10279.0,11988.0,46207.0,14401.0,16189.0,43857.0
2025-07-18_20:57:25,,,,13043.0,16189.0,43857.0
2025-07-18_20:57:29,2778.0,11988.0,46207.0,12186.0,16189.0,43857.0
2025-07-18_20:57:29,10196.0,11988.0,46223.0,14353.0,16189.0,43857.0
2025-07-18_20:57:29,,,,14314.0,16189.0,43857.0
2025-07-18_20:57:33,3358.0,11988.0,46223.0,12195.0,16189.0,43857.0
2025-07-18_20:57:33,10221.0,11988.0,46223.0,14094.0,16189.0,43857.0
2025-07-18_20:57:33,8663.0,11988.0,46223.0,14208.0,16189.0,43857.0
2025-07-18_20:57:33,9897.0,11988.0,46223.0,14106.0,16189.0,43857.0
2025-07-18_20:57:34,,,,14052.0,16189.0,43857.0
2025-07-18_20:57:37,3358.0,11988.0,46223.0,12193.0,16189.0,43857.0
2025-07-18_20:57:38,,,,13996.0,16189.0,43857.0
2025-07-18_20:57:41,2778.0,11988.0,46223.0,12190.0,16189.0,43857.0
2025-07-18_20:57:42,,,,,,
2025-07-18_20:57:45,6959.0,11988.0,46223.0,3795.0,16189.0,43857.0
2025-07-18_20:57:46,9912.0,11988.0,46223.0,13934.0,16189.0,43857.0
2025-07-18_20:57:46,10083.0,11988.0,46223.0,13923.0,16189.0,43857.0
2025-07-18_20:57:46,9979.0,11988.0,46223.0,13933.0,16189.0,43857.0
2025-07-18_20:57:46,,,,,,
2025-07-18_20:57:50,6967.0,11988.0,46223.0,3786.0,16189.0,43857.0
2025-07-18_20:57:50,9838.0,11988.0,46223.0,13750.0,16189.0,43857.0
2025-07-18_20:57:51,9326.0,11988.0,46223.0,14051.0,16189.0,43857.0
2025-07-18_20:57:51,9891.0,11988.0,46223.0,14121.0,16189.0,43857.0
2025-07-18_20:57:51,9619.0,11988.0,46223.0,14143.0,16189.0,43857.0
2025-07-18_20:57:51,9833.0,11988.0,46223.0,14220.0,16189.0,43857.0
2025-07-18_20:57:51,9994.0,11988.0,46223.0,14501.0,16189.0,43857.0
2025-07-18_20:57:52,9913.0,11988.0,46223.0,14136.0,16189.0,43857.0
2025-07-18_20:57:52,9171.0,11988.0,46223.0,13999.0,16189.0,43857.0
2025-07-18_20:57:52,,,,14022.0,16189.0,43857.0
2025-07-18_20:57:56,3375.0,11988.0,46223.0,12164.0,16189.0,43857.0
2025-07-18_20:57:56,9815.0,11988.0,46223.0,14219.0,16189.0,43857.0
2025-07-18_20:57:56,10176.0,11988.0,46223.0,14138.0,16189.0,43857.0
2025-07-18_20:57:57,10221.0,11988.0,46223.0,14308.0,16189.0,43857.0
2025-07-18_20:57:57,,,,14280.0,16189.0,43857.0
2025-07-18_20:58:01,2780.0,11988.0,46223.0,12193.0,16189.0,43857.0
2025-07-18_20:58:01,9839.0,11988.0,46225.0,13888.0,16189.0,43857.0
2025-07-18_20:58:01,10161.0,11988.0,46225.0,14380.0,16189.0,43857.0
2025-07-18_20:58:01,8529.0,11988.0,46225.0,14221.0,16189.0,43857.0
2025-07-18_20:58:01,10616.0,11988.0,46225.0,14395.0,16189.0,43857.0
2025-07-18_20:58:02,9919.0,11988.0,46225.0,14079.0,16189.0,43857.0
2025-07-18_20:58:02,,,,13779.0,16189.0,43857.0
2025-07-18_20:58:06,3375.0,11988.0,46225.0,12176.0,16189.0,43857.0
2025-07-18_20:58:06,10028.0,11988.0,46225.0,14313.0,16189.0,43857.0
2025-07-18_20:58:06,9665.0,11988.0,46225.0,14136.0,16189.0,43857.0
2025-07-18_20:58:06,9875.0,11988.0,46225.0,14364.0,16189.0,43857.0
2025-07-18_20:58:06,10082.0,11988.0,46225.0,14250.0,16189.0,43857.0
2025-07-18_20:58:07,,,,13774.0,16189.0,43857.0
2025-07-18_20:58:10,3373.0,11988.0,46225.0,12194.0,16189.0,43857.0
2025-07-18_20:58:11,9778.0,11988.0,46225.0,14312.0,16189.0,43857.0
2025-07-18_20:58:11,,,,14080.0,16189.0,43857.0
2025-07-18_20:58:15,2778.0,11988.0,46225.0,12192.0,16189.0,43857.0
2025-07-18_20:58:15,10053.0,11988.0,46225.0,14496.0,16189.0,43857.0
2025-07-18_20:58:15,,,,14294.0,16189.0,43857.0
2025-07-18_20:58:19,3375.0,11988.0,46225.0,12187.0,16189.0,43857.0
2025-07-18_20:58:19,9808.0,11988.0,46225.0,14141.0,16189.0,43857.0
2025-07-18_20:58:19,,,,12495.0,16189.0,43857.0
2025-07-18_20:58:23,2778.0,11988.0,46225.0,12162.0,16189.0,43857.0
2025-07-18_20:58:23,9835.0,11988.0,46225.0,13907.0,16189.0,43857.0
2025-07-18_20:58:23,9873.0,11988.0,46225.0,14332.0,16189.0,43857.0
2025-07-18_20:58:24,10011.0,11988.0,46225.0,14161.0,16189.0,43857.0
2025-07-18_20:58:24,,,,14521.0,16189.0,43857.0
2025-07-18_20:58:28,3302.0,11988.0,46225.0,12166.0,16189.0,43857.0
2025-07-18_20:58:28,,,,14013.0,16189.0,43857.0
2025-07-18_20:58:32,3375.0,11988.0,46225.0,12194.0,16189.0,43857.0
2025-07-18_20:58:32,10311.0,11988.0,46225.0,14618.0,16189.0,43857.0
2025-07-18_20:58:32,,,,,,
2025-07-18_20:58:36,6960.0,11988.0,46225.0,3793.0,16189.0,43857.0
2025-07-18_20:58:36,9334.0,11988.0,46225.0,13858.0,16189.0,43857.0
2025-07-18_20:58:36,,,,14100.0,16189.0,43865.0
2025-07-18_20:58:40,2778.0,11988.0,46225.0,12191.0,16189.0,43865.0
2025-07-18_20:58:40,,,,13782.0,16189.0,43865.0
2025-07-18_20:58:44,3375.0,11988.0,46225.0,12192.0,16189.0,43865.0
2025-07-18_20:58:44,9676.0,11988.0,46225.0,13819.0,16189.0,43865.0
2025-07-18_20:58:44,10389.0,11988.0,46225.0,14723.0,16189.0,43865.0
2025-07-18_20:58:45,9924.0,11988.0,46225.0,14109.0,16189.0,43865.0
2025-07-18_20:58:45,,,,14221.0,16189.0,43865.0
2025-07-18_20:58:48,3319.0,11988.0,46225.0,12183.0,16189.0,43865.0
2025-07-18_20:58:49,10148.0,11988.0,46225.0,14038.0,16189.0,43865.0
2025-07-18_20:58:49,10894.0,11988.0,46228.0,15063.0,16189.0,43865.0
2025-07-18_20:58:49,,,,14001.0,16189.0,43865.0
2025-07-18_20:58:53,3375.0,11988.0,46228.0,12188.0,16189.0,43865.0
2025-07-18_20:58:53,9786.0,11988.0,46228.0,13981.0,16189.0,43865.0
2025-07-18_20:58:53,10018.0,11988.0,46228.0,14132.0,16189.0,43865.0
2025-07-18_20:58:53,10092.0,11988.0,46228.0,14508.0,16189.0,43865.0
2025-07-18_20:58:54,9933.0,11988.0,46228.0,14194.0,16189.0,43865.0
2025-07-18_20:58:54,,,,13975.0,16189.0,43865.0
2025-07-18_20:58:58,3319.0,11988.0,46228.0,12185.0,16189.0,43865.0
2025-07-18_20:58:58,,,,,,
2025-07-18_20:59:02,6969.0,11988.0,46228.0,3792.0,16189.0,43865.0
2025-07-18_20:59:02,9942.0,11988.0,46228.0,14262.0,16189.0,43865.0
2025-07-18_20:59:02,,,,,,
2025-07-18_20:59:06,6962.0,11988.0,46228.0,3792.0,16189.0,43865.0
2025-07-18_20:59:06,10051.0,11988.0,46228.0,14317.0,16189.0,43865.0
2025-07-18_20:59:06,,,,,,
2025-07-18_20:59:10,6959.0,11988.0,46228.0,3792.0,16189.0,43865.0
2025-07-18_20:59:10,,,,14141.0,16189.0,43865.0
2025-07-18_20:59:14,3375.0,11988.0,46228.0,12162.0,16189.0,43865.0
2025-07-18_20:59:14,10062.0,11988.0,46228.0,14219.0,16189.0,43865.0
2025-07-18_20:59:14,9910.0,11988.0,46228.0,14270.0,16189.0,43865.0
2025-07-18_20:59:15,,,,13968.0,16189.0,43865.0
2025-07-18_20:59:18,3319.0,11988.0,46228.0,12163.0,16189.0,43865.0
2025-07-18_20:59:19,,,,13983.0,16189.0,43865.0
2025-07-18_20:59:22,3302.0,11988.0,46228.0,12186.0,16189.0,43865.0
2025-07-18_20:59:23,10230.0,11988.0,46228.0,14393.0,16189.0,43865.0
2025-07-18_20:59:23,10224.0,11988.0,46228.0,14114.0,16189.0,43865.0
2025-07-18_20:59:23,9684.0,11988.0,46228.0,13984.0,16189.0,43865.0
2025-07-18_20:59:23,10195.0,11988.0,46228.0,14584.0,16189.0,43865.0
2025-07-18_20:59:23,9941.0,11988.0,46228.0,14343.0,16189.0,43865.0
2025-07-18_20:59:24,9977.0,11988.0,46228.0,14140.0,16189.0,43865.0
2025-07-18_20:59:24,,,,,,
2025-07-18_20:59:28,6966.0,11988.0,46228.0,3793.0,16189.0,43865.0
2025-07-18_20:59:28,,,,14348.0,16189.0,43865.0
2025-07-18_20:59:32,3358.0,11988.0,46228.0,12192.0,16189.0,43865.0
2025-07-18_20:59:32,,,,14163.0,16189.0,43865.0
2025-07-18_20:59:35,3375.0,11988.0,46228.0,12168.0,16189.0,43865.0
2025-07-18_20:59:36,9672.0,11988.0,46228.0,13966.0,16189.0,43865.0
2025-07-18_20:59:36,9663.0,11988.0,46228.0,14171.0,16189.0,43865.0
2025-07-18_20:59:36,9858.0,11988.0,46228.0,14074.0,16189.0,43865.0
2025-07-18_20:59:36,9572.0,11988.0,46228.0,13994.0,16189.0,43865.0
2025-07-18_20:59:37,,,,,,
2025-07-18_20:59:40,6970.0,11988.0,46228.0,3792.0,16189.0,43865.0
2025-07-18_20:59:41,9890.0,11988.0,46228.0,14085.0,16189.0,43865.0
2025-07-18_20:59:41,10041.0,11988.0,46228.0,14401.0,16189.0,43865.0
2025-07-18_20:59:41,9632.0,11988.0,46228.0,14097.0,16189.0,43865.0
2025-07-18_20:59:41,,,,13780.0,16189.0,43865.0
2025-07-18_20:59:45,3319.0,11988.0,46228.0,12188.0,16189.0,43865.0
2025-07-18_20:59:45,9892.0,11988.0,46228.0,13898.0,16189.0,43865.0
2025-07-18_20:59:45,,,,14341.0,16189.0,43865.0
2025-07-18_20:59:49,3360.0,11988.0,46228.0,12170.0,16189.0,43865.0
2025-07-18_20:59:49,9962.0,11988.0,46228.0,14312.0,16189.0,43865.0
2025-07-18_20:59:50,,,,,,
2025-07-18_20:59:53,6964.0,11988.0,46228.0,3793.0,16189.0,43865.0
2025-07-18_20:59:54,,,,14329.0,16189.0,43865.0
2025-07-18_20:59:57,3375.0,11988.0,46228.0,12186.0,16189.0,43865.0
2025-07-18_20:59:58,9945.0,11988.0,46228.0,14208.0,16189.0,43865.0
2025-07-18_20:59:58,,,,,,
2025-07-18_21:00:02,6965.0,11988.0,46228.0,3793.0,16189.0,43865.0
2025-07-18_21:00:02,,,,13953.0,16189.0,43865.0
2025-07-18_21:00:06,3302.0,11988.0,46228.0,12198.0,16189.0,43865.0
2025-07-18_21:00:06,9851.0,11988.0,46228.0,14069.0,16189.0,43865.0
2025-07-18_21:00:06,9924.0,11988.0,46228.0,14148.0,16189.0,43865.0
2025-07-18_21:00:06,10177.0,11988.0,46228.0,14540.0,16189.0,43865.0
2025-07-18_21:00:06,,,,14124.0,16189.0,43865.0
2025-07-18_21:00:10,3358.0,11988.0,46228.0,12191.0,16189.0,43865.0
2025-07-18_21:00:10,,,,14254.0,16189.0,43865.0
2025-07-18_21:00:14,3375.0,11988.0,46228.0,12190.0,16189.0,43865.0
2025-07-18_21:00:14,10517.0,11988.0,46228.0,14498.0,16189.0,43865.0
2025-07-18_21:00:14,,,,,,
2025-07-18_21:00:18,6965.0,11988.0,46228.0,3793.0,16189.0,43865.0
2025-07-18_21:00:18,10283.0,11988.0,46228.0,14324.0,16189.0,43865.0
2025-07-18_21:00:19,10172.0,11988.0,46228.0,14356.0,16189.0,43865.0
2025-07-18_21:00:19,,,,,,
2025-07-18_21:00:23,6967.0,11988.0,46228.0,3793.0,16189.0,43865.0
2025-07-18_21:00:23,9993.0,11988.0,46228.0,14194.0,16189.0,43869.0
2025-07-18_21:00:23,10562.0,11988.0,46228.0,14355.0,16189.0,43870.0
2025-07-18_21:00:23,10205.0,11988.0,46228.0,14568.0,16189.0,43870.0
2025-07-18_21:00:24,,,,14590.0,16189.0,43870.0
2025-07-18_21:00:27,3375.0,11988.0,46228.0,12173.0,16189.0,43870.0
2025-07-18_21:00:27,9918.0,11988.0,46228.0,14134.0,16189.0,43870.0
2025-07-18_21:00:28,10134.0,11988.0,46228.0,14382.0,16189.0,43870.0
2025-07-18_21:00:28,10134.0,11988.0,46228.0,14173.0,16189.0,43870.0
2025-07-18_21:00:28,,,,,,
2025-07-18_21:00:32,6965.0,11988.0,46228.0,3792.0,16189.0,43870.0
2025-07-18_21:00:32,9915.0,11988.0,46228.0,14122.0,16189.0,43870.0
2025-07-18_21:00:32,9645.0,11988.0,46228.0,14097.0,16189.0,43870.0
2025-07-18_21:00:33,9872.0,11988.0,46228.0,14096.0,16189.0,43870.0
2025-07-18_21:00:33,10029.0,11988.0,46228.0,14195.0,16189.0,43879.0
2025-07-18_21:00:33,,,,14208.0,16189.0,43882.0
2025-07-18_21:00:37,3302.0,11988.0,46228.0,12199.0,16189.0,43882.0
2025-07-18_21:00:37,9447.0,11988.0,46228.0,13955.0,16189.0,43882.0
2025-07-18_21:00:37,,,,14264.0,16192.0,43885.0
2025-07-18_21:00:41,3373.0,11988.0,46228.0,12196.0,16192.0,43885.0
2025-07-18_21:00:41,9742.0,11988.0,46228.0,14101.0,16192.0,43885.0
2025-07-18_21:00:41,9991.0,11988.0,46228.0,14003.0,16192.0,43885.0
2025-07-18_21:00:42,10212.0,11988.0,46228.0,14180.0,16192.0,43885.0
2025-07-18_21:00:42,,,,,,
2025-07-18_21:00:46,6955.0,11988.0,46228.0,3795.0,16192.0,43885.0
2025-07-18_21:00:46,,,,14325.0,16192.0,43885.0
2025-07-18_21:00:50,3358.0,11988.0,46228.0,12163.0,16192.0,43885.0
2025-07-18_21:00:50,10131.0,11988.0,46228.0,14195.0,16192.0,43885.0
2025-07-18_21:00:50,10087.0,11988.0,46228.0,14501.0,16192.0,43885.0
2025-07-18_21:00:50,,,,13771.0,16192.0,43885.0
2025-07-18_21:00:54,2778.0,11988.0,46228.0,12193.0,16192.0,43885.0
2025-07-18_21:00:54,,,,13987.0,16192.0,43885.0
2025-07-18_21:00:58,3302.0,11988.0,46228.0,12164.0,16192.0,43885.0
2025-07-18_21:00:58,10256.0,11988.0,46236.0,14398.0,16192.0,43885.0
2025-07-18_21:00:58,9843.0,11988.0,46236.0,13805.0,16192.0,43885.0
2025-07-18_21:00:59,10624.0,11988.0,46236.0,14370.0,16192.0,43885.0
2025-07-18_21:00:59,9902.0,11988.0,46236.0,14294.0,16192.0,43885.0
2025-07-18_21:00:59,9978.0,11988.0,46236.0,14406.0,16192.0,43885.0
2025-07-18_21:00:59,10103.0,11988.0,46236.0,14505.0,16192.0,43885.0
2025-07-18_21:01:00,10668.0,11988.0,46237.0,14659.0,16192.0,43885.0
2025-07-18_21:01:00,10080.0,11988.0,46237.0,14149.0,16192.0,43885.0
2025-07-18_21:01:00,8686.0,11988.0,46237.0,13687.0,16192.0,43885.0
2025-07-18_21:01:00,9607.0,11988.0,46237.0,14016.0,16192.0,43885.0
2025-07-18_21:01:00,9887.0,11988.0,46237.0,13918.0,16192.0,43885.0
2025-07-18_21:01:01,,,,,,
2025-07-18_21:01:04,6968.0,11988.0,46237.0,3792.0,16192.0,43885.0
2025-07-18_21:01:05,10142.0,11988.0,46237.0,13890.0,16192.0,43885.0
2025-07-18_21:01:05,9645.0,11988.0,46237.0,14127.0,16192.0,43885.0
2025-07-18_21:01:05,9681.0,11988.0,46237.0,13904.0,16192.0,43885.0
2025-07-18_21:01:05,9723.0,11988.0,46237.0,13951.0,16192.0,43885.0
2025-07-18_21:01:06,9618.0,11988.0,46237.0,14099.0,16192.0,43885.0
2025-07-18_21:01:06,10044.0,11988.0,46237.0,14102.0,16192.0,43885.0
2025-07-18_21:01:06,9728.0,11988.0,46237.0,14223.0,16192.0,43885.0
2025-07-18_21:01:06,,,,,,
2025-07-18_21:01:10,6952.0,11988.0,46237.0,3792.0,16192.0,43885.0
2025-07-18_21:01:10,9684.0,11988.0,46237.0,13981.0,16192.0,43885.0
2025-07-18_21:01:11,10215.0,11988.0,46237.0,14463.0,16192.0,43885.0
2025-07-18_21:01:11,,,,14297.0,16192.0,43885.0
2025-07-18_21:01:14,3375.0,11988.0,46237.0,12194.0,16192.0,43885.0
2025-07-18_21:01:15,,,,14267.0,16192.0,43885.0
2025-07-18_21:01:19,2778.0,11988.0,46237.0,12165.0,16192.0,43885.0
2025-07-18_21:01:19,10012.0,11988.0,46237.0,14102.0,16192.0,43885.0
2025-07-18_21:01:19,10616.0,11988.0,46237.0,14670.0,16192.0,43885.0
2025-07-18_21:01:19,,,,,,
2025-07-18_21:01:23,6964.0,11988.0,46237.0,3793.0,16192.0,43885.0
2025-07-18_21:01:23,10121.0,11988.0,46237.0,14078.0,16192.0,43885.0
2025-07-18_21:01:23,9683.0,11988.0,46237.0,13976.0,16192.0,43885.0
2025-07-18_21:01:24,9996.0,11988.0,46237.0,14427.0,16192.0,43885.0
2025-07-18_21:01:24,9190.0,11988.0,46237.0,14049.0,16192.0,43885.0
2025-07-18_21:01:24,9809.0,11988.0,46237.0,13803.0,16192.0,43885.0
2025-07-18_21:01:24,10233.0,11988.0,46237.0,14372.0,16192.0,43885.0
2025-07-18_21:01:24,10499.0,11988.0,46237.0,14309.0,16192.0,43885.0
2025-07-18_21:01:25,9980.0,11988.0,46237.0,13930.0,16192.0,43885.0
2025-07-18_21:01:25,,,,14089.0,16192.0,43885.0
2025-07-18_21:01:29,3358.0,11988.0,46237.0,12182.0,16192.0,43885.0
2025-07-18_21:01:29,10077.0,11988.0,46237.0,14413.0,16192.0,43885.0
2025-07-18_21:01:29,10591.0,11988.0,46237.0,14554.0,16192.0,43885.0
2025-07-18_21:01:29,,,,14119.0,16192.0,43885.0
2025-07-18_21:01:33,2778.0,11988.0,46237.0,12191.0,16192.0,43885.0
2025-07-18_21:01:33,10663.0,11988.0,46237.0,14136.0,16192.0,43885.0
2025-07-18_21:01:33,,,,13859.0,16192.0,43885.0
2025-07-18_21:01:37,3321.0,11988.0,46237.0,12185.0,16192.0,43885.0
2025-07-18_21:01:37,,,,,,
2025-07-18_21:01:41,6970.0,11988.0,46237.0,3787.0,16192.0,43885.0
2025-07-18_21:01:41,,,,14056.0,16192.0,43885.0
2025-07-18_21:01:45,3375.0,11988.0,46237.0,12184.0,16192.0,43885.0
2025-07-18_21:01:45,9670.0,11988.0,46237.0,14101.0,16192.0,43885.0
2025-07-18_21:01:46,,,,14233.0,16192.0,43885.0
2025-07-18_21:01:49,3375.0,11988.0,46237.0,12168.0,16192.0,43885.0
2025-07-18_21:01:49,,,,14227.0,16192.0,43885.0
2025-07-18_21:01:53,3375.0,11988.0,46237.0,12185.0,16192.0,43885.0
2025-07-18_21:01:53,,,,,,
2025-07-18_21:01:57,6965.0,11988.0,46237.0,3792.0,16192.0,43885.0
2025-07-18_21:01:57,10353.0,11988.0,46238.0,14640.0,16192.0,43889.0
2025-07-18_21:01:58,9255.0,11988.0,46238.0,14138.0,16192.0,43889.0
2025-07-18_21:01:58,,,,13992.0,16192.0,43889.0
2025-07-18_21:02:02,3375.0,11988.0,46238.0,12184.0,16192.0,43889.0
2025-07-18_21:02:02,8640.0,11988.0,46238.0,13985.0,16192.0,43889.0
2025-07-18_21:02:02,,,,14084.0,16192.0,43889.0
2025-07-18_21:02:06,3358.0,11988.0,46238.0,12193.0,16192.0,43889.0
2025-07-18_21:02:06,9914.0,11988.0,46238.0,14063.0,16192.0,43889.0
2025-07-18_21:02:06,,,,,,
2025-07-18_21:02:10,6964.0,11988.0,46238.0,3793.0,16192.0,43889.0
2025-07-18_21:02:10,10011.0,11988.0,46238.0,14104.0,16192.0,43889.0
2025-07-18_21:02:10,10103.0,11988.0,46238.0,14346.0,16192.0,43889.0
2025-07-18_21:02:11,10159.0,11988.0,46238.0,13901.0,16192.0,43889.0
2025-07-18_21:02:11,9838.0,11988.0,46238.0,13994.0,16192.0,43889.0
2025-07-18_21:02:11,,,,,,
2025-07-18_21:02:15,6958.0,11988.0,46238.0,3793.0,16192.0,43889.0
2025-07-18_21:02:15,9693.0,11988.0,46238.0,14328.0,16192.0,43889.0
2025-07-18_21:02:15,9794.0,11988.0,46238.0,14352.0,16192.0,43889.0
2025-07-18_21:02:16,,,,13966.0,16192.0,43889.0
2025-07-18_21:02:19,3377.0,11988.0,46238.0,12176.0,16192.0,43889.0
2025-07-18_21:02:19,9758.0,11988.0,46238.0,14102.0,16192.0,43889.0
2025-07-18_21:02:20,9696.0,11988.0,46238.0,13955.0,16192.0,43889.0
2025-07-18_21:02:20,9677.0,11988.0,46238.0,13979.0,16192.0,43889.0
2025-07-18_21:02:20,,,,14347.0,16192.0,43889.0
2025-07-18_21:02:24,3375.0,11988.0,46238.0,12191.0,16192.0,43889.0
2025-07-18_21:02:24,10603.0,11988.0,46238.0,14454.0,16192.0,43890.0
2025-07-18_21:02:24,10068.0,11988.0,46238.0,14504.0,16192.0,43890.0
2025-07-18_21:02:24,10135.0,11988.0,46238.0,14043.0,16192.0,43890.0
2025-07-18_21:02:25,,,,13972.0,16192.0,43890.0
2025-07-18_21:02:28,3302.0,11988.0,46238.0,12192.0,16192.0,43890.0
2025-07-18_21:02:28,,,,,,
2025-07-18_21:02:32,6966.0,11988.0,46238.0,3793.0,16192.0,43890.0
2025-07-18_21:02:33,9673.0,11988.0,46238.0,13979.0,16192.0,43890.0
2025-07-18_21:02:33,,,,,,
2025-07-18_21:02:37,6962.0,11988.0,46238.0,3792.0,16192.0,43890.0
2025-07-18_21:02:37,,,,14437.0,16192.0,43901.0
2025-07-18_21:02:40,3375.0,11988.0,46238.0,12188.0,16192.0,43901.0
2025-07-18_21:02:41,10135.0,11988.0,46238.0,14079.0,16192.0,43901.0
2025-07-18_21:02:41,9674.0,11988.0,46238.0,14184.0,16192.0,43901.0
2025-07-18_21:02:41,9602.0,11988.0,46238.0,14013.0,16192.0,43901.0
2025-07-18_21:02:41,,,,14046.0,16192.0,43901.0
2025-07-18_21:02:45,3358.0,11988.0,46238.0,12206.0,16192.0,43901.0
2025-07-18_21:02:45,9709.0,11988.0,46238.0,14320.0,16192.0,43901.0
2025-07-18_21:02:45,10306.0,11988.0,46238.0,14368.0,16192.0,43901.0
2025-07-18_21:02:46,10078.0,11988.0,46238.0,14118.0,16192.0,43901.0
2025-07-18_21:02:46,,,,14293.0,16192.0,43901.0
2025-07-18_21:02:50,3375.0,11988.0,46238.0,12168.0,16192.0,43901.0
2025-07-18_21:02:50,,,,14320.0,16192.0,43901.0
2025-07-18_21:02:54,3375.0,11988.0,46238.0,12189.0,16192.0,43901.0
2025-07-18_21:02:54,9957.0,11988.0,46238.0,14074.0,16192.0,43901.0
2025-07-18_21:02:54,9724.0,11988.0,46238.0,14031.0,16192.0,43901.0
2025-07-18_21:02:54,10117.0,11988.0,46238.0,14043.0,16192.0,43901.0
2025-07-18_21:02:54,,,,12248.0,16192.0,43901.0
2025-07-18_21:02:58,,,,,,
2025-07-18_21:03:02,6964.0,11988.0,46238.0,3793.0,16192.0,43901.0
2025-07-18_21:03:02,10184.0,11988.0,46238.0,14251.0,16192.0,43901.0
2025-07-18_21:03:02,,,,,,
2025-07-18_21:03:06,6968.0,11988.0,46238.0,3787.0,16192.0,43901.0
2025-07-18_21:03:07,,,,14173.0,16192.0,43901.0
2025-07-18_21:03:10,3319.0,11988.0,46238.0,12193.0,16192.0,43901.0
2025-07-18_21:03:10,9727.0,11988.0,46238.0,14060.0,16192.0,43901.0
2025-07-18_21:03:11,10550.0,11988.0,46238.0,14385.0,16192.0,43901.0
2025-07-18_21:03:11,9933.0,11988.0,46238.0,14138.0,16192.0,43901.0
2025-07-18_21:03:11,8579.0,11988.0,46238.0,14193.0,16192.0,43901.0
2025-07-18_21:03:11,10306.0,11988.0,46238.0,14397.0,16192.0,43901.0
2025-07-18_21:03:12,,,,14507.0,16192.0,43901.0
2025-07-18_21:03:15,2778.0,11988.0,46238.0,12184.0,16192.0,43901.0
2025-07-18_21:03:16,9625.0,11988.0,46238.0,13889.0,16192.0,43901.0
2025-07-18_21:03:16,,,,,,
2025-07-18_21:03:20,6971.0,11988.0,46238.0,3793.0,16192.0,43901.0
2025-07-18_21:03:20,,,,13299.0,16192.0,43901.0
2025-07-18_21:03:24,2780.0,11988.0,46238.0,12187.0,16192.0,43901.0
2025-07-18_21:03:24,9784.0,11988.0,46238.0,13780.0,16192.0,43901.0
2025-07-18_21:03:24,9586.0,11988.0,46238.0,14007.0,16192.0,43901.0
2025-07-18_21:03:24,,,,14307.0,16192.0,43901.0
2025-07-18_21:03:28,,,,,,
2025-07-18_21:03:32,6964.0,11988.0,46238.0,3792.0,16192.0,43901.0
2025-07-18_21:03:32,10233.0,11988.0,46238.0,14684.0,16192.0,43901.0
2025-07-18_21:03:33,9679.0,11988.0,46238.0,13976.0,16192.0,43901.0
2025-07-18_21:03:33,10136.0,11988.0,46238.0,14493.0,16192.0,43901.0
2025-07-18_21:03:33,10007.0,11988.0,46240.0,14345.0,16192.0,43901.0
2025-07-18_21:03:33,,,,,,
2025-07-18_21:03:37,6966.0,11988.0,46240.0,3792.0,16192.0,43901.0
2025-07-18_21:03:37,9872.0,11988.0,46240.0,14350.0,16192.0,43902.0
2025-07-18_21:03:38,,,,,,
2025-07-18_21:03:41,6965.0,11988.0,46240.0,3787.0,16192.0,43902.0
2025-07-18_21:03:42,10037.0,11988.0,46240.0,14114.0,16192.0,43902.0
2025-07-18_21:03:42,10069.0,11988.0,46240.0,14323.0,16192.0,43902.0
2025-07-18_21:03:42,,,,,,
2025-07-18_21:03:46,6953.0,11988.0,46240.0,3793.0,16192.0,43902.0
2025-07-18_21:03:46,10245.0,11988.0,46240.0,14521.0,16192.0,43902.0
2025-07-18_21:03:46,10024.0,11988.0,46240.0,14146.0,16192.0,43902.0
2025-07-18_21:03:47,10158.0,11988.0,46240.0,14399.0,16194.0,43905.0
2025-07-18_21:03:47,,,,,,
2025-07-18_21:03:51,6966.0,11988.0,46240.0,3786.0,16194.0,43905.0
2025-07-18_21:03:51,,,,14047.0,16194.0,43905.0
2025-07-18_21:03:55,3358.0,11988.0,46240.0,12172.0,16194.0,43905.0
2025-07-18_21:03:55,,,,14003.0,16194.0,43905.0
2025-07-18_21:03:59,2778.0,11988.0,46240.0,12199.0,16194.0,43905.0
2025-07-18_21:03:59,10265.0,11988.0,46240.0,14363.0,16194.0,43905.0
2025-07-18_21:03:59,10102.0,11988.0,46240.0,14436.0,16194.0,43905.0
2025-07-18_21:03:59,9554.0,11988.0,46240.0,14153.0,16194.0,43905.0
2025-07-18_21:03:59,,,,13799.0,16194.0,43905.0
2025-07-18_21:04:03,3302.0,11988.0,46240.0,12194.0,16194.0,43905.0
2025-07-18_21:04:03,10202.0,11988.0,46240.0,14345.0,16194.0,43905.0
2025-07-18_21:04:03,8556.0,11988.0,46240.0,13932.0,16194.0,43905.0
2025-07-18_21:04:04,10097.0,11988.0,46240.0,14025.0,16194.0,43905.0
2025-07-18_21:04:04,10657.0,11988.0,46240.0,13850.0,16194.0,43931.0
2025-07-18_21:04:04,,,,14102.0,16194.0,43931.0
2025-07-18_21:04:08,3358.0,11988.0,46240.0,12196.0,16194.0,43931.0
2025-07-18_21:04:08,9284.0,11988.0,46240.0,13966.0,16194.0,43931.0
2025-07-18_21:04:08,9947.0,11988.0,46240.0,14154.0,16194.0,43931.0
2025-07-18_21:04:09,10673.0,11988.0,46240.0,14714.0,16194.0,43931.0
2025-07-18_21:04:09,,,,14044.0,16194.0,43931.0
2025-07-18_21:04:13,2778.0,11988.0,46240.0,12186.0,16194.0,43931.0
2025-07-18_21:04:13,10199.0,11988.0,46240.0,13906.0,16194.0,43931.0
2025-07-18_21:04:13,,,,,,
2025-07-18_21:04:17,6967.0,11988.0,46240.0,3786.0,16194.0,43931.0
2025-07-18_21:04:17,9390.0,11988.0,46240.0,14212.0,16194.0,43931.0
2025-07-18_21:04:17,8621.0,11988.0,46240.0,14200.0,16194.0,43931.0
2025-07-18_21:04:18,9915.0,11988.0,46240.0,14368.0,16194.0,43931.0
2025-07-18_21:04:18,9672.0,11988.0,46240.0,14170.0,16194.0,43931.0
2025-07-18_21:04:18,,,,14390.0,16194.0,43931.0
2025-07-18_21:04:22,3375.0,11988.0,46240.0,12183.0,16194.0,43931.0
2025-07-18_21:04:22,,,,,,
2025-07-18_21:04:26,6964.0,11988.0,46240.0,3792.0,16194.0,43931.0
2025-07-18_21:04:26,10004.0,11988.0,46241.0,14322.0,16194.0,43931.0
2025-07-18_21:04:26,,,,14037.0,16194.0,43931.0
2025-07-18_21:04:30,3375.0,11988.0,46241.0,12192.0,16194.0,43931.0
2025-07-18_21:04:30,9561.0,11988.0,46241.0,14095.0,16194.0,43931.0
2025-07-18_21:04:30,9884.0,11988.0,46241.0,14324.0,16194.0,43931.0
2025-07-18_21:04:30,10259.0,11988.0,46241.0,14460.0,16194.0,43931.0
2025-07-18_21:04:31,10514.0,11988.0,46241.0,14289.0,16194.0,43931.0
2025-07-18_21:04:31,,,,14463.0,16194.0,43931.0
2025-07-18_21:04:35,3375.0,11988.0,46241.0,12185.0,16194.0,43931.0
2025-07-18_21:04:35,10740.0,11988.0,46242.0,14338.0,16194.0,43931.0
2025-07-18_21:04:35,,,,12899.0,16194.0,43931.0
2025-07-18_21:04:39,2778.0,11988.0,46242.0,12184.0,16194.0,43931.0
2025-07-18_21:04:39,,,,13782.0,16194.0,43931.0
2025-07-18_21:04:43,3375.0,11988.0,46242.0,12182.0,16194.0,43931.0
2025-07-18_21:04:43,10040.0,11988.0,46243.0,13842.0,16194.0,43931.0
2025-07-18_21:04:43,10034.0,11988.0,46243.0,14330.0,16194.0,43931.0
2025-07-18_21:04:43,10416.0,11988.0,46243.0,14616.0,16194.0,43931.0
2025-07-18_21:04:44,10260.0,11988.0,46243.0,14082.0,16194.0,43931.0
2025-07-18_21:04:44,10110.0,11988.0,46243.0,14179.0,16194.0,43931.0
2025-07-18_21:04:44,10613.0,11988.0,46243.0,14545.0,16194.0,43931.0
2025-07-18_21:04:44,10145.0,11988.0,46243.0,14040.0,16194.0,43931.0
2025-07-18_21:04:45,,,,14295.0,16194.0,43931.0
2025-07-18_21:04:48,3358.0,11988.0,46243.0,12163.0,16194.0,43931.0
2025-07-18_21:04:49,9843.0,11988.0,46243.0,14397.0,16194.0,43931.0
2025-07-18_21:04:49,,,,14100.0,16194.0,43931.0
2025-07-18_21:04:53,3319.0,11988.0,46243.0,12164.0,16194.0,43931.0
2025-07-18_21:04:53,9219.0,11988.0,46243.0,13937.0,16194.0,43931.0
2025-07-18_21:04:53,,,,,,
2025-07-18_21:04:57,6964.0,11988.0,46243.0,3786.0,16194.0,43931.0
2025-07-18_21:04:57,,,,,,
2025-07-18_21:05:01,6968.0,11988.0,46243.0,3792.0,16194.0,43931.0
2025-07-18_21:05:01,,,,14141.0,16194.0,43931.0
2025-07-18_21:05:05,2778.0,11988.0,46243.0,12185.0,16194.0,43931.0
2025-07-18_21:05:05,10084.0,11988.0,46243.0,13855.0,16194.0,43931.0
2025-07-18_21:05:05,,,,,,
2025-07-18_21:05:09,6968.0,11988.0,46243.0,3793.0,16194.0,43931.0
2025-07-18_21:05:09,10264.0,11988.0,46244.0,14354.0,16194.0,43931.0
2025-07-18_21:05:10,10144.0,11988.0,46244.0,14074.0,16194.0,43931.0
2025-07-18_21:05:10,10548.0,11988.0,46244.0,14659.0,16194.0,43931.0
2025-07-18_21:05:10,,,,14558.0,16194.0,43931.0
2025-07-18_21:05:14,2778.0,11988.0,46244.0,12193.0,16194.0,43931.0
2025-07-18_21:05:14,10072.0,11988.0,46244.0,14299.0,16194.0,43931.0
2025-07-18_21:05:14,9315.0,11988.0,46244.0,14047.0,16194.0,43931.0
2025-07-18_21:05:15,,,,13784.0,16194.0,43931.0
2025-07-18_21:05:18,3319.0,11988.0,46244.0,12186.0,16194.0,43931.0
2025-07-18_21:05:19,,,,,,
2025-07-18_21:05:22,6959.0,11988.0,46244.0,3793.0,16194.0,43931.0
2025-07-18_21:05:23,10007.0,11988.0,46244.0,14678.0,16194.0,43931.0
2025-07-18_21:05:23,9750.0,11988.0,46244.0,13868.0,16194.0,43931.0
2025-07-18_21:05:23,,,,,,
2025-07-18_21:05:27,6964.0,11988.0,46244.0,3793.0,16194.0,43931.0
2025-07-18_21:05:27,,,,14109.0,16194.0,43931.0
2025-07-18_21:05:31,3375.0,11988.0,46244.0,12183.0,16194.0,43931.0
2025-07-18_21:05:31,,,,14099.0,16194.0,43931.0
2025-07-18_21:05:35,3373.0,11988.0,46244.0,12149.0,16194.0,43931.0
2025-07-18_21:05:35,,,,14366.0,16194.0,43931.0
2025-07-18_21:05:39,2778.0,11988.0,46244.0,12185.0,16194.0,43931.0
2025-07-18_21:05:39,10622.0,11988.0,46244.0,14410.0,16194.0,43931.0
2025-07-18_21:05:39,9503.0,11988.0,46244.0,14354.0,16194.0,43931.0
2025-07-18_21:05:39,10851.0,11988.0,46244.0,14690.0,16194.0,43931.0
2025-07-18_21:05:40,9900.0,11988.0,46244.0,14372.0,16194.0,43931.0
2025-07-18_21:05:40,,,,13980.0,16194.0,43931.0
2025-07-18_21:05:44,2778.0,11988.0,46244.0,12198.0,16194.0,43931.0
2025-07-18_21:05:44,10077.0,11988.0,46244.0,14077.0,16194.0,43931.0
2025-07-18_21:05:44,,,,,,
2025-07-18_21:05:48,6959.0,11988.0,46244.0,3795.0,16194.0,43931.0
2025-07-18_21:05:48,10520.0,11988.0,46244.0,14659.0,16194.0,43931.0
2025-07-18_21:05:48,,,,,,
2025-07-18_21:05:52,6965.0,11988.0,46244.0,3792.0,16194.0,43931.0
2025-07-18_21:05:52,9803.0,11988.0,46244.0,13927.0,16194.0,43931.0
2025-07-18_21:05:53,10236.0,11988.0,46244.0,14356.0,16194.0,43931.0
2025-07-18_21:05:53,9669.0,11988.0,46244.0,13990.0,16194.0,43931.0
2025-07-18_21:05:53,10236.0,11988.0,46244.0,14418.0,16194.0,43931.0
2025-07-18_21:05:53,,,,14384.0,16194.0,43931.0
2025-07-18_21:05:57,2778.0,11988.0,46244.0,12188.0,16194.0,43931.0
2025-07-18_21:05:57,,,,14041.0,16194.0,43931.0
2025-07-18_21:06:01,3358.0,11988.0,46244.0,12199.0,16194.0,43931.0
2025-07-18_21:06:01,10263.0,11988.0,46244.0,14381.0,16194.0,43931.0
2025-07-18_21:06:01,10210.0,11988.0,46244.0,13886.0,16194.0,43931.0
2025-07-18_21:06:02,9726.0,11988.0,46244.0,14188.0,16194.0,43931.0
2025-07-18_21:06:02,8559.0,11988.0,46244.0,13927.0,16194.0,43931.0
2025-07-18_21:06:02,9701.0,11988.0,46244.0,14344.0,16194.0,43931.0
2025-07-18_21:06:02,,,,14108.0,16194.0,43931.0
2025-07-18_21:06:06,3319.0,11988.0,46244.0,12193.0,16194.0,43931.0
2025-07-18_21:06:06,9991.0,11988.0,46244.0,13988.0,16194.0,43931.0
2025-07-18_21:06:06,9878.0,11988.0,46244.0,14234.0,16194.0,43931.0
2025-07-18_21:06:07,10052.0,11988.0,46244.0,14389.0,16194.0,43931.0
2025-07-18_21:06:07,10087.0,11988.0,46244.0,14508.0,16194.0,43931.0
2025-07-18_21:06:07,9640.0,11988.0,46244.0,14112.0,16194.0,43931.0
2025-07-18_21:06:07,,,,13844.0,16194.0,43931.0
2025-07-18_21:06:11,2778.0,11988.0,46244.0,12191.0,16194.0,43931.0
2025-07-18_21:06:11,10618.0,11988.0,46244.0,14529.0,16194.0,43931.0
2025-07-18_21:06:12,,,,14206.0,16194.0,43931.0
2025-07-18_21:06:15,3360.0,11988.0,46244.0,12184.0,16194.0,43931.0
2025-07-18_21:06:16,9670.0,11988.0,46244.0,14165.0,16194.0,43931.0
2025-07-18_21:06:16,,,,,,
2025-07-18_21:06:20,3300.0,11988.0,46244.0,4597.0,16194.0,43933.0
2025-07-18_21:06:20,10276.0,11989.0,46245.0,14385.0,16194.0,43933.0
2025-07-18_21:06:21,10541.0,11989.0,46251.0,14632.0,16194.0,43933.0
2025-07-18_21:06:21,9794.0,11989.0,46251.0,14103.0,16194.0,43933.0
2025-07-18_21:06:21,9691.0,11989.0,46251.0,14016.0,16194.0,43933.0
2025-07-18_21:06:21,,,,13976.0,16194.0,43933.0
2025-07-18_21:06:25,3319.0,11989.0,46251.0,12194.0,16194.0,43933.0
2025-07-18_21:06:25,9807.0,11989.0,46251.0,14302.0,16194.0,43933.0
2025-07-18_21:06:25,,,,11961.0,16194.0,43933.0
2025-07-18_21:06:29,2778.0,11989.0,46251.0,12183.0,16194.0,43933.0
2025-07-18_21:06:29,,,,14163.0,16194.0,43933.0
2025-07-18_21:06:33,3358.0,11989.0,46251.0,12167.0,16194.0,43933.0
2025-07-18_21:06:33,9929.0,11989.0,46251.0,14116.0,16194.0,43933.0
2025-07-18_21:06:34,10338.0,11989.0,46251.0,14223.0,16194.0,43933.0
2025-07-18_21:06:34,9768.0,11989.0,46251.0,14071.0,16194.0,43933.0
2025-07-18_21:06:34,,,,13785.0,16194.0,43933.0
2025-07-18_21:06:38,3358.0,11989.0,46251.0,12184.0,16194.0,43933.0
2025-07-18_21:06:38,10040.0,11989.0,46251.0,14020.0,16194.0,43933.0
2025-07-18_21:06:38,9978.0,11989.0,46251.0,13911.0,16194.0,43933.0
2025-07-18_21:06:38,10654.0,12004.0,46267.0,14462.0,16194.0,43933.0
2025-07-18_21:06:39,10129.0,12004.0,46267.0,14038.0,16194.0,43933.0
2025-07-18_21:06:39,,,,,,
2025-07-18_21:06:43,6967.0,12004.0,46267.0,3793.0,16194.0,43933.0
2025-07-18_21:06:43,10171.0,12004.0,46267.0,14353.0,16194.0,43933.0
2025-07-18_21:06:43,10135.0,12004.0,46267.0,14368.0,16194.0,43933.0
2025-07-18_21:06:43,,,,,,
2025-07-18_21:06:47,6965.0,12004.0,46267.0,3793.0,16194.0,43933.0
2025-07-18_21:06:47,10283.0,12004.0,46267.0,14395.0,16194.0,43933.0
2025-07-18_21:06:48,9895.0,12004.0,46267.0,14120.0,16194.0,43933.0
2025-07-18_21:06:48,,,,,,
2025-07-18_21:06:52,6968.0,12004.0,46267.0,3787.0,16194.0,43933.0
2025-07-18_21:06:52,9954.0,12004.0,46267.0,13956.0,16194.0,43933.0
2025-07-18_21:06:52,9944.0,12004.0,46267.0,14389.0,16194.0,43933.0
2025-07-18_21:06:52,9865.0,12004.0,46267.0,14085.0,16194.0,43933.0
2025-07-18_21:06:53,9995.0,12004.0,46267.0,14125.0,16194.0,43933.0
2025-07-18_21:06:53,10264.0,12004.0,46267.0,14135.0,16194.0,43933.0
2025-07-18_21:06:53,10213.0,12004.0,46267.0,14549.0,16194.0,43933.0
2025-07-18_21:06:53,,,,14032.0,16194.0,43933.0
2025-07-18_21:06:57,3375.0,12004.0,46267.0,12185.0,16194.0,43933.0
2025-07-18_21:06:57,,,,14015.0,16194.0,43933.0
2025-07-18_21:07:01,3375.0,12004.0,46267.0,12199.0,16194.0,43933.0
2025-07-18_21:07:01,10050.0,12004.0,46267.0,14064.0,16194.0,43933.0
2025-07-18_21:07:01,9976.0,12004.0,46267.0,13991.0,16194.0,43933.0
2025-07-18_21:07:02,9681.0,12004.0,46267.0,14179.0,16194.0,43933.0
2025-07-18_21:07:02,9673.0,12004.0,46267.0,13976.0,16194.0,43933.0
2025-07-18_21:07:02,,,,,,
2025-07-18_21:07:06,6961.0,12004.0,46267.0,3792.0,16194.0,43933.0
2025-07-18_21:07:06,10117.0,12004.0,46267.0,14702.0,16194.0,43933.0
2025-07-18_21:07:06,9985.0,12004.0,46267.0,14115.0,16194.0,43933.0
2025-07-18_21:07:06,10321.0,12004.0,46267.0,14779.0,16194.0,43933.0
2025-07-18_21:07:07,9895.0,12004.0,46267.0,14377.0,16194.0,43933.0
2025-07-18_21:07:07,10205.0,12004.0,46267.0,14049.0,16194.0,43933.0
2025-07-18_21:07:07,9932.0,12004.0,46267.0,13993.0,16194.0,43934.0
2025-07-18_21:07:07,9252.0,12004.0,46267.0,13933.0,16194.0,43934.0
2025-07-18_21:07:08,9708.0,12004.0,46267.0,14340.0,16194.0,43934.0
2025-07-18_21:07:08,9889.0,12004.0,46267.0,14295.0,16194.0,43934.0
2025-07-18_21:07:08,10651.0,12004.0,46267.0,14416.0,16194.0,43934.0
2025-07-18_21:07:08,9616.0,12004.0,46267.0,13991.0,16194.0,43934.0
2025-07-18_21:07:08,9581.0,12004.0,46267.0,14021.0,16194.0,43934.0
2025-07-18_21:07:09,9738.0,12004.0,46267.0,14088.0,16194.0,43934.0
2025-07-18_21:07:09,10258.0,12004.0,46268.0,14327.0,16194.0,43934.0
2025-07-18_21:07:09,9675.0,12004.0,46268.0,14173.0,16194.0,43934.0
2025-07-18_21:07:09,9616.0,12004.0,46268.0,13984.0,16194.0,43934.0
2025-07-18_21:07:10,9320.0,12004.0,46268.0,14050.0,16194.0,43934.0
2025-07-18_21:07:10,,,,,,
2025-07-18_21:07:14,6967.0,12004.0,46268.0,3792.0,16194.0,43934.0
2025-07-18_21:07:14,9671.0,12004.0,46268.0,13978.0,16194.0,43934.0
2025-07-18_21:07:14,10011.0,12004.0,46268.0,14169.0,16194.0,43934.0
2025-07-18_21:07:14,10136.0,12004.0,46268.0,14178.0,16194.0,43934.0
2025-07-18_21:07:15,10205.0,12004.0,46268.0,14575.0,16194.0,43934.0
2025-07-18_21:07:15,,,,13777.0,16194.0,43934.0
2025-07-18_21:07:18,3302.0,12004.0,46268.0,12167.0,16194.0,43934.0
2025-07-18_21:07:19,10056.0,12004.0,46268.0,14229.0,16194.0,43934.0
2025-07-18_21:07:19,10238.0,12004.0,46268.0,14692.0,16194.0,43934.0
2025-07-18_21:07:19,,,,13974.0,16194.0,43934.0
2025-07-18_21:07:23,3319.0,12004.0,46268.0,12199.0,16194.0,43934.0
2025-07-18_21:07:23,,,,,,
2025-07-18_21:07:27,6965.0,12004.0,46268.0,3793.0,16194.0,43934.0
2025-07-18_21:07:27,,,,14389.0,16194.0,43934.0
2025-07-18_21:07:31,3390.0,12004.0,46268.0,12169.0,16194.0,43934.0
2025-07-18_21:07:31,9954.0,12004.0,46268.0,14148.0,16194.0,43934.0
2025-07-18_21:07:31,,,,,,
2025-07-18_21:07:35,6969.0,12004.0,46268.0,3793.0,16194.0,43934.0
2025-07-18_21:07:35,10941.0,12004.0,46268.0,15089.0,16194.0,43934.0
2025-07-18_21:07:36,,,,14126.0,16194.0,43934.0
2025-07-18_21:07:39,3375.0,12004.0,46268.0,12165.0,16194.0,43934.0
2025-07-18_21:07:39,10612.0,12004.0,46268.0,14445.0,16194.0,43934.0
2025-07-18_21:07:40,,,,14310.0,16194.0,43941.0
2025-07-18_21:07:43,2778.0,12004.0,46268.0,12184.0,16194.0,43941.0
2025-07-18_21:07:44,10224.0,12004.0,46274.0,14350.0,16194.0,43941.0
2025-07-18_21:07:44,8558.0,12004.0,46274.0,14116.0,16194.0,43941.0
2025-07-18_21:07:44,10563.0,12004.0,46274.0,14415.0,16194.0,43941.0
2025-07-18_21:07:44,10078.0,12004.0,46274.0,14511.0,16194.0,43941.0
2025-07-18_21:07:45,10082.0,12004.0,46274.0,14496.0,16194.0,43941.0
2025-07-18_21:07:45,10531.0,12004.0,46274.0,14466.0,16194.0,43941.0
2025-07-18_21:07:45,,,,13994.0,16194.0,43941.0
2025-07-18_21:07:49,2778.0,12004.0,46274.0,12190.0,16194.0,43941.0
2025-07-18_21:07:49,,,,13976.0,16194.0,43941.0
2025-07-18_21:07:53,3375.0,12004.0,46274.0,12158.0,16194.0,43941.0
2025-07-18_21:07:53,10024.0,12004.0,46274.0,14223.0,16194.0,43941.0
2025-07-18_21:07:53,,,,14314.0,16194.0,43941.0
2025-07-18_21:07:57,3358.0,12004.0,46274.0,12196.0,16194.0,43941.0
2025-07-18_21:07:57,9891.0,12004.0,46274.0,14121.0,16194.0,43941.0
2025-07-18_21:07:57,,,,13981.0,16194.0,43941.0
2025-07-18_21:08:01,3375.0,12004.0,46274.0,12160.0,16194.0,43941.0
2025-07-18_21:08:01,,,,13964.0,16194.0,43941.0
2025-07-18_21:08:05,3375.0,12004.0,46274.0,12185.0,16194.0,43941.0
2025-07-18_21:08:05,9797.0,12004.0,46274.0,14134.0,16194.0,43941.0
2025-07-18_21:08:05,9917.0,12004.0,46274.0,14278.0,16194.0,43941.0
2025-07-18_21:08:06,3356.0,12004.0,46274.0,12811.0,16194.0,43941.0
2025-07-18_21:08:07,,,,,,
2025-07-18_21:08:10,6963.0,12004.0,46274.0,3793.0,16194.0,43941.0
2025-07-18_21:08:11,10086.0,12004.0,46274.0,14355.0,16194.0,43941.0
2025-07-18_21:08:11,,,,13975.0,16194.0,43941.0
2025-07-18_21:08:15,3358.0,12004.0,46274.0,12202.0,16194.0,43941.0
2025-07-18_21:08:15,9254.0,12004.0,46274.0,14124.0,16194.0,43941.0
2025-07-18_21:08:15,9543.0,12004.0,46274.0,14109.0,16194.0,43941.0
2025-07-18_21:08:15,,,,14109.0,16194.0,43941.0
2025-07-18_21:08:19,2778.0,12004.0,46274.0,12161.0,16194.0,43941.0
2025-07-18_21:08:19,,,,14306.0,16194.0,43941.0
2025-07-18_21:08:23,3375.0,12004.0,46274.0,12164.0,16194.0,43941.0
2025-07-18_21:08:23,,,,14429.0,16194.0,43941.0
2025-07-18_21:08:27,3375.0,12004.0,46274.0,12188.0,16194.0,43941.0
2025-07-18_21:08:27,,,,14313.0,16194.0,43941.0
2025-07-18_21:08:31,3375.0,12004.0,46274.0,12178.0,16194.0,43941.0
2025-07-18_21:08:31,,,,14249.0,16194.0,43941.0
2025-07-18_21:08:35,3358.0,12004.0,46274.0,12192.0,16194.0,43941.0
2025-07-18_21:08:35,9830.0,12004.0,46274.0,14211.0,16194.0,43941.0
2025-07-18_21:08:35,,,,14047.0,16194.0,43941.0
2025-07-18_21:08:39,3360.0,12004.0,46274.0,12189.0,16194.0,43941.0
2025-07-18_21:08:39,9670.0,12004.0,46274.0,13971.0,16194.0,43941.0
2025-07-18_21:08:39,,,,14039.0,16194.0,43941.0
2025-07-18_21:08:43,3375.0,12004.0,46274.0,12183.0,16194.0,43941.0
2025-07-18_21:08:43,9967.0,12004.0,46274.0,14157.0,16194.0,43941.0
2025-07-18_21:08:43,,,,13972.0,16194.0,43941.0
2025-07-18_21:08:47,3358.0,12004.0,46274.0,12187.0,16194.0,43941.0
2025-07-18_21:08:47,,,,14675.0,16194.0,43941.0
2025-07-18_21:08:51,2778.0,12004.0,46274.0,12187.0,16194.0,43941.0
2025-07-18_21:08:51,9856.0,12004.0,46275.0,14208.0,16194.0,43943.0
2025-07-18_21:08:52,10369.0,12004.0,46275.0,14589.0,16194.0,43943.0
2025-07-18_21:08:52,10185.0,12004.0,46275.0,14542.0,16194.0,43945.0
2025-07-18_21:08:52,10575.0,12004.0,46276.0,14504.0,16194.0,43945.0
2025-07-18_21:08:52,10044.0,12004.0,46276.0,14414.0,16194.0,43945.0
2025-07-18_21:08:52,10467.0,12004.0,46276.0,14400.0,16194.0,43945.0
2025-07-18_21:08:53,2778.0,12004.0,46276.0,12159.0,16194.0,43945.0
2025-07-18_21:08:54,9850.0,12004.0,46278.0,14030.0,16194.0,43945.0
2025-07-18_21:08:54,,,,14425.0,16194.0,43949.0
2025-07-18_21:08:58,2778.0,12004.0,46278.0,12159.0,16194.0,43949.0
2025-07-18_21:08:58,8637.0,12004.0,46278.0,13646.0,16194.0,43949.0
2025-07-18_21:08:58,9787.0,12004.0,46278.0,14135.0,16194.0,43949.0
2025-07-18_21:08:58,,,,,,
2025-07-18_21:09:02,6965.0,12004.0,46278.0,3786.0,16194.0,43949.0
2025-07-18_21:09:02,9629.0,12004.0,46278.0,14293.0,16194.0,43949.0
2025-07-18_21:09:03,10215.0,12004.0,46278.0,14048.0,16194.0,43949.0
2025-07-18_21:09:03,,,,,,
2025-07-18_21:09:07,6963.0,12004.0,46278.0,3792.0,16194.0,43949.0
2025-07-18_21:09:07,9445.0,12004.0,46278.0,13987.0,16194.0,43949.0
2025-07-18_21:09:07,9686.0,12004.0,46278.0,14173.0,16194.0,43949.0
2025-07-18_21:09:07,10060.0,12004.0,46278.0,14350.0,16194.0,43949.0
2025-07-18_21:09:07,10313.0,12004.0,46278.0,14121.0,16194.0,43949.0
2025-07-18_21:09:08,,,,14109.0,16194.0,43949.0
2025-07-18_21:09:11,3302.0,12004.0,46278.0,12168.0,16194.0,43949.0
2025-07-18_21:09:12,9705.0,12004.0,46278.0,14107.0,16194.0,43949.0
2025-07-18_21:09:12,,,,14040.0,16194.0,43949.0
2025-07-18_21:09:15,3375.0,12004.0,46278.0,12188.0,16194.0,43949.0
2025-07-18_21:09:16,9920.0,12004.0,46278.0,14132.0,16194.0,43949.0
2025-07-18_21:09:16,9651.0,12004.0,46278.0,14089.0,16194.0,43949.0
2025-07-18_21:09:16,,,,,,
2025-07-18_21:09:20,6970.0,12004.0,46278.0,3792.0,16194.0,43949.0
2025-07-18_21:09:20,9882.0,12004.0,46278.0,14094.0,16194.0,43949.0
2025-07-18_21:09:20,10607.0,12004.0,46278.0,14674.0,16194.0,43949.0
2025-07-18_21:09:21,9982.0,12004.0,46278.0,14356.0,16194.0,43949.0
2025-07-18_21:09:21,10505.0,12004.0,46278.0,14144.0,16194.0,43949.0
2025-07-18_21:09:21,9105.0,12004.0,46278.0,14114.0,16194.0,43949.0
2025-07-18_21:09:21,9693.0,12004.0,46278.0,13804.0,16194.0,43949.0
2025-07-18_21:09:22,9692.0,12004.0,46278.0,13986.0,16194.0,43949.0
2025-07-18_21:09:22,10617.0,12004.0,46278.0,14401.0,16194.0,43949.0
2025-07-18_21:09:22,,,,13976.0,16194.0,43949.0
2025-07-18_21:09:26,3319.0,12004.0,46278.0,12190.0,16194.0,43949.0
2025-07-18_21:09:26,9803.0,12004.0,46279.0,14258.0,16194.0,43951.0
2025-07-18_21:09:26,,,,,,
2025-07-18_21:09:30,3356.0,12004.0,46279.0,4595.0,16194.0,43951.0
2025-07-18_21:09:31,10090.0,12004.0,46279.0,14302.0,16194.0,43951.0
2025-07-18_21:09:31,9740.0,12004.0,46279.0,14048.0,16194.0,43951.0
2025-07-18_21:09:31,9654.0,12004.0,46279.0,14322.0,16194.0,43951.0
2025-07-18_21:09:31,,,,14098.0,16194.0,43951.0
2025-07-18_21:09:35,2778.0,12004.0,46279.0,12184.0,16194.0,43951.0
2025-07-18_21:09:35,10199.0,12004.0,46279.0,14600.0,16194.0,43951.0
2025-07-18_21:09:36,,,,14418.0,16194.0,43951.0
2025-07-18_21:09:39,3358.0,12004.0,46279.0,12194.0,16194.0,43951.0
2025-07-18_21:09:39,,,,14082.0,16194.0,43951.0
2025-07-18_21:09:43,2778.0,12004.0,46279.0,12186.0,16194.0,43951.0
2025-07-18_21:09:44,,,,14229.0,16194.0,43951.0
2025-07-18_21:09:47,3375.0,12004.0,46279.0,12190.0,16194.0,43951.0
2025-07-18_21:09:47,10072.0,12004.0,46279.0,14319.0,16194.0,43951.0
2025-07-18_21:09:48,10640.0,12004.0,46279.0,14408.0,16194.0,43951.0
2025-07-18_21:09:48,9527.0,12004.0,46279.0,13983.0,16194.0,43951.0
2025-07-18_21:09:48,10277.0,12004.0,46279.0,14326.0,16194.0,43951.0
2025-07-18_21:09:48,10242.0,12004.0,46279.0,14390.0,16194.0,43951.0
2025-07-18_21:09:49,,,,,,
2025-07-18_21:09:52,6962.0,12004.0,46279.0,3793.0,16194.0,43951.0
2025-07-18_21:09:53,10505.0,12004.0,46279.0,14548.0,16194.0,43951.0
2025-07-18_21:09:53,10589.0,12004.0,46279.0,14303.0,16194.0,43951.0
2025-07-18_21:09:53,9814.0,12004.0,46279.0,13821.0,16194.0,43951.0
2025-07-18_21:09:53,9654.0,12004.0,46279.0,14291.0,16194.0,43951.0
2025-07-18_21:09:53,9968.0,12004.0,46279.0,14113.0,16194.0,43951.0
2025-07-18_21:09:54,9798.0,12004.0,46279.0,14309.0,16194.0,43951.0
2025-07-18_21:09:54,9053.0,12004.0,46279.0,13987.0,16194.0,43951.0
2025-07-18_21:09:54,,,,,,
2025-07-18_21:09:58,6963.0,12004.0,46279.0,3787.0,16194.0,43951.0
2025-07-18_21:09:58,,,,,,
2025-07-18_21:10:02,6954.0,12004.0,46279.0,3792.0,16194.0,43951.0
2025-07-18_21:10:02,9678.0,12004.0,46279.0,13801.0,16194.0,43951.0
2025-07-18_21:10:02,10006.0,12004.0,46279.0,14359.0,16194.0,43951.0
2025-07-18_21:10:03,9515.0,12004.0,46279.0,13898.0,16194.0,43951.0
2025-07-18_21:10:03,9918.0,12004.0,46279.0,14369.0,16194.0,43951.0
2025-07-18_21:10:03,10217.0,12004.0,46279.0,14473.0,16194.0,43951.0
2025-07-18_21:10:03,10321.0,12004.0,46279.0,14478.0,16194.0,43951.0
2025-07-18_21:10:04,,,,,,
2025-07-18_21:10:07,6964.0,12004.0,46279.0,3793.0,16194.0,43951.0
2025-07-18_21:10:08,,,,14245.0,16194.0,43951.0
2025-07-18_21:10:11,3358.0,12004.0,46279.0,12182.0,16194.0,43951.0
2025-07-18_21:10:11,,,,,,
2025-07-18_21:10:15,6960.0,12004.0,46279.0,3787.0,16194.0,43951.0
2025-07-18_21:10:15,9961.0,12004.0,46279.0,14364.0,16194.0,43951.0
2025-07-18_21:10:16,,,,14658.0,16194.0,43955.0
2025-07-18_21:10:19,3358.0,12004.0,46279.0,12194.0,16194.0,43955.0
2025-07-18_21:10:20,,,,,,
2025-07-18_21:10:23,6968.0,12004.0,46279.0,3787.0,16194.0,43955.0
2025-07-18_21:10:24,9705.0,12004.0,46279.0,14222.0,16194.0,43955.0
2025-07-18_21:10:24,9768.0,12004.0,46279.0,14125.0,16194.0,43955.0
2025-07-18_21:10:24,9728.0,12004.0,46279.0,14109.0,16194.0,43955.0
2025-07-18_21:10:24,9792.0,12004.0,46279.0,14131.0,16194.0,43955.0
2025-07-18_21:10:24,,,,14108.0,16194.0,43955.0
2025-07-18_21:10:28,,,,,,
2025-07-18_21:10:32,,,,3792.0,16194.0,43955.0
2025-07-18_21:10:36,2778.0,12004.0,46279.0,12195.0,16194.0,43955.0
2025-07-18_21:10:36,10227.0,12004.0,46279.0,14028.0,16194.0,43955.0
2025-07-18_21:10:36,9512.0,12004.0,46279.0,14100.0,16194.0,43955.0
2025-07-18_21:10:37,9699.0,12004.0,46279.0,13968.0,16194.0,43955.0
2025-07-18_21:10:37,10005.0,12004.0,46279.0,14178.0,16194.0,43955.0
2025-07-18_21:10:37,,,,,,
2025-07-18_21:10:41,6969.0,12004.0,46279.0,3793.0,16194.0,43955.0
2025-07-18_21:10:41,10651.0,12004.0,46279.0,14506.0,16194.0,43955.0
2025-07-18_21:10:42,2778.0,12004.0,46279.0,12183.0,16194.0,43955.0
2025-07-18_21:10:42,,,,13994.0,16194.0,43955.0
2025-07-18_21:10:46,2778.0,12004.0,46279.0,12185.0,16194.0,43955.0
2025-07-18_21:10:46,9474.0,12004.0,46279.0,13931.0,16194.0,43955.0
2025-07-18_21:10:46,10597.0,12004.0,46279.0,14471.0,16194.0,43955.0
2025-07-18_21:10:47,,,,,,
2025-07-18_21:10:51,6964.0,12004.0,46279.0,3792.0,16194.0,43955.0
2025-07-18_21:10:51,9700.0,12004.0,46279.0,14038.0,16194.0,43955.0
2025-07-18_21:10:51,10598.0,12004.0,46312.0,14461.0,16194.0,43955.0
2025-07-18_21:10:51,9813.0,12004.0,46312.0,14492.0,16194.0,43955.0
2025-07-18_21:10:51,10249.0,12004.0,46312.0,14146.0,16194.0,43955.0
2025-07-18_21:10:52,,,,14173.0,16194.0,43955.0
2025-07-18_21:10:55,3358.0,12004.0,46312.0,12175.0,16194.0,43955.0
2025-07-18_21:10:56,10161.0,12004.0,46312.0,14042.0,16194.0,43955.0
2025-07-18_21:10:56,,,,14054.0,16194.0,43955.0
2025-07-18_21:10:59,3375.0,12004.0,46312.0,12189.0,16194.0,43955.0
2025-07-18_21:11:00,,,,,,
2025-07-18_21:11:04,2780.0,12004.0,46312.0,3776.0,16194.0,43955.0
2025-07-18_21:11:04,9675.0,12004.0,46312.0,13977.0,16194.0,43955.0
2025-07-18_21:11:05,10608.0,12004.0,46312.0,14322.0,16194.0,43955.0
2025-07-18_21:11:05,,,,14080.0,16194.0,43955.0
2025-07-18_21:11:09,3319.0,12004.0,46312.0,12186.0,16194.0,43955.0
2025-07-18_21:11:09,10203.0,12004.0,46312.0,14351.0,16194.0,43955.0
2025-07-18_21:11:09,9891.0,12004.0,46312.0,13906.0,16194.0,43955.0
2025-07-18_21:11:09,,,,,,
2025-07-18_21:11:13,6962.0,12004.0,46312.0,3793.0,16194.0,43955.0
2025-07-18_21:11:13,9919.0,12004.0,46312.0,14404.0,16194.0,43955.0
2025-07-18_21:11:13,9236.0,12004.0,46312.0,14152.0,16194.0,43955.0
2025-07-18_21:11:14,9669.0,12004.0,46312.0,14168.0,16194.0,43955.0
2025-07-18_21:11:14,9859.0,12004.0,46312.0,14230.0,16194.0,43955.0
2025-07-18_21:11:14,9904.0,12004.0,46312.0,14298.0,16194.0,43955.0
2025-07-18_21:11:14,,,,,,
2025-07-18_21:11:18,6963.0,12004.0,46312.0,3787.0,16194.0,43955.0
2025-07-18_21:11:18,10246.0,12004.0,46312.0,14067.0,16194.0,43955.0
2025-07-18_21:11:19,10146.0,12004.0,46312.0,14655.0,16194.0,43955.0
2025-07-18_21:11:19,,,,14134.0,16194.0,43955.0
2025-07-18_21:11:23,3375.0,12004.0,46312.0,12184.0,16194.0,43955.0
2025-07-18_21:11:23,,,,13983.0,16194.0,43955.0
2025-07-18_21:11:26,3302.0,12004.0,46312.0,12173.0,16194.0,43955.0
2025-07-18_21:11:27,10067.0,12004.0,46312.0,14327.0,16194.0,43955.0
2025-07-18_21:11:27,,,,13075.0,16194.0,43955.0
2025-07-18_21:11:31,2778.0,12004.0,46312.0,12185.0,16194.0,43955.0
2025-07-18_21:11:31,9812.0,12004.0,46312.0,13829.0,16194.0,43955.0
2025-07-18_21:11:31,9667.0,12004.0,46312.0,13969.0,16194.0,43955.0
2025-07-18_21:11:31,9628.0,12004.0,46312.0,14122.0,16194.0,43955.0
2025-07-18_21:11:32,,,,13987.0,16194.0,43955.0
2025-07-18_21:11:35,3358.0,12004.0,46312.0,12198.0,16194.0,43955.0
2025-07-18_21:11:35,9929.0,12004.0,46312.0,14212.0,16194.0,43955.0
2025-07-18_21:11:36,9354.0,12004.0,46312.0,13691.0,16194.0,43955.0
2025-07-18_21:11:36,10647.0,12004.0,46312.0,14433.0,16194.0,43955.0
2025-07-18_21:11:36,,,,14093.0,16194.0,43955.0
2025-07-18_21:11:40,3358.0,12004.0,46312.0,12171.0,16194.0,43955.0
2025-07-18_21:11:40,9940.0,12004.0,46312.0,14360.0,16194.0,43955.0
2025-07-18_21:11:40,9664.0,12004.0,46312.0,13994.0,16194.0,43955.0
2025-07-18_21:11:40,9682.0,12004.0,46312.0,13983.0,16194.0,43955.0
2025-07-18_21:11:41,9679.0,12004.0,46312.0,14169.0,16194.0,43955.0
2025-07-18_21:11:41,9684.0,12004.0,46312.0,14167.0,16194.0,43955.0
2025-07-18_21:11:41,9695.0,12004.0,46312.0,14281.0,16194.0,43955.0
2025-07-18_21:11:41,10116.0,12004.0,46313.0,14331.0,16194.0,43955.0
2025-07-18_21:11:42,,,,13789.0,16194.0,43955.0
2025-07-18_21:11:45,3317.0,12004.0,46313.0,12195.0,16194.0,43955.0
2025-07-18_21:11:45,9925.0,12004.0,46313.0,14112.0,16194.0,43955.0
2025-07-18_21:11:46,10064.0,12004.0,46313.0,14388.0,16194.0,43955.0
2025-07-18_21:11:46,9751.0,12004.0,46313.0,14132.0,16194.0,43955.0
2025-07-18_21:11:46,,,,,,
2025-07-18_21:11:50,6965.0,12004.0,46313.0,3792.0,16194.0,43955.0
2025-07-18_21:11:50,10640.0,12004.0,46313.0,14529.0,16194.0,43955.0
2025-07-18_21:11:50,,,,14067.0,16194.0,43955.0
2025-07-18_21:11:54,2778.0,12004.0,46313.0,12183.0,16194.0,43955.0
2025-07-18_21:11:54,9689.0,12004.0,46313.0,13867.0,16194.0,43955.0
2025-07-18_21:11:55,10216.0,12004.0,46313.0,14327.0,16194.0,43955.0
2025-07-18_21:11:55,9672.0,12004.0,46313.0,14277.0,16194.0,43955.0
2025-07-18_21:11:55,8536.0,12004.0,46313.0,13925.0,16194.0,43955.0
2025-07-18_21:11:55,9667.0,12004.0,46313.0,14110.0,16194.0,43955.0
2025-07-18_21:11:56,,,,13853.0,16194.0,43955.0
2025-07-18_21:11:59,3358.0,12004.0,46313.0,12206.0,16194.0,43955.0
2025-07-18_21:11:59,9686.0,12004.0,46313.0,13995.0,16194.0,43955.0
2025-07-18_21:12:00,9872.0,12004.0,46313.0,14074.0,16194.0,43955.0
2025-07-18_21:12:00,,,,14176.0,16194.0,43955.0
2025-07-18_21:12:04,3375.0,12004.0,46313.0,12182.0,16194.0,43955.0
2025-07-18_21:12:04,,,,13922.0,16194.0,43955.0
2025-07-18_21:12:07,3358.0,12004.0,46313.0,12171.0,16194.0,43955.0
2025-07-18_21:12:08,9261.0,12004.0,46313.0,13940.0,16194.0,43955.0
2025-07-18_21:12:08,9765.0,12004.0,46313.0,13897.0,16194.0,43955.0
2025-07-18_21:12:08,,,,,,
2025-07-18_21:12:12,6963.0,12004.0,46313.0,3792.0,16194.0,43955.0
2025-07-18_21:12:12,,,,,,
2025-07-18_21:12:16,6968.0,12004.0,46313.0,3792.0,16194.0,43955.0
2025-07-18_21:12:16,10182.0,12004.0,46313.0,14347.0,16194.0,43955.0
2025-07-18_21:12:17,2778.0,12004.0,46313.0,12175.0,16194.0,43955.0
2025-07-18_21:12:17,10226.0,12004.0,46313.0,14324.0,16194.0,43955.0
2025-07-18_21:12:17,10119.0,12004.0,46313.0,14539.0,16194.0,43955.0
2025-07-18_21:12:18,9683.0,12004.0,46313.0,13983.0,16194.0,43955.0
2025-07-18_21:12:18,,,,14329.0,16194.0,43955.0
2025-07-18_21:12:22,3375.0,12004.0,46313.0,12183.0,16194.0,43955.0
2025-07-18_21:12:22,,,,14410.0,16194.0,43956.0
2025-07-18_21:12:26,2778.0,12004.0,46313.0,12186.0,16194.0,43956.0
2025-07-18_21:12:26,10212.0,12004.0,46313.0,14550.0,16194.0,43956.0
2025-07-18_21:12:30,2778.0,12004.0,46313.0,12173.0,16194.0,43956.0
2025-07-18_21:12:30,9733.0,12004.0,46313.0,14218.0,16194.0,43956.0
2025-07-18_21:12:30,,,,13783.0,16194.0,43956.0
2025-07-18_21:12:34,3302.0,12004.0,46313.0,12159.0,16194.0,43956.0
2025-07-18_21:12:34,,,,,,
2025-07-18_21:12:39,2778.0,12004.0,46313.0,3776.0,16194.0,43956.0
2025-07-18_21:12:39,10196.0,12004.0,46313.0,14081.0,16194.0,43956.0
2025-07-18_21:12:39,,,,14156.0,16194.0,43956.0
2025-07-18_21:12:43,3375.0,12004.0,46313.0,12187.0,16194.0,43956.0
2025-07-18_21:12:43,,,,14215.0,16194.0,43956.0
2025-07-18_21:12:47,3319.0,12004.0,46313.0,12174.0,16194.0,43956.0
2025-07-18_21:12:47,10274.0,12004.0,46313.0,14680.0,16194.0,43956.0
2025-07-18_21:12:47,9650.0,12004.0,46313.0,14105.0,16194.0,43956.0
2025-07-18_21:12:47,,,,,,
2025-07-18_21:12:51,6974.0,12004.0,46313.0,3792.0,16194.0,43956.0
2025-07-18_21:12:52,,,,,,
2025-07-18_21:12:55,6967.0,12004.0,46313.0,3793.0,16194.0,43956.0
2025-07-18_21:12:56,9455.0,12004.0,46313.0,13919.0,16194.0,43956.0
2025-07-18_21:12:56,8545.0,12004.0,46313.0,13938.0,16194.0,43956.0
2025-07-18_21:12:56,9655.0,12004.0,46313.0,14093.0,16194.0,43956.0
2025-07-18_21:12:56,9453.0,12004.0,46313.0,13992.0,16194.0,43956.0
2025-07-18_21:12:56,,,,13793.0,16194.0,43956.0
2025-07-18_21:13:00,3302.0,12004.0,46313.0,12192.0,16194.0,43956.0
2025-07-18_21:13:00,10092.0,12004.0,46313.0,14239.0,16194.0,43957.0
2025-07-18_21:13:01,9667.0,12004.0,46313.0,13964.0,16194.0,43957.0
2025-07-18_21:13:01,9867.0,12004.0,46321.0,13880.0,16194.0,43957.0
2025-07-18_21:13:01,,,,14226.0,16194.0,43957.0
2025-07-18_21:13:05,3319.0,12004.0,46321.0,12163.0,16194.0,43957.0
2025-07-18_21:13:05,9686.0,12004.0,46321.0,14181.0,16194.0,43957.0
2025-07-18_21:13:05,,,,,,
2025-07-18_21:13:09,6963.0,12004.0,46321.0,3793.0,16194.0,43957.0
2025-07-18_21:13:09,10212.0,12004.0,46321.0,14143.0,16194.0,43957.0
2025-07-18_21:13:09,9646.0,12004.0,46321.0,14110.0,16194.0,43957.0
2025-07-18_21:13:10,,,,,,
2025-07-18_21:13:14,6964.0,12004.0,46321.0,3793.0,16194.0,43957.0
2025-07-18_21:13:14,,,,14002.0,16194.0,43957.0
2025-07-18_21:13:17,3302.0,12004.0,46321.0,12169.0,16194.0,43957.0
2025-07-18_21:13:18,,,,,,
2025-07-18_21:13:21,6968.0,12004.0,46321.0,3792.0,16194.0,43957.0
2025-07-18_21:13:22,,,,,,
2025-07-18_21:13:25,6964.0,12004.0,46321.0,3792.0,16194.0,43957.0
2025-07-18_21:13:26,9959.0,12004.0,46321.0,14164.0,16194.0,43957.0
2025-07-18_21:13:26,10335.0,12004.0,46321.0,14208.0,16194.0,43957.0
2025-07-18_21:13:26,,,,12494.0,16194.0,43957.0
2025-07-18_21:13:30,2778.0,12004.0,46321.0,12188.0,16194.0,43957.0
2025-07-18_21:13:30,10094.0,12004.0,46321.0,14371.0,16194.0,43957.0
2025-07-18_21:13:31,,,,13974.0,16194.0,43957.0
2025-07-18_21:13:34,3319.0,12004.0,46321.0,12191.0,16194.0,43957.0
2025-07-18_21:13:34,,,,14087.0,16194.0,43957.0
2025-07-18_21:13:38,3358.0,12004.0,46321.0,12164.0,16194.0,43957.0
2025-07-18_21:13:38,,,,,,
2025-07-18_21:13:42,6959.0,12004.0,46321.0,3793.0,16194.0,43957.0
2025-07-18_21:13:42,,,,14329.0,16194.0,43957.0
2025-07-18_21:13:46,2778.0,12004.0,46321.0,12190.0,16194.0,43957.0
2025-07-18_21:13:47,9678.0,12004.0,46321.0,14213.0,16194.0,43957.0
2025-07-18_21:13:47,9920.0,12004.0,46321.0,14285.0,16194.0,43957.0
2025-07-18_21:13:47,9661.0,12004.0,46321.0,14291.0,16194.0,43957.0
2025-07-18_21:13:47,9930.0,12004.0,46321.0,14148.0,16194.0,43957.0
2025-07-18_21:13:47,9869.0,12004.0,46321.0,14136.0,16194.0,43957.0
2025-07-18_21:13:48,10186.0,12004.0,46321.0,14367.0,16194.0,43957.0
2025-07-18_21:13:48,,,,14141.0,16194.0,43957.0
2025-07-18_21:13:52,3358.0,12004.0,46321.0,12165.0,16194.0,43957.0
2025-07-18_21:13:52,10022.0,12004.0,46321.0,14171.0,16194.0,43957.0
2025-07-18_21:13:52,10119.0,12004.0,46321.0,14130.0,16194.0,43957.0
2025-07-18_21:13:53,2778.0,12004.0,46321.0,12186.0,16194.0,43957.0
2025-07-18_21:13:53,10245.0,12004.0,46321.0,14102.0,16194.0,43957.0
2025-07-18_21:13:53,9675.0,12004.0,46321.0,14176.0,16194.0,43957.0
2025-07-18_21:13:54,,,,14104.0,16194.0,43957.0
2025-07-18_21:13:57,3375.0,12004.0,46321.0,12189.0,16194.0,43957.0
2025-07-18_21:13:58,10138.0,12004.0,46321.0,13976.0,16194.0,43957.0
2025-07-18_21:13:58,10105.0,12004.0,46321.0,14279.0,16194.0,43957.0
2025-07-18_21:13:58,10165.0,12004.0,46321.0,14131.0,16194.0,43957.0
2025-07-18_21:13:58,,,,,,
2025-07-18_21:14:02,6960.0,12004.0,46321.0,3792.0,16194.0,43957.0
2025-07-18_21:14:02,,,,13781.0,16194.0,43957.0
2025-07-18_21:14:06,2778.0,12004.0,46321.0,12187.0,16194.0,43957.0
2025-07-18_21:14:06,,,,,,
2025-07-18_21:14:10,6969.0,12004.0,46321.0,3792.0,16194.0,43957.0
2025-07-18_21:14:11,,,,,,
2025-07-18_21:14:14,6965.0,12004.0,46321.0,3792.0,16194.0,43957.0
2025-07-18_21:14:15,10029.0,12004.0,46321.0,14119.0,16194.0,43957.0
2025-07-18_21:14:15,10064.0,12004.0,46321.0,14552.0,16194.0,43957.0
2025-07-18_21:14:15,10565.0,12004.0,46352.0,14396.0,16194.0,43984.0
2025-07-18_21:14:15,9668.0,12004.0,46352.0,14143.0,16194.0,43984.0
2025-07-18_21:14:15,,,,14319.0,16194.0,43984.0
2025-07-18_21:14:19,2778.0,12004.0,46352.0,12191.0,16194.0,43984.0
2025-07-18_21:14:20,,,,,,
2025-07-18_21:14:23,6966.0,12004.0,46352.0,3793.0,16194.0,43984.0
2025-07-18_21:14:24,9672.0,12004.0,46352.0,14095.0,16194.0,43984.0
2025-07-18_21:14:24,,,,,,
2025-07-18_21:14:28,6954.0,12004.0,46352.0,3792.0,16194.0,43984.0
2025-07-18_21:14:28,,,,14455.0,16194.0,43988.0
2025-07-18_21:14:31,3377.0,12004.0,46352.0,12180.0,16194.0,43988.0
2025-07-18_21:14:32,10149.0,12004.0,46352.0,14140.0,16194.0,43988.0
2025-07-18_21:14:32,9678.0,12004.0,46352.0,13790.0,16194.0,43988.0
2025-07-18_21:14:32,,,,14080.0,16194.0,43988.0
2025-07-18_21:14:36,2778.0,12004.0,46352.0,12185.0,16194.0,43988.0
2025-07-18_21:14:36,10663.0,12004.0,46352.0,14504.0,16194.0,43988.0
2025-07-18_21:14:36,,,,14210.0,16194.0,43988.0
2025-07-18_21:14:40,3358.0,12004.0,46352.0,12183.0,16194.0,43988.0
2025-07-18_21:14:40,10606.0,12004.0,46352.0,14187.0,16194.0,43988.0
2025-07-18_21:14:41,,,,,,
2025-07-18_21:14:44,6967.0,12004.0,46352.0,3793.0,16194.0,43988.0
2025-07-18_21:14:45,9643.0,12004.0,46352.0,14109.0,16194.0,43988.0
2025-07-18_21:14:45,,,,14088.0,16194.0,43988.0
2025-07-18_21:14:49,2778.0,12004.0,46352.0,12169.0,16194.0,43988.0
2025-07-18_21:14:49,,,,,,
2025-07-18_21:14:53,6964.0,12004.0,46352.0,3792.0,16194.0,43988.0
2025-07-18_21:14:54,2778.0,12004.0,46352.0,12150.0,16194.0,43988.0
2025-07-18_21:14:54,,,,14063.0,16194.0,43988.0
2025-07-18_21:14:57,3375.0,12004.0,46352.0,12166.0,16194.0,43988.0
2025-07-18_21:14:58,9574.0,12004.0,46352.0,14018.0,16194.0,43988.0
2025-07-18_21:14:58,9680.0,12004.0,46352.0,14097.0,16194.0,43988.0
2025-07-18_21:14:58,9572.0,12004.0,46352.0,14200.0,16194.0,43988.0
2025-07-18_21:14:58,,,,13062.0,16194.0,43988.0
2025-07-18_21:15:02,2778.0,12004.0,46352.0,12194.0,16194.0,43988.0
2025-07-18_21:15:02,9189.0,12004.0,46352.0,14034.0,16194.0,43988.0
2025-07-18_21:15:03,9647.0,12004.0,46352.0,14278.0,16194.0,43988.0
2025-07-18_21:15:03,10582.0,12004.0,46353.0,14480.0,16194.0,43988.0
2025-07-18_21:15:03,9934.0,12004.0,46353.0,14377.0,16194.0,43988.0
2025-07-18_21:15:03,,,,14074.0,16194.0,43988.0
2025-07-18_21:15:07,3390.0,12004.0,46353.0,12188.0,16194.0,43988.0
2025-07-18_21:15:07,,,,14322.0,16194.0,43988.0
2025-07-18_21:15:11,2778.0,12004.0,46353.0,12193.0,16194.0,43988.0
2025-07-18_21:15:11,,,,,,
2025-07-18_21:15:16,2778.0,12004.0,46353.0,3776.0,16194.0,43988.0
2025-07-18_21:15:16,9945.0,12004.0,46353.0,14139.0,16194.0,43988.0
2025-07-18_21:15:16,,,,,,
2025-07-18_21:15:20,6970.0,12004.0,46353.0,3793.0,16194.0,43988.0
2025-07-18_21:15:20,,,,14029.0,16194.0,43988.0
2025-07-18_21:15:24,3375.0,12004.0,46353.0,12190.0,16194.0,43988.0
2025-07-18_21:15:24,8633.0,12004.0,46355.0,14160.0,16194.0,43988.0
2025-07-18_21:15:25,,,,14040.0,16194.0,43988.0
2025-07-18_21:15:28,3302.0,12004.0,46355.0,12193.0,16194.0,43988.0
2025-07-18_21:15:29,9976.0,12004.0,46355.0,14506.0,16194.0,43988.0
2025-07-18_21:15:29,10218.0,12004.0,46355.0,14141.0,16194.0,43988.0
2025-07-18_21:15:29,,,,13978.0,16194.0,43988.0
2025-07-18_21:15:33,3302.0,12004.0,46355.0,12183.0,16194.0,43988.0
2025-07-18_21:15:33,10108.0,12004.0,46355.0,14528.0,16194.0,43988.0
2025-07-18_21:15:33,9864.0,12004.0,46355.0,14228.0,16194.0,43988.0
2025-07-18_21:15:33,10534.0,12004.0,46355.0,14642.0,16194.0,43988.0
2025-07-18_21:15:34,,,,,,
2025-07-18_21:15:37,6962.0,12004.0,46355.0,3792.0,16194.0,43988.0
2025-07-18_21:15:38,9607.0,12004.0,46355.0,14232.0,16194.0,43988.0
2025-07-18_21:15:38,9938.0,12004.0,46355.0,14111.0,16194.0,43988.0
2025-07-18_21:15:38,,,,14219.0,16194.0,43988.0
2025-07-18_21:15:42,3360.0,12004.0,46355.0,12166.0,16194.0,43988.0
2025-07-18_21:15:42,9803.0,12004.0,46355.0,14239.0,16194.0,43988.0
2025-07-18_21:15:42,10120.0,12004.0,46355.0,14322.0,16194.0,43988.0
2025-07-18_21:15:42,,,,,,
2025-07-18_21:15:46,6965.0,12004.0,46355.0,3787.0,16194.0,43988.0
2025-07-18_21:15:46,,,,,,
2025-07-18_21:15:50,,,,3778.0,16194.0,43988.0
2025-07-18_21:15:54,2778.0,12004.0,46355.0,12185.0,16194.0,43988.0
2025-07-18_21:15:54,,,,13982.0,16194.0,43988.0
2025-07-18_21:15:58,3302.0,12004.0,46355.0,12197.0,16194.0,43988.0
2025-07-18_21:15:58,9937.0,12004.0,46355.0,14417.0,16194.0,43988.0
2025-07-18_21:15:58,10141.0,12004.0,46355.0,14513.0,16194.0,43988.0
2025-07-18_21:15:59,9314.0,12004.0,46355.0,13862.0,16194.0,43988.0
2025-07-18_21:15:59,,,,14266.0,16194.0,43988.0
2025-07-18_21:16:03,3375.0,12004.0,46355.0,12181.0,16194.0,43988.0
2025-07-18_21:16:03,,,,14330.0,16194.0,43988.0
2025-07-18_21:16:07,2778.0,12004.0,46355.0,12164.0,16194.0,43988.0
2025-07-18_21:16:07,,,,14256.0,16194.0,43988.0
2025-07-18_21:16:11,3375.0,12004.0,46355.0,12166.0,16194.0,43988.0
2025-07-18_21:16:11,,,,14227.0,16194.0,43988.0
2025-07-18_21:16:15,3375.0,12004.0,46355.0,12189.0,16194.0,43988.0
2025-07-18_21:16:15,9687.0,12004.0,46355.0,14069.0,16194.0,43988.0
2025-07-18_21:16:15,9090.0,12004.0,46355.0,13935.0,16194.0,43988.0
2025-07-18_21:16:15,9735.0,12004.0,46355.0,14213.0,16194.0,43988.0
2025-07-18_21:16:15,,,,,,
2025-07-18_21:16:19,6968.0,12004.0,46355.0,3793.0,16194.0,43988.0
2025-07-18_21:16:19,10026.0,12004.0,46355.0,14375.0,16194.0,43988.0
2025-07-18_21:16:20,9426.0,12004.0,46355.0,14137.0,16194.0,43988.0
2025-07-18_21:16:20,10041.0,12004.0,46355.0,14388.0,16194.0,43988.0
2025-07-18_21:16:20,9925.0,12004.0,46355.0,14296.0,16194.0,43989.0
2025-07-18_21:16:20,9994.0,12004.0,46355.0,14509.0,16194.0,43989.0
2025-07-18_21:16:20,,,,14315.0,16194.0,43989.0
2025-07-18_21:16:24,2778.0,12004.0,46355.0,12191.0,16194.0,43989.0
2025-07-18_21:16:25,9653.0,12004.0,46355.0,14097.0,16194.0,43989.0
2025-07-18_21:16:25,10256.0,12004.0,46355.0,14334.0,16194.0,43989.0
2025-07-18_21:16:25,9733.0,12004.0,46355.0,14223.0,16194.0,43989.0
2025-07-18_21:16:25,,,,,,
2025-07-18_21:16:29,6969.0,12004.0,46355.0,3792.0,16194.0,43989.0
2025-07-18_21:16:29,,,,,,
2025-07-18_21:16:33,6964.0,12004.0,46355.0,3787.0,16194.0,43989.0
2025-07-18_21:16:33,,,,14024.0,16194.0,43989.0
2025-07-18_21:16:37,3375.0,12004.0,46355.0,12183.0,16194.0,43989.0
2025-07-18_21:16:37,,,,14105.0,16194.0,43989.0
2025-07-18_21:16:41,3375.0,12004.0,46355.0,12188.0,16194.0,43989.0
2025-07-18_21:16:41,9827.0,12004.0,46355.0,14228.0,16194.0,43989.0
2025-07-18_21:16:41,10216.0,12004.0,46355.0,14400.0,16194.0,43989.0
2025-07-18_21:16:41,9812.0,12004.0,46355.0,14360.0,16194.0,43989.0
2025-07-18_21:16:42,10571.0,12004.0,46355.0,14222.0,16194.0,43989.0
2025-07-18_21:16:42,9816.0,12004.0,46355.0,14019.0,16194.0,43989.0
2025-07-18_21:16:42,10271.0,12004.0,46355.0,14509.0,16194.0,43989.0
2025-07-18_21:16:42,,,,,,
2025-07-18_21:16:47,3356.0,12004.0,46355.0,4595.0,16194.0,43989.0
2025-07-18_21:16:47,10113.0,12004.0,46355.0,14241.0,16194.0,43989.0
2025-07-18_21:16:47,10070.0,12004.0,46355.0,14509.0,16194.0,43989.0
2025-07-18_21:16:47,,,,,,
2025-07-18_21:16:52,2778.0,12004.0,46355.0,3776.0,16194.0,43989.0
2025-07-18_21:16:52,,,,13833.0,16194.0,43989.0
2025-07-18_21:16:56,,,,,,
2025-07-18_21:17:00,6960.0,12004.0,46355.0,3792.0,16194.0,43989.0
2025-07-18_21:17:00,9723.0,12004.0,46355.0,14032.0,16194.0,43989.0
2025-07-18_21:17:00,10293.0,12004.0,46355.0,14642.0,16194.0,43989.0
2025-07-18_21:17:00,9905.0,12004.0,46355.0,14304.0,16194.0,43990.0
2025-07-18_21:17:00,,,,,,
2025-07-18_21:17:04,6960.0,12004.0,46355.0,3793.0,16194.0,43990.0
2025-07-18_21:17:04,9913.0,12004.0,46355.0,13830.0,16194.0,43990.0
2025-07-18_21:17:05,10080.0,12004.0,46355.0,14503.0,16194.0,43990.0
2025-07-18_21:17:05,10080.0,12004.0,46355.0,14159.0,16194.0,43990.0
2025-07-18_21:17:05,9817.0,12004.0,46355.0,13856.0,16194.0,43990.0
2025-07-18_21:17:05,9815.0,12004.0,46355.0,14011.0,16194.0,43990.0
2025-07-18_21:17:06,10033.0,12004.0,46355.0,14123.0,16194.0,43990.0
2025-07-18_21:17:06,11057.0,12004.0,46355.0,14938.0,16194.0,43990.0
2025-07-18_21:17:06,9670.0,12004.0,46355.0,13971.0,16194.0,43990.0
2025-07-18_21:17:06,10607.0,12004.0,46355.0,14394.0,16194.0,43990.0
2025-07-18_21:17:06,10291.0,12004.0,46357.0,14178.0,16194.0,43990.0
2025-07-18_21:17:07,10622.0,12004.0,46357.0,14607.0,16194.0,43990.0
2025-07-18_21:17:07,9938.0,12004.0,46357.0,14048.0,16194.0,43990.0
2025-07-18_21:17:07,,,,,,
2025-07-18_21:17:11,6965.0,12004.0,46357.0,3792.0,16194.0,43990.0
2025-07-18_21:17:11,9656.0,12004.0,46357.0,14292.0,16194.0,43990.0
2025-07-18_21:17:11,9659.0,12004.0,46357.0,14098.0,16194.0,43990.0
2025-07-18_21:17:12,9665.0,12004.0,46357.0,14286.0,16194.0,43990.0
2025-07-18_21:17:12,9680.0,12004.0,46357.0,13987.0,16194.0,43990.0
2025-07-18_21:17:12,10201.0,12004.0,46357.0,14587.0,16194.0,43990.0
2025-07-18_21:17:12,10035.0,12004.0,46357.0,14125.0,16194.0,43990.0
2025-07-18_21:17:12,9680.0,12004.0,46357.0,13965.0,16194.0,43990.0
2025-07-18_21:17:13,10179.0,12004.0,46358.0,14034.0,16194.0,43990.0
2025-07-18_21:17:13,9683.0,12004.0,46358.0,14168.0,16194.0,43990.0
2025-07-18_21:17:13,10187.0,12004.0,46358.0,14171.0,16194.0,43990.0
2025-07-18_21:17:13,,,,,,
2025-07-18_21:17:17,6967.0,12004.0,46358.0,3793.0,16194.0,43990.0
2025-07-18_21:17:17,10235.0,12004.0,46358.0,13903.0,16194.0,43990.0
2025-07-18_21:17:18,9980.0,12004.0,46358.0,14283.0,16194.0,43990.0
2025-07-18_21:17:18,10531.0,12004.0,46359.0,14553.0,16194.0,43991.0
2025-07-18_21:17:18,10219.0,12004.0,46359.0,14329.0,16194.0,43991.0
2025-07-18_21:17:18,10521.0,12004.0,46359.0,14508.0,16194.0,43991.0
2025-07-18_21:17:19,10200.0,12004.0,46359.0,13901.0,16194.0,43991.0
2025-07-18_21:17:19,10176.0,12004.0,46359.0,14159.0,16194.0,43991.0
2025-07-18_21:17:19,9686.0,12004.0,46359.0,13983.0,16194.0,43991.0
2025-07-18_21:17:19,10085.0,12004.0,46359.0,14360.0,16194.0,43991.0
2025-07-18_21:17:20,10625.0,12004.0,46359.0,14408.0,16194.0,43991.0
2025-07-18_21:17:20,9743.0,12004.0,46359.0,14086.0,16194.0,43991.0
2025-07-18_21:17:20,,,,13957.0,16194.0,43991.0
2025-07-18_21:17:24,3375.0,12004.0,46359.0,12191.0,16194.0,43991.0
2025-07-18_21:17:24,,,,,,
2025-07-18_21:17:28,2778.0,12004.0,46359.0,3776.0,16194.0,43991.0
2025-07-18_21:17:29,8523.0,12004.0,46359.0,14223.0,16194.0,43991.0
2025-07-18_21:17:29,,,,14237.0,16194.0,43991.0
2025-07-18_21:17:33,2778.0,12004.0,46359.0,12169.0,16194.0,43991.0
2025-07-18_21:17:33,9670.0,12004.0,46359.0,13959.0,16194.0,43991.0
2025-07-18_21:17:33,10114.0,12004.0,46359.0,14532.0,16194.0,43991.0
2025-07-18_21:17:33,9824.0,12004.0,46359.0,14575.0,16194.0,43991.0
2025-07-18_21:17:34,9900.0,12004.0,46359.0,14148.0,16194.0,43991.0
2025-07-18_21:17:34,9343.0,12004.0,46359.0,14055.0,16194.0,43991.0
2025-07-18_21:17:34,,,,14036.0,16194.0,43991.0
2025-07-18_21:17:38,3358.0,12004.0,46359.0,12180.0,16194.0,43991.0
2025-07-18_21:17:38,9685.0,12004.0,46359.0,14009.0,16194.0,43991.0
2025-07-18_21:17:38,10076.0,12004.0,46359.0,14504.0,16194.0,43991.0
2025-07-18_21:17:38,,,,13283.0,16194.0,43991.0
2025-07-18_21:17:42,2778.0,12004.0,46359.0,12191.0,16194.0,43991.0
2025-07-18_21:17:43,9648.0,12004.0,46359.0,14110.0,16194.0,43991.0
2025-07-18_21:17:43,,,,14656.0,16194.0,43991.0
2025-07-18_21:17:46,3375.0,12004.0,46359.0,12193.0,16194.0,43991.0
2025-07-18_21:17:47,9958.0,12004.0,46360.0,13842.0,16194.0,43991.0
2025-07-18_21:17:47,10229.0,12004.0,46360.0,14160.0,16194.0,43991.0
2025-07-18_21:17:47,,,,,,
2025-07-18_21:17:51,6969.0,12004.0,46360.0,3793.0,16194.0,43991.0
2025-07-18_21:17:51,10223.0,12004.0,46360.0,14301.0,16194.0,43991.0
2025-07-18_21:17:51,10025.0,12004.0,46360.0,14318.0,16194.0,43991.0
2025-07-18_21:17:52,9843.0,12004.0,46360.0,14025.0,16194.0,43991.0
2025-07-18_21:17:52,11012.0,12004.0,46360.0,14430.0,16194.0,43991.0
2025-07-18_21:17:52,9716.0,12004.0,46360.0,14173.0,16194.0,43991.0
2025-07-18_21:17:52,9659.0,12004.0,46360.0,14109.0,16194.0,43991.0
2025-07-18_21:17:52,10222.0,12004.0,46360.0,14318.0,16194.0,43991.0
2025-07-18_21:17:53,10222.0,12004.0,46361.0,14085.0,16194.0,43992.0
2025-07-18_21:17:53,,,,,,
2025-07-18_21:17:57,6970.0,12004.0,46361.0,3793.0,16194.0,43992.0
2025-07-18_21:17:57,9332.0,12004.0,46361.0,14051.0,16194.0,43992.0
2025-07-18_21:17:57,9969.0,12004.0,46361.0,13973.0,16194.0,43992.0
2025-07-18_21:17:57,,,,14136.0,16194.0,43992.0
2025-07-18_21:18:01,3375.0,12004.0,46361.0,12197.0,16194.0,43992.0
2025-07-18_21:18:01,9677.0,12004.0,46361.0,13841.0,16194.0,43992.0
2025-07-18_21:18:02,10618.0,12004.0,46361.0,14604.0,16194.0,43992.0
2025-07-18_21:18:02,10011.0,12004.0,46361.0,14129.0,16194.0,43992.0
2025-07-18_21:18:02,10433.0,12004.0,46361.0,14215.0,16194.0,43992.0
2025-07-18_21:18:02,,,,14144.0,16194.0,43992.0
2025-07-18_21:18:06,3302.0,12004.0,46361.0,12149.0,16194.0,43992.0
2025-07-18_21:18:06,10133.0,12004.0,46361.0,14365.0,16194.0,43992.0
2025-07-18_21:18:06,10203.0,12004.0,46362.0,14034.0,16194.0,43992.0
2025-07-18_21:18:07,,,,13786.0,16194.0,43992.0
2025-07-18_21:18:10,3358.0,12004.0,46362.0,12203.0,16194.0,43992.0
2025-07-18_21:18:10,,,,14174.0,16194.0,43992.0
2025-07-18_21:18:14,3375.0,12004.0,46362.0,12159.0,16194.0,43992.0
2025-07-18_21:18:14,9686.0,12004.0,46362.0,14176.0,16194.0,43992.0
2025-07-18_21:18:15,10055.0,12004.0,46362.0,14399.0,16194.0,43992.0
2025-07-18_21:18:15,,,,14384.0,16194.0,43993.0
2025-07-18_21:18:19,2778.0,12004.0,46362.0,12184.0,16194.0,43993.0
2025-07-18_21:18:19,10975.0,12004.0,46363.0,15134.0,16198.0,44004.0
2025-07-18_21:18:19,10254.0,12004.0,46368.0,14075.0,16198.0,44004.0
2025-07-18_21:18:19,10378.0,12004.0,46368.0,14345.0,16198.0,44004.0
2025-07-18_21:18:20,10399.0,12004.0,46369.0,14767.0,16198.0,44004.0
2025-07-18_21:18:20,10604.0,12004.0,46369.0,14714.0,16198.0,44004.0
2025-07-18_21:18:20,9762.0,12004.0,46369.0,14045.0,16198.0,44004.0
2025-07-18_21:18:20,9816.0,12004.0,46369.0,14344.0,16198.0,44004.0
2025-07-18_21:18:21,,,,,,
2025-07-18_21:18:24,6953.0,12004.0,46369.0,3793.0,16198.0,44004.0
2025-07-18_21:18:25,10606.0,12004.0,46369.0,14432.0,16198.0,44004.0
2025-07-18_21:18:25,,,,,,
2025-07-18_21:18:29,6963.0,12004.0,46369.0,3793.0,16198.0,44004.0
2025-07-18_21:18:29,9651.0,12004.0,46369.0,14292.0,16198.0,44004.0
2025-07-18_21:18:29,10137.0,12004.0,46369.0,14270.0,16198.0,44004.0
2025-07-18_21:18:29,,,,,,
2025-07-18_21:18:33,6965.0,12004.0,46369.0,3792.0,16198.0,44004.0
2025-07-18_21:18:33,,,,,,
2025-07-18_21:18:37,6964.0,12004.0,46369.0,3786.0,16198.0,44004.0
2025-07-18_21:18:37,9713.0,12004.0,46369.0,14139.0,16198.0,44004.0
2025-07-18_21:18:38,10634.0,12004.0,46369.0,14266.0,16198.0,44004.0
2025-07-18_21:18:38,,,,14180.0,16198.0,44004.0
2025-07-18_21:18:42,3302.0,12004.0,46369.0,12199.0,16198.0,44004.0
2025-07-18_21:18:42,9413.0,12004.0,46369.0,14117.0,16198.0,44004.0
2025-07-18_21:18:42,10151.0,12004.0,46369.0,14135.0,16198.0,44004.0
2025-07-18_21:18:42,9321.0,12004.0,46369.0,13865.0,16198.0,44004.0
2025-07-18_21:18:42,10196.0,12004.0,46370.0,14168.0,16198.0,44004.0
2025-07-18_21:18:43,9294.0,12004.0,46406.0,13865.0,16198.0,44004.0
2025-07-18_21:18:43,10153.0,12004.0,46406.0,14326.0,16198.0,44004.0
2025-07-18_21:18:43,9667.0,12004.0,46406.0,14106.0,16198.0,44004.0
2025-07-18_21:18:43,,,,14082.0,16198.0,44004.0
2025-07-18_21:18:47,2778.0,12004.0,46406.0,12166.0,16198.0,44004.0
2025-07-18_21:18:47,10142.0,12004.0,46406.0,14188.0,16198.0,44004.0
2025-07-18_21:18:48,10143.0,12004.0,46406.0,14324.0,16198.0,44004.0
2025-07-18_21:18:48,,,,14099.0,16198.0,44004.0
2025-07-18_21:18:51,3377.0,12004.0,46406.0,12177.0,16198.0,44004.0
2025-07-18_21:18:52,,,,14032.0,16198.0,44004.0
2025-07-18_21:18:55,3321.0,12004.0,46406.0,12185.0,16198.0,44004.0
2025-07-18_21:18:56,,,,,,
2025-07-18_21:18:59,6964.0,12004.0,46406.0,3793.0,16198.0,44004.0
2025-07-18_21:19:00,10106.0,12004.0,46406.0,14305.0,16198.0,44004.0
2025-07-18_21:19:00,,,,13968.0,16198.0,44004.0
2025-07-18_21:19:04,3375.0,12004.0,46406.0,12190.0,16198.0,44004.0
2025-07-18_21:19:04,10257.0,12004.0,46406.0,14331.0,16198.0,44004.0
2025-07-18_21:19:05,,,,,,
2025-07-18_21:19:08,6967.0,12004.0,46406.0,3793.0,16198.0,44004.0
2025-07-18_21:19:09,,,,14774.0,16198.0,44004.0
2025-07-18_21:19:12,3375.0,12004.0,46406.0,12168.0,16198.0,44004.0
2025-07-18_21:19:13,,,,14156.0,16198.0,44004.0
2025-07-18_21:19:16,3321.0,12004.0,46406.0,12185.0,16198.0,44004.0
2025-07-18_21:19:17,9667.0,12004.0,46406.0,14156.0,16198.0,44004.0
2025-07-18_21:19:17,10177.0,12004.0,46406.0,14045.0,16198.0,44004.0
2025-07-18_21:19:17,9909.0,12004.0,46406.0,14372.0,16198.0,44004.0
2025-07-18_21:19:17,10199.0,12004.0,46406.0,14037.0,16198.0,44004.0
2025-07-18_21:19:17,9893.0,12004.0,46411.0,14083.0,16198.0,44004.0
2025-07-18_21:19:18,9680.0,12004.0,46411.0,13786.0,16198.0,44004.0
2025-07-18_21:19:18,9730.0,12004.0,46411.0,13914.0,16198.0,44004.0
2025-07-18_21:19:18,11020.0,12004.0,46411.0,15083.0,16198.0,44004.0
2025-07-18_21:19:18,9904.0,12004.0,46411.0,14329.0,16198.0,44004.0
2025-07-18_21:19:19,,,,,,
2025-07-18_21:19:22,6970.0,12004.0,46411.0,3792.0,16198.0,44004.0
2025-07-18_21:19:23,10244.0,12004.0,46412.0,13828.0,16198.0,44004.0
2025-07-18_21:19:23,9175.0,12004.0,46412.0,13927.0,16198.0,44027.0
2025-07-18_21:19:23,10107.0,12004.0,46412.0,14503.0,16198.0,44027.0
2025-07-18_21:19:23,,,,,,
2025-07-18_21:19:27,6970.0,12004.0,46412.0,3793.0,16198.0,44027.0
2025-07-18_21:19:27,9933.0,12004.0,46413.0,14136.0,16198.0,44027.0
2025-07-18_21:19:28,10611.0,12004.0,46413.0,14505.0,16198.0,44027.0
2025-07-18_21:19:28,10089.0,12004.0,46413.0,14509.0,16198.0,44027.0
2025-07-18_21:19:28,10117.0,12004.0,46413.0,14368.0,16198.0,44027.0
2025-07-18_21:19:28,9982.0,12004.0,46413.0,14165.0,16198.0,44027.0
2025-07-18_21:19:29,9679.0,12004.0,46413.0,14175.0,16198.0,44027.0
2025-07-18_21:19:29,,,,,,
2025-07-18_21:19:33,6968.0,12004.0,46413.0,3787.0,16198.0,44027.0
2025-07-18_21:19:33,9671.0,12004.0,46413.0,14163.0,16198.0,44027.0
2025-07-18_21:19:33,9665.0,12004.0,46413.0,14286.0,16198.0,44027.0
2025-07-18_21:19:33,9950.0,12004.0,46413.0,14335.0,16198.0,44027.0
2025-07-18_21:19:33,,,,14172.0,16198.0,44027.0
2025-07-18_21:19:37,2778.0,12004.0,46413.0,12167.0,16198.0,44027.0
2025-07-18_21:19:38,10008.0,12004.0,46413.0,14044.0,16198.0,44027.0
2025-07-18_21:19:38,,,,,,
2025-07-18_21:19:42,6968.0,12004.0,46413.0,3792.0,16198.0,44027.0
2025-07-18_21:19:42,10060.0,12004.0,46413.0,14122.0,16198.0,44027.0
2025-07-18_21:19:42,9661.0,12004.0,46413.0,14105.0,16198.0,44027.0
2025-07-18_21:19:42,,,,14025.0,16198.0,44027.0
2025-07-18_21:19:46,2780.0,12004.0,46413.0,12185.0,16198.0,44027.0
2025-07-18_21:19:46,,,,13611.0,16198.0,44027.0
2025-07-18_21:19:50,3302.0,12004.0,46413.0,12161.0,16198.0,44027.0
2025-07-18_21:19:50,10685.0,12004.0,46414.0,14269.0,16198.0,44028.0
2025-07-18_21:19:50,,,,14131.0,16198.0,44028.0
2025-07-18_21:19:54,3375.0,12004.0,46414.0,12183.0,16198.0,44028.0
2025-07-18_21:19:54,9696.0,12004.0,46414.0,13851.0,16198.0,44028.0
2025-07-18_21:19:55,,,,14461.0,16198.0,44028.0
2025-07-18_21:19:58,3358.0,12004.0,46414.0,12188.0,16198.0,44028.0
2025-07-18_21:19:58,10143.0,12004.0,46415.0,14290.0,16198.0,44028.0
2025-07-18_21:19:59,10487.0,12004.0,46415.0,14488.0,16198.0,44028.0
2025-07-18_21:19:59,10068.0,12004.0,46415.0,14378.0,16198.0,44028.0
2025-07-18_21:19:59,10149.0,12004.0,46415.0,14307.0,16198.0,44028.0
2025-07-18_21:19:59,,,,14155.0,16198.0,44028.0
2025-07-18_21:20:03,3358.0,12004.0,46415.0,12160.0,16198.0,44028.0
2025-07-18_21:20:03,10641.0,12004.0,46415.0,14551.0,16198.0,44028.0
2025-07-18_21:20:03,,,,,,
2025-07-18_21:20:07,6965.0,12004.0,46415.0,3793.0,16198.0,44028.0
2025-07-18_21:20:07,,,,13840.0,16198.0,44028.0
2025-07-18_21:20:11,3358.0,12004.0,46415.0,12181.0,16198.0,44028.0
2025-07-18_21:20:11,9980.0,12004.0,46415.0,14087.0,16198.0,44029.0
2025-07-18_21:20:12,,,,,,
2025-07-18_21:20:15,6964.0,12004.0,46415.0,3793.0,16198.0,44029.0
2025-07-18_21:20:16,,,,14429.0,16198.0,44029.0
2025-07-18_21:20:19,2778.0,12004.0,46415.0,12186.0,16198.0,44029.0
2025-07-18_21:20:20,,,,,,
2025-07-18_21:20:23,6969.0,12004.0,46415.0,3793.0,16198.0,44029.0
2025-07-18_21:20:24,10266.0,12004.0,46415.0,14363.0,16198.0,44029.0
2025-07-18_21:20:24,,,,,,
2025-07-18_21:20:28,6963.0,12004.0,46415.0,3793.0,16198.0,44029.0
2025-07-18_21:20:28,,,,,,
2025-07-18_21:20:32,6964.0,12004.0,46415.0,3792.0,16198.0,44029.0
2025-07-18_21:20:32,10193.0,12004.0,46415.0,14365.0,16198.0,44029.0
2025-07-18_21:20:32,10007.0,12004.0,46415.0,14383.0,16198.0,44029.0
2025-07-18_21:20:32,10075.0,12004.0,46415.0,14504.0,16198.0,44029.0
2025-07-18_21:20:33,10317.0,12004.0,46466.0,14187.0,16198.0,44029.0
2025-07-18_21:20:33,,,,13838.0,16198.0,44029.0
2025-07-18_21:20:37,3358.0,12004.0,46466.0,12201.0,16198.0,44029.0
2025-07-18_21:20:37,10164.0,12004.0,46466.0,14125.0,16198.0,44029.0
2025-07-18_21:20:37,,,,14311.0,16198.0,44029.0
2025-07-18_21:20:41,3358.0,12004.0,46466.0,12166.0,16198.0,44029.0
2025-07-18_21:20:41,10253.0,12004.0,46466.0,14070.0,16198.0,44029.0
2025-07-18_21:20:41,9957.0,12004.0,46466.0,13997.0,16198.0,44029.0
2025-07-18_21:20:41,,,,14038.0,16198.0,44029.0
2025-07-18_21:20:45,3358.0,12004.0,46466.0,12168.0,16198.0,44029.0
2025-07-18_21:20:45,9670.0,12004.0,46466.0,14289.0,16199.0,44030.0
2025-07-18_21:20:46,9761.0,12004.0,46466.0,14318.0,16199.0,44030.0
2025-07-18_21:20:46,,,,,,
2025-07-18_21:20:50,6954.0,12004.0,46466.0,3793.0,16199.0,44030.0
2025-07-18_21:20:50,,,,14082.0,16199.0,44030.0
2025-07-18_21:20:54,3375.0,12004.0,46466.0,12191.0,16199.0,44030.0
2025-07-18_21:20:54,,,,13786.0,16199.0,44030.0
2025-07-18_21:20:58,2778.0,12004.0,46466.0,12192.0,16199.0,44030.0
2025-07-18_21:20:58,9950.0,12004.0,46466.0,13960.0,16199.0,44030.0
2025-07-18_21:20:58,,,,14503.0,16199.0,44032.0
2025-07-18_21:21:02,3375.0,12004.0,46466.0,12186.0,16199.0,44032.0
2025-07-18_21:21:02,9685.0,12004.0,46466.0,14148.0,16199.0,44032.0
2025-07-18_21:21:02,10671.0,12004.0,46466.0,14498.0,16199.0,44032.0
2025-07-18_21:21:02,9915.0,12004.0,46466.0,14102.0,16199.0,44032.0
2025-07-18_21:21:03,,,,,,
2025-07-18_21:21:06,,,,3793.0,16199.0,44032.0
2025-07-18_21:21:10,2778.0,12004.0,46466.0,12192.0,16199.0,44032.0
2025-07-18_21:21:11,8639.0,12004.0,46466.0,13997.0,16199.0,44032.0
2025-07-18_21:21:11,,,,13832.0,16199.0,44032.0
2025-07-18_21:21:14,3375.0,12004.0,46466.0,12191.0,16199.0,44032.0
2025-07-18_21:21:15,,,,,,
2025-07-18_21:21:18,6965.0,12004.0,46466.0,3792.0,16199.0,44032.0
2025-07-18_21:21:19,,,,14135.0,16199.0,44032.0
2025-07-18_21:21:22,3358.0,12004.0,46466.0,12183.0,16199.0,44032.0
2025-07-18_21:21:23,9848.0,12004.0,46466.0,14175.0,16199.0,44032.0
2025-07-18_21:21:23,,,,13782.0,16199.0,44032.0
2025-07-18_21:21:26,3319.0,12004.0,46466.0,12194.0,16199.0,44032.0
2025-07-18_21:21:27,,,,14112.0,16199.0,44032.0
2025-07-18_21:21:30,3317.0,12004.0,46466.0,12192.0,16199.0,44032.0
2025-07-18_21:21:31,9783.0,12004.0,46466.0,14304.0,16199.0,44032.0
2025-07-18_21:21:31,9684.0,12004.0,46466.0,13746.0,16199.0,44032.0
2025-07-18_21:21:31,10168.0,12004.0,46466.0,14050.0,16199.0,44032.0
2025-07-18_21:21:31,10583.0,12004.0,46466.0,14574.0,16199.0,44032.0
2025-07-18_21:21:31,10259.0,12004.0,46466.0,14375.0,16199.0,44032.0
2025-07-18_21:21:32,10427.0,12004.0,46466.0,13964.0,16199.0,44032.0
2025-07-18_21:21:32,10632.0,12004.0,46467.0,14457.0,16199.0,44032.0
2025-07-18_21:21:32,9662.0,12004.0,46467.0,14166.0,16199.0,44032.0
2025-07-18_21:21:32,8530.0,12004.0,46467.0,13930.0,16199.0,44032.0
2025-07-18_21:21:33,10457.0,12004.0,46467.0,14499.0,16199.0,44032.0
2025-07-18_21:21:33,9797.0,12004.0,46467.0,14205.0,16199.0,44032.0
2025-07-18_21:21:33,10068.0,12004.0,46467.0,14319.0,16199.0,44032.0
2025-07-18_21:21:33,10584.0,12004.0,46467.0,14738.0,16199.0,44032.0
2025-07-18_21:21:33,9816.0,12004.0,46467.0,14475.0,16199.0,44032.0
2025-07-18_21:21:34,,,,14073.0,16199.0,44032.0
2025-07-18_21:21:37,3358.0,12004.0,46467.0,12190.0,16199.0,44032.0
2025-07-18_21:21:38,,,,,,
2025-07-18_21:21:41,6968.0,12004.0,46467.0,3792.0,16199.0,44032.0
2025-07-18_21:21:42,9850.0,12004.0,46467.0,14225.0,16199.0,44032.0
2025-07-18_21:21:42,,,,,,
2025-07-18_21:21:46,6966.0,12004.0,46467.0,3793.0,16199.0,44032.0
2025-07-18_21:21:46,9865.0,12004.0,46467.0,14127.0,16199.0,44032.0
2025-07-18_21:21:46,,,,,,
2025-07-18_21:21:50,6967.0,12004.0,46467.0,3793.0,16199.0,44032.0
2025-07-18_21:21:50,11003.0,12004.0,46467.0,15081.0,16199.0,44033.0
2025-07-18_21:21:50,10123.0,12004.0,46468.0,14524.0,16199.0,44034.0
2025-07-18_21:21:51,,,,14076.0,16199.0,44034.0
2025-07-18_21:21:54,3358.0,12004.0,46468.0,12167.0,16199.0,44034.0
2025-07-18_21:21:55,9922.0,12004.0,46468.0,14372.0,16199.0,44034.0
2025-07-18_21:21:55,8551.0,12004.0,46468.0,13936.0,16199.0,44034.0
2025-07-18_21:21:55,10010.0,12004.0,46471.0,14392.0,16199.0,44034.0
2025-07-18_21:21:55,,,,,,
2025-07-18_21:21:59,6963.0,12004.0,46471.0,3793.0,16199.0,44034.0
2025-07-18_21:21:59,10364.0,12004.0,46471.0,14391.0,16199.0,44034.0
2025-07-18_21:21:59,,,,14370.0,16199.0,44034.0
2025-07-18_21:22:03,2778.0,12004.0,46471.0,12162.0,16199.0,44034.0
2025-07-18_21:22:03,,,,13823.0,16199.0,44034.0
2025-07-18_21:22:07,3302.0,12004.0,46471.0,12184.0,16199.0,44034.0
2025-07-18_21:22:07,,,,,,
2025-07-18_21:22:11,6955.0,12004.0,46471.0,3792.0,16199.0,44034.0
2025-07-18_21:22:11,,,,13944.0,16199.0,44034.0
2025-07-18_21:22:15,3375.0,12004.0,46471.0,12190.0,16199.0,44034.0
2025-07-18_21:22:15,9648.0,12004.0,46471.0,14101.0,16199.0,44034.0
2025-07-18_21:22:16,10228.0,12004.0,46471.0,13958.0,16199.0,44034.0
2025-07-18_21:22:16,10153.0,12004.0,46471.0,14316.0,16199.0,44034.0
2025-07-18_21:22:16,10238.0,12004.0,46475.0,14195.0,16199.0,44034.0
2025-07-18_21:22:16,10112.0,12004.0,46475.0,14083.0,16199.0,44034.0
2025-07-18_21:22:16,,,,14187.0,16199.0,44034.0
2025-07-18_21:22:20,3358.0,12004.0,46475.0,12164.0,16199.0,44034.0
2025-07-18_21:22:20,,,,14729.0,16199.0,44034.0
2025-07-18_21:22:24,2778.0,12004.0,46475.0,12161.0,16199.0,44034.0
2025-07-18_21:22:24,10168.0,12004.0,46475.0,14045.0,16199.0,44034.0
2025-07-18_21:22:25,9664.0,12004.0,46475.0,14094.0,16199.0,44034.0
2025-07-18_21:22:25,,,,,,
2025-07-18_21:22:29,6967.0,12004.0,46475.0,3792.0,16199.0,44034.0
2025-07-18_21:22:29,,,,14406.0,16199.0,44034.0
2025-07-18_21:22:33,2778.0,12004.0,46475.0,12189.0,16199.0,44034.0
2025-07-18_21:22:33,10078.0,12004.0,46475.0,14177.0,16199.0,44034.0
2025-07-18_21:22:33,9702.0,12004.0,46475.0,14104.0,16199.0,44034.0
2025-07-18_21:22:33,9488.0,12004.0,46475.0,14135.0,16199.0,44034.0
2025-07-18_21:22:34,10453.0,12004.0,46475.0,13866.0,16199.0,44034.0
2025-07-18_21:22:34,10917.0,12004.0,46481.0,14874.0,16199.0,44034.0
2025-07-18_21:22:34,10079.0,12004.0,46481.0,14522.0,16199.0,44034.0
2025-07-18_21:22:34,10084.0,12004.0,46481.0,14357.0,16199.0,44034.0
2025-07-18_21:22:34,,,,,,
2025-07-18_21:22:38,6956.0,12004.0,46481.0,3786.0,16199.0,44034.0
2025-07-18_21:22:39,10101.0,12004.0,46481.0,14690.0,16199.0,44034.0
2025-07-18_21:22:39,,,,,,
2025-07-18_21:22:43,6963.0,12004.0,46481.0,3792.0,16199.0,44034.0
2025-07-18_21:22:43,9719.0,12004.0,46481.0,13998.0,16199.0,44034.0
2025-07-18_21:22:43,,,,14123.0,16199.0,44034.0
2025-07-18_21:22:47,2778.0,12004.0,46481.0,12166.0,16199.0,44034.0
2025-07-18_21:22:47,10066.0,12004.0,46481.0,14492.0,16199.0,44034.0
2025-07-18_21:22:47,10620.0,12004.0,46481.0,14340.0,16199.0,44034.0
2025-07-18_21:22:48,,,,14317.0,16199.0,44034.0
2025-07-18_21:22:51,,,,,,
2025-07-18_21:22:55,6959.0,12004.0,46481.0,3793.0,16199.0,44034.0
2025-07-18_21:22:55,9688.0,12004.0,46481.0,14355.0,16199.0,44034.0
2025-07-18_21:22:56,,,,14190.0,16199.0,44034.0
2025-07-18_21:22:59,3375.0,12004.0,46481.0,12187.0,16199.0,44034.0
2025-07-18_21:22:59,,,,13646.0,16199.0,44034.0
2025-07-18_21:23:03,3358.0,12004.0,46481.0,12188.0,16199.0,44034.0
2025-07-18_21:23:03,10071.0,12004.0,46481.0,14357.0,16199.0,44034.0
2025-07-18_21:23:04,9669.0,12004.0,46481.0,13974.0,16199.0,44034.0
2025-07-18_21:23:04,,,,,,
2025-07-18_21:23:08,6968.0,12004.0,46481.0,3786.0,16199.0,44034.0
2025-07-18_21:23:08,,,,,,
2025-07-18_21:23:12,6967.0,12004.0,46481.0,3792.0,16199.0,44034.0
2025-07-18_21:23:12,,,,14387.0,16199.0,44034.0
2025-07-18_21:23:16,3375.0,12004.0,46481.0,12188.0,16199.0,44034.0
2025-07-18_21:23:16,10237.0,12004.0,46481.0,14397.0,16199.0,44034.0
2025-07-18_21:23:16,,,,14033.0,16199.0,44034.0
2025-07-18_21:23:20,,,,,,
2025-07-18_21:23:23,6972.0,12004.0,46481.0,3793.0,16199.0,44034.0
2025-07-18_21:23:24,10617.0,12004.0,46481.0,14196.0,16199.0,44034.0
2025-07-18_21:23:24,9837.0,12004.0,46481.0,14344.0,16199.0,44034.0
2025-07-18_21:23:24,,,,,,
2025-07-18_21:23:28,6969.0,12004.0,46481.0,3786.0,16199.0,44034.0
2025-07-18_21:23:28,8561.0,12004.0,46481.0,13936.0,16199.0,44034.0
2025-07-18_21:23:29,9193.0,12004.0,46481.0,14005.0,16199.0,44034.0
2025-07-18_21:23:29,10464.0,12004.0,46481.0,14252.0,16199.0,44034.0
2025-07-18_21:23:29,9350.0,12004.0,46481.0,13842.0,16199.0,44034.0
2025-07-18_21:23:29,10045.0,12004.0,46481.0,14384.0,16199.0,44034.0
2025-07-18_21:23:29,,,,,,
2025-07-18_21:23:34,2778.0,12004.0,46481.0,3776.0,16199.0,44034.0
2025-07-18_21:23:34,9723.0,12004.0,46481.0,14221.0,16199.0,44034.0
2025-07-18_21:23:34,,,,,,
2025-07-18_21:23:38,6970.0,12004.0,46481.0,3792.0,16199.0,44034.0
2025-07-18_21:23:38,,,,,,
2025-07-18_21:23:42,6964.0,12004.0,46481.0,3793.0,16199.0,44034.0
2025-07-18_21:23:42,,,,14627.0,16199.0,44034.0
2025-07-18_21:23:46,2778.0,12004.0,46481.0,12186.0,16199.0,44034.0
2025-07-18_21:23:47,10694.0,12004.0,46481.0,14642.0,16199.0,44034.0
2025-07-18_21:23:47,,,,14191.0,16199.0,44034.0
2025-07-18_21:23:51,2780.0,12004.0,46481.0,12165.0,16199.0,44034.0
2025-07-18_21:23:51,9904.0,12004.0,46481.0,14137.0,16199.0,44034.0
2025-07-18_21:23:51,10737.0,12004.0,46481.0,14898.0,16199.0,44035.0
2025-07-18_21:23:51,,,,13269.0,16199.0,44035.0
2025-07-18_21:23:55,2778.0,12004.0,46481.0,12187.0,16199.0,44035.0
2025-07-18_21:23:56,,,,,,
2025-07-18_21:23:59,6968.0,12004.0,46481.0,3792.0,16199.0,44035.0
2025-07-18_21:24:00,9758.0,12004.0,46481.0,13867.0,16199.0,44035.0
2025-07-18_21:24:00,,,,14223.0,16199.0,44035.0
2025-07-18_21:24:03,3375.0,12004.0,46481.0,12192.0,16199.0,44035.0
2025-07-18_21:24:04,10261.0,12004.0,46481.0,14389.0,16199.0,44035.0
2025-07-18_21:24:04,10544.0,12004.0,46481.0,14493.0,16199.0,44035.0
2025-07-18_21:24:04,9690.0,12004.0,46481.0,14176.0,16199.0,44035.0
2025-07-18_21:24:04,9884.0,12004.0,46481.0,14336.0,16199.0,44035.0
2025-07-18_21:24:05,,,,12903.0,16199.0,44035.0
2025-07-18_21:24:08,2778.0,12004.0,46481.0,12194.0,16199.0,44035.0
2025-07-18_21:24:09,,,,,,
2025-07-18_21:24:12,6971.0,12004.0,46481.0,3793.0,16199.0,44035.0
2025-07-18_21:24:13,10165.0,12004.0,46481.0,14121.0,16199.0,44035.0
2025-07-18_21:24:13,10035.0,12004.0,46481.0,14490.0,16199.0,44035.0
2025-07-18_21:24:13,,,,14610.0,16199.0,44038.0
2025-07-18_21:24:17,3377.0,12004.0,46481.0,12158.0,16199.0,44038.0
2025-07-18_21:24:17,8336.0,12004.0,46481.0,13933.0,16199.0,44038.0
2025-07-18_21:24:17,,,,,,
2025-07-18_21:24:21,6970.0,12004.0,46481.0,3792.0,16199.0,44038.0
2025-07-18_21:24:21,9671.0,12004.0,46481.0,14160.0,16199.0,44038.0
2025-07-18_21:24:21,10449.0,12004.0,46481.0,14523.0,16199.0,44038.0
2025-07-18_21:24:22,9666.0,12004.0,46481.0,14200.0,16199.0,44038.0
2025-07-18_21:24:22,,,,14375.0,16199.0,44038.0
2025-07-18_21:24:26,3375.0,12004.0,46481.0,12160.0,16199.0,44038.0
2025-07-18_21:24:26,10303.0,12004.0,46481.0,14350.0,16199.0,44038.0
2025-07-18_21:24:26,,,,15103.0,16199.0,44038.0
2025-07-18_21:24:30,3375.0,12004.0,46481.0,12192.0,16199.0,44038.0
2025-07-18_21:24:30,9645.0,12004.0,46481.0,14109.0,16199.0,44038.0
2025-07-18_21:24:30,10528.0,12004.0,46481.0,14305.0,16199.0,44038.0
2025-07-18_21:24:30,9651.0,12004.0,46481.0,14351.0,16199.0,44038.0
2025-07-18_21:24:31,9674.0,12004.0,46481.0,14152.0,16199.0,44038.0
2025-07-18_21:24:31,10236.0,12004.0,46481.0,14439.0,16199.0,44038.0
2025-07-18_21:24:31,9900.0,12004.0,46481.0,14067.0,16199.0,44038.0
2025-07-18_21:24:31,9725.0,12004.0,46481.0,14106.0,16199.0,44038.0
2025-07-18_21:24:31,,,,,,
2025-07-18_21:24:35,6961.0,12004.0,46481.0,3793.0,16199.0,44038.0
2025-07-18_21:24:36,9649.0,12004.0,46495.0,14161.0,16199.0,44038.0
2025-07-18_21:24:36,9681.0,12004.0,46495.0,14328.0,16199.0,44038.0
2025-07-18_21:24:36,,,,13979.0,16199.0,44038.0
2025-07-18_21:24:40,3358.0,12004.0,46495.0,12143.0,16199.0,44038.0
2025-07-18_21:24:40,9170.0,12004.0,46495.0,14043.0,16199.0,44038.0
2025-07-18_21:24:40,9678.0,12004.0,46495.0,13970.0,16199.0,44038.0
2025-07-18_21:24:40,10295.0,12004.0,46495.0,14616.0,16199.0,44038.0
2025-07-18_21:24:41,9806.0,12004.0,46495.0,14037.0,16199.0,44038.0
2025-07-18_21:24:41,10215.0,12004.0,46495.0,14321.0,16199.0,44038.0
2025-07-18_21:24:41,,,,,,
2025-07-18_21:24:45,6968.0,12004.0,46495.0,3792.0,16199.0,44038.0
2025-07-18_21:24:45,10712.0,12004.0,46495.0,14634.0,16199.0,44038.0
2025-07-18_21:24:45,9655.0,12004.0,46495.0,14207.0,16199.0,44038.0
2025-07-18_21:24:46,10451.0,12004.0,46495.0,14349.0,16199.0,44038.0
2025-07-18_21:24:46,10239.0,12004.0,46495.0,14294.0,16199.0,44038.0
2025-07-18_21:24:46,10224.0,12004.0,46497.0,14455.0,16199.0,44038.0
2025-07-18_21:24:46,9674.0,12004.0,46497.0,14004.0,16199.0,44038.0
2025-07-18_21:24:47,,,,14693.0,16199.0,44039.0
2025-07-18_21:24:50,2778.0,12004.0,46497.0,12164.0,16199.0,44039.0
2025-07-18_21:24:51,10466.0,12005.0,46528.0,14426.0,16199.0,44040.0
2025-07-18_21:24:51,10454.0,12005.0,46529.0,14275.0,16199.0,44040.0
2025-07-18_21:24:51,10151.0,12005.0,46529.0,14294.0,16199.0,44040.0
2025-07-18_21:24:51,,,,14729.0,16199.0,44041.0
2025-07-18_21:24:55,3358.0,12005.0,46529.0,12175.0,16199.0,44041.0
2025-07-18_21:24:55,9754.0,12005.0,46529.0,14040.0,16199.0,44041.0
2025-07-18_21:24:55,9679.0,12005.0,46529.0,14135.0,16199.0,44041.0
2025-07-18_21:24:56,,,,,,
2025-07-18_21:24:59,6967.0,12005.0,46529.0,3792.0,16199.0,44041.0
2025-07-18_21:25:00,9640.0,12005.0,46529.0,14280.0,16199.0,44041.0
2025-07-18_21:25:00,10148.0,12005.0,46529.0,13997.0,16199.0,44041.0
2025-07-18_21:25:00,10241.0,12005.0,46529.0,14325.0,16199.0,44041.0
2025-07-18_21:25:00,9974.0,12005.0,46529.0,14167.0,16199.0,44041.0
2025-07-18_21:25:01,,,,14237.0,16199.0,44041.0
2025-07-18_21:25:04,3375.0,12005.0,46529.0,12177.0,16199.0,44041.0
2025-07-18_21:25:05,,,,14656.0,16199.0,44041.0
2025-07-18_21:25:08,2778.0,12005.0,46529.0,12195.0,16199.0,44041.0
2025-07-18_21:25:09,,,,13788.0,16199.0,44041.0
2025-07-18_21:25:12,3319.0,12005.0,46529.0,12193.0,16199.0,44041.0
2025-07-18_21:25:13,,,,,,
2025-07-18_21:25:16,6966.0,12005.0,46529.0,3793.0,16199.0,44041.0
2025-07-18_21:25:17,10132.0,12005.0,46529.0,14366.0,16199.0,44041.0
2025-07-18_21:25:17,10589.0,12005.0,46529.0,14552.0,16199.0,44041.0
2025-07-18_21:25:17,9668.0,12005.0,46529.0,13986.0,16199.0,44041.0
2025-07-18_21:25:17,9647.0,12005.0,46529.0,13905.0,16199.0,44041.0
2025-07-18_21:25:17,9693.0,12005.0,46529.0,14324.0,16199.0,44041.0
2025-07-18_21:25:18,10059.0,12005.0,46529.0,14264.0,16199.0,44041.0
2025-07-18_21:25:18,10693.0,12005.0,46529.0,14973.0,16199.0,44054.0
2025-07-18_21:25:18,9692.0,12005.0,46529.0,14291.0,16199.0,44054.0
2025-07-18_21:25:18,10083.0,12005.0,46529.0,14318.0,16199.0,44054.0
2025-07-18_21:25:19,9963.0,12005.0,46529.0,14141.0,16199.0,44054.0
2025-07-18_21:25:19,9975.0,12005.0,46529.0,14112.0,16199.0,44054.0
2025-07-18_21:25:19,9811.0,12005.0,46529.0,14168.0,16199.0,44054.0
2025-07-18_21:25:19,9944.0,12005.0,46529.0,14136.0,16199.0,44054.0
2025-07-18_21:25:19,10204.0,12005.0,46529.0,14170.0,16199.0,44054.0
2025-07-18_21:25:20,10021.0,12005.0,46529.0,14184.0,16199.0,44054.0
2025-07-18_21:25:20,10346.0,12005.0,46529.0,14101.0,16199.0,44054.0
2025-07-18_21:25:20,10116.0,12005.0,46529.0,14571.0,16199.0,44054.0
2025-07-18_21:25:20,9807.0,12005.0,46529.0,14129.0,16199.0,44054.0
2025-07-18_21:25:21,10233.0,12005.0,46529.0,14698.0,16199.0,44054.0
2025-07-18_21:25:21,10062.0,12005.0,46529.0,14362.0,16199.0,44054.0
2025-07-18_21:25:21,10188.0,12005.0,46529.0,14351.0,16199.0,44054.0
2025-07-18_21:25:21,10791.0,12005.0,46534.0,14724.0,16199.0,44054.0
2025-07-18_21:25:21,9674.0,12005.0,46534.0,13972.0,16199.0,44054.0
2025-07-18_21:25:22,,,,14229.0,16199.0,44054.0
2025-07-18_21:25:25,3358.0,12005.0,46534.0,12182.0,16199.0,44054.0
2025-07-18_21:25:26,9997.0,12005.0,46534.0,14358.0,16199.0,44054.0
2025-07-18_21:25:26,9682.0,12005.0,46534.0,13978.0,16199.0,44054.0
2025-07-18_21:25:26,8663.0,12005.0,46534.0,13972.0,16199.0,44054.0
2025-07-18_21:25:26,9121.0,12005.0,46534.0,13976.0,16199.0,44054.0
2025-07-18_21:25:26,9811.0,12005.0,46534.0,14159.0,16199.0,44054.0
2025-07-18_21:25:27,10163.0,12005.0,46534.0,13961.0,16199.0,44054.0
2025-07-18_21:25:27,,,,,,
2025-07-18_21:25:31,6963.0,12005.0,46534.0,3792.0,16199.0,44054.0
2025-07-18_21:25:31,10006.0,12005.0,46534.0,14137.0,16199.0,44054.0
2025-07-18_21:25:31,10650.0,12005.0,46535.0,14454.0,16199.0,44075.0
2025-07-18_21:25:31,9866.0,12005.0,46535.0,14105.0,16199.0,44075.0
2025-07-18_21:25:32,,,,14010.0,16199.0,44075.0
2025-07-18_21:25:35,3375.0,12005.0,46535.0,12193.0,16199.0,44075.0
2025-07-18_21:25:35,,,,14222.0,16199.0,44075.0
2025-07-18_21:25:39,3375.0,12005.0,46535.0,12185.0,16199.0,44075.0
2025-07-18_21:25:39,10007.0,12005.0,46535.0,14136.0,16199.0,44075.0
2025-07-18_21:25:40,,,,13780.0,16199.0,44075.0
2025-07-18_21:25:43,3319.0,12005.0,46535.0,12163.0,16199.0,44075.0
2025-07-18_21:25:43,,,,,,
2025-07-18_21:25:47,6958.0,12005.0,46535.0,3793.0,16199.0,44075.0
2025-07-18_21:25:47,,,,,,
2025-07-18_21:25:51,6970.0,12005.0,46535.0,3792.0,16199.0,44075.0
2025-07-18_21:25:52,11097.0,12005.0,46536.0,15299.0,16199.0,44075.0
2025-07-18_21:25:52,9975.0,12005.0,46536.0,14398.0,16199.0,44075.0
2025-07-18_21:25:52,9915.0,12005.0,46536.0,14392.0,16199.0,44075.0
2025-07-18_21:25:52,,,,14056.0,16199.0,44075.0
2025-07-18_21:25:56,3358.0,12005.0,46536.0,12172.0,16199.0,44075.0
2025-07-18_21:25:56,10046.0,12005.0,46536.0,14311.0,16199.0,44075.0
2025-07-18_21:25:56,10219.0,12005.0,46537.0,13925.0,16199.0,44075.0
2025-07-18_21:25:57,,,,14385.0,16199.0,44075.0
2025-07-18_21:26:00,3375.0,12005.0,46537.0,12189.0,16199.0,44075.0
2025-07-18_21:26:01,,,,13789.0,16199.0,44075.0
2025-07-18_21:26:04,3358.0,12005.0,46537.0,12197.0,16199.0,44075.0
2025-07-18_21:26:04,,,,14290.0,16199.0,44075.0
2025-07-18_21:26:08,3375.0,12005.0,46537.0,12157.0,16199.0,44075.0
2025-07-18_21:26:08,10163.0,12005.0,46537.0,14297.0,16199.0,44075.0
2025-07-18_21:26:09,,,,,,
2025-07-18_21:26:12,6969.0,12005.0,46537.0,3793.0,16199.0,44075.0
2025-07-18_21:26:13,10058.0,12005.0,46537.0,14232.0,16199.0,44075.0
2025-07-18_21:26:13,10150.0,12005.0,46537.0,14137.0,16199.0,44075.0
2025-07-18_21:26:13,,,,,,
2025-07-18_21:26:17,6957.0,12005.0,46537.0,3792.0,16199.0,44075.0
2025-07-18_21:26:17,10005.0,12005.0,46537.0,14011.0,16199.0,44075.0
2025-07-18_21:26:17,,,,,,
2025-07-18_21:26:22,2778.0,12005.0,46537.0,3776.0,16199.0,44075.0
2025-07-18_21:26:22,,,,,,
2025-07-18_21:26:26,6968.0,12005.0,46537.0,3792.0,16199.0,44075.0
2025-07-18_21:26:26,,,,14440.0,16199.0,44075.0
2025-07-18_21:26:30,3358.0,12005.0,46537.0,12190.0,16199.0,44075.0
2025-07-18_21:26:30,10598.0,12005.0,46537.0,14543.0,16199.0,44075.0
2025-07-18_21:26:30,10130.0,12005.0,46537.0,14317.0,16199.0,44075.0
2025-07-18_21:26:31,9684.0,12005.0,46537.0,14457.0,16199.0,44075.0
2025-07-18_21:26:31,,,,14083.0,16199.0,44075.0
2025-07-18_21:26:34,3358.0,12005.0,46537.0,12162.0,16199.0,44075.0
2025-07-18_21:26:35,,,,,,
2025-07-18_21:26:38,6976.0,12005.0,46537.0,3793.0,16199.0,44075.0
2025-07-18_21:26:39,9690.0,12005.0,46537.0,14175.0,16199.0,44075.0
2025-07-18_21:26:39,10164.0,12005.0,46540.0,13963.0,16199.0,44075.0
2025-07-18_21:26:39,,,,14351.0,16199.0,44075.0
2025-07-18_21:26:43,,,,,,
2025-07-18_21:26:47,6960.0,12005.0,46540.0,3792.0,16199.0,44075.0
2025-07-18_21:26:47,,,,14308.0,16199.0,44075.0
2025-07-18_21:26:51,3358.0,12005.0,46540.0,12190.0,16199.0,44075.0
2025-07-18_21:26:51,9933.0,12005.0,46540.0,14135.0,16199.0,44075.0
2025-07-18_21:26:51,10141.0,12005.0,46540.0,14322.0,16199.0,44076.0
2025-07-18_21:26:51,9664.0,12005.0,46540.0,14016.0,16199.0,44076.0
2025-07-18_21:26:51,9647.0,12005.0,46540.0,14273.0,16199.0,44076.0
2025-07-18_21:26:52,9831.0,12005.0,46540.0,14388.0,16199.0,44076.0
2025-07-18_21:26:52,9659.0,12005.0,46540.0,14319.0,16199.0,44076.0
2025-07-18_21:26:52,,,,15328.0,16199.0,44089.0
2025-07-18_21:26:56,2778.0,12005.0,46540.0,12184.0,16199.0,44089.0
2025-07-18_21:26:56,10038.0,12005.0,46540.0,14306.0,16199.0,44089.0
2025-07-18_21:26:57,9662.0,12005.0,46540.0,14329.0,16199.0,44089.0
2025-07-18_21:26:57,10210.0,12005.0,46540.0,13883.0,16199.0,44089.0
2025-07-18_21:26:57,9668.0,12005.0,46540.0,13974.0,16199.0,44089.0
2025-07-18_21:26:57,10241.0,12005.0,46540.0,14619.0,16199.0,44089.0
2025-07-18_21:26:57,9910.0,12005.0,46540.0,14166.0,16199.0,44089.0
2025-07-18_21:26:58,10469.0,12005.0,46540.0,14665.0,16199.0,44089.0
2025-07-18_21:26:59,2780.0,12005.0,46540.0,12191.0,16199.0,44089.0
2025-07-18_21:26:59,10599.0,12005.0,46543.0,14694.0,16199.0,44090.0
2025-07-18_21:27:00,2778.0,12005.0,46543.0,12191.0,16199.0,44090.0
2025-07-18_21:27:00,9926.0,12005.0,46543.0,14122.0,16199.0,44090.0
2025-07-18_21:27:00,9606.0,12005.0,46543.0,14211.0,16199.0,44090.0
2025-07-18_21:27:00,10624.0,12005.0,46543.0,14173.0,16199.0,44090.0
2025-07-18_21:27:01,,,,14023.0,16199.0,44090.0
2025-07-18_21:27:04,3375.0,12005.0,46543.0,12169.0,16199.0,44090.0
2025-07-18_21:27:04,,,,14322.0,16199.0,44090.0
2025-07-18_21:27:08,3358.0,12005.0,46543.0,12161.0,16199.0,44090.0
2025-07-18_21:27:08,,,,,,
2025-07-18_21:27:12,6964.0,12005.0,46543.0,3793.0,16199.0,44090.0
2025-07-18_21:27:12,,,,,,
2025-07-18_21:27:16,6964.0,12005.0,46543.0,3793.0,16199.0,44090.0
2025-07-18_21:27:16,10595.0,12005.0,46543.0,14415.0,16199.0,44090.0
2025-07-18_21:27:17,,,,,,
2025-07-18_21:27:20,6966.0,12005.0,46543.0,3795.0,16199.0,44090.0
2025-07-18_21:27:21,,,,,,
2025-07-18_21:27:24,6962.0,12005.0,46543.0,3787.0,16199.0,44090.0
2025-07-18_21:27:25,9868.0,12005.0,46544.0,14050.0,16199.0,44090.0
2025-07-18_21:27:25,10625.0,12005.0,46544.0,14415.0,16199.0,44090.0
2025-07-18_21:27:25,10242.0,12005.0,46544.0,14353.0,16199.0,44090.0
2025-07-18_21:27:25,10741.0,12005.0,46546.0,14373.0,16199.0,44090.0
2025-07-18_21:27:26,9684.0,12005.0,46546.0,14176.0,16199.0,44090.0
2025-07-18_21:27:26,9721.0,12005.0,46546.0,14086.0,16199.0,44090.0
2025-07-18_21:27:26,10434.0,12005.0,46546.0,14399.0,16199.0,44090.0
2025-07-18_21:27:26,9655.0,12005.0,46546.0,14285.0,16199.0,44090.0
2025-07-18_21:27:26,9669.0,12005.0,46546.0,13973.0,16199.0,44090.0
2025-07-18_21:27:27,,,,14040.0,16199.0,44090.0
2025-07-18_21:27:30,3375.0,12005.0,46546.0,12192.0,16199.0,44090.0
2025-07-18_21:27:31,9913.0,12005.0,46546.0,14279.0,16199.0,44090.0
2025-07-18_21:27:31,9589.0,12005.0,46546.0,13955.0,16199.0,44090.0
2025-07-18_21:27:31,10022.0,12005.0,46547.0,14327.0,16199.0,44090.0
2025-07-18_21:27:31,,,,,,
2025-07-18_21:27:35,6969.0,12005.0,46547.0,3793.0,16199.0,44090.0
2025-07-18_21:27:35,10658.0,12005.0,46547.0,14700.0,16199.0,44090.0
2025-07-18_21:27:36,10070.0,12005.0,46547.0,14143.0,16199.0,44090.0
2025-07-18_21:27:36,10237.0,12005.0,46547.0,14317.0,16199.0,44090.0
2025-07-18_21:27:36,10593.0,12005.0,46547.0,14586.0,16199.0,44090.0
2025-07-18_21:27:36,10328.0,12005.0,46547.0,14349.0,16199.0,44090.0
2025-07-18_21:27:37,10593.0,12005.0,46547.0,14438.0,16199.0,44090.0
2025-07-18_21:27:37,9795.0,12005.0,46547.0,13939.0,16199.0,44090.0
2025-07-18_21:27:37,9776.0,12005.0,46547.0,14239.0,16199.0,44090.0
2025-07-18_21:27:37,9813.0,12005.0,46547.0,13988.0,16199.0,44090.0
2025-07-18_21:27:37,9669.0,12005.0,46547.0,14290.0,16199.0,44090.0
2025-07-18_21:27:38,9672.0,12005.0,46547.0,14173.0,16199.0,44090.0
2025-07-18_21:27:38,10184.0,12005.0,46547.0,14189.0,16199.0,44090.0
2025-07-18_21:27:38,10106.0,12005.0,46547.0,14109.0,16199.0,44090.0
2025-07-18_21:27:38,10198.0,12005.0,46547.0,14121.0,16199.0,44090.0
2025-07-18_21:27:39,10108.0,12005.0,46547.0,14697.0,16199.0,44090.0
2025-07-18_21:27:39,9682.0,12005.0,46547.0,14318.0,16199.0,44090.0
2025-07-18_21:27:39,,,,14131.0,16199.0,44090.0
2025-07-18_21:27:43,,,,,,
2025-07-18_21:27:47,6967.0,12005.0,46547.0,3793.0,16199.0,44090.0
2025-07-18_21:27:47,,,,13789.0,16199.0,44090.0
2025-07-18_21:27:51,,,,,,
2025-07-18_21:27:54,6965.0,12005.0,46547.0,3793.0,16199.0,44090.0
2025-07-18_21:27:55,9760.0,12005.0,46547.0,14217.0,16199.0,44090.0
2025-07-18_21:27:55,9630.0,12005.0,46547.0,14281.0,16199.0,44090.0
2025-07-18_21:27:55,,,,,,
2025-07-18_21:27:59,6958.0,12005.0,46547.0,3793.0,16199.0,44090.0
2025-07-18_21:27:59,9920.0,12005.0,46547.0,13939.0,16199.0,44090.0
2025-07-18_21:27:59,,,,14086.0,16199.0,44090.0
2025-07-18_21:28:03,3375.0,12005.0,46547.0,12189.0,16199.0,44090.0
2025-07-18_21:28:03,9836.0,12005.0,46547.0,14112.0,16199.0,44090.0
2025-07-18_21:28:03,10603.0,12005.0,46547.0,14493.0,16199.0,44090.0
2025-07-18_21:28:04,9940.0,12005.0,46547.0,14039.0,16199.0,44090.0
2025-07-18_21:28:04,10496.0,12005.0,46547.0,14455.0,16199.0,44090.0
2025-07-18_21:28:04,,,,14109.0,16199.0,44090.0
2025-07-18_21:28:08,3375.0,12005.0,46547.0,12154.0,16199.0,44090.0
2025-07-18_21:28:08,9676.0,12005.0,46547.0,14025.0,16199.0,44090.0
2025-07-18_21:28:08,10207.0,12005.0,46547.0,14138.0,16199.0,44090.0
2025-07-18_21:28:09,,,,,,
2025-07-18_21:28:12,6964.0,12005.0,46547.0,3795.0,16199.0,44090.0
2025-07-18_21:28:13,,,,13947.0,16199.0,44090.0
2025-07-18_21:28:16,2778.0,12005.0,46547.0,12187.0,16199.0,44090.0
2025-07-18_21:28:17,10482.0,12005.0,46547.0,14608.0,16199.0,44090.0
2025-07-18_21:28:17,,,,,,
2025-07-18_21:28:21,6960.0,12005.0,46547.0,3792.0,16199.0,44090.0
2025-07-18_21:28:21,9673.0,12005.0,46547.0,13973.0,16199.0,44090.0
2025-07-18_21:28:21,10015.0,12005.0,46547.0,14157.0,16199.0,44090.0
2025-07-18_21:28:21,10113.0,12005.0,46547.0,14038.0,16199.0,44090.0
2025-07-18_21:28:22,9645.0,12005.0,46547.0,14099.0,16199.0,44090.0
2025-07-18_21:28:22,10572.0,12005.0,46547.0,14564.0,16199.0,44090.0
2025-07-18_21:28:22,9978.0,12005.0,46547.0,13978.0,16199.0,44090.0
2025-07-18_21:28:22,10059.0,12005.0,46547.0,13857.0,16199.0,44090.0
2025-07-18_21:28:22,10481.0,12005.0,46547.0,14576.0,16199.0,44090.0
2025-07-18_21:28:23,9677.0,12005.0,46547.0,14174.0,16199.0,44090.0
2025-07-18_21:28:23,9978.0,12005.0,46547.0,14124.0,16199.0,44090.0
2025-07-18_21:28:23,,,,14025.0,16199.0,44090.0
2025-07-18_21:28:27,3358.0,12005.0,46547.0,12191.0,16199.0,44090.0
2025-07-18_21:28:27,,,,,,
2025-07-18_21:28:31,6970.0,12005.0,46547.0,3795.0,16199.0,44090.0
2025-07-18_21:28:31,10576.0,12005.0,46547.0,14529.0,16199.0,44090.0
2025-07-18_21:28:31,10221.0,12005.0,46547.0,14315.0,16199.0,44090.0
2025-07-18_21:28:31,9787.0,12005.0,46547.0,14125.0,16199.0,44090.0
2025-07-18_21:28:32,9909.0,12005.0,46547.0,14242.0,16199.0,44090.0
2025-07-18_21:28:32,9660.0,12005.0,46547.0,13927.0,16199.0,44090.0
2025-07-18_21:28:32,10529.0,12005.0,46547.0,14538.0,16199.0,44090.0
2025-07-18_21:28:32,,,,13546.0,16199.0,44090.0
2025-07-18_21:28:36,,,,,,
2025-07-18_21:28:40,6957.0,12005.0,46547.0,3787.0,16199.0,44090.0
2025-07-18_21:28:40,9953.0,12005.0,46547.0,14585.0,16199.0,44090.0
2025-07-18_21:28:40,9677.0,12005.0,46547.0,14015.0,16199.0,44090.0
2025-07-18_21:28:41,,,,14147.0,16199.0,44090.0
2025-07-18_21:28:44,3358.0,12005.0,46547.0,12191.0,16199.0,44090.0
2025-07-18_21:28:44,,,,13937.0,16199.0,44090.0
2025-07-18_21:28:48,3319.0,12005.0,46547.0,12192.0,16199.0,44090.0
2025-07-18_21:28:48,9776.0,12005.0,46547.0,14124.0,16199.0,44090.0
2025-07-18_21:28:48,9677.0,12005.0,46547.0,13970.0,16199.0,44090.0
2025-07-18_21:28:49,10556.0,12005.0,46547.0,14520.0,16199.0,44090.0
2025-07-18_21:28:49,,,,,,
2025-07-18_21:28:53,6969.0,12005.0,46547.0,3793.0,16199.0,44090.0
2025-07-18_21:28:53,9670.0,12005.0,46547.0,14171.0,16199.0,44090.0
2025-07-18_21:28:53,9664.0,12005.0,46547.0,14088.0,16199.0,44090.0
2025-07-18_21:28:53,,,,14223.0,16199.0,44090.0
2025-07-18_21:28:57,3375.0,12005.0,46547.0,12187.0,16199.0,44090.0
2025-07-18_21:28:57,10621.0,12005.0,46547.0,14541.0,16199.0,44090.0
2025-07-18_21:28:58,10412.0,12005.0,46547.0,14362.0,16199.0,44090.0
2025-07-18_21:28:58,,,,14332.0,16199.0,44090.0
2025-07-18_21:29:02,3375.0,12005.0,46547.0,12182.0,16199.0,44090.0
2025-07-18_21:29:02,9279.0,12005.0,46547.0,14006.0,16199.0,44090.0
2025-07-18_21:29:02,,,,14169.0,16199.0,44090.0
2025-07-18_21:29:06,3358.0,12005.0,46547.0,12189.0,16199.0,44090.0
2025-07-18_21:29:06,9851.0,12005.0,46547.0,14102.0,16199.0,44090.0
2025-07-18_21:29:06,,,,14320.0,16199.0,44090.0
2025-07-18_21:29:10,3358.0,12005.0,46547.0,12170.0,16199.0,44090.0
2025-07-18_21:29:10,9623.0,12005.0,46547.0,14285.0,16199.0,44090.0
2025-07-18_21:29:10,9671.0,12005.0,46547.0,13967.0,16199.0,44090.0
2025-07-18_21:29:10,9602.0,12005.0,46547.0,13991.0,16199.0,44090.0
2025-07-18_21:29:11,9683.0,12005.0,46547.0,13981.0,16199.0,44090.0
2025-07-18_21:29:11,10004.0,12005.0,46547.0,14500.0,16199.0,44090.0
2025-07-18_21:29:11,,,,,,
2025-07-18_21:29:15,,,,3776.0,16199.0,44090.0
2025-07-18_21:29:19,2778.0,12005.0,46547.0,12186.0,16199.0,44090.0
2025-07-18_21:29:19,9676.0,12005.0,46547.0,14084.0,16199.0,44090.0
2025-07-18_21:29:19,,,,14106.0,16199.0,44090.0
2025-07-18_21:29:23,3319.0,12005.0,46547.0,12191.0,16199.0,44090.0
2025-07-18_21:29:23,10202.0,12005.0,46547.0,14139.0,16199.0,44090.0
2025-07-18_21:29:23,10567.0,12005.0,46547.0,14823.0,16199.0,44090.0
2025-07-18_21:29:24,,,,,,
2025-07-18_21:29:27,6968.0,12005.0,46547.0,3792.0,16199.0,44090.0
2025-07-18_21:29:28,,,,13807.0,16199.0,44090.0
2025-07-18_21:29:31,3302.0,12005.0,46547.0,12199.0,16199.0,44090.0
2025-07-18_21:29:32,,,,14024.0,16199.0,44090.0
2025-07-18_21:29:35,3375.0,12005.0,46547.0,12187.0,16199.0,44090.0
2025-07-18_21:29:35,,,,14170.0,16199.0,44090.0
2025-07-18_21:29:39,3319.0,12005.0,46547.0,12192.0,16199.0,44090.0
2025-07-18_21:29:39,9929.0,12005.0,46547.0,14340.0,16199.0,44090.0
2025-07-18_21:29:40,,,,,,
2025-07-18_21:29:43,6967.0,12005.0,46547.0,3793.0,16199.0,44090.0
2025-07-18_21:29:44,2778.0,12005.0,46547.0,12190.0,16199.0,44090.0
2025-07-18_21:29:44,10023.0,12005.0,46547.0,14504.0,16199.0,44090.0
2025-07-18_21:29:45,9680.0,12005.0,46547.0,13976.0,16199.0,44090.0
2025-07-18_21:29:45,10536.0,12005.0,46548.0,14097.0,16199.0,44090.0
2025-07-18_21:29:45,9793.0,12005.0,46548.0,14133.0,16199.0,44090.0
2025-07-18_21:29:45,9667.0,12005.0,46548.0,14008.0,16199.0,44090.0
2025-07-18_21:29:46,9680.0,12005.0,46548.0,14167.0,16199.0,44090.0
2025-07-18_21:29:46,10131.0,12005.0,46548.0,14417.0,16199.0,44090.0
2025-07-18_21:29:46,10160.0,12005.0,46548.0,13901.0,16199.0,44090.0
2025-07-18_21:29:46,10222.0,12005.0,46548.0,13789.0,16199.0,44090.0
2025-07-18_21:29:46,10175.0,12005.0,46548.0,14315.0,16199.0,44090.0
2025-07-18_21:29:47,9649.0,12005.0,46548.0,14131.0,16199.0,44090.0
2025-07-18_21:29:47,9809.0,12005.0,46548.0,13844.0,16199.0,44090.0
2025-07-18_21:29:47,10515.0,12005.0,46550.0,14466.0,16199.0,44090.0
2025-07-18_21:29:48,,,,,,
2025-07-18_21:29:52,6968.0,12005.0,46550.0,3793.0,16199.0,44090.0
2025-07-18_21:29:52,,,,14383.0,16199.0,44090.0
2025-07-18_21:29:56,3375.0,12005.0,46550.0,12160.0,16199.0,44090.0
2025-07-18_21:29:56,9624.0,12005.0,46550.0,14299.0,16199.0,44090.0
2025-07-18_21:29:56,10254.0,12005.0,46550.0,14308.0,16199.0,44090.0
2025-07-18_21:29:57,10274.0,12005.0,46550.0,14588.0,16199.0,44090.0
2025-07-18_21:29:57,9876.0,12005.0,46550.0,14070.0,16199.0,44090.0
2025-07-18_21:29:57,,,,13974.0,16199.0,44090.0
2025-07-18_21:30:01,3358.0,12005.0,46550.0,12186.0,16199.0,44090.0
2025-07-18_21:30:01,,,,13875.0,16199.0,44090.0
2025-07-18_21:30:05,2778.0,12005.0,46550.0,12197.0,16199.0,44090.0
2025-07-18_21:30:05,9744.0,12005.0,46550.0,14022.0,16199.0,44090.0
2025-07-18_21:30:05,,,,,,
2025-07-18_21:30:09,6968.0,12005.0,46550.0,3793.0,16199.0,44090.0
2025-07-18_21:30:09,9679.0,12005.0,46550.0,14178.0,16199.0,44090.0
2025-07-18_21:30:09,10157.0,12005.0,46550.0,14365.0,16199.0,44090.0
2025-07-18_21:30:10,10401.0,12005.0,46550.0,14390.0,16199.0,44090.0
2025-07-18_21:30:10,9941.0,12005.0,46550.0,14229.0,16199.0,44090.0
2025-07-18_21:30:10,9740.0,12005.0,46550.0,13891.0,16199.0,44090.0
2025-07-18_21:30:10,,,,14487.0,16199.0,44090.0
2025-07-18_21:30:14,2778.0,12005.0,46550.0,12168.0,16199.0,44090.0
2025-07-18_21:30:14,10243.0,12005.0,46550.0,14123.0,16199.0,44090.0
2025-07-18_21:30:15,9681.0,12005.0,46550.0,14176.0,16199.0,44090.0
2025-07-18_21:30:15,10146.0,12005.0,46550.0,14276.0,16199.0,44090.0
2025-07-18_21:30:15,,,,14207.0,16199.0,44108.0
2025-07-18_21:30:19,3358.0,12005.0,46550.0,12191.0,16199.0,44108.0
2025-07-18_21:30:19,9840.0,12005.0,46550.0,14206.0,16199.0,44108.0
2025-07-18_21:30:19,,,,14292.0,16199.0,44109.0
2025-07-18_21:30:23,3375.0,12005.0,46550.0,12161.0,16199.0,44109.0
2025-07-18_21:30:23,,,,,,
2025-07-18_21:30:27,6969.0,12005.0,46550.0,3794.0,16199.0,44109.0
2025-07-18_21:30:27,,,,,,
2025-07-18_21:30:31,6968.0,12005.0,46550.0,3793.0,16199.0,44109.0
2025-07-18_21:30:31,10600.0,12005.0,46550.0,14537.0,16199.0,44109.0
2025-07-18_21:30:31,,,,14233.0,16199.0,44109.0
2025-07-18_21:30:35,2778.0,12005.0,46550.0,12144.0,16199.0,44109.0
2025-07-18_21:30:35,,,,13974.0,16199.0,44109.0
2025-07-18_21:30:39,3302.0,12005.0,46550.0,12184.0,16199.0,44109.0
2025-07-18_21:30:39,9183.0,12005.0,46550.0,13795.0,16199.0,44109.0
2025-07-18_21:30:40,9647.0,12005.0,46550.0,14287.0,16199.0,44109.0
2025-07-18_21:30:40,10108.0,12005.0,46550.0,14366.0,16199.0,44109.0
2025-07-18_21:30:40,9671.0,12005.0,46550.0,14181.0,16199.0,44109.0
2025-07-18_21:30:40,,,,,,
2025-07-18_21:30:44,6957.0,12005.0,46550.0,3793.0,16199.0,44109.0
2025-07-18_21:30:44,10083.0,12005.0,46550.0,14307.0,16199.0,44109.0
2025-07-18_21:30:45,10603.0,12005.0,46550.0,14384.0,16199.0,44109.0
2025-07-18_21:30:45,,,,,,
2025-07-18_21:30:49,6963.0,12005.0,46550.0,3793.0,16199.0,44109.0
2025-07-18_21:30:49,,,,,,
2025-07-18_21:30:53,6969.0,12005.0,46550.0,3793.0,16199.0,44109.0
2025-07-18_21:30:53,10179.0,12005.0,46550.0,14361.0,16199.0,44109.0
2025-07-18_21:30:53,,,,,,
2025-07-18_21:30:57,6958.0,12005.0,46550.0,3793.0,16199.0,44109.0
2025-07-18_21:30:57,10016.0,12005.0,46550.0,14368.0,16199.0,44109.0
2025-07-18_21:30:57,9670.0,12005.0,46550.0,14166.0,16199.0,44109.0
2025-07-18_21:30:58,9678.0,12005.0,46550.0,13970.0,16199.0,44109.0
2025-07-18_21:30:58,10259.0,12005.0,46550.0,14143.0,16199.0,44109.0
2025-07-18_21:30:58,9848.0,12005.0,46550.0,14312.0,16199.0,44110.0
2025-07-18_21:30:58,10054.0,12005.0,46550.0,14356.0,16199.0,44112.0
2025-07-18_21:30:58,,,,14324.0,16199.0,44112.0
2025-07-18_21:31:02,3375.0,12005.0,46550.0,12187.0,16199.0,44112.0
2025-07-18_21:31:02,9752.0,12005.0,46550.0,14014.0,16199.0,44112.0
2025-07-18_21:31:03,8536.0,12005.0,46550.0,13969.0,16199.0,44112.0
2025-07-18_21:31:03,9672.0,12005.0,46550.0,14177.0,16199.0,44112.0
2025-07-18_21:31:03,9670.0,12005.0,46550.0,13984.0,16199.0,44112.0
2025-07-18_21:31:03,8834.0,12005.0,46550.0,14218.0,16199.0,44112.0
2025-07-18_21:31:03,,,,13930.0,16199.0,44112.0
2025-07-18_21:31:07,3375.0,12005.0,46550.0,12167.0,16199.0,44112.0
2025-07-18_21:31:07,10462.0,12005.0,46550.0,14689.0,16199.0,44112.0
2025-07-18_21:31:08,9185.0,12005.0,46550.0,14003.0,16199.0,44112.0
2025-07-18_21:31:08,9927.0,12005.0,46550.0,14130.0,16199.0,44112.0
2025-07-18_21:31:08,,,,,,
2025-07-18_21:31:12,6971.0,12005.0,46550.0,3792.0,16199.0,44112.0
2025-07-18_21:31:12,9366.0,12005.0,46550.0,14236.0,16199.0,44112.0
2025-07-18_21:31:12,9807.0,12005.0,46550.0,14345.0,16199.0,44112.0
2025-07-18_21:31:13,,,,,,
2025-07-18_21:31:16,6960.0,12005.0,46550.0,3793.0,16199.0,44112.0
2025-07-18_21:31:17,10197.0,12005.0,46550.0,14203.0,16199.0,44112.0
2025-07-18_21:31:17,10098.0,12005.0,46550.0,14258.0,16199.0,44112.0
2025-07-18_21:31:17,9687.0,12005.0,46550.0,14014.0,16199.0,44112.0
2025-07-18_21:31:17,10245.0,12005.0,46550.0,14048.0,16199.0,44112.0
2025-07-18_21:31:18,,,,14185.0,16199.0,44112.0
2025-07-18_21:31:21,2778.0,12005.0,46550.0,12188.0,16199.0,44112.0
2025-07-18_21:31:22,10114.0,12005.0,46550.0,14320.0,16199.0,44112.0
2025-07-18_21:31:22,10504.0,12005.0,46550.0,14523.0,16199.0,44112.0
2025-07-18_21:31:22,10102.0,12005.0,46550.0,14311.0,16199.0,44112.0
2025-07-18_21:31:22,10244.0,12005.0,46550.0,13881.0,16199.0,44112.0
2025-07-18_21:31:23,9727.0,12005.0,46550.0,14413.0,16199.0,44112.0
2025-07-18_21:31:23,,,,,,
2025-07-18_21:31:27,6960.0,12005.0,46550.0,3786.0,16199.0,44112.0
2025-07-18_21:31:27,9678.0,12005.0,46550.0,14454.0,16199.0,44112.0
2025-07-18_21:31:27,10471.0,12005.0,46550.0,14727.0,16199.0,44112.0
2025-07-18_21:31:27,10609.0,12005.0,46552.0,14810.0,16199.0,44113.0
2025-07-18_21:31:28,10247.0,12005.0,46552.0,14320.0,16199.0,44113.0
2025-07-18_21:31:28,10566.0,12005.0,46559.0,14354.0,16199.0,44113.0
2025-07-18_21:31:28,9932.0,12005.0,46559.0,14366.0,16199.0,44113.0
2025-07-18_21:31:28,10180.0,12005.0,46559.0,14177.0,16199.0,44113.0
2025-07-18_21:31:28,10190.0,12005.0,46559.0,14043.0,16199.0,44113.0
2025-07-18_21:31:29,9641.0,12005.0,46559.0,14115.0,16199.0,44113.0
2025-07-18_21:31:29,9672.0,12005.0,46559.0,13972.0,16199.0,44113.0
2025-07-18_21:31:29,9644.0,12005.0,46559.0,14186.0,16199.0,44113.0
2025-07-18_21:31:29,9858.0,12005.0,46559.0,13911.0,16199.0,44113.0
2025-07-18_21:31:30,10595.0,12005.0,46559.0,14546.0,16199.0,44113.0
2025-07-18_21:31:30,9667.0,12005.0,46559.0,13974.0,16199.0,44113.0
2025-07-18_21:31:30,10346.0,12005.0,46559.0,14356.0,16199.0,44113.0
2025-07-18_21:31:30,11023.0,12005.0,46559.0,15157.0,16199.0,44113.0
2025-07-18_21:31:31,11023.0,12005.0,46564.0,15065.0,16199.0,44119.0
2025-07-18_21:31:31,9210.0,12005.0,46564.0,13958.0,16199.0,44119.0
2025-07-18_21:31:31,10070.0,12005.0,46564.0,14311.0,16199.0,44119.0
2025-07-18_21:31:31,10227.0,12005.0,46564.0,14369.0,16199.0,44119.0
2025-07-18_21:31:31,9628.0,12005.0,46564.0,13840.0,16199.0,44119.0
2025-07-18_21:31:32,10315.0,12005.0,46564.0,14164.0,16199.0,44119.0
2025-07-18_21:31:32,,,,14484.0,16199.0,44119.0
2025-07-18_21:31:36,2778.0,12005.0,46564.0,12189.0,16199.0,44119.0
2025-07-18_21:31:36,,,,,,
2025-07-18_21:31:40,6964.0,12005.0,46564.0,3793.0,16199.0,44119.0
2025-07-18_21:31:40,,,,14170.0,16199.0,44119.0
2025-07-18_21:31:44,3319.0,12005.0,46564.0,12184.0,16199.0,44119.0
2025-07-18_21:31:44,9930.0,12005.0,46564.0,14203.0,16199.0,44119.0
2025-07-18_21:31:44,10212.0,12005.0,46564.0,14045.0,16199.0,44119.0
2025-07-18_21:31:44,,,,,,
2025-07-18_21:31:48,6964.0,12005.0,46564.0,3792.0,16199.0,44119.0
2025-07-18_21:31:48,,,,,,
2025-07-18_21:31:53,3356.0,12005.0,46564.0,4595.0,16199.0,44119.0
2025-07-18_21:31:53,10671.0,12005.0,46565.0,13797.0,16199.0,44119.0
2025-07-18_21:31:53,9668.0,12005.0,46565.0,13793.0,16199.0,44119.0
2025-07-18_21:31:53,9665.0,12005.0,46565.0,14101.0,16199.0,44119.0
2025-07-18_21:31:53,,,,14049.0,16199.0,44119.0
2025-07-18_21:31:57,3358.0,12005.0,46565.0,12183.0,16199.0,44119.0
2025-07-18_21:31:57,10212.0,12005.0,46565.0,14116.0,16199.0,44119.0
2025-07-18_21:31:58,9730.0,12005.0,46565.0,14019.0,16199.0,44119.0
2025-07-18_21:31:58,10501.0,12005.0,46566.0,14657.0,16199.0,44119.0
2025-07-18_21:31:58,9669.0,12005.0,46566.0,14449.0,16199.0,44119.0
2025-07-18_21:31:58,9658.0,12005.0,46566.0,14321.0,16199.0,44119.0
2025-07-18_21:31:59,10550.0,12005.0,46566.0,14449.0,16199.0,44119.0
2025-07-18_21:31:59,,,,,,
2025-07-18_21:32:03,6968.0,12005.0,46566.0,3792.0,16199.0,44119.0
2025-07-18_21:32:03,9688.0,12005.0,46566.0,13982.0,16199.0,44119.0
2025-07-18_21:32:03,,,,,,
2025-07-18_21:32:07,6967.0,12005.0,46566.0,3793.0,16199.0,44119.0
2025-07-18_21:32:07,9670.0,12005.0,46566.0,13793.0,16199.0,44119.0
2025-07-18_21:32:07,10405.0,12005.0,46566.0,14461.0,16199.0,44119.0
2025-07-18_21:32:07,9708.0,12005.0,46566.0,13966.0,16199.0,44119.0
2025-07-18_21:32:08,10525.0,12005.0,46566.0,14632.0,16199.0,44119.0
2025-07-18_21:32:08,,,,,,
2025-07-18_21:32:12,6964.0,12005.0,46566.0,3793.0,16199.0,44119.0
2025-07-18_21:32:12,9955.0,12005.0,46566.0,14510.0,16199.0,44119.0
2025-07-18_21:32:12,,,,,,
2025-07-18_21:32:16,6966.0,12005.0,46566.0,3793.0,16199.0,44119.0
2025-07-18_21:32:16,9677.0,12005.0,46566.0,13980.0,16199.0,44119.0
2025-07-18_21:32:16,9657.0,12005.0,46566.0,14140.0,16199.0,44119.0
2025-07-18_21:32:17,9672.0,12005.0,46566.0,13982.0,16199.0,44119.0
2025-07-18_21:32:17,,,,13614.0,16199.0,44119.0
2025-07-18_21:32:21,3375.0,12005.0,46566.0,12189.0,16199.0,44119.0
2025-07-18_21:32:21,,,,14100.0,16199.0,44119.0
2025-07-18_21:32:24,3375.0,12005.0,46566.0,12188.0,16199.0,44119.0
2025-07-18_21:32:25,,,,13077.0,16199.0,44119.0
2025-07-18_21:32:28,2780.0,12005.0,46566.0,12167.0,16199.0,44119.0
2025-07-18_21:32:29,9662.0,12005.0,46566.0,14198.0,16199.0,44119.0
2025-07-18_21:32:29,,,,14323.0,16199.0,44119.0
2025-07-18_21:32:33,3375.0,12005.0,46566.0,12184.0,16199.0,44119.0
2025-07-18_21:32:33,9620.0,12005.0,46567.0,14178.0,16199.0,44119.0
2025-07-18_21:32:33,9824.0,12005.0,46567.0,14222.0,16199.0,44119.0
2025-07-18_21:32:33,10285.0,12005.0,46568.0,14574.0,16199.0,44121.0
2025-07-18_21:32:34,9870.0,12005.0,46568.0,14102.0,16199.0,44121.0
2025-07-18_21:32:34,,,,,,
2025-07-18_21:32:38,6969.0,12005.0,46568.0,3793.0,16199.0,44121.0
2025-07-18_21:32:38,10819.0,12005.0,46572.0,14949.0,16199.0,44123.0
2025-07-18_21:32:38,10099.0,12005.0,46573.0,14026.0,16199.0,44123.0
2025-07-18_21:32:38,,,,14267.0,16199.0,44123.0
2025-07-18_21:32:42,3358.0,12005.0,46573.0,12172.0,16199.0,44123.0
2025-07-18_21:32:42,10603.0,12005.0,46573.0,14655.0,16199.0,44123.0
2025-07-18_21:32:42,9811.0,12005.0,46573.0,14025.0,16199.0,44123.0
2025-07-18_21:32:43,,,,14137.0,16199.0,44123.0
2025-07-18_21:32:47,2778.0,12005.0,46573.0,12171.0,16199.0,44123.0
2025-07-18_21:32:47,,,,14132.0,16199.0,44123.0
2025-07-18_21:32:50,3375.0,12005.0,46573.0,12182.0,16199.0,44123.0
2025-07-18_21:32:51,10177.0,12005.0,46573.0,14334.0,16199.0,44123.0
2025-07-18_21:32:51,10493.0,12005.0,46573.0,14412.0,16199.0,44123.0
2025-07-18_21:32:51,,,,14724.0,16199.0,44123.0
2025-07-18_21:32:55,3375.0,12005.0,46573.0,12165.0,16199.0,44123.0
2025-07-18_21:32:55,9577.0,12005.0,46574.0,14020.0,16199.0,44123.0
2025-07-18_21:32:55,10302.0,12005.0,46574.0,14345.0,16199.0,44123.0
2025-07-18_21:32:55,,,,,,
2025-07-18_21:32:59,6975.0,12005.0,46574.0,3793.0,16199.0,44123.0
2025-07-18_21:33:00,10625.0,12005.0,46574.0,14612.0,16199.0,44123.0
2025-07-18_21:33:00,8728.0,12005.0,46574.0,14231.0,16199.0,44123.0
2025-07-18_21:33:01,2778.0,12005.0,46574.0,12184.0,16199.0,44123.0
2025-07-18_21:33:01,10513.0,12005.0,46574.0,14425.0,16199.0,44123.0
2025-07-18_21:33:01,9273.0,12005.0,46574.0,13922.0,16199.0,44123.0
2025-07-18_21:33:01,9426.0,12005.0,46574.0,14193.0,16199.0,44123.0
2025-07-18_21:33:02,9979.0,12005.0,46574.0,14165.0,16199.0,44123.0
2025-07-18_21:33:02,,,,14121.0,16199.0,44123.0
2025-07-18_21:33:06,3302.0,12005.0,46574.0,12178.0,16199.0,44123.0
2025-07-18_21:33:06,10465.0,12005.0,46574.0,14506.0,16199.0,44124.0
2025-07-18_21:33:06,9892.0,12005.0,46574.0,14194.0,16199.0,44124.0
2025-07-18_21:33:06,,,,14044.0,16199.0,44124.0
2025-07-18_21:33:10,2778.0,12005.0,46574.0,12165.0,16199.0,44124.0
2025-07-18_21:33:10,10180.0,12005.0,46574.0,14156.0,16199.0,44124.0
2025-07-18_21:33:10,,,,14340.0,16199.0,44124.0
2025-07-18_21:33:14,3375.0,12005.0,46574.0,12185.0,16199.0,44124.0
2025-07-18_21:33:14,,,,,,
2025-07-18_21:33:18,6964.0,12005.0,46574.0,3793.0,16199.0,44124.0
2025-07-18_21:33:18,,,,14638.0,16199.0,44124.0
2025-07-18_21:33:22,2778.0,12005.0,46574.0,12192.0,16199.0,44124.0
2025-07-18_21:33:22,9996.0,12005.0,46574.0,14542.0,16199.0,44124.0
2025-07-18_21:33:23,,,,,,
2025-07-18_21:33:27,6969.0,12005.0,46574.0,3793.0,16199.0,44124.0
2025-07-18_21:33:27,10621.0,12005.0,46574.0,14408.0,16199.0,44124.0
2025-07-18_21:33:27,,,,,,
2025-07-18_21:33:31,6965.0,12005.0,46574.0,3794.0,16199.0,44124.0
2025-07-18_21:33:31,10065.0,12005.0,46574.0,14135.0,16199.0,44124.0
2025-07-18_21:33:31,10437.0,12005.0,46574.0,14631.0,16199.0,44124.0
2025-07-18_21:33:32,,,,,,
2025-07-18_21:33:35,6976.0,12005.0,46574.0,3793.0,16199.0,44124.0
2025-07-18_21:33:36,9875.0,12005.0,46574.0,14371.0,16199.0,44124.0
2025-07-18_21:33:36,9893.0,12005.0,46582.0,14489.0,16199.0,44124.0
2025-07-18_21:33:36,9694.0,12005.0,46582.0,14011.0,16199.0,44124.0
2025-07-18_21:33:36,,,,,,
2025-07-18_21:33:40,6968.0,12005.0,46582.0,3786.0,16199.0,44124.0
2025-07-18_21:33:40,9513.0,12005.0,46582.0,14178.0,16199.0,44124.0
2025-07-18_21:33:41,9676.0,12005.0,46582.0,14093.0,16199.0,44124.0
2025-07-18_21:33:41,,,,14118.0,16199.0,44124.0
2025-07-18_21:33:45,3375.0,12005.0,46582.0,12187.0,16199.0,44124.0
2025-07-18_21:33:45,10344.0,12005.0,46582.0,14547.0,16199.0,44124.0
2025-07-18_21:33:45,10022.0,12005.0,46582.0,14120.0,16199.0,44124.0
2025-07-18_21:33:45,,,,,,
2025-07-18_21:33:49,6963.0,12005.0,46582.0,3793.0,16199.0,44124.0
2025-07-18_21:33:49,9996.0,12005.0,46582.0,14326.0,16199.0,44124.0
2025-07-18_21:33:49,9988.0,12005.0,46587.0,14456.0,16199.0,44124.0
2025-07-18_21:33:50,2778.0,12005.0,46587.0,12189.0,16199.0,44124.0
2025-07-18_21:33:51,,,,13792.0,16199.0,44124.0
2025-07-18_21:33:54,3375.0,12005.0,46587.0,12176.0,16199.0,44124.0
2025-07-18_21:33:55,9673.0,12005.0,46587.0,14170.0,16199.0,44124.0
2025-07-18_21:33:55,10035.0,12005.0,46588.0,14033.0,16199.0,44124.0
2025-07-18_21:33:55,9947.0,12005.0,46588.0,13891.0,16199.0,44124.0
2025-07-18_21:33:55,9670.0,12005.0,46588.0,13967.0,16199.0,44124.0
2025-07-18_21:33:55,10227.0,12005.0,46588.0,14038.0,16199.0,44124.0
2025-07-18_21:33:56,9672.0,12005.0,46588.0,13956.0,16199.0,44124.0
2025-07-18_21:33:56,10158.0,12005.0,46588.0,14546.0,16199.0,44124.0
2025-07-18_21:33:56,10021.0,12005.0,46588.0,14167.0,16199.0,44124.0
2025-07-18_21:33:56,9764.0,12005.0,46588.0,14380.0,16199.0,44124.0
2025-07-18_21:33:57,10210.0,12005.0,46588.0,14166.0,16199.0,44124.0
2025-07-18_21:33:57,9609.0,12005.0,46588.0,13854.0,16199.0,44124.0
2025-07-18_21:33:57,10582.0,12005.0,46588.0,14350.0,16199.0,44124.0
2025-07-18_21:33:57,,,,14022.0,16199.0,44124.0
2025-07-18_21:34:01,3358.0,12005.0,46588.0,12178.0,16199.0,44124.0
2025-07-18_21:34:01,10208.0,12005.0,46588.0,14181.0,16199.0,44124.0
2025-07-18_21:34:01,9678.0,12005.0,46588.0,14181.0,16199.0,44124.0
2025-07-18_21:34:02,,,,14231.0,16199.0,44124.0
2025-07-18_21:34:06,2778.0,12005.0,46588.0,12189.0,16199.0,44124.0
2025-07-18_21:34:06,9808.0,12005.0,46588.0,14229.0,16199.0,44124.0
2025-07-18_21:34:06,10033.0,12005.0,46588.0,14339.0,16199.0,44124.0
2025-07-18_21:34:06,9825.0,12005.0,46588.0,14224.0,16199.0,44124.0
2025-07-18_21:34:06,8514.0,12005.0,46629.0,14261.0,16199.0,44124.0
2025-07-18_21:34:07,9786.0,12005.0,46629.0,14281.0,16199.0,44124.0
2025-07-18_21:34:07,10889.0,12005.0,46629.0,15068.0,16199.0,44124.0
2025-07-18_21:34:07,9963.0,12005.0,46629.0,14310.0,16199.0,44124.0
2025-07-18_21:34:07,,,,,,
2025-07-18_21:34:11,6964.0,12005.0,46629.0,3793.0,16199.0,44124.0
2025-07-18_21:34:11,,,,,,
2025-07-18_21:34:15,6965.0,12005.0,46629.0,3793.0,16199.0,44124.0
2025-07-18_21:34:15,,,,,,
2025-07-18_21:34:20,2778.0,12005.0,46629.0,3776.0,16199.0,44124.0
2025-07-18_21:34:20,,,,,,
2025-07-18_21:34:24,6969.0,12005.0,46629.0,3795.0,16199.0,44124.0
2025-07-18_21:34:24,9054.0,12005.0,46629.0,13586.0,16199.0,44124.0
2025-07-18_21:34:24,8353.0,12005.0,46629.0,13783.0,16199.0,44124.0
2025-07-18_21:34:25,9676.0,12005.0,46629.0,13978.0,16199.0,44124.0
2025-07-18_21:34:25,9601.0,12005.0,46629.0,14028.0,16199.0,44124.0
2025-07-18_21:34:25,9662.0,12005.0,46629.0,13976.0,16199.0,44124.0
2025-07-18_21:34:25,,,,,,
2025-07-18_21:34:29,6973.0,12005.0,46629.0,3793.0,16199.0,44124.0
2025-07-18_21:34:29,9992.0,12005.0,46629.0,14044.0,16199.0,44124.0
2025-07-18_21:34:29,,,,14201.0,16199.0,44124.0
2025-07-18_21:34:33,2780.0,12005.0,46629.0,12161.0,16199.0,44124.0
2025-07-18_21:34:34,9212.0,12005.0,46629.0,13912.0,16199.0,44124.0
2025-07-18_21:34:34,,,,14279.0,16199.0,44124.0
2025-07-18_21:34:38,3360.0,12005.0,46629.0,12198.0,16199.0,44124.0
2025-07-18_21:34:38,9902.0,12005.0,46629.0,14116.0,16199.0,44124.0
2025-07-18_21:34:38,8576.0,12005.0,46629.0,13748.0,16199.0,44124.0
2025-07-18_21:34:38,9393.0,12005.0,46629.0,13848.0,16199.0,44124.0
2025-07-18_21:34:38,9829.0,12005.0,46629.0,14070.0,16199.0,44124.0
2025-07-18_21:34:39,10116.0,12005.0,46629.0,14119.0,16199.0,44124.0
2025-07-18_21:34:39,9691.0,12005.0,46629.0,14101.0,16199.0,44124.0
2025-07-18_21:34:39,10056.0,12005.0,46629.0,14321.0,16199.0,44124.0
2025-07-18_21:34:39,9697.0,12005.0,46629.0,14274.0,16199.0,44124.0
2025-07-18_21:34:40,8069.0,12005.0,46629.0,12907.0,16199.0,44124.0
2025-07-18_21:34:40,9695.0,12005.0,46629.0,14017.0,16199.0,44124.0
2025-07-18_21:34:40,9955.0,12005.0,46629.0,13995.0,16199.0,44124.0
2025-07-18_21:34:40,9613.0,12005.0,46629.0,14237.0,16199.0,44124.0
2025-07-18_21:34:41,9190.0,12005.0,46629.0,13972.0,16199.0,44124.0
2025-07-18_21:34:41,10078.0,12005.0,46629.0,14313.0,16199.0,44124.0
2025-07-18_21:34:41,9801.0,12005.0,46629.0,13863.0,16199.0,44124.0
2025-07-18_21:34:41,9651.0,12005.0,46629.0,14139.0,16199.0,44124.0
2025-07-18_21:34:41,8693.0,12005.0,46629.0,13920.0,16199.0,44124.0
2025-07-18_21:34:42,9663.0,12005.0,46629.0,14184.0,16199.0,44124.0
2025-07-18_21:34:42,9514.0,12005.0,46629.0,14096.0,16199.0,44124.0
2025-07-18_21:34:42,,,,14110.0,16199.0,44124.0
2025-07-18_21:34:46,3302.0,12005.0,46629.0,12165.0,16199.0,44124.0
2025-07-18_21:34:46,9679.0,12005.0,46629.0,14173.0,16199.0,44124.0
2025-07-18_21:34:46,,,,13998.0,16199.0,44124.0
2025-07-18_21:34:50,3358.0,12005.0,46629.0,12181.0,16199.0,44124.0
2025-07-18_21:34:50,8517.0,12005.0,46629.0,13847.0,16199.0,44124.0
2025-07-18_21:34:50,9005.0,12005.0,46629.0,13819.0,16199.0,44124.0
2025-07-18_21:34:51,,,,,,
2025-07-18_21:34:54,6967.0,12005.0,46629.0,3793.0,16199.0,44124.0
2025-07-18_21:34:55,9536.0,12005.0,46629.0,13970.0,16199.0,44124.0
2025-07-18_21:34:55,9570.0,12005.0,46629.0,14008.0,16199.0,44124.0
2025-07-18_21:34:55,9032.0,12005.0,46629.0,14035.0,16199.0,44124.0
2025-07-18_21:34:55,9951.0,12005.0,46629.0,14187.0,16199.0,44124.0
2025-07-18_21:34:55,9659.0,12005.0,46629.0,13983.0,16199.0,44124.0
2025-07-18_21:34:56,10039.0,12005.0,46632.0,14321.0,16199.0,44124.0
2025-07-18_21:34:56,8534.0,12005.0,46632.0,13707.0,16199.0,44124.0
2025-07-18_21:34:56,10178.0,12005.0,46632.0,14324.0,16199.0,44124.0
2025-07-18_21:34:56,9906.0,12005.0,46632.0,13912.0,16199.0,44124.0
2025-07-18_21:34:57,,,,,,
2025-07-18_21:35:00,6965.0,12005.0,46632.0,3793.0,16199.0,44124.0
2025-07-18_21:35:01,8571.0,12005.0,46632.0,13944.0,16199.0,44124.0
2025-07-18_21:35:01,9638.0,12005.0,46632.0,14321.0,16199.0,44124.0
2025-07-18_21:35:01,9850.0,12005.0,46632.0,14286.0,16199.0,44124.0
2025-07-18_21:35:01,8347.0,12005.0,46632.0,14176.0,16199.0,44124.0
2025-07-18_21:35:02,9677.0,12005.0,46632.0,13977.0,16199.0,44124.0
2025-07-18_21:35:02,9954.0,12005.0,46632.0,14167.0,16199.0,44124.0
2025-07-18_21:35:02,9655.0,12005.0,46632.0,14309.0,16199.0,44124.0
2025-07-18_21:35:02,10332.0,12005.0,46632.0,14611.0,16199.0,44124.0
2025-07-18_21:35:03,9611.0,12005.0,46632.0,14019.0,16199.0,44124.0
2025-07-18_21:35:03,9900.0,12005.0,46632.0,14143.0,16199.0,44124.0
2025-07-18_21:35:03,9826.0,12005.0,46632.0,14330.0,16199.0,44124.0
2025-07-18_21:35:03,9806.0,12005.0,46632.0,14232.0,16199.0,44124.0
2025-07-18_21:35:03,8387.0,12005.0,46632.0,13971.0,16199.0,44124.0
2025-07-18_21:35:04,9828.0,12005.0,46632.0,14011.0,16199.0,44124.0
2025-07-18_21:35:04,9817.0,12005.0,46632.0,14184.0,16199.0,44124.0
2025-07-18_21:35:04,,,,14120.0,16199.0,44124.0
2025-07-18_21:35:08,3302.0,12005.0,46632.0,12188.0,16199.0,44124.0
2025-07-18_21:35:08,9637.0,12005.0,46632.0,14111.0,16199.0,44124.0
2025-07-18_21:35:08,,,,13970.0,16199.0,44124.0
2025-07-18_21:35:12,3375.0,12005.0,46632.0,12192.0,16199.0,44124.0
2025-07-18_21:35:12,,,,,,
2025-07-18_21:35:16,6970.0,12005.0,46632.0,3793.0,16199.0,44124.0
2025-07-18_21:35:16,8579.0,12005.0,46632.0,13947.0,16199.0,44124.0
2025-07-18_21:35:16,10096.0,12005.0,46634.0,14588.0,16199.0,44124.0
2025-07-18_21:35:17,9863.0,12005.0,46634.0,14276.0,16199.0,44124.0
2025-07-18_21:35:17,9511.0,12005.0,46634.0,14362.0,16199.0,44124.0
2025-07-18_21:35:17,8568.0,12005.0,46634.0,13948.0,16199.0,44124.0
2025-07-18_21:35:17,,,,14132.0,16199.0,44124.0
2025-07-18_21:35:21,2778.0,12005.0,46634.0,12183.0,16199.0,44124.0
2025-07-18_21:35:21,,,,13994.0,16199.0,44124.0
2025-07-18_21:35:25,3375.0,12005.0,46634.0,12183.0,16199.0,44124.0
2025-07-18_21:35:25,9621.0,12005.0,46634.0,14199.0,16199.0,44124.0
2025-07-18_21:35:25,9181.0,12005.0,46634.0,13773.0,16199.0,44124.0
2025-07-18_21:35:26,9814.0,12005.0,46635.0,14290.0,16199.0,44124.0
2025-07-18_21:35:26,9742.0,12005.0,46635.0,14000.0,16199.0,44124.0
2025-07-18_21:35:26,9810.0,12005.0,46635.0,14037.0,16199.0,44124.0
2025-07-18_21:35:26,9632.0,12005.0,46635.0,14117.0,16199.0,44124.0
2025-07-18_21:35:27,,,,,,
2025-07-18_21:35:31,6965.0,12005.0,46635.0,3792.0,16199.0,44124.0
2025-07-18_21:35:31,9645.0,12005.0,46635.0,14297.0,16199.0,44124.0
2025-07-18_21:35:31,9482.0,12005.0,46635.0,13803.0,16199.0,44124.0
2025-07-18_21:35:31,,,,,,
2025-07-18_21:35:35,6967.0,12005.0,46635.0,3787.0,16199.0,44124.0
2025-07-18_21:35:35,9966.0,12005.0,46635.0,14416.0,16199.0,44124.0
2025-07-18_21:35:35,10163.0,12005.0,46635.0,14295.0,16199.0,44124.0
2025-07-18_21:35:36,,,,13976.0,16199.0,44124.0
2025-07-18_21:35:39,3319.0,12005.0,46635.0,12191.0,16199.0,44124.0
2025-07-18_21:35:40,9681.0,12005.0,46635.0,13973.0,16199.0,44124.0
2025-07-18_21:35:40,9685.0,12005.0,46635.0,13983.0,16199.0,44124.0
2025-07-18_21:35:40,9653.0,12005.0,46635.0,14243.0,16199.0,44124.0
2025-07-18_21:35:40,9684.0,12005.0,46635.0,13977.0,16199.0,44124.0
2025-07-18_21:35:41,,,,14702.0,16199.0,44124.0
2025-07-18_21:35:44,2778.0,12005.0,46635.0,12190.0,16199.0,44124.0
2025-07-18_21:35:45,8033.0,12005.0,46635.0,13090.0,16199.0,44124.0
2025-07-18_21:35:45,9699.0,12005.0,46637.0,14314.0,16199.0,44124.0
2025-07-18_21:35:45,10071.0,12005.0,46637.0,14325.0,16199.0,44124.0
2025-07-18_21:35:45,,,,,,
2025-07-18_21:35:49,6960.0,12005.0,46637.0,3792.0,16199.0,44124.0
2025-07-18_21:35:49,9914.0,12005.0,46637.0,14226.0,16199.0,44124.0
2025-07-18_21:35:50,9928.0,12005.0,46637.0,14377.0,16199.0,44124.0
2025-07-18_21:35:50,9885.0,12005.0,46637.0,14260.0,16199.0,44124.0
2025-07-18_21:35:50,9882.0,12005.0,46637.0,14062.0,16199.0,44124.0
2025-07-18_21:35:50,9412.0,12005.0,46637.0,14109.0,16199.0,44124.0
2025-07-18_21:35:50,9896.0,12005.0,46637.0,14322.0,16199.0,44124.0
2025-07-18_21:35:51,8365.0,12005.0,46638.0,13924.0,16199.0,44124.0
2025-07-18_21:35:51,,,,14668.0,16199.0,44124.0
2025-07-18_21:35:55,3358.0,12005.0,46638.0,12182.0,16199.0,44124.0
2025-07-18_21:35:55,8897.0,12005.0,46638.0,13967.0,16199.0,44124.0
2025-07-18_21:35:55,,,,,,
2025-07-18_21:35:59,6959.0,12005.0,46638.0,3792.0,16199.0,44124.0
2025-07-18_21:35:59,8093.0,12005.0,46638.0,13045.0,16199.0,44124.0
2025-07-18_21:35:59,9673.0,12005.0,46638.0,14006.0,16199.0,44124.0
2025-07-18_21:35:59,,,,,,
2025-07-18_21:36:03,6970.0,12005.0,46638.0,3786.0,16199.0,44124.0
2025-07-18_21:36:03,9656.0,12005.0,46638.0,13970.0,16199.0,44124.0
2025-07-18_21:36:04,,,,,,
2025-07-18_21:36:08,6967.0,12005.0,46638.0,3792.0,16199.0,44124.0
2025-07-18_21:36:08,9808.0,12005.0,46638.0,14194.0,16199.0,44124.0
2025-07-18_21:36:08,8596.0,12005.0,46638.0,13943.0,16199.0,44124.0
2025-07-18_21:36:08,9797.0,12005.0,46638.0,13791.0,16199.0,44124.0
2025-07-18_21:36:08,,,,,,
2025-07-18_21:36:12,6967.0,12005.0,46638.0,3793.0,16199.0,44124.0
2025-07-18_21:36:13,,,,,,
2025-07-18_21:36:16,6963.0,12005.0,46638.0,3792.0,16199.0,44124.0
2025-07-18_21:36:17,9591.0,12005.0,46638.0,14234.0,16199.0,44124.0
2025-07-18_21:36:17,9702.0,12005.0,46638.0,13992.0,16199.0,44124.0
2025-07-18_21:36:17,9596.0,12005.0,46638.0,13988.0,16199.0,44124.0
2025-07-18_21:36:17,9641.0,12005.0,46638.0,14020.0,16199.0,44124.0
2025-07-18_21:36:17,10196.0,12005.0,46638.0,14586.0,16199.0,44124.0
2025-07-18_21:36:18,,,,13784.0,16199.0,44124.0
2025-07-18_21:36:21,3317.0,12005.0,46638.0,12189.0,16199.0,44124.0
2025-07-18_21:36:22,9624.0,12005.0,46638.0,14066.0,16199.0,44124.0
2025-07-18_21:36:22,9467.0,12005.0,46638.0,14179.0,16199.0,44124.0
2025-07-18_21:36:22,9633.0,12005.0,46638.0,14103.0,16199.0,44124.0
2025-07-18_21:36:22,9680.0,12005.0,46638.0,14168.0,16199.0,44124.0
2025-07-18_21:36:23,,,,,,
2025-07-18_21:36:27,2778.0,12005.0,46638.0,3776.0,16199.0,44124.0
2025-07-18_21:36:27,,,,13096.0,16199.0,44124.0
2025-07-18_21:36:31,2778.0,12005.0,46638.0,12201.0,16199.0,44124.0
2025-07-18_21:36:31,,,,13936.0,16199.0,44124.0
2025-07-18_21:36:35,3319.0,12005.0,46638.0,12171.0,16199.0,44124.0
2025-07-18_21:36:35,9573.0,12005.0,46638.0,14001.0,16199.0,44124.0
2025-07-18_21:36:35,10081.0,12005.0,46638.0,14277.0,16199.0,44124.0
2025-07-18_21:36:36,9543.0,12005.0,46638.0,14106.0,16199.0,44124.0
2025-07-18_21:36:36,,,,13695.0,16199.0,44124.0
2025-07-18_21:36:40,3302.0,12005.0,46638.0,12193.0,16199.0,44124.0
2025-07-18_21:36:40,,,,13983.0,16199.0,44124.0
2025-07-18_21:36:43,3358.0,12005.0,46638.0,12192.0,16199.0,44124.0
2025-07-18_21:36:44,9188.0,12005.0,46638.0,13906.0,16199.0,44124.0
2025-07-18_21:36:44,8565.0,12005.0,46638.0,13933.0,16199.0,44124.0
2025-07-18_21:36:44,9302.0,12005.0,46638.0,14097.0,16199.0,44124.0
2025-07-18_21:36:44,,,,,,
2025-07-18_21:36:48,6952.0,12005.0,46638.0,3792.0,16199.0,44124.0
2025-07-18_21:36:48,,,,13778.0,16199.0,44124.0
2025-07-18_21:36:52,3302.0,12005.0,46638.0,12174.0,16199.0,44124.0
2025-07-18_21:36:52,9672.0,12005.0,46638.0,13987.0,16199.0,44124.0
2025-07-18_21:36:53,,,,14290.0,16199.0,44124.0
2025-07-18_21:36:56,3375.0,12005.0,46638.0,12171.0,16199.0,44124.0
2025-07-18_21:36:56,9681.0,12005.0,46638.0,13772.0,16199.0,44124.0
2025-07-18_21:36:57,9964.0,12005.0,46639.0,14221.0,16199.0,44124.0
2025-07-18_21:36:57,9681.0,12005.0,46639.0,14245.0,16199.0,44124.0
2025-07-18_21:36:57,9901.0,12005.0,46639.0,14236.0,16199.0,44124.0
2025-07-18_21:36:57,10228.0,12005.0,46639.0,14502.0,16199.0,44124.0
2025-07-18_21:36:58,9833.0,12005.0,46639.0,13969.0,16199.0,44124.0
2025-07-18_21:36:58,9794.0,12005.0,46639.0,14196.0,16199.0,44124.0
2025-07-18_21:36:58,,,,13986.0,16199.0,44124.0
2025-07-18_21:37:02,3375.0,12005.0,46639.0,12184.0,16199.0,44124.0
2025-07-18_21:37:02,9586.0,12005.0,46639.0,13992.0,16199.0,44124.0
2025-07-18_21:37:02,9652.0,12005.0,46639.0,14278.0,16199.0,44124.0
2025-07-18_21:37:02,9858.0,12005.0,46639.0,14208.0,16199.0,44124.0
2025-07-18_21:37:03,9662.0,12005.0,46639.0,14288.0,16199.0,44124.0
2025-07-18_21:37:03,10078.0,12005.0,46639.0,14464.0,16199.0,44124.0
2025-07-18_21:37:03,,,,14136.0,16199.0,44124.0
2025-07-18_21:37:07,3375.0,12005.0,46639.0,12166.0,16199.0,44124.0
2025-07-18_21:37:07,10162.0,12005.0,46639.0,14290.0,16199.0,44124.0
2025-07-18_21:37:07,9673.0,12005.0,46639.0,13980.0,16199.0,44124.0
2025-07-18_21:37:08,,,,,,
2025-07-18_21:37:11,6969.0,12005.0,46639.0,3793.0,16199.0,44124.0
2025-07-18_21:37:12,9843.0,12005.0,46639.0,14258.0,16199.0,44124.0
2025-07-18_21:37:12,10182.0,12005.0,46639.0,14231.0,16199.0,44124.0
2025-07-18_21:37:12,,,,,,
2025-07-18_21:37:16,6967.0,12005.0,46639.0,3793.0,16199.0,44124.0
2025-07-18_21:37:16,9828.0,12005.0,46639.0,14242.0,16199.0,44124.0
2025-07-18_21:37:16,9691.0,12005.0,46639.0,14350.0,16199.0,44124.0
2025-07-18_21:37:16,8821.0,12005.0,46639.0,14215.0,16199.0,44124.0
2025-07-18_21:37:17,10214.0,12005.0,46639.0,14326.0,16199.0,44124.0
2025-07-18_21:37:17,9877.0,12005.0,46639.0,14317.0,16199.0,44124.0
2025-07-18_21:37:17,9590.0,12005.0,46639.0,14215.0,16199.0,44124.0
2025-07-18_21:37:17,9669.0,12005.0,46639.0,14169.0,16199.0,44124.0
2025-07-18_21:37:18,9638.0,12005.0,46639.0,14082.0,16199.0,44124.0
2025-07-18_21:37:18,8624.0,12005.0,46639.0,14211.0,16199.0,44124.0
2025-07-18_21:37:18,9798.0,12005.0,46639.0,14029.0,16199.0,44124.0
2025-07-18_21:37:18,8764.0,12005.0,46639.0,14205.0,16199.0,44124.0
2025-07-18_21:37:19,9861.0,12005.0,46639.0,14075.0,16199.0,44124.0
2025-07-18_21:37:19,,,,14504.0,16199.0,44124.0
2025-07-18_21:37:22,3375.0,12005.0,46639.0,12185.0,16199.0,44124.0
2025-07-18_21:37:23,,,,14285.0,16199.0,44124.0
2025-07-18_21:37:27,2778.0,12005.0,46639.0,12185.0,16199.0,44124.0
2025-07-18_21:37:27,9680.0,12005.0,46639.0,13997.0,16199.0,44124.0
2025-07-18_21:37:27,,,,13777.0,16199.0,44124.0
2025-07-18_21:37:31,3302.0,12005.0,46639.0,12192.0,16199.0,44124.0
2025-07-18_21:37:31,9178.0,12005.0,46639.0,13783.0,16199.0,44124.0
2025-07-18_21:37:31,,,,,,
2025-07-18_21:37:35,6965.0,12005.0,46639.0,3786.0,16199.0,44124.0
2025-07-18_21:37:35,,,,,,
2025-07-18_21:37:39,6966.0,12005.0,46639.0,3793.0,16199.0,44124.0
2025-07-18_21:37:39,,,,14089.0,16199.0,44124.0
2025-07-18_21:37:43,2778.0,12005.0,46639.0,12192.0,16199.0,44124.0
2025-07-18_21:37:43,9678.0,12005.0,46639.0,14168.0,16199.0,44124.0
2025-07-18_21:37:43,9628.0,12005.0,46639.0,14080.0,16199.0,44124.0
2025-07-18_21:37:44,,,,14140.0,16199.0,44124.0
2025-07-18_21:37:47,3319.0,12005.0,46639.0,12182.0,16199.0,44124.0
2025-07-18_21:37:48,,,,14031.0,16199.0,44124.0
2025-07-18_21:37:51,3321.0,12005.0,46639.0,12191.0,16199.0,44124.0
2025-07-18_21:37:51,8358.0,12005.0,46639.0,13925.0,16199.0,44124.0
2025-07-18_21:37:52,9939.0,12005.0,46639.0,14355.0,16199.0,44124.0
2025-07-18_21:37:52,9670.0,12005.0,46639.0,14177.0,16199.0,44124.0
2025-07-18_21:37:52,10118.0,12005.0,46639.0,14505.0,16199.0,44124.0
2025-07-18_21:37:52,,,,13815.0,16199.0,44124.0
2025-07-18_21:37:56,3358.0,12005.0,46639.0,12194.0,16199.0,44124.0
2025-07-18_21:37:56,9792.0,12005.0,46639.0,14029.0,16199.0,44124.0
2025-07-18_21:37:56,9658.0,12005.0,46639.0,13974.0,16199.0,44124.0
2025-07-18_21:37:57,9683.0,12005.0,46639.0,14139.0,16199.0,44124.0
2025-07-18_21:37:57,9192.0,12005.0,46639.0,13890.0,16199.0,44124.0
2025-07-18_21:37:57,9927.0,12005.0,46639.0,14073.0,16199.0,44124.0
2025-07-18_21:37:57,9692.0,12005.0,46639.0,13982.0,16199.0,44124.0
2025-07-18_21:37:57,,,,,,
2025-07-18_21:38:01,6952.0,12005.0,46639.0,3787.0,16199.0,44124.0
2025-07-18_21:38:01,9357.0,12005.0,46639.0,14397.0,16199.0,44124.0
2025-07-18_21:38:02,9853.0,12005.0,46639.0,14262.0,16199.0,44129.0
2025-07-18_21:38:02,9199.0,12005.0,46639.0,14100.0,16199.0,44129.0
2025-07-18_21:38:02,,,,13327.0,16199.0,44129.0
2025-07-18_21:38:06,2778.0,12005.0,46639.0,12182.0,16199.0,44129.0
2025-07-18_21:38:06,,,,,,
2025-07-18_21:38:10,6966.0,12005.0,46639.0,3792.0,16199.0,44129.0
2025-07-18_21:38:10,9835.0,12005.0,46639.0,14226.0,16199.0,44129.0
2025-07-18_21:38:10,9809.0,12005.0,46639.0,14161.0,16199.0,44129.0
2025-07-18_21:38:11,9810.0,12005.0,46639.0,14029.0,16199.0,44129.0
2025-07-18_21:38:11,10028.0,12005.0,46639.0,14353.0,16199.0,44129.0
2025-07-18_21:38:11,8684.0,12005.0,46639.0,14096.0,16199.0,44129.0
2025-07-18_21:38:11,9671.0,12005.0,46639.0,14172.0,16199.0,44129.0
2025-07-18_21:38:12,9772.0,12005.0,46639.0,14223.0,16199.0,44129.0
2025-07-18_21:38:12,9678.0,12005.0,46639.0,14166.0,16199.0,44129.0
2025-07-18_21:38:12,,,,13796.0,16199.0,44129.0
2025-07-18_21:38:16,3319.0,12005.0,46639.0,12167.0,16199.0,44129.0
2025-07-18_21:38:16,9651.0,12005.0,46639.0,14123.0,16199.0,44129.0
2025-07-18_21:38:16,9580.0,12005.0,46639.0,14228.0,16199.0,44129.0
2025-07-18_21:38:16,9178.0,12005.0,46639.0,13828.0,16199.0,44129.0
2025-07-18_21:38:17,8529.0,12005.0,46639.0,13801.0,16199.0,44129.0
2025-07-18_21:38:17,9925.0,12005.0,46639.0,14356.0,16199.0,44129.0
2025-07-18_21:38:17,10405.0,12005.0,46639.0,14722.0,16199.0,44129.0
2025-07-18_21:38:17,10018.0,12005.0,46639.0,14312.0,16199.0,44129.0
2025-07-18_21:38:18,9878.0,12005.0,46639.0,14212.0,16199.0,44129.0
2025-07-18_21:38:18,9595.0,12005.0,46639.0,14062.0,16199.0,44129.0
2025-07-18_21:38:18,9144.0,12005.0,46639.0,14005.0,16199.0,44129.0
2025-07-18_21:38:18,9600.0,12005.0,46639.0,14011.0,16199.0,44129.0
2025-07-18_21:38:18,8651.0,12005.0,46641.0,14245.0,16199.0,44129.0
2025-07-18_21:38:19,,,,13608.0,16199.0,44129.0
2025-07-18_21:38:22,3319.0,12005.0,46641.0,12184.0,16199.0,44129.0
2025-07-18_21:38:23,9809.0,12005.0,46641.0,14200.0,16199.0,44129.0
2025-07-18_21:38:23,,,,14372.0,16199.0,44129.0
2025-07-18_21:38:26,3375.0,12005.0,46641.0,12168.0,16199.0,44129.0
2025-07-18_21:38:27,9813.0,12005.0,46641.0,14010.0,16199.0,44129.0
2025-07-18_21:38:27,9806.0,12005.0,46641.0,14029.0,16199.0,44129.0
2025-07-18_21:38:27,9665.0,12005.0,46641.0,14134.0,16199.0,44129.0
2025-07-18_21:38:27,9671.0,12005.0,46641.0,13973.0,16199.0,44129.0
2025-07-18_21:38:28,9673.0,12005.0,46641.0,14170.0,16199.0,44129.0
2025-07-18_21:38:28,,,,,,
2025-07-18_21:38:32,6966.0,12005.0,46641.0,3793.0,16199.0,44129.0
2025-07-18_21:38:32,,,,14104.0,16199.0,44129.0
2025-07-18_21:38:36,3319.0,12005.0,46641.0,12186.0,16199.0,44129.0
2025-07-18_21:38:36,,,,,,
2025-07-18_21:38:40,2778.0,12005.0,46641.0,3776.0,16199.0,44129.0
2025-07-18_21:38:40,,,,14029.0,16199.0,44129.0
2025-07-18_21:38:44,3375.0,12005.0,46641.0,12190.0,16199.0,44129.0
2025-07-18_21:38:44,,,,,,
2025-07-18_21:38:48,6959.0,12005.0,46641.0,3793.0,16199.0,44129.0
2025-07-18_21:38:48,9859.0,12005.0,46641.0,14107.0,16199.0,44129.0
2025-07-18_21:38:49,9225.0,12005.0,46641.0,13832.0,16199.0,44129.0
2025-07-18_21:38:49,9683.0,12005.0,46641.0,14113.0,16199.0,44129.0
2025-07-18_21:38:49,9478.0,12005.0,46641.0,14188.0,16199.0,44129.0
2025-07-18_21:38:49,9689.0,12005.0,46641.0,13974.0,16199.0,44129.0
2025-07-18_21:38:49,,,,14109.0,16199.0,44129.0
2025-07-18_21:38:53,3302.0,12005.0,46641.0,12179.0,16199.0,44129.0
2025-07-18_21:38:53,,,,13963.0,16199.0,44129.0
2025-07-18_21:38:57,2778.0,12005.0,46641.0,12185.0,16199.0,44129.0
2025-07-18_21:38:57,9563.0,12005.0,46641.0,13991.0,16199.0,44129.0
2025-07-18_21:38:58,,,,14231.0,16199.0,44129.0
2025-07-18_21:39:01,3358.0,12005.0,46641.0,12186.0,16199.0,44129.0
2025-07-18_21:39:02,10105.0,12005.0,46641.0,14242.0,16199.0,44129.0
2025-07-18_21:39:02,8564.0,12005.0,46641.0,13849.0,16199.0,44129.0
2025-07-18_21:39:02,,,,14463.0,16199.0,44129.0
2025-07-18_21:39:06,3319.0,12005.0,46641.0,12182.0,16199.0,44129.0
2025-07-18_21:39:06,9658.0,12005.0,46641.0,14129.0,16199.0,44129.0
2025-07-18_21:39:06,9681.0,12005.0,46641.0,13796.0,16199.0,44129.0
2025-07-18_21:39:06,10089.0,12005.0,46641.0,14511.0,16199.0,44129.0
2025-07-18_21:39:07,9680.0,12005.0,46641.0,14093.0,16199.0,44129.0
2025-07-18_21:39:07,9591.0,12005.0,46641.0,13983.0,16199.0,44129.0
2025-07-18_21:39:07,,,,,,
2025-07-18_21:39:11,6969.0,12005.0,46641.0,3793.0,16199.0,44129.0
2025-07-18_21:39:11,9587.0,12005.0,46641.0,14173.0,16199.0,44129.0
2025-07-18_21:39:11,,,,,,
2025-07-18_21:39:15,6969.0,12005.0,46641.0,3792.0,16199.0,44129.0
2025-07-18_21:39:15,9824.0,12005.0,46641.0,14219.0,16199.0,44129.0
2025-07-18_21:39:16,9650.0,12005.0,46643.0,14169.0,16199.0,44129.0
2025-07-18_21:39:16,9837.0,12005.0,46643.0,14229.0,16199.0,44129.0
2025-07-18_21:39:16,9594.0,12005.0,46643.0,14188.0,16199.0,44129.0
2025-07-18_21:39:16,,,,,,
2025-07-18_21:39:20,6963.0,12005.0,46643.0,3793.0,16199.0,44129.0
2025-07-18_21:39:20,,,,13787.0,16199.0,44129.0
2025-07-18_21:39:24,3302.0,12005.0,46643.0,12189.0,16199.0,44129.0
2025-07-18_21:39:24,9819.0,12005.0,46643.0,13882.0,16199.0,44129.0
2025-07-18_21:39:24,9655.0,12005.0,46643.0,13914.0,16199.0,44129.0
2025-07-18_21:39:25,,,,14265.0,16199.0,44129.0
2025-07-18_21:39:28,3377.0,12005.0,46643.0,12187.0,16199.0,44129.0
2025-07-18_21:39:28,9530.0,12005.0,46643.0,13933.0,16199.0,44129.0
2025-07-18_21:39:29,9832.0,12005.0,46643.0,14037.0,16199.0,44129.0
2025-07-18_21:39:29,10026.0,12005.0,46643.0,14280.0,16199.0,44129.0
2025-07-18_21:39:29,9635.0,12005.0,46643.0,14280.0,16199.0,44129.0
2025-07-18_21:39:29,9969.0,12005.0,46643.0,14502.0,16199.0,44129.0
2025-07-18_21:39:30,9569.0,12005.0,46643.0,13753.0,16199.0,44129.0
2025-07-18_21:39:30,9371.0,12005.0,46643.0,14114.0,16199.0,44129.0
2025-07-18_21:39:30,10411.0,12005.0,46643.0,14515.0,16199.0,44133.0
2025-07-18_21:39:30,10058.0,12005.0,46643.0,14336.0,16199.0,44133.0
2025-07-18_21:39:31,9713.0,12005.0,46643.0,14015.0,16199.0,44133.0
2025-07-18_21:39:31,8614.0,12005.0,46643.0,14153.0,16199.0,44133.0
2025-07-18_21:39:31,10002.0,12005.0,46643.0,14172.0,16199.0,44133.0
2025-07-18_21:39:31,9717.0,12005.0,46643.0,13808.0,16199.0,44133.0
2025-07-18_21:39:31,9997.0,12005.0,46643.0,14318.0,16199.0,44133.0
2025-07-18_21:39:32,,,,14030.0,16199.0,44133.0
2025-07-18_21:39:35,3358.0,12005.0,46643.0,12167.0,16199.0,44133.0
2025-07-18_21:39:36,,,,13789.0,16199.0,44133.0
2025-07-18_21:39:39,3375.0,12005.0,46643.0,12184.0,16199.0,44133.0
2025-07-18_21:39:40,9641.0,12005.0,46643.0,14117.0,16199.0,44133.0
2025-07-18_21:39:40,9765.0,12005.0,46643.0,14249.0,16199.0,44133.0
2025-07-18_21:39:40,9834.0,12005.0,46643.0,14220.0,16199.0,44133.0
2025-07-18_21:39:40,,,,14028.0,16199.0,44133.0
2025-07-18_21:39:44,3319.0,12005.0,46643.0,12186.0,16199.0,44133.0
2025-07-18_21:39:44,9957.0,12005.0,46643.0,14570.0,16199.0,44133.0
2025-07-18_21:39:44,,,,,,
2025-07-18_21:39:48,6968.0,12005.0,46643.0,3792.0,16199.0,44133.0
2025-07-18_21:39:48,10195.0,12005.0,46643.0,14531.0,16199.0,44133.0
2025-07-18_21:39:49,,,,13928.0,16199.0,44133.0
2025-07-18_21:39:52,3319.0,12005.0,46643.0,12150.0,16199.0,44133.0
2025-07-18_21:39:53,,,,,,
2025-07-18_21:39:56,6964.0,12005.0,46643.0,3786.0,16199.0,44133.0
2025-07-18_21:39:57,10054.0,12005.0,46643.0,14344.0,16199.0,44133.0
2025-07-18_21:39:57,,,,,,
2025-07-18_21:40:01,6965.0,12005.0,46643.0,3793.0,16199.0,44133.0
2025-07-18_21:40:01,9279.0,12005.0,46643.0,13945.0,16199.0,44133.0
2025-07-18_21:40:01,9945.0,12005.0,46643.0,13997.0,16199.0,44133.0
2025-07-18_21:40:01,9673.0,12005.0,46643.0,14169.0,16199.0,44133.0
2025-07-18_21:40:01,,,,12796.0,16199.0,44133.0
2025-07-18_21:40:05,2778.0,12005.0,46643.0,12188.0,16199.0,44133.0
2025-07-18_21:40:06,9610.0,12005.0,46643.0,13993.0,16199.0,44133.0
2025-07-18_21:40:06,9832.0,12005.0,46643.0,14222.0,16199.0,44133.0
2025-07-18_21:40:06,,,,,,
2025-07-18_21:40:10,6966.0,12005.0,46643.0,3792.0,16199.0,44133.0
2025-07-18_21:40:10,9678.0,12005.0,46643.0,13965.0,16199.0,44133.0
2025-07-18_21:40:10,9756.0,12005.0,46643.0,14377.0,16199.0,44133.0
2025-07-18_21:40:10,,,,13793.0,16199.0,44133.0
2025-07-18_21:40:14,3302.0,12005.0,46643.0,12195.0,16199.0,44133.0
2025-07-18_21:40:14,10051.0,12005.0,46645.0,14306.0,16199.0,44133.0
2025-07-18_21:40:15,9677.0,12005.0,46645.0,14247.0,16199.0,44133.0
2025-07-18_21:40:15,,,,13634.0,16199.0,44133.0
2025-07-18_21:40:18,3302.0,12005.0,46645.0,12183.0,16199.0,44133.0
2025-07-18_21:40:19,8036.0,12005.0,46645.0,13089.0,16199.0,44133.0
2025-07-18_21:40:19,9924.0,12005.0,46645.0,14209.0,16199.0,44133.0
2025-07-18_21:40:19,9720.0,12005.0,46645.0,14179.0,16199.0,44133.0
2025-07-18_21:40:19,10281.0,12005.0,46645.0,14295.0,16199.0,44133.0
2025-07-18_21:40:20,9176.0,12005.0,46645.0,13791.0,16199.0,44133.0
2025-07-18_21:40:20,9162.0,12005.0,46645.0,13901.0,16199.0,44133.0
2025-07-18_21:40:20,9592.0,12005.0,46645.0,14177.0,16199.0,44133.0
2025-07-18_21:40:20,,,,13910.0,16199.0,44133.0
2025-07-18_21:40:24,3319.0,12005.0,46645.0,12184.0,16199.0,44133.0
2025-07-18_21:40:24,9399.0,12005.0,46645.0,13935.0,16199.0,44133.0
2025-07-18_21:40:24,9586.0,12005.0,46645.0,14004.0,16199.0,44133.0
2025-07-18_21:40:25,,,,,,
2025-07-18_21:40:28,6970.0,12005.0,46645.0,3793.0,16199.0,44133.0
2025-07-18_21:40:29,9677.0,12005.0,46645.0,14007.0,16199.0,44133.0
2025-07-18_21:40:29,,,,,,
2025-07-18_21:40:33,6963.0,12005.0,46645.0,3793.0,16199.0,44133.0
2025-07-18_21:40:33,9653.0,12005.0,46645.0,14258.0,16199.0,44133.0
2025-07-18_21:40:33,9538.0,12005.0,46645.0,13979.0,16199.0,44133.0
2025-07-18_21:40:33,9603.0,12005.0,46645.0,14208.0,16199.0,44133.0
2025-07-18_21:40:34,9481.0,12005.0,46645.0,13930.0,16199.0,44133.0
2025-07-18_21:40:34,9888.0,12005.0,46645.0,14304.0,16199.0,44133.0
2025-07-18_21:40:34,,,,13975.0,16199.0,44133.0
2025-07-18_21:40:38,3306.0,12005.0,46645.0,12188.0,16199.0,44133.0
2025-07-18_21:40:38,9669.0,12005.0,46645.0,13978.0,16199.0,44133.0
2025-07-18_21:40:38,,,,14044.0,16199.0,44133.0
2025-07-18_21:40:42,3319.0,12005.0,46645.0,12189.0,16199.0,44133.0
2025-07-18_21:40:42,10086.0,12005.0,46645.0,14283.0,16199.0,44133.0
2025-07-18_21:40:42,8684.0,12005.0,46645.0,14179.0,16199.0,44133.0
2025-07-18_21:40:42,,,,13250.0,16199.0,44133.0
2025-07-18_21:40:46,2778.0,12005.0,46645.0,12183.0,16199.0,44133.0
2025-07-18_21:40:47,9689.0,12005.0,46645.0,14173.0,16199.0,44133.0
2025-07-18_21:40:47,9684.0,12005.0,46645.0,13966.0,16199.0,44133.0
2025-07-18_21:40:47,9836.0,12005.0,46645.0,14295.0,16199.0,44133.0
2025-07-18_21:40:47,9331.0,12005.0,46645.0,13867.0,16199.0,44133.0
2025-07-18_21:40:48,9274.0,12005.0,46645.0,14165.0,16199.0,44133.0
2025-07-18_21:40:48,,,,13647.0,16199.0,44133.0
2025-07-18_21:40:51,3375.0,12005.0,46645.0,12194.0,16199.0,44133.0
2025-07-18_21:40:52,,,,14305.0,16199.0,44134.0
2025-07-18_21:40:56,2778.0,12005.0,46645.0,12192.0,16199.0,44134.0
2025-07-18_21:40:56,,,,,,
2025-07-18_21:41:00,6964.0,12005.0,46645.0,3793.0,16199.0,44134.0
2025-07-18_21:41:00,9726.0,12005.0,46645.0,14132.0,16199.0,44134.0
2025-07-18_21:41:00,9680.0,12005.0,46645.0,14157.0,16199.0,44134.0
2025-07-18_21:41:00,9799.0,12005.0,46645.0,14028.0,16199.0,44134.0
2025-07-18_21:41:00,9674.0,12005.0,46645.0,14167.0,16199.0,44134.0
2025-07-18_21:41:01,,,,13783.0,16199.0,44134.0
2025-07-18_21:41:04,,,,,,
2025-07-18_21:41:08,6965.0,12005.0,46645.0,3792.0,16199.0,44134.0
2025-07-18_21:41:08,,,,14295.0,16199.0,44134.0
2025-07-18_21:41:12,3358.0,12005.0,46645.0,12185.0,16199.0,44134.0
2025-07-18_21:41:12,10103.0,12005.0,46645.0,14282.0,16199.0,44134.0
2025-07-18_21:41:13,9509.0,12005.0,46645.0,14091.0,16199.0,44134.0
2025-07-18_21:41:13,,,,13798.0,16199.0,44134.0
2025-07-18_21:41:17,3319.0,12005.0,46645.0,12185.0,16199.0,44134.0
2025-07-18_21:41:17,9168.0,12005.0,46645.0,14183.0,16199.0,44134.0
2025-07-18_21:41:17,9596.0,12005.0,46645.0,14224.0,16199.0,44134.0
2025-07-18_21:41:17,9943.0,12005.0,46645.0,14370.0,16199.0,44134.0
2025-07-18_21:41:17,10029.0,12005.0,46645.0,14286.0,16199.0,44134.0
2025-07-18_21:41:18,9689.0,12005.0,46645.0,14171.0,16199.0,44134.0
2025-07-18_21:41:18,9668.0,12005.0,46645.0,13976.0,16199.0,44134.0
2025-07-18_21:41:18,9272.0,12005.0,46645.0,14028.0,16199.0,44134.0
2025-07-18_21:41:18,8737.0,12005.0,46645.0,14218.0,16199.0,44134.0
2025-07-18_21:41:19,9682.0,12005.0,46645.0,14166.0,16199.0,44134.0
2025-07-18_21:41:19,9671.0,12005.0,46645.0,13987.0,16199.0,44134.0
2025-07-18_21:41:19,9657.0,12005.0,46645.0,13984.0,16199.0,44134.0
2025-07-18_21:41:19,9647.0,12005.0,46645.0,14024.0,16199.0,44134.0
2025-07-18_21:41:19,,,,,,
2025-07-18_21:41:23,6968.0,12005.0,46645.0,3787.0,16199.0,44134.0
2025-07-18_21:41:24,,,,13999.0,16199.0,44134.0
2025-07-18_21:41:27,3358.0,12005.0,46645.0,12190.0,16199.0,44134.0
2025-07-18_21:41:27,9667.0,12005.0,46645.0,13976.0,16199.0,44134.0
2025-07-18_21:41:28,,,,13905.0,16199.0,44134.0
2025-07-18_21:41:31,3302.0,12005.0,46645.0,12156.0,16199.0,44134.0
2025-07-18_21:41:32,9688.0,12005.0,46645.0,13954.0,16199.0,44134.0
2025-07-18_21:41:32,9692.0,12005.0,46645.0,13928.0,16199.0,44134.0
2025-07-18_21:41:32,,,,12762.0,16199.0,44134.0
2025-07-18_21:41:36,2780.0,12005.0,46645.0,12166.0,16199.0,44134.0
2025-07-18_21:41:36,9662.0,12005.0,46645.0,14056.0,16199.0,44134.0
2025-07-18_21:41:36,9648.0,12005.0,46645.0,14275.0,16199.0,44134.0
2025-07-18_21:41:37,9656.0,12005.0,46645.0,14285.0,16199.0,44134.0
2025-07-18_21:41:37,9797.0,12005.0,46645.0,14220.0,16199.0,44134.0
2025-07-18_21:41:37,9673.0,12005.0,46645.0,13973.0,16199.0,44134.0
2025-07-18_21:41:37,9681.0,12005.0,46645.0,14318.0,16199.0,44134.0
2025-07-18_21:41:37,9680.0,12005.0,46645.0,14062.0,16199.0,44134.0
2025-07-18_21:41:38,9961.0,12005.0,46645.0,14334.0,16199.0,44134.0
2025-07-18_21:41:38,,,,13864.0,16199.0,44134.0
2025-07-18_21:41:42,3302.0,12005.0,46645.0,12183.0,16199.0,44134.0
2025-07-18_21:41:42,9648.0,12005.0,46645.0,14106.0,16199.0,44134.0
2025-07-18_21:41:42,9670.0,12005.0,46645.0,14171.0,16199.0,44134.0
2025-07-18_21:41:42,9369.0,12005.0,46645.0,14211.0,16199.0,44134.0
2025-07-18_21:41:42,,,,,,
2025-07-18_21:41:46,6968.0,12005.0,46645.0,3793.0,16199.0,44134.0
2025-07-18_21:41:47,,,,13778.0,16199.0,44134.0
2025-07-18_21:41:50,3302.0,12005.0,46645.0,12196.0,16199.0,44134.0
2025-07-18_21:41:50,9052.0,12005.0,46645.0,13606.0,16199.0,44134.0
2025-07-18_21:41:51,10230.0,12005.0,46647.0,14658.0,16199.0,44134.0
2025-07-18_21:41:51,9515.0,12005.0,46647.0,14380.0,16199.0,44134.0
2025-07-18_21:41:51,9682.0,12005.0,46647.0,13969.0,16199.0,44134.0
2025-07-18_21:41:51,8750.0,12005.0,46647.0,14093.0,16199.0,44134.0
2025-07-18_21:41:51,9662.0,12005.0,46647.0,13950.0,16199.0,44134.0
2025-07-18_21:41:52,9668.0,12005.0,46647.0,13974.0,16199.0,44134.0
2025-07-18_21:41:52,9247.0,12005.0,46647.0,13928.0,16199.0,44134.0
2025-07-18_21:41:52,,,,,,
2025-07-18_21:41:56,6964.0,12005.0,46647.0,3792.0,16199.0,44134.0
2025-07-18_21:41:56,,,,14187.0,16199.0,44134.0
2025-07-18_21:42:00,2778.0,12005.0,46647.0,12187.0,16199.0,44134.0
2025-07-18_21:42:00,9900.0,12005.0,46647.0,14134.0,16199.0,44134.0
2025-07-18_21:42:00,9952.0,12005.0,46647.0,14180.0,16199.0,44134.0
2025-07-18_21:42:01,9909.0,12005.0,46647.0,14167.0,16199.0,44134.0
2025-07-18_21:42:01,,,,14457.0,16199.0,44134.0
2025-07-18_21:42:05,3375.0,12005.0,46647.0,12167.0,16199.0,44134.0
2025-07-18_21:42:05,,,,13976.0,16199.0,44134.0
2025-07-18_21:42:09,3317.0,12005.0,46647.0,12186.0,16199.0,44134.0
2025-07-18_21:42:09,9647.0,12005.0,46647.0,14099.0,16199.0,44134.0
2025-07-18_21:42:09,9676.0,12005.0,46647.0,14287.0,16199.0,44134.0
2025-07-18_21:42:09,9817.0,12005.0,46647.0,14197.0,16199.0,44134.0
2025-07-18_21:42:09,9687.0,12005.0,46647.0,14165.0,16199.0,44134.0
2025-07-18_21:42:10,9678.0,12005.0,46647.0,13829.0,16199.0,44134.0
2025-07-18_21:42:10,,,,14151.0,16199.0,44134.0
2025-07-18_21:42:13,3302.0,12005.0,46647.0,12189.0,16199.0,44134.0
2025-07-18_21:42:14,,,,13619.0,16199.0,44134.0
2025-07-18_21:42:17,3373.0,12005.0,46647.0,12160.0,16199.0,44134.0
2025-07-18_21:42:18,9461.0,12005.0,46647.0,13930.0,16199.0,44134.0
2025-07-18_21:42:18,8570.0,12005.0,46647.0,13600.0,16199.0,44134.0
2025-07-18_21:42:18,9998.0,12005.0,46647.0,14366.0,16199.0,44134.0
2025-07-18_21:42:18,9679.0,12005.0,46647.0,13985.0,16199.0,44134.0
2025-07-18_21:42:18,9669.0,12005.0,46647.0,14154.0,16199.0,44134.0
2025-07-18_21:42:19,,,,13767.0,16199.0,44134.0
2025-07-18_21:42:22,2778.0,12005.0,46647.0,12173.0,16199.0,44134.0
2025-07-18_21:42:23,9519.0,12005.0,46647.0,14091.0,16199.0,44134.0
2025-07-18_21:42:23,,,,14394.0,16199.0,44134.0
2025-07-18_21:42:27,2778.0,12005.0,46647.0,12191.0,16199.0,44134.0
2025-07-18_21:42:27,10187.0,12005.0,46647.0,14593.0,16199.0,44134.0
2025-07-18_21:42:27,9647.0,12005.0,46647.0,14064.0,16199.0,44134.0
2025-07-18_21:42:27,9811.0,12005.0,46647.0,14009.0,16199.0,44134.0
2025-07-18_21:42:28,9672.0,12005.0,46647.0,13972.0,16199.0,44134.0
2025-07-18_21:42:28,9681.0,12005.0,46647.0,14178.0,16199.0,44134.0
2025-07-18_21:42:28,9863.0,12005.0,46647.0,14218.0,16199.0,44134.0
2025-07-18_21:42:28,10088.0,12005.0,46647.0,14250.0,16199.0,44134.0
2025-07-18_21:42:29,9227.0,12005.0,46647.0,14104.0,16199.0,44134.0
2025-07-18_21:42:29,9618.0,12005.0,46647.0,13977.0,16199.0,44134.0
2025-07-18_21:42:29,9540.0,12005.0,46647.0,13990.0,16199.0,44134.0
2025-07-18_21:42:29,9890.0,12005.0,46647.0,14384.0,16199.0,44134.0
2025-07-18_21:42:29,9669.0,12005.0,46647.0,14161.0,16199.0,44134.0
2025-07-18_21:42:30,9676.0,12005.0,46647.0,14171.0,16199.0,44134.0
2025-07-18_21:42:30,,,,,,
2025-07-18_21:42:34,6976.0,12005.0,46647.0,3793.0,16199.0,44134.0
2025-07-18_21:42:34,9834.0,12005.0,46647.0,14247.0,16199.0,44134.0
2025-07-18_21:42:34,,,,,,
2025-07-18_21:42:38,6960.0,12005.0,46647.0,3793.0,16199.0,44134.0
2025-07-18_21:42:38,,,,13868.0,16199.0,44134.0
2025-07-18_21:42:42,3375.0,12005.0,46647.0,12185.0,16199.0,44134.0
2025-07-18_21:42:43,6958.0,12005.0,46647.0,3787.0,16199.0,44134.0
2025-07-18_21:42:43,,,,,,
2025-07-18_21:42:47,6969.0,12005.0,46647.0,3792.0,16199.0,44134.0
2025-07-18_21:42:47,9785.0,12005.0,46647.0,14030.0,16199.0,44134.0
2025-07-18_21:42:47,9804.0,12005.0,46647.0,14077.0,16199.0,44134.0
2025-07-18_21:42:48,9584.0,12005.0,46647.0,14209.0,16199.0,44134.0
2025-07-18_21:42:48,9844.0,12005.0,46647.0,14396.0,16199.0,44134.0
2025-07-18_21:42:48,9669.0,12005.0,46647.0,13792.0,16199.0,44134.0
2025-07-18_21:42:48,,,,,,
2025-07-18_21:42:52,6975.0,12005.0,46647.0,3793.0,16199.0,44134.0
2025-07-18_21:42:52,8399.0,12005.0,46647.0,14002.0,16199.0,44134.0
2025-07-18_21:42:52,9826.0,12005.0,46647.0,14289.0,16199.0,44134.0
2025-07-18_21:42:53,9812.0,12005.0,46647.0,14046.0,16199.0,44134.0
2025-07-18_21:42:53,9691.0,12005.0,46647.0,13978.0,16199.0,44134.0
2025-07-18_21:42:53,,,,14136.0,16199.0,44134.0
2025-07-18_21:42:57,3375.0,12005.0,46647.0,12186.0,16199.0,44134.0
2025-07-18_21:42:57,9896.0,12005.0,46647.0,13875.0,16199.0,44134.0
2025-07-18_21:42:57,,,,,,
2025-07-18_21:43:01,,,,3776.0,16199.0,44134.0
2025-07-18_21:43:05,2778.0,12005.0,46647.0,12192.0,16199.0,44134.0
2025-07-18_21:43:05,9620.0,12005.0,46647.0,13895.0,16199.0,44134.0
2025-07-18_21:43:05,,,,,,
2025-07-18_21:43:09,6971.0,12005.0,46647.0,3792.0,16199.0,44134.0
2025-07-18_21:43:09,9673.0,12005.0,46647.0,13979.0,16199.0,44134.0
2025-07-18_21:43:10,9646.0,12005.0,46647.0,14108.0,16199.0,44134.0
2025-07-18_21:43:10,10164.0,12005.0,46647.0,14379.0,16199.0,44134.0
2025-07-18_21:43:10,9392.0,12005.0,46647.0,13976.0,16199.0,44134.0
2025-07-18_21:43:10,9972.0,12005.0,46647.0,14383.0,16199.0,44134.0
2025-07-18_21:43:10,8584.0,12005.0,46647.0,13968.0,16199.0,44134.0
2025-07-18_21:43:11,9637.0,12005.0,46647.0,14283.0,16199.0,44134.0
2025-07-18_21:43:11,9671.0,12005.0,46647.0,14308.0,16199.0,44134.0
2025-07-18_21:43:11,10004.0,12005.0,46648.0,14021.0,16199.0,44134.0
2025-07-18_21:43:11,9866.0,12005.0,46648.0,14239.0,16199.0,44134.0
2025-07-18_21:43:12,9673.0,12005.0,46648.0,13975.0,16199.0,44134.0
2025-07-18_21:43:12,9680.0,12005.0,46648.0,13988.0,16199.0,44134.0
2025-07-18_21:43:12,9863.0,12005.0,46648.0,14119.0,16199.0,44134.0
2025-07-18_21:43:12,9199.0,12005.0,46648.0,14030.0,16199.0,44134.0
2025-07-18_21:43:12,10373.0,12005.0,46656.0,14710.0,16199.0,44134.0
2025-07-18_21:43:13,,,,13824.0,16199.0,44134.0
2025-07-18_21:43:16,3375.0,12005.0,46656.0,12192.0,16199.0,44134.0
2025-07-18_21:43:16,9834.0,12005.0,46656.0,14279.0,16199.0,44134.0
2025-07-18_21:43:17,9922.0,12005.0,46656.0,14150.0,16199.0,44134.0
2025-07-18_21:43:17,9671.0,12005.0,46656.0,14324.0,16199.0,44134.0
2025-07-18_21:43:17,9670.0,12005.0,46656.0,14203.0,16199.0,44134.0
2025-07-18_21:43:17,9844.0,12005.0,46656.0,14217.0,16199.0,44134.0
2025-07-18_21:43:18,9845.0,12005.0,46656.0,14040.0,16199.0,44134.0
2025-07-18_21:43:18,,,,14198.0,16199.0,44134.0
2025-07-18_21:43:22,3358.0,12005.0,46656.0,12185.0,16199.0,44134.0
2025-07-18_21:43:22,,,,13924.0,16199.0,44134.0
2025-07-18_21:43:25,3319.0,12005.0,46656.0,12194.0,16199.0,44134.0
2025-07-18_21:43:26,,,,14120.0,16199.0,44134.0
2025-07-18_21:43:29,3319.0,12005.0,46656.0,12187.0,16199.0,44134.0
2025-07-18_21:43:30,10087.0,12005.0,46656.0,14273.0,16199.0,44134.0
2025-07-18_21:43:30,10092.0,12005.0,46656.0,14398.0,16199.0,44134.0
2025-07-18_21:43:30,9667.0,12005.0,46656.0,13809.0,16199.0,44134.0
2025-07-18_21:43:30,10081.0,12005.0,46656.0,14307.0,16199.0,44134.0
2025-07-18_21:43:30,9672.0,12005.0,46656.0,14171.0,16199.0,44134.0
2025-07-18_21:43:31,,,,,,
2025-07-18_21:43:35,6903.0,12005.0,46656.0,3793.0,16199.0,44134.0
2025-07-18_21:43:35,9853.0,12005.0,46656.0,14026.0,16199.0,44134.0
2025-07-18_21:43:35,9843.0,12005.0,46656.0,14235.0,16199.0,44134.0
2025-07-18_21:43:35,9880.0,12005.0,46656.0,14118.0,16199.0,44134.0
2025-07-18_21:43:35,9676.0,12005.0,46656.0,14186.0,16199.0,44134.0
2025-07-18_21:43:36,9672.0,12005.0,46656.0,14164.0,16199.0,44134.0
2025-07-18_21:43:36,10211.0,12005.0,46656.0,14558.0,16199.0,44134.0
2025-07-18_21:43:36,9857.0,12005.0,46656.0,14046.0,16199.0,44134.0
2025-07-18_21:43:36,9538.0,12005.0,46656.0,13981.0,16199.0,44134.0
2025-07-18_21:43:36,9671.0,12005.0,46656.0,14164.0,16199.0,44134.0
2025-07-18_21:43:37,9841.0,12005.0,46657.0,14228.0,16199.0,44134.0
2025-07-18_21:43:37,9826.0,12005.0,46657.0,14044.0,16199.0,44134.0
2025-07-18_21:43:37,9663.0,12005.0,46657.0,13978.0,16199.0,44134.0
2025-07-18_21:43:37,10169.0,12005.0,46657.0,14350.0,16199.0,44134.0
2025-07-18_21:43:38,9690.0,12005.0,46657.0,13988.0,16199.0,44134.0
2025-07-18_21:43:38,9816.0,12005.0,46657.0,14235.0,16199.0,44134.0
2025-07-18_21:43:38,9862.0,12005.0,46657.0,14307.0,16199.0,44134.0
2025-07-18_21:43:38,9841.0,12005.0,46657.0,14133.0,16199.0,44134.0
2025-07-18_21:43:38,9598.0,12005.0,46657.0,13979.0,16199.0,44134.0
2025-07-18_21:43:39,,,,14063.0,16199.0,44134.0
2025-07-18_21:43:42,3358.0,12005.0,46657.0,12199.0,16199.0,44134.0
2025-07-18_21:43:43,9675.0,12005.0,46657.0,14172.0,16199.0,44134.0
2025-07-18_21:43:43,9824.0,12005.0,46657.0,14248.0,16199.0,44134.0
2025-07-18_21:43:43,9672.0,12005.0,46657.0,14178.0,16199.0,44134.0
2025-07-18_21:43:43,9676.0,12005.0,46657.0,14177.0,16199.0,44134.0
2025-07-18_21:43:43,,,,13786.0,16199.0,44134.0
2025-07-18_21:43:47,3375.0,12005.0,46657.0,12189.0,16199.0,44134.0
2025-07-18_21:43:47,9920.0,12005.0,46657.0,14179.0,16199.0,44134.0
2025-07-18_21:43:48,9934.0,12005.0,46657.0,14373.0,16199.0,44134.0
2025-07-18_21:43:48,10187.0,12005.0,46657.0,14566.0,16199.0,44134.0
2025-07-18_21:43:48,10184.0,12005.0,46657.0,14355.0,16199.0,44135.0
2025-07-18_21:43:48,9635.0,12005.0,46657.0,14101.0,16199.0,44135.0
2025-07-18_21:43:48,9940.0,12005.0,46657.0,14353.0,16199.0,44135.0
2025-07-18_21:43:49,,,,13980.0,16199.0,44135.0
2025-07-18_21:43:52,3319.0,12005.0,46657.0,12184.0,16199.0,44135.0
2025-07-18_21:43:53,9846.0,12005.0,46657.0,14204.0,16199.0,44135.0
2025-07-18_21:43:53,10105.0,12005.0,46657.0,14497.0,16199.0,44135.0
2025-07-18_21:43:53,9599.0,12005.0,46657.0,13987.0,16199.0,44135.0
2025-07-18_21:43:53,9908.0,12005.0,46657.0,14360.0,16199.0,44135.0
2025-07-18_21:43:54,9686.0,12005.0,46657.0,14184.0,16199.0,44135.0
2025-07-18_21:43:54,9838.0,12005.0,46657.0,14023.0,16199.0,44135.0
2025-07-18_21:43:54,9676.0,12005.0,46657.0,14205.0,16199.0,44135.0
2025-07-18_21:43:54,9670.0,12005.0,46657.0,14171.0,16199.0,44135.0
2025-07-18_21:43:54,,,,,,
2025-07-18_21:43:58,6960.0,12005.0,46657.0,3793.0,16199.0,44135.0
2025-07-18_21:43:59,10226.0,12005.0,46657.0,14294.0,16199.0,44135.0
2025-07-18_21:43:59,9824.0,12005.0,46657.0,14460.0,16199.0,44135.0
2025-07-18_21:43:59,,,,14038.0,16199.0,44135.0
2025-07-18_21:44:03,3358.0,12005.0,46657.0,12164.0,16199.0,44135.0
2025-07-18_21:44:03,9710.0,12005.0,46657.0,14221.0,16199.0,44135.0
2025-07-18_21:44:03,9624.0,12005.0,46657.0,14101.0,16199.0,44135.0
2025-07-18_21:44:03,9601.0,12005.0,46657.0,14239.0,16199.0,44135.0
2025-07-18_21:44:04,9644.0,12005.0,46657.0,14301.0,16199.0,44135.0
2025-07-18_21:44:04,9671.0,12005.0,46657.0,14165.0,16199.0,44135.0
2025-07-18_21:44:04,,,,11961.0,16199.0,44135.0
2025-07-18_21:44:08,2778.0,12005.0,46657.0,12184.0,16199.0,44135.0
2025-07-18_21:44:08,,,,14304.0,16199.0,44135.0
2025-07-18_21:44:12,3375.0,12005.0,46657.0,12169.0,16199.0,44135.0
2025-07-18_21:44:12,,,,13776.0,16199.0,44135.0
2025-07-18_21:44:16,3302.0,12005.0,46657.0,12168.0,16199.0,44135.0
2025-07-18_21:44:16,9669.0,12005.0,46657.0,13978.0,16199.0,44135.0
2025-07-18_21:44:16,9677.0,12005.0,46657.0,14176.0,16199.0,44135.0
2025-07-18_21:44:16,9802.0,12005.0,46657.0,14214.0,16199.0,44135.0
2025-07-18_21:44:17,9859.0,12005.0,46657.0,14216.0,16199.0,44135.0
2025-07-18_21:44:17,9664.0,12005.0,46657.0,14099.0,16199.0,44135.0
2025-07-18_21:44:17,9668.0,12005.0,46657.0,13968.0,16199.0,44135.0
2025-07-18_21:44:17,9662.0,12005.0,46657.0,14169.0,16199.0,44135.0
2025-07-18_21:44:18,10300.0,12005.0,46658.0,14369.0,16199.0,44137.0
2025-07-18_21:44:18,9649.0,12005.0,46658.0,14181.0,16199.0,44137.0
2025-07-18_21:44:18,10198.0,12005.0,46658.0,14700.0,16199.0,44137.0
2025-07-18_21:44:18,9668.0,12005.0,46658.0,14161.0,16199.0,44137.0
2025-07-18_21:44:18,,,,13998.0,16199.0,44137.0
2025-07-18_21:44:22,3319.0,12005.0,46658.0,12189.0,16199.0,44137.0
2025-07-18_21:44:22,9785.0,12005.0,46658.0,14226.0,16199.0,44137.0
2025-07-18_21:44:23,10157.0,12005.0,46658.0,14338.0,16199.0,44137.0
2025-07-18_21:44:23,,,,,,
2025-07-18_21:44:27,6968.0,12005.0,46658.0,3793.0,16199.0,44137.0
2025-07-18_21:44:27,10348.0,12005.0,46658.0,14605.0,16199.0,44137.0
2025-07-18_21:44:28,9690.0,12005.0,46658.0,13982.0,16199.0,44137.0
2025-07-18_21:44:28,9674.0,12005.0,46658.0,14153.0,16199.0,44137.0
2025-07-18_21:44:28,9671.0,12005.0,46658.0,13979.0,16199.0,44137.0
2025-07-18_21:44:28,9707.0,12005.0,46658.0,14140.0,16199.0,44137.0
2025-07-18_21:44:29,9907.0,12005.0,46658.0,14200.0,16199.0,44137.0
2025-07-18_21:44:29,9824.0,12005.0,46658.0,14513.0,16199.0,44137.0
2025-07-18_21:44:29,,,,13768.0,16199.0,44137.0
2025-07-18_21:44:33,3375.0,12005.0,46658.0,12186.0,16199.0,44137.0
2025-07-18_21:44:33,8540.0,12005.0,46658.0,13934.0,16199.0,44137.0
2025-07-18_21:44:33,9771.0,12005.0,46658.0,14134.0,16199.0,44137.0
2025-07-18_21:44:33,9594.0,12005.0,46658.0,14174.0,16199.0,44137.0
2025-07-18_21:44:34,9833.0,12005.0,46658.0,14094.0,16199.0,44137.0
2025-07-18_21:44:34,9714.0,12005.0,46658.0,14015.0,16199.0,44137.0
2025-07-18_21:44:34,10061.0,12005.0,46658.0,14507.0,16199.0,44137.0
2025-07-18_21:44:34,9891.0,12005.0,46658.0,14319.0,16199.0,44137.0
2025-07-18_21:44:34,,,,,,
2025-07-18_21:44:38,6968.0,12005.0,46658.0,3793.0,16199.0,44137.0
2025-07-18_21:44:39,9797.0,12005.0,46658.0,14196.0,16199.0,44137.0
2025-07-18_21:44:39,9671.0,12005.0,46658.0,14165.0,16199.0,44137.0
2025-07-18_21:44:39,9591.0,12005.0,46658.0,13742.0,16199.0,44137.0
2025-07-18_21:44:39,10108.0,12005.0,46658.0,14575.0,16199.0,44137.0
2025-07-18_21:44:39,9673.0,12005.0,46658.0,13798.0,16199.0,44137.0
2025-07-18_21:44:40,,,,13982.0,16199.0,44137.0
2025-07-18_21:44:43,3302.0,12005.0,46658.0,12174.0,16199.0,44137.0
2025-07-18_21:44:44,9862.0,12005.0,46659.0,14087.0,16199.0,44137.0
2025-07-18_21:44:44,,,,,,
2025-07-18_21:44:48,6968.0,12005.0,46659.0,3793.0,16199.0,44137.0
2025-07-18_21:44:48,9226.0,12005.0,46659.0,13909.0,16199.0,44137.0
2025-07-18_21:44:48,,,,13781.0,16199.0,44137.0
2025-07-18_21:44:52,3375.0,12005.0,46659.0,12159.0,16199.0,44137.0
2025-07-18_21:44:52,9670.0,12005.0,46659.0,14165.0,16199.0,44137.0
2025-07-18_21:44:52,9689.0,12005.0,46659.0,13982.0,16199.0,44137.0
2025-07-18_21:44:52,9677.0,12005.0,46659.0,13978.0,16199.0,44137.0
2025-07-18_21:44:53,9686.0,12005.0,46659.0,14007.0,16199.0,44137.0
2025-07-18_21:44:53,,,,11883.0,16199.0,44137.0
2025-07-18_21:44:57,2778.0,12005.0,46659.0,12186.0,16199.0,44137.0
2025-07-18_21:44:57,9641.0,12005.0,46659.0,14176.0,16199.0,44137.0
2025-07-18_21:44:57,9670.0,12005.0,46659.0,13980.0,16199.0,44137.0
2025-07-18_21:44:57,9669.0,12005.0,46659.0,13966.0,16199.0,44137.0
2025-07-18_21:44:58,9801.0,12005.0,46659.0,13992.0,16199.0,44137.0
2025-07-18_21:44:58,,,,13235.0,16199.0,44137.0
2025-07-18_21:45:02,2778.0,12005.0,46659.0,12192.0,16199.0,44137.0
2025-07-18_21:45:02,10137.0,12005.0,46659.0,14473.0,16199.0,44137.0
2025-07-18_21:45:02,9639.0,12005.0,46659.0,14100.0,16199.0,44137.0
2025-07-18_21:45:02,9674.0,12005.0,46659.0,13966.0,16199.0,44137.0
2025-07-18_21:45:03,10186.0,12005.0,46659.0,14519.0,16199.0,44137.0
2025-07-18_21:45:03,9730.0,12005.0,46660.0,14302.0,16199.0,44138.0
2025-07-18_21:45:03,10000.0,12005.0,46660.0,14285.0,16199.0,44138.0
2025-07-18_21:45:03,9671.0,12005.0,46660.0,13985.0,16199.0,44138.0
2025-07-18_21:45:03,9675.0,12005.0,46660.0,14201.0,16199.0,44138.0
2025-07-18_21:45:04,9826.0,12005.0,46660.0,14075.0,16199.0,44138.0
2025-07-18_21:45:04,9670.0,12005.0,46660.0,14167.0,16199.0,44138.0
2025-07-18_21:45:04,,,,13971.0,16199.0,44138.0
2025-07-18_21:45:08,3375.0,12005.0,46660.0,12189.0,16199.0,44138.0
2025-07-18_21:45:08,9680.0,12005.0,46660.0,13980.0,16199.0,44138.0
2025-07-18_21:45:08,10228.0,12005.0,46660.0,14293.0,16199.0,44138.0
2025-07-18_21:45:08,8501.0,12005.0,46660.0,14110.0,16199.0,44139.0
2025-07-18_21:45:09,9677.0,12005.0,46660.0,13975.0,16199.0,44139.0
2025-07-18_21:45:09,,,,,,
2025-07-18_21:45:13,6960.0,12005.0,46660.0,3794.0,16199.0,44139.0
2025-07-18_21:45:13,,,,,,
2025-07-18_21:45:17,6964.0,12005.0,46660.0,3793.0,16199.0,44139.0
2025-07-18_21:45:17,9901.0,12005.0,46660.0,14257.0,16199.0,44139.0
2025-07-18_21:45:17,9837.0,12005.0,46664.0,14284.0,16199.0,44139.0
2025-07-18_21:45:17,9674.0,12005.0,46664.0,13969.0,16199.0,44139.0
2025-07-18_21:45:18,10093.0,12005.0,46664.0,14235.0,16199.0,44139.0
2025-07-18_21:45:18,,,,,,
2025-07-18_21:45:22,6969.0,12005.0,46664.0,3792.0,16199.0,44139.0
2025-07-18_21:45:22,,,,,,
2025-07-18_21:45:26,6954.0,12005.0,46664.0,3793.0,16199.0,44139.0
2025-07-18_21:45:26,9412.0,12005.0,46664.0,13946.0,16199.0,44139.0
2025-07-18_21:45:26,10238.0,12005.0,46664.0,14498.0,16199.0,44139.0
2025-07-18_21:45:26,9672.0,12005.0,46664.0,13969.0,16199.0,44139.0
2025-07-18_21:45:27,9670.0,12005.0,46664.0,13985.0,16199.0,44139.0
2025-07-18_21:45:27,9665.0,12005.0,46664.0,14171.0,16199.0,44139.0
2025-07-18_21:45:27,,,,14110.0,16199.0,44139.0
2025-07-18_21:45:31,3317.0,12005.0,46664.0,12166.0,16199.0,44139.0
2025-07-18_21:45:31,,,,14212.0,16199.0,44140.0
2025-07-18_21:45:35,2778.0,12005.0,46664.0,12195.0,16199.0,44140.0
2025-07-18_21:45:35,9872.0,12005.0,46664.0,14311.0,16199.0,44140.0
2025-07-18_21:45:35,,,,,,
2025-07-18_21:45:39,6963.0,12005.0,46664.0,3795.0,16199.0,44140.0
2025-07-18_21:45:39,9664.0,12005.0,46664.0,13985.0,16199.0,44140.0
2025-07-18_21:45:40,10101.0,12005.0,46664.0,14323.0,16199.0,44140.0
2025-07-18_21:45:40,,,,,,
2025-07-18_21:45:44,6967.0,12005.0,46664.0,3793.0,16199.0,44140.0
2025-07-18_21:45:44,,,,13997.0,16199.0,44140.0
2025-07-18_21:45:48,3375.0,12005.0,46664.0,12191.0,16199.0,44140.0
2025-07-18_21:45:48,10650.0,12005.0,46664.0,14848.0,16199.0,44140.0
2025-07-18_21:45:48,,,,14218.0,16199.0,44140.0
2025-07-18_21:45:52,3375.0,12005.0,46664.0,12193.0,16199.0,44140.0
2025-07-18_21:45:52,10028.0,12005.0,46664.0,14642.0,16199.0,44140.0
2025-07-18_21:45:52,9842.0,12005.0,46664.0,14253.0,16199.0,44140.0
2025-07-18_21:45:52,9557.0,12005.0,46664.0,13927.0,16199.0,44140.0
2025-07-18_21:45:53,9639.0,12005.0,46664.0,14096.0,16199.0,44140.0
2025-07-18_21:45:53,9582.0,12005.0,46664.0,14238.0,16199.0,44140.0
2025-07-18_21:45:53,9671.0,12005.0,46664.0,13975.0,16199.0,44140.0
2025-07-18_21:45:53,9673.0,12005.0,46664.0,13979.0,16199.0,44140.0
2025-07-18_21:45:53,9679.0,12005.0,46664.0,14198.0,16199.0,44140.0
2025-07-18_21:45:54,9657.0,12005.0,46664.0,14099.0,16199.0,44140.0
2025-07-18_21:45:54,9680.0,12005.0,46664.0,13984.0,16199.0,44140.0
2025-07-18_21:45:54,9433.0,12005.0,46664.0,13990.0,16199.0,44140.0
2025-07-18_21:45:54,9300.0,12005.0,46664.0,14110.0,16199.0,44140.0
2025-07-18_21:45:54,9969.0,12005.0,46664.0,14306.0,16199.0,44140.0
2025-07-18_21:45:55,,,,14038.0,16199.0,44140.0
2025-07-18_21:45:59,2778.0,12005.0,46664.0,12193.0,16199.0,44140.0
2025-07-18_21:45:59,9796.0,12005.0,46664.0,14294.0,16199.0,44140.0
2025-07-18_21:45:59,9672.0,12005.0,46664.0,13972.0,16199.0,44140.0
2025-07-18_21:45:59,9622.0,12005.0,46664.0,14249.0,16199.0,44140.0
2025-07-18_21:45:59,9690.0,12005.0,46664.0,14176.0,16199.0,44140.0
2025-07-18_21:46:00,,,,14148.0,16199.0,44140.0
2025-07-18_21:46:03,3319.0,12005.0,46664.0,12193.0,16199.0,44140.0
2025-07-18_21:46:04,9679.0,12005.0,46664.0,13744.0,16199.0,44140.0
2025-07-18_21:46:04,9681.0,12005.0,46664.0,13978.0,16199.0,44140.0
2025-07-18_21:46:04,9787.0,12005.0,46664.0,14035.0,16199.0,44140.0
2025-07-18_21:46:04,9681.0,12005.0,46664.0,13981.0,16199.0,44140.0
2025-07-18_21:46:05,9684.0,12005.0,46664.0,14176.0,16199.0,44140.0
2025-07-18_21:46:05,9673.0,12005.0,46664.0,14168.0,16199.0,44140.0
2025-07-18_21:46:05,9676.0,12005.0,46664.0,13978.0,16199.0,44140.0
2025-07-18_21:46:05,,,,13920.0,16199.0,44140.0
2025-07-18_21:46:09,3375.0,12005.0,46664.0,12161.0,16199.0,44140.0
2025-07-18_21:46:09,9051.0,12005.0,46664.0,13797.0,16199.0,44140.0
2025-07-18_21:46:09,9672.0,12005.0,46664.0,13831.0,16199.0,44140.0
2025-07-18_21:46:10,9670.0,12005.0,46664.0,13980.0,16199.0,44140.0
2025-07-18_21:46:10,,,,,,
2025-07-18_21:46:14,6967.0,12005.0,46664.0,3793.0,16199.0,44140.0
2025-07-18_21:46:14,9687.0,12005.0,46664.0,14181.0,16199.0,44140.0
2025-07-18_21:46:14,10135.0,12005.0,46664.0,14387.0,16199.0,44140.0
2025-07-18_21:46:14,9801.0,12005.0,46664.0,13870.0,16199.0,44140.0
2025-07-18_21:46:15,9644.0,12005.0,46664.0,14159.0,16199.0,44140.0
2025-07-18_21:46:15,9441.0,12005.0,46664.0,13946.0,16199.0,44140.0
2025-07-18_21:46:15,9811.0,12005.0,46664.0,14019.0,16199.0,44140.0
2025-07-18_21:46:15,9818.0,12005.0,46664.0,14376.0,16199.0,44140.0
2025-07-18_21:46:15,9595.0,12005.0,46664.0,14183.0,16199.0,44140.0
2025-07-18_21:46:16,9672.0,12005.0,46664.0,13979.0,16199.0,44140.0
2025-07-18_21:46:16,9258.0,12005.0,46664.0,14108.0,16199.0,44140.0
2025-07-18_21:46:16,9672.0,12005.0,46664.0,13973.0,16199.0,44140.0
2025-07-18_21:46:16,,,,13997.0,16199.0,44140.0
2025-07-18_21:46:20,3319.0,12005.0,46664.0,12172.0,16199.0,44140.0
2025-07-18_21:46:20,9799.0,12005.0,46664.0,14346.0,16199.0,44140.0
2025-07-18_21:46:20,9612.0,12005.0,46664.0,14097.0,16199.0,44140.0
2025-07-18_21:46:21,9294.0,12005.0,46664.0,14120.0,16199.0,44140.0
2025-07-18_21:46:21,9634.0,12005.0,46664.0,14281.0,16199.0,44140.0
2025-07-18_21:46:21,,,,14138.0,16199.0,44140.0
2025-07-18_21:46:25,3302.0,12005.0,46664.0,12196.0,16199.0,44140.0
2025-07-18_21:46:25,9671.0,12005.0,46664.0,13966.0,16199.0,44140.0
2025-07-18_21:46:25,9263.0,12005.0,46664.0,13916.0,16199.0,44140.0
2025-07-18_21:46:25,9649.0,12005.0,46664.0,14297.0,16199.0,44140.0
2025-07-18_21:46:26,9686.0,12005.0,46664.0,13981.0,16199.0,44140.0
2025-07-18_21:46:26,10251.0,12005.0,46664.0,14388.0,16199.0,44140.0
2025-07-18_21:46:26,,,,,,
2025-07-18_21:46:30,6961.0,12005.0,46664.0,3792.0,16199.0,44140.0
2025-07-18_21:46:30,9886.0,12005.0,46664.0,14127.0,16199.0,44140.0
2025-07-18_21:46:30,9303.0,12005.0,46664.0,14117.0,16199.0,44140.0
2025-07-18_21:46:31,,,,14153.0,16199.0,44140.0
2025-07-18_21:46:35,2780.0,12005.0,46664.0,12190.0,16199.0,44140.0
2025-07-18_21:46:35,9039.0,12005.0,46664.0,13626.0,16199.0,44140.0
2025-07-18_21:46:35,,,,,,
2025-07-18_21:46:39,6967.0,12005.0,46664.0,3792.0,16199.0,44140.0
2025-07-18_21:46:39,9668.0,12005.0,46664.0,13975.0,16199.0,44140.0
2025-07-18_21:46:39,9989.0,12005.0,46664.0,14140.0,16199.0,44140.0
2025-07-18_21:46:39,9670.0,12005.0,46664.0,14180.0,16199.0,44140.0
2025-07-18_21:46:40,,,,,,
2025-07-18_21:46:43,6963.0,12005.0,46664.0,3786.0,16199.0,44140.0
2025-07-18_21:46:44,9666.0,12005.0,46664.0,14165.0,16199.0,44140.0
2025-07-18_21:46:44,,,,,,
2025-07-18_21:46:48,6957.0,12005.0,46664.0,3792.0,16199.0,44140.0
2025-07-18_21:46:48,,,,,,
2025-07-18_21:46:52,6961.0,12005.0,46664.0,3787.0,16199.0,44140.0
2025-07-18_21:46:52,9679.0,12005.0,46664.0,14163.0,16199.0,44140.0
2025-07-18_21:46:52,9716.0,12005.0,46664.0,14260.0,16199.0,44140.0
2025-07-18_21:46:52,9676.0,12005.0,46664.0,13766.0,16199.0,44140.0
2025-07-18_21:46:53,9656.0,12005.0,46664.0,14107.0,16199.0,44140.0
2025-07-18_21:46:53,9674.0,12005.0,46664.0,14204.0,16199.0,44140.0
2025-07-18_21:46:53,9665.0,12005.0,46664.0,14162.0,16199.0,44140.0
2025-07-18_21:46:53,,,,14201.0,16199.0,44140.0
2025-07-18_21:46:57,3302.0,12005.0,46664.0,12196.0,16199.0,44140.0
2025-07-18_21:46:57,,,,14102.0,16199.0,44140.0
2025-07-18_21:47:01,3319.0,12005.0,46664.0,12184.0,16199.0,44140.0
2025-07-18_21:47:01,9671.0,12005.0,46664.0,14179.0,16199.0,44140.0
2025-07-18_21:47:01,,,,,,
2025-07-18_21:47:05,6958.0,12005.0,46664.0,3792.0,16199.0,44140.0
2025-07-18_21:47:05,9921.0,12005.0,46664.0,14296.0,16199.0,44140.0
2025-07-18_21:47:06,,,,14072.0,16199.0,44140.0
2025-07-18_21:47:09,3319.0,12005.0,46664.0,12162.0,16199.0,44140.0
2025-07-18_21:47:10,9236.0,12005.0,46664.0,13941.0,16199.0,44140.0
2025-07-18_21:47:10,9843.0,12005.0,46664.0,14249.0,16199.0,44140.0
2025-07-18_21:47:10,9047.0,12005.0,46664.0,13787.0,16199.0,44140.0
2025-07-18_21:47:10,9809.0,12005.0,46664.0,14129.0,16199.0,44140.0
2025-07-18_21:47:10,9754.0,12005.0,46664.0,14242.0,16199.0,44140.0
2025-07-18_21:47:11,9599.0,12005.0,46664.0,14007.0,16199.0,44140.0
2025-07-18_21:47:11,10098.0,12005.0,46664.0,14222.0,16199.0,44140.0
2025-07-18_21:47:11,9174.0,12005.0,46664.0,13967.0,16199.0,44140.0
2025-07-18_21:47:11,9837.0,12005.0,46664.0,14021.0,16199.0,44140.0
2025-07-18_21:47:12,,,,,,
2025-07-18_21:47:15,6965.0,12005.0,46664.0,3793.0,16199.0,44140.0
2025-07-18_21:47:16,9669.0,12005.0,46664.0,14171.0,16199.0,44140.0
2025-07-18_21:47:16,9672.0,12005.0,46664.0,14170.0,16199.0,44140.0
2025-07-18_21:47:16,9816.0,12005.0,46664.0,13859.0,16199.0,44140.0
2025-07-18_21:47:16,8577.0,12005.0,46664.0,13978.0,16199.0,44140.0
2025-07-18_21:47:16,9815.0,12005.0,46664.0,14228.0,16199.0,44140.0
2025-07-18_21:47:17,9667.0,12005.0,46664.0,14271.0,16199.0,44140.0
2025-07-18_21:47:17,9688.0,12005.0,46664.0,14181.0,16199.0,44140.0
2025-07-18_21:47:17,10104.0,12005.0,46664.0,14297.0,16199.0,44140.0
2025-07-18_21:47:17,9642.0,12005.0,46664.0,14107.0,16199.0,44140.0
2025-07-18_21:47:18,9490.0,12005.0,46664.0,14112.0,16199.0,44140.0
2025-07-18_21:47:18,9896.0,12005.0,46664.0,14068.0,16199.0,44140.0
2025-07-18_21:47:18,9798.0,12005.0,46664.0,14012.0,16199.0,44140.0
2025-07-18_21:47:18,,,,14060.0,16199.0,44140.0
2025-07-18_21:47:22,3321.0,12005.0,46664.0,12194.0,16199.0,44140.0
2025-07-18_21:47:22,9605.0,12005.0,46664.0,14010.0,16199.0,44140.0
2025-07-18_21:47:22,,,,,,
2025-07-18_21:47:26,6969.0,12005.0,46664.0,3793.0,16199.0,44140.0
2025-07-18_21:47:26,9631.0,12005.0,46664.0,14110.0,16199.0,44140.0
2025-07-18_21:47:27,10112.0,12005.0,46664.0,14356.0,16199.0,44140.0
2025-07-18_21:47:27,8963.0,12005.0,46664.0,13973.0,16199.0,44140.0
2025-07-18_21:47:27,9671.0,12005.0,46664.0,14168.0,16199.0,44140.0
2025-07-18_21:47:27,9675.0,12005.0,46664.0,14171.0,16199.0,44140.0
2025-07-18_21:47:28,10094.0,12005.0,46664.0,14313.0,16199.0,44140.0
2025-07-18_21:47:28,9671.0,12005.0,46666.0,14170.0,16199.0,44140.0
2025-07-18_21:47:28,,,,,,
2025-07-18_21:47:32,6969.0,12005.0,46666.0,3793.0,16199.0,44140.0
2025-07-18_21:47:32,9790.0,12005.0,46666.0,14018.0,16199.0,44140.0
2025-07-18_21:47:32,9543.0,12005.0,46666.0,14107.0,16199.0,44140.0
2025-07-18_21:47:33,9264.0,12005.0,46666.0,13786.0,16199.0,44140.0
2025-07-18_21:47:33,9673.0,12005.0,46666.0,13988.0,16199.0,44140.0
2025-07-18_21:47:33,,,,,,
2025-07-18_21:47:37,6964.0,12005.0,46666.0,3787.0,16199.0,44140.0
2025-07-18_21:47:37,9671.0,12005.0,46666.0,13981.0,16199.0,44140.0
2025-07-18_21:47:37,9262.0,12005.0,46667.0,13936.0,16199.0,44140.0
2025-07-18_21:47:37,9308.0,12005.0,46667.0,14146.0,16199.0,44140.0
2025-07-18_21:47:38,9040.0,12005.0,46667.0,13996.0,16199.0,44140.0
2025-07-18_21:47:38,9669.0,12005.0,46667.0,13977.0,16199.0,44140.0
2025-07-18_21:47:38,9673.0,12005.0,46667.0,14165.0,16199.0,44140.0
2025-07-18_21:47:38,,,,14080.0,16199.0,44140.0
2025-07-18_21:47:42,3319.0,12005.0,46667.0,12190.0,16199.0,44140.0
2025-07-18_21:47:42,9737.0,12005.0,46667.0,14136.0,16199.0,44140.0
2025-07-18_21:47:42,9670.0,12005.0,46667.0,13797.0,16199.0,44140.0
2025-07-18_21:47:43,9678.0,12005.0,46667.0,14159.0,16199.0,44140.0
2025-07-18_21:47:43,9670.0,12005.0,46667.0,14158.0,16199.0,44140.0
2025-07-18_21:47:43,9666.0,12005.0,46667.0,14130.0,16199.0,44140.0
2025-07-18_21:47:43,,,,,,
2025-07-18_21:47:48,2778.0,12005.0,46667.0,3776.0,16199.0,44140.0
2025-07-18_21:47:48,,,,14428.0,16199.0,44168.0
2025-07-18_21:47:52,3302.0,12005.0,46667.0,12178.0,16199.0,44168.0
2025-07-18_21:47:52,9449.0,12005.0,46667.0,14124.0,16199.0,44168.0
2025-07-18_21:47:52,,,,14003.0,16199.0,44168.0
2025-07-18_21:47:56,3358.0,12005.0,46667.0,12188.0,16199.0,44168.0
2025-07-18_21:47:56,9651.0,12005.0,46667.0,14124.0,16199.0,44168.0
2025-07-18_21:47:56,,,,14219.0,16199.0,44168.0
2025-07-18_21:48:00,3302.0,12005.0,46667.0,12190.0,16199.0,44168.0
2025-07-18_21:48:00,,,,13986.0,16199.0,44168.0
2025-07-18_21:48:04,3302.0,12005.0,46667.0,12172.0,16199.0,44168.0
2025-07-18_21:48:04,9648.0,12005.0,46667.0,14281.0,16199.0,44168.0
2025-07-18_21:48:04,9646.0,12005.0,46667.0,14289.0,16199.0,44168.0
2025-07-18_21:48:04,9639.0,12005.0,46667.0,14093.0,16199.0,44168.0
2025-07-18_21:48:05,9669.0,12005.0,46667.0,14170.0,16199.0,44168.0
2025-07-18_21:48:05,9799.0,12005.0,46667.0,14042.0,16199.0,44168.0
2025-07-18_21:48:05,9672.0,12005.0,46667.0,13962.0,16199.0,44168.0
2025-07-18_21:48:05,10254.0,12005.0,46667.0,14401.0,16199.0,44168.0
2025-07-18_21:48:06,9317.0,12005.0,46667.0,14046.0,16199.0,44168.0
2025-07-18_21:48:06,9806.0,12005.0,46667.0,14259.0,16199.0,44168.0
2025-07-18_21:48:06,9880.0,12005.0,46667.0,14145.0,16199.0,44168.0
2025-07-18_21:48:06,,,,13784.0,16199.0,44168.0
2025-07-18_21:48:10,3375.0,12005.0,46667.0,12187.0,16199.0,44168.0
2025-07-18_21:48:10,9597.0,12005.0,46667.0,14150.0,16199.0,44168.0
2025-07-18_21:48:10,9672.0,12005.0,46667.0,14175.0,16199.0,44168.0
2025-07-18_21:48:11,9669.0,12005.0,46667.0,14153.0,16199.0,44168.0
2025-07-18_21:48:11,9772.0,12005.0,46667.0,14184.0,16199.0,44168.0
2025-07-18_21:48:11,9672.0,12005.0,46667.0,14156.0,16199.0,44168.0
2025-07-18_21:48:11,9681.0,12005.0,46667.0,14176.0,16199.0,44168.0
2025-07-18_21:48:12,,,,13978.0,16199.0,44168.0
2025-07-18_21:48:15,3319.0,12005.0,46667.0,12192.0,16199.0,44168.0
2025-07-18_21:48:16,9673.0,12005.0,46667.0,14163.0,16199.0,44168.0
2025-07-18_21:48:16,9800.0,12005.0,46667.0,14012.0,16199.0,44168.0
2025-07-18_21:48:16,9591.0,12005.0,46667.0,14399.0,16199.0,44168.0
2025-07-18_21:48:16,10100.0,12005.0,46667.0,14243.0,16199.0,44168.0
2025-07-18_21:48:16,9769.0,12005.0,46667.0,14273.0,16199.0,44168.0
2025-07-18_21:48:17,9299.0,12005.0,46667.0,13986.0,16199.0,44168.0
2025-07-18_21:48:17,9685.0,12005.0,46667.0,13974.0,16199.0,44168.0
2025-07-18_21:48:17,,,,,,
2025-07-18_21:48:21,6969.0,12005.0,46667.0,3793.0,16199.0,44168.0
2025-07-18_21:48:21,,,,,,
2025-07-18_21:48:25,6964.0,12005.0,46667.0,3794.0,16199.0,44168.0
2025-07-18_21:48:26,3356.0,12005.0,46667.0,4596.0,16199.0,44168.0
2025-07-18_21:48:26,9647.0,12005.0,46667.0,14331.0,16199.0,44168.0
2025-07-18_21:48:27,9859.0,12005.0,46667.0,14077.0,16199.0,44168.0
2025-07-18_21:48:27,10063.0,12005.0,46667.0,14549.0,16199.0,44168.0
2025-07-18_21:48:27,9189.0,12005.0,46667.0,13791.0,16199.0,44168.0
2025-07-18_21:48:27,9675.0,12005.0,46667.0,14172.0,16199.0,44168.0
2025-07-18_21:48:28,9668.0,12005.0,46667.0,13968.0,16199.0,44168.0
2025-07-18_21:48:28,9959.0,12005.0,46667.0,14271.0,16199.0,44168.0
2025-07-18_21:48:28,9844.0,12005.0,46667.0,14033.0,16199.0,44168.0
2025-07-18_21:48:28,9248.0,12005.0,46667.0,13905.0,16199.0,44168.0
2025-07-18_21:48:28,9670.0,12005.0,46667.0,14204.0,16199.0,44168.0
2025-07-18_21:48:29,9671.0,12005.0,46667.0,13969.0,16199.0,44168.0
2025-07-18_21:48:29,,,,14046.0,16199.0,44168.0
2025-07-18_21:48:33,3375.0,12005.0,46667.0,12185.0,16199.0,44168.0
2025-07-18_21:48:33,9591.0,12005.0,46667.0,13970.0,16199.0,44168.0
2025-07-18_21:48:33,9845.0,12005.0,46667.0,13891.0,16199.0,44168.0
2025-07-18_21:48:33,9253.0,12005.0,46667.0,13942.0,16199.0,44168.0
2025-07-18_21:48:34,9674.0,12005.0,46667.0,13961.0,16199.0,44168.0
2025-07-18_21:48:34,9674.0,12005.0,46667.0,13971.0,16199.0,44168.0
2025-07-18_21:48:34,,,,,,
2025-07-18_21:48:38,2778.0,12005.0,46667.0,3776.0,16199.0,44168.0
2025-07-18_21:48:39,,,,13928.0,16199.0,44168.0
2025-07-18_21:48:42,3319.0,12005.0,46667.0,12184.0,16199.0,44168.0
2025-07-18_21:48:43,10097.0,12005.0,46667.0,14082.0,16199.0,44168.0
2025-07-18_21:48:43,9802.0,12005.0,46667.0,14232.0,16199.0,44168.0
2025-07-18_21:48:43,9672.0,12005.0,46667.0,13976.0,16199.0,44168.0
2025-07-18_21:48:43,9673.0,12005.0,46667.0,14172.0,16199.0,44168.0
2025-07-18_21:48:43,9664.0,12005.0,46667.0,14278.0,16199.0,44168.0
2025-07-18_21:48:44,10268.0,12005.0,46667.0,14285.0,16199.0,44168.0
2025-07-18_21:48:44,,,,,,
2025-07-18_21:48:48,6965.0,12005.0,46667.0,3792.0,16199.0,44168.0
2025-07-18_21:48:48,9662.0,12005.0,46667.0,14326.0,16199.0,44168.0
2025-07-18_21:48:48,9680.0,12005.0,46667.0,14168.0,16199.0,44168.0
2025-07-18_21:48:48,9675.0,12005.0,46667.0,13961.0,16199.0,44168.0
2025-07-18_21:48:49,9322.0,12005.0,46667.0,14119.0,16199.0,44168.0
2025-07-18_21:48:49,9789.0,12005.0,46667.0,14014.0,16199.0,44168.0
2025-07-18_21:48:49,,,,13980.0,16199.0,44168.0
2025-07-18_21:48:53,3319.0,12005.0,46667.0,12185.0,16199.0,44168.0
2025-07-18_21:48:53,9183.0,12005.0,46667.0,13781.0,16199.0,44168.0
2025-07-18_21:48:53,,,,13785.0,16199.0,44168.0
2025-07-18_21:48:57,3319.0,12005.0,46667.0,12189.0,16199.0,44168.0
2025-07-18_21:48:57,9670.0,12005.0,46667.0,14167.0,16199.0,44168.0
2025-07-18_21:48:57,9641.0,12005.0,46667.0,14288.0,16199.0,44168.0
2025-07-18_21:48:58,9437.0,12005.0,46667.0,14154.0,16199.0,44168.0
2025-07-18_21:48:58,,,,,,
2025-07-18_21:49:02,6960.0,12005.0,46667.0,3786.0,16199.0,44168.0
2025-07-18_21:49:02,9748.0,12005.0,46667.0,14309.0,16199.0,44168.0
2025-07-18_21:49:02,9675.0,12005.0,46667.0,14181.0,16199.0,44168.0
2025-07-18_21:49:02,10097.0,12005.0,46667.0,14322.0,16199.0,44168.0
2025-07-18_21:49:02,,,,13978.0,16199.0,44168.0
2025-07-18_21:49:06,3319.0,12005.0,46667.0,12190.0,16199.0,44168.0
2025-07-18_21:49:06,9672.0,12005.0,46667.0,14169.0,16199.0,44168.0
2025-07-18_21:49:07,9668.0,12005.0,46667.0,13969.0,16199.0,44168.0
2025-07-18_21:49:07,,,,13791.0,16199.0,44168.0
2025-07-18_21:49:11,3375.0,12005.0,46667.0,12184.0,16199.0,44168.0
2025-07-18_21:49:11,9218.0,12005.0,46667.0,14112.0,16199.0,44168.0
2025-07-18_21:49:11,9411.0,12005.0,46667.0,14108.0,16199.0,44170.0
2025-07-18_21:49:11,9663.0,12005.0,46667.0,14287.0,16199.0,44170.0
2025-07-18_21:49:11,,,,,,
2025-07-18_21:49:15,6968.0,12005.0,46667.0,3793.0,16199.0,44170.0
2025-07-18_21:49:16,,,,,,
2025-07-18_21:49:19,6969.0,12005.0,46667.0,3793.0,16199.0,44170.0
2025-07-18_21:49:20,9667.0,12005.0,46667.0,14175.0,16199.0,44170.0
2025-07-18_21:49:20,,,,13772.0,16199.0,44170.0
2025-07-18_21:49:23,3319.0,12005.0,46667.0,12190.0,16199.0,44170.0
2025-07-18_21:49:24,,,,,,
2025-07-18_21:49:27,6968.0,12005.0,46667.0,3792.0,16199.0,44170.0
2025-07-18_21:49:28,9673.0,12005.0,46667.0,14171.0,16199.0,44170.0
2025-07-18_21:49:28,9685.0,12005.0,46667.0,13968.0,16199.0,44170.0
2025-07-18_21:49:28,10208.0,12005.0,46667.0,14173.0,16199.0,44170.0
2025-07-18_21:49:28,9802.0,12005.0,46667.0,14224.0,16199.0,44170.0
2025-07-18_21:49:29,9671.0,12005.0,46667.0,14170.0,16199.0,44170.0
2025-07-18_21:49:29,9679.0,12005.0,46667.0,14327.0,16199.0,44170.0
2025-07-18_21:49:29,9673.0,12005.0,46667.0,14172.0,16199.0,44170.0
2025-07-18_21:49:29,,,,13237.0,16199.0,44170.0
2025-07-18_21:49:33,2778.0,12005.0,46667.0,12183.0,16199.0,44170.0
2025-07-18_21:49:33,10093.0,12005.0,46667.0,14231.0,16199.0,44170.0
2025-07-18_21:49:34,9670.0,12005.0,46667.0,13794.0,16199.0,44170.0
2025-07-18_21:49:34,9671.0,12005.0,46667.0,14165.0,16199.0,44170.0
2025-07-18_21:49:34,9764.0,12005.0,46667.0,14317.0,16199.0,44170.0
2025-07-18_21:49:34,9669.0,12005.0,46667.0,13977.0,16199.0,44170.0
2025-07-18_21:49:34,,,,,,
2025-07-18_21:49:38,6968.0,12005.0,46667.0,3786.0,16199.0,44170.0
2025-07-18_21:49:38,10098.0,12005.0,46667.0,14504.0,16199.0,44170.0
2025-07-18_21:49:39,9666.0,12005.0,46667.0,14167.0,16199.0,44170.0
2025-07-18_21:49:39,9506.0,12005.0,46667.0,14134.0,16199.0,44170.0
2025-07-18_21:49:39,9654.0,12005.0,46667.0,14280.0,16199.0,44170.0
2025-07-18_21:49:39,9648.0,12005.0,46667.0,14244.0,16199.0,44170.0
2025-07-18_21:49:40,9832.0,12005.0,46667.0,13850.0,16199.0,44170.0
2025-07-18_21:49:40,9863.0,12005.0,46667.0,13853.0,16199.0,44170.0
2025-07-18_21:49:40,9671.0,12005.0,46667.0,14000.0,16199.0,44170.0
2025-07-18_21:49:40,9531.0,12005.0,46667.0,14171.0,16199.0,44170.0
2025-07-18_21:49:41,9746.0,12005.0,46667.0,14253.0,16199.0,44170.0
2025-07-18_21:49:41,9776.0,12005.0,46667.0,14285.0,16199.0,44170.0
2025-07-18_21:49:41,9711.0,12005.0,46667.0,13868.0,16199.0,44170.0
2025-07-18_21:49:41,9675.0,12005.0,46667.0,14125.0,16199.0,44170.0
2025-07-18_21:49:41,9781.0,12005.0,46667.0,14069.0,16199.0,44170.0
2025-07-18_21:49:42,,,,,,
2025-07-18_21:49:45,6963.0,12005.0,46667.0,3786.0,16199.0,44170.0
2025-07-18_21:49:46,9667.0,12005.0,46667.0,13981.0,16199.0,44170.0
2025-07-18_21:49:46,,,,,,
2025-07-18_21:49:50,6967.0,12005.0,46667.0,3793.0,16199.0,44170.0
2025-07-18_21:49:50,9683.0,12005.0,46667.0,13970.0,16199.0,44170.0
2025-07-18_21:49:50,,,,13789.0,16199.0,44170.0
2025-07-18_21:49:54,3358.0,12005.0,46667.0,12189.0,16199.0,44170.0
2025-07-18_21:49:54,,,,14076.0,16199.0,44170.0
2025-07-18_21:49:58,2778.0,12005.0,46667.0,12188.0,16199.0,44170.0
2025-07-18_21:49:58,9678.0,12005.0,46667.0,14175.0,16199.0,44170.0
2025-07-18_21:49:58,9673.0,12005.0,46667.0,14172.0,16199.0,44170.0
2025-07-18_21:49:58,9671.0,12005.0,46667.0,14159.0,16199.0,44170.0
2025-07-18_21:49:59,9675.0,12005.0,46667.0,14165.0,16199.0,44170.0
2025-07-18_21:49:59,9669.0,12005.0,46667.0,14171.0,16199.0,44170.0
2025-07-18_21:49:59,9653.0,12005.0,46667.0,14118.0,16199.0,44170.0
2025-07-18_21:49:59,9661.0,12005.0,46667.0,14173.0,16199.0,44170.0
2025-07-18_21:50:00,9674.0,12005.0,46667.0,14171.0,16199.0,44170.0
2025-07-18_21:50:00,10186.0,12005.0,46667.0,14180.0,16199.0,44170.0
2025-07-18_21:50:00,9738.0,12005.0,46667.0,13790.0,16199.0,44170.0
2025-07-18_21:50:00,9668.0,12005.0,46667.0,14001.0,16199.0,44170.0
2025-07-18_21:50:00,9710.0,12005.0,46667.0,14013.0,16199.0,44170.0
2025-07-18_21:50:01,9673.0,12005.0,46667.0,14170.0,16199.0,44170.0
2025-07-18_21:50:01,9655.0,12005.0,46667.0,14316.0,16199.0,44170.0
2025-07-18_21:50:01,9822.0,12005.0,46667.0,14218.0,16199.0,44170.0
2025-07-18_21:50:01,9671.0,12005.0,46667.0,13971.0,16199.0,44170.0
2025-07-18_21:50:02,9671.0,12005.0,46667.0,13971.0,16199.0,44170.0
2025-07-18_21:50:02,9671.0,12005.0,46667.0,13977.0,16199.0,44170.0
2025-07-18_21:50:02,9680.0,12005.0,46667.0,14174.0,16199.0,44170.0
2025-07-18_21:50:02,9677.0,12005.0,46667.0,14182.0,16199.0,44170.0
2025-07-18_21:50:03,10088.0,12005.0,46667.0,14366.0,16199.0,44170.0
2025-07-18_21:50:03,9681.0,12005.0,46667.0,13961.0,16199.0,44170.0
2025-07-18_21:50:03,,,,14152.0,16199.0,44170.0
2025-07-18_21:50:07,3358.0,12005.0,46667.0,12197.0,16199.0,44170.0
2025-07-18_21:50:07,,,,13780.0,16199.0,44170.0
2025-07-18_21:50:11,3358.0,12005.0,46667.0,12171.0,16199.0,44170.0
2025-07-18_21:50:11,9668.0,12005.0,46667.0,13970.0,16199.0,44170.0
2025-07-18_21:50:11,9696.0,12005.0,46667.0,14289.0,16199.0,44170.0
2025-07-18_21:50:11,9838.0,12005.0,46667.0,14226.0,16199.0,44170.0
2025-07-18_21:50:11,9668.0,12005.0,46667.0,13966.0,16199.0,44170.0
2025-07-18_21:50:12,9241.0,12005.0,46667.0,14141.0,16199.0,44170.0
2025-07-18_21:50:12,9803.0,12005.0,46667.0,14012.0,16199.0,44170.0
2025-07-18_21:50:12,9695.0,12005.0,46667.0,13897.0,16199.0,44170.0
2025-07-18_21:50:12,9673.0,12005.0,46667.0,14156.0,16199.0,44170.0
2025-07-18_21:50:13,9785.0,12005.0,46667.0,14034.0,16199.0,44170.0
2025-07-18_21:50:13,9795.0,12005.0,46667.0,14036.0,16199.0,44170.0
2025-07-18_21:50:13,9668.0,12005.0,46667.0,13978.0,16199.0,44170.0
2025-07-18_21:50:13,,,,13976.0,16199.0,44170.0
2025-07-18_21:50:17,3358.0,12005.0,46667.0,12193.0,16199.0,44170.0
2025-07-18_21:50:17,10307.0,12005.0,46667.0,14510.0,16199.0,44170.0
2025-07-18_21:50:17,9674.0,12005.0,46667.0,14013.0,16199.0,44170.0
2025-07-18_21:50:18,10049.0,12005.0,46667.0,14244.0,16199.0,44170.0
2025-07-18_21:50:18,,,,,,
2025-07-18_21:50:22,6965.0,12005.0,46667.0,3793.0,16199.0,44170.0
2025-07-18_21:50:22,9680.0,12005.0,46667.0,14014.0,16199.0,44170.0
2025-07-18_21:50:22,9638.0,12005.0,46667.0,13930.0,16199.0,44170.0
2025-07-18_21:50:22,10144.0,12005.0,46667.0,14045.0,16199.0,44170.0
2025-07-18_21:50:22,9673.0,12005.0,46667.0,14272.0,16199.0,44170.0
2025-07-18_21:50:23,9655.0,12005.0,46667.0,13980.0,16199.0,44170.0
2025-07-18_21:50:23,9809.0,12005.0,46667.0,14009.0,16199.0,44170.0
2025-07-18_21:50:23,9790.0,12005.0,46667.0,14031.0,16199.0,44170.0
2025-07-18_21:50:23,9672.0,12005.0,46667.0,13984.0,16199.0,44170.0
2025-07-18_21:50:23,,,,,,
2025-07-18_21:50:27,6970.0,12005.0,46667.0,3792.0,16199.0,44170.0
2025-07-18_21:50:28,10066.0,12005.0,46667.0,14357.0,16199.0,44170.0
2025-07-18_21:50:28,9672.0,12005.0,46667.0,13972.0,16199.0,44170.0
2025-07-18_21:50:28,,,,,,
2025-07-18_21:50:32,6963.0,12005.0,46667.0,3793.0,16199.0,44170.0
2025-07-18_21:50:32,9676.0,12005.0,46667.0,14176.0,16199.0,44170.0
2025-07-18_21:50:32,9672.0,12005.0,46667.0,14171.0,16199.0,44170.0
2025-07-18_21:50:32,10243.0,12005.0,46667.0,14375.0,16199.0,44170.0
2025-07-18_21:50:33,9673.0,12005.0,46667.0,14009.0,16199.0,44170.0
2025-07-18_21:50:33,9646.0,12005.0,46667.0,14228.0,16199.0,44170.0
2025-07-18_21:50:33,9307.0,12005.0,46667.0,13819.0,16199.0,44170.0
2025-07-18_21:50:33,9665.0,12005.0,46667.0,13791.0,16199.0,44170.0
2025-07-18_21:50:33,9593.0,12005.0,46667.0,13748.0,16199.0,44172.0
2025-07-18_21:50:34,9670.0,12005.0,46667.0,14006.0,16199.0,44172.0
2025-07-18_21:50:34,9669.0,12005.0,46667.0,13790.0,16199.0,44172.0
2025-07-18_21:50:34,,,,14105.0,16199.0,44172.0
2025-07-18_21:50:38,2778.0,12005.0,46667.0,12186.0,16199.0,44172.0
2025-07-18_21:50:38,9677.0,12005.0,46667.0,14172.0,16199.0,44172.0
2025-07-18_21:50:38,9669.0,12005.0,46667.0,14162.0,16199.0,44172.0
2025-07-18_21:50:39,10095.0,12005.0,46667.0,14284.0,16199.0,44172.0
2025-07-18_21:50:39,,,,,,
2025-07-18_21:50:43,6964.0,12005.0,46667.0,3792.0,16199.0,44172.0
2025-07-18_21:50:43,9679.0,12005.0,46667.0,13990.0,16199.0,44172.0
2025-07-18_21:50:43,9706.0,12005.0,46667.0,14037.0,16199.0,44172.0
2025-07-18_21:50:43,9673.0,12005.0,46667.0,14165.0,16199.0,44172.0
2025-07-18_21:50:43,9674.0,12005.0,46667.0,14202.0,16199.0,44172.0
2025-07-18_21:50:44,9683.0,12005.0,46667.0,14170.0,16199.0,44172.0
2025-07-18_21:50:44,,,,14240.0,16199.0,44172.0
2025-07-18_21:50:48,3375.0,12005.0,46667.0,12185.0,16199.0,44172.0
2025-07-18_21:50:48,9671.0,12005.0,46667.0,13967.0,16199.0,44174.0
2025-07-18_21:50:48,9672.0,12005.0,46667.0,14170.0,16199.0,44174.0
2025-07-18_21:50:48,9904.0,12005.0,46667.0,14249.0,16199.0,44174.0
2025-07-18_21:50:48,9671.0,12005.0,46667.0,13988.0,16199.0,44174.0
2025-07-18_21:50:49,,,,13763.0,16199.0,44174.0
2025-07-18_21:50:52,3375.0,12005.0,46667.0,12175.0,16199.0,44174.0
2025-07-18_21:50:53,9671.0,12005.0,46667.0,13986.0,16199.0,44174.0
2025-07-18_21:50:53,9673.0,12005.0,46667.0,13978.0,16199.0,44174.0
2025-07-18_21:50:53,9664.0,12005.0,46667.0,13974.0,16199.0,44174.0
2025-07-18_21:50:53,9699.0,12005.0,46667.0,14135.0,16199.0,44174.0
2025-07-18_21:50:53,9668.0,12005.0,46667.0,14161.0,16199.0,44174.0
2025-07-18_21:50:54,9672.0,12005.0,46667.0,14163.0,16199.0,44174.0
2025-07-18_21:50:54,9689.0,12005.0,46667.0,14123.0,16199.0,44174.0
2025-07-18_21:50:54,,,,14284.0,16199.0,44174.0
2025-07-18_21:50:58,3358.0,12005.0,46667.0,12191.0,16199.0,44174.0
2025-07-18_21:50:58,9672.0,12005.0,46667.0,13968.0,16199.0,44174.0
2025-07-18_21:50:58,9828.0,12005.0,46667.0,14222.0,16199.0,44174.0
2025-07-18_21:50:58,9669.0,12005.0,46667.0,14238.0,16199.0,44174.0
2025-07-18_21:50:59,9693.0,12005.0,46667.0,14328.0,16199.0,44174.0
2025-07-18_21:50:59,9669.0,12005.0,46667.0,14162.0,16199.0,44174.0
2025-07-18_21:50:59,9778.0,12005.0,46667.0,13766.0,16199.0,44174.0
2025-07-18_21:50:59,,,,13766.0,16199.0,44174.0
2025-07-18_21:51:03,3377.0,12005.0,46667.0,12189.0,16199.0,44174.0
2025-07-18_21:51:03,9652.0,12005.0,46667.0,14103.0,16199.0,44174.0
2025-07-18_21:51:03,9672.0,12005.0,46667.0,14177.0,16199.0,44174.0
2025-07-18_21:51:04,9727.0,12005.0,46667.0,14254.0,16199.0,44174.0
2025-07-18_21:51:04,9674.0,12005.0,46667.0,13971.0,16199.0,44174.0
2025-07-18_21:51:04,9666.0,12005.0,46667.0,14171.0,16199.0,44174.0
2025-07-18_21:51:04,9799.0,12005.0,46667.0,14295.0,16199.0,44174.0
2025-07-18_21:51:05,,,,13999.0,16199.0,44174.0
2025-07-18_21:51:08,3319.0,12005.0,46667.0,12167.0,16199.0,44174.0
2025-07-18_21:51:08,9672.0,12005.0,46667.0,13974.0,16199.0,44181.0
2025-07-18_21:51:09,9696.0,12005.0,46667.0,13822.0,16199.0,44181.0
2025-07-18_21:51:09,9674.0,12005.0,46667.0,13981.0,16199.0,44181.0
2025-07-18_21:51:09,9186.0,12005.0,46667.0,13825.0,16199.0,44181.0
2025-07-18_21:51:09,9672.0,12005.0,46667.0,14174.0,16199.0,44181.0
2025-07-18_21:51:10,9522.0,12005.0,46667.0,13983.0,16199.0,44181.0
2025-07-18_21:51:10,9919.0,12005.0,46667.0,14389.0,16199.0,44181.0
2025-07-18_21:51:10,9880.0,12005.0,46667.0,14317.0,16199.0,44181.0
2025-07-18_21:51:10,9675.0,12005.0,46667.0,13977.0,16199.0,44181.0
2025-07-18_21:51:10,9676.0,12005.0,46667.0,13978.0,16199.0,44181.0
2025-07-18_21:51:11,9676.0,12005.0,46667.0,14156.0,16199.0,44181.0
2025-07-18_21:51:11,9669.0,12005.0,46667.0,14173.0,16199.0,44181.0
