2025-07-19_00:51:38,3424.0,3424.0,3424.0,4423.0,4423.0,4423.0
2025-07-19_00:51:38,,,,,,
2025-07-19_00:51:42,6959.0,7079.0,8404.0,3792.0,4443.0,5194.0
2025-07-19_00:51:42,9831.0,9945.0,12598.0,14362.0,14455.0,16743.0
2025-07-19_00:51:42,,,,,,
2025-07-19_00:51:46,,,,3793.0,14455.0,16743.0
2025-07-19_00:51:50,,,,,,
2025-07-19_00:51:54,,,,3792.0,14455.0,16743.0
2025-07-19_00:51:58,2778.0,9945.0,13151.0,12164.0,14747.0,21239.0
2025-07-19_00:51:58,9839.0,10288.0,17347.0,14342.0,14849.0,23070.0
2025-07-19_00:51:58,8676.0,10385.0,17911.0,14213.0,14867.0,24212.0
2025-07-19_00:51:58,9844.0,10483.0,19438.0,14049.0,14876.0,24913.0
2025-07-19_00:51:59,7999.0,10489.0,19562.0,13341.0,14877.0,25251.0
2025-07-19_00:52:00,2778.0,10489.0,19562.0,13262.0,14883.0,26239.0
2025-07-19_00:52:00,10126.0,10670.0,21326.0,14407.0,14999.0,26728.0
2025-07-19_00:52:00,8586.0,10679.0,21711.0,13838.0,14999.0,27295.0
2025-07-19_00:52:00,,,,14117.0,15001.0,28283.0
2025-07-19_00:52:04,3302.0,10680.0,21764.0,12189.0,15001.0,28319.0
2025-07-19_00:52:04,,,,,,
2025-07-19_00:52:08,6970.0,10681.0,21924.0,3792.0,15001.0,28422.0
2025-07-19_00:52:08,,,,14060.0,15001.0,28507.0
2025-07-19_00:52:12,3375.0,10688.0,22073.0,12194.0,15001.0,28525.0
2025-07-19_00:52:12,9664.0,10700.0,23442.0,14187.0,15001.0,28658.0
2025-07-19_00:52:12,,,,,,
2025-07-19_00:52:17,2778.0,10700.0,23442.0,3776.0,15001.0,28658.0
2025-07-19_00:52:17,,,,13812.0,15001.0,28760.0
2025-07-19_00:52:21,2778.0,10700.0,23442.0,12170.0,15001.0,28782.0
2025-07-19_00:52:21,8110.0,10710.0,23595.0,12883.0,15001.0,29160.0
2025-07-19_00:52:21,10004.0,10875.0,24297.0,14356.0,15004.0,29240.0
2025-07-19_00:52:21,9081.0,10880.0,24764.0,13841.0,15004.0,29517.0
2025-07-19_00:52:22,,,,14130.0,15004.0,29607.0
2025-07-19_00:52:25,3319.0,10880.0,24764.0,12192.0,15004.0,29629.0
2025-07-19_00:52:26,9969.0,10882.0,25614.0,14253.0,15004.0,30685.0
2025-07-19_00:52:26,9677.0,10884.0,26960.0,13788.0,15004.0,31514.0
2025-07-19_00:52:26,9772.0,10884.0,27098.0,14007.0,15004.0,31521.0
2025-07-19_00:52:26,9691.0,10888.0,27302.0,13887.0,15004.0,31531.0
2025-07-19_00:52:26,9811.0,10888.0,27331.0,14039.0,15004.0,31536.0
2025-07-19_00:52:27,,,,14148.0,15004.0,31558.0
2025-07-19_00:52:30,3302.0,10888.0,27331.0,12203.0,15004.0,31660.0
2025-07-19_00:52:31,10645.0,11278.0,28320.0,14797.0,15285.0,32112.0
2025-07-19_00:52:31,9593.0,11278.0,28358.0,14182.0,15288.0,32125.0
2025-07-19_00:52:31,9700.0,11278.0,28549.0,13977.0,15288.0,32146.0
2025-07-19_00:52:31,8516.0,11278.0,28626.0,13938.0,15288.0,32179.0
2025-07-19_00:52:31,10132.0,11292.0,28913.0,14517.0,15288.0,32517.0
2025-07-19_00:52:32,9923.0,11306.0,29382.0,14279.0,15331.0,32594.0
2025-07-19_00:52:32,,,,,,
2025-07-19_00:52:36,6969.0,11306.0,29394.0,3788.0,15331.0,32596.0
2025-07-19_00:52:36,10002.0,11311.0,29493.0,13983.0,15331.0,32616.0
2025-07-19_00:52:36,9899.0,11313.0,29614.0,14185.0,15331.0,32641.0
2025-07-19_00:52:36,,,,,,
2025-07-19_00:52:40,6969.0,11313.0,29650.0,3792.0,15331.0,32641.0
2025-07-19_00:52:40,9717.0,11316.0,29671.0,14043.0,15333.0,32664.0
2025-07-19_00:52:41,9441.0,11316.0,29750.0,13755.0,15333.0,32669.0
2025-07-19_00:52:41,9956.0,11317.0,29890.0,14381.0,15333.0,32716.0
2025-07-19_00:52:41,8599.0,11319.0,30130.0,13940.0,15333.0,32721.0
2025-07-19_00:52:41,9544.0,11325.0,30184.0,13969.0,15333.0,32731.0
2025-07-19_00:52:42,,,,13370.0,15337.0,33452.0
2025-07-19_00:52:45,2778.0,11325.0,30184.0,12197.0,15337.0,33452.0
2025-07-19_00:52:46,9194.0,11327.0,30242.0,13688.0,15337.0,33467.0
2025-07-19_00:52:46,10073.0,11342.0,31037.0,14176.0,15337.0,33833.0
2025-07-19_00:52:46,9810.0,11342.0,31060.0,14258.0,15339.0,33842.0
2025-07-19_00:52:46,,,,13898.0,15339.0,33842.0
2025-07-19_00:52:50,3358.0,11342.0,31060.0,12197.0,15339.0,33842.0
2025-07-19_00:52:50,8530.0,11343.0,31266.0,13833.0,15339.0,33846.0
2025-07-19_00:52:50,8658.0,11343.0,31323.0,14094.0,15339.0,33870.0
2025-07-19_00:52:51,9964.0,11349.0,31396.0,13969.0,15339.0,33886.0
2025-07-19_00:52:51,9627.0,11349.0,31411.0,13953.0,15339.0,33916.0
2025-07-19_00:52:51,9683.0,11349.0,31440.0,14087.0,15339.0,33920.0
2025-07-19_00:52:51,9463.0,11349.0,31503.0,14170.0,15339.0,33926.0
2025-07-19_00:52:51,8544.0,11349.0,31527.0,13840.0,15339.0,33936.0
2025-07-19_00:52:52,10208.0,11352.0,31570.0,14329.0,15339.0,33942.0
2025-07-19_00:52:52,8072.0,11352.0,31615.0,13050.0,15339.0,33948.0
2025-07-19_00:52:52,8971.0,11353.0,31643.0,14009.0,15339.0,33972.0
2025-07-19_00:52:52,9890.0,11356.0,31696.0,14351.0,15339.0,34000.0
2025-07-19_00:52:53,8543.0,11361.0,31868.0,14047.0,15339.0,34068.0
2025-07-19_00:52:53,8533.0,11361.0,31932.0,13812.0,15339.0,34080.0
2025-07-19_00:52:53,,,,14236.0,15339.0,34087.0
2025-07-19_00:52:57,3375.0,11361.0,31932.0,12196.0,15339.0,34088.0
2025-07-19_00:52:57,9546.0,11376.0,31961.0,14401.0,15339.0,34090.0
2025-07-19_00:52:57,8607.0,11376.0,32069.0,14096.0,15339.0,34090.0
2025-07-19_00:52:57,,,,,,
2025-07-19_00:53:01,6966.0,11376.0,32081.0,3793.0,15339.0,34090.0
2025-07-19_00:53:01,10033.0,11376.0,32205.0,14143.0,15339.0,34099.0
2025-07-19_00:53:02,9901.0,11377.0,32269.0,14349.0,15339.0,34167.0
2025-07-19_00:53:02,9873.0,11386.0,32301.0,14388.0,15339.0,34217.0
2025-07-19_00:53:02,9923.0,11386.0,32350.0,14553.0,15339.0,34229.0
2025-07-19_00:53:02,9825.0,11393.0,32491.0,14020.0,15339.0,34261.0
2025-07-19_00:53:02,8633.0,11393.0,32538.0,14343.0,15339.0,34268.0
2025-07-19_00:53:03,,,,14426.0,15346.0,34295.0
2025-07-19_00:53:07,2778.0,11393.0,32538.0,12200.0,15346.0,34295.0
2025-07-19_00:53:07,9357.0,11393.0,32559.0,14018.0,15346.0,34300.0
2025-07-19_00:53:07,,,,,,
2025-07-19_00:53:11,6966.0,11393.0,32564.0,3792.0,15346.0,34300.0
2025-07-19_00:53:11,9704.0,11393.0,32569.0,14137.0,15346.0,34308.0
2025-07-19_00:53:11,8661.0,11393.0,32645.0,14040.0,15346.0,34308.0
2025-07-19_00:53:11,10013.0,11401.0,33061.0,14502.0,15346.0,34665.0
2025-07-19_00:53:12,9190.0,11401.0,34060.0,13783.0,15346.0,34762.0
2025-07-19_00:53:12,9897.0,11401.0,34091.0,14080.0,15346.0,34797.0
2025-07-19_00:53:12,9636.0,11401.0,34219.0,14077.0,15353.0,35103.0
2025-07-19_00:53:12,,,,13732.0,15355.0,35110.0
2025-07-19_00:53:16,2778.0,11401.0,34219.0,12190.0,15355.0,35110.0
2025-07-19_00:53:16,8599.0,11401.0,34237.0,14214.0,15355.0,35111.0
2025-07-19_00:53:17,,,,13817.0,15355.0,35113.0
2025-07-19_00:53:20,3319.0,11401.0,34237.0,12193.0,15355.0,35120.0
2025-07-19_00:53:20,9657.0,11401.0,34239.0,14183.0,15355.0,35121.0
2025-07-19_00:53:21,9069.0,11401.0,34243.0,13792.0,15355.0,35126.0
2025-07-19_00:53:21,,,,,,
2025-07-19_00:53:25,6963.0,11401.0,34251.0,3792.0,15355.0,35126.0
2025-07-19_00:53:25,,,,13972.0,15355.0,35130.0
2025-07-19_00:53:29,3358.0,11401.0,34255.0,12156.0,15355.0,35135.0
2025-07-19_00:53:29,,,,,,
2025-07-19_00:53:33,6975.0,11401.0,34255.0,3786.0,15355.0,35135.0
2025-07-19_00:53:33,,,,,,
2025-07-19_00:53:37,6953.0,11401.0,34257.0,3793.0,15355.0,35135.0
2025-07-19_00:53:37,,,,,,
2025-07-19_00:53:41,6970.0,11401.0,34257.0,3793.0,15355.0,35135.0
2025-07-19_00:53:41,9871.0,11403.0,34292.0,14229.0,15355.0,35197.0
2025-07-19_00:53:41,,,,11878.0,15355.0,36520.0
2025-07-19_00:53:45,2778.0,11403.0,34292.0,12190.0,15355.0,36523.0
2025-07-19_00:53:45,9668.0,11403.0,34302.0,14098.0,15355.0,36529.0
2025-07-19_00:53:45,,,,13936.0,15355.0,36530.0
2025-07-19_00:53:49,3319.0,11403.0,34302.0,12197.0,15355.0,36534.0
2025-07-19_00:53:49,9188.0,11403.0,34304.0,14030.0,15355.0,36545.0
2025-07-19_00:53:49,,,,,,
2025-07-19_00:53:54,2780.0,11403.0,34304.0,3776.0,15355.0,36545.0
2025-07-19_00:53:54,9843.0,11403.0,34314.0,14208.0,15355.0,36550.0
2025-07-19_00:53:54,9896.0,11403.0,34381.0,14083.0,15356.0,37249.0
2025-07-19_00:53:55,9929.0,11407.0,34396.0,14327.0,15356.0,37251.0
2025-07-19_00:53:55,,,,14004.0,15356.0,37261.0
2025-07-19_00:53:59,3375.0,11407.0,34396.0,12194.0,15356.0,37261.0
2025-07-19_00:53:59,9666.0,11407.0,34420.0,13974.0,15356.0,37263.0
2025-07-19_00:53:59,,,,,,
2025-07-19_00:54:03,6968.0,11407.0,34422.0,3786.0,15356.0,37263.0
2025-07-19_00:54:03,9848.0,11407.0,34475.0,14003.0,15356.0,37265.0
2025-07-19_00:54:03,9539.0,11407.0,34500.0,13968.0,15356.0,37266.0
2025-07-19_00:54:03,9709.0,11407.0,34513.0,14325.0,15356.0,37269.0
2025-07-19_00:54:04,9850.0,11408.0,34515.0,14041.0,15356.0,37271.0
2025-07-19_00:54:04,9464.0,11411.0,34529.0,14112.0,15356.0,37273.0
2025-07-19_00:54:04,,,,14280.0,15356.0,37278.0
2025-07-19_00:54:08,3358.0,11411.0,34529.0,12188.0,15356.0,37278.0
2025-07-19_00:54:08,,,,14385.0,15356.0,37284.0
2025-07-19_00:54:12,,,,,,
2025-07-19_00:54:16,6955.0,11411.0,34529.0,3795.0,15356.0,37284.0
2025-07-19_00:54:16,8633.0,11411.0,34540.0,14216.0,15356.0,37286.0
2025-07-19_00:54:16,10144.0,11411.0,34550.0,14459.0,15356.0,37308.0
2025-07-19_00:54:16,,,,14179.0,15356.0,37333.0
2025-07-19_00:54:20,2778.0,11411.0,34550.0,12192.0,15356.0,37333.0
2025-07-19_00:54:20,8589.0,11411.0,34567.0,13828.0,15356.0,37335.0
2025-07-19_00:54:20,,,,13975.0,15356.0,37340.0
2025-07-19_00:54:24,3319.0,11411.0,34567.0,12202.0,15356.0,37341.0
2025-07-19_00:54:24,,,,13062.0,15356.0,37473.0
2025-07-19_00:54:28,2778.0,11411.0,34567.0,12165.0,15356.0,37473.0
2025-07-19_00:54:28,9884.0,11411.0,34581.0,14104.0,15356.0,37488.0
2025-07-19_00:54:29,9803.0,11411.0,34584.0,14002.0,15356.0,37491.0
2025-07-19_00:54:29,9182.0,11411.0,34584.0,13787.0,15356.0,37494.0
2025-07-19_00:54:29,9163.0,11411.0,34594.0,13610.0,15356.0,37499.0
2025-07-19_00:54:29,8662.0,11411.0,34599.0,14185.0,15356.0,37503.0
2025-07-19_00:54:29,9669.0,11411.0,34599.0,13986.0,15356.0,37503.0
2025-07-19_00:54:30,9183.0,11411.0,34599.0,13981.0,15356.0,37503.0
2025-07-19_00:54:30,9634.0,11411.0,34607.0,14072.0,15356.0,37503.0
2025-07-19_00:54:30,9681.0,11411.0,34610.0,14181.0,15356.0,37503.0
2025-07-19_00:54:30,10234.0,11411.0,34629.0,14693.0,15356.0,37507.0
2025-07-19_00:54:31,9830.0,11411.0,34629.0,14270.0,15356.0,37510.0
2025-07-19_00:54:31,8551.0,11411.0,34629.0,13665.0,15356.0,37511.0
2025-07-19_00:54:31,9817.0,11411.0,34629.0,14161.0,15356.0,37511.0
2025-07-19_00:54:31,8560.0,11411.0,34637.0,14098.0,15356.0,37512.0
2025-07-19_00:54:31,,,,,,
2025-07-19_00:54:35,6962.0,11411.0,34638.0,3792.0,15356.0,37512.0
2025-07-19_00:54:36,9838.0,11411.0,34641.0,14331.0,15356.0,37512.0
2025-07-19_00:54:36,9768.0,11411.0,34653.0,14189.0,15356.0,37512.0
2025-07-19_00:54:36,,,,,,
2025-07-19_00:54:40,6969.0,11411.0,34653.0,3792.0,15356.0,37512.0
2025-07-19_00:54:40,8670.0,11411.0,34680.0,14083.0,15356.0,37512.0
2025-07-19_00:54:40,9715.0,11411.0,34696.0,14069.0,15356.0,37513.0
2025-07-19_00:54:40,10198.0,11411.0,34708.0,14321.0,15356.0,37516.0
2025-07-19_00:54:41,9934.0,11411.0,34712.0,14395.0,15356.0,37517.0
2025-07-19_00:54:41,8117.0,11411.0,34731.0,13232.0,15356.0,37526.0
2025-07-19_00:54:41,9848.0,11411.0,34736.0,14268.0,15356.0,37534.0
2025-07-19_00:54:41,10084.0,11411.0,34742.0,14596.0,15356.0,37535.0
2025-07-19_00:54:42,9661.0,11411.0,34744.0,14163.0,15356.0,37538.0
2025-07-19_00:54:42,9886.0,11415.0,34946.0,14080.0,15356.0,37543.0
2025-07-19_00:54:42,9037.0,11415.0,34952.0,13816.0,15356.0,37543.0
2025-07-19_00:54:42,9953.0,11415.0,35136.0,14299.0,15356.0,37549.0
2025-07-19_00:54:43,,,,,,
2025-07-19_00:54:46,6964.0,11415.0,35137.0,3793.0,15356.0,37549.0
2025-07-19_00:54:47,9644.0,11420.0,35153.0,14112.0,15356.0,37550.0
2025-07-19_00:54:47,10241.0,11420.0,35166.0,14306.0,15356.0,37556.0
2025-07-19_00:54:47,9439.0,11420.0,35166.0,14272.0,15356.0,37565.0
2025-07-19_00:54:47,9608.0,11420.0,35178.0,14067.0,15356.0,37567.0
2025-07-19_00:54:47,8650.0,11420.0,35225.0,14081.0,15356.0,37569.0
2025-07-19_00:54:48,8541.0,11420.0,35235.0,14051.0,15356.0,37569.0
2025-07-19_00:54:48,8735.0,11420.0,35298.0,14089.0,15356.0,37687.0
2025-07-19_00:54:48,,,,14090.0,15356.0,37691.0
2025-07-19_00:54:52,3358.0,11420.0,35298.0,12186.0,15356.0,37691.0
2025-07-19_00:54:52,9656.0,11420.0,35301.0,14098.0,15356.0,37697.0
2025-07-19_00:54:52,,,,14209.0,15356.0,37700.0
2025-07-19_00:54:56,3358.0,11420.0,35301.0,12175.0,15356.0,37700.0
2025-07-19_00:54:56,9885.0,11420.0,35303.0,14342.0,15356.0,37700.0
2025-07-19_00:54:56,9937.0,11420.0,35343.0,14209.0,15356.0,37700.0
2025-07-19_00:54:57,9994.0,11426.0,35358.0,14051.0,15356.0,37701.0
2025-07-19_00:54:57,9808.0,11428.0,35361.0,14226.0,15356.0,37702.0
2025-07-19_00:54:57,9664.0,11428.0,35370.0,13974.0,15356.0,37705.0
2025-07-19_00:54:57,,,,13838.0,15356.0,37727.0
2025-07-19_00:55:01,3319.0,11428.0,35370.0,12193.0,15356.0,37727.0
2025-07-19_00:55:01,9627.0,11428.0,35371.0,14100.0,15356.0,37734.0
2025-07-19_00:55:01,9856.0,11431.0,35382.0,13988.0,15356.0,37735.0
2025-07-19_00:55:02,,,,,,
2025-07-19_00:55:05,6965.0,11431.0,35382.0,3793.0,15356.0,37735.0
2025-07-19_00:55:06,,,,,,
2025-07-19_00:55:09,6964.0,11431.0,35382.0,3792.0,15356.0,37735.0
2025-07-19_00:55:10,9677.0,11431.0,35383.0,14170.0,15356.0,37743.0
2025-07-19_00:55:10,8068.0,11431.0,35414.0,13049.0,15356.0,37744.0
2025-07-19_00:55:10,9787.0,11431.0,35418.0,14315.0,15356.0,37749.0
2025-07-19_00:55:10,9637.0,11431.0,35420.0,14297.0,15356.0,37751.0
2025-07-19_00:55:10,9657.0,11431.0,35424.0,14323.0,15356.0,37751.0
2025-07-19_00:55:11,8646.0,11432.0,35461.0,14178.0,15356.0,37801.0
2025-07-19_00:55:11,9781.0,11432.0,35463.0,14172.0,15356.0,37803.0
2025-07-19_00:55:11,9627.0,11432.0,35463.0,14018.0,15356.0,37805.0
2025-07-19_00:55:11,8540.0,11432.0,35468.0,14142.0,15356.0,37808.0
2025-07-19_00:55:12,8510.0,11432.0,35513.0,13230.0,15356.0,37809.0
2025-07-19_00:55:12,9818.0,11432.0,35523.0,14301.0,15356.0,37813.0
2025-07-19_00:55:12,9807.0,11432.0,35526.0,14506.0,15356.0,37818.0
2025-07-19_00:55:12,9846.0,11432.0,35527.0,13858.0,15356.0,37819.0
2025-07-19_00:55:13,9683.0,11432.0,35527.0,13971.0,15356.0,37819.0
2025-07-19_00:55:13,9426.0,11432.0,35527.0,14014.0,15356.0,37820.0
2025-07-19_00:55:13,8057.0,11432.0,35528.0,13090.0,15356.0,37820.0
2025-07-19_00:55:13,8348.0,11432.0,35533.0,13901.0,15356.0,37820.0
2025-07-19_00:55:13,10390.0,11435.0,35870.0,14683.0,15356.0,38075.0
2025-07-19_00:55:14,9655.0,11435.0,35870.0,14262.0,15356.0,38079.0
2025-07-19_00:55:14,,,,13762.0,15356.0,38080.0
2025-07-19_00:55:17,3319.0,11435.0,35870.0,12194.0,15356.0,38080.0
2025-07-19_00:55:18,9609.0,11435.0,35871.0,14096.0,15356.0,38080.0
2025-07-19_00:55:18,8521.0,11435.0,35879.0,13805.0,15356.0,38088.0
2025-07-19_00:55:18,9701.0,11435.0,35879.0,14091.0,15356.0,38093.0
2025-07-19_00:55:18,,,,14108.0,15356.0,38108.0
2025-07-19_00:55:22,3375.0,11435.0,35879.0,12190.0,15356.0,38108.0
2025-07-19_00:55:22,,,,13257.0,15356.0,38109.0
2025-07-19_00:55:26,2778.0,11435.0,35879.0,12167.0,15356.0,38109.0
2025-07-19_00:55:26,9818.0,11435.0,35881.0,14225.0,15356.0,38114.0
2025-07-19_00:55:26,9960.0,11435.0,35900.0,14215.0,15356.0,38115.0
2025-07-19_00:55:27,8534.0,11435.0,35909.0,14103.0,15356.0,38115.0
2025-07-19_00:55:27,9901.0,11435.0,35912.0,14555.0,15356.0,38126.0
2025-07-19_00:55:27,9572.0,11435.0,35912.0,14195.0,15356.0,38127.0
2025-07-19_00:55:27,9674.0,11435.0,35912.0,14161.0,15356.0,38128.0
2025-07-19_00:55:28,,,,,,
2025-07-19_00:55:32,2778.0,11435.0,35912.0,3776.0,15356.0,38128.0
2025-07-19_00:55:32,10182.0,11435.0,35914.0,14311.0,15356.0,38128.0
2025-07-19_00:55:32,,,,,,
2025-07-19_00:55:36,6967.0,11435.0,35914.0,3793.0,15356.0,38128.0
2025-07-19_00:55:37,8540.0,11435.0,35916.0,14190.0,15356.0,38129.0
2025-07-19_00:55:37,8057.0,11435.0,35916.0,13046.0,15356.0,38129.0
2025-07-19_00:55:37,10116.0,11435.0,35942.0,14318.0,15356.0,38131.0
2025-07-19_00:55:37,9799.0,11435.0,35947.0,14504.0,15356.0,38133.0
2025-07-19_00:55:37,9690.0,11435.0,35948.0,14173.0,15356.0,38133.0
2025-07-19_00:55:38,9665.0,11435.0,35948.0,14279.0,15356.0,38133.0
2025-07-19_00:55:38,8533.0,11435.0,35948.0,13801.0,15356.0,38138.0
2025-07-19_00:55:38,9758.0,11435.0,35948.0,14480.0,15356.0,38138.0
2025-07-19_00:55:38,10379.0,11435.0,36026.0,14065.0,15359.0,38186.0
2025-07-19_00:55:39,9887.0,11435.0,36026.0,14124.0,15359.0,38189.0
2025-07-19_00:55:39,9657.0,11435.0,36026.0,14104.0,15359.0,38190.0
2025-07-19_00:55:39,,,,,,
2025-07-19_00:55:43,6963.0,11435.0,36026.0,3793.0,15359.0,38190.0
2025-07-19_00:55:43,9669.0,11435.0,36042.0,14117.0,15359.0,38191.0
2025-07-19_00:55:43,,,,,,
2025-07-19_00:55:47,6965.0,11435.0,36042.0,3793.0,15359.0,38191.0
2025-07-19_00:55:47,9512.0,11435.0,36043.0,14011.0,15359.0,38192.0
2025-07-19_00:55:47,9732.0,11435.0,36058.0,14157.0,15359.0,38205.0
2025-07-19_00:55:48,9236.0,11435.0,36075.0,13940.0,15359.0,38205.0
2025-07-19_00:55:48,,,,13798.0,15359.0,38207.0
2025-07-19_00:55:52,3302.0,11435.0,36075.0,12188.0,15359.0,38207.0
2025-07-19_00:55:52,9485.0,11435.0,36079.0,13980.0,15359.0,38218.0
2025-07-19_00:55:52,9320.0,11435.0,36081.0,14014.0,15359.0,38223.0
2025-07-19_00:55:52,9683.0,11435.0,36081.0,13972.0,15359.0,38223.0
2025-07-19_00:55:52,9691.0,11435.0,36081.0,14164.0,15359.0,38223.0
2025-07-19_00:55:53,,,,,,
2025-07-19_00:55:56,6968.0,11435.0,36081.0,3787.0,15359.0,38223.0
2025-07-19_00:55:57,,,,13980.0,15359.0,38224.0
2025-07-19_00:56:00,3375.0,11435.0,36081.0,12165.0,15359.0,38224.0
2025-07-19_00:56:01,9725.0,11435.0,36081.0,14308.0,15359.0,38230.0
2025-07-19_00:56:01,9251.0,11435.0,36082.0,13979.0,15359.0,38230.0
2025-07-19_00:56:01,,,,14262.0,15359.0,38244.0
2025-07-19_00:56:05,3358.0,11435.0,36082.0,12194.0,15359.0,38244.0
2025-07-19_00:56:05,,,,,,
2025-07-19_00:56:09,6971.0,11435.0,36082.0,3793.0,15359.0,38244.0
2025-07-19_00:56:09,9683.0,11435.0,36083.0,14177.0,15359.0,38244.0
2025-07-19_00:56:09,9652.0,11435.0,36083.0,14268.0,15359.0,38244.0
2025-07-19_00:56:10,9646.0,11435.0,36083.0,14103.0,15359.0,38246.0
2025-07-19_00:56:10,9788.0,11435.0,36086.0,14217.0,15359.0,38246.0
2025-07-19_00:56:10,,,,14144.0,15359.0,38247.0
2025-07-19_00:56:14,3319.0,11435.0,36086.0,12199.0,15359.0,38247.0
2025-07-19_00:56:14,10155.0,11435.0,36087.0,14371.0,15359.0,38249.0
2025-07-19_00:56:14,8707.0,11435.0,36102.0,14080.0,15359.0,38249.0
2025-07-19_00:56:15,9822.0,11435.0,36105.0,14204.0,15359.0,38249.0
2025-07-19_00:56:15,9910.0,11435.0,36108.0,14100.0,15359.0,38249.0
2025-07-19_00:56:15,8663.0,11435.0,36768.0,14222.0,15359.0,38274.0
2025-07-19_00:56:15,9656.0,11435.0,36768.0,13971.0,15359.0,38275.0
2025-07-19_00:56:15,9647.0,11435.0,36768.0,14216.0,15359.0,38276.0
2025-07-19_00:56:16,,,,,,
2025-07-19_00:56:19,6965.0,11435.0,36768.0,3787.0,15359.0,38276.0
2025-07-19_00:56:20,9695.0,11435.0,36785.0,14170.0,15359.0,38305.0
2025-07-19_00:56:20,9594.0,11435.0,36790.0,14217.0,15359.0,38306.0
2025-07-19_00:56:20,9689.0,11436.0,36792.0,13973.0,15359.0,38306.0
2025-07-19_00:56:20,9899.0,11436.0,36796.0,14364.0,15359.0,38307.0
2025-07-19_00:56:21,9806.0,11436.0,36798.0,14115.0,15359.0,38310.0
2025-07-19_00:56:21,9716.0,11436.0,36799.0,14055.0,15359.0,38310.0
2025-07-19_00:56:21,9467.0,11436.0,36799.0,14109.0,15359.0,38310.0
2025-07-19_00:56:21,9181.0,11436.0,36799.0,14123.0,15359.0,38328.0
2025-07-19_00:56:22,9673.0,11436.0,36799.0,14274.0,15359.0,38328.0
2025-07-19_00:56:22,,,,13976.0,15359.0,38336.0
2025-07-19_00:56:25,3358.0,11436.0,36799.0,12159.0,15359.0,38336.0
2025-07-19_00:56:26,,,,13943.0,15359.0,38336.0
2025-07-19_00:56:29,3375.0,11436.0,36799.0,12191.0,15359.0,38336.0
2025-07-19_00:56:30,9675.0,11436.0,36801.0,13959.0,15359.0,38336.0
2025-07-19_00:56:30,9663.0,11436.0,36801.0,14110.0,15359.0,38337.0
2025-07-19_00:56:30,9575.0,11436.0,36803.0,14190.0,15359.0,38337.0
2025-07-19_00:56:30,9202.0,11436.0,36806.0,13990.0,15359.0,38337.0
2025-07-19_00:56:30,9469.0,11436.0,36808.0,14134.0,15359.0,38343.0
2025-07-19_00:56:31,9680.0,11436.0,36808.0,14013.0,15359.0,38345.0
2025-07-19_00:56:31,,,,13939.0,15359.0,38345.0
2025-07-19_00:56:35,3319.0,11436.0,36808.0,12184.0,15359.0,38345.0
2025-07-19_00:56:35,,,,13768.0,15359.0,38346.0
2025-07-19_00:56:39,3319.0,11436.0,36808.0,12164.0,15359.0,38346.0
2025-07-19_00:56:39,9879.0,11436.0,36811.0,14375.0,15359.0,38347.0
2025-07-19_00:56:39,9739.0,11436.0,36811.0,14206.0,15359.0,38347.0
2025-07-19_00:56:39,9170.0,11436.0,36811.0,13831.0,15359.0,38352.0
2025-07-19_00:56:39,9726.0,11436.0,36814.0,14080.0,15359.0,38353.0
2025-07-19_00:56:40,,,,,,
2025-07-19_00:56:43,6967.0,11436.0,36814.0,3792.0,15359.0,38353.0
2025-07-19_00:56:44,9597.0,11436.0,36816.0,13796.0,15359.0,38353.0
2025-07-19_00:56:44,,,,,,
2025-07-19_00:56:48,6967.0,11436.0,36816.0,3793.0,15359.0,38353.0
2025-07-19_00:56:48,9894.0,11436.0,36817.0,14301.0,15359.0,38353.0
2025-07-19_00:56:48,9653.0,11436.0,36817.0,14323.0,15359.0,38354.0
2025-07-19_00:56:48,,,,,,
2025-07-19_00:56:52,6967.0,11436.0,36818.0,3793.0,15359.0,38354.0
2025-07-19_00:56:52,9329.0,11436.0,36818.0,13866.0,15359.0,38354.0
2025-07-19_00:56:53,9309.0,11437.0,36820.0,13948.0,15359.0,38354.0
2025-07-19_00:56:53,9595.0,11437.0,36820.0,14200.0,15359.0,38354.0
2025-07-19_00:56:53,,,,13940.0,15359.0,38356.0
2025-07-19_00:56:57,3319.0,11437.0,36820.0,12163.0,15359.0,38356.0
2025-07-19_00:56:57,9929.0,11437.0,36823.0,14369.0,15359.0,38364.0
2025-07-19_00:56:57,9401.0,11437.0,36832.0,14102.0,15359.0,38364.0
2025-07-19_00:56:57,,,,,,
2025-07-19_00:57:01,6968.0,11437.0,36845.0,3793.0,15359.0,38364.0
2025-07-19_00:57:02,9579.0,11437.0,36849.0,14180.0,15359.0,38365.0
2025-07-19_00:57:02,,,,11875.0,15359.0,38365.0
2025-07-19_00:57:06,2778.0,11437.0,36849.0,12195.0,15359.0,38367.0
2025-07-19_00:57:06,9602.0,11437.0,36849.0,14009.0,15359.0,38367.0
2025-07-19_00:57:06,9629.0,11437.0,36888.0,14166.0,15359.0,38368.0
2025-07-19_00:57:06,,,,,,
2025-07-19_00:57:10,6959.0,11437.0,36888.0,3793.0,15359.0,38368.0
2025-07-19_00:57:10,9916.0,11437.0,36892.0,14234.0,15359.0,38368.0
2025-07-19_00:57:11,,,,13983.0,15359.0,38369.0
2025-07-19_00:57:14,3358.0,11437.0,36892.0,12190.0,15359.0,38369.0
2025-07-19_00:57:14,8697.0,11437.0,36901.0,14190.0,15359.0,38369.0
2025-07-19_00:57:15,9666.0,11437.0,36901.0,14103.0,15359.0,38369.0
2025-07-19_00:57:15,9670.0,11437.0,36901.0,13976.0,15359.0,38369.0
2025-07-19_00:57:15,9679.0,11437.0,36901.0,14013.0,15359.0,38369.0
2025-07-19_00:57:15,9677.0,11437.0,36901.0,13986.0,15359.0,38369.0
2025-07-19_00:57:16,9595.0,11437.0,36902.0,14206.0,15359.0,38369.0
2025-07-19_00:57:16,,,,14367.0,15359.0,38369.0
2025-07-19_00:57:19,3358.0,11437.0,36902.0,12182.0,15359.0,38369.0
2025-07-19_00:57:20,9750.0,11437.0,36903.0,14287.0,15359.0,38370.0
2025-07-19_00:57:20,10237.0,11437.0,36904.0,13860.0,15359.0,38377.0
2025-07-19_00:57:20,9592.0,11437.0,36904.0,13986.0,15359.0,38377.0
2025-07-19_00:57:20,9743.0,11437.0,36905.0,14252.0,15359.0,38377.0
2025-07-19_00:57:21,,,,,,
2025-07-19_00:57:24,6965.0,11437.0,36905.0,3793.0,15359.0,38377.0
2025-07-19_00:57:25,9669.0,11437.0,36926.0,13783.0,15359.0,38377.0
2025-07-19_00:57:25,9795.0,11437.0,36928.0,13843.0,15359.0,38380.0
2025-07-19_00:57:25,9912.0,11437.0,36939.0,14392.0,15359.0,38382.0
2025-07-19_00:57:25,9669.0,11437.0,36939.0,14160.0,15359.0,38382.0
2025-07-19_00:57:25,10008.0,11437.0,36948.0,14562.0,15359.0,38384.0
2025-07-19_00:57:26,9684.0,11437.0,36948.0,14179.0,15359.0,38385.0
2025-07-19_00:57:26,,,,,,
2025-07-19_00:57:30,6960.0,11437.0,36948.0,3793.0,15359.0,38385.0
2025-07-19_00:57:30,9945.0,11437.0,36950.0,13813.0,15359.0,38386.0
2025-07-19_00:57:30,9312.0,11460.0,36999.0,13918.0,15359.0,38386.0
2025-07-19_00:57:30,9877.0,11460.0,37008.0,13784.0,15359.0,38386.0
2025-07-19_00:57:31,9848.0,11460.0,37018.0,14039.0,15359.0,38394.0
2025-07-19_00:57:31,,,,,,
2025-07-19_00:57:35,6964.0,11460.0,37018.0,3792.0,15359.0,38394.0
2025-07-19_00:57:35,9056.0,11460.0,37034.0,13828.0,15359.0,38397.0
2025-07-19_00:57:35,,,,14247.0,15359.0,38398.0
2025-07-19_00:57:39,2778.0,11460.0,37034.0,12188.0,15359.0,38398.0
2025-07-19_00:57:39,10096.0,11460.0,37045.0,14239.0,15359.0,38400.0
2025-07-19_00:57:39,8628.0,11460.0,37091.0,14489.0,15359.0,38408.0
2025-07-19_00:57:40,,,,13982.0,15359.0,38409.0
2025-07-19_00:57:43,3375.0,11460.0,37091.0,12190.0,15359.0,38409.0
2025-07-19_00:57:43,9688.0,11460.0,37091.0,14008.0,15359.0,38409.0
2025-07-19_00:57:44,9597.0,11460.0,37091.0,14209.0,15359.0,38410.0
2025-07-19_00:57:44,9541.0,11460.0,37099.0,14170.0,15359.0,38410.0
2025-07-19_00:57:44,9967.0,11460.0,37099.0,14394.0,15359.0,38411.0
2025-07-19_00:57:44,9646.0,11460.0,37101.0,14297.0,15359.0,38411.0
2025-07-19_00:57:45,,,,13247.0,15359.0,38435.0
2025-07-19_00:57:48,2778.0,11460.0,37101.0,12189.0,15359.0,38435.0
2025-07-19_00:57:49,9672.0,11460.0,37101.0,13974.0,15359.0,38435.0
2025-07-19_00:57:49,9680.0,11460.0,37102.0,14192.0,15359.0,38437.0
2025-07-19_00:57:49,9770.0,11460.0,37103.0,14209.0,15359.0,38438.0
2025-07-19_00:57:49,10409.0,11460.0,37119.0,14768.0,15359.0,38439.0
2025-07-19_00:57:50,,,,14336.0,15359.0,38439.0
2025-07-19_00:57:53,3375.0,11460.0,37119.0,12180.0,15359.0,38439.0
2025-07-19_00:57:53,9326.0,11460.0,37119.0,13866.0,15359.0,38442.0
2025-07-19_00:57:54,9671.0,11460.0,37120.0,14110.0,15359.0,38442.0
2025-07-19_00:57:54,,,,14859.0,15359.0,38489.0
2025-07-19_00:57:58,2778.0,11460.0,37120.0,12165.0,15359.0,38489.0
2025-07-19_00:57:58,9953.0,11460.0,37123.0,14358.0,15359.0,38508.0
2025-07-19_00:57:58,9506.0,11460.0,37124.0,14109.0,15359.0,38508.0
2025-07-19_00:57:58,9940.0,11460.0,37127.0,14569.0,15359.0,38510.0
2025-07-19_00:57:59,,,,,,
2025-07-19_00:58:03,2780.0,11460.0,37127.0,3776.0,15359.0,38510.0
2025-07-19_00:58:03,9653.0,11460.0,37127.0,13990.0,15359.0,38539.0
2025-07-19_00:58:04,9673.0,11460.0,37127.0,13956.0,15359.0,38540.0
2025-07-19_00:58:04,,,,,,
2025-07-19_00:58:08,6963.0,11460.0,37127.0,3793.0,15359.0,38540.0
2025-07-19_00:58:08,9857.0,11460.0,37127.0,14261.0,15359.0,38542.0
2025-07-19_00:58:08,8550.0,11460.0,37130.0,13891.0,15359.0,38542.0
2025-07-19_00:58:08,,,,13823.0,15359.0,38542.0
2025-07-19_00:58:12,3375.0,11460.0,37130.0,12194.0,15359.0,38542.0
2025-07-19_00:58:12,8532.0,11460.0,37136.0,13909.0,15359.0,38547.0
2025-07-19_00:58:12,,,,14413.0,15359.0,38548.0
2025-07-19_00:58:16,2778.0,11460.0,37136.0,12193.0,15359.0,38549.0
2025-07-19_00:58:16,9858.0,11462.0,37138.0,14240.0,15359.0,38551.0
2025-07-19_00:58:17,9672.0,11462.0,37138.0,13987.0,15359.0,38551.0
2025-07-19_00:58:17,,,,13805.0,15359.0,38558.0
2025-07-19_00:58:21,3304.0,11462.0,37138.0,12197.0,15359.0,38558.0
2025-07-19_00:58:21,8648.0,11462.0,37146.0,14177.0,15359.0,38558.0
2025-07-19_00:58:21,,,,,,
2025-07-19_00:58:25,6969.0,11462.0,37146.0,3787.0,15359.0,38558.0
2025-07-19_00:58:25,9050.0,11462.0,37172.0,13984.0,15359.0,38558.0
2025-07-19_00:58:25,9644.0,11462.0,37172.0,14048.0,15359.0,38558.0
2025-07-19_00:58:26,9525.0,11462.0,37172.0,14110.0,15359.0,38560.0
2025-07-19_00:58:26,9033.0,11462.0,37172.0,13782.0,15359.0,38563.0
2025-07-19_00:58:26,8614.0,11462.0,37175.0,14283.0,15359.0,38563.0
2025-07-19_00:58:26,9004.0,11462.0,37175.0,13832.0,15359.0,38565.0
2025-07-19_00:58:26,,,,14003.0,15359.0,38566.0
2025-07-19_00:58:30,3302.0,11462.0,37175.0,12172.0,15359.0,38566.0
2025-07-19_00:58:30,10068.0,11462.0,37176.0,14528.0,15359.0,38568.0
2025-07-19_00:58:31,9828.0,11462.0,37206.0,14134.0,15359.0,38568.0
2025-07-19_00:58:31,,,,13043.0,15359.0,38619.0
2025-07-19_00:58:35,2778.0,11462.0,37206.0,12192.0,15359.0,38621.0
2025-07-19_00:58:35,8621.0,11462.0,37213.0,14209.0,15359.0,38621.0
2025-07-19_00:58:35,9262.0,11462.0,37215.0,13695.0,15359.0,38621.0
2025-07-19_00:58:35,,,,,,
2025-07-19_00:58:39,6967.0,11462.0,37218.0,3793.0,15359.0,38621.0
2025-07-19_00:58:39,9606.0,11462.0,37218.0,14194.0,15359.0,38621.0
2025-07-19_00:58:40,9503.0,11462.0,37218.0,14132.0,15359.0,38622.0
2025-07-19_00:58:40,,,,,,
2025-07-19_00:58:44,6968.0,11462.0,37218.0,3786.0,15359.0,38622.0
2025-07-19_00:58:44,8663.0,11462.0,37224.0,14198.0,15359.0,38622.0
2025-07-19_00:58:45,2778.0,11462.0,37224.0,12170.0,15359.0,38622.0
2025-07-19_00:58:45,9656.0,11462.0,37224.0,13989.0,15359.0,38622.0
2025-07-19_00:58:45,9878.0,11462.0,37225.0,13868.0,15359.0,38623.0
2025-07-19_00:58:45,,,,14321.0,15359.0,38625.0
2025-07-19_00:58:49,2780.0,11462.0,37225.0,12172.0,15359.0,38625.0
2025-07-19_00:58:49,9936.0,11462.0,37267.0,14512.0,15359.0,38630.0
2025-07-19_00:58:50,,,,,,
2025-07-19_00:58:53,6963.0,11462.0,37267.0,3792.0,15359.0,38630.0
2025-07-19_00:58:54,9993.0,11462.0,37267.0,14543.0,15359.0,38638.0
2025-07-19_00:58:54,,,,14053.0,15359.0,38638.0
2025-07-19_00:58:58,2778.0,11462.0,37267.0,12186.0,15359.0,38638.0
2025-07-19_00:58:58,10144.0,11462.0,37270.0,14042.0,15359.0,38638.0
2025-07-19_00:58:58,9673.0,11463.0,37272.0,14102.0,15359.0,38640.0
2025-07-19_00:58:58,9838.0,11463.0,37289.0,14033.0,15359.0,38647.0
2025-07-19_00:58:59,10145.0,11463.0,37385.0,14031.0,15359.0,38948.0
2025-07-19_00:58:59,9853.0,11463.0,37386.0,14129.0,15359.0,38953.0
2025-07-19_00:58:59,9132.0,11463.0,37387.0,14025.0,15359.0,38954.0
2025-07-19_00:58:59,,,,,,
2025-07-19_00:59:03,6967.0,11463.0,37387.0,3793.0,15359.0,38954.0
2025-07-19_00:59:03,10111.0,11465.0,37393.0,14081.0,15359.0,38954.0
2025-07-19_00:59:04,9847.0,11465.0,37393.0,13739.0,15359.0,38955.0
2025-07-19_00:59:04,9971.0,11465.0,37393.0,13989.0,15359.0,38955.0
2025-07-19_00:59:04,10404.0,11465.0,37714.0,14511.0,15401.0,39077.0
2025-07-19_00:59:04,9673.0,11465.0,37714.0,13978.0,15401.0,39077.0
2025-07-19_00:59:05,9660.0,11465.0,37714.0,14276.0,15401.0,39077.0
2025-07-19_00:59:05,9008.0,11465.0,37714.0,14115.0,15401.0,39078.0
2025-07-19_00:59:05,9598.0,11465.0,37714.0,14244.0,15401.0,39082.0
2025-07-19_00:59:05,10022.0,11465.0,37726.0,14417.0,15401.0,39083.0
2025-07-19_00:59:05,9659.0,11465.0,37726.0,14118.0,15401.0,39083.0
2025-07-19_00:59:06,8570.0,11465.0,37728.0,14123.0,15401.0,39084.0
2025-07-19_00:59:06,,,,,,
2025-07-19_00:59:10,6967.0,11465.0,37728.0,3792.0,15401.0,39084.0
2025-07-19_00:59:10,9490.0,11465.0,37728.0,14237.0,15401.0,39089.0
2025-07-19_00:59:10,,,,13950.0,15401.0,39091.0
2025-07-19_00:59:14,2778.0,11465.0,37728.0,12182.0,15401.0,39092.0
2025-07-19_00:59:14,,,,14032.0,15401.0,39092.0
2025-07-19_00:59:18,3358.0,11465.0,37728.0,12187.0,15401.0,39092.0
2025-07-19_00:59:18,9383.0,11465.0,37731.0,14084.0,15401.0,39092.0
2025-07-19_00:59:18,9930.0,11465.0,37731.0,14111.0,15401.0,39092.0
2025-07-19_00:59:19,8573.0,11465.0,37740.0,14016.0,15401.0,39096.0
2025-07-19_00:59:19,9142.0,11465.0,37740.0,14006.0,15401.0,39096.0
2025-07-19_00:59:19,9208.0,11465.0,37746.0,14194.0,15401.0,39096.0
2025-07-19_00:59:19,9255.0,11465.0,37746.0,13935.0,15401.0,39097.0
2025-07-19_00:59:19,,,,,,
2025-07-19_00:59:23,6964.0,11465.0,37747.0,3792.0,15401.0,39097.0
2025-07-19_00:59:23,9872.0,11465.0,37749.0,14207.0,15401.0,39097.0
2025-07-19_00:59:24,,,,,,
2025-07-19_00:59:27,6967.0,11465.0,37749.0,3786.0,15401.0,39097.0
2025-07-19_00:59:28,9871.0,11465.0,37750.0,14014.0,15401.0,39099.0
2025-07-19_00:59:28,,,,,,
2025-07-19_00:59:32,6964.0,11465.0,37750.0,3793.0,15401.0,39099.0
2025-07-19_00:59:32,8515.0,11465.0,37750.0,13786.0,15401.0,39099.0
2025-07-19_00:59:32,,,,,,
2025-07-19_00:59:37,2778.0,11465.0,37750.0,3776.0,15401.0,39099.0
2025-07-19_00:59:37,9893.0,11465.0,37750.0,14088.0,15401.0,39101.0
2025-07-19_00:59:37,,,,14144.0,15401.0,39128.0
2025-07-19_00:59:41,2778.0,11465.0,37750.0,12186.0,15401.0,39128.0
2025-07-19_00:59:41,9006.0,11465.0,37752.0,14013.0,15401.0,39132.0
2025-07-19_00:59:41,9595.0,11465.0,37752.0,14106.0,15401.0,39132.0
2025-07-19_00:59:41,10304.0,11465.0,37753.0,14395.0,15401.0,39132.0
2025-07-19_00:59:42,10090.0,11466.0,37783.0,14242.0,15401.0,39132.0
2025-07-19_00:59:42,8482.0,11466.0,37785.0,13889.0,15401.0,39132.0
2025-07-19_00:59:42,9845.0,11466.0,37788.0,14053.0,15401.0,39136.0
2025-07-19_00:59:42,9977.0,11466.0,37812.0,14378.0,15401.0,39136.0
2025-07-19_00:59:43,8535.0,11466.0,37813.0,13811.0,15401.0,39136.0
2025-07-19_00:59:43,9601.0,11466.0,37813.0,14183.0,15401.0,39136.0
2025-07-19_00:59:43,,,,13622.0,15401.0,39138.0
2025-07-19_00:59:47,2778.0,11466.0,37813.0,12192.0,15401.0,39138.0
2025-07-19_00:59:47,,,,,,
2025-07-19_00:59:51,6967.0,11466.0,37813.0,3793.0,15401.0,39138.0
2025-07-19_00:59:51,,,,,,
2025-07-19_00:59:55,6968.0,11466.0,37813.0,3792.0,15401.0,39138.0
2025-07-19_00:59:55,9699.0,11466.0,37817.0,13796.0,15401.0,39138.0
2025-07-19_00:59:55,10323.0,11466.0,37912.0,14467.0,15401.0,39143.0
2025-07-19_00:59:56,8677.0,11466.0,37912.0,14361.0,15401.0,39143.0
2025-07-19_00:59:56,9219.0,11466.0,37912.0,14114.0,15401.0,39143.0
2025-07-19_00:59:56,9671.0,11466.0,37912.0,13795.0,15401.0,39143.0
2025-07-19_00:59:56,10346.0,11466.0,37916.0,14115.0,15401.0,39143.0
2025-07-19_00:59:57,,,,14085.0,15401.0,39144.0
2025-07-19_01:00:00,3319.0,11466.0,37916.0,12185.0,15401.0,39144.0
2025-07-19_01:00:00,9894.0,11466.0,37916.0,14257.0,15401.0,39147.0
2025-07-19_01:00:01,9811.0,11466.0,37916.0,14032.0,15401.0,39163.0
2025-07-19_01:00:01,9562.0,11466.0,37939.0,14292.0,15401.0,39163.0
2025-07-19_01:00:01,9844.0,11466.0,37985.0,14056.0,15401.0,39163.0
2025-07-19_01:00:01,8603.0,11466.0,37985.0,14025.0,15401.0,39163.0
2025-07-19_01:00:02,,,,,,
2025-07-19_01:00:05,6964.0,11466.0,37985.0,3793.0,15401.0,39163.0
2025-07-19_01:00:06,,,,,,
2025-07-19_01:00:09,6969.0,11466.0,37985.0,3792.0,15401.0,39163.0
2025-07-19_01:00:10,9650.0,11466.0,37985.0,14289.0,15401.0,39163.0
2025-07-19_01:00:10,9257.0,11466.0,37985.0,13799.0,15401.0,39163.0
2025-07-19_01:00:10,9952.0,11466.0,37990.0,13950.0,15401.0,39163.0
2025-07-19_01:00:10,9822.0,11466.0,37991.0,14268.0,15401.0,39165.0
2025-07-19_01:00:11,2778.0,11466.0,37991.0,12190.0,15401.0,39166.0
2025-07-19_01:00:11,9600.0,11466.0,37991.0,14182.0,15401.0,39167.0
2025-07-19_01:00:12,,,,,,
2025-07-19_01:00:15,6969.0,11466.0,37991.0,3792.0,15401.0,39167.0
2025-07-19_01:00:16,7970.0,11466.0,37991.0,13049.0,15401.0,39167.0
2025-07-19_01:00:16,,,,,,
2025-07-19_01:00:20,6967.0,11466.0,38014.0,3793.0,15401.0,39167.0
2025-07-19_01:00:20,9669.0,11466.0,38014.0,14120.0,15401.0,39167.0
2025-07-19_01:00:20,9601.0,11466.0,38014.0,14220.0,15401.0,39167.0
2025-07-19_01:00:20,9668.0,11466.0,38014.0,14170.0,15401.0,39167.0
2025-07-19_01:00:21,10286.0,11466.0,38014.0,14394.0,15401.0,39184.0
2025-07-19_01:00:21,10087.0,11466.0,38044.0,14391.0,15403.0,39196.0
2025-07-19_01:00:21,9944.0,11467.0,38045.0,13992.0,15403.0,39196.0
2025-07-19_01:00:21,,,,,,
2025-07-19_01:00:25,6967.0,11467.0,38045.0,3793.0,15403.0,39196.0
2025-07-19_01:00:25,10426.0,11467.0,38045.0,14722.0,15403.0,39213.0
2025-07-19_01:00:25,8929.0,11467.0,38046.0,13786.0,15403.0,39213.0
2025-07-19_01:00:26,,,,,,
2025-07-19_01:00:29,6963.0,11467.0,38046.0,3793.0,15403.0,39213.0
2025-07-19_01:00:30,9841.0,11467.0,38046.0,14033.0,15403.0,39213.0
2025-07-19_01:00:30,8531.0,11467.0,38046.0,13804.0,15403.0,39214.0
2025-07-19_01:00:30,9807.0,11467.0,38057.0,14029.0,15403.0,39214.0
2025-07-19_01:00:30,9703.0,11467.0,38063.0,14296.0,15403.0,39214.0
2025-07-19_01:00:30,10175.0,11467.0,38112.0,14579.0,15403.0,39219.0
2025-07-19_01:00:31,9798.0,11467.0,38112.0,14608.0,15403.0,39220.0
2025-07-19_01:00:31,9550.0,11467.0,38113.0,14250.0,15403.0,39220.0
2025-07-19_01:00:31,9681.0,11467.0,38113.0,13807.0,15403.0,39220.0
2025-07-19_01:00:31,,,,,,
2025-07-19_01:00:35,6960.0,11467.0,38113.0,3793.0,15403.0,39220.0
2025-07-19_01:00:35,9518.0,11467.0,38119.0,14098.0,15403.0,39220.0
2025-07-19_01:00:36,9886.0,11467.0,38125.0,14358.0,15403.0,39220.0
2025-07-19_01:00:36,9673.0,11467.0,38125.0,13973.0,15403.0,39220.0
2025-07-19_01:00:36,8634.0,11467.0,38130.0,14225.0,15403.0,39220.0
2025-07-19_01:00:36,9954.0,11467.0,38132.0,14296.0,15403.0,39220.0
2025-07-19_01:00:36,10120.0,11467.0,38133.0,14287.0,15403.0,39221.0
2025-07-19_01:00:37,9651.0,11467.0,38133.0,14573.0,15403.0,39222.0
2025-07-19_01:00:37,8567.0,11467.0,38134.0,14059.0,15403.0,39222.0
2025-07-19_01:00:37,9675.0,11467.0,38138.0,13978.0,15403.0,39222.0
2025-07-19_01:00:37,,,,14265.0,15403.0,39223.0
2025-07-19_01:00:41,2778.0,11467.0,38138.0,12191.0,15403.0,39223.0
2025-07-19_01:00:41,9671.0,11467.0,38138.0,13977.0,15403.0,39223.0
2025-07-19_01:00:42,,,,13638.0,15403.0,39223.0
2025-07-19_01:00:45,3321.0,11467.0,38138.0,12186.0,15403.0,39230.0
2025-07-19_01:00:46,9926.0,11467.0,38141.0,14370.0,15403.0,39273.0
2025-07-19_01:00:46,9649.0,11467.0,38141.0,14101.0,15403.0,39273.0
2025-07-19_01:00:46,9705.0,11467.0,38142.0,14269.0,15403.0,39273.0
2025-07-19_01:00:46,9574.0,11467.0,38143.0,14192.0,15403.0,39273.0
2025-07-19_01:00:46,10172.0,11467.0,38146.0,14312.0,15403.0,39274.0
2025-07-19_01:00:47,,,,,,
2025-07-19_01:00:50,6963.0,11467.0,38146.0,3793.0,15403.0,39274.0
2025-07-19_01:00:51,10340.0,11467.0,38153.0,14664.0,15403.0,39275.0
2025-07-19_01:00:51,9800.0,11467.0,38153.0,14435.0,15403.0,39336.0
2025-07-19_01:00:51,,,,13794.0,15403.0,39336.0
2025-07-19_01:00:55,3302.0,11467.0,38153.0,12189.0,15403.0,39336.0
2025-07-19_01:00:55,9650.0,11467.0,38153.0,14289.0,15403.0,39336.0
2025-07-19_01:00:55,,,,,,
2025-07-19_01:00:59,6952.0,11467.0,38153.0,3793.0,15403.0,39336.0
2025-07-19_01:00:59,9669.0,11467.0,38153.0,13974.0,15403.0,39336.0
2025-07-19_01:00:59,,,,14120.0,15403.0,39337.0
2025-07-19_01:01:03,2778.0,11467.0,38153.0,12186.0,15403.0,39337.0
2025-07-19_01:01:04,9682.0,11467.0,38153.0,14182.0,15403.0,39337.0
2025-07-19_01:01:04,9590.0,11467.0,38153.0,14097.0,15403.0,39337.0
2025-07-19_01:01:04,9640.0,11467.0,38153.0,14103.0,15403.0,39337.0
2025-07-19_01:01:04,9953.0,11467.0,38155.0,14021.0,15403.0,39337.0
2025-07-19_01:01:04,9687.0,11467.0,38155.0,14176.0,15403.0,39337.0
2025-07-19_01:01:05,8566.0,11467.0,38167.0,13959.0,15403.0,39337.0
2025-07-19_01:01:05,9807.0,11467.0,38167.0,14235.0,15403.0,39344.0
2025-07-19_01:01:05,10057.0,11467.0,38168.0,14310.0,15403.0,39345.0
2025-07-19_01:01:05,10066.0,11467.0,38190.0,14434.0,15403.0,39351.0
2025-07-19_01:01:06,9516.0,11467.0,38196.0,14224.0,15403.0,39352.0
2025-07-19_01:01:06,,,,,,
2025-07-19_01:01:10,6967.0,11467.0,38196.0,3787.0,15403.0,39352.0
2025-07-19_01:01:10,9631.0,11467.0,38196.0,14280.0,15403.0,39352.0
2025-07-19_01:01:10,10026.0,11467.0,38196.0,14326.0,15403.0,39352.0
2025-07-19_01:01:10,9616.0,11467.0,38196.0,13982.0,15403.0,39354.0
2025-07-19_01:01:10,8619.0,11467.0,38196.0,14088.0,15403.0,39354.0
2025-07-19_01:01:11,9707.0,11467.0,38199.0,14112.0,15403.0,39354.0
2025-07-19_01:01:11,,,,13803.0,15403.0,39354.0
2025-07-19_01:01:14,3302.0,11467.0,38199.0,12197.0,15403.0,39354.0
2025-07-19_01:01:15,,,,13782.0,15403.0,39354.0
2025-07-19_01:01:18,3321.0,11467.0,38199.0,12160.0,15403.0,39360.0
2025-07-19_01:01:19,,,,13984.0,15403.0,39360.0
2025-07-19_01:01:22,3375.0,11467.0,38199.0,12188.0,15403.0,39360.0
2025-07-19_01:01:23,9862.0,11467.0,38199.0,14216.0,15403.0,39364.0
2025-07-19_01:01:23,9680.0,11467.0,38199.0,14166.0,15403.0,39364.0
2025-07-19_01:01:23,9651.0,11467.0,38204.0,14086.0,15403.0,39364.0
2025-07-19_01:01:23,9579.0,11467.0,38205.0,14259.0,15403.0,39368.0
2025-07-19_01:01:23,9931.0,11467.0,38208.0,14195.0,15403.0,39368.0
2025-07-19_01:01:24,8075.0,11469.0,38215.0,13126.0,15403.0,39374.0
2025-07-19_01:01:24,9819.0,11469.0,38225.0,14030.0,15403.0,39374.0
2025-07-19_01:01:24,,,,11874.0,15403.0,39374.0
2025-07-19_01:01:28,2778.0,11469.0,38225.0,12191.0,15403.0,39374.0
2025-07-19_01:01:28,8553.0,11469.0,38227.0,13822.0,15403.0,39377.0
2025-07-19_01:01:28,10025.0,11469.0,38230.0,14262.0,15403.0,39377.0
2025-07-19_01:01:29,9507.0,11469.0,38230.0,14393.0,15403.0,39377.0
2025-07-19_01:01:29,10224.0,11469.0,38237.0,14157.0,15403.0,39377.0
2025-07-19_01:01:29,10142.0,11469.0,38246.0,14375.0,15403.0,39380.0
2025-07-19_01:01:29,9673.0,11469.0,38246.0,14171.0,15403.0,39380.0
2025-07-19_01:01:30,9834.0,11469.0,38248.0,14380.0,15403.0,39380.0
2025-07-19_01:01:30,9793.0,11469.0,38248.0,14194.0,15403.0,39380.0
2025-07-19_01:01:30,9675.0,11469.0,38251.0,14083.0,15403.0,39380.0
2025-07-19_01:01:30,,,,13966.0,15403.0,39380.0
2025-07-19_01:01:34,3319.0,11469.0,38251.0,12186.0,15403.0,39380.0
2025-07-19_01:01:34,8627.0,11469.0,38251.0,13963.0,15403.0,39380.0
2025-07-19_01:01:34,,,,13993.0,15403.0,39380.0
2025-07-19_01:01:38,3319.0,11469.0,38251.0,12188.0,15403.0,39380.0
2025-07-19_01:01:38,9688.0,11469.0,38251.0,14180.0,15403.0,39380.0
2025-07-19_01:01:38,10086.0,11469.0,38252.0,14531.0,15403.0,39380.0
2025-07-19_01:01:39,9611.0,11469.0,38252.0,14194.0,15403.0,39380.0
2025-07-19_01:01:39,9671.0,11469.0,38252.0,14361.0,15403.0,39380.0
2025-07-19_01:01:39,10380.0,11481.0,38283.0,14212.0,15403.0,39380.0
2025-07-19_01:01:40,2778.0,11481.0,38283.0,12161.0,15403.0,39380.0
2025-07-19_01:01:40,,,,13836.0,15403.0,39381.0
2025-07-19_01:01:44,3302.0,11481.0,38283.0,12203.0,15403.0,39381.0
2025-07-19_01:01:44,9593.0,11481.0,38283.0,14173.0,15403.0,39381.0
2025-07-19_01:01:44,9594.0,11481.0,38283.0,14006.0,15403.0,39381.0
2025-07-19_01:01:44,9798.0,11481.0,38284.0,14102.0,15403.0,39381.0
2025-07-19_01:01:45,,,,14094.0,15403.0,39382.0
2025-07-19_01:01:49,2778.0,11481.0,38284.0,12183.0,15403.0,39382.0
2025-07-19_01:01:49,9431.0,11481.0,38284.0,13973.0,15403.0,39382.0
2025-07-19_01:01:49,,,,,,
2025-07-19_01:01:53,6967.0,11481.0,38284.0,3795.0,15403.0,39382.0
2025-07-19_01:01:53,9723.0,11481.0,38289.0,14034.0,15403.0,39382.0
2025-07-19_01:01:53,9602.0,11481.0,38291.0,13998.0,15403.0,39383.0
2025-07-19_01:01:54,9764.0,11481.0,38291.0,14226.0,15403.0,39383.0
2025-07-19_01:01:54,9853.0,11481.0,38291.0,13841.0,15403.0,39384.0
2025-07-19_01:01:54,,,,14337.0,15403.0,39384.0
2025-07-19_01:01:58,2778.0,11481.0,38291.0,12198.0,15403.0,39384.0
2025-07-19_01:01:58,9605.0,11481.0,38291.0,14178.0,15403.0,39385.0
2025-07-19_01:01:58,,,,,,
2025-07-19_01:02:02,6953.0,11481.0,38291.0,3793.0,15403.0,39385.0
2025-07-19_01:02:02,,,,,,
2025-07-19_01:02:06,6960.0,11481.0,38292.0,3792.0,15403.0,39385.0
2025-07-19_01:02:06,9708.0,11481.0,38295.0,14112.0,15403.0,39390.0
2025-07-19_01:02:06,,,,13940.0,15403.0,39390.0
2025-07-19_01:02:10,3317.0,11481.0,38295.0,12192.0,15403.0,39390.0
2025-07-19_01:02:10,8531.0,11481.0,38296.0,13935.0,15403.0,39390.0
2025-07-19_01:02:11,,,,13080.0,15403.0,39390.0
2025-07-19_01:02:15,2778.0,11481.0,38296.0,12193.0,15403.0,39390.0
2025-07-19_01:02:15,10229.0,11481.0,38302.0,14393.0,15403.0,39392.0
2025-07-19_01:02:15,9992.0,11481.0,38311.0,14198.0,15403.0,39392.0
2025-07-19_01:02:15,9682.0,11481.0,38311.0,14134.0,15403.0,39392.0
2025-07-19_01:02:15,9624.0,11481.0,38311.0,14215.0,15403.0,39396.0
2025-07-19_01:02:16,8512.0,11481.0,38311.0,13306.0,15403.0,39397.0
2025-07-19_01:02:16,9642.0,11481.0,38312.0,14060.0,15403.0,39397.0
2025-07-19_01:02:16,9869.0,11484.0,38319.0,13981.0,15403.0,39397.0
2025-07-19_01:02:16,9589.0,11484.0,38319.0,13979.0,15403.0,39397.0
2025-07-19_01:02:17,9200.0,11484.0,38320.0,13831.0,15403.0,39397.0
2025-07-19_01:02:17,9669.0,11484.0,38320.0,13954.0,15403.0,39397.0
2025-07-19_01:02:17,9214.0,11484.0,38320.0,13806.0,15403.0,39397.0
2025-07-19_01:02:17,9686.0,11484.0,38320.0,14286.0,15403.0,39397.0
2025-07-19_01:02:17,9171.0,11484.0,38320.0,14008.0,15403.0,39397.0
2025-07-19_01:02:18,,,,14085.0,15403.0,39397.0
2025-07-19_01:02:21,3319.0,11484.0,38320.0,12186.0,15403.0,39397.0
2025-07-19_01:02:22,9654.0,11484.0,38320.0,14099.0,15403.0,39397.0
2025-07-19_01:02:22,9816.0,11484.0,38322.0,13811.0,15403.0,39397.0
2025-07-19_01:02:22,,,,13794.0,15403.0,39397.0
2025-07-19_01:02:26,3319.0,11484.0,38322.0,12191.0,15403.0,39397.0
2025-07-19_01:02:26,9512.0,11484.0,38330.0,13864.0,15403.0,39397.0
2025-07-19_01:02:26,,,,,,
2025-07-19_01:02:30,6969.0,11484.0,38330.0,3794.0,15403.0,39397.0
2025-07-19_01:02:30,9873.0,11484.0,38330.0,14059.0,15403.0,39397.0
2025-07-19_01:02:30,8703.0,11484.0,38332.0,14096.0,15403.0,39397.0
2025-07-19_01:02:31,9824.0,11484.0,38332.0,14246.0,15403.0,39397.0
2025-07-19_01:02:31,,,,,,
2025-07-19_01:02:35,6961.0,11484.0,38332.0,3793.0,15403.0,39397.0
2025-07-19_01:02:35,,,,13792.0,15403.0,39397.0
2025-07-19_01:02:39,3304.0,11484.0,38332.0,12192.0,15403.0,39397.0
2025-07-19_01:02:39,9845.0,11484.0,38332.0,14206.0,15403.0,39398.0
2025-07-19_01:02:39,,,,,,
2025-07-19_01:02:43,6970.0,11484.0,38348.0,3793.0,15403.0,39398.0
2025-07-19_01:02:43,9869.0,11484.0,38354.0,14104.0,15403.0,39399.0
2025-07-19_01:02:43,9664.0,11484.0,38355.0,14033.0,15403.0,39405.0
2025-07-19_01:02:44,9954.0,11484.0,38355.0,14149.0,15403.0,39406.0
2025-07-19_01:02:44,9683.0,11484.0,38355.0,13966.0,15403.0,39406.0
2025-07-19_01:02:44,9223.0,11484.0,38355.0,14118.0,15403.0,39406.0
2025-07-19_01:02:44,9608.0,11484.0,38356.0,13995.0,15403.0,39406.0
2025-07-19_01:02:44,9816.0,11484.0,38384.0,14268.0,15403.0,39406.0
2025-07-19_01:02:45,,,,,,
2025-07-19_01:02:48,6964.0,11484.0,38384.0,3793.0,15403.0,39406.0
2025-07-19_01:02:49,9225.0,11484.0,38387.0,13920.0,15403.0,39406.0
2025-07-19_01:02:49,9214.0,11484.0,38389.0,14021.0,15403.0,39406.0
2025-07-19_01:02:49,8634.0,11484.0,38391.0,14082.0,15403.0,39406.0
2025-07-19_01:02:49,8083.0,11484.0,38393.0,13229.0,15403.0,39406.0
2025-07-19_01:02:50,9817.0,11484.0,38393.0,14043.0,15403.0,39406.0
2025-07-19_01:02:50,10012.0,11484.0,38435.0,14283.0,15403.0,39406.0
2025-07-19_01:02:50,8527.0,11484.0,38435.0,14088.0,15403.0,39406.0
2025-07-19_01:02:50,10032.0,11484.0,38435.0,14378.0,15403.0,39406.0
2025-07-19_01:02:50,9694.0,11484.0,38436.0,13983.0,15403.0,39406.0
2025-07-19_01:02:51,,,,,,
2025-07-19_01:02:55,2778.0,11484.0,38436.0,3776.0,15403.0,39406.0
2025-07-19_01:02:55,9978.0,11484.0,38444.0,14171.0,15403.0,39406.0
2025-07-19_01:02:55,10282.0,11484.0,38444.0,14493.0,15403.0,39406.0
2025-07-19_01:02:56,9670.0,11484.0,38444.0,13960.0,15403.0,39406.0
2025-07-19_01:02:56,10067.0,11484.0,38444.0,14228.0,15403.0,39406.0
2025-07-19_01:02:56,9445.0,11484.0,38444.0,14385.0,15403.0,39406.0
2025-07-19_01:02:56,9635.0,11484.0,38444.0,14318.0,15403.0,39406.0
2025-07-19_01:02:56,10065.0,11484.0,38562.0,14515.0,15403.0,39492.0
2025-07-19_01:02:57,,,,,,
2025-07-19_01:03:01,6968.0,11484.0,38562.0,3793.0,15403.0,39492.0
2025-07-19_01:03:01,,,,13778.0,15403.0,39494.0
2025-07-19_01:03:05,3302.0,11484.0,38562.0,12176.0,15403.0,39494.0
2025-07-19_01:03:05,9836.0,11484.0,38562.0,14013.0,15403.0,39495.0
2025-07-19_01:03:05,9786.0,11484.0,38562.0,14018.0,15403.0,39499.0
2025-07-19_01:03:05,10206.0,11484.0,38565.0,14533.0,15403.0,39499.0
2025-07-19_01:03:05,9668.0,11484.0,38565.0,13793.0,15403.0,39499.0
2025-07-19_01:03:06,9947.0,11484.0,38575.0,14346.0,15403.0,39499.0
2025-07-19_01:03:06,9471.0,11484.0,38575.0,13799.0,15403.0,39500.0
2025-07-19_01:03:06,9214.0,11484.0,38575.0,13792.0,15403.0,39500.0
2025-07-19_01:03:06,,,,,,
2025-07-19_01:03:10,6965.0,11484.0,38583.0,3793.0,15403.0,39500.0
2025-07-19_01:03:10,9950.0,11484.0,38602.0,14581.0,15403.0,39504.0
2025-07-19_01:03:11,9894.0,11484.0,38674.0,14011.0,15403.0,39504.0
2025-07-19_01:03:11,,,,,,
2025-07-19_01:03:15,6969.0,11484.0,38674.0,3793.0,15403.0,39504.0
2025-07-19_01:03:15,,,,14059.0,15403.0,39504.0
2025-07-19_01:03:18,3302.0,11484.0,38674.0,12185.0,15403.0,39504.0
2025-07-19_01:03:19,9676.0,11484.0,38674.0,13982.0,15403.0,39504.0
2025-07-19_01:03:19,9451.0,11484.0,38676.0,14053.0,15403.0,39511.0
2025-07-19_01:03:19,9995.0,11484.0,38683.0,14059.0,15403.0,39514.0
2025-07-19_01:03:19,7953.0,11484.0,38688.0,13048.0,15403.0,39514.0
2025-07-19_01:03:20,7978.0,11484.0,38688.0,13259.0,15403.0,39521.0
2025-07-19_01:03:20,,,,,,
2025-07-19_01:03:24,6969.0,11484.0,38688.0,3793.0,15403.0,39521.0
2025-07-19_01:03:24,9226.0,11484.0,38688.0,14105.0,15403.0,39521.0
2025-07-19_01:03:24,9992.0,11484.0,38732.0,14645.0,15403.0,39521.0
2025-07-19_01:03:25,2778.0,11484.0,38732.0,12152.0,15403.0,39521.0
2025-07-19_01:03:25,9896.0,11484.0,38733.0,14277.0,15403.0,39522.0
2025-07-19_01:03:25,,,,,,
2025-07-19_01:03:29,6963.0,11484.0,38733.0,3787.0,15403.0,39522.0
2025-07-19_01:03:29,9944.0,11484.0,38739.0,14355.0,15403.0,39524.0
2025-07-19_01:03:30,10032.0,11484.0,38740.0,14383.0,15403.0,39524.0
2025-07-19_01:03:30,,,,,,
2025-07-19_01:03:34,6971.0,11484.0,38740.0,3792.0,15403.0,39524.0
2025-07-19_01:03:34,9877.0,11484.0,38740.0,13969.0,15403.0,39524.0
2025-07-19_01:03:34,9678.0,11484.0,38740.0,14164.0,15403.0,39525.0
2025-07-19_01:03:34,,,,13035.0,15403.0,39525.0
2025-07-19_01:03:38,2778.0,11484.0,38740.0,12165.0,15403.0,39525.0
2025-07-19_01:03:38,10004.0,11484.0,38740.0,14337.0,15403.0,39526.0
2025-07-19_01:03:39,8583.0,11484.0,38741.0,14084.0,15403.0,39529.0
2025-07-19_01:03:39,9599.0,11484.0,38741.0,13984.0,15403.0,39535.0
2025-07-19_01:03:39,9858.0,11484.0,38741.0,13980.0,15403.0,39535.0
2025-07-19_01:03:39,8604.0,11484.0,38744.0,14307.0,15403.0,39537.0
2025-07-19_01:03:40,8137.0,11484.0,38746.0,13263.0,15403.0,39537.0
2025-07-19_01:03:40,10045.0,11484.0,38857.0,14299.0,15403.0,39538.0
2025-07-19_01:03:40,9807.0,11484.0,38857.0,13972.0,15403.0,39538.0
2025-07-19_01:03:40,9597.0,11484.0,38857.0,13966.0,15403.0,39538.0
2025-07-19_01:03:40,8643.0,11484.0,38858.0,14085.0,15403.0,39538.0
2025-07-19_01:03:41,9897.0,11484.0,38861.0,14011.0,15403.0,39538.0
2025-07-19_01:03:41,7949.0,11484.0,38861.0,13054.0,15403.0,39538.0
2025-07-19_01:03:41,10171.0,11485.0,38870.0,14297.0,15403.0,39538.0
2025-07-19_01:03:41,10573.0,11485.0,38899.0,14157.0,15403.0,39570.0
2025-07-19_01:03:42,9668.0,11485.0,38899.0,14197.0,15403.0,39572.0
2025-07-19_01:03:42,9985.0,11485.0,38899.0,13985.0,15403.0,39572.0
2025-07-19_01:03:42,10297.0,11485.0,38901.0,14615.0,15403.0,39575.0
2025-07-19_01:03:42,9207.0,11485.0,38917.0,14172.0,15403.0,39576.0
2025-07-19_01:03:43,7996.0,11485.0,38919.0,13049.0,15403.0,39576.0
2025-07-19_01:03:43,9897.0,11485.0,38921.0,13976.0,15403.0,39577.0
2025-07-19_01:03:43,9680.0,11485.0,38923.0,13960.0,15403.0,39577.0
2025-07-19_01:03:43,8502.0,11485.0,38923.0,13048.0,15403.0,39577.0
2025-07-19_01:03:43,8555.0,11485.0,38923.0,13835.0,15403.0,39578.0
2025-07-19_01:03:44,,,,13987.0,15403.0,39578.0
2025-07-19_01:03:47,3319.0,11485.0,38923.0,12190.0,15403.0,39578.0
2025-07-19_01:03:48,8644.0,11485.0,38929.0,14085.0,15403.0,39581.0
2025-07-19_01:03:48,8513.0,11485.0,38930.0,13993.0,15403.0,39581.0
2025-07-19_01:03:48,,,,13825.0,15403.0,39581.0
2025-07-19_01:03:52,3375.0,11485.0,38930.0,12190.0,15403.0,39581.0
2025-07-19_01:03:52,8919.0,11485.0,38930.0,13806.0,15403.0,39582.0
2025-07-19_01:03:52,9982.0,11485.0,38931.0,14025.0,15403.0,39585.0
2025-07-19_01:03:52,10171.0,11485.0,38932.0,14044.0,15403.0,39586.0
2025-07-19_01:03:53,9950.0,11485.0,38965.0,13939.0,15403.0,39586.0
2025-07-19_01:03:53,,,,,,
2025-07-19_01:03:57,6965.0,11485.0,38965.0,3792.0,15403.0,39586.0
2025-07-19_01:03:57,10211.0,11485.0,38966.0,14320.0,15403.0,39586.0
2025-07-19_01:03:57,,,,13996.0,15403.0,39587.0
2025-07-19_01:04:01,2778.0,11485.0,38966.0,12187.0,15403.0,39590.0
2025-07-19_01:04:01,8008.0,11485.0,38969.0,13314.0,15403.0,39590.0
2025-07-19_01:04:02,9709.0,11485.0,39016.0,14022.0,15403.0,39590.0
2025-07-19_01:04:02,8121.0,11485.0,39017.0,13082.0,15403.0,39590.0
2025-07-19_01:04:02,8050.0,11485.0,39018.0,13342.0,15403.0,39591.0
2025-07-19_01:04:02,10181.0,11485.0,39023.0,14320.0,15403.0,39607.0
2025-07-19_01:04:02,7957.0,11485.0,39023.0,13050.0,15403.0,39607.0
2025-07-19_01:04:03,9900.0,11485.0,39024.0,13981.0,15403.0,39607.0
2025-07-19_01:04:03,9672.0,11485.0,39024.0,14167.0,15403.0,39607.0
2025-07-19_01:04:03,7954.0,11485.0,39024.0,13049.0,15403.0,39607.0
2025-07-19_01:04:03,9467.0,11485.0,39024.0,14015.0,15403.0,39607.0
2025-07-19_01:04:04,,,,11871.0,15403.0,39611.0
2025-07-19_01:04:07,2778.0,11485.0,39024.0,12193.0,15403.0,39611.0
2025-07-19_01:04:08,,,,14222.0,15403.0,39611.0
2025-07-19_01:04:11,3319.0,11485.0,39024.0,12159.0,15403.0,39611.0
2025-07-19_01:04:11,9941.0,11485.0,39024.0,14004.0,15403.0,39632.0
2025-07-19_01:04:12,9183.0,11485.0,39026.0,13911.0,15403.0,39632.0
2025-07-19_01:04:12,8099.0,11486.0,39028.0,13082.0,15403.0,39633.0
2025-07-19_01:04:12,7984.0,11486.0,39028.0,13232.0,15403.0,39633.0
2025-07-19_01:04:12,,,,13990.0,15403.0,39633.0
2025-07-19_01:04:16,3302.0,11486.0,39028.0,12183.0,15403.0,39633.0
2025-07-19_01:04:16,9974.0,11486.0,39029.0,14387.0,15403.0,39633.0
2025-07-19_01:04:16,8601.0,11486.0,39030.0,14088.0,15403.0,39633.0
2025-07-19_01:04:17,8530.0,11486.0,39030.0,13807.0,15403.0,39633.0
2025-07-19_01:04:17,8028.0,11486.0,39030.0,12872.0,15403.0,39644.0
2025-07-19_01:04:17,,,,13787.0,15403.0,39644.0
2025-07-19_01:04:21,3375.0,11486.0,39030.0,12185.0,15403.0,39644.0
2025-07-19_01:04:21,7952.0,11486.0,39030.0,12840.0,15403.0,39644.0
2025-07-19_01:04:21,7959.0,11486.0,39031.0,12836.0,15403.0,39645.0
2025-07-19_01:04:22,7961.0,11486.0,39031.0,13227.0,15403.0,39645.0
2025-07-19_01:04:22,8509.0,11486.0,39047.0,14040.0,15403.0,39645.0
2025-07-19_01:04:22,10046.0,11486.0,39051.0,14095.0,15403.0,39646.0
2025-07-19_01:04:22,,,,14046.0,15403.0,39646.0
2025-07-19_01:04:26,3358.0,11486.0,39051.0,12189.0,15403.0,39646.0
2025-07-19_01:04:26,10085.0,11486.0,39383.0,14280.0,15403.0,39654.0
2025-07-19_01:04:26,9586.0,11486.0,39384.0,14012.0,15403.0,39654.0
2025-07-19_01:04:27,7955.0,11486.0,39384.0,12800.0,15403.0,39654.0
2025-07-19_01:04:27,7951.0,11486.0,39384.0,13244.0,15403.0,39654.0
2025-07-19_01:04:27,10143.0,11486.0,39386.0,14290.0,15403.0,39661.0
2025-07-19_01:04:27,10579.0,11498.0,39399.0,14446.0,15403.0,39664.0
2025-07-19_01:04:27,9620.0,11498.0,39399.0,13753.0,15403.0,39664.0
2025-07-19_01:04:28,9886.0,11498.0,39399.0,14148.0,15403.0,39664.0
2025-07-19_01:04:28,8520.0,11498.0,39400.0,13083.0,15403.0,39664.0
2025-07-19_01:04:28,8680.0,11498.0,39448.0,14095.0,15403.0,39664.0
2025-07-19_01:04:28,8117.0,11498.0,39448.0,13081.0,15403.0,39664.0
2025-07-19_01:04:29,10251.0,11519.0,39500.0,14056.0,15407.0,39671.0
2025-07-19_01:04:29,8034.0,11519.0,39500.0,13315.0,15407.0,39671.0
2025-07-19_01:04:29,8505.0,11519.0,39502.0,13046.0,15407.0,39672.0
2025-07-19_01:04:29,7951.0,11519.0,39502.0,13083.0,15407.0,39672.0
2025-07-19_01:04:29,,,,14000.0,15407.0,39672.0
2025-07-19_01:04:33,3375.0,11519.0,39502.0,12191.0,15407.0,39672.0
2025-07-19_01:04:33,9507.0,11519.0,39502.0,14004.0,15407.0,39672.0
2025-07-19_01:04:34,8037.0,11519.0,39503.0,13058.0,15407.0,39672.0
2025-07-19_01:04:34,8494.0,11519.0,39510.0,13774.0,15407.0,39672.0
2025-07-19_01:04:34,8522.0,11519.0,39511.0,13795.0,15407.0,39672.0
2025-07-19_01:04:34,7961.0,11519.0,39511.0,13262.0,15407.0,39672.0
2025-07-19_01:04:34,7999.0,11519.0,39518.0,13031.0,15407.0,39672.0
2025-07-19_01:04:35,9717.0,11519.0,39518.0,14270.0,15407.0,39673.0
2025-07-19_01:04:35,7966.0,11519.0,39518.0,13258.0,15407.0,39673.0
2025-07-19_01:04:35,9831.0,11519.0,39518.0,14228.0,15407.0,39673.0
2025-07-19_01:04:35,7980.0,11519.0,39519.0,13265.0,15407.0,39673.0
2025-07-19_01:04:36,8691.0,11519.0,39519.0,14175.0,15407.0,39673.0
2025-07-19_01:04:36,,,,14029.0,15407.0,39673.0
2025-07-19_01:04:40,,,,,,
2025-07-19_01:04:44,6962.0,11519.0,39519.0,3793.0,15407.0,39673.0
2025-07-19_01:04:44,,,,,,
2025-07-19_01:04:48,6959.0,11519.0,39519.0,3792.0,15407.0,39673.0
2025-07-19_01:04:48,9492.0,11519.0,39519.0,14075.0,15407.0,39673.0
2025-07-19_01:04:48,7965.0,11519.0,39519.0,13077.0,15407.0,39673.0
2025-07-19_01:04:48,,,,,,
2025-07-19_01:04:52,6960.0,11519.0,39519.0,3792.0,15407.0,39673.0
2025-07-19_01:04:52,,,,14011.0,15407.0,39693.0
2025-07-19_01:04:56,3302.0,11519.0,39519.0,12168.0,15407.0,39693.0
2025-07-19_01:04:56,9929.0,11519.0,39531.0,13838.0,15407.0,39693.0
2025-07-19_01:04:56,8548.0,11519.0,39534.0,13836.0,15407.0,39693.0
2025-07-19_01:04:57,9864.0,11519.0,39536.0,13982.0,15407.0,39693.0
2025-07-19_01:04:57,8113.0,11519.0,39536.0,12913.0,15407.0,39693.0
2025-07-19_01:04:57,8031.0,11519.0,39536.0,13048.0,15407.0,39693.0
2025-07-19_01:04:57,8517.0,11519.0,39536.0,13231.0,15407.0,39693.0
2025-07-19_01:04:58,10226.0,11519.0,39541.0,14062.0,15407.0,39696.0
2025-07-19_01:04:58,8058.0,11519.0,39543.0,13091.0,15407.0,39697.0
2025-07-19_01:04:58,8043.0,11519.0,39550.0,13301.0,15407.0,39698.0
2025-07-19_01:04:58,,,,14022.0,15407.0,39698.0
2025-07-19_01:05:02,3375.0,11519.0,39550.0,12187.0,15407.0,39698.0
2025-07-19_01:05:02,7961.0,11519.0,39550.0,13229.0,15407.0,39700.0
2025-07-19_01:05:02,7958.0,11519.0,39550.0,13262.0,15407.0,39700.0
2025-07-19_01:05:03,8564.0,11519.0,39553.0,14092.0,15407.0,39701.0
2025-07-19_01:05:03,,,,,,
2025-07-19_01:05:07,6966.0,11519.0,39553.0,3793.0,15407.0,39701.0
2025-07-19_01:05:07,8486.0,11519.0,39554.0,14013.0,15407.0,39701.0
2025-07-19_01:05:07,8026.0,11519.0,39554.0,12908.0,15407.0,39701.0
2025-07-19_01:05:07,7970.0,11519.0,39554.0,13043.0,15407.0,39701.0
2025-07-19_01:05:08,,,,14040.0,15407.0,39702.0
2025-07-19_01:05:11,3358.0,11519.0,39554.0,12183.0,15407.0,39702.0
2025-07-19_01:05:11,7955.0,11519.0,39559.0,13046.0,15407.0,39703.0
2025-07-19_01:05:12,7960.0,11519.0,39566.0,13232.0,15407.0,39704.0
2025-07-19_01:05:12,,,,,,
2025-07-19_01:05:16,6966.0,11519.0,39566.0,3787.0,15407.0,39704.0
2025-07-19_01:05:16,8070.0,11519.0,39566.0,13047.0,15407.0,39704.0
2025-07-19_01:05:16,10498.0,11521.0,39599.0,14405.0,15407.0,39706.0
2025-07-19_01:05:16,,,,,,
2025-07-19_01:05:20,6965.0,11521.0,39599.0,3793.0,15407.0,39706.0
2025-07-19_01:05:20,7950.0,11521.0,39599.0,13078.0,15407.0,39706.0
2025-07-19_01:05:21,10362.0,11521.0,39622.0,14422.0,15407.0,39707.0
2025-07-19_01:05:21,,,,,,
2025-07-19_01:05:25,6967.0,11521.0,39622.0,3787.0,15407.0,39707.0
2025-07-19_01:05:25,7972.0,11521.0,39622.0,13301.0,15407.0,39707.0
2025-07-19_01:05:25,7947.0,11521.0,39622.0,12849.0,15407.0,39707.0
2025-07-19_01:05:25,8039.0,11521.0,39622.0,13229.0,15407.0,39707.0
2025-07-19_01:05:26,7971.0,11521.0,39622.0,13084.0,15407.0,39707.0
2025-07-19_01:05:26,8629.0,11521.0,39624.0,14081.0,15407.0,39707.0
2025-07-19_01:05:26,8070.0,11521.0,39626.0,13048.0,15407.0,39707.0
2025-07-19_01:05:26,10101.0,11524.0,39659.0,14079.0,15407.0,39707.0
2025-07-19_01:05:27,7959.0,11524.0,39660.0,13090.0,15407.0,39707.0
2025-07-19_01:05:27,7956.0,11524.0,39660.0,13231.0,15407.0,39707.0
2025-07-19_01:05:27,8520.0,11524.0,39660.0,13093.0,15407.0,39707.0
2025-07-19_01:05:27,9692.0,11524.0,39660.0,14003.0,15407.0,39707.0
2025-07-19_01:05:27,,,,14471.0,15407.0,39709.0
2025-07-19_01:05:31,2778.0,11524.0,39660.0,12185.0,15407.0,39709.0
2025-07-19_01:05:32,8069.0,11524.0,39660.0,13051.0,15407.0,39709.0
2025-07-19_01:05:32,8503.0,11524.0,39663.0,13257.0,15407.0,39709.0
2025-07-19_01:05:32,7960.0,11524.0,39663.0,13311.0,15407.0,39710.0
2025-07-19_01:05:32,8068.0,11524.0,39663.0,13334.0,15407.0,39710.0
2025-07-19_01:05:32,10551.0,11524.0,39680.0,14391.0,15407.0,39710.0
2025-07-19_01:05:33,8507.0,11524.0,39680.0,13677.0,15407.0,39710.0
2025-07-19_01:05:33,8026.0,11524.0,39680.0,13054.0,15407.0,39710.0
2025-07-19_01:05:33,7956.0,11524.0,39680.0,12871.0,15407.0,39710.0
2025-07-19_01:05:33,7956.0,11524.0,39680.0,13264.0,15407.0,39710.0
2025-07-19_01:05:34,7958.0,11524.0,39684.0,12838.0,15407.0,39710.0
2025-07-19_01:05:34,8507.0,11524.0,39684.0,13802.0,15407.0,39710.0
2025-07-19_01:05:34,9559.0,11524.0,39706.0,13969.0,15407.0,39710.0
2025-07-19_01:05:34,,,,,,
2025-07-19_01:05:39,2778.0,11524.0,39706.0,3776.0,15407.0,39710.0
2025-07-19_01:05:39,8494.0,11524.0,39707.0,13921.0,15407.0,39710.0
2025-07-19_01:05:39,,,,,,
2025-07-19_01:05:43,6963.0,11524.0,39710.0,3787.0,15407.0,39710.0
2025-07-19_01:05:43,7946.0,11524.0,39710.0,12851.0,15407.0,39710.0
2025-07-19_01:05:43,9920.0,11524.0,39711.0,14265.0,15407.0,39710.0
2025-07-19_01:05:44,7977.0,11524.0,39711.0,13224.0,15407.0,39710.0
2025-07-19_01:05:44,9711.0,11524.0,39711.0,14004.0,15407.0,39711.0
2025-07-19_01:05:44,8025.0,11524.0,39711.0,13235.0,15407.0,39711.0
2025-07-19_01:05:44,8126.0,11524.0,39711.0,13231.0,15407.0,39711.0
2025-07-19_01:05:45,,,,14164.0,15407.0,39711.0
2025-07-19_01:05:48,3375.0,11524.0,39711.0,12183.0,15407.0,39711.0
2025-07-19_01:05:49,10159.0,11524.0,39713.0,14260.0,15407.0,39711.0
2025-07-19_01:05:49,,,,14229.0,15407.0,39711.0
2025-07-19_01:05:53,3375.0,11524.0,39713.0,12164.0,15407.0,39711.0
2025-07-19_01:05:53,8912.0,11524.0,39713.0,13815.0,15407.0,39711.0
2025-07-19_01:05:53,7976.0,11524.0,39714.0,13264.0,15407.0,39711.0
2025-07-19_01:05:53,8023.0,11524.0,39714.0,13454.0,15407.0,39713.0
2025-07-19_01:05:53,9900.0,11524.0,39715.0,14044.0,15407.0,39713.0
2025-07-19_01:05:54,,,,13814.0,15407.0,39713.0
2025-07-19_01:05:57,3304.0,11524.0,39715.0,12196.0,15407.0,39713.0
2025-07-19_01:05:58,7967.0,11524.0,39715.0,13050.0,15407.0,39713.0
2025-07-19_01:05:58,,,,,,
2025-07-19_01:06:02,6966.0,11524.0,39727.0,3792.0,15407.0,39713.0
2025-07-19_01:06:02,9791.0,11524.0,39727.0,14164.0,15407.0,39713.0
2025-07-19_01:06:02,8062.0,11524.0,39727.0,13038.0,15407.0,39713.0
2025-07-19_01:06:02,,,,14227.0,15407.0,39714.0
2025-07-19_01:06:06,2778.0,11524.0,39727.0,12185.0,15407.0,39714.0
2025-07-19_01:06:06,8062.0,11524.0,39727.0,13270.0,15407.0,39714.0
2025-07-19_01:06:07,8027.0,11524.0,39727.0,13046.0,15407.0,39714.0
2025-07-19_01:06:07,7960.0,11524.0,39727.0,13083.0,15407.0,39714.0
2025-07-19_01:06:07,7964.0,11524.0,39729.0,13042.0,15407.0,39714.0
2025-07-19_01:06:07,8119.0,11524.0,39729.0,13349.0,15407.0,39714.0
2025-07-19_01:06:08,7957.0,11524.0,39729.0,13041.0,15407.0,39714.0
2025-07-19_01:06:08,8529.0,11524.0,39731.0,14124.0,15407.0,39714.0
2025-07-19_01:06:08,8513.0,11524.0,39731.0,14083.0,15407.0,39714.0
2025-07-19_01:06:08,,,,13779.0,15407.0,39714.0
2025-07-19_01:06:12,3319.0,11524.0,39731.0,12185.0,15407.0,39714.0
2025-07-19_01:06:12,9860.0,11524.0,39731.0,14090.0,15407.0,39715.0
2025-07-19_01:06:12,8020.0,11524.0,39731.0,13231.0,15407.0,39719.0
2025-07-19_01:06:13,7981.0,11524.0,39732.0,13268.0,15407.0,39719.0
2025-07-19_01:06:13,7957.0,11524.0,39733.0,13275.0,15407.0,39720.0
2025-07-19_01:06:13,7955.0,11524.0,39733.0,13041.0,15407.0,39720.0
2025-07-19_01:06:13,7942.0,11524.0,39733.0,13272.0,15407.0,39720.0
2025-07-19_01:06:14,8125.0,11524.0,39733.0,13237.0,15407.0,39720.0
2025-07-19_01:06:14,7953.0,11524.0,39733.0,13268.0,15407.0,39721.0
2025-07-19_01:06:14,8552.0,11524.0,39734.0,13894.0,15407.0,39721.0
2025-07-19_01:06:14,,,,,,
2025-07-19_01:06:18,6969.0,11524.0,39734.0,3792.0,15407.0,39721.0
2025-07-19_01:06:18,8126.0,11524.0,39734.0,13348.0,15407.0,39721.0
2025-07-19_01:06:19,8482.0,11524.0,39734.0,14132.0,15407.0,39724.0
2025-07-19_01:06:19,,,,,,
2025-07-19_01:06:23,6964.0,11524.0,39734.0,3793.0,15407.0,39724.0
2025-07-19_01:06:23,8026.0,11524.0,39734.0,13255.0,15407.0,39724.0
2025-07-19_01:06:23,8119.0,11524.0,39734.0,13083.0,15407.0,39724.0
2025-07-19_01:06:23,7962.0,11524.0,39734.0,13088.0,15407.0,39724.0
2025-07-19_01:06:23,8628.0,11524.0,39736.0,14042.0,15407.0,39724.0
2025-07-19_01:06:24,7944.0,11524.0,39736.0,13266.0,15407.0,39724.0
2025-07-19_01:06:24,7948.0,11524.0,39736.0,13046.0,15407.0,39724.0
2025-07-19_01:06:24,7945.0,11524.0,39736.0,13042.0,15407.0,39724.0
2025-07-19_01:06:24,7991.0,11524.0,39736.0,13091.0,15407.0,39724.0
2025-07-19_01:06:25,8525.0,11524.0,39736.0,13799.0,15407.0,39724.0
2025-07-19_01:06:25,7958.0,11524.0,39736.0,13264.0,15407.0,39724.0
2025-07-19_01:06:25,10236.0,11524.0,39776.0,14513.0,15407.0,39757.0
2025-07-19_01:06:25,9731.0,11524.0,39776.0,14007.0,15407.0,39757.0
2025-07-19_01:06:26,8067.0,11524.0,39776.0,13085.0,15407.0,39757.0
2025-07-19_01:06:26,,,,13324.0,15407.0,39757.0
2025-07-19_01:06:30,2778.0,11524.0,39776.0,12193.0,15407.0,39757.0
2025-07-19_01:06:30,8022.0,11524.0,39778.0,13081.0,15407.0,39757.0
2025-07-19_01:06:30,,,,,,
2025-07-19_01:06:34,6963.0,11524.0,39778.0,3793.0,15407.0,39757.0
2025-07-19_01:06:34,7984.0,11524.0,39778.0,13082.0,15407.0,39757.0
2025-07-19_01:06:34,7957.0,11524.0,39778.0,13078.0,15407.0,39757.0
2025-07-19_01:06:34,,,,,,
2025-07-19_01:06:38,6967.0,11524.0,39778.0,3787.0,15407.0,39757.0
2025-07-19_01:06:39,9770.0,11524.0,39779.0,14038.0,15407.0,39757.0
2025-07-19_01:06:39,8530.0,11524.0,39779.0,13811.0,15407.0,39757.0
2025-07-19_01:06:39,,,,14209.0,15407.0,39759.0
2025-07-19_01:06:43,3375.0,11524.0,39779.0,12189.0,15407.0,39759.0
2025-07-19_01:06:43,10256.0,11524.0,39789.0,14236.0,15407.0,39759.0
2025-07-19_01:06:43,8662.0,11524.0,39817.0,14100.0,15407.0,39759.0
2025-07-19_01:06:43,7977.0,11524.0,39817.0,13261.0,15407.0,39759.0
2025-07-19_01:06:43,8115.0,11524.0,39823.0,13344.0,15407.0,39839.0
2025-07-19_01:06:44,7956.0,11524.0,39823.0,13342.0,15407.0,39839.0
2025-07-19_01:06:44,7952.0,11524.0,39823.0,13052.0,15407.0,39839.0
2025-07-19_01:06:44,10141.0,11524.0,39823.0,14000.0,15407.0,39839.0
2025-07-19_01:06:44,9839.0,11524.0,39823.0,14248.0,15407.0,39844.0
2025-07-19_01:06:45,9587.0,11524.0,39823.0,14179.0,15407.0,39844.0
2025-07-19_01:06:45,7974.0,11524.0,39823.0,13057.0,15407.0,39844.0
2025-07-19_01:06:45,7967.0,11524.0,39828.0,13259.0,15407.0,39844.0
2025-07-19_01:06:45,7957.0,11524.0,39828.0,13049.0,15407.0,39844.0
2025-07-19_01:06:46,10111.0,11524.0,39828.0,14043.0,15407.0,39846.0
2025-07-19_01:06:46,9522.0,11524.0,39829.0,14094.0,15407.0,39846.0
2025-07-19_01:06:46,8042.0,11524.0,39830.0,13072.0,15407.0,39846.0
2025-07-19_01:06:46,8555.0,11524.0,39830.0,13848.0,15407.0,39846.0
2025-07-19_01:06:47,,,,14087.0,15407.0,39847.0
2025-07-19_01:06:50,2778.0,11524.0,39830.0,12193.0,15407.0,39847.0
2025-07-19_01:06:51,8497.0,11524.0,39830.0,13991.0,15407.0,39847.0
2025-07-19_01:06:51,8024.0,11524.0,39830.0,13041.0,15407.0,39847.0
2025-07-19_01:06:51,7957.0,11524.0,39831.0,13353.0,15407.0,39848.0
2025-07-19_01:06:51,8112.0,11524.0,39833.0,13273.0,15407.0,39848.0
2025-07-19_01:06:52,7934.0,11524.0,39833.0,13238.0,15407.0,39848.0
2025-07-19_01:06:52,9900.0,11524.0,39833.0,13827.0,15407.0,39848.0
2025-07-19_01:06:52,7955.0,11524.0,39835.0,13054.0,15407.0,39848.0
2025-07-19_01:06:52,,,,,,
2025-07-19_01:06:56,6966.0,11524.0,39835.0,3793.0,15407.0,39848.0
2025-07-19_01:06:56,9894.0,11524.0,39838.0,13983.0,15407.0,39848.0
2025-07-19_01:06:57,8048.0,11524.0,39838.0,13082.0,15407.0,39848.0
2025-07-19_01:06:57,7956.0,11524.0,39851.0,13081.0,15407.0,39848.0
2025-07-19_01:06:57,,,,14502.0,15407.0,39848.0
2025-07-19_01:07:01,3358.0,11524.0,39851.0,12171.0,15407.0,39848.0
2025-07-19_01:07:01,,,,,,
2025-07-19_01:07:05,6964.0,11524.0,39851.0,3793.0,15407.0,39848.0
2025-07-19_01:07:05,8554.0,11524.0,39851.0,13838.0,15407.0,39848.0
2025-07-19_01:07:05,9979.0,11524.0,39851.0,14014.0,15407.0,39848.0
2025-07-19_01:07:05,,,,,,
2025-07-19_01:07:09,6964.0,11524.0,39851.0,3792.0,15407.0,39848.0
2025-07-19_01:07:09,8564.0,11524.0,39851.0,13897.0,15407.0,39848.0
2025-07-19_01:07:10,10036.0,11524.0,39851.0,14088.0,15407.0,39848.0
2025-07-19_01:07:10,8669.0,11524.0,39869.0,14113.0,15407.0,39849.0
2025-07-19_01:07:10,9623.0,11524.0,39869.0,13844.0,15407.0,39849.0
2025-07-19_01:07:10,,,,,,
2025-07-19_01:07:14,6969.0,11524.0,39869.0,3793.0,15407.0,39849.0
2025-07-19_01:07:14,10023.0,11524.0,39870.0,14290.0,15407.0,39849.0
2025-07-19_01:07:14,9589.0,11524.0,39870.0,14196.0,15407.0,39849.0
2025-07-19_01:07:15,9680.0,11524.0,39870.0,14183.0,15407.0,39849.0
2025-07-19_01:07:15,9842.0,11524.0,39870.0,13944.0,15407.0,39849.0
2025-07-19_01:07:15,7985.0,11524.0,39870.0,13234.0,15407.0,39849.0
2025-07-19_01:07:15,8545.0,11524.0,39870.0,13839.0,15407.0,39849.0
2025-07-19_01:07:16,,,,14178.0,15407.0,39849.0
2025-07-19_01:07:19,3375.0,11524.0,39870.0,12192.0,15407.0,39849.0
2025-07-19_01:07:20,,,,13828.0,15407.0,39849.0
2025-07-19_01:07:23,3319.0,11524.0,39870.0,12162.0,15407.0,39849.0
2025-07-19_01:07:23,,,,,,
2025-07-19_01:07:27,6957.0,11524.0,39870.0,3792.0,15407.0,39849.0
2025-07-19_01:07:28,8528.0,11524.0,39870.0,13233.0,15407.0,39849.0
2025-07-19_01:07:28,9175.0,11524.0,39870.0,13795.0,15407.0,39849.0
2025-07-19_01:07:28,7945.0,11524.0,39870.0,13071.0,15407.0,39849.0
2025-07-19_01:07:28,9843.0,11524.0,39872.0,14641.0,15407.0,39849.0
2025-07-19_01:07:28,10107.0,11524.0,39872.0,14365.0,15407.0,39849.0
2025-07-19_01:07:29,8571.0,11524.0,39876.0,14272.0,15407.0,39849.0
2025-07-19_01:07:29,7961.0,11524.0,39876.0,13224.0,15407.0,39849.0
2025-07-19_01:07:29,8038.0,11524.0,39876.0,12855.0,15407.0,39849.0
2025-07-19_01:07:29,9160.0,11524.0,39876.0,13698.0,15407.0,39849.0
2025-07-19_01:07:30,,,,,,
2025-07-19_01:07:33,6977.0,11524.0,39876.0,3792.0,15407.0,39849.0
2025-07-19_01:07:34,8532.0,11524.0,39876.0,13807.0,15407.0,39849.0
2025-07-19_01:07:34,9680.0,11524.0,39876.0,14165.0,15407.0,39849.0
2025-07-19_01:07:34,,,,13797.0,15407.0,39849.0
2025-07-19_01:07:38,3319.0,11524.0,39876.0,12187.0,15407.0,39849.0
2025-07-19_01:07:38,,,,14217.0,15407.0,39849.0
2025-07-19_01:07:42,2778.0,11524.0,39876.0,12190.0,15407.0,39849.0
2025-07-19_01:07:42,8304.0,11524.0,39905.0,13941.0,15407.0,39851.0
2025-07-19_01:07:42,7979.0,11524.0,39917.0,13273.0,15407.0,39851.0
2025-07-19_01:07:43,8504.0,11524.0,39917.0,13050.0,15407.0,39851.0
2025-07-19_01:07:43,9860.0,11524.0,39917.0,13974.0,15407.0,39851.0
2025-07-19_01:07:43,,,,,,
2025-07-19_01:07:47,6968.0,11524.0,39917.0,3792.0,15407.0,39851.0
2025-07-19_01:07:47,8041.0,11524.0,39917.0,13087.0,15407.0,39851.0
2025-07-19_01:07:47,8103.0,11524.0,39917.0,13233.0,15407.0,39851.0
2025-07-19_01:07:48,9845.0,11524.0,39917.0,14012.0,15407.0,39851.0
2025-07-19_01:07:48,7971.0,11524.0,39917.0,13354.0,15407.0,39852.0
2025-07-19_01:07:48,9916.0,11524.0,39920.0,14252.0,15407.0,39852.0
2025-07-19_01:07:48,,,,,,
2025-07-19_01:07:52,6967.0,11524.0,39920.0,3792.0,15407.0,39852.0
2025-07-19_01:07:52,10075.0,11524.0,39921.0,14384.0,15407.0,39853.0
2025-07-19_01:07:52,8610.0,11524.0,39921.0,14361.0,15407.0,39854.0
2025-07-19_01:07:53,7959.0,11524.0,39921.0,13050.0,15407.0,39854.0
2025-07-19_01:07:53,8021.0,11524.0,39921.0,13077.0,15407.0,39854.0
2025-07-19_01:07:54,2778.0,11524.0,39921.0,12197.0,15407.0,39854.0
2025-07-19_01:07:54,9756.0,11524.0,39921.0,13971.0,15407.0,39854.0
2025-07-19_01:07:54,8619.0,11524.0,39924.0,14087.0,15407.0,39854.0
2025-07-19_01:07:54,8615.0,11524.0,39924.0,14065.0,15407.0,39854.0
2025-07-19_01:07:55,8030.0,11524.0,39924.0,12845.0,15407.0,39854.0
2025-07-19_01:07:55,10234.0,11524.0,39925.0,14084.0,15407.0,39857.0
2025-07-19_01:07:55,,,,13972.0,15407.0,39857.0
2025-07-19_01:07:59,3319.0,11524.0,39925.0,12185.0,15407.0,39857.0
2025-07-19_01:07:59,7958.0,11524.0,39926.0,13047.0,15407.0,39857.0
2025-07-19_01:07:59,9909.0,11524.0,39928.0,14281.0,15407.0,39857.0
2025-07-19_01:07:59,8549.0,11524.0,39929.0,14124.0,15407.0,39857.0
2025-07-19_01:08:00,10007.0,11526.0,39939.0,14276.0,15413.0,39874.0
2025-07-19_01:08:00,7954.0,11526.0,39939.0,13057.0,15413.0,39874.0
2025-07-19_01:08:00,8104.0,11526.0,39945.0,13257.0,15413.0,39874.0
2025-07-19_01:08:00,,,,,,
2025-07-19_01:08:04,6966.0,11526.0,39945.0,3793.0,15413.0,39874.0
2025-07-19_01:08:04,7943.0,11526.0,39945.0,13050.0,15413.0,39874.0
2025-07-19_01:08:05,7951.0,11526.0,39945.0,13072.0,15413.0,39874.0
2025-07-19_01:08:05,7948.0,11526.0,39945.0,13236.0,15413.0,39874.0
2025-07-19_01:08:05,9809.0,11526.0,39945.0,14125.0,15413.0,39874.0
2025-07-19_01:08:05,8119.0,11526.0,39956.0,13267.0,15413.0,39877.0
2025-07-19_01:08:05,7945.0,11526.0,39956.0,13276.0,15413.0,39877.0
2025-07-19_01:08:06,8106.0,11526.0,39956.0,13086.0,15413.0,39877.0
2025-07-19_01:08:06,7961.0,11526.0,39956.0,13224.0,15413.0,39877.0
2025-07-19_01:08:06,7962.0,11526.0,39956.0,12868.0,15413.0,39877.0
2025-07-19_01:08:06,8523.0,11526.0,39956.0,13800.0,15413.0,39877.0
2025-07-19_01:08:07,8071.0,11526.0,39962.0,13261.0,15413.0,39877.0
2025-07-19_01:08:07,9134.0,11526.0,39962.0,13988.0,15413.0,39877.0
2025-07-19_01:08:07,8031.0,11526.0,39962.0,13228.0,15413.0,39877.0
2025-07-19_01:08:07,7957.0,11526.0,39963.0,13260.0,15413.0,39877.0
2025-07-19_01:08:08,7965.0,11526.0,39963.0,13236.0,15413.0,39877.0
2025-07-19_01:08:08,,,,,,
2025-07-19_01:08:12,6967.0,11526.0,39963.0,3792.0,15413.0,39877.0
2025-07-19_01:08:12,,,,13786.0,15413.0,39877.0
2025-07-19_01:08:15,3319.0,11526.0,39963.0,12182.0,15413.0,39877.0
2025-07-19_01:08:16,,,,14190.0,15413.0,39877.0
2025-07-19_01:08:19,3375.0,11526.0,39963.0,12192.0,15413.0,39877.0
2025-07-19_01:08:20,7976.0,11526.0,39963.0,13234.0,15413.0,39877.0
2025-07-19_01:08:20,10270.0,11526.0,39966.0,14401.0,15413.0,39877.0
2025-07-19_01:08:20,8509.0,11526.0,39966.0,13254.0,15413.0,39877.0
2025-07-19_01:08:20,7965.0,11526.0,39970.0,13228.0,15413.0,39877.0
2025-07-19_01:08:21,8030.0,11526.0,39970.0,13228.0,15413.0,39877.0
2025-07-19_01:08:21,8527.0,11526.0,39970.0,13230.0,15413.0,39877.0
2025-07-19_01:08:21,7948.0,11526.0,39970.0,13229.0,15413.0,39877.0
2025-07-19_01:08:21,9700.0,11526.0,39970.0,14028.0,15413.0,39877.0
2025-07-19_01:08:21,7996.0,11526.0,39970.0,13279.0,15413.0,39877.0
2025-07-19_01:08:22,8018.0,11526.0,39970.0,13343.0,15413.0,39877.0
2025-07-19_01:08:22,,,,13722.0,15413.0,39877.0
2025-07-19_01:08:26,2778.0,11526.0,39970.0,12174.0,15413.0,39878.0
2025-07-19_01:08:26,8114.0,11526.0,39992.0,13090.0,15413.0,39878.0
2025-07-19_01:08:26,,,,13853.0,15413.0,39878.0
2025-07-19_01:08:30,2778.0,11526.0,39992.0,12193.0,15413.0,39878.0
2025-07-19_01:08:30,8610.0,11526.0,39992.0,14079.0,15413.0,39879.0
2025-07-19_01:08:30,,,,,,
2025-07-19_01:08:34,6963.0,11526.0,39992.0,3792.0,15413.0,39879.0
2025-07-19_01:08:34,10162.0,11526.0,39992.0,14008.0,15413.0,39879.0
2025-07-19_01:08:35,8528.0,11526.0,39993.0,13520.0,15413.0,39881.0
2025-07-19_01:08:35,7973.0,11526.0,39993.0,13536.0,15413.0,39881.0
2025-07-19_01:08:35,8598.0,11526.0,39993.0,14368.0,15413.0,39881.0
2025-07-19_01:08:35,8043.0,11526.0,39994.0,13230.0,15413.0,39881.0
2025-07-19_01:08:36,8516.0,11526.0,39995.0,13237.0,15413.0,39881.0
2025-07-19_01:08:36,9840.0,11526.0,39995.0,14224.0,15413.0,39881.0
2025-07-19_01:08:36,8618.0,11526.0,39996.0,14159.0,15413.0,39881.0
2025-07-19_01:08:36,9667.0,11526.0,39998.0,14185.0,15413.0,39881.0
2025-07-19_01:08:37,8611.0,11526.0,40004.0,14304.0,15413.0,39881.0
2025-07-19_01:08:37,,,,13098.0,15413.0,39897.0
2025-07-19_01:08:41,2778.0,11526.0,40004.0,12187.0,15413.0,39897.0
2025-07-19_01:08:41,,,,14228.0,15413.0,39897.0
2025-07-19_01:08:45,,,,,,
2025-07-19_01:08:48,,,,3792.0,15413.0,39897.0
2025-07-19_01:08:52,2778.0,11526.0,40004.0,12190.0,15413.0,39897.0
2025-07-19_01:08:52,8509.0,11526.0,40004.0,13269.0,15413.0,39897.0
2025-07-19_01:08:53,8032.0,11526.0,40004.0,13051.0,15413.0,39897.0
2025-07-19_01:08:53,10532.0,11526.0,40004.0,14301.0,15413.0,39898.0
2025-07-19_01:08:54,3356.0,11526.0,40004.0,12155.0,15413.0,39898.0
2025-07-19_01:08:54,7953.0,11526.0,40009.0,13085.0,15413.0,39898.0
2025-07-19_01:08:54,7956.0,11526.0,40009.0,13042.0,15413.0,39898.0
2025-07-19_01:08:54,,,,,,
2025-07-19_01:08:58,6969.0,11526.0,40009.0,3793.0,15413.0,39898.0
2025-07-19_01:08:59,,,,13242.0,15413.0,39898.0
2025-07-19_01:09:02,,,,,,
2025-07-19_01:09:06,6967.0,11526.0,40009.0,3792.0,15413.0,39898.0
2025-07-19_01:09:06,,,,14095.0,15413.0,39898.0
2025-07-19_01:09:10,2778.0,11526.0,40009.0,12170.0,15413.0,39898.0
2025-07-19_01:09:11,8640.0,11526.0,40010.0,14062.0,15413.0,39898.0
2025-07-19_01:09:11,7969.0,11526.0,40010.0,13045.0,15413.0,39898.0
2025-07-19_01:09:11,,,,11879.0,15413.0,39904.0
2025-07-19_01:09:15,2778.0,11526.0,40010.0,12196.0,15413.0,39904.0
2025-07-19_01:09:15,8030.0,11526.0,40010.0,13087.0,15413.0,39904.0
2025-07-19_01:09:15,7963.0,11526.0,40010.0,13083.0,15413.0,39904.0
2025-07-19_01:09:16,,,,,,
2025-07-19_01:09:19,6964.0,11526.0,40010.0,3787.0,15413.0,39904.0
2025-07-19_01:09:20,7947.0,11526.0,40010.0,13219.0,15413.0,39904.0
2025-07-19_01:09:20,10135.0,11526.0,40011.0,14076.0,15413.0,39904.0
2025-07-19_01:09:20,10169.0,11526.0,40012.0,14545.0,15413.0,39904.0
2025-07-19_01:09:20,,,,12856.0,15413.0,39904.0
2025-07-19_01:09:24,2778.0,11526.0,40012.0,12156.0,15413.0,39904.0
2025-07-19_01:09:24,8606.0,11526.0,40012.0,14128.0,15413.0,39904.0
2025-07-19_01:09:25,8123.0,11526.0,40012.0,13075.0,15413.0,39904.0
2025-07-19_01:09:25,9841.0,11526.0,40012.0,13970.0,15413.0,39904.0
2025-07-19_01:09:25,8014.0,11526.0,40013.0,13165.0,15413.0,39904.0
2025-07-19_01:09:25,10488.0,11526.0,40013.0,13800.0,15413.0,39905.0
2025-07-19_01:09:25,9986.0,11526.0,40014.0,13991.0,15413.0,39905.0
2025-07-19_01:09:26,7953.0,11526.0,40014.0,13049.0,15413.0,39905.0
2025-07-19_01:09:26,,,,14163.0,15413.0,39905.0
2025-07-19_01:09:29,3358.0,11526.0,40014.0,12185.0,15413.0,39905.0
2025-07-19_01:09:30,,,,12858.0,15413.0,39905.0
2025-07-19_01:09:34,2778.0,11526.0,40014.0,12184.0,15413.0,39905.0
2025-07-19_01:09:34,8034.0,11526.0,40014.0,13075.0,15413.0,39905.0
2025-07-19_01:09:34,8064.0,11526.0,40014.0,13259.0,15413.0,39905.0
2025-07-19_01:09:34,,,,14043.0,15413.0,39905.0
2025-07-19_01:09:38,2778.0,11526.0,40014.0,12174.0,15413.0,39905.0
2025-07-19_01:09:38,,,,14024.0,15413.0,39905.0
2025-07-19_01:09:42,3319.0,11526.0,40014.0,12186.0,15413.0,39905.0
2025-07-19_01:09:42,,,,13102.0,15413.0,39905.0
2025-07-19_01:09:46,2778.0,11526.0,40014.0,12189.0,15413.0,39905.0
2025-07-19_01:09:46,,,,,,
2025-07-19_01:09:50,6962.0,11526.0,40014.0,3793.0,15413.0,39905.0
2025-07-19_01:09:50,8117.0,11526.0,40015.0,13038.0,15413.0,39905.0
2025-07-19_01:09:50,8030.0,11526.0,40015.0,13047.0,15413.0,39905.0
2025-07-19_01:09:51,8507.0,11526.0,40015.0,13622.0,15413.0,39905.0
2025-07-19_01:09:51,9242.0,11526.0,40015.0,13776.0,15413.0,39905.0
2025-07-19_01:09:51,,,,,,
2025-07-19_01:09:56,2778.0,11526.0,40015.0,3776.0,15413.0,39905.0
2025-07-19_01:09:56,9896.0,11531.0,40021.0,13875.0,15413.0,39905.0
2025-07-19_01:09:56,8045.0,11531.0,40021.0,13263.0,15413.0,39905.0
2025-07-19_01:09:56,,,,,,
2025-07-19_01:10:00,6965.0,11531.0,40021.0,3792.0,15413.0,39905.0
2025-07-19_01:10:00,8528.0,11531.0,40021.0,13235.0,15413.0,39905.0
2025-07-19_01:10:01,,,,14180.0,15413.0,39905.0
2025-07-19_01:10:04,3375.0,11531.0,40021.0,12191.0,15413.0,39905.0
2025-07-19_01:10:04,9215.0,11531.0,40021.0,13776.0,15413.0,39905.0
2025-07-19_01:10:05,,,,13082.0,15413.0,39905.0
2025-07-19_01:10:09,2778.0,11531.0,40021.0,12186.0,15413.0,39905.0
2025-07-19_01:10:09,,,,,,
2025-07-19_01:10:13,6962.0,11531.0,40021.0,3793.0,15413.0,39905.0
2025-07-19_01:10:13,10050.0,11531.0,40021.0,14338.0,15413.0,39908.0
2025-07-19_01:10:13,8037.0,11531.0,40021.0,13234.0,15413.0,39908.0
2025-07-19_01:10:13,,,,14207.0,15413.0,39908.0
2025-07-19_01:10:17,3358.0,11531.0,40021.0,12160.0,15413.0,39908.0
2025-07-19_01:10:17,9553.0,11531.0,40021.0,13984.0,15413.0,39908.0
2025-07-19_01:10:17,8116.0,11531.0,40021.0,13027.0,15413.0,39908.0
2025-07-19_01:10:18,9884.0,11531.0,40021.0,14196.0,15413.0,39908.0
2025-07-19_01:10:18,,,,13089.0,15413.0,39908.0
2025-07-19_01:10:22,2778.0,11531.0,40021.0,12189.0,15413.0,39908.0
2025-07-19_01:10:22,9947.0,11531.0,40023.0,14321.0,15413.0,39909.0
2025-07-19_01:10:22,,,,14031.0,15413.0,39909.0
2025-07-19_01:10:26,3358.0,11531.0,40023.0,12156.0,15413.0,39909.0
2025-07-19_01:10:26,9889.0,11531.0,40023.0,14030.0,15413.0,39909.0
2025-07-19_01:10:27,2778.0,11531.0,40023.0,12188.0,15413.0,39909.0
2025-07-19_01:10:27,8119.0,11531.0,40023.0,13049.0,15413.0,39909.0
2025-07-19_01:10:27,7976.0,11531.0,40023.0,13049.0,15413.0,39909.0
2025-07-19_01:10:27,9642.0,11531.0,40024.0,14262.0,15413.0,39909.0
2025-07-19_01:10:28,8119.0,11531.0,40024.0,13087.0,15413.0,39909.0
2025-07-19_01:10:28,9876.0,11531.0,40024.0,14228.0,15413.0,39909.0
2025-07-19_01:10:29,2778.0,11531.0,40024.0,12186.0,15413.0,39909.0
2025-07-19_01:10:29,8044.0,11531.0,40024.0,13083.0,15413.0,39909.0
2025-07-19_01:10:29,9753.0,11531.0,40024.0,14017.0,15413.0,39909.0
2025-07-19_01:10:29,8575.0,11531.0,40024.0,14145.0,15413.0,39909.0
2025-07-19_01:10:33,2778.0,11531.0,40024.0,12184.0,15413.0,39909.0
2025-07-19_01:10:34,,,,14308.0,15413.0,39909.0
2025-07-19_01:10:37,3358.0,11531.0,40024.0,12196.0,15413.0,39909.0
2025-07-19_01:10:37,,,,13973.0,15413.0,39909.0
2025-07-19_01:10:41,3302.0,11531.0,40024.0,12196.0,15413.0,39909.0
2025-07-19_01:10:41,10388.0,11531.0,40030.0,14430.0,15413.0,39928.0
2025-07-19_01:10:42,8039.0,11531.0,40030.0,12835.0,15413.0,39928.0
2025-07-19_01:10:42,,,,14061.0,15413.0,39929.0
2025-07-19_01:10:46,2778.0,11531.0,40030.0,12193.0,15413.0,39929.0
2025-07-19_01:10:46,,,,12874.0,15413.0,39930.0
2025-07-19_01:10:50,2778.0,11531.0,40030.0,12186.0,15413.0,39930.0
2025-07-19_01:10:50,8520.0,11531.0,40030.0,13795.0,15413.0,39930.0
2025-07-19_01:10:50,8030.0,11531.0,40030.0,12858.0,15413.0,39930.0
2025-07-19_01:10:50,,,,,,
2025-07-19_01:10:54,6967.0,11531.0,40033.0,3792.0,15413.0,39930.0
2025-07-19_01:10:54,9816.0,11531.0,40033.0,13979.0,15413.0,39930.0
2025-07-19_01:10:55,7976.0,11531.0,40033.0,13233.0,15413.0,39930.0
2025-07-19_01:10:55,7976.0,11531.0,40033.0,13257.0,15413.0,39930.0
2025-07-19_01:10:55,8663.0,11531.0,40038.0,13902.0,15413.0,39930.0
2025-07-19_01:10:55,9863.0,11531.0,40038.0,14074.0,15413.0,39930.0
2025-07-19_01:10:56,,,,13984.0,15413.0,39930.0
2025-07-19_01:10:59,3319.0,11531.0,40038.0,12190.0,15413.0,39930.0
2025-07-19_01:10:59,8105.0,11531.0,40038.0,13086.0,15413.0,39930.0
2025-07-19_01:11:00,9812.0,11531.0,40038.0,14011.0,15413.0,39930.0
2025-07-19_01:11:00,,,,13262.0,15413.0,39930.0
2025-07-19_01:11:04,2778.0,11531.0,40038.0,12185.0,15413.0,39930.0
2025-07-19_01:11:04,7986.0,11531.0,40038.0,12845.0,15414.0,39931.0
2025-07-19_01:11:04,7950.0,11531.0,40038.0,13075.0,15414.0,39931.0
2025-07-19_01:11:04,10178.0,11531.0,40038.0,14087.0,15414.0,39931.0
2025-07-19_01:11:05,8620.0,11531.0,40038.0,14118.0,15414.0,39931.0
2025-07-19_01:11:05,,,,14005.0,15414.0,39931.0
2025-07-19_01:11:09,2778.0,11531.0,40038.0,12184.0,15414.0,39931.0
2025-07-19_01:11:09,8509.0,11531.0,40038.0,13228.0,15414.0,39931.0
2025-07-19_01:11:09,9894.0,11531.0,40038.0,13985.0,15414.0,39931.0
2025-07-19_01:11:09,7956.0,11531.0,40038.0,13027.0,15414.0,39931.0
2025-07-19_01:11:10,7964.0,11531.0,40040.0,13082.0,15414.0,39931.0
2025-07-19_01:11:10,,,,13978.0,15414.0,39931.0
2025-07-19_01:11:14,3375.0,11531.0,40040.0,12184.0,15414.0,39931.0
2025-07-19_01:11:14,,,,14005.0,15414.0,39931.0
2025-07-19_01:11:18,2778.0,11531.0,40040.0,12163.0,15414.0,39931.0
2025-07-19_01:11:18,,,,13103.0,15414.0,40001.0
2025-07-19_01:11:22,2778.0,11531.0,40040.0,12169.0,15414.0,40001.0
2025-07-19_01:11:22,,,,14306.0,15414.0,40001.0
2025-07-19_01:11:26,2778.0,11531.0,40040.0,12171.0,15414.0,40001.0
2025-07-19_01:11:26,9694.0,11531.0,40040.0,14099.0,15414.0,40001.0
2025-07-19_01:11:26,,,,14210.0,15414.0,40001.0
2025-07-19_01:11:30,3358.0,11531.0,40040.0,12194.0,15414.0,40001.0
2025-07-19_01:11:30,,,,14219.0,15414.0,40003.0
2025-07-19_01:11:34,3375.0,11531.0,40040.0,12164.0,15414.0,40003.0
2025-07-19_01:11:34,8017.0,11531.0,40040.0,13338.0,15414.0,40003.0
2025-07-19_01:11:34,7955.0,11531.0,40040.0,13222.0,15414.0,40003.0
2025-07-19_01:11:34,,,,,,
2025-07-19_01:11:38,6967.0,11531.0,40040.0,3792.0,15414.0,40003.0
2025-07-19_01:11:38,9795.0,11531.0,40041.0,14274.0,15414.0,40003.0
2025-07-19_01:11:39,9718.0,11531.0,40043.0,14013.0,15414.0,40003.0
2025-07-19_01:11:39,8028.0,11531.0,40043.0,13254.0,15414.0,40003.0
2025-07-19_01:11:39,9807.0,11531.0,40043.0,14011.0,15414.0,40003.0
2025-07-19_01:11:39,7966.0,11531.0,40043.0,13085.0,15414.0,40003.0
2025-07-19_01:11:39,9737.0,11531.0,40046.0,14030.0,15414.0,40003.0
2025-07-19_01:11:40,8527.0,11531.0,40049.0,13525.0,15414.0,40005.0
2025-07-19_01:11:40,8042.0,11531.0,40049.0,13261.0,15414.0,40005.0
2025-07-19_01:11:40,7945.0,11531.0,40049.0,12865.0,15414.0,40005.0
2025-07-19_01:11:40,7957.0,11531.0,40049.0,13257.0,15414.0,40005.0
2025-07-19_01:11:41,10641.0,11531.0,40067.0,14929.0,15725.0,40324.0
2025-07-19_01:11:41,7953.0,11531.0,40067.0,13072.0,15725.0,40324.0
2025-07-19_01:11:41,,,,13990.0,15725.0,40324.0
2025-07-19_01:11:45,3319.0,11531.0,40067.0,12181.0,15725.0,40324.0
2025-07-19_01:11:45,,,,14055.0,15725.0,40324.0
2025-07-19_01:11:49,3375.0,11531.0,40067.0,12177.0,15725.0,40324.0
2025-07-19_01:11:49,,,,,,
2025-07-19_01:11:53,6968.0,11531.0,40069.0,3792.0,15725.0,40324.0
2025-07-19_01:11:53,7949.0,11531.0,40069.0,13087.0,15725.0,40324.0
2025-07-19_01:11:53,8037.0,11531.0,40069.0,13267.0,15725.0,40324.0
2025-07-19_01:11:53,9132.0,11531.0,40069.0,13834.0,15725.0,40324.0
2025-07-19_01:11:54,,,,,,
2025-07-19_01:11:57,6969.0,11531.0,40069.0,3786.0,15725.0,40324.0
2025-07-19_01:11:58,7954.0,11531.0,40069.0,13344.0,15725.0,40325.0
2025-07-19_01:11:58,9878.0,11531.0,40069.0,13951.0,15725.0,40325.0
2025-07-19_01:11:58,9902.0,11531.0,40069.0,14306.0,15725.0,40347.0
2025-07-19_01:11:58,7957.0,11531.0,40069.0,13227.0,15725.0,40347.0
2025-07-19_01:11:59,8025.0,11531.0,40069.0,13053.0,15725.0,40347.0
2025-07-19_01:11:59,,,,13090.0,15725.0,40347.0
2025-07-19_01:12:03,2778.0,11531.0,40069.0,12186.0,15725.0,40347.0
2025-07-19_01:12:03,9532.0,11531.0,40069.0,14002.0,15725.0,40347.0
2025-07-19_01:12:03,8035.0,11531.0,40069.0,13259.0,15725.0,40347.0
2025-07-19_01:12:03,9886.0,11531.0,40069.0,14219.0,15725.0,40347.0
2025-07-19_01:12:04,9717.0,11531.0,40069.0,14251.0,15725.0,40347.0
2025-07-19_01:12:04,10373.0,11531.0,40077.0,14640.0,15725.0,40356.0
2025-07-19_01:12:04,10040.0,11531.0,40082.0,14382.0,15725.0,40356.0
2025-07-19_01:12:04,,,,14283.0,15725.0,40356.0
2025-07-19_01:12:08,3375.0,11531.0,40082.0,12191.0,15725.0,40356.0
2025-07-19_01:12:08,,,,,,
2025-07-19_01:12:12,6963.0,11531.0,40082.0,3792.0,15725.0,40356.0
2025-07-19_01:12:12,8036.0,11531.0,40082.0,13227.0,15725.0,40356.0
2025-07-19_01:12:12,10321.0,11531.0,40082.0,14383.0,15725.0,40358.0
2025-07-19_01:12:13,9063.0,11531.0,40082.0,13992.0,15725.0,40358.0
2025-07-19_01:12:13,8532.0,11531.0,40085.0,13080.0,15725.0,40358.0
2025-07-19_01:12:13,7958.0,11531.0,40085.0,13316.0,15725.0,40358.0
2025-07-19_01:12:13,7952.0,11531.0,40085.0,13089.0,15725.0,40358.0
2025-07-19_01:12:14,,,,13080.0,15725.0,40358.0
2025-07-19_01:12:17,2780.0,11531.0,40085.0,12195.0,15725.0,40358.0
2025-07-19_01:12:18,8510.0,11531.0,40085.0,14007.0,15725.0,40358.0
2025-07-19_01:12:18,7984.0,11531.0,40085.0,13080.0,15725.0,40358.0
2025-07-19_01:12:18,7951.0,11531.0,40085.0,13276.0,15725.0,40358.0
2025-07-19_01:12:18,8592.0,11531.0,40089.0,14099.0,15725.0,40358.0
2025-07-19_01:12:19,8627.0,11531.0,40089.0,14080.0,15725.0,40358.0
2025-07-19_01:12:19,,,,,,
2025-07-19_01:12:23,6971.0,11531.0,40092.0,3786.0,15725.0,40358.0
2025-07-19_01:12:23,7993.0,11531.0,40092.0,13227.0,15725.0,40358.0
2025-07-19_01:12:23,,,,13789.0,15725.0,40358.0
2025-07-19_01:12:27,3375.0,11531.0,40092.0,12190.0,15725.0,40358.0
2025-07-19_01:12:27,9873.0,11531.0,40092.0,14016.0,15725.0,40358.0
2025-07-19_01:12:27,8110.0,11531.0,40093.0,13336.0,15725.0,40358.0
2025-07-19_01:12:28,8024.0,11531.0,40093.0,13049.0,15725.0,40358.0
2025-07-19_01:12:28,9180.0,11531.0,40093.0,13792.0,15725.0,40358.0
2025-07-19_01:12:28,,,,,,
2025-07-19_01:12:32,2778.0,11531.0,40093.0,3776.0,15725.0,40358.0
2025-07-19_01:12:33,8115.0,11531.0,40103.0,13237.0,15725.0,40358.0
2025-07-19_01:12:33,8031.0,11531.0,40103.0,13237.0,15725.0,40358.0
2025-07-19_01:12:33,9118.0,11531.0,40103.0,13776.0,15725.0,40358.0
2025-07-19_01:12:33,8693.0,11531.0,40104.0,14103.0,15725.0,40358.0
2025-07-19_01:12:34,10161.0,11531.0,40133.0,14087.0,15725.0,40358.0
2025-07-19_01:12:34,,,,14215.0,15725.0,40358.0
2025-07-19_01:12:38,3375.0,11531.0,40145.0,12194.0,15725.0,40358.0
2025-07-19_01:12:38,,,,13884.0,15725.0,40358.0
2025-07-19_01:12:41,3358.0,11531.0,40145.0,12187.0,15725.0,40358.0
2025-07-19_01:12:42,10013.0,11531.0,40151.0,14095.0,15725.0,40364.0
2025-07-19_01:12:42,9809.0,11531.0,40151.0,13795.0,15725.0,40365.0
2025-07-19_01:12:42,8626.0,11531.0,40152.0,14091.0,15725.0,40365.0
2025-07-19_01:12:42,10201.0,11531.0,40152.0,14322.0,15725.0,40365.0
2025-07-19_01:12:43,,,,14003.0,15725.0,40365.0
2025-07-19_01:12:46,3319.0,11531.0,40152.0,12160.0,15725.0,40365.0
2025-07-19_01:12:47,,,,14310.0,15725.0,40365.0
2025-07-19_01:12:50,3358.0,11531.0,40152.0,12204.0,15725.0,40365.0
2025-07-19_01:12:50,9987.0,11531.0,40152.0,14529.0,15725.0,40365.0
2025-07-19_01:12:51,,,,,,
2025-07-19_01:12:54,6963.0,11531.0,40152.0,3787.0,15725.0,40365.0
2025-07-19_01:12:55,8115.0,11531.0,40152.0,13052.0,15725.0,40365.0
2025-07-19_01:12:55,9519.0,11531.0,40152.0,14078.0,15725.0,40365.0
2025-07-19_01:12:55,8036.0,11531.0,40164.0,13262.0,15725.0,40365.0
2025-07-19_01:12:55,10117.0,11531.0,40166.0,14017.0,15725.0,40365.0
2025-07-19_01:12:56,10458.0,11531.0,40194.0,14086.0,15725.0,40365.0
2025-07-19_01:12:56,9849.0,11531.0,40196.0,14039.0,15725.0,40365.0
2025-07-19_01:12:56,,,,14285.0,15725.0,40385.0
2025-07-19_01:13:00,2778.0,11531.0,40196.0,12170.0,15725.0,40385.0
2025-07-19_01:13:00,10040.0,11531.0,40197.0,14033.0,15725.0,40385.0
2025-07-19_01:13:00,9894.0,11531.0,40197.0,13985.0,15725.0,40385.0
2025-07-19_01:13:00,7998.0,11531.0,40197.0,13277.0,15725.0,40385.0
2025-07-19_01:13:01,8030.0,11531.0,40197.0,13056.0,15725.0,40385.0
2025-07-19_01:13:01,10204.0,11531.0,40223.0,14043.0,15725.0,40396.0
2025-07-19_01:13:01,9918.0,11531.0,40223.0,14099.0,15725.0,40396.0
2025-07-19_01:13:01,,,,,,
2025-07-19_01:13:05,6963.0,11531.0,40223.0,3793.0,15725.0,40396.0
2025-07-19_01:13:05,8687.0,11531.0,40279.0,14098.0,15725.0,40396.0
2025-07-19_01:13:06,,,,14124.0,15725.0,40396.0
2025-07-19_01:13:09,3375.0,11531.0,40279.0,12186.0,15725.0,40396.0
2025-07-19_01:13:10,9972.0,11531.0,40279.0,13997.0,15725.0,40396.0
2025-07-19_01:13:10,,,,13979.0,15725.0,40396.0
2025-07-19_01:13:14,3375.0,11531.0,40279.0,12159.0,15725.0,40396.0
2025-07-19_01:13:14,8016.0,11531.0,40280.0,13270.0,15725.0,40397.0
2025-07-19_01:13:14,9526.0,11531.0,40280.0,14192.0,15725.0,40397.0
2025-07-19_01:13:14,,,,14319.0,15725.0,40397.0
2025-07-19_01:13:18,3358.0,11531.0,40280.0,12164.0,15725.0,40397.0
2025-07-19_01:13:18,,,,13234.0,15725.0,40397.0
2025-07-19_01:13:22,2778.0,11531.0,40280.0,12185.0,15725.0,40397.0
2025-07-19_01:13:22,8024.0,11531.0,40281.0,13346.0,15725.0,40397.0
2025-07-19_01:13:22,8037.0,11531.0,40281.0,12844.0,15725.0,40397.0
2025-07-19_01:13:23,7955.0,11531.0,40281.0,13038.0,15725.0,40397.0
2025-07-19_01:13:23,9175.0,11531.0,40281.0,13813.0,15725.0,40397.0
2025-07-19_01:13:23,,,,14188.0,15725.0,40397.0
2025-07-19_01:13:27,3375.0,11531.0,40281.0,12166.0,15725.0,40397.0
2025-07-19_01:13:27,8035.0,11531.0,40281.0,13050.0,15725.0,40397.0
2025-07-19_01:13:28,2778.0,11531.0,40281.0,12189.0,15725.0,40397.0
2025-07-19_01:13:28,8038.0,11531.0,40281.0,13062.0,15725.0,40397.0
2025-07-19_01:13:28,7969.0,11531.0,40281.0,13083.0,15725.0,40397.0
2025-07-19_01:13:28,8050.0,11531.0,40286.0,13261.0,15725.0,40397.0
2025-07-19_01:13:29,10327.0,11531.0,40290.0,14552.0,15725.0,40399.0
2025-07-19_01:13:29,7947.0,11531.0,40290.0,13038.0,15725.0,40399.0
2025-07-19_01:13:29,8514.0,11531.0,40290.0,13054.0,15725.0,40399.0
2025-07-19_01:13:29,,,,14215.0,15725.0,40415.0
2025-07-19_01:13:33,3375.0,11531.0,40290.0,12190.0,15725.0,40415.0
2025-07-19_01:13:33,8518.0,11531.0,40290.0,13812.0,15725.0,40415.0
2025-07-19_01:13:33,,,,13791.0,15725.0,40415.0
2025-07-19_01:13:37,3302.0,11531.0,40290.0,12184.0,15725.0,40415.0
2025-07-19_01:13:37,8029.0,11531.0,40290.0,13049.0,15725.0,40415.0
2025-07-19_01:13:37,9836.0,11531.0,40290.0,14407.0,15725.0,40415.0
2025-07-19_01:13:38,,,,,,
2025-07-19_01:13:41,6969.0,11531.0,40290.0,3793.0,15725.0,40415.0
2025-07-19_01:13:42,8637.0,11531.0,40290.0,14085.0,15725.0,40415.0
2025-07-19_01:13:42,,,,14634.0,15725.0,40415.0
2025-07-19_01:13:46,3375.0,11531.0,40290.0,12167.0,15725.0,40415.0
2025-07-19_01:13:46,9992.0,11531.0,40292.0,14368.0,15725.0,40415.0
2025-07-19_01:13:46,7941.0,11531.0,40292.0,13082.0,15725.0,40419.0
2025-07-19_01:13:46,8371.0,11531.0,40292.0,13801.0,15725.0,40419.0
2025-07-19_01:13:47,8507.0,11531.0,40292.0,13839.0,15725.0,40419.0
2025-07-19_01:13:47,8037.0,11531.0,40292.0,13347.0,15725.0,40419.0
2025-07-19_01:13:47,8513.0,11531.0,40292.0,13226.0,15725.0,40419.0
2025-07-19_01:13:47,8106.0,11531.0,40292.0,13299.0,15725.0,40419.0
2025-07-19_01:13:47,,,,,,
2025-07-19_01:13:51,6962.0,11531.0,40292.0,3792.0,15725.0,40419.0
2025-07-19_01:13:51,10232.0,11531.0,40292.0,14369.0,15725.0,40419.0
2025-07-19_01:13:52,8033.0,11531.0,40292.0,13064.0,15725.0,40419.0
2025-07-19_01:13:52,7969.0,11531.0,40292.0,13360.0,15725.0,40419.0
2025-07-19_01:13:52,,,,14217.0,15725.0,40419.0
2025-07-19_01:13:56,3377.0,11531.0,40292.0,12185.0,15725.0,40419.0
2025-07-19_01:13:56,,,,13969.0,15725.0,40419.0
2025-07-19_01:14:00,3375.0,11531.0,40292.0,12186.0,15725.0,40419.0
2025-07-19_01:14:00,7958.0,11531.0,40292.0,13304.0,15725.0,40419.0
2025-07-19_01:14:00,8070.0,11531.0,40292.0,13314.0,15725.0,40419.0
2025-07-19_01:14:00,,,,14009.0,15725.0,40419.0
2025-07-19_01:14:04,3302.0,11531.0,40292.0,12186.0,15725.0,40419.0
2025-07-19_01:14:04,,,,14184.0,15725.0,40419.0
2025-07-19_01:14:08,3375.0,11531.0,40292.0,12164.0,15725.0,40419.0
2025-07-19_01:14:08,,,,14004.0,15725.0,40419.0
2025-07-19_01:14:12,3319.0,11531.0,40292.0,12193.0,15725.0,40419.0
2025-07-19_01:14:12,7972.0,11531.0,40292.0,13353.0,15725.0,40419.0
2025-07-19_01:14:12,9819.0,11531.0,40300.0,14186.0,15725.0,40419.0
2025-07-19_01:14:13,,,,,,
2025-07-19_01:14:16,6968.0,11531.0,40300.0,3794.0,15725.0,40419.0
2025-07-19_01:14:17,10133.0,11531.0,40300.0,14265.0,15725.0,40423.0
2025-07-19_01:14:17,7963.0,11531.0,40302.0,13492.0,15725.0,40424.0
2025-07-19_01:14:17,8024.0,11531.0,40302.0,13261.0,15725.0,40424.0
2025-07-19_01:14:17,10029.0,11531.0,40302.0,14214.0,15725.0,40424.0
2025-07-19_01:14:18,9679.0,11531.0,40302.0,14018.0,15725.0,40424.0
2025-07-19_01:14:18,7954.0,11531.0,40304.0,13058.0,15725.0,40424.0
2025-07-19_01:14:18,,,,14198.0,15725.0,40424.0
2025-07-19_01:14:22,3375.0,11531.0,40304.0,12183.0,15725.0,40424.0
2025-07-19_01:14:22,9899.0,11531.0,40304.0,14013.0,15725.0,40424.0
2025-07-19_01:14:22,7942.0,11531.0,40304.0,13075.0,15725.0,40424.0
2025-07-19_01:14:22,7951.0,11531.0,40304.0,13258.0,15725.0,40424.0
2025-07-19_01:14:23,8661.0,11531.0,40304.0,14101.0,15725.0,40424.0
2025-07-19_01:14:23,8672.0,11531.0,40308.0,13892.0,15725.0,40424.0
2025-07-19_01:14:23,8036.0,11531.0,40308.0,13248.0,15725.0,40424.0
2025-07-19_01:14:23,,,,,,
2025-07-19_01:14:27,6963.0,11531.0,40308.0,3794.0,15725.0,40424.0
2025-07-19_01:14:27,8570.0,11531.0,40308.0,14100.0,15725.0,40424.0
2025-07-19_01:14:28,7944.0,11531.0,40308.0,13084.0,15725.0,40424.0
2025-07-19_01:14:28,8034.0,11531.0,40308.0,13053.0,15725.0,40424.0
2025-07-19_01:14:28,9851.0,11531.0,40308.0,13972.0,15725.0,40424.0
2025-07-19_01:14:28,7958.0,11531.0,40308.0,13083.0,15725.0,40424.0
2025-07-19_01:14:28,7963.0,11531.0,40313.0,13265.0,15725.0,40424.0
2025-07-19_01:14:29,9894.0,11531.0,40313.0,14031.0,15725.0,40424.0
2025-07-19_01:14:29,8512.0,11531.0,40315.0,13811.0,15725.0,40424.0
2025-07-19_01:14:29,7943.0,11531.0,40318.0,13489.0,15725.0,40424.0
2025-07-19_01:14:29,7953.0,11531.0,40318.0,13051.0,15725.0,40424.0
2025-07-19_01:14:30,7974.0,11531.0,40318.0,13072.0,15725.0,40424.0
2025-07-19_01:14:30,7958.0,11531.0,40318.0,13047.0,15725.0,40424.0
2025-07-19_01:14:30,7941.0,11531.0,40320.0,13082.0,15725.0,40424.0
2025-07-19_01:14:30,8341.0,11531.0,40320.0,13792.0,15725.0,40424.0
2025-07-19_01:14:30,,,,,,
2025-07-19_01:14:34,6963.0,11531.0,40320.0,3792.0,15725.0,40424.0
2025-07-19_01:14:34,8518.0,11531.0,40321.0,13264.0,15725.0,40424.0
2025-07-19_01:14:35,10014.0,11531.0,40322.0,14470.0,15725.0,40424.0
2025-07-19_01:14:35,9367.0,11531.0,40322.0,14074.0,15725.0,40430.0
2025-07-19_01:14:35,7956.0,11531.0,40322.0,13301.0,15725.0,40430.0
2025-07-19_01:14:35,8034.0,11531.0,40322.0,12854.0,15725.0,40430.0
2025-07-19_01:14:36,8533.0,11531.0,40322.0,13837.0,15725.0,40430.0
2025-07-19_01:14:36,10147.0,11531.0,40325.0,14304.0,15725.0,40430.0
2025-07-19_01:14:36,,,,14538.0,15725.0,40430.0
2025-07-19_01:14:40,3375.0,11531.0,40325.0,12182.0,15725.0,40430.0
2025-07-19_01:14:40,7962.0,11531.0,40325.0,13261.0,15725.0,40430.0
2025-07-19_01:14:40,10268.0,11531.0,40332.0,14124.0,15725.0,40430.0
2025-07-19_01:14:41,,,,14129.0,15725.0,40430.0
2025-07-19_01:14:44,3302.0,11531.0,40332.0,12199.0,15725.0,40430.0
2025-07-19_01:14:44,9897.0,11531.0,40332.0,14219.0,15725.0,40435.0
2025-07-19_01:14:45,8040.0,11531.0,40348.0,13262.0,15725.0,40435.0
2025-07-19_01:14:45,7953.0,11531.0,40348.0,13350.0,15725.0,40435.0
2025-07-19_01:14:45,8029.0,11531.0,40348.0,13254.0,15725.0,40435.0
2025-07-19_01:14:45,7948.0,11531.0,40349.0,13045.0,15725.0,40435.0
2025-07-19_01:14:46,,,,14039.0,15725.0,40435.0
2025-07-19_01:14:49,3358.0,11531.0,40349.0,12188.0,15725.0,40435.0
2025-07-19_01:14:49,8107.0,11531.0,40349.0,13048.0,15725.0,40435.0
2025-07-19_01:14:50,,,,14091.0,15725.0,40453.0
2025-07-19_01:14:54,2778.0,11531.0,40349.0,12189.0,15725.0,40453.0
2025-07-19_01:14:54,2780.0,11531.0,40349.0,12976.0,15728.0,40486.0
2025-07-19_01:14:55,10031.0,11531.0,40349.0,14346.0,15728.0,40486.0
2025-07-19_01:14:55,3356.0,11531.0,40349.0,12806.0,15728.0,40490.0
2025-07-19_01:14:56,8111.0,11531.0,40349.0,13260.0,15728.0,40490.0
2025-07-19_01:14:56,,,,14002.0,15728.0,40490.0
2025-07-19_01:15:00,3319.0,11531.0,40349.0,12185.0,15728.0,40490.0
2025-07-19_01:15:00,8016.0,11531.0,40349.0,13044.0,15728.0,40490.0
2025-07-19_01:15:00,9692.0,11531.0,40349.0,14170.0,15728.0,40490.0
2025-07-19_01:15:00,8612.0,11531.0,40352.0,14088.0,15728.0,40490.0
2025-07-19_01:15:01,9941.0,11531.0,40352.0,14000.0,15728.0,40490.0
2025-07-19_01:15:01,8527.0,11531.0,40352.0,13854.0,15728.0,40490.0
2025-07-19_01:15:01,7954.0,11531.0,40352.0,12836.0,15728.0,40490.0
2025-07-19_01:15:01,8503.0,11531.0,40352.0,13801.0,15728.0,40490.0
2025-07-19_01:15:02,8713.0,11531.0,40352.0,14069.0,15728.0,40490.0
2025-07-19_01:15:02,8036.0,11531.0,40352.0,12894.0,15728.0,40490.0
2025-07-19_01:15:02,,,,14109.0,15728.0,40490.0
2025-07-19_01:15:06,2778.0,11531.0,40352.0,12193.0,15728.0,40490.0
2025-07-19_01:15:06,8635.0,11531.0,40352.0,14093.0,15728.0,40490.0
2025-07-19_01:15:06,8536.0,11531.0,40352.0,14091.0,15728.0,40490.0
2025-07-19_01:15:07,8119.0,11531.0,40352.0,13234.0,15728.0,40490.0
2025-07-19_01:15:07,8127.0,11531.0,40352.0,13039.0,15728.0,40490.0
2025-07-19_01:15:07,8106.0,11531.0,40352.0,13228.0,15728.0,40490.0
2025-07-19_01:15:07,,,,13989.0,15728.0,40490.0
2025-07-19_01:15:11,3358.0,11531.0,40352.0,12168.0,15728.0,40490.0
2025-07-19_01:15:11,,,,14027.0,15728.0,40490.0
2025-07-19_01:15:15,3375.0,11531.0,40352.0,12193.0,15728.0,40490.0
2025-07-19_01:15:15,8629.0,11531.0,40352.0,14096.0,15728.0,40490.0
2025-07-19_01:15:15,,,,14104.0,15728.0,40490.0
2025-07-19_01:15:19,3319.0,11531.0,40352.0,12174.0,15728.0,40490.0
2025-07-19_01:15:19,7973.0,11531.0,40352.0,13258.0,15728.0,40490.0
2025-07-19_01:15:19,10213.0,11531.0,40354.0,14080.0,15728.0,40492.0
2025-07-19_01:15:20,10289.0,11531.0,40376.0,14694.0,15728.0,40538.0
2025-07-19_01:15:20,9280.0,11531.0,40376.0,13784.0,15728.0,40538.0
2025-07-19_01:15:20,10097.0,11531.0,40376.0,14402.0,15728.0,40538.0
2025-07-19_01:15:20,10451.0,11531.0,40380.0,14643.0,15728.0,40538.0
2025-07-19_01:15:21,10158.0,11531.0,40380.0,14350.0,15728.0,40538.0
2025-07-19_01:15:21,,,,14166.0,15728.0,40538.0
2025-07-19_01:15:25,3358.0,11531.0,40380.0,12187.0,15728.0,40538.0
2025-07-19_01:15:25,9847.0,11531.0,40380.0,13830.0,15728.0,40538.0
2025-07-19_01:15:25,10643.0,11531.0,40384.0,14393.0,15728.0,40540.0
2025-07-19_01:15:25,,,,,,
2025-07-19_01:15:29,6968.0,11531.0,40384.0,3793.0,15728.0,40540.0
2025-07-19_01:15:29,10521.0,11531.0,40426.0,14021.0,15728.0,40540.0
2025-07-19_01:15:30,9834.0,11531.0,40426.0,14194.0,15728.0,40540.0
2025-07-19_01:15:30,9977.0,11531.0,40429.0,14002.0,15728.0,40540.0
2025-07-19_01:15:30,8105.0,11531.0,40429.0,13073.0,15728.0,40540.0
2025-07-19_01:15:30,10067.0,11531.0,40429.0,14275.0,15728.0,40540.0
2025-07-19_01:15:30,10354.0,11531.0,40429.0,14593.0,15728.0,40540.0
2025-07-19_01:15:31,9540.0,11531.0,40429.0,13967.0,15728.0,40540.0
2025-07-19_01:15:31,7986.0,11531.0,40429.0,13520.0,15728.0,40540.0
2025-07-19_01:15:31,,,,14407.0,15728.0,40541.0
2025-07-19_01:15:35,3375.0,11531.0,40429.0,12190.0,15728.0,40541.0
2025-07-19_01:15:35,,,,,,
2025-07-19_01:15:39,6960.0,11531.0,40429.0,3793.0,15728.0,40541.0
2025-07-19_01:15:39,10424.0,11533.0,40431.0,14489.0,15728.0,40541.0
2025-07-19_01:15:39,,,,14134.0,15728.0,40543.0
2025-07-19_01:15:43,3358.0,11533.0,40431.0,12184.0,15728.0,40543.0
2025-07-19_01:15:43,,,,14040.0,15728.0,40543.0
2025-07-19_01:15:47,2778.0,11533.0,40431.0,12190.0,15728.0,40543.0
2025-07-19_01:15:47,8028.0,11533.0,40431.0,13260.0,15728.0,40543.0
2025-07-19_01:15:47,10593.0,11533.0,40431.0,14597.0,15728.0,40588.0
2025-07-19_01:15:48,10150.0,11533.0,40431.0,14577.0,15728.0,40588.0
2025-07-19_01:15:48,,,,13961.0,15728.0,40588.0
2025-07-19_01:15:52,3375.0,11533.0,40431.0,12184.0,15728.0,40588.0
2025-07-19_01:15:52,7955.0,11533.0,40431.0,13234.0,15728.0,40588.0
2025-07-19_01:15:52,,,,,,
2025-07-19_01:15:56,6967.0,11533.0,40431.0,3793.0,15728.0,40588.0
2025-07-19_01:15:56,9778.0,11533.0,40431.0,14314.0,15728.0,40588.0
2025-07-19_01:15:56,8112.0,11533.0,40431.0,13042.0,15728.0,40588.0
2025-07-19_01:15:57,9029.0,11533.0,40431.0,13778.0,15728.0,40588.0
2025-07-19_01:15:57,7989.0,11533.0,40431.0,13270.0,15728.0,40588.0
2025-07-19_01:15:57,,,,,,
2025-07-19_01:16:01,6970.0,11533.0,40431.0,3792.0,15728.0,40588.0
2025-07-19_01:16:01,,,,14283.0,15728.0,40594.0
2025-07-19_01:16:05,,,,,,
2025-07-19_01:16:08,6963.0,11533.0,40431.0,3795.0,15728.0,40594.0
2025-07-19_01:16:09,,,,,,
2025-07-19_01:16:12,6968.0,11533.0,40431.0,3792.0,15728.0,40594.0
2025-07-19_01:16:13,,,,,,
2025-07-19_01:16:17,6960.0,11533.0,40431.0,3793.0,15728.0,40594.0
2025-07-19_01:16:17,10105.0,11533.0,40431.0,14389.0,15728.0,40594.0
2025-07-19_01:16:17,,,,13988.0,15728.0,40594.0
2025-07-19_01:16:21,3319.0,11533.0,40431.0,12156.0,15728.0,40594.0
2025-07-19_01:16:21,10054.0,11533.0,40431.0,14471.0,15728.0,40594.0
2025-07-19_01:16:22,2778.0,11533.0,40431.0,12202.0,15728.0,40595.0
2025-07-19_01:16:22,,,,14390.0,15728.0,40595.0
2025-07-19_01:16:26,3375.0,11533.0,40431.0,12166.0,15728.0,40595.0
2025-07-19_01:16:26,,,,14228.0,15728.0,40599.0
2025-07-19_01:16:30,3375.0,11533.0,40431.0,12191.0,15728.0,40599.0
2025-07-19_01:16:30,9697.0,11533.0,40432.0,14480.0,15728.0,40599.0
2025-07-19_01:16:30,,,,,,
2025-07-19_01:16:34,6968.0,11533.0,40432.0,3786.0,15728.0,40599.0
2025-07-19_01:16:34,,,,14026.0,15728.0,40599.0
2025-07-19_01:16:38,3375.0,11533.0,40432.0,12187.0,15728.0,40599.0
2025-07-19_01:16:38,8006.0,11533.0,40432.0,13045.0,15728.0,40599.0
2025-07-19_01:16:38,8623.0,11533.0,40434.0,14089.0,15728.0,40599.0
2025-07-19_01:16:38,9740.0,11533.0,40435.0,13894.0,15728.0,40601.0
2025-07-19_01:16:39,9993.0,11533.0,40436.0,13991.0,15728.0,40601.0
2025-07-19_01:16:39,9308.0,11533.0,40436.0,14396.0,15728.0,40601.0
2025-07-19_01:16:39,,,,14332.0,15728.0,40601.0
2025-07-19_01:16:43,3358.0,11533.0,40436.0,12189.0,15728.0,40601.0
2025-07-19_01:16:43,8516.0,11533.0,40436.0,13801.0,15728.0,40601.0
2025-07-19_01:16:43,10330.0,11533.0,40436.0,14366.0,15728.0,40601.0
2025-07-19_01:16:43,10135.0,11533.0,40452.0,14396.0,15729.0,40604.0
2025-07-19_01:16:44,9940.0,11533.0,40452.0,14281.0,15729.0,40604.0
2025-07-19_01:16:44,9870.0,11533.0,40453.0,14041.0,15729.0,40604.0
2025-07-19_01:16:44,10592.0,11533.0,40462.0,14204.0,15729.0,40605.0
2025-07-19_01:16:44,,,,14777.0,15729.0,40621.0
2025-07-19_01:16:48,3375.0,11533.0,40462.0,12174.0,15729.0,40621.0
2025-07-19_01:16:48,,,,13256.0,15729.0,40621.0
2025-07-19_01:16:52,2778.0,11533.0,40462.0,12190.0,15729.0,40621.0
2025-07-19_01:16:52,9961.0,11533.0,40462.0,14042.0,15729.0,40622.0
2025-07-19_01:16:52,,,,,,
2025-07-19_01:16:57,2778.0,11533.0,40462.0,3776.0,15729.0,40622.0
2025-07-19_01:16:57,7960.0,11533.0,40462.0,12901.0,15729.0,40622.0
2025-07-19_01:16:57,9641.0,11533.0,40462.0,13792.0,15729.0,40622.0
2025-07-19_01:16:57,8116.0,11533.0,40462.0,12807.0,15729.0,40622.0
2025-07-19_01:16:58,10011.0,11533.0,40462.0,14349.0,15729.0,40626.0
2025-07-19_01:16:58,7964.0,11533.0,40462.0,13356.0,15729.0,40626.0
2025-07-19_01:16:58,7945.0,11533.0,40462.0,13254.0,15729.0,40626.0
2025-07-19_01:16:58,,,,14008.0,15729.0,40626.0
2025-07-19_01:17:02,3375.0,11533.0,40462.0,12191.0,15729.0,40628.0
2025-07-19_01:17:02,8053.0,11533.0,40462.0,13344.0,15729.0,40628.0
2025-07-19_01:17:02,,,,,,
2025-07-19_01:17:06,6967.0,11533.0,40462.0,3793.0,15729.0,40628.0
2025-07-19_01:17:07,9767.0,11533.0,40462.0,13985.0,15729.0,40628.0
2025-07-19_01:17:07,9857.0,11533.0,40462.0,14053.0,15729.0,40628.0
2025-07-19_01:17:07,8039.0,11533.0,40462.0,13234.0,15729.0,40628.0
2025-07-19_01:17:07,9874.0,11533.0,40465.0,14012.0,15729.0,40628.0
2025-07-19_01:17:07,10514.0,11533.0,40466.0,14575.0,15729.0,40628.0
2025-07-19_01:17:08,10031.0,11533.0,40473.0,14334.0,15729.0,40628.0
2025-07-19_01:17:08,8113.0,11533.0,40473.0,13505.0,15729.0,40628.0
2025-07-19_01:17:08,8531.0,11533.0,40473.0,13802.0,15729.0,40628.0
2025-07-19_01:17:08,8041.0,11533.0,40473.0,13228.0,15729.0,40628.0
2025-07-19_01:17:09,,,,14473.0,15729.0,40628.0
2025-07-19_01:17:12,3375.0,11533.0,40473.0,12186.0,15729.0,40628.0
2025-07-19_01:17:13,8511.0,11533.0,40473.0,13808.0,15729.0,40637.0
2025-07-19_01:17:13,7953.0,11533.0,40473.0,13043.0,15729.0,40637.0
2025-07-19_01:17:13,,,,14679.0,15729.0,40641.0
2025-07-19_01:17:17,2778.0,11533.0,40473.0,3776.0,15729.0,40641.0
2025-07-19_01:17:18,,,,14155.0,15729.0,40641.0
2025-07-19_01:17:22,2778.0,11533.0,40473.0,12191.0,15729.0,40641.0
2025-07-19_01:17:22,8620.0,11533.0,40473.0,13895.0,15729.0,40641.0
2025-07-19_01:17:22,,,,,,
2025-07-19_01:17:26,6969.0,11533.0,40473.0,3793.0,15729.0,40641.0
2025-07-19_01:17:26,8117.0,11533.0,40476.0,13241.0,15729.0,40641.0
2025-07-19_01:17:26,,,,14260.0,15729.0,40641.0
2025-07-19_01:17:30,3375.0,11533.0,40476.0,12170.0,15729.0,40641.0
2025-07-19_01:17:30,7947.0,11533.0,40476.0,13084.0,15729.0,40641.0
2025-07-19_01:17:30,8524.0,11533.0,40476.0,13087.0,15729.0,40641.0
2025-07-19_01:17:31,10554.0,11542.0,40495.0,14401.0,15729.0,40641.0
2025-07-19_01:17:31,7940.0,11542.0,40495.0,13079.0,15729.0,40641.0
2025-07-19_01:17:31,,,,14099.0,15729.0,40641.0
2025-07-19_01:17:35,2778.0,11542.0,40495.0,12191.0,15729.0,40641.0
2025-07-19_01:17:35,8517.0,11542.0,40495.0,13235.0,15729.0,40641.0
2025-07-19_01:17:35,,,,,,
2025-07-19_01:17:39,6967.0,11542.0,40495.0,3793.0,15729.0,40641.0
2025-07-19_01:17:39,9890.0,11542.0,40495.0,13990.0,15729.0,40641.0
2025-07-19_01:17:40,8507.0,11542.0,40497.0,13802.0,15729.0,40641.0
2025-07-19_01:17:40,7971.0,11542.0,40497.0,13059.0,15729.0,40641.0
2025-07-19_01:17:40,9964.0,11542.0,40497.0,14008.0,15729.0,40641.0
2025-07-19_01:17:40,,,,13258.0,15729.0,40641.0
2025-07-19_01:17:44,2778.0,11542.0,40497.0,12183.0,15729.0,40641.0
2025-07-19_01:17:44,10477.0,11807.0,40790.0,14985.0,15960.0,41062.0
2025-07-19_01:17:45,9203.0,11807.0,40790.0,14008.0,15961.0,41065.0
2025-07-19_01:17:45,8530.0,11807.0,40790.0,14025.0,15961.0,41065.0
2025-07-19_01:17:45,,,,13297.0,15961.0,41065.0
2025-07-19_01:17:49,2778.0,11807.0,40790.0,12168.0,15961.0,41065.0
2025-07-19_01:17:49,9677.0,11807.0,40790.0,13971.0,15961.0,41065.0
2025-07-19_01:17:49,7957.0,11807.0,40790.0,13054.0,15961.0,41065.0
2025-07-19_01:17:50,,,,13782.0,15961.0,41065.0
2025-07-19_01:17:53,3375.0,11807.0,40790.0,12182.0,15961.0,41065.0
2025-07-19_01:17:54,,,,13803.0,15961.0,41065.0
2025-07-19_01:17:57,3302.0,11807.0,40790.0,12182.0,15961.0,41065.0
2025-07-19_01:17:57,,,,,,
2025-07-19_01:18:01,6963.0,11807.0,40790.0,3793.0,15961.0,41065.0
2025-07-19_01:18:02,2778.0,11807.0,40790.0,12185.0,15961.0,41065.0
2025-07-19_01:18:02,,,,,,
2025-07-19_01:18:06,6960.0,11807.0,40790.0,3792.0,15961.0,41065.0
2025-07-19_01:18:06,7950.0,11807.0,40790.0,13084.0,15961.0,41065.0
2025-07-19_01:18:07,,,,13088.0,15961.0,41065.0
2025-07-19_01:18:10,2778.0,11807.0,40790.0,12187.0,15961.0,41065.0
2025-07-19_01:18:11,7956.0,11807.0,40790.0,13270.0,15961.0,41065.0
2025-07-19_01:18:11,7955.0,11807.0,40790.0,13340.0,15961.0,41065.0
2025-07-19_01:18:11,10359.0,11807.0,40793.0,14579.0,15961.0,41065.0
2025-07-19_01:18:11,8030.0,11807.0,40793.0,13050.0,15961.0,41065.0
2025-07-19_01:18:12,8109.0,11807.0,40793.0,13080.0,15961.0,41065.0
2025-07-19_01:18:12,7957.0,11807.0,40793.0,13236.0,15961.0,41065.0
2025-07-19_01:18:12,8025.0,11807.0,40793.0,13050.0,15961.0,41065.0
2025-07-19_01:18:12,8595.0,11807.0,40793.0,14324.0,15961.0,41123.0
2025-07-19_01:18:12,7975.0,11807.0,40793.0,13040.0,15961.0,41123.0
2025-07-19_01:18:13,7945.0,11807.0,40793.0,13265.0,15961.0,41127.0
2025-07-19_01:18:13,7952.0,11807.0,40793.0,13212.0,15961.0,41127.0
2025-07-19_01:18:13,7988.0,11807.0,40793.0,13086.0,15961.0,41127.0
2025-07-19_01:18:13,8106.0,11807.0,40793.0,13075.0,15961.0,41127.0
2025-07-19_01:18:13,8119.0,11807.0,40793.0,13256.0,15961.0,41127.0
2025-07-19_01:18:14,10012.0,11807.0,40793.0,14297.0,15961.0,41128.0
2025-07-19_01:18:14,7953.0,11807.0,40793.0,13044.0,15961.0,41128.0
2025-07-19_01:18:14,,,,14238.0,15961.0,41128.0
2025-07-19_01:18:18,3375.0,11807.0,40793.0,12160.0,15961.0,41128.0
2025-07-19_01:18:18,7992.0,11807.0,40793.0,12903.0,15961.0,41128.0
2025-07-19_01:18:18,,,,13246.0,15961.0,41128.0
2025-07-19_01:18:22,2778.0,11807.0,40793.0,12161.0,15961.0,41128.0
2025-07-19_01:18:22,8114.0,11807.0,40793.0,12899.0,15961.0,41128.0
2025-07-19_01:18:23,8490.0,11807.0,40793.0,14106.0,15961.0,41128.0
2025-07-19_01:18:23,,,,,,
2025-07-19_01:18:27,6961.0,11807.0,40793.0,3792.0,15961.0,41128.0
2025-07-19_01:18:27,7973.0,11807.0,40793.0,13046.0,15961.0,41128.0
2025-07-19_01:18:27,7949.0,11807.0,40793.0,13087.0,15961.0,41128.0
2025-07-19_01:18:27,7962.0,11807.0,40793.0,13077.0,15961.0,41128.0
2025-07-19_01:18:27,8515.0,11807.0,40793.0,13798.0,15961.0,41128.0
2025-07-19_01:18:28,,,,,,
2025-07-19_01:18:32,6959.0,11807.0,40793.0,3792.0,15961.0,41128.0
2025-07-19_01:18:32,8000.0,11807.0,40793.0,13153.0,15961.0,41128.0
2025-07-19_01:18:32,10171.0,11807.0,40795.0,14111.0,15961.0,41128.0
2025-07-19_01:18:32,7954.0,11807.0,40795.0,13230.0,15961.0,41128.0
2025-07-19_01:18:32,8650.0,11808.0,40797.0,14086.0,15961.0,41128.0
2025-07-19_01:18:33,8550.0,11808.0,40801.0,13832.0,15961.0,41128.0
2025-07-19_01:18:33,9849.0,11808.0,40801.0,14071.0,15961.0,41128.0
2025-07-19_01:18:33,7965.0,11808.0,40801.0,13349.0,15961.0,41136.0
2025-07-19_01:18:33,,,,13815.0,15961.0,41136.0
2025-07-19_01:18:37,3319.0,11808.0,40801.0,12185.0,15961.0,41136.0
2025-07-19_01:18:37,,,,,,
2025-07-19_01:18:41,6966.0,11808.0,40801.0,3795.0,15961.0,41136.0
2025-07-19_01:18:42,2778.0,11808.0,40801.0,12187.0,15961.0,41136.0
2025-07-19_01:18:42,9677.0,11808.0,40801.0,13937.0,15961.0,41136.0
2025-07-19_01:18:42,8514.0,11808.0,40801.0,13266.0,15961.0,41136.0
2025-07-19_01:18:43,,,,,,
2025-07-19_01:18:46,6953.0,11808.0,40801.0,3792.0,15961.0,41136.0
2025-07-19_01:18:47,7944.0,11808.0,40801.0,12859.0,15961.0,41136.0
2025-07-19_01:18:47,7957.0,11808.0,40801.0,13272.0,15961.0,41136.0
2025-07-19_01:18:47,7985.0,11808.0,40802.0,13236.0,15961.0,41136.0
2025-07-19_01:18:47,8040.0,11808.0,40802.0,13074.0,15961.0,41136.0
2025-07-19_01:18:48,7956.0,11808.0,40802.0,13242.0,15961.0,41136.0
2025-07-19_01:18:48,7955.0,11808.0,40802.0,13352.0,15961.0,41136.0
2025-07-19_01:18:48,,,,,,
2025-07-19_01:18:52,2778.0,11808.0,40802.0,3776.0,15961.0,41136.0
2025-07-19_01:18:53,9512.0,11808.0,40802.0,14011.0,15961.0,41136.0
2025-07-19_01:18:53,10535.0,11810.0,40804.0,14456.0,15961.0,41136.0
2025-07-19_01:18:53,10179.0,11810.0,40806.0,13895.0,15961.0,41142.0
2025-07-19_01:18:53,,,,,,
2025-07-19_01:18:57,6969.0,11810.0,40806.0,3792.0,15961.0,41142.0
2025-07-19_01:18:57,8036.0,11810.0,40806.0,13058.0,15961.0,41142.0
2025-07-19_01:18:58,7957.0,11810.0,40806.0,13234.0,15961.0,41142.0
2025-07-19_01:18:58,8024.0,11810.0,40806.0,13071.0,15961.0,41142.0
2025-07-19_01:18:58,7943.0,11810.0,40806.0,13083.0,15961.0,41142.0
2025-07-19_01:18:58,7959.0,11810.0,40806.0,13042.0,15961.0,41142.0
2025-07-19_01:18:59,10267.0,11810.0,40806.0,14389.0,15961.0,41142.0
2025-07-19_01:18:59,,,,14027.0,15961.0,41142.0
2025-07-19_01:19:03,3375.0,11810.0,40806.0,12192.0,15961.0,41142.0
2025-07-19_01:19:03,9960.0,11810.0,40806.0,14150.0,15961.0,41142.0
2025-07-19_01:19:03,7952.0,11810.0,40806.0,13042.0,15961.0,41142.0
2025-07-19_01:19:03,8586.0,11810.0,40807.0,14050.0,15961.0,41142.0
2025-07-19_01:19:03,10580.0,11810.0,40807.0,14439.0,15961.0,41142.0
2025-07-19_01:19:04,8525.0,11810.0,40807.0,13802.0,15961.0,41142.0
2025-07-19_01:19:04,8040.0,11810.0,40807.0,13081.0,15961.0,41142.0
2025-07-19_01:19:04,9842.0,11810.0,40808.0,14039.0,15961.0,41142.0
2025-07-19_01:19:04,8069.0,11810.0,40808.0,13041.0,15961.0,41142.0
2025-07-19_01:19:05,7954.0,11810.0,40808.0,13086.0,15961.0,41142.0
2025-07-19_01:19:05,,,,,,
2025-07-19_01:19:09,6966.0,11810.0,40808.0,3786.0,15961.0,41142.0
2025-07-19_01:19:09,7961.0,11810.0,40808.0,13060.0,15961.0,41142.0
2025-07-19_01:19:09,,,,13985.0,15961.0,41142.0
2025-07-19_01:19:13,3302.0,11810.0,40808.0,12194.0,15961.0,41142.0
2025-07-19_01:19:13,10445.0,11810.0,40808.0,14084.0,15961.0,41142.0
2025-07-19_01:19:13,8497.0,11810.0,40808.0,13802.0,15961.0,41142.0
2025-07-19_01:19:13,7951.0,11810.0,40808.0,13044.0,15961.0,41142.0
2025-07-19_01:19:14,2778.0,11810.0,40808.0,12195.0,15961.0,41147.0
2025-07-19_01:19:14,,,,,,
2025-07-19_01:19:18,6969.0,11810.0,40808.0,3793.0,15961.0,41147.0
2025-07-19_01:19:18,7974.0,11810.0,40808.0,13072.0,15961.0,41147.0
2025-07-19_01:19:19,7950.0,11810.0,40808.0,13270.0,15961.0,41147.0
2025-07-19_01:19:19,8021.0,11810.0,40808.0,12898.0,15961.0,41147.0
2025-07-19_01:19:19,8550.0,11810.0,40811.0,13806.0,15961.0,41147.0
2025-07-19_01:19:19,8105.0,11810.0,40811.0,13078.0,15961.0,41147.0
2025-07-19_01:19:20,8036.0,11810.0,40811.0,13078.0,15961.0,41147.0
2025-07-19_01:19:20,8635.0,11810.0,40811.0,14314.0,15961.0,41147.0
2025-07-19_01:19:20,7964.0,11810.0,40811.0,13217.0,15961.0,41147.0
2025-07-19_01:19:20,8032.0,11810.0,40811.0,13231.0,15961.0,41147.0
2025-07-19_01:19:21,7947.0,11810.0,40811.0,12903.0,15961.0,41147.0
2025-07-19_01:19:21,8164.0,11810.0,40813.0,13085.0,15961.0,41147.0
2025-07-19_01:19:21,8096.0,11810.0,40813.0,13082.0,15961.0,41147.0
2025-07-19_01:19:21,8023.0,11810.0,40813.0,13342.0,15961.0,41147.0
2025-07-19_01:19:21,,,,,,
2025-07-19_01:19:25,6966.0,11810.0,40813.0,3793.0,15961.0,41147.0
2025-07-19_01:19:25,10005.0,11810.0,40818.0,14225.0,15961.0,41147.0
2025-07-19_01:19:26,,,,13786.0,15961.0,41147.0
2025-07-19_01:19:29,3375.0,11810.0,40818.0,12163.0,15961.0,41147.0
2025-07-19_01:19:30,8535.0,11810.0,40820.0,13779.0,15961.0,41147.0
2025-07-19_01:19:30,8608.0,11810.0,40839.0,14134.0,15961.0,41147.0
2025-07-19_01:19:30,,,,,,
2025-07-19_01:19:34,6965.0,11810.0,40839.0,3793.0,15961.0,41147.0
2025-07-19_01:19:34,7954.0,11810.0,40839.0,13086.0,15961.0,41147.0
2025-07-19_01:19:34,8605.0,11810.0,40839.0,14049.0,15961.0,41147.0
2025-07-19_01:19:35,9572.0,11810.0,40839.0,14001.0,15961.0,41147.0
2025-07-19_01:19:35,,,,13048.0,15961.0,41147.0
2025-07-19_01:19:39,2778.0,11810.0,40839.0,12197.0,15961.0,41147.0
2025-07-19_01:19:39,9981.0,11810.0,40839.0,14064.0,15961.0,41147.0
2025-07-19_01:19:39,8536.0,11810.0,40839.0,13996.0,15961.0,41147.0
2025-07-19_01:19:39,10411.0,11810.0,40853.0,14109.0,15961.0,41147.0
2025-07-19_01:19:39,9912.0,11810.0,40853.0,14013.0,15961.0,41147.0
2025-07-19_01:19:40,8590.0,11810.0,40853.0,14078.0,15961.0,41147.0
2025-07-19_01:19:40,7968.0,11810.0,40853.0,13346.0,15961.0,41147.0
2025-07-19_01:19:40,9674.0,11810.0,40853.0,14016.0,15961.0,41147.0
2025-07-19_01:19:40,10246.0,11810.0,40853.0,14359.0,15961.0,41147.0
2025-07-19_01:19:41,10637.0,11810.0,40854.0,14934.0,15961.0,41187.0
2025-07-19_01:19:41,9868.0,11810.0,40854.0,14066.0,15961.0,41187.0
2025-07-19_01:19:41,8520.0,11810.0,40854.0,13975.0,15961.0,41187.0
2025-07-19_01:19:41,,,,,,
2025-07-19_01:19:45,6964.0,11810.0,40854.0,3792.0,15961.0,41187.0
2025-07-19_01:19:45,9696.0,11810.0,40854.0,13943.0,15961.0,41187.0
2025-07-19_01:19:45,7955.0,11810.0,40854.0,13241.0,15961.0,41187.0
2025-07-19_01:19:46,7928.0,11810.0,40854.0,13082.0,15961.0,41187.0
2025-07-19_01:19:46,,,,,,
2025-07-19_01:19:50,6964.0,11810.0,40854.0,3792.0,15961.0,41187.0
2025-07-19_01:19:50,8032.0,11810.0,40854.0,13052.0,15961.0,41187.0
2025-07-19_01:19:50,8031.0,11810.0,40854.0,13053.0,15961.0,41187.0
2025-07-19_01:19:50,8643.0,11810.0,40854.0,14096.0,15961.0,41187.0
2025-07-19_01:19:51,9632.0,11810.0,40854.0,14013.0,15961.0,41187.0
2025-07-19_01:19:51,8338.0,11810.0,40854.0,13529.0,15961.0,41187.0
2025-07-19_01:19:51,,,,,,
2025-07-19_01:19:55,6967.0,11810.0,40854.0,3793.0,15961.0,41187.0
2025-07-19_01:19:55,8512.0,11810.0,40854.0,13806.0,15961.0,41187.0
2025-07-19_01:19:55,7949.0,11810.0,40854.0,13047.0,15961.0,41187.0
2025-07-19_01:19:55,,,,13042.0,15961.0,41187.0
2025-07-19_01:19:59,,,,,,
2025-07-19_01:20:03,6968.0,11810.0,40854.0,3792.0,15961.0,41187.0
2025-07-19_01:20:03,8346.0,11810.0,40854.0,13782.0,15961.0,41187.0
2025-07-19_01:20:04,9717.0,11810.0,40854.0,14010.0,15961.0,41187.0
2025-07-19_01:20:04,8528.0,11810.0,40856.0,13934.0,15961.0,41187.0
2025-07-19_01:20:04,,,,,,
2025-07-19_01:20:08,6964.0,11810.0,40856.0,3793.0,15961.0,41187.0
2025-07-19_01:20:08,,,,14189.0,15961.0,41187.0
2025-07-19_01:20:12,3358.0,11810.0,40856.0,12186.0,15961.0,41187.0
2025-07-19_01:20:12,9260.0,11810.0,40863.0,13983.0,15961.0,41187.0
2025-07-19_01:20:12,8553.0,11810.0,40863.0,13921.0,15961.0,41187.0
2025-07-19_01:20:12,,,,13808.0,15961.0,41187.0
2025-07-19_01:20:16,3358.0,11810.0,40863.0,12159.0,15961.0,41187.0
2025-07-19_01:20:16,,,,,,
2025-07-19_01:20:20,6968.0,11810.0,40863.0,3787.0,15961.0,41187.0
2025-07-19_01:20:20,8520.0,11810.0,40863.0,14052.0,15961.0,41187.0
2025-07-19_01:20:21,9976.0,11810.0,40864.0,14252.0,15961.0,41187.0
2025-07-19_01:20:21,9075.0,11810.0,40864.0,13872.0,15961.0,41187.0
2025-07-19_01:20:21,9487.0,11810.0,40864.0,13984.0,15961.0,41187.0
2025-07-19_01:20:21,10302.0,11810.0,40864.0,14523.0,15961.0,41187.0
2025-07-19_01:20:22,,,,,,
2025-07-19_01:20:25,6963.0,11810.0,40864.0,3792.0,15961.0,41187.0
2025-07-19_01:20:26,9987.0,11810.0,40864.0,14054.0,15961.0,41187.0
2025-07-19_01:20:26,8029.0,11810.0,40864.0,13043.0,15961.0,41187.0
2025-07-19_01:20:26,8521.0,11810.0,40864.0,13631.0,15961.0,41190.0
2025-07-19_01:20:26,9721.0,11810.0,40864.0,14007.0,15961.0,41190.0
2025-07-19_01:20:26,9684.0,11810.0,40864.0,13977.0,15961.0,41190.0
2025-07-19_01:20:27,10596.0,11810.0,40876.0,14610.0,15961.0,41190.0
2025-07-19_01:20:27,,,,14440.0,15961.0,41190.0
2025-07-19_01:20:31,3375.0,11810.0,40876.0,12193.0,15961.0,41190.0
2025-07-19_01:20:31,9113.0,11810.0,40876.0,14023.0,15961.0,41190.0
2025-07-19_01:20:31,8029.0,11810.0,40876.0,13083.0,15961.0,41190.0
2025-07-19_01:20:31,9964.0,11810.0,40876.0,14053.0,15961.0,41190.0
2025-07-19_01:20:31,9794.0,11810.0,40876.0,13982.0,15961.0,41190.0
2025-07-19_01:20:32,9723.0,11810.0,40876.0,14219.0,15961.0,41190.0
2025-07-19_01:20:32,10327.0,11810.0,40876.0,14362.0,15961.0,41190.0
2025-07-19_01:20:32,,,,,,
2025-07-19_01:20:36,6969.0,11810.0,40876.0,3793.0,15961.0,41190.0
2025-07-19_01:20:36,7954.0,11810.0,40876.0,12865.0,15961.0,41190.0
2025-07-19_01:20:37,7939.0,11810.0,40876.0,13072.0,15961.0,41190.0
2025-07-19_01:20:37,8037.0,11810.0,40876.0,12833.0,15961.0,41190.0
2025-07-19_01:20:37,8116.0,11810.0,40876.0,13517.0,15961.0,41190.0
2025-07-19_01:20:37,,,,,,
2025-07-19_01:20:41,6967.0,11810.0,40876.0,3793.0,15961.0,41190.0
2025-07-19_01:20:41,,,,14516.0,15969.0,41209.0
2025-07-19_01:20:45,3358.0,11810.0,40876.0,12174.0,15969.0,41209.0
2025-07-19_01:20:45,10628.0,11810.0,40886.0,14485.0,15969.0,41210.0
2025-07-19_01:20:46,2778.0,11810.0,40886.0,12199.0,15969.0,41210.0
2025-07-19_01:20:46,,,,14029.0,15969.0,41215.0
2025-07-19_01:20:50,3358.0,11810.0,40886.0,12193.0,15969.0,41215.0
2025-07-19_01:20:50,7937.0,11810.0,40886.0,13337.0,15969.0,41215.0
2025-07-19_01:20:50,7959.0,11810.0,40886.0,13269.0,15969.0,41215.0
2025-07-19_01:20:51,7945.0,11810.0,40886.0,13261.0,15969.0,41215.0
2025-07-19_01:20:51,7955.0,11810.0,40886.0,13075.0,15969.0,41215.0
2025-07-19_01:20:51,8114.0,11810.0,40886.0,13040.0,15969.0,41215.0
2025-07-19_01:20:51,9872.0,11810.0,40886.0,14004.0,15969.0,41215.0
2025-07-19_01:20:52,8744.0,11810.0,40888.0,13812.0,15969.0,41215.0
2025-07-19_01:20:52,10266.0,11810.0,40888.0,14132.0,15969.0,41227.0
2025-07-19_01:20:52,10053.0,11810.0,40888.0,14054.0,15969.0,41227.0
2025-07-19_01:20:52,,,,14035.0,15969.0,41227.0
2025-07-19_01:20:56,3319.0,11810.0,40888.0,12192.0,15969.0,41227.0
2025-07-19_01:20:56,10242.0,11810.0,40888.0,14388.0,15969.0,41227.0
2025-07-19_01:20:56,9912.0,11810.0,40888.0,13977.0,15969.0,41227.0
2025-07-19_01:20:57,,,,14190.0,15969.0,41227.0
2025-07-19_01:21:00,3302.0,11810.0,40888.0,12183.0,15969.0,41227.0
2025-07-19_01:21:01,10202.0,11810.0,40888.0,14360.0,15969.0,41227.0
2025-07-19_01:21:01,10065.0,11810.0,40890.0,14511.0,15969.0,41227.0
2025-07-19_01:21:01,9868.0,11810.0,40894.0,14002.0,15969.0,41227.0
2025-07-19_01:21:01,8025.0,11810.0,40894.0,13050.0,15969.0,41227.0
2025-07-19_01:21:01,10348.0,11810.0,40898.0,14753.0,15969.0,41230.0
2025-07-19_01:21:02,7940.0,11810.0,40898.0,13272.0,15969.0,41230.0
2025-07-19_01:21:02,,,,14654.0,15969.0,41230.0
2025-07-19_01:21:06,2778.0,11810.0,40898.0,12182.0,15969.0,41230.0
2025-07-19_01:21:06,8603.0,11810.0,40898.0,13845.0,15969.0,41230.0
2025-07-19_01:21:06,10618.0,11810.0,40898.0,14537.0,15969.0,41230.0
2025-07-19_01:21:06,9883.0,11810.0,40898.0,13986.0,15969.0,41230.0
2025-07-19_01:21:07,8038.0,11810.0,40898.0,13240.0,15969.0,41230.0
2025-07-19_01:21:07,7957.0,11810.0,40898.0,13084.0,15969.0,41230.0
2025-07-19_01:21:07,8111.0,11810.0,40899.0,13078.0,15969.0,41230.0
2025-07-19_01:21:07,10580.0,11810.0,40900.0,14880.0,15969.0,41284.0
2025-07-19_01:21:08,7957.0,11810.0,40900.0,13042.0,15969.0,41284.0
2025-07-19_01:21:08,8528.0,11810.0,40900.0,13080.0,15969.0,41284.0
2025-07-19_01:21:08,10651.0,11810.0,40907.0,14703.0,15969.0,41284.0
2025-07-19_01:21:08,9528.0,11810.0,40907.0,13911.0,15969.0,41284.0
2025-07-19_01:21:08,9818.0,11810.0,40907.0,14042.0,15969.0,41284.0
2025-07-19_01:21:09,9686.0,11810.0,40908.0,13970.0,15969.0,41284.0
2025-07-19_01:21:09,7880.0,11810.0,40909.0,13050.0,15969.0,41284.0
2025-07-19_01:21:09,7945.0,11810.0,40909.0,12797.0,15969.0,41284.0
2025-07-19_01:21:09,,,,14127.0,15969.0,41284.0
2025-07-19_01:21:13,3360.0,11810.0,40909.0,12156.0,15969.0,41284.0
2025-07-19_01:21:13,9155.0,11810.0,40909.0,14066.0,15969.0,41284.0
2025-07-19_01:21:13,,,,,,
2025-07-19_01:21:17,6964.0,11810.0,40909.0,3792.0,15969.0,41284.0
2025-07-19_01:21:18,7956.0,11810.0,40909.0,13261.0,15969.0,41284.0
2025-07-19_01:21:18,7948.0,11810.0,40909.0,13236.0,15969.0,41284.0
2025-07-19_01:21:18,8029.0,11810.0,40909.0,13052.0,15969.0,41284.0
2025-07-19_01:21:18,9170.0,11810.0,40909.0,14025.0,15969.0,41284.0
2025-07-19_01:21:18,9897.0,11810.0,40909.0,14027.0,15969.0,41284.0
2025-07-19_01:21:19,8104.0,11810.0,40909.0,12805.0,15969.0,41284.0
2025-07-19_01:21:19,7970.0,11810.0,40909.0,13042.0,15969.0,41284.0
2025-07-19_01:21:19,8543.0,11810.0,40909.0,13666.0,15969.0,41284.0
2025-07-19_01:21:19,8124.0,11810.0,40909.0,13220.0,15969.0,41284.0
2025-07-19_01:21:20,8031.0,11810.0,40909.0,12811.0,15969.0,41284.0
2025-07-19_01:21:20,10117.0,11810.0,40919.0,14549.0,15969.0,41286.0
2025-07-19_01:21:20,10304.0,11810.0,40920.0,14700.0,15969.0,41286.0
2025-07-19_01:21:20,7965.0,11810.0,40920.0,13089.0,15969.0,41286.0
2025-07-19_01:21:20,8687.0,11810.0,40920.0,13923.0,15969.0,41286.0
2025-07-19_01:21:21,,,,13533.0,15969.0,41286.0
2025-07-19_01:21:24,2778.0,11810.0,40920.0,12188.0,15969.0,41286.0
2025-07-19_01:21:25,9982.0,11810.0,40921.0,13984.0,15969.0,41286.0
2025-07-19_01:21:25,9982.0,11810.0,40921.0,13982.0,15969.0,41286.0
2025-07-19_01:21:25,8116.0,11810.0,40921.0,13049.0,15969.0,41286.0
2025-07-19_01:21:25,,,,,,
2025-07-19_01:21:29,6964.0,11810.0,40921.0,3792.0,15969.0,41286.0
2025-07-19_01:21:29,8615.0,11810.0,40921.0,14215.0,15969.0,41286.0
2025-07-19_01:21:30,8692.0,11810.0,40921.0,14213.0,15969.0,41286.0
2025-07-19_01:21:30,8493.0,11810.0,40921.0,13847.0,15969.0,41286.0
2025-07-19_01:21:30,9981.0,11810.0,40921.0,14009.0,15969.0,41286.0
2025-07-19_01:21:30,,,,,,
2025-07-19_01:21:34,6965.0,11810.0,40921.0,3793.0,15969.0,41286.0
2025-07-19_01:21:34,7994.0,11810.0,40921.0,13268.0,15969.0,41286.0
2025-07-19_01:21:35,8508.0,11810.0,40921.0,13035.0,15969.0,41286.0
2025-07-19_01:21:35,7949.0,11810.0,40921.0,13073.0,15969.0,41286.0
2025-07-19_01:21:35,,,,,,
2025-07-19_01:21:39,6962.0,11810.0,40921.0,3793.0,15969.0,41286.0
2025-07-19_01:21:39,7997.0,11810.0,40921.0,13085.0,15969.0,41286.0
2025-07-19_01:21:39,,,,13278.0,15969.0,41286.0
2025-07-19_01:21:43,2778.0,11810.0,40921.0,12163.0,15969.0,41286.0
2025-07-19_01:21:43,7862.0,11810.0,40921.0,12907.0,15969.0,41286.0
2025-07-19_01:21:43,10593.0,11810.0,40921.0,14525.0,15969.0,41286.0
2025-07-19_01:21:44,8041.0,11810.0,40921.0,13086.0,15969.0,41286.0
2025-07-19_01:21:44,10144.0,11810.0,40921.0,14039.0,15969.0,41286.0
2025-07-19_01:21:44,,,,14045.0,15969.0,41286.0
2025-07-19_01:21:48,3321.0,11810.0,40921.0,12188.0,15969.0,41286.0
2025-07-19_01:21:48,,,,,,
2025-07-19_01:21:52,6967.0,11810.0,40921.0,3792.0,15969.0,41286.0
2025-07-19_01:21:52,10173.0,11810.0,40921.0,14224.0,15969.0,41286.0
2025-07-19_01:21:52,9994.0,11810.0,40921.0,14028.0,15969.0,41286.0
2025-07-19_01:21:52,,,,13786.0,15969.0,41286.0
2025-07-19_01:21:56,3360.0,11810.0,40921.0,12189.0,15969.0,41286.0
2025-07-19_01:21:56,7952.0,11810.0,40921.0,13087.0,15969.0,41286.0
2025-07-19_01:21:57,8564.0,11810.0,40921.0,13800.0,15969.0,41286.0
2025-07-19_01:21:57,8503.0,11810.0,40921.0,13619.0,15969.0,41286.0
2025-07-19_01:21:57,8530.0,11810.0,40921.0,13258.0,15969.0,41286.0
2025-07-19_01:21:57,10021.0,11810.0,40921.0,14001.0,15969.0,41286.0
2025-07-19_01:21:57,8749.0,11810.0,40922.0,13924.0,15969.0,41286.0
2025-07-19_01:21:58,9694.0,11810.0,40922.0,13727.0,15969.0,41286.0
2025-07-19_01:21:58,,,,14634.0,15969.0,41286.0
2025-07-19_01:22:02,3358.0,11810.0,40922.0,12189.0,15969.0,41286.0
2025-07-19_01:22:02,9714.0,11810.0,40922.0,13972.0,15969.0,41286.0
2025-07-19_01:22:02,8692.0,11810.0,40922.0,14049.0,15969.0,41286.0
2025-07-19_01:22:02,,,,14019.0,15969.0,41286.0
2025-07-19_01:22:06,3302.0,11810.0,40922.0,12162.0,15969.0,41286.0
2025-07-19_01:22:06,10139.0,11810.0,40922.0,14022.0,15969.0,41286.0
2025-07-19_01:22:07,9829.0,11810.0,40922.0,14209.0,15969.0,41286.0
2025-07-19_01:22:07,8032.0,11810.0,40922.0,13087.0,15969.0,41286.0
2025-07-19_01:22:07,,,,,,
2025-07-19_01:22:11,6965.0,11810.0,40922.0,3793.0,15969.0,41286.0
2025-07-19_01:22:11,10017.0,11810.0,40928.0,14208.0,15969.0,41286.0
2025-07-19_01:22:11,,,,,,
2025-07-19_01:22:15,6963.0,11810.0,40928.0,3792.0,15969.0,41286.0
2025-07-19_01:22:15,8521.0,11810.0,40932.0,13336.0,15969.0,41286.0
2025-07-19_01:22:15,9842.0,11810.0,40932.0,14269.0,15969.0,41286.0
2025-07-19_01:22:16,7953.0,11810.0,40932.0,13251.0,15969.0,41288.0
2025-07-19_01:22:16,8022.0,11810.0,40932.0,13259.0,15969.0,41288.0
2025-07-19_01:22:16,7947.0,11810.0,40932.0,13044.0,15969.0,41288.0
2025-07-19_01:22:16,7967.0,11810.0,40932.0,13079.0,15969.0,41288.0
2025-07-19_01:22:17,8635.0,11810.0,40933.0,14091.0,15969.0,41288.0
2025-07-19_01:22:17,8071.0,11810.0,40933.0,13051.0,15969.0,41288.0
2025-07-19_01:22:17,8515.0,11810.0,40933.0,13661.0,15969.0,41288.0
2025-07-19_01:22:17,9986.0,11810.0,40933.0,14021.0,15969.0,41288.0
2025-07-19_01:22:17,8509.0,11810.0,40933.0,13783.0,15969.0,41288.0
2025-07-19_01:22:18,7950.0,11810.0,40934.0,13078.0,15969.0,41288.0
2025-07-19_01:22:18,8115.0,11810.0,40934.0,13049.0,15969.0,41288.0
2025-07-19_01:22:18,9714.0,11810.0,40934.0,14017.0,15969.0,41288.0
2025-07-19_01:22:18,8517.0,11810.0,40934.0,13803.0,15969.0,41288.0
2025-07-19_01:22:18,8024.0,11810.0,40934.0,13045.0,15969.0,41288.0
2025-07-19_01:22:19,7947.0,11810.0,40934.0,13055.0,15969.0,41288.0
2025-07-19_01:22:19,9993.0,11810.0,40934.0,14242.0,15969.0,41288.0
2025-07-19_01:22:19,10308.0,11810.0,40934.0,14392.0,15969.0,41288.0
2025-07-19_01:22:19,9832.0,11810.0,40934.0,13963.0,15969.0,41288.0
2025-07-19_01:22:20,8116.0,11810.0,40934.0,13088.0,15969.0,41288.0
2025-07-19_01:22:20,8525.0,11810.0,40938.0,13519.0,15969.0,41288.0
2025-07-19_01:22:20,7946.0,11810.0,40938.0,13298.0,15969.0,41288.0
2025-07-19_01:22:20,,,,14335.0,15969.0,41295.0
2025-07-19_01:22:24,2778.0,11810.0,40938.0,12193.0,15969.0,41295.0
2025-07-19_01:22:24,,,,13242.0,15969.0,41295.0
2025-07-19_01:22:28,2778.0,11810.0,40938.0,12194.0,15969.0,41295.0
2025-07-19_01:22:28,10302.0,11810.0,40940.0,13949.0,15969.0,41295.0
2025-07-19_01:22:29,,,,,,
2025-07-19_01:22:32,6963.0,11810.0,40940.0,3792.0,15969.0,41295.0
2025-07-19_01:22:33,10154.0,11810.0,40940.0,14119.0,15969.0,41295.0
2025-07-19_01:22:33,8019.0,11810.0,40940.0,13078.0,15969.0,41295.0
2025-07-19_01:22:33,9639.0,11810.0,40940.0,13952.0,15969.0,41295.0
2025-07-19_01:22:33,7934.0,11810.0,40940.0,13073.0,15969.0,41295.0
2025-07-19_01:22:34,8037.0,11810.0,40940.0,13261.0,15969.0,41295.0
2025-07-19_01:22:34,10223.0,11863.0,41055.0,14089.0,15969.0,41295.0
2025-07-19_01:22:34,9963.0,11863.0,41055.0,14006.0,15969.0,41295.0
2025-07-19_01:22:34,9888.0,11863.0,41055.0,14057.0,15969.0,41295.0
2025-07-19_01:22:35,7958.0,11863.0,41055.0,13051.0,15969.0,41295.0
2025-07-19_01:22:35,9780.0,11863.0,41139.0,14130.0,15976.0,41309.0
2025-07-19_01:22:35,8118.0,11863.0,41139.0,13057.0,15976.0,41309.0
2025-07-19_01:22:35,7955.0,11863.0,41139.0,13080.0,15976.0,41309.0
2025-07-19_01:22:35,,,,13614.0,15976.0,41309.0
2025-07-19_01:22:39,3302.0,11863.0,41139.0,12195.0,15976.0,41309.0
2025-07-19_01:22:39,7967.0,11863.0,41139.0,13520.0,15976.0,41309.0
2025-07-19_01:22:40,8602.0,11863.0,41139.0,14337.0,15976.0,41309.0
2025-07-19_01:22:40,10589.0,11863.0,41139.0,14501.0,15976.0,41309.0
2025-07-19_01:22:40,10230.0,11863.0,41139.0,14348.0,15976.0,41309.0
2025-07-19_01:22:40,8015.0,11863.0,41139.0,13083.0,15976.0,41309.0
2025-07-19_01:22:41,9477.0,11863.0,41139.0,13939.0,15976.0,41309.0
2025-07-19_01:22:41,,,,,,
2025-07-19_01:22:45,6960.0,11863.0,41139.0,3793.0,15976.0,41309.0
2025-07-19_01:22:45,10134.0,11863.0,41139.0,14571.0,15976.0,41309.0
2025-07-19_01:22:45,8055.0,11863.0,41139.0,13231.0,15976.0,41309.0
2025-07-19_01:22:45,,,,,,
2025-07-19_01:22:50,2778.0,11863.0,41139.0,3776.0,15976.0,41309.0
2025-07-19_01:22:50,8042.0,11863.0,41139.0,13089.0,15976.0,41309.0
2025-07-19_01:22:50,7965.0,11863.0,41139.0,13516.0,15976.0,41309.0
2025-07-19_01:22:50,,,,,,
2025-07-19_01:22:54,6971.0,11863.0,41139.0,3793.0,15976.0,41309.0
2025-07-19_01:22:58,2778.0,11863.0,41139.0,12186.0,15976.0,41309.0
2025-07-19_01:22:58,,,,14050.0,15976.0,41309.0
2025-07-19_01:23:02,3373.0,11863.0,41139.0,12186.0,15976.0,41309.0
2025-07-19_01:23:02,10145.0,11863.0,41139.0,14243.0,15976.0,41309.0
2025-07-19_01:23:02,9996.0,11863.0,41139.0,13846.0,15976.0,41309.0
2025-07-19_01:23:03,7973.0,11863.0,41139.0,13275.0,15976.0,41309.0
2025-07-19_01:23:03,,,,13990.0,15976.0,41309.0
2025-07-19_01:23:06,3358.0,11863.0,41139.0,12194.0,15976.0,41309.0
2025-07-19_01:23:07,8635.0,11863.0,41140.0,14052.0,15976.0,41309.0
2025-07-19_01:23:07,8033.0,11863.0,41140.0,13234.0,15976.0,41309.0
2025-07-19_01:23:07,8031.0,11863.0,41140.0,13269.0,15976.0,41309.0
2025-07-19_01:23:07,8637.0,11863.0,41141.0,14087.0,15976.0,41309.0
2025-07-19_01:23:08,9903.0,11863.0,41141.0,14097.0,15976.0,41309.0
2025-07-19_01:23:08,8025.0,11863.0,41141.0,13536.0,15976.0,41310.0
2025-07-19_01:23:08,8039.0,11863.0,41141.0,13266.0,15976.0,41310.0
2025-07-19_01:23:08,,,,,,
2025-07-19_01:23:12,6955.0,11863.0,41141.0,3792.0,15976.0,41310.0
2025-07-19_01:23:12,7959.0,11863.0,41141.0,13042.0,15976.0,41310.0
2025-07-19_01:23:13,9871.0,11863.0,41141.0,14102.0,15976.0,41310.0
2025-07-19_01:23:13,8033.0,11863.0,41141.0,13487.0,15976.0,41310.0
2025-07-19_01:23:13,7953.0,11863.0,41141.0,13257.0,15976.0,41310.0
2025-07-19_01:23:13,8028.0,11863.0,41141.0,13235.0,15976.0,41310.0
2025-07-19_01:23:14,8681.0,11863.0,41141.0,14179.0,15976.0,41310.0
2025-07-19_01:23:14,,,,13984.0,15976.0,41310.0
2025-07-19_01:23:18,2778.0,11863.0,41141.0,12171.0,15976.0,41310.0
2025-07-19_01:23:18,10155.0,11863.0,41141.0,14411.0,15976.0,41310.0
2025-07-19_01:23:18,8053.0,11863.0,41141.0,13078.0,15976.0,41310.0
2025-07-19_01:23:18,8529.0,11863.0,41141.0,13511.0,15976.0,41310.0
2025-07-19_01:23:19,8069.0,11863.0,41141.0,12888.0,15976.0,41310.0
2025-07-19_01:23:19,,,,,,
2025-07-19_01:23:23,6969.0,11863.0,41141.0,3793.0,15976.0,41310.0
2025-07-19_01:23:23,8530.0,11863.0,41141.0,14019.0,15976.0,41310.0
2025-07-19_01:23:23,9137.0,11863.0,41141.0,13784.0,15976.0,41310.0
2025-07-19_01:23:23,9998.0,11863.0,41141.0,14204.0,15976.0,41310.0
2025-07-19_01:23:23,8595.0,11863.0,41141.0,14091.0,15976.0,41310.0
2025-07-19_01:23:24,,,,,,
2025-07-19_01:23:27,6965.0,11863.0,41141.0,3793.0,15976.0,41310.0
2025-07-19_01:23:28,7955.0,11863.0,41141.0,12857.0,15976.0,41310.0
2025-07-19_01:23:28,,,,14258.0,15976.0,41310.0
2025-07-19_01:23:32,3358.0,11863.0,41141.0,12189.0,15976.0,41310.0
2025-07-19_01:23:32,7956.0,11863.0,41141.0,13056.0,15976.0,41310.0
2025-07-19_01:23:32,8038.0,11863.0,41141.0,13547.0,15976.0,41310.0
2025-07-19_01:23:32,,,,,,
2025-07-19_01:23:36,6964.0,11863.0,41141.0,3793.0,15976.0,41310.0
2025-07-19_01:23:36,8051.0,11863.0,41141.0,13519.0,15976.0,41310.0
2025-07-19_01:23:36,8534.0,11863.0,41141.0,13698.0,15976.0,41310.0
2025-07-19_01:23:37,,,,,,
2025-07-19_01:23:41,6966.0,11863.0,41141.0,3786.0,15976.0,41310.0
2025-07-19_01:23:41,,,,13800.0,15976.0,41310.0
2025-07-19_01:23:44,3358.0,11863.0,41141.0,12187.0,15976.0,41310.0
2025-07-19_01:23:45,9708.0,11863.0,41141.0,13999.0,15976.0,41310.0
2025-07-19_01:23:45,8032.0,11863.0,41141.0,13270.0,15976.0,41310.0
2025-07-19_01:23:45,9488.0,11863.0,41141.0,14082.0,15976.0,41310.0
2025-07-19_01:23:45,,,,13796.0,15976.0,41310.0
2025-07-19_01:23:49,3358.0,11863.0,41141.0,12191.0,15976.0,41310.0
2025-07-19_01:23:49,8068.0,11863.0,41150.0,13237.0,15976.0,41310.0
2025-07-19_01:23:49,,,,,,
2025-07-19_01:23:53,6967.0,11863.0,41150.0,3792.0,15976.0,41310.0
2025-07-19_01:23:53,,,,14216.0,15976.0,41310.0
2025-07-19_01:23:57,3375.0,11863.0,41150.0,12185.0,15976.0,41310.0
2025-07-19_01:23:57,9741.0,11863.0,41150.0,14018.0,15976.0,41310.0
2025-07-19_01:23:58,,,,13681.0,15976.0,41310.0
2025-07-19_01:24:01,3358.0,11863.0,41150.0,12188.0,15976.0,41310.0
2025-07-19_01:24:02,7948.0,11863.0,41150.0,13253.0,15976.0,41310.0
2025-07-19_01:24:02,,,,14782.0,15976.0,41312.0
2025-07-19_01:24:05,3358.0,11863.0,41150.0,12182.0,15976.0,41312.0
2025-07-19_01:24:06,8031.0,11863.0,41150.0,13079.0,15976.0,41312.0
2025-07-19_01:24:06,9945.0,11863.0,41150.0,14005.0,15976.0,41312.0
2025-07-19_01:24:06,10155.0,11863.0,41150.0,14272.0,15976.0,41312.0
2025-07-19_01:24:06,9880.0,11863.0,41150.0,13596.0,15976.0,41312.0
2025-07-19_01:24:07,10257.0,11863.0,41150.0,14029.0,15976.0,41348.0
2025-07-19_01:24:07,8521.0,11863.0,41150.0,13783.0,15976.0,41348.0
2025-07-19_01:24:07,8601.0,11863.0,41150.0,14074.0,15976.0,41348.0
2025-07-19_01:24:07,8537.0,11863.0,41150.0,13646.0,15976.0,41348.0
2025-07-19_01:24:07,8972.0,11863.0,41151.0,13811.0,15976.0,41348.0
2025-07-19_01:24:08,8131.0,11863.0,41151.0,13236.0,15976.0,41348.0
2025-07-19_01:24:08,7950.0,11863.0,41151.0,13044.0,15976.0,41348.0
2025-07-19_01:24:08,9962.0,11863.0,41153.0,14035.0,15976.0,41348.0
2025-07-19_01:24:08,,,,13095.0,15976.0,41348.0
2025-07-19_01:24:12,2780.0,11863.0,41153.0,12144.0,15976.0,41348.0
2025-07-19_01:24:12,9872.0,11863.0,41153.0,14018.0,15976.0,41348.0
2025-07-19_01:24:13,,,,,,
2025-07-19_01:24:16,6953.0,11863.0,41153.0,3787.0,15976.0,41348.0
2025-07-19_01:24:17,8597.0,11863.0,41153.0,14085.0,15976.0,41348.0
2025-07-19_01:24:17,9754.0,11863.0,41153.0,14210.0,15976.0,41348.0
2025-07-19_01:24:17,9879.0,11863.0,41155.0,14150.0,15976.0,41348.0
2025-07-19_01:24:17,,,,13761.0,15976.0,41348.0
2025-07-19_01:24:21,3375.0,11863.0,41155.0,12190.0,15976.0,41348.0
2025-07-19_01:24:21,9740.0,11863.0,41155.0,14226.0,15976.0,41348.0
2025-07-19_01:24:21,10070.0,11863.0,41200.0,14132.0,15976.0,41404.0
2025-07-19_01:24:22,8608.0,11863.0,41200.0,14473.0,15976.0,41404.0
2025-07-19_01:24:22,9074.0,11863.0,41200.0,13787.0,15976.0,41422.0
2025-07-19_01:24:22,9225.0,11863.0,41200.0,13818.0,15976.0,41422.0
2025-07-19_01:24:22,9858.0,11863.0,41200.0,14005.0,15976.0,41422.0
2025-07-19_01:24:23,8514.0,11863.0,41200.0,13342.0,15976.0,41422.0
2025-07-19_01:24:23,7979.0,11863.0,41200.0,13353.0,15976.0,41422.0
2025-07-19_01:24:23,7966.0,11863.0,41200.0,13227.0,15976.0,41422.0
2025-07-19_01:24:23,,,,,,
2025-07-19_01:24:27,6966.0,11863.0,41200.0,3793.0,15976.0,41422.0
2025-07-19_01:24:27,8128.0,11863.0,41200.0,13274.0,15976.0,41422.0
2025-07-19_01:24:27,9186.0,11863.0,41200.0,14045.0,15976.0,41422.0
2025-07-19_01:24:28,10435.0,11863.0,41200.0,14393.0,15976.0,41422.0
2025-07-19_01:24:28,,,,14045.0,15976.0,41422.0
2025-07-19_01:24:32,3358.0,11863.0,41200.0,12174.0,15976.0,41422.0
2025-07-19_01:24:32,,,,13995.0,15976.0,41422.0
2025-07-19_01:24:35,3375.0,11863.0,41200.0,12189.0,15976.0,41422.0
2025-07-19_01:24:36,8354.0,11863.0,41200.0,13763.0,15976.0,41422.0
2025-07-19_01:24:36,7958.0,11863.0,41200.0,13258.0,15976.0,41422.0
2025-07-19_01:24:36,,,,,,
2025-07-19_01:24:40,6970.0,11863.0,41200.0,3793.0,15976.0,41422.0
2025-07-19_01:24:40,9964.0,11863.0,41200.0,13794.0,15976.0,41422.0
2025-07-19_01:24:40,9995.0,11863.0,41200.0,14030.0,15976.0,41422.0
2025-07-19_01:24:41,10269.0,11863.0,41200.0,14358.0,15976.0,41422.0
2025-07-19_01:24:41,8108.0,11863.0,41200.0,13231.0,15976.0,41422.0
2025-07-19_01:24:41,8034.0,11863.0,41200.0,13047.0,15976.0,41422.0
2025-07-19_01:24:41,8612.0,11863.0,41201.0,14070.0,15976.0,41422.0
2025-07-19_01:24:41,8520.0,11863.0,41201.0,13888.0,15976.0,41422.0
2025-07-19_01:24:42,,,,,,
2025-07-19_01:24:45,6964.0,11863.0,41201.0,3793.0,15976.0,41422.0
2025-07-19_01:24:46,10475.0,11863.0,41202.0,14296.0,15976.0,41422.0
2025-07-19_01:24:46,9937.0,11863.0,41203.0,14126.0,15976.0,41422.0
2025-07-19_01:24:46,10027.0,11863.0,41203.0,14167.0,15976.0,41422.0
2025-07-19_01:24:46,8619.0,11863.0,41203.0,14086.0,15976.0,41422.0
2025-07-19_01:24:47,8593.0,11863.0,41203.0,14059.0,15976.0,41422.0
2025-07-19_01:24:47,8663.0,11863.0,41204.0,14088.0,15976.0,41422.0
2025-07-19_01:24:47,7949.0,11863.0,41204.0,13079.0,15976.0,41422.0
2025-07-19_01:24:47,9852.0,11863.0,41204.0,13980.0,15976.0,41422.0
2025-07-19_01:24:47,10052.0,11863.0,41204.0,14566.0,15976.0,41422.0
2025-07-19_01:24:48,8509.0,11863.0,41204.0,13806.0,15976.0,41422.0
2025-07-19_01:24:48,8037.0,11863.0,41204.0,13074.0,15976.0,41422.0
2025-07-19_01:24:48,8073.0,11863.0,41204.0,12859.0,15976.0,41422.0
2025-07-19_01:24:48,10169.0,11863.0,41204.0,14310.0,15976.0,41422.0
2025-07-19_01:24:49,10411.0,11863.0,41206.0,14330.0,15981.0,41429.0
2025-07-19_01:24:49,,,,14220.0,15981.0,41429.0
2025-07-19_01:24:52,3375.0,11863.0,41206.0,12188.0,15981.0,41429.0
2025-07-19_01:24:53,10003.0,11863.0,41206.0,14034.0,15981.0,41429.0
2025-07-19_01:24:53,7956.0,11863.0,41206.0,13253.0,15981.0,41429.0
2025-07-19_01:24:53,10671.0,11863.0,41206.0,14504.0,15981.0,41430.0
2025-07-19_01:24:53,9675.0,11863.0,41206.0,13977.0,15981.0,41430.0
2025-07-19_01:24:54,,,,13247.0,15981.0,41430.0
2025-07-19_01:24:57,2778.0,11863.0,41206.0,12191.0,15981.0,41430.0
2025-07-19_01:24:58,10153.0,11863.0,41206.0,14350.0,15981.0,41430.0
2025-07-19_01:24:58,10005.0,11863.0,41206.0,13852.0,15981.0,41430.0
2025-07-19_01:24:58,7956.0,11863.0,41206.0,13047.0,15981.0,41430.0
2025-07-19_01:24:58,10436.0,11863.0,41206.0,14646.0,15981.0,41430.0
2025-07-19_01:24:59,9897.0,11863.0,41206.0,14096.0,15981.0,41430.0
2025-07-19_01:24:59,8075.0,11863.0,41206.0,13306.0,15981.0,41430.0
2025-07-19_01:24:59,8067.0,11863.0,41206.0,13056.0,15981.0,41430.0
2025-07-19_01:24:59,9992.0,11863.0,41206.0,13988.0,15981.0,41430.0
2025-07-19_01:24:59,,,,14047.0,15981.0,41430.0
2025-07-19_01:25:03,3375.0,11863.0,41206.0,12194.0,15981.0,41430.0
2025-07-19_01:25:03,8590.0,11863.0,41206.0,13965.0,15981.0,41430.0
2025-07-19_01:25:03,9671.0,11863.0,41206.0,13984.0,15981.0,41430.0
2025-07-19_01:25:04,,,,14163.0,15981.0,41430.0
2025-07-19_01:25:07,3358.0,11863.0,41206.0,12191.0,15981.0,41430.0
2025-07-19_01:25:08,8511.0,11863.0,41206.0,13799.0,15981.0,41430.0
2025-07-19_01:25:08,8106.0,11863.0,41206.0,13236.0,15981.0,41430.0
2025-07-19_01:25:08,10259.0,11863.0,41214.0,14055.0,15981.0,41430.0
2025-07-19_01:25:08,,,,13991.0,15981.0,41430.0
2025-07-19_01:25:12,3319.0,11863.0,41214.0,12164.0,15981.0,41430.0
2025-07-19_01:25:12,7953.0,11863.0,41214.0,13080.0,15981.0,41430.0
2025-07-19_01:25:12,,,,14956.0,15981.0,41454.0
2025-07-19_01:25:16,3358.0,11863.0,41214.0,12162.0,15981.0,41454.0
2025-07-19_01:25:16,,,,13775.0,15981.0,41454.0
2025-07-19_01:25:20,3319.0,11863.0,41214.0,12193.0,15981.0,41454.0
2025-07-19_01:25:20,,,,,,
2025-07-19_01:25:24,6967.0,11863.0,41214.0,3793.0,15981.0,41454.0
2025-07-19_01:25:24,9683.0,11863.0,41214.0,14272.0,15981.0,41454.0
2025-07-19_01:25:24,,,,13917.0,15981.0,41469.0
2025-07-19_01:25:28,3377.0,11863.0,41214.0,12191.0,15981.0,41469.0
2025-07-19_01:25:28,8641.0,11863.0,41214.0,14098.0,15981.0,41469.0
2025-07-19_01:25:29,9974.0,11863.0,41214.0,13984.0,15981.0,41469.0
2025-07-19_01:25:29,7961.0,11863.0,41214.0,13228.0,15981.0,41469.0
2025-07-19_01:25:29,,,,,,
2025-07-19_01:25:33,6971.0,11863.0,41214.0,3793.0,15981.0,41469.0
2025-07-19_01:25:33,8536.0,11863.0,41214.0,14126.0,15981.0,41469.0
2025-07-19_01:25:33,9498.0,11863.0,41214.0,14012.0,15981.0,41469.0
2025-07-19_01:25:33,10209.0,11863.0,41214.0,14126.0,15981.0,41469.0
2025-07-19_01:25:34,10630.0,11863.0,41216.0,14957.0,15981.0,41469.0
2025-07-19_01:25:34,8070.0,11863.0,41216.0,12872.0,15981.0,41469.0
2025-07-19_01:25:34,8035.0,11863.0,41216.0,13237.0,15981.0,41469.0
2025-07-19_01:25:34,9861.0,11863.0,41216.0,13940.0,15981.0,41469.0
2025-07-19_01:25:35,9986.0,11863.0,41216.0,14218.0,15981.0,41469.0
2025-07-19_01:25:35,,,,14069.0,15981.0,41470.0
2025-07-19_01:25:39,2778.0,11863.0,41216.0,12188.0,15981.0,41470.0
2025-07-19_01:25:39,8545.0,11863.0,41216.0,13836.0,15981.0,41470.0
2025-07-19_01:25:39,,,,,,
2025-07-19_01:25:43,6968.0,11863.0,41216.0,3793.0,15981.0,41470.0
2025-07-19_01:25:43,,,,,,
2025-07-19_01:25:47,6964.0,11863.0,41216.0,3792.0,15981.0,41470.0
2025-07-19_01:25:47,9871.0,11863.0,41216.0,14002.0,15981.0,41470.0
2025-07-19_01:25:47,9977.0,11863.0,41216.0,14277.0,15981.0,41470.0
2025-07-19_01:25:48,9993.0,11863.0,41218.0,14163.0,15981.0,41490.0
2025-07-19_01:25:48,,,,14036.0,15981.0,41490.0
2025-07-19_01:25:52,3358.0,11863.0,41218.0,12185.0,15981.0,41490.0
2025-07-19_01:25:52,8042.0,11863.0,41218.0,13241.0,15981.0,41490.0
2025-07-19_01:25:52,8042.0,11863.0,41219.0,13252.0,15981.0,41490.0
2025-07-19_01:25:52,10452.0,11863.0,41290.0,14486.0,15981.0,41543.0
2025-07-19_01:25:52,10032.0,11863.0,41290.0,13884.0,15981.0,41543.0
2025-07-19_01:25:53,10569.0,11863.0,41290.0,14402.0,15981.0,41543.0
2025-07-19_01:25:53,10138.0,11863.0,41290.0,14364.0,15981.0,41543.0
2025-07-19_01:25:53,7980.0,11863.0,41290.0,13058.0,15981.0,41543.0
2025-07-19_01:25:53,8029.0,11863.0,41290.0,13260.0,15981.0,41543.0
2025-07-19_01:25:54,,,,13787.0,15981.0,41543.0
2025-07-19_01:25:57,3302.0,11863.0,41290.0,12196.0,15981.0,41543.0
2025-07-19_01:25:57,8019.0,11863.0,41290.0,13084.0,15981.0,41543.0
2025-07-19_01:25:58,9640.0,11863.0,41290.0,13953.0,15981.0,41543.0
2025-07-19_01:25:58,8598.0,11863.0,41290.0,14080.0,15981.0,41543.0
2025-07-19_01:25:58,8492.0,11863.0,41290.0,13971.0,15981.0,41543.0
2025-07-19_01:25:58,9269.0,11863.0,41290.0,14164.0,15981.0,41543.0
2025-07-19_01:25:59,8659.0,11863.0,41290.0,13931.0,15981.0,41543.0
2025-07-19_01:25:59,7962.0,11863.0,41290.0,13032.0,15981.0,41543.0
2025-07-19_01:25:59,,,,,,
2025-07-19_01:26:03,6968.0,11863.0,41290.0,3792.0,15981.0,41543.0
2025-07-19_01:26:03,8516.0,11863.0,41290.0,13659.0,15981.0,41543.0
2025-07-19_01:26:03,10504.0,11863.0,41290.0,14742.0,15981.0,41559.0
2025-07-19_01:26:04,,,,,,
2025-07-19_01:26:07,6964.0,11863.0,41290.0,3787.0,15981.0,41559.0
2025-07-19_01:26:08,10015.0,11863.0,41290.0,14248.0,15981.0,41559.0
2025-07-19_01:26:08,,,,14537.0,15981.0,41559.0
2025-07-19_01:26:12,3375.0,11863.0,41290.0,12185.0,15981.0,41559.0
2025-07-19_01:26:12,,,,,,
2025-07-19_01:26:16,6967.0,11863.0,41291.0,3792.0,15981.0,41559.0
2025-07-19_01:26:16,10513.0,11863.0,41291.0,14964.0,15981.0,41559.0
2025-07-19_01:26:16,,,,,,
2025-07-19_01:26:20,6967.0,11863.0,41291.0,3787.0,15981.0,41559.0
2025-07-19_01:26:20,8521.0,11863.0,41291.0,13797.0,15981.0,41559.0
2025-07-19_01:26:20,8118.0,11863.0,41291.0,13345.0,15981.0,41559.0
2025-07-19_01:26:20,8510.0,11863.0,41291.0,13262.0,15981.0,41559.0
2025-07-19_01:26:21,10485.0,11863.0,41292.0,14549.0,15981.0,41559.0
2025-07-19_01:26:21,8594.0,11863.0,41292.0,14066.0,15981.0,41559.0
2025-07-19_01:26:21,10010.0,11863.0,41292.0,14030.0,15981.0,41559.0
2025-07-19_01:26:21,,,,14295.0,15981.0,41559.0
2025-07-19_01:26:25,2778.0,11863.0,41292.0,12197.0,15981.0,41559.0
2025-07-19_01:26:25,8513.0,11863.0,41292.0,13799.0,15981.0,41559.0
2025-07-19_01:26:26,8625.0,11863.0,41292.0,14099.0,15981.0,41559.0
2025-07-19_01:26:26,8677.0,11863.0,41292.0,14083.0,15981.0,41559.0
2025-07-19_01:26:26,8561.0,11863.0,41292.0,13807.0,15981.0,41559.0
2025-07-19_01:26:26,8512.0,11863.0,41292.0,13080.0,15981.0,41559.0
2025-07-19_01:26:26,8063.0,11863.0,41292.0,12869.0,15981.0,41559.0
2025-07-19_01:26:27,8123.0,11863.0,41292.0,13262.0,15981.0,41559.0
2025-07-19_01:26:27,8553.0,11863.0,41292.0,13804.0,15981.0,41559.0
2025-07-19_01:26:27,8664.0,11863.0,41292.0,13974.0,15981.0,41559.0
2025-07-19_01:26:27,,,,,,
2025-07-19_01:26:31,6972.0,11863.0,41292.0,3793.0,15981.0,41559.0
2025-07-19_01:26:31,8661.0,11863.0,41292.0,14364.0,15981.0,41559.0
2025-07-19_01:26:32,,,,,,
2025-07-19_01:26:35,6958.0,11863.0,41292.0,3792.0,15981.0,41559.0
2025-07-19_01:26:36,10104.0,11863.0,41292.0,14547.0,15981.0,41559.0
2025-07-19_01:26:36,10146.0,11863.0,41292.0,14040.0,15981.0,41559.0
2025-07-19_01:26:36,9878.0,11863.0,41294.0,14246.0,15981.0,41559.0
2025-07-19_01:26:36,8527.0,11863.0,41294.0,13992.0,15981.0,41559.0
2025-07-19_01:26:37,9597.0,11863.0,41294.0,14015.0,15981.0,41559.0
2025-07-19_01:26:37,9995.0,11863.0,41295.0,14195.0,15981.0,41559.0
2025-07-19_01:26:37,,,,14329.0,15981.0,41562.0
2025-07-19_01:26:41,3319.0,11863.0,41295.0,12187.0,15981.0,41562.0
2025-07-19_01:26:41,7985.0,11863.0,41295.0,13043.0,15981.0,41562.0
2025-07-19_01:26:41,10229.0,11863.0,41295.0,14294.0,15981.0,41563.0
2025-07-19_01:26:41,8551.0,11863.0,41295.0,14132.0,15981.0,41563.0
2025-07-19_01:26:42,,,,13909.0,15981.0,41563.0
2025-07-19_01:26:45,3319.0,11863.0,41295.0,12177.0,15981.0,41563.0
2025-07-19_01:26:45,9896.0,11863.0,41295.0,14060.0,15981.0,41564.0
2025-07-19_01:26:46,10061.0,11863.0,41295.0,14182.0,15981.0,41564.0
2025-07-19_01:26:46,9810.0,11863.0,41295.0,14248.0,15981.0,41564.0
2025-07-19_01:26:46,9781.0,11863.0,41295.0,14107.0,15981.0,41565.0
2025-07-19_01:26:46,,,,,,
2025-07-19_01:26:50,6968.0,11863.0,41295.0,3792.0,15981.0,41565.0
2025-07-19_01:26:50,8021.0,11863.0,41295.0,13039.0,15981.0,41565.0
2025-07-19_01:26:50,9878.0,11863.0,41295.0,13987.0,15981.0,41565.0
2025-07-19_01:26:51,8641.0,11863.0,41295.0,14356.0,15981.0,41565.0
2025-07-19_01:26:51,8043.0,11863.0,41295.0,13227.0,15981.0,41565.0
2025-07-19_01:26:51,8630.0,11863.0,41295.0,14398.0,15981.0,41565.0
2025-07-19_01:26:51,10243.0,11863.0,41295.0,14531.0,15981.0,41565.0
2025-07-19_01:26:52,8034.0,11863.0,41295.0,13222.0,15981.0,41565.0
2025-07-19_01:26:52,9136.0,11863.0,41295.0,13791.0,15981.0,41565.0
2025-07-19_01:26:52,8128.0,11863.0,41295.0,13073.0,15981.0,41565.0
2025-07-19_01:26:52,9846.0,11863.0,41295.0,14268.0,15981.0,41565.0
2025-07-19_01:26:52,10156.0,11863.0,41295.0,14322.0,15981.0,41565.0
2025-07-19_01:26:53,8605.0,11863.0,41295.0,14421.0,15981.0,41565.0
2025-07-19_01:26:53,8586.0,11863.0,41295.0,14220.0,15981.0,41565.0
2025-07-19_01:26:53,9107.0,11863.0,41295.0,13822.0,15981.0,41565.0
2025-07-19_01:26:53,10004.0,11863.0,41295.0,13803.0,15981.0,41565.0
2025-07-19_01:26:54,9638.0,11863.0,41295.0,13963.0,15981.0,41568.0
2025-07-19_01:26:54,,,,13077.0,15981.0,41568.0
2025-07-19_01:26:58,2778.0,11863.0,41295.0,12186.0,15981.0,41568.0
2025-07-19_01:26:58,10033.0,11863.0,41295.0,14394.0,15981.0,41568.0
2025-07-19_01:26:58,10487.0,11863.0,41306.0,14503.0,15981.0,41569.0
2025-07-19_01:26:58,,,,14093.0,15981.0,41569.0
2025-07-19_01:27:02,3358.0,11863.0,41306.0,12179.0,15981.0,41569.0
2025-07-19_01:27:02,10049.0,11863.0,41307.0,14310.0,15981.0,41569.0
2025-07-19_01:27:02,9835.0,11863.0,41307.0,14128.0,15981.0,41569.0
2025-07-19_01:27:03,9111.0,11863.0,41307.0,13809.0,15981.0,41569.0
2025-07-19_01:27:03,8532.0,11863.0,41307.0,13840.0,15981.0,41569.0
2025-07-19_01:27:03,8520.0,11863.0,41307.0,13797.0,15981.0,41569.0
2025-07-19_01:27:03,10397.0,11863.0,41311.0,14354.0,15981.0,41569.0
2025-07-19_01:27:03,9124.0,11863.0,41311.0,13997.0,15981.0,41569.0
2025-07-19_01:27:04,,,,13961.0,15981.0,41569.0
2025-07-19_01:27:07,3360.0,11863.0,41311.0,12190.0,15981.0,41569.0
2025-07-19_01:27:08,,,,14249.0,15981.0,41569.0
2025-07-19_01:27:11,2778.0,11863.0,41311.0,12185.0,15981.0,41569.0
2025-07-19_01:27:12,,,,,,
2025-07-19_01:27:15,6963.0,11863.0,41311.0,3793.0,15981.0,41569.0
2025-07-19_01:27:16,7945.0,11863.0,41311.0,13082.0,15981.0,41569.0
2025-07-19_01:27:16,7976.0,11863.0,41311.0,13305.0,15981.0,41569.0
2025-07-19_01:27:16,,,,14048.0,15981.0,41569.0
2025-07-19_01:27:20,3358.0,11863.0,41311.0,12162.0,15981.0,41569.0
2025-07-19_01:27:20,8623.0,11863.0,41311.0,14179.0,15981.0,41569.0
2025-07-19_01:27:20,8120.0,11863.0,41311.0,13257.0,15981.0,41569.0
2025-07-19_01:27:20,9555.0,11863.0,41311.0,14097.0,15981.0,41569.0
2025-07-19_01:27:21,8117.0,11863.0,41311.0,13267.0,15981.0,41569.0
2025-07-19_01:27:21,10469.0,11863.0,41311.0,14661.0,15981.0,41569.0
2025-07-19_01:27:21,,,,,,
2025-07-19_01:27:25,6969.0,11863.0,41311.0,3792.0,15981.0,41569.0
2025-07-19_01:27:25,9659.0,11863.0,41311.0,13974.0,15981.0,41569.0
2025-07-19_01:27:25,8615.0,11863.0,41311.0,14177.0,15981.0,41569.0
2025-07-19_01:27:26,9839.0,11863.0,41312.0,14026.0,15981.0,41569.0
2025-07-19_01:27:26,10235.0,11863.0,41313.0,14605.0,15981.0,41571.0
2025-07-19_01:27:26,10002.0,11863.0,41313.0,13753.0,15981.0,41571.0
2025-07-19_01:27:26,8506.0,11863.0,41313.0,13804.0,15981.0,41571.0
2025-07-19_01:27:27,,,,14422.0,15981.0,41571.0
2025-07-19_01:27:30,3358.0,11863.0,41313.0,12191.0,15981.0,41571.0
2025-07-19_01:27:30,10022.0,11863.0,41313.0,13794.0,15981.0,41571.0
2025-07-19_01:27:31,,,,15285.0,15981.0,41685.0
2025-07-19_01:27:34,3358.0,11863.0,41313.0,12196.0,15981.0,41685.0
2025-07-19_01:27:35,9953.0,11863.0,41313.0,14392.0,15981.0,41685.0
2025-07-19_01:27:35,8574.0,11863.0,41313.0,13951.0,15981.0,41685.0
2025-07-19_01:27:35,10034.0,11863.0,41314.0,14279.0,15981.0,41685.0
2025-07-19_01:27:35,9886.0,11863.0,41314.0,13977.0,15981.0,41685.0
2025-07-19_01:27:36,10007.0,11863.0,41314.0,14027.0,15981.0,41685.0
2025-07-19_01:27:36,,,,,,
2025-07-19_01:27:40,6962.0,11863.0,41314.0,3793.0,15981.0,41685.0
2025-07-19_01:27:40,,,,14029.0,15981.0,41685.0
2025-07-19_01:27:44,3319.0,11863.0,41314.0,12181.0,15981.0,41685.0
2025-07-19_01:27:44,,,,14305.0,15981.0,41685.0
2025-07-19_01:27:48,3358.0,11863.0,41314.0,12175.0,15981.0,41685.0
2025-07-19_01:27:48,10148.0,11863.0,41316.0,14645.0,15981.0,41685.0
2025-07-19_01:27:48,8022.0,11863.0,41316.0,13081.0,15981.0,41685.0
2025-07-19_01:27:48,,,,13775.0,15981.0,41685.0
2025-07-19_01:27:52,3302.0,11863.0,41316.0,12186.0,15981.0,41685.0
2025-07-19_01:27:52,9989.0,11863.0,41316.0,13977.0,15981.0,41685.0
2025-07-19_01:27:52,10305.0,11863.0,41316.0,14358.0,15981.0,41685.0
2025-07-19_01:27:52,9162.0,11863.0,41316.0,13829.0,15981.0,41685.0
2025-07-19_01:27:53,10291.0,11863.0,41317.0,14146.0,15981.0,41685.0
2025-07-19_01:27:53,,,,14283.0,15981.0,41686.0
2025-07-19_01:27:57,2778.0,11863.0,41317.0,12161.0,15981.0,41686.0
2025-07-19_01:27:57,10010.0,11863.0,41317.0,14276.0,15981.0,41686.0
2025-07-19_01:27:57,,,,,,
2025-07-19_01:28:01,6965.0,11863.0,41317.0,3792.0,15981.0,41686.0
2025-07-19_01:28:01,9966.0,11863.0,41317.0,14211.0,15981.0,41686.0
2025-07-19_01:28:01,10015.0,11863.0,41317.0,13999.0,15981.0,41686.0
2025-07-19_01:28:02,9975.0,11863.0,41317.0,14021.0,15981.0,41686.0
2025-07-19_01:28:02,10032.0,11863.0,41317.0,14027.0,15981.0,41686.0
2025-07-19_01:28:02,10017.0,11863.0,41317.0,14018.0,15981.0,41686.0
2025-07-19_01:28:02,9465.0,11863.0,41317.0,14174.0,15981.0,41686.0
2025-07-19_01:28:02,9976.0,11863.0,41317.0,13970.0,15981.0,41686.0
2025-07-19_01:28:03,10261.0,11863.0,41317.0,14391.0,15981.0,41686.0
2025-07-19_01:28:03,,,,,,
2025-07-19_01:28:07,6964.0,11863.0,41317.0,3793.0,15981.0,41686.0
2025-07-19_01:28:07,,,,,,
2025-07-19_01:28:11,6972.0,11863.0,41317.0,3786.0,15981.0,41686.0
2025-07-19_01:28:11,10100.0,11863.0,41317.0,13979.0,15981.0,41686.0
2025-07-19_01:28:11,8515.0,11863.0,41317.0,14079.0,15981.0,41686.0
2025-07-19_01:28:12,3300.0,11863.0,41317.0,12169.0,15981.0,41686.0
2025-07-19_01:28:12,10000.0,11863.0,41317.0,14031.0,15981.0,41686.0
2025-07-19_01:28:12,,,,,,
2025-07-19_01:28:16,6959.0,11863.0,41317.0,3792.0,15981.0,41686.0
2025-07-19_01:28:16,,,,14086.0,15981.0,41688.0
2025-07-19_01:28:20,2778.0,11863.0,41317.0,12182.0,15981.0,41688.0
2025-07-19_01:28:21,10202.0,11863.0,41318.0,14321.0,15981.0,41688.0
2025-07-19_01:28:21,,,,,,
2025-07-19_01:28:25,6964.0,11863.0,41318.0,3786.0,15981.0,41688.0
2025-07-19_01:28:25,9133.0,11863.0,41318.0,13999.0,15981.0,41688.0
2025-07-19_01:28:25,10744.0,11863.0,41319.0,14994.0,15981.0,41699.0
2025-07-19_01:28:25,,,,13813.0,15981.0,41699.0
2025-07-19_01:28:29,3377.0,11863.0,41319.0,12188.0,15981.0,41699.0
2025-07-19_01:28:29,10004.0,11863.0,41319.0,14026.0,15981.0,41699.0
2025-07-19_01:28:29,9004.0,11863.0,41319.0,13828.0,15981.0,41699.0
2025-07-19_01:28:30,10542.0,11863.0,41320.0,14677.0,15981.0,41699.0
2025-07-19_01:28:30,10004.0,11863.0,41320.0,14111.0,15981.0,41706.0
2025-07-19_01:28:30,,,,12097.0,15981.0,41706.0
2025-07-19_01:28:34,2778.0,11863.0,41320.0,12193.0,15981.0,41706.0
2025-07-19_01:28:34,8034.0,11863.0,41320.0,13217.0,15981.0,41706.0
2025-07-19_01:28:34,,,,,,
2025-07-19_01:28:38,6970.0,11863.0,41320.0,3793.0,15981.0,41706.0
2025-07-19_01:28:38,10034.0,11863.0,41320.0,13879.0,15981.0,41706.0
2025-07-19_01:28:39,8623.0,11863.0,41320.0,14094.0,15981.0,41706.0
2025-07-19_01:28:39,7977.0,11863.0,41320.0,13078.0,15981.0,41706.0
2025-07-19_01:28:39,9915.0,11863.0,41320.0,14369.0,15981.0,41707.0
2025-07-19_01:28:39,8681.0,11863.0,41321.0,14211.0,15981.0,41707.0
2025-07-19_01:28:40,10288.0,11863.0,41327.0,14363.0,15981.0,41707.0
2025-07-19_01:28:40,8616.0,11863.0,41327.0,14093.0,15981.0,41707.0
2025-07-19_01:28:40,10181.0,11863.0,41327.0,14292.0,15981.0,41707.0
2025-07-19_01:28:40,8029.0,11863.0,41327.0,13523.0,15981.0,41707.0
2025-07-19_01:28:40,7961.0,11863.0,41327.0,13085.0,15981.0,41707.0
2025-07-19_01:28:41,9706.0,11863.0,41327.0,13977.0,15981.0,41707.0
2025-07-19_01:28:41,10026.0,11863.0,41327.0,14137.0,15981.0,41716.0
2025-07-19_01:28:41,9969.0,11863.0,41327.0,14027.0,15981.0,41716.0
2025-07-19_01:28:41,9742.0,11863.0,41327.0,13994.0,15981.0,41716.0
2025-07-19_01:28:42,10589.0,11863.0,41327.0,14442.0,15981.0,41716.0
2025-07-19_01:28:42,9980.0,11863.0,41327.0,14277.0,15981.0,41716.0
2025-07-19_01:28:42,8659.0,11863.0,41327.0,14090.0,15981.0,41716.0
2025-07-19_01:28:42,,,,,,
2025-07-19_01:28:46,6967.0,11863.0,41327.0,3793.0,15981.0,41716.0
2025-07-19_01:28:46,,,,14073.0,15981.0,41716.0
2025-07-19_01:28:50,3375.0,11863.0,41327.0,12185.0,15981.0,41716.0
2025-07-19_01:28:50,8012.0,11863.0,41327.0,12840.0,15981.0,41716.0
2025-07-19_01:28:50,10339.0,11863.0,41329.0,14496.0,15981.0,41716.0
2025-07-19_01:28:51,9682.0,11863.0,41329.0,14077.0,15981.0,41716.0
2025-07-19_01:28:51,9872.0,11863.0,41329.0,13981.0,15981.0,41716.0
2025-07-19_01:28:51,8509.0,11863.0,41329.0,13833.0,15981.0,41716.0
2025-07-19_01:28:51,8615.0,11863.0,41329.0,14083.0,15981.0,41716.0
2025-07-19_01:28:52,9460.0,11863.0,41329.0,13962.0,15981.0,41716.0
2025-07-19_01:28:52,9983.0,11863.0,41341.0,13989.0,15981.0,41716.0
2025-07-19_01:28:52,,,,14061.0,15981.0,41716.0
2025-07-19_01:28:56,3302.0,11863.0,41341.0,12173.0,15981.0,41716.0
2025-07-19_01:28:56,8031.0,11863.0,41341.0,12858.0,15981.0,41716.0
2025-07-19_01:28:56,,,,13791.0,15981.0,41716.0
2025-07-19_01:29:00,3358.0,11863.0,41341.0,12195.0,15981.0,41716.0
2025-07-19_01:29:00,,,,,,
2025-07-19_01:29:04,6964.0,11863.0,41341.0,3787.0,15981.0,41716.0
2025-07-19_01:29:04,8610.0,11863.0,41342.0,14098.0,15981.0,41716.0
2025-07-19_01:29:04,9915.0,11863.0,41342.0,14010.0,15981.0,41717.0
2025-07-19_01:29:04,,,,14300.0,15981.0,41717.0
2025-07-19_01:29:08,3358.0,11863.0,41342.0,12156.0,15981.0,41717.0
2025-07-19_01:29:08,9913.0,11863.0,41342.0,14141.0,15981.0,41717.0
2025-07-19_01:29:09,10318.0,11863.0,41342.0,14380.0,15981.0,41717.0
2025-07-19_01:29:09,9678.0,11863.0,41342.0,14072.0,15981.0,41717.0
2025-07-19_01:29:09,8625.0,11863.0,41342.0,14207.0,15981.0,41717.0
2025-07-19_01:29:09,8627.0,11863.0,41342.0,14088.0,15981.0,41717.0
2025-07-19_01:29:10,7963.0,11863.0,41342.0,13036.0,15981.0,41717.0
2025-07-19_01:29:10,,,,13783.0,15981.0,41717.0
2025-07-19_01:29:13,3319.0,11863.0,41342.0,12190.0,15981.0,41717.0
2025-07-19_01:29:14,,,,14158.0,15981.0,41717.0
2025-07-19_01:29:17,2778.0,11863.0,41342.0,12187.0,15981.0,41717.0
2025-07-19_01:29:18,10302.0,11863.0,41342.0,14102.0,15981.0,41757.0
2025-07-19_01:29:18,10373.0,11863.0,41344.0,14581.0,15981.0,41758.0
2025-07-19_01:29:18,,,,,,
2025-07-19_01:29:22,6964.0,11863.0,41344.0,3786.0,15981.0,41758.0
2025-07-19_01:29:22,,,,14131.0,15981.0,41758.0
2025-07-19_01:29:26,3360.0,11863.0,41344.0,12167.0,15981.0,41758.0
2025-07-19_01:29:26,,,,,,
2025-07-19_01:29:31,2778.0,11863.0,41344.0,3776.0,15981.0,41758.0
2025-07-19_01:29:31,7940.0,11863.0,41344.0,12794.0,15981.0,41758.0
2025-07-19_01:29:31,10212.0,11863.0,41344.0,14215.0,15981.0,41758.0
2025-07-19_01:29:31,,,,,,
2025-07-19_01:29:35,6965.0,11863.0,41344.0,3793.0,15981.0,41758.0
2025-07-19_01:29:35,9978.0,11863.0,41344.0,14195.0,15981.0,41758.0
2025-07-19_01:29:36,3356.0,11863.0,41344.0,12178.0,15981.0,41758.0
2025-07-19_01:29:36,,,,,,
2025-07-19_01:29:40,6965.0,11863.0,41344.0,3793.0,15981.0,41758.0
2025-07-19_01:29:40,8342.0,11863.0,41344.0,13804.0,15981.0,41758.0
2025-07-19_01:29:40,10296.0,11863.0,41344.0,14298.0,15981.0,41758.0
2025-07-19_01:29:41,,,,,,
2025-07-19_01:29:44,6969.0,11863.0,41344.0,3792.0,15981.0,41758.0
2025-07-19_01:29:45,8039.0,11863.0,41347.0,13088.0,15981.0,41758.0
2025-07-19_01:29:45,9987.0,11863.0,41347.0,14186.0,15981.0,41758.0
2025-07-19_01:29:45,,,,,,
2025-07-19_01:29:49,6966.0,11863.0,41347.0,3786.0,15981.0,41758.0
2025-07-19_01:29:49,,,,,,
2025-07-19_01:29:54,2778.0,11863.0,41347.0,3776.0,15981.0,41758.0
2025-07-19_01:29:54,8615.0,11863.0,41347.0,14209.0,15981.0,41758.0
2025-07-19_01:29:54,9706.0,11863.0,41347.0,13971.0,15981.0,41758.0
2025-07-19_01:29:54,9778.0,11863.0,41347.0,13978.0,15981.0,41758.0
2025-07-19_01:29:55,,,,,,
2025-07-19_01:29:58,6959.0,11863.0,41347.0,3792.0,15981.0,41758.0
2025-07-19_01:29:59,8645.0,11863.0,41347.0,14256.0,15983.0,41760.0
2025-07-19_01:29:59,,,,13747.0,15983.0,41760.0
2025-07-19_01:30:02,3375.0,11863.0,41347.0,12166.0,15983.0,41760.0
2025-07-19_01:30:03,10135.0,11863.0,41347.0,14361.0,15983.0,41760.0
2025-07-19_01:30:03,10011.0,11863.0,41348.0,14012.0,15983.0,41760.0
2025-07-19_01:30:03,9789.0,11863.0,41348.0,14391.0,15983.0,41761.0
2025-07-19_01:30:03,10724.0,11863.0,41348.0,15006.0,15983.0,41766.0
2025-07-19_01:30:04,9525.0,11863.0,41349.0,14086.0,15983.0,41766.0
2025-07-19_01:30:04,8586.0,11863.0,41349.0,14080.0,15983.0,41766.0
2025-07-19_01:30:04,,,,,,
2025-07-19_01:30:08,6965.0,11863.0,41349.0,3793.0,15983.0,41766.0
2025-07-19_01:30:08,10160.0,11863.0,41349.0,14534.0,15983.0,41766.0
2025-07-19_01:30:08,8527.0,11863.0,41349.0,13080.0,15983.0,41766.0
2025-07-19_01:30:08,9971.0,11863.0,41349.0,14279.0,15983.0,41766.0
2025-07-19_01:30:09,10230.0,11863.0,41349.0,14447.0,15983.0,41769.0
2025-07-19_01:30:09,10180.0,11863.0,41351.0,14363.0,15983.0,41769.0
2025-07-19_01:30:09,,,,14249.0,15983.0,41769.0
2025-07-19_01:30:13,3375.0,11863.0,41351.0,12196.0,15983.0,41769.0
2025-07-19_01:30:13,8730.0,11863.0,41351.0,14095.0,15983.0,41769.0
2025-07-19_01:30:13,,,,13787.0,15983.0,41769.0
2025-07-19_01:30:17,3302.0,11863.0,41351.0,12185.0,15983.0,41769.0
2025-07-19_01:30:17,10707.0,11863.0,41352.0,14935.0,15983.0,41769.0
2025-07-19_01:30:17,,,,,,
2025-07-19_01:30:21,6963.0,11863.0,41352.0,3793.0,15983.0,41769.0
2025-07-19_01:30:21,10150.0,11863.0,41355.0,14057.0,15983.0,41769.0
2025-07-19_01:30:22,9952.0,11863.0,41355.0,13745.0,15983.0,41769.0
2025-07-19_01:30:22,8653.0,11863.0,41355.0,14092.0,15983.0,41769.0
2025-07-19_01:30:22,9699.0,11863.0,41355.0,14297.0,15983.0,41769.0
2025-07-19_01:30:22,8529.0,11863.0,41355.0,13802.0,15983.0,41769.0
2025-07-19_01:30:22,10147.0,11863.0,41355.0,14170.0,15983.0,41769.0
2025-07-19_01:30:23,8025.0,11863.0,41355.0,13084.0,15983.0,41769.0
2025-07-19_01:30:23,,,,,,
2025-07-19_01:30:27,6968.0,11863.0,41355.0,3792.0,15983.0,41769.0
2025-07-19_01:30:27,10665.0,11863.0,41355.0,14974.0,15983.0,41769.0
2025-07-19_01:30:27,8126.0,11863.0,41355.0,13087.0,15983.0,41769.0
2025-07-19_01:30:27,,,,,,
2025-07-19_01:30:31,6968.0,11863.0,41355.0,3792.0,15983.0,41769.0
2025-07-19_01:30:31,,,,13791.0,15983.0,41769.0
2025-07-19_01:30:35,3302.0,11863.0,41355.0,12170.0,15983.0,41769.0
2025-07-19_01:30:35,9573.0,11863.0,41355.0,14000.0,15983.0,41769.0
2025-07-19_01:30:35,8043.0,11863.0,41355.0,12907.0,15983.0,41769.0
2025-07-19_01:30:36,,,,14040.0,15983.0,41769.0
2025-07-19_01:30:40,2778.0,11863.0,41355.0,12144.0,15983.0,41769.0
2025-07-19_01:30:40,8591.0,11863.0,41355.0,13842.0,15983.0,41769.0
2025-07-19_01:30:40,,,,14373.0,15983.0,41770.0
2025-07-19_01:30:44,2778.0,11863.0,41355.0,12173.0,15983.0,41771.0
2025-07-19_01:30:44,9796.0,11863.0,41355.0,13948.0,15983.0,41771.0
2025-07-19_01:30:44,8462.0,11863.0,41355.0,13344.0,15983.0,41771.0
2025-07-19_01:30:44,9971.0,11863.0,41355.0,13843.0,15983.0,41771.0
2025-07-19_01:30:45,9833.0,11863.0,41355.0,14265.0,15983.0,41771.0
2025-07-19_01:30:45,9193.0,11863.0,41355.0,14020.0,15983.0,41772.0
2025-07-19_01:30:45,7991.0,11863.0,41355.0,13090.0,15983.0,41773.0
2025-07-19_01:30:45,8551.0,11863.0,41355.0,14046.0,15983.0,41773.0
2025-07-19_01:30:46,8549.0,11863.0,41355.0,13800.0,15983.0,41773.0
2025-07-19_01:30:46,9888.0,11863.0,41357.0,14260.0,15983.0,41773.0
2025-07-19_01:30:47,2778.0,11863.0,41357.0,12184.0,15983.0,41773.0
2025-07-19_01:30:47,8036.0,11863.0,41357.0,13083.0,15983.0,41773.0
2025-07-19_01:30:47,10401.0,11863.0,41357.0,14922.0,15983.0,41773.0
2025-07-19_01:30:47,9934.0,11863.0,41357.0,14112.0,15983.0,41773.0
2025-07-19_01:30:48,8541.0,11863.0,41357.0,14082.0,15983.0,41773.0
2025-07-19_01:30:48,8001.0,11863.0,41357.0,13269.0,15983.0,41773.0
2025-07-19_01:30:48,9976.0,11863.0,41357.0,14216.0,15983.0,41773.0
2025-07-19_01:30:48,,,,14349.0,15983.0,41773.0
2025-07-19_01:30:52,2778.0,11863.0,41357.0,12192.0,15983.0,41773.0
2025-07-19_01:30:52,,,,13966.0,15983.0,41773.0
2025-07-19_01:30:56,3302.0,11863.0,41357.0,12193.0,15983.0,41773.0
2025-07-19_01:30:56,8517.0,11863.0,41357.0,13840.0,15983.0,41773.0
2025-07-19_01:30:56,9061.0,11863.0,41357.0,13989.0,15983.0,41773.0
2025-07-19_01:30:57,,,,14046.0,15983.0,41774.0
2025-07-19_01:31:00,3375.0,11863.0,41357.0,12158.0,15983.0,41774.0
2025-07-19_01:31:01,8531.0,11863.0,41357.0,13630.0,15983.0,41774.0
2025-07-19_01:31:01,,,,,,
2025-07-19_01:31:05,6965.0,11863.0,41357.0,3789.0,15983.0,41774.0
2025-07-19_01:31:05,8027.0,11863.0,41357.0,12901.0,15983.0,41774.0
2025-07-19_01:31:05,9828.0,11863.0,41357.0,14066.0,15983.0,41774.0
2025-07-19_01:31:05,,,,13896.0,15983.0,41774.0
2025-07-19_01:31:09,2778.0,11863.0,41357.0,12173.0,15983.0,41774.0
2025-07-19_01:31:09,10093.0,11863.0,41357.0,14369.0,15983.0,41774.0
2025-07-19_01:31:10,10499.0,11863.0,41357.0,14360.0,15983.0,41774.0
2025-07-19_01:31:10,7976.0,11863.0,41357.0,13081.0,15983.0,41774.0
2025-07-19_01:31:10,8119.0,11863.0,41357.0,13084.0,15983.0,41774.0
2025-07-19_01:31:10,9873.0,11863.0,41357.0,13979.0,15983.0,41774.0
2025-07-19_01:31:10,8615.0,11863.0,41357.0,14085.0,15983.0,41774.0
2025-07-19_01:31:11,9211.0,11863.0,41357.0,14023.0,15983.0,41774.0
2025-07-19_01:31:11,8521.0,11863.0,41357.0,13968.0,15983.0,41774.0
2025-07-19_01:31:11,9413.0,11863.0,41357.0,13938.0,15983.0,41774.0
2025-07-19_01:31:11,9975.0,11863.0,41357.0,14216.0,15983.0,41774.0
2025-07-19_01:31:12,9978.0,11863.0,41357.0,13870.0,15983.0,41774.0
2025-07-19_01:31:12,9688.0,11863.0,41357.0,13830.0,15983.0,41774.0
2025-07-19_01:31:12,9892.0,11863.0,41357.0,14205.0,15983.0,41774.0
2025-07-19_01:31:12,,,,,,
2025-07-19_01:31:16,6964.0,11863.0,41357.0,3793.0,15983.0,41774.0
2025-07-19_01:31:16,8357.0,11863.0,41357.0,13723.0,15983.0,41774.0
2025-07-19_01:31:16,10220.0,11863.0,41357.0,14384.0,15983.0,41774.0
2025-07-19_01:31:17,10412.0,11863.0,41358.0,14595.0,15983.0,41777.0
2025-07-19_01:31:17,,,,13236.0,15983.0,41777.0
2025-07-19_01:31:21,2778.0,11863.0,41358.0,12184.0,15983.0,41777.0
2025-07-19_01:31:21,9983.0,11863.0,41358.0,14095.0,15983.0,41777.0
2025-07-19_01:31:22,2778.0,11863.0,41358.0,12192.0,15983.0,41777.0
2025-07-19_01:31:22,8681.0,11863.0,41362.0,14100.0,15983.0,41777.0
2025-07-19_01:31:22,,,,,,
2025-07-19_01:31:26,6965.0,11863.0,41362.0,3792.0,15983.0,41777.0
2025-07-19_01:31:26,8033.0,11863.0,41362.0,13037.0,15983.0,41777.0
2025-07-19_01:31:26,8727.0,11863.0,41362.0,14282.0,15983.0,41777.0
2025-07-19_01:31:27,,,,12841.0,15983.0,41780.0
2025-07-19_01:31:31,,,,,,
2025-07-19_01:31:34,6964.0,11863.0,41362.0,3787.0,15983.0,41780.0
2025-07-19_01:31:35,8500.0,11863.0,41362.0,13836.0,15983.0,41780.0
2025-07-19_01:31:35,10254.0,11863.0,41362.0,14406.0,15983.0,41783.0
2025-07-19_01:31:35,,,,,,
2025-07-19_01:31:39,6968.0,11863.0,41362.0,3793.0,15983.0,41783.0
2025-07-19_01:31:39,8034.0,11863.0,41362.0,12922.0,15983.0,41783.0
2025-07-19_01:31:39,9828.0,11863.0,41362.0,13963.0,15983.0,41783.0
2025-07-19_01:31:39,10320.0,11863.0,41368.0,14172.0,15983.0,41783.0
2025-07-19_01:31:40,9927.0,11863.0,41378.0,13997.0,15983.0,41783.0
2025-07-19_01:31:40,9942.0,11863.0,41381.0,14200.0,15983.0,41783.0
2025-07-19_01:31:40,9886.0,11863.0,41381.0,14013.0,15983.0,41783.0
2025-07-19_01:31:41,2778.0,11863.0,41381.0,12175.0,15983.0,41783.0
2025-07-19_01:31:41,8528.0,11863.0,41381.0,14245.0,15983.0,41783.0
2025-07-19_01:31:42,8357.0,11863.0,41381.0,13803.0,15983.0,41783.0
2025-07-19_01:31:42,10263.0,11863.0,41381.0,14374.0,15983.0,41783.0
2025-07-19_01:31:42,,,,13854.0,15983.0,41783.0
2025-07-19_01:31:46,2778.0,11863.0,41381.0,12163.0,15983.0,41783.0
2025-07-19_01:31:46,10017.0,11863.0,41381.0,14040.0,15983.0,41783.0
2025-07-19_01:31:46,8036.0,11863.0,41381.0,13057.0,15983.0,41783.0
2025-07-19_01:31:46,,,,13880.0,15983.0,41783.0
2025-07-19_01:31:50,3375.0,11863.0,41381.0,12191.0,15983.0,41783.0
2025-07-19_01:31:50,,,,13792.0,15983.0,41783.0
2025-07-19_01:31:54,3375.0,11863.0,41381.0,12160.0,15983.0,41783.0
2025-07-19_01:31:54,,,,,,
2025-07-19_01:31:58,6970.0,11863.0,41381.0,3793.0,15983.0,41783.0
2025-07-19_01:31:58,,,,,,
2025-07-19_01:32:03,2778.0,11863.0,41381.0,3776.0,15983.0,41783.0
2025-07-19_01:32:03,10146.0,11863.0,41381.0,14359.0,15983.0,41783.0
2025-07-19_01:32:03,10535.0,11863.0,41381.0,14432.0,15983.0,41783.0
2025-07-19_01:32:03,,,,14050.0,15983.0,41783.0
2025-07-19_01:32:07,3319.0,11863.0,41381.0,12164.0,15983.0,41783.0
2025-07-19_01:32:07,,,,13785.0,15983.0,41783.0
2025-07-19_01:32:11,3319.0,11863.0,41381.0,12185.0,15983.0,41783.0
2025-07-19_01:32:11,10867.0,11863.0,41381.0,15143.0,15983.0,41788.0
2025-07-19_01:32:11,,,,,,
2025-07-19_01:32:15,6969.0,11863.0,41381.0,3795.0,15983.0,41788.0
2025-07-19_01:32:16,8506.0,11863.0,41382.0,13920.0,15983.0,41788.0
2025-07-19_01:32:16,10193.0,11863.0,41382.0,14080.0,15983.0,41788.0
2025-07-19_01:32:16,8032.0,11863.0,41382.0,13254.0,15983.0,41788.0
2025-07-19_01:32:16,,,,,,
2025-07-19_01:32:20,6967.0,11863.0,41382.0,3792.0,15983.0,41788.0
2025-07-19_01:32:20,10518.0,11863.0,41383.0,14509.0,15983.0,41788.0
2025-07-19_01:32:20,,,,14001.0,15983.0,41788.0
2025-07-19_01:32:24,3319.0,11863.0,41383.0,12160.0,15983.0,41788.0
2025-07-19_01:32:24,9213.0,11863.0,41383.0,14101.0,15983.0,41788.0
2025-07-19_01:32:25,8101.0,11863.0,41383.0,13048.0,15983.0,41788.0
2025-07-19_01:32:25,8039.0,11863.0,41383.0,13268.0,15983.0,41788.0
2025-07-19_01:32:25,10237.0,11863.0,41383.0,14364.0,15983.0,41788.0
2025-07-19_01:32:25,,,,14216.0,15983.0,41788.0
2025-07-19_01:32:29,3358.0,11863.0,41383.0,12165.0,15983.0,41788.0
2025-07-19_01:32:29,8703.0,11863.0,41383.0,14100.0,15983.0,41804.0
2025-07-19_01:32:29,,,,,,
2025-07-19_01:32:33,6965.0,11863.0,41383.0,3786.0,15983.0,41804.0
2025-07-19_01:32:33,9840.0,11863.0,41383.0,14113.0,15983.0,41804.0
2025-07-19_01:32:34,,,,,,
2025-07-19_01:32:37,6956.0,11863.0,41383.0,3792.0,15983.0,41804.0
2025-07-19_01:32:38,8540.0,11863.0,41383.0,14088.0,15983.0,41804.0
2025-07-19_01:32:38,10089.0,11863.0,41384.0,14399.0,15983.0,41804.0
2025-07-19_01:32:38,9362.0,11863.0,41384.0,13879.0,15983.0,41804.0
2025-07-19_01:32:38,9962.0,11863.0,41384.0,14176.0,15983.0,41804.0
2025-07-19_01:32:39,8562.0,11863.0,41384.0,14261.0,15983.0,41804.0
2025-07-19_01:32:39,8100.0,11863.0,41384.0,13244.0,15983.0,41804.0
2025-07-19_01:32:39,10352.0,11863.0,41384.0,14234.0,15983.0,41850.0
2025-07-19_01:32:39,9864.0,11863.0,41384.0,13984.0,15983.0,41850.0
2025-07-19_01:32:39,8028.0,11863.0,41384.0,13075.0,15983.0,41850.0
2025-07-19_01:32:40,10127.0,11863.0,41385.0,14479.0,15983.0,41850.0
2025-07-19_01:32:40,8028.0,11863.0,41385.0,13231.0,15983.0,41850.0
2025-07-19_01:32:40,9835.0,11863.0,41385.0,14570.0,15983.0,41850.0
2025-07-19_01:32:40,9764.0,11863.0,41385.0,14042.0,15983.0,41850.0
2025-07-19_01:32:40,,,,,,
2025-07-19_01:32:44,6969.0,11863.0,41385.0,3793.0,15983.0,41850.0
2025-07-19_01:32:45,8574.0,11863.0,41385.0,14293.0,15983.0,41850.0
2025-07-19_01:32:45,,,,13344.0,15983.0,41850.0
2025-07-19_01:32:49,2778.0,11863.0,41385.0,12161.0,15983.0,41850.0
2025-07-19_01:32:49,9966.0,11863.0,41385.0,13981.0,15983.0,41850.0
2025-07-19_01:32:49,9092.0,11863.0,41385.0,13814.0,15983.0,41850.0
2025-07-19_01:32:49,9856.0,11863.0,41385.0,13940.0,15983.0,41850.0
2025-07-19_01:32:50,8992.0,11863.0,41385.0,14281.0,15983.0,41850.0
2025-07-19_01:32:50,9733.0,11863.0,41385.0,14249.0,15983.0,41850.0
2025-07-19_01:32:50,9999.0,11863.0,41385.0,14311.0,15983.0,41856.0
2025-07-19_01:32:50,8030.0,11863.0,41385.0,12866.0,15983.0,41856.0
2025-07-19_01:32:50,9189.0,11863.0,41385.0,13916.0,15983.0,41856.0
2025-07-19_01:32:51,8025.0,11863.0,41385.0,13258.0,15983.0,41856.0
2025-07-19_01:32:51,,,,,,
2025-07-19_01:32:55,6969.0,11863.0,41385.0,3793.0,15983.0,41856.0
2025-07-19_01:32:55,10228.0,11863.0,41385.0,14461.0,15983.0,41856.0
2025-07-19_01:32:55,10315.0,11863.0,41385.0,14677.0,15983.0,41874.0
2025-07-19_01:32:55,,,,,,
2025-07-19_01:32:59,6965.0,11863.0,41385.0,3792.0,15983.0,41874.0
2025-07-19_01:32:59,8635.0,11863.0,41386.0,14366.0,15983.0,41874.0
2025-07-19_01:33:00,9877.0,11863.0,41386.0,13975.0,15983.0,41874.0
2025-07-19_01:33:00,9824.0,11863.0,41386.0,13988.0,15983.0,41874.0
2025-07-19_01:33:00,,,,,,
2025-07-19_01:33:05,2778.0,11863.0,41386.0,3776.0,15983.0,41874.0
2025-07-19_01:33:05,10340.0,11863.0,41386.0,14583.0,15983.0,41875.0
2025-07-19_01:33:05,,,,14263.0,15983.0,41877.0
2025-07-19_01:33:09,3375.0,11863.0,41386.0,12190.0,15983.0,41877.0
2025-07-19_01:33:09,10047.0,11863.0,41387.0,14055.0,15983.0,41877.0
2025-07-19_01:33:09,9792.0,11863.0,41391.0,14368.0,15983.0,41877.0
2025-07-19_01:33:09,7991.0,11863.0,41391.0,13264.0,15983.0,41877.0
2025-07-19_01:33:10,8569.0,11863.0,41391.0,14364.0,15983.0,41877.0
2025-07-19_01:33:10,9731.0,11863.0,41391.0,14018.0,15983.0,41877.0
2025-07-19_01:33:10,8037.0,11863.0,41391.0,13238.0,15983.0,41877.0
2025-07-19_01:33:10,8587.0,11863.0,41391.0,14116.0,15983.0,41877.0
2025-07-19_01:33:11,8120.0,11863.0,41391.0,13050.0,15983.0,41877.0
2025-07-19_01:33:11,2778.0,11863.0,41391.0,12191.0,15983.0,41877.0
2025-07-19_01:33:12,8578.0,11863.0,41391.0,13724.0,15983.0,41877.0
2025-07-19_01:33:12,9952.0,11863.0,41391.0,13990.0,15983.0,41877.0
2025-07-19_01:33:12,8036.0,11863.0,41391.0,13042.0,15983.0,41877.0
2025-07-19_01:33:12,10479.0,11863.0,41392.0,14551.0,15983.0,41877.0
2025-07-19_01:33:13,,,,12864.0,15983.0,41877.0
2025-07-19_01:33:16,2778.0,11863.0,41392.0,12185.0,15983.0,41877.0
2025-07-19_01:33:17,10132.0,11863.0,41392.0,14351.0,15983.0,41877.0
2025-07-19_01:33:17,10261.0,11863.0,41397.0,13981.0,15983.0,41878.0
2025-07-19_01:33:17,9891.0,11863.0,41397.0,14074.0,15983.0,41878.0
2025-07-19_01:33:17,8583.0,11863.0,41397.0,14075.0,15983.0,41878.0
2025-07-19_01:33:18,,,,14651.0,15983.0,41878.0
2025-07-19_01:33:21,3375.0,11863.0,41397.0,12182.0,15983.0,41878.0
2025-07-19_01:33:21,9895.0,11863.0,41397.0,13824.0,15983.0,41878.0
2025-07-19_01:33:22,8653.0,11863.0,41397.0,14335.0,15983.0,41878.0
2025-07-19_01:33:22,,,,14464.0,15983.0,41879.0
2025-07-19_01:33:26,2778.0,11863.0,41397.0,12191.0,15983.0,41879.0
2025-07-19_01:33:26,9467.0,11863.0,41397.0,13977.0,15983.0,41879.0
2025-07-19_01:33:26,,,,,,
2025-07-19_01:33:30,6964.0,11863.0,41397.0,3793.0,15983.0,41879.0
2025-07-19_01:33:30,10006.0,11863.0,41397.0,14072.0,15983.0,41879.0
2025-07-19_01:33:30,9932.0,11863.0,41397.0,13975.0,15983.0,41879.0
2025-07-19_01:33:31,8039.0,11863.0,41397.0,13512.0,15983.0,41879.0
2025-07-19_01:33:31,9871.0,11863.0,41399.0,14262.0,15983.0,41879.0
2025-07-19_01:33:31,8516.0,11863.0,41399.0,13837.0,15983.0,41879.0
2025-07-19_01:33:31,8032.0,11863.0,41399.0,13042.0,15983.0,41879.0
2025-07-19_01:33:32,7958.0,11863.0,41399.0,13050.0,15983.0,41879.0
2025-07-19_01:33:32,9857.0,11863.0,41399.0,14005.0,15983.0,41879.0
2025-07-19_01:33:32,,,,14441.0,15983.0,41879.0
2025-07-19_01:33:36,3358.0,11863.0,41399.0,12190.0,15983.0,41879.0
2025-07-19_01:33:36,9820.0,11863.0,41400.0,13961.0,15983.0,41879.0
2025-07-19_01:33:36,9847.0,11863.0,41400.0,14278.0,15983.0,41879.0
2025-07-19_01:33:36,8044.0,11863.0,41400.0,13355.0,15983.0,41885.0
2025-07-19_01:33:37,8096.0,11863.0,41400.0,13257.0,15983.0,41885.0
2025-07-19_01:33:37,,,,,,
2025-07-19_01:33:41,2778.0,11863.0,41400.0,3776.0,15983.0,41885.0
2025-07-19_01:33:41,8543.0,11863.0,41400.0,13924.0,15983.0,41885.0
2025-07-19_01:33:42,8637.0,11863.0,41400.0,14353.0,15983.0,41885.0
2025-07-19_01:33:42,9832.0,11863.0,41402.0,14386.0,15983.0,41885.0
2025-07-19_01:33:42,9956.0,11863.0,41402.0,13996.0,15983.0,41885.0
2025-07-19_01:33:42,7971.0,11863.0,41402.0,13086.0,15983.0,41885.0
2025-07-19_01:33:43,9723.0,11863.0,41402.0,14010.0,15983.0,41885.0
2025-07-19_01:33:43,10023.0,11863.0,41402.0,14181.0,15983.0,41885.0
2025-07-19_01:33:43,9372.0,11863.0,41402.0,14324.0,15983.0,41885.0
2025-07-19_01:33:43,,,,13970.0,15983.0,41885.0
2025-07-19_01:33:47,3358.0,11863.0,41402.0,12173.0,15983.0,41885.0
2025-07-19_01:33:47,9741.0,11863.0,41402.0,13990.0,15983.0,41885.0
2025-07-19_01:33:47,8649.0,11863.0,41402.0,14073.0,15983.0,41885.0
2025-07-19_01:33:48,8517.0,11863.0,41402.0,13991.0,15983.0,41885.0
2025-07-19_01:33:48,10263.0,11863.0,41402.0,13987.0,15983.0,41885.0
2025-07-19_01:33:48,8514.0,11863.0,41402.0,14084.0,15983.0,41885.0
2025-07-19_01:33:48,9989.0,11863.0,41402.0,14208.0,15983.0,41885.0
2025-07-19_01:33:49,9670.0,11863.0,41402.0,13759.0,15983.0,41885.0
2025-07-19_01:33:49,8029.0,11863.0,41404.0,12875.0,15983.0,41885.0
2025-07-19_01:33:49,10417.0,11863.0,41409.0,14394.0,15983.0,41885.0
2025-07-19_01:33:49,,,,,,
2025-07-19_01:33:53,6969.0,11863.0,41409.0,3793.0,15983.0,41885.0
2025-07-19_01:33:53,7965.0,11863.0,41409.0,13307.0,15983.0,41885.0
2025-07-19_01:33:54,8116.0,11863.0,41409.0,13227.0,15983.0,41885.0
2025-07-19_01:33:54,10593.0,11863.0,41414.0,14447.0,15983.0,41888.0
2025-07-19_01:33:54,10054.0,11863.0,41414.0,14053.0,15983.0,41888.0
2025-07-19_01:33:54,8529.0,11863.0,41414.0,13978.0,15983.0,41888.0
2025-07-19_01:33:55,10070.0,11863.0,41414.0,14306.0,15983.0,41888.0
2025-07-19_01:33:55,10239.0,11863.0,41414.0,14503.0,15983.0,41888.0
2025-07-19_01:33:55,8576.0,11863.0,41414.0,14086.0,15983.0,41888.0
2025-07-19_01:33:55,9698.0,11863.0,41414.0,14157.0,15983.0,41888.0
2025-07-19_01:33:55,10315.0,11863.0,41414.0,14521.0,15983.0,41888.0
2025-07-19_01:33:56,10289.0,11863.0,41414.0,14398.0,15983.0,41888.0
2025-07-19_01:33:56,8043.0,11863.0,41414.0,13349.0,15983.0,41888.0
2025-07-19_01:33:56,9724.0,11863.0,41414.0,14009.0,15983.0,41888.0
2025-07-19_01:33:56,10255.0,11863.0,41414.0,14433.0,15983.0,41888.0
2025-07-19_01:33:57,10134.0,11863.0,41426.0,13954.0,15983.0,41888.0
2025-07-19_01:33:57,,,,14077.0,15983.0,41890.0
2025-07-19_01:34:00,3375.0,11863.0,41426.0,12189.0,15983.0,41890.0
2025-07-19_01:34:01,,,,14005.0,15983.0,41890.0
2025-07-19_01:34:04,3375.0,11863.0,41426.0,12194.0,15983.0,41890.0
2025-07-19_01:34:05,10107.0,11863.0,41426.0,14374.0,15983.0,41890.0
2025-07-19_01:34:05,8587.0,11863.0,41426.0,14085.0,15983.0,41890.0
2025-07-19_01:34:05,7958.0,11863.0,41426.0,13260.0,15983.0,41890.0
2025-07-19_01:34:05,10527.0,11863.0,41426.0,14922.0,15983.0,41890.0
2025-07-19_01:34:05,9804.0,11863.0,41426.0,13992.0,15983.0,41890.0
2025-07-19_01:34:06,8540.0,11863.0,41426.0,14123.0,15983.0,41890.0
2025-07-19_01:34:06,,,,13950.0,15983.0,41890.0
2025-07-19_01:34:10,3377.0,11863.0,41426.0,12184.0,15983.0,41890.0
2025-07-19_01:34:10,,,,13912.0,15983.0,41890.0
2025-07-19_01:34:14,3375.0,11863.0,41426.0,12193.0,15983.0,41890.0
2025-07-19_01:34:14,8591.0,11863.0,41426.0,14159.0,15983.0,41890.0
2025-07-19_01:34:14,8037.0,11863.0,41426.0,13345.0,15983.0,41890.0
2025-07-19_01:34:14,,,,13972.0,15983.0,41890.0
2025-07-19_01:34:18,2778.0,11863.0,41426.0,12167.0,15983.0,41890.0
2025-07-19_01:34:18,7971.0,11863.0,41426.0,13048.0,15983.0,41890.0
2025-07-19_01:34:18,8645.0,11863.0,41426.0,14070.0,15983.0,41890.0
2025-07-19_01:34:19,,,,,,
2025-07-19_01:34:22,6965.0,11863.0,41426.0,3792.0,15983.0,41890.0
2025-07-19_01:34:23,10105.0,11863.0,41426.0,13999.0,15983.0,41890.0
2025-07-19_01:34:23,8519.0,11863.0,41426.0,14020.0,15983.0,41890.0
2025-07-19_01:34:23,9872.0,11863.0,41426.0,14187.0,15983.0,41890.0
2025-07-19_01:34:23,8506.0,11863.0,41426.0,13224.0,15983.0,41890.0
2025-07-19_01:34:24,9977.0,11863.0,41427.0,14324.0,15983.0,41890.0
2025-07-19_01:34:24,9964.0,11863.0,41435.0,14249.0,15983.0,41890.0
2025-07-19_01:34:24,10033.0,11863.0,41435.0,14292.0,15983.0,41890.0
2025-07-19_01:34:24,9092.0,11863.0,41435.0,14080.0,15983.0,41890.0
2025-07-19_01:34:25,,,,,,
2025-07-19_01:34:29,2778.0,11863.0,41435.0,3776.0,15983.0,41890.0
2025-07-19_01:34:29,9141.0,11863.0,41435.0,13783.0,15983.0,41890.0
2025-07-19_01:34:29,9884.0,11863.0,41435.0,14048.0,15983.0,41890.0
2025-07-19_01:34:30,10467.0,11863.0,41435.0,14355.0,15983.0,41890.0
2025-07-19_01:34:30,8677.0,11863.0,41435.0,14249.0,15983.0,41904.0
2025-07-19_01:34:30,,,,13658.0,15983.0,41904.0
2025-07-19_01:34:34,3319.0,11863.0,41435.0,12192.0,15983.0,41904.0
2025-07-19_01:34:34,,,,14081.0,15983.0,41904.0
2025-07-19_01:34:38,3302.0,11863.0,41435.0,12187.0,15983.0,41904.0
2025-07-19_01:34:38,10193.0,11863.0,41456.0,14528.0,15983.0,41933.0
2025-07-19_01:34:38,9194.0,11863.0,41456.0,14058.0,15983.0,41937.0
2025-07-19_01:34:38,,,,,,
2025-07-19_01:34:42,6970.0,11863.0,41456.0,3793.0,15983.0,41937.0
2025-07-19_01:34:42,,,,,,
2025-07-19_01:34:46,6964.0,11863.0,41456.0,3793.0,15983.0,41937.0
2025-07-19_01:34:46,9923.0,11863.0,41456.0,14394.0,15983.0,41937.0
2025-07-19_01:34:47,,,,13069.0,15983.0,41937.0
2025-07-19_01:34:51,2778.0,11863.0,41456.0,12186.0,15983.0,41937.0
2025-07-19_01:34:51,8522.0,11863.0,41456.0,14105.0,15983.0,41937.0
2025-07-19_01:34:51,10141.0,11863.0,41456.0,14389.0,15983.0,41937.0
2025-07-19_01:34:51,10121.0,11863.0,41456.0,14039.0,15983.0,41937.0
2025-07-19_01:34:51,10261.0,11863.0,41456.0,14558.0,15983.0,41937.0
2025-07-19_01:34:52,8022.0,11863.0,41456.0,13263.0,15983.0,41937.0
2025-07-19_01:34:52,8017.0,11863.0,41456.0,13065.0,15983.0,41937.0
2025-07-19_01:34:52,10012.0,11863.0,41456.0,14280.0,15983.0,41937.0
2025-07-19_01:34:52,8520.0,11863.0,41456.0,13858.0,15983.0,41937.0
2025-07-19_01:34:52,9196.0,11863.0,41456.0,14038.0,15983.0,41937.0
2025-07-19_01:34:53,,,,,,
2025-07-19_01:34:57,6968.0,11863.0,41456.0,3793.0,15983.0,41937.0
2025-07-19_01:34:57,,,,13934.0,15983.0,41937.0
2025-07-19_01:35:00,,,,,,
2025-07-19_01:35:04,6963.0,11863.0,41456.0,3792.0,15983.0,41937.0
2025-07-19_01:35:04,,,,13861.0,15983.0,41938.0
2025-07-19_01:35:08,3375.0,11863.0,41456.0,12192.0,15983.0,41938.0
2025-07-19_01:35:08,,,,,,
2025-07-19_01:35:12,6962.0,11863.0,41456.0,3793.0,15983.0,41938.0
2025-07-19_01:35:12,10536.0,11863.0,41456.0,14610.0,15983.0,41942.0
2025-07-19_01:35:13,,,,13745.0,15983.0,41942.0
2025-07-19_01:35:16,3375.0,11863.0,41456.0,12164.0,15983.0,41942.0
2025-07-19_01:35:17,8037.0,11863.0,41456.0,12927.0,15983.0,41942.0
2025-07-19_01:35:17,10587.0,11863.0,41456.0,14932.0,15983.0,41978.0
2025-07-19_01:35:17,9091.0,11863.0,41456.0,13789.0,15983.0,41978.0
2025-07-19_01:35:17,8027.0,11863.0,41456.0,13272.0,15983.0,41978.0
2025-07-19_01:35:17,10138.0,11863.0,41456.0,14082.0,15983.0,41978.0
2025-07-19_01:35:18,9836.0,11863.0,41456.0,14279.0,15983.0,41978.0
2025-07-19_01:35:18,8028.0,11863.0,41456.0,13082.0,15983.0,41978.0
2025-07-19_01:35:18,,,,13834.0,15983.0,41978.0
2025-07-19_01:35:22,3375.0,11863.0,41456.0,12182.0,15983.0,41978.0
2025-07-19_01:35:22,8622.0,11863.0,41456.0,14086.0,15983.0,41978.0
2025-07-19_01:35:22,8497.0,11863.0,41456.0,13623.0,15983.0,41978.0
2025-07-19_01:35:22,9799.0,11863.0,41456.0,13991.0,15983.0,41978.0
2025-07-19_01:35:23,,,,,,
2025-07-19_01:35:26,6965.0,11863.0,41456.0,3793.0,15983.0,41978.0
2025-07-19_01:35:27,,,,14270.0,15983.0,41978.0
2025-07-19_01:35:30,2778.0,11863.0,41456.0,12165.0,15983.0,41978.0
2025-07-19_01:35:31,8115.0,11863.0,41456.0,13043.0,15983.0,41978.0
2025-07-19_01:35:31,8119.0,11863.0,41456.0,13306.0,15983.0,41978.0
2025-07-19_01:35:31,10442.0,11863.0,41462.0,14597.0,15983.0,41978.0
2025-07-19_01:35:31,8037.0,11863.0,41462.0,13085.0,15983.0,41978.0
2025-07-19_01:35:32,,,,14626.0,15983.0,41978.0
2025-07-19_01:35:35,2778.0,11863.0,41462.0,12186.0,15983.0,41978.0
2025-07-19_01:35:36,8670.0,11863.0,41462.0,14294.0,15983.0,41978.0
2025-07-19_01:35:36,8034.0,11863.0,41464.0,13088.0,15983.0,41978.0
2025-07-19_01:35:36,8597.0,11863.0,41464.0,13901.0,15983.0,41978.0
2025-07-19_01:35:36,10471.0,11863.0,41464.0,14605.0,15983.0,41979.0
2025-07-19_01:35:37,9780.0,11863.0,41464.0,13980.0,15983.0,41979.0
2025-07-19_01:35:37,10599.0,11863.0,41464.0,15079.0,15983.0,41979.0
2025-07-19_01:35:37,9170.0,11863.0,41464.0,14034.0,15983.0,41979.0
2025-07-19_01:35:37,10119.0,11863.0,41469.0,14106.0,15983.0,41982.0
2025-07-19_01:35:38,10031.0,11863.0,41469.0,14251.0,15983.0,41982.0
2025-07-19_01:35:38,9479.0,11863.0,41469.0,14210.0,15983.0,41982.0
2025-07-19_01:35:38,9828.0,11863.0,41469.0,13915.0,15983.0,41982.0
2025-07-19_01:35:38,9708.0,11863.0,41469.0,14255.0,15983.0,41982.0
2025-07-19_01:35:38,10023.0,11863.0,41469.0,14050.0,15983.0,41982.0
2025-07-19_01:35:39,,,,,,
2025-07-19_01:35:43,2778.0,11863.0,41469.0,3776.0,15983.0,41982.0
2025-07-19_01:35:43,10391.0,11863.0,41477.0,14072.0,15983.0,41982.0
2025-07-19_01:35:44,7946.0,11863.0,41477.0,13074.0,15983.0,41982.0
2025-07-19_01:35:44,,,,13176.0,15983.0,41982.0
2025-07-19_01:35:48,2778.0,11863.0,41477.0,12173.0,15983.0,41982.0
2025-07-19_01:35:48,8025.0,11863.0,41477.0,13269.0,15983.0,41982.0
2025-07-19_01:35:48,,,,,,
2025-07-19_01:35:52,6967.0,11863.0,41477.0,3794.0,15983.0,41982.0
2025-07-19_01:35:52,9184.0,11863.0,41477.0,13981.0,15983.0,41982.0
2025-07-19_01:35:52,10536.0,11863.0,41477.0,14290.0,15983.0,41982.0
2025-07-19_01:35:53,9191.0,11863.0,41477.0,13789.0,15983.0,41982.0
2025-07-19_01:35:53,10322.0,11863.0,41477.0,14441.0,15983.0,41982.0
2025-07-19_01:35:53,,,,,,
2025-07-19_01:35:57,6968.0,11863.0,41477.0,3793.0,15983.0,41982.0
2025-07-19_01:35:57,10268.0,11863.0,41477.0,14390.0,15983.0,41982.0
2025-07-19_01:35:57,9987.0,11863.0,41477.0,14018.0,15983.0,41982.0
2025-07-19_01:35:57,,,,14337.0,15983.0,41983.0
2025-07-19_01:36:01,2778.0,11863.0,41477.0,12190.0,15983.0,41983.0
2025-07-19_01:36:02,10389.0,11863.0,41477.0,14476.0,15983.0,41983.0
2025-07-19_01:36:02,8113.0,11863.0,41477.0,13344.0,15983.0,41983.0
2025-07-19_01:36:02,7948.0,11863.0,41477.0,13048.0,15983.0,41983.0
2025-07-19_01:36:02,,,,13976.0,15983.0,41983.0
2025-07-19_01:36:06,3302.0,11863.0,41477.0,12169.0,15983.0,41983.0
2025-07-19_01:36:06,,,,14040.0,15983.0,41983.0
2025-07-19_01:36:10,3358.0,11863.0,41477.0,12182.0,15983.0,41983.0
2025-07-19_01:36:10,,,,,,
2025-07-19_01:36:14,6963.0,11863.0,41477.0,3792.0,15983.0,41983.0
2025-07-19_01:36:14,9498.0,11863.0,41477.0,13980.0,15983.0,41983.0
2025-07-19_01:36:14,8609.0,11863.0,41477.0,14084.0,15983.0,41983.0
2025-07-19_01:36:15,7957.0,11863.0,41477.0,12860.0,15983.0,41983.0
2025-07-19_01:36:15,8604.0,11863.0,41477.0,14091.0,15983.0,41983.0
2025-07-19_01:36:15,8543.0,11863.0,41477.0,13808.0,15983.0,41983.0
2025-07-19_01:36:15,,,,,,
2025-07-19_01:36:19,6952.0,11863.0,41477.0,3792.0,15983.0,41983.0
2025-07-19_01:36:19,8505.0,11863.0,41479.0,13788.0,15983.0,41983.0
2025-07-19_01:36:19,8029.0,11863.0,41479.0,13266.0,15983.0,41983.0
2025-07-19_01:36:20,10133.0,11863.0,41479.0,14557.0,15983.0,41983.0
2025-07-19_01:36:20,9800.0,11863.0,41479.0,14016.0,15983.0,41983.0
2025-07-19_01:36:20,8024.0,11863.0,41479.0,13083.0,15983.0,41983.0
2025-07-19_01:36:20,8037.0,11863.0,41479.0,13307.0,15983.0,41983.0
2025-07-19_01:36:21,8026.0,11863.0,41479.0,13264.0,15983.0,41983.0
2025-07-19_01:36:21,,,,,,
2025-07-19_01:36:25,,,,3776.0,15983.0,41983.0
2025-07-19_01:36:28,2778.0,11863.0,41479.0,12191.0,15983.0,41983.0
2025-07-19_01:36:29,9696.0,11863.0,41479.0,13793.0,15983.0,41983.0
2025-07-19_01:36:29,10092.0,11863.0,41479.0,13741.0,15983.0,41984.0
2025-07-19_01:36:29,10103.0,11863.0,41479.0,14011.0,15983.0,41984.0
2025-07-19_01:36:29,,,,,,
2025-07-19_01:36:33,6960.0,11863.0,41479.0,3792.0,15983.0,41984.0
2025-07-19_01:36:34,2778.0,11863.0,41479.0,12195.0,15983.0,41984.0
2025-07-19_01:36:34,7954.0,11863.0,41479.0,13051.0,15983.0,41984.0
2025-07-19_01:36:34,9561.0,11863.0,41479.0,14400.0,15983.0,41984.0
2025-07-19_01:36:35,9957.0,11863.0,41479.0,13993.0,15983.0,41984.0
2025-07-19_01:36:35,9890.0,11863.0,41479.0,14231.0,15983.0,41984.0
2025-07-19_01:36:35,9336.0,11863.0,41479.0,13865.0,15983.0,41984.0
2025-07-19_01:36:35,8041.0,11863.0,41479.0,13084.0,15983.0,41984.0
2025-07-19_01:36:36,9950.0,11863.0,41479.0,14172.0,15983.0,41984.0
2025-07-19_01:36:36,8660.0,11863.0,41479.0,14186.0,15983.0,41984.0
2025-07-19_01:36:36,8535.0,11863.0,41479.0,13842.0,15983.0,41984.0
2025-07-19_01:36:36,,,,,,
2025-07-19_01:36:40,6962.0,11863.0,41479.0,3789.0,15983.0,41984.0
2025-07-19_01:36:40,,,,,,
2025-07-19_01:36:44,6967.0,11863.0,41479.0,3792.0,15983.0,41984.0
2025-07-19_01:36:44,9153.0,11863.0,41479.0,13941.0,15983.0,41984.0
2025-07-19_01:36:45,9586.0,11863.0,41479.0,14013.0,15983.0,41984.0
2025-07-19_01:36:45,8609.0,11863.0,41479.0,14083.0,15983.0,41984.0
2025-07-19_01:36:45,10029.0,11863.0,41479.0,14272.0,15983.0,41984.0
2025-07-19_01:36:45,,,,,,
2025-07-19_01:36:49,6963.0,11863.0,41479.0,3793.0,15983.0,41984.0
2025-07-19_01:36:49,8031.0,11863.0,41479.0,13052.0,15983.0,41984.0
2025-07-19_01:36:49,9933.0,11863.0,41479.0,14262.0,15983.0,41984.0
2025-07-19_01:36:50,10021.0,11863.0,41479.0,14043.0,15983.0,41984.0
2025-07-19_01:36:50,8616.0,11863.0,41479.0,13921.0,15983.0,41984.0
2025-07-19_01:36:50,,,,,,
2025-07-19_01:36:55,2778.0,11863.0,41479.0,3776.0,15983.0,41984.0
2025-07-19_01:36:55,9820.0,11863.0,41479.0,14101.0,15983.0,41984.0
2025-07-19_01:36:55,,,,14030.0,15983.0,41984.0
2025-07-19_01:36:59,2778.0,11863.0,41479.0,12186.0,15983.0,41984.0
2025-07-19_01:36:59,10328.0,11863.0,41479.0,14517.0,15983.0,41984.0
2025-07-19_01:36:59,8526.0,11863.0,41479.0,13842.0,15983.0,41984.0
2025-07-19_01:37:00,10284.0,11863.0,41479.0,14455.0,15983.0,41984.0
2025-07-19_01:37:04,2778.0,11863.0,41479.0,12172.0,15983.0,41984.0
2025-07-19_01:37:04,,,,,,
2025-07-19_01:37:08,6954.0,11863.0,41479.0,3793.0,15983.0,41984.0
2025-07-19_01:37:08,10459.0,11863.0,41479.0,14403.0,15983.0,41984.0
2025-07-19_01:37:08,,,,14440.0,15983.0,41984.0
2025-07-19_01:37:12,3358.0,11863.0,41479.0,12166.0,15983.0,41984.0
2025-07-19_01:37:12,8511.0,11863.0,41479.0,13084.0,15983.0,41984.0
2025-07-19_01:37:12,10105.0,11863.0,41479.0,14318.0,15983.0,41984.0
2025-07-19_01:37:12,9820.0,11863.0,41479.0,14019.0,15983.0,41984.0
2025-07-19_01:37:12,9783.0,11863.0,41479.0,14282.0,15983.0,41984.0
2025-07-19_01:37:13,9771.0,11863.0,41479.0,14114.0,15983.0,41984.0
2025-07-19_01:37:13,8575.0,11863.0,41483.0,14085.0,15983.0,41984.0
2025-07-19_01:37:13,10016.0,11863.0,41483.0,14222.0,15983.0,41984.0
2025-07-19_01:37:13,8676.0,11863.0,41483.0,14061.0,15983.0,41984.0
2025-07-19_01:37:14,,,,13995.0,15983.0,41985.0
2025-07-19_01:37:17,3302.0,11863.0,41483.0,12167.0,15983.0,41985.0
2025-07-19_01:37:18,9312.0,11863.0,41483.0,14052.0,15983.0,41985.0
2025-07-19_01:37:18,,,,,,
2025-07-19_01:37:22,6968.0,11863.0,41483.0,3792.0,15983.0,41985.0
2025-07-19_01:37:22,9722.0,11863.0,41483.0,14360.0,15983.0,41985.0
2025-07-19_01:37:22,8544.0,11863.0,41483.0,13888.0,15983.0,41985.0
2025-07-19_01:37:22,8642.0,11863.0,41483.0,14200.0,15983.0,41985.0
2025-07-19_01:37:22,10277.0,11863.0,41483.0,14397.0,15983.0,41985.0
2025-07-19_01:37:23,8658.0,11863.0,41483.0,14228.0,15983.0,41985.0
2025-07-19_01:37:23,,,,,,
2025-07-19_01:37:27,6970.0,11863.0,41483.0,3793.0,15983.0,41985.0
2025-07-19_01:37:27,10140.0,11863.0,41483.0,14058.0,15983.0,41985.0
2025-07-19_01:37:27,,,,,,
2025-07-19_01:37:32,2778.0,11863.0,41483.0,3776.0,15983.0,41985.0
2025-07-19_01:37:32,8586.0,11863.0,41483.0,13975.0,15983.0,41985.0
2025-07-19_01:37:32,10142.0,11880.0,41503.0,14151.0,15983.0,41985.0
2025-07-19_01:37:32,8628.0,11880.0,41503.0,14088.0,15983.0,41985.0
2025-07-19_01:37:33,10051.0,11880.0,41503.0,14043.0,15983.0,41986.0
2025-07-19_01:37:33,9315.0,11880.0,41504.0,14055.0,15983.0,41986.0
2025-07-19_01:37:33,8540.0,11880.0,41504.0,14090.0,15983.0,41986.0
2025-07-19_01:37:33,,,,15122.0,15983.0,42043.0
2025-07-19_01:37:37,,,,,,
2025-07-19_01:37:41,6969.0,11880.0,41504.0,3793.0,15983.0,42043.0
2025-07-19_01:37:41,10291.0,11880.0,41505.0,14724.0,15983.0,42044.0
2025-07-19_01:37:41,10596.0,11880.0,41505.0,14682.0,15992.0,42222.0
2025-07-19_01:37:42,8119.0,11880.0,41505.0,13254.0,15992.0,42222.0
2025-07-19_01:37:42,8029.0,11880.0,41505.0,13266.0,15992.0,42222.0
2025-07-19_01:37:42,9989.0,11880.0,41505.0,13997.0,15992.0,42222.0
2025-07-19_01:37:42,,,,13795.0,15992.0,42222.0
2025-07-19_01:37:46,3375.0,11880.0,41505.0,12184.0,15992.0,42222.0
2025-07-19_01:37:46,,,,11869.0,15992.0,42222.0
2025-07-19_01:37:50,2778.0,11880.0,41505.0,12182.0,15992.0,42222.0
2025-07-19_01:37:50,7958.0,11880.0,41505.0,13046.0,15992.0,42222.0
2025-07-19_01:37:50,10168.0,11880.0,41505.0,14532.0,15993.0,42233.0
2025-07-19_01:37:51,9752.0,11880.0,41505.0,14009.0,15993.0,42233.0
2025-07-19_01:37:51,8050.0,11880.0,41505.0,13047.0,15993.0,42233.0
2025-07-19_01:37:51,10063.0,11880.0,41505.0,14508.0,15993.0,42233.0
2025-07-19_01:37:51,9944.0,11880.0,41505.0,14285.0,15993.0,42233.0
2025-07-19_01:37:52,7950.0,11880.0,41505.0,12858.0,15993.0,42233.0
2025-07-19_01:37:52,10000.0,11880.0,41505.0,14092.0,15993.0,42233.0
2025-07-19_01:37:52,9742.0,11880.0,41505.0,13979.0,15993.0,42233.0
2025-07-19_01:37:52,10016.0,11880.0,41505.0,13845.0,15993.0,42233.0
2025-07-19_01:37:52,,,,,,
2025-07-19_01:37:56,6966.0,11880.0,41505.0,3793.0,15993.0,42233.0
2025-07-19_01:37:56,10003.0,11880.0,41505.0,14487.0,15993.0,42233.0
2025-07-19_01:37:57,9182.0,11880.0,41505.0,13793.0,15993.0,42233.0
2025-07-19_01:37:57,,,,14032.0,15993.0,42233.0
2025-07-19_01:38:01,3360.0,11880.0,41505.0,12167.0,15993.0,42233.0
2025-07-19_01:38:01,8626.0,11880.0,41505.0,14241.0,15993.0,42233.0
2025-07-19_01:38:01,9891.0,11880.0,41505.0,14000.0,15993.0,42233.0
2025-07-19_01:38:01,,,,13257.0,15993.0,42233.0
2025-07-19_01:38:05,2778.0,11880.0,41505.0,12192.0,15993.0,42233.0
2025-07-19_01:38:05,10129.0,11880.0,41505.0,14395.0,15993.0,42233.0
2025-07-19_01:38:06,8844.0,11880.0,41505.0,14590.0,15998.0,42273.0
2025-07-19_01:38:06,10121.0,11880.0,41505.0,14479.0,15998.0,42278.0
2025-07-19_01:38:06,8613.0,11880.0,41505.0,14068.0,15998.0,42278.0
2025-07-19_01:38:06,,,,14003.0,15998.0,42278.0
2025-07-19_01:38:10,3319.0,11880.0,41505.0,12191.0,15998.0,42278.0
2025-07-19_01:38:10,,,,,,
2025-07-19_01:38:14,6966.0,11880.0,41505.0,3792.0,15998.0,42278.0
2025-07-19_01:38:14,7995.0,11880.0,41505.0,13080.0,15998.0,42278.0
2025-07-19_01:38:15,8649.0,11880.0,41505.0,14096.0,15998.0,42278.0
2025-07-19_01:38:15,8040.0,11880.0,41505.0,13081.0,15998.0,42278.0
2025-07-19_01:38:15,,,,,,
2025-07-19_01:38:19,6965.0,11880.0,41505.0,3792.0,15998.0,42278.0
2025-07-19_01:38:19,,,,13981.0,15998.0,42278.0
2025-07-19_01:38:23,2778.0,11880.0,41505.0,12193.0,15998.0,42278.0
2025-07-19_01:38:23,,,,,,
2025-07-19_01:38:27,6963.0,11880.0,41505.0,3786.0,15998.0,42278.0
2025-07-19_01:38:27,10140.0,11880.0,41505.0,14406.0,15998.0,42278.0
2025-07-19_01:38:27,9305.0,11880.0,41505.0,13843.0,15998.0,42278.0
2025-07-19_01:38:28,8034.0,11880.0,41505.0,13301.0,15998.0,42278.0
2025-07-19_01:38:28,9612.0,11880.0,41505.0,13901.0,15998.0,42278.0
2025-07-19_01:38:28,,,,,,
2025-07-19_01:38:32,6963.0,11880.0,41505.0,3793.0,15998.0,42278.0
2025-07-19_01:38:32,8102.0,11880.0,41505.0,12884.0,15998.0,42278.0
2025-07-19_01:38:32,8649.0,11880.0,41505.0,14208.0,15998.0,42278.0
2025-07-19_01:38:32,8107.0,11880.0,41505.0,13058.0,15998.0,42278.0
2025-07-19_01:38:33,,,,,,
2025-07-19_01:38:36,6963.0,11880.0,41505.0,3792.0,15998.0,42278.0
2025-07-19_01:38:37,,,,14524.0,15998.0,42289.0
2025-07-19_01:38:40,2778.0,11880.0,41505.0,12191.0,15998.0,42289.0
2025-07-19_01:38:41,10048.0,11880.0,41514.0,14165.0,15998.0,42289.0
2025-07-19_01:38:41,8024.0,11880.0,41514.0,13078.0,15998.0,42289.0
2025-07-19_01:38:41,9753.0,11880.0,41517.0,13796.0,15998.0,42289.0
2025-07-19_01:38:41,8115.0,11880.0,41517.0,13050.0,15998.0,42289.0
2025-07-19_01:38:42,,,,13777.0,15998.0,42289.0
2025-07-19_01:38:45,3358.0,11880.0,41517.0,12196.0,15998.0,42289.0
2025-07-19_01:38:46,,,,,,
2025-07-19_01:38:49,6962.0,11880.0,41517.0,3793.0,15998.0,42289.0
2025-07-19_01:38:50,9554.0,11880.0,41517.0,14016.0,15998.0,42289.0
2025-07-19_01:38:50,8595.0,11880.0,41517.0,14105.0,15998.0,42289.0
2025-07-19_01:38:50,10665.0,11880.0,41517.0,14900.0,15998.0,42289.0
2025-07-19_01:38:50,,,,14005.0,15998.0,42289.0
2025-07-19_01:38:54,3302.0,11880.0,41517.0,12196.0,15998.0,42289.0
2025-07-19_01:38:54,,,,14114.0,15998.0,42289.0
2025-07-19_01:38:58,3319.0,11880.0,41517.0,12190.0,15998.0,42289.0
2025-07-19_01:38:58,9803.0,11880.0,41517.0,13976.0,15998.0,42289.0
2025-07-19_01:38:58,,,,,,
2025-07-19_01:39:02,6967.0,11880.0,41517.0,3793.0,15998.0,42289.0
2025-07-19_01:39:02,8530.0,11880.0,41517.0,13828.0,15998.0,42289.0
2025-07-19_01:39:03,,,,14069.0,15998.0,42289.0
2025-07-19_01:39:06,2778.0,11880.0,41517.0,12184.0,15998.0,42289.0
2025-07-19_01:39:07,8703.0,11880.0,41517.0,14222.0,15998.0,42289.0
2025-07-19_01:39:07,10442.0,11880.0,41517.0,14392.0,15998.0,42289.0
2025-07-19_01:39:07,8641.0,11880.0,41517.0,14206.0,15998.0,42289.0
2025-07-19_01:39:07,10014.0,11880.0,41517.0,14046.0,15998.0,42289.0
2025-07-19_01:39:08,8525.0,11880.0,41517.0,13842.0,15998.0,42289.0
2025-07-19_01:39:08,10079.0,11880.0,41517.0,14313.0,15998.0,42289.0
2025-07-19_01:39:08,8035.0,11880.0,41517.0,12862.0,15998.0,42289.0
2025-07-19_01:39:08,,,,13804.0,15998.0,42289.0
2025-07-19_01:39:12,3375.0,11880.0,41517.0,12191.0,15998.0,42289.0
2025-07-19_01:39:12,8531.0,11880.0,41517.0,13974.0,15999.0,42290.0
2025-07-19_01:39:12,7966.0,11880.0,41517.0,13605.0,15999.0,42290.0
2025-07-19_01:39:13,10017.0,11880.0,41517.0,13857.0,15999.0,42290.0
2025-07-19_01:39:13,9953.0,11880.0,41517.0,13811.0,15999.0,42290.0
2025-07-19_01:39:13,9949.0,11880.0,41517.0,13987.0,15999.0,42290.0
2025-07-19_01:39:13,8533.0,11880.0,41517.0,12862.0,15999.0,42290.0
2025-07-19_01:39:13,8029.0,11880.0,41517.0,13084.0,15999.0,42290.0
2025-07-19_01:39:14,8884.0,11880.0,41517.0,14010.0,15999.0,42290.0
2025-07-19_01:39:14,10228.0,11880.0,41517.0,14320.0,15999.0,42290.0
2025-07-19_01:39:14,8580.0,11880.0,41517.0,14084.0,15999.0,42290.0
2025-07-19_01:39:14,,,,14102.0,15999.0,42290.0
2025-07-19_01:39:18,,,,,,
2025-07-19_01:39:22,,,,3792.0,15999.0,42290.0
2025-07-19_01:39:26,2778.0,11880.0,41517.0,12184.0,15999.0,42290.0
2025-07-19_01:39:26,10896.0,11880.0,41517.0,15084.0,15999.0,42292.0
2025-07-19_01:39:26,10199.0,11880.0,41518.0,13969.0,15999.0,42292.0
2025-07-19_01:39:26,10746.0,11880.0,41518.0,15029.0,16004.0,42319.0
2025-07-19_01:39:27,8026.0,11880.0,41518.0,13259.0,16004.0,42319.0
2025-07-19_01:39:27,9977.0,11880.0,41518.0,13950.0,16004.0,42319.0
2025-07-19_01:39:27,9928.0,11880.0,41518.0,13990.0,16004.0,42319.0
2025-07-19_01:39:27,9773.0,11880.0,41518.0,13731.0,16004.0,42319.0
2025-07-19_01:39:28,10124.0,11880.0,41518.0,14088.0,16004.0,42319.0
2025-07-19_01:39:28,8526.0,11880.0,41518.0,13808.0,16004.0,42319.0
2025-07-19_01:39:28,10049.0,11880.0,41518.0,14506.0,16004.0,42319.0
2025-07-19_01:39:28,9851.0,11880.0,41518.0,13999.0,16004.0,42319.0
2025-07-19_01:39:28,8502.0,11880.0,41518.0,13606.0,16004.0,42319.0
2025-07-19_01:39:29,10216.0,11880.0,41518.0,14120.0,16004.0,42319.0
2025-07-19_01:39:29,8592.0,11880.0,41518.0,14049.0,16004.0,42319.0
2025-07-19_01:39:29,,,,13060.0,16004.0,42319.0
2025-07-19_01:39:33,2778.0,11880.0,41518.0,12193.0,16004.0,42319.0
2025-07-19_01:39:33,,,,13927.0,16004.0,42319.0
2025-07-19_01:39:37,3319.0,11880.0,41518.0,12192.0,16004.0,42319.0
2025-07-19_01:39:37,8629.0,11880.0,41518.0,14301.0,16004.0,42319.0
2025-07-19_01:39:37,9441.0,11880.0,41518.0,14066.0,16004.0,42319.0
2025-07-19_01:39:38,8542.0,11880.0,41519.0,13844.0,16004.0,42319.0
2025-07-19_01:39:38,10367.0,11880.0,41519.0,14621.0,16004.0,42319.0
2025-07-19_01:39:38,,,,,,
2025-07-19_01:39:42,6961.0,11880.0,41519.0,3786.0,16004.0,42319.0
2025-07-19_01:39:42,,,,14522.0,16004.0,42319.0
2025-07-19_01:39:46,3375.0,11880.0,41519.0,12161.0,16004.0,42319.0
2025-07-19_01:39:46,,,,13984.0,16004.0,42319.0
2025-07-19_01:39:50,3358.0,11880.0,41519.0,12188.0,16004.0,42319.0
2025-07-19_01:39:50,9718.0,11880.0,41519.0,14538.0,16004.0,42319.0
2025-07-19_01:39:50,8542.0,11880.0,41519.0,13811.0,16004.0,42319.0
2025-07-19_01:39:50,,,,13990.0,16004.0,42319.0
2025-07-19_01:39:54,3319.0,11880.0,41519.0,12153.0,16004.0,42319.0
2025-07-19_01:39:54,9967.0,11880.0,41519.0,14380.0,16004.0,42319.0
2025-07-19_01:39:54,10688.0,11880.0,41519.0,14879.0,16004.0,42319.0
2025-07-19_01:39:55,10005.0,11880.0,41519.0,14235.0,16004.0,42319.0
2025-07-19_01:39:55,9676.0,11880.0,41519.0,13785.0,16004.0,42319.0
2025-07-19_01:39:55,8116.0,11880.0,41519.0,13055.0,16004.0,42319.0
2025-07-19_01:39:55,9897.0,11880.0,41519.0,14272.0,16004.0,42319.0
2025-07-19_01:39:56,,,,,,
2025-07-19_01:39:59,6969.0,11880.0,41519.0,3795.0,16004.0,42319.0
2025-07-19_01:40:00,,,,13875.0,16004.0,42337.0
2025-07-19_01:40:03,3375.0,11880.0,41519.0,12199.0,16004.0,42337.0
2025-07-19_01:40:04,10164.0,11880.0,41519.0,13968.0,16004.0,42337.0
2025-07-19_01:40:04,9956.0,11880.0,41519.0,13997.0,16004.0,42337.0
2025-07-19_01:40:04,8513.0,11880.0,41519.0,13801.0,16004.0,42337.0
2025-07-19_01:40:04,,,,14090.0,16004.0,42338.0
2025-07-19_01:40:08,3375.0,11880.0,41519.0,12185.0,16004.0,42338.0
2025-07-19_01:40:08,10249.0,11880.0,41519.0,14227.0,16004.0,42338.0
2025-07-19_01:40:08,,,,13822.0,16004.0,42338.0
2025-07-19_01:40:12,2778.0,11880.0,41519.0,12184.0,16004.0,42338.0
2025-07-19_01:40:12,8032.0,11880.0,41519.0,12899.0,16004.0,42338.0
2025-07-19_01:40:13,8036.0,11880.0,41519.0,13333.0,16004.0,42338.0
2025-07-19_01:40:13,8036.0,11880.0,41519.0,13227.0,16004.0,42338.0
2025-07-19_01:40:13,8507.0,11880.0,41519.0,13810.0,16004.0,42338.0
2025-07-19_01:40:13,,,,,,
2025-07-19_01:40:17,6956.0,11880.0,41519.0,3793.0,16004.0,42338.0
2025-07-19_01:40:17,9914.0,11880.0,41519.0,14290.0,16004.0,42338.0
2025-07-19_01:40:18,8108.0,11880.0,41519.0,13273.0,16004.0,42338.0
2025-07-19_01:40:18,,,,14081.0,16004.0,42338.0
2025-07-19_01:40:22,3319.0,11880.0,41519.0,12160.0,16004.0,42338.0
2025-07-19_01:40:22,8494.0,11880.0,41519.0,13722.0,16004.0,42338.0
2025-07-19_01:40:22,,,,14395.0,16004.0,42338.0
2025-07-19_01:40:26,3302.0,11880.0,41519.0,12167.0,16004.0,42338.0
2025-07-19_01:40:26,10196.0,11880.0,41519.0,14134.0,16004.0,42338.0
2025-07-19_01:40:26,10066.0,11880.0,41519.0,14511.0,16004.0,42338.0
2025-07-19_01:40:26,10267.0,11880.0,41519.0,14211.0,16005.0,42339.0
2025-07-19_01:40:27,9938.0,11880.0,41519.0,13992.0,16005.0,42339.0
2025-07-19_01:40:27,9998.0,11880.0,41519.0,13967.0,16005.0,42339.0
2025-07-19_01:40:27,8516.0,11880.0,41519.0,13812.0,16005.0,42339.0
2025-07-19_01:40:27,9530.0,11880.0,41519.0,14477.0,16005.0,42339.0
2025-07-19_01:40:27,,,,13957.0,16005.0,42339.0
2025-07-19_01:40:31,3375.0,11880.0,41519.0,12191.0,16005.0,42339.0
2025-07-19_01:40:31,,,,,,
2025-07-19_01:40:36,2778.0,11880.0,41519.0,3776.0,16005.0,42339.0
2025-07-19_01:40:36,8046.0,11880.0,41519.0,13229.0,16005.0,42339.0
2025-07-19_01:40:36,10389.0,11880.0,41519.0,14157.0,16005.0,42339.0
2025-07-19_01:40:36,7958.0,11880.0,41519.0,13048.0,16005.0,42339.0
2025-07-19_01:40:37,,,,13838.0,16005.0,42339.0
2025-07-19_01:40:40,3375.0,11880.0,41519.0,12183.0,16005.0,42339.0
2025-07-19_01:40:40,,,,,,
2025-07-19_01:40:44,6967.0,11880.0,41519.0,3792.0,16005.0,42339.0
2025-07-19_01:40:45,9958.0,11880.0,41519.0,13975.0,16005.0,42339.0
2025-07-19_01:40:45,10098.0,11880.0,41519.0,13870.0,16005.0,42339.0
2025-07-19_01:40:45,8033.0,11880.0,41519.0,13055.0,16005.0,42339.0
2025-07-19_01:40:45,8993.0,11880.0,41519.0,13779.0,16005.0,42339.0
2025-07-19_01:40:45,10429.0,11889.0,41529.0,14666.0,16005.0,42339.0
2025-07-19_01:40:46,10298.0,11889.0,41530.0,14103.0,16005.0,42339.0
2025-07-19_01:40:46,8658.0,11889.0,41531.0,14353.0,16005.0,42339.0
2025-07-19_01:40:46,,,,,,
2025-07-19_01:40:50,6963.0,11889.0,41531.0,3792.0,16005.0,42339.0
2025-07-19_01:40:50,10170.0,11889.0,41531.0,14403.0,16005.0,42339.0
2025-07-19_01:40:50,8504.0,11889.0,41531.0,14097.0,16005.0,42339.0
2025-07-19_01:40:51,8515.0,11889.0,41541.0,13079.0,16005.0,42339.0
2025-07-19_01:40:51,,,,,,
2025-07-19_01:40:55,6961.0,11889.0,41541.0,3792.0,16005.0,42339.0
2025-07-19_01:40:55,10424.0,11889.0,41545.0,14887.0,16005.0,42339.0
2025-07-19_01:40:55,9952.0,11889.0,41545.0,14273.0,16005.0,42339.0
2025-07-19_01:40:55,,,,,,
2025-07-19_01:40:59,6969.0,11889.0,41545.0,3793.0,16005.0,42339.0
2025-07-19_01:40:59,10189.0,11889.0,41546.0,14522.0,16005.0,42339.0
2025-07-19_01:41:00,10172.0,11889.0,41546.0,14049.0,16005.0,42339.0
2025-07-19_01:41:00,8601.0,11889.0,41546.0,14062.0,16005.0,42339.0
2025-07-19_01:41:00,8617.0,11889.0,41546.0,14103.0,16005.0,42339.0
2025-07-19_01:41:00,,,,,,
2025-07-19_01:41:04,6969.0,11889.0,41546.0,3792.0,16005.0,42339.0
2025-07-19_01:41:04,8052.0,11889.0,41546.0,13053.0,16005.0,42339.0
2025-07-19_01:41:05,10380.0,11889.0,41546.0,14369.0,16005.0,42339.0
2025-07-19_01:41:05,8625.0,11889.0,41546.0,13910.0,16005.0,42339.0
2025-07-19_01:41:05,9118.0,11889.0,41546.0,14110.0,16005.0,42339.0
2025-07-19_01:41:05,9963.0,11889.0,41546.0,14373.0,16005.0,42339.0
2025-07-19_01:41:06,8551.0,11889.0,41546.0,13887.0,16005.0,42339.0
2025-07-19_01:41:06,,,,14077.0,16005.0,42339.0
2025-07-19_01:41:10,3375.0,11889.0,41546.0,12187.0,16005.0,42339.0
2025-07-19_01:41:10,,,,,,
2025-07-19_01:41:14,6965.0,11889.0,41546.0,3794.0,16005.0,42339.0
2025-07-19_01:41:14,,,,,,
2025-07-19_01:41:18,6966.0,11889.0,41546.0,3793.0,16005.0,42339.0
2025-07-19_01:41:18,8041.0,11889.0,41546.0,13616.0,16005.0,42339.0
2025-07-19_01:41:18,9959.0,11889.0,41546.0,14099.0,16005.0,42339.0
2025-07-19_01:41:18,8658.0,11889.0,41546.0,14092.0,16005.0,42339.0
2025-07-19_01:41:19,,,,,,
2025-07-19_01:41:22,6963.0,11889.0,41546.0,3792.0,16005.0,42339.0
2025-07-19_01:41:23,,,,14092.0,16005.0,42339.0
2025-07-19_01:41:26,3375.0,11889.0,41546.0,12175.0,16005.0,42339.0
2025-07-19_01:41:26,,,,,,
2025-07-19_01:41:30,6966.0,11889.0,41546.0,3793.0,16005.0,42339.0
2025-07-19_01:41:30,9962.0,11889.0,41546.0,14392.0,16005.0,42339.0
2025-07-19_01:41:31,,,,,,
2025-07-19_01:41:34,6966.0,11889.0,41546.0,3792.0,16005.0,42339.0
2025-07-19_01:41:35,,,,,,
2025-07-19_01:41:38,6958.0,11889.0,41546.0,3793.0,16005.0,42339.0
2025-07-19_01:41:39,9853.0,11889.0,41546.0,14231.0,16005.0,42339.0
2025-07-19_01:41:39,,,,14095.0,16005.0,42339.0
2025-07-19_01:41:43,3302.0,11889.0,41546.0,12193.0,16005.0,42339.0
2025-07-19_01:41:43,9781.0,11889.0,41546.0,14010.0,16005.0,42339.0
2025-07-19_01:41:43,,,,14057.0,16005.0,42339.0
2025-07-19_01:41:47,3375.0,11889.0,41546.0,12197.0,16005.0,42339.0
2025-07-19_01:41:47,10002.0,11889.0,41546.0,14231.0,16005.0,42339.0
2025-07-19_01:41:47,8029.0,11889.0,41546.0,13260.0,16005.0,42339.0
2025-07-19_01:41:47,10288.0,11889.0,41546.0,14565.0,16005.0,42339.0
2025-07-19_01:41:48,8031.0,11889.0,41546.0,13045.0,16005.0,42339.0
2025-07-19_01:41:48,8116.0,11889.0,41546.0,13343.0,16005.0,42339.0
2025-07-19_01:41:48,9987.0,11889.0,41546.0,13977.0,16005.0,42339.0
2025-07-19_01:41:48,8174.0,11889.0,41546.0,13595.0,16005.0,42352.0
2025-07-19_01:41:48,10367.0,11889.0,41546.0,14667.0,16005.0,42352.0
2025-07-19_01:41:49,8118.0,11889.0,41546.0,13051.0,16005.0,42352.0
2025-07-19_01:41:49,8524.0,11889.0,41546.0,14013.0,16005.0,42352.0
2025-07-19_01:41:49,9669.0,11889.0,41546.0,14269.0,16005.0,42368.0
2025-07-19_01:41:49,10237.0,11889.0,41546.0,14355.0,16005.0,42368.0
2025-07-19_01:41:50,8053.0,11889.0,41546.0,12858.0,16005.0,42368.0
2025-07-19_01:41:50,2778.0,11889.0,41546.0,12195.0,16005.0,42368.0
2025-07-19_01:41:51,9688.0,11889.0,41546.0,14013.0,16005.0,42368.0
2025-07-19_01:41:51,9327.0,11889.0,41546.0,14051.0,16005.0,42368.0
2025-07-19_01:41:51,8039.0,11889.0,41546.0,13269.0,16005.0,42368.0
2025-07-19_01:41:51,,,,,,
2025-07-19_01:41:55,6964.0,11889.0,41546.0,3794.0,16005.0,42368.0
2025-07-19_01:41:55,,,,14393.0,16005.0,42368.0
2025-07-19_01:41:59,3319.0,11889.0,41546.0,12160.0,16005.0,42368.0
2025-07-19_01:41:59,9690.0,11889.0,41546.0,13975.0,16005.0,42368.0
2025-07-19_01:42:00,10255.0,11889.0,41546.0,14517.0,16005.0,42368.0
2025-07-19_01:42:00,8029.0,11889.0,41546.0,13084.0,16005.0,42368.0
2025-07-19_01:42:00,,,,13045.0,16005.0,42368.0
2025-07-19_01:42:04,2778.0,11889.0,41546.0,12194.0,16005.0,42368.0
2025-07-19_01:42:04,,,,14050.0,16005.0,42368.0
2025-07-19_01:42:08,2778.0,11889.0,41546.0,12191.0,16005.0,42368.0
2025-07-19_01:42:08,,,,13845.0,16005.0,42368.0
2025-07-19_01:42:12,2780.0,11889.0,41546.0,12184.0,16005.0,42368.0
2025-07-19_01:42:12,,,,,,
2025-07-19_01:42:16,6969.0,11889.0,41546.0,3792.0,16005.0,42368.0
2025-07-19_01:42:16,9674.0,11889.0,41546.0,13841.0,16005.0,42368.0
2025-07-19_01:42:16,,,,,,
2025-07-19_01:42:20,6972.0,11889.0,41546.0,3792.0,16005.0,42368.0
2025-07-19_01:42:20,7979.0,11889.0,41546.0,13343.0,16005.0,42368.0
2025-07-19_01:42:21,,,,,,
2025-07-19_01:42:25,6966.0,11889.0,41546.0,3793.0,16005.0,42368.0
2025-07-19_01:42:25,10204.0,11889.0,41546.0,14762.0,16005.0,42368.0
2025-07-19_01:42:26,2778.0,11889.0,41546.0,12182.0,16005.0,42368.0
2025-07-19_01:42:26,8627.0,11889.0,41546.0,14083.0,16005.0,42368.0
2025-07-19_01:42:26,,,,,,
2025-07-19_01:42:30,3300.0,11889.0,41546.0,4595.0,16047.0,42503.0
2025-07-19_01:42:31,9028.0,11889.0,41546.0,13598.0,16047.0,42503.0
2025-07-19_01:42:31,8026.0,11889.0,41546.0,13263.0,16047.0,42503.0
2025-07-19_01:42:31,9965.0,11889.0,41546.0,13989.0,16047.0,42503.0
2025-07-19_01:42:31,8511.0,11889.0,41546.0,13861.0,16047.0,42505.0
2025-07-19_01:42:31,8644.0,11889.0,41546.0,13860.0,16047.0,42505.0
2025-07-19_01:42:32,8531.0,11889.0,41546.0,14149.0,16047.0,42505.0
2025-07-19_01:42:32,8107.0,11889.0,41546.0,13083.0,16047.0,42505.0
2025-07-19_01:42:32,8634.0,11889.0,41546.0,14049.0,16047.0,42505.0
2025-07-19_01:42:32,10534.0,11889.0,41593.0,14589.0,16047.0,42505.0
2025-07-19_01:42:33,8507.0,11889.0,41593.0,13270.0,16047.0,42505.0
2025-07-19_01:42:33,,,,,,
2025-07-19_01:42:37,6966.0,11889.0,41593.0,3793.0,16047.0,42505.0
2025-07-19_01:42:37,8562.0,11889.0,41593.0,14054.0,16047.0,42505.0
2025-07-19_01:42:37,8692.0,11889.0,41593.0,14088.0,16047.0,42505.0
2025-07-19_01:42:37,,,,13050.0,16047.0,42505.0
2025-07-19_01:42:41,2778.0,11889.0,41593.0,12186.0,16047.0,42505.0
2025-07-19_01:42:41,8620.0,11889.0,41593.0,14195.0,16047.0,42505.0
2025-07-19_01:42:42,9433.0,11889.0,41593.0,14051.0,16047.0,42505.0
2025-07-19_01:42:42,8047.0,11889.0,41593.0,13526.0,16047.0,42505.0
2025-07-19_01:42:42,10024.0,11889.0,41593.0,13903.0,16047.0,42505.0
2025-07-19_01:42:42,8044.0,11889.0,41593.0,12904.0,16047.0,42505.0
2025-07-19_01:42:43,8677.0,11889.0,41616.0,14096.0,16047.0,42505.0
2025-07-19_01:42:43,10303.0,11889.0,41616.0,14522.0,16047.0,42505.0
2025-07-19_01:42:43,7984.0,11889.0,41620.0,13098.0,16047.0,42505.0
2025-07-19_01:42:43,8029.0,11889.0,41620.0,13080.0,16047.0,42505.0
2025-07-19_01:42:44,10246.0,11889.0,41623.0,14350.0,16047.0,42505.0
2025-07-19_01:42:44,8022.0,11889.0,41623.0,13045.0,16047.0,42505.0
2025-07-19_01:42:44,8619.0,11889.0,41623.0,14097.0,16047.0,42505.0
2025-07-19_01:42:44,8677.0,11889.0,41623.0,14335.0,16047.0,42505.0
2025-07-19_01:42:44,9697.0,11889.0,41623.0,13965.0,16047.0,42505.0
2025-07-19_01:42:45,8606.0,11889.0,41623.0,14068.0,16047.0,42505.0
2025-07-19_01:42:45,10000.0,11889.0,41623.0,14218.0,16047.0,42505.0
2025-07-19_01:42:45,8010.0,11889.0,41623.0,13049.0,16047.0,42505.0
2025-07-19_01:42:45,,,,,,
2025-07-19_01:42:49,6963.0,11889.0,41623.0,3792.0,16047.0,42505.0
2025-07-19_01:42:49,8036.0,11889.0,41623.0,13256.0,16047.0,42505.0
2025-07-19_01:42:50,9986.0,11889.0,41623.0,14197.0,16047.0,42505.0
2025-07-19_01:42:50,9184.0,11889.0,41623.0,13968.0,16047.0,42505.0
2025-07-19_01:42:50,9637.0,11889.0,41623.0,14014.0,16047.0,42505.0
2025-07-19_01:42:50,9945.0,11889.0,41623.0,14070.0,16047.0,42505.0
2025-07-19_01:42:50,9964.0,11889.0,41623.0,13802.0,16047.0,42505.0
2025-07-19_01:42:51,8109.0,11889.0,41623.0,13231.0,16047.0,42505.0
2025-07-19_01:42:51,,,,13077.0,16047.0,42505.0
2025-07-19_01:42:55,2778.0,11889.0,41623.0,12184.0,16047.0,42505.0
2025-07-19_01:42:55,8606.0,11889.0,41623.0,14095.0,16047.0,42505.0
2025-07-19_01:42:55,10005.0,11889.0,41623.0,14250.0,16047.0,42505.0
2025-07-19_01:42:55,9674.0,11889.0,41623.0,13982.0,16047.0,42505.0
2025-07-19_01:42:56,9974.0,11889.0,41623.0,13984.0,16047.0,42505.0
2025-07-19_01:42:56,10537.0,11889.0,41623.0,14430.0,16047.0,42505.0
2025-07-19_01:42:56,,,,,,
2025-07-19_01:43:00,6958.0,11889.0,41623.0,3792.0,16047.0,42505.0
2025-07-19_01:43:00,9912.0,11889.0,41623.0,14023.0,16047.0,42505.0
2025-07-19_01:43:00,9908.0,11889.0,41623.0,14262.0,16047.0,42505.0
2025-07-19_01:43:01,8114.0,11889.0,41623.0,13267.0,16047.0,42505.0
2025-07-19_01:43:01,10217.0,11889.0,41623.0,14360.0,16047.0,42505.0
2025-07-19_01:43:01,7970.0,11889.0,41623.0,13267.0,16047.0,42505.0
2025-07-19_01:43:01,9629.0,11889.0,41623.0,13986.0,16047.0,42505.0
2025-07-19_01:43:01,9943.0,11889.0,41624.0,14007.0,16047.0,42505.0
2025-07-19_01:43:02,9192.0,11889.0,41624.0,13863.0,16047.0,42505.0
2025-07-19_01:43:02,10624.0,11889.0,41624.0,14489.0,16047.0,42505.0
2025-07-19_01:43:02,8103.0,11889.0,41624.0,13069.0,16047.0,42505.0
2025-07-19_01:43:02,9974.0,11895.0,41630.0,14360.0,16047.0,42505.0
2025-07-19_01:43:03,8585.0,11895.0,41630.0,13835.0,16047.0,42505.0
2025-07-19_01:43:03,10310.0,11895.0,41654.0,14473.0,16047.0,42505.0
2025-07-19_01:43:03,10080.0,11895.0,41654.0,14500.0,16047.0,42505.0
2025-07-19_01:43:03,10189.0,11895.0,41654.0,13921.0,16047.0,42505.0
2025-07-19_01:43:03,9981.0,11895.0,41654.0,14183.0,16047.0,42505.0
2025-07-19_01:43:04,8533.0,11895.0,41654.0,13843.0,16047.0,42505.0
2025-07-19_01:43:04,8603.0,11895.0,41654.0,14343.0,16047.0,42505.0
2025-07-19_01:43:04,,,,,,
2025-07-19_01:43:08,6964.0,11895.0,41654.0,3792.0,16047.0,42505.0
2025-07-19_01:43:08,9838.0,11895.0,41654.0,14018.0,16047.0,42505.0
2025-07-19_01:43:08,,,,,,
2025-07-19_01:43:12,6963.0,11895.0,41654.0,3793.0,16047.0,42505.0
2025-07-19_01:43:12,,,,13980.0,16047.0,42509.0
2025-07-19_01:43:16,3358.0,11895.0,41654.0,12192.0,16047.0,42509.0
2025-07-19_01:43:16,,,,,,
2025-07-19_01:43:20,6957.0,11895.0,41654.0,3793.0,16047.0,42509.0
2025-07-19_01:43:20,,,,14001.0,16047.0,42509.0
2025-07-19_01:43:24,3302.0,11895.0,41654.0,12201.0,16047.0,42509.0
2025-07-19_01:43:24,10463.0,11895.0,41654.0,14466.0,16047.0,42509.0
2025-07-19_01:43:24,10192.0,11895.0,41654.0,14587.0,16047.0,42509.0
2025-07-19_01:43:25,,,,14307.0,16047.0,42509.0
2025-07-19_01:43:28,2778.0,11895.0,41654.0,12159.0,16047.0,42509.0
2025-07-19_01:43:29,8168.0,11895.0,41654.0,13044.0,16047.0,42509.0
2025-07-19_01:43:29,,,,13780.0,16047.0,42509.0
2025-07-19_01:43:33,3319.0,11895.0,41654.0,12185.0,16047.0,42509.0
2025-07-19_01:43:33,8030.0,11895.0,41654.0,13052.0,16047.0,42509.0
2025-07-19_01:43:33,8032.0,11895.0,41654.0,12815.0,16047.0,42509.0
2025-07-19_01:43:33,,,,,,
2025-07-19_01:43:37,6970.0,11895.0,41654.0,3786.0,16047.0,42509.0
2025-07-19_01:43:37,9982.0,11895.0,41654.0,13815.0,16047.0,42509.0
2025-07-19_01:43:37,8040.0,11895.0,41654.0,13034.0,16047.0,42509.0
2025-07-19_01:43:38,8044.0,11895.0,41654.0,13271.0,16047.0,42509.0
2025-07-19_01:43:38,10801.0,11895.0,41654.0,14980.0,16047.0,42509.0
2025-07-19_01:43:38,8494.0,11895.0,41654.0,14009.0,16047.0,42509.0
2025-07-19_01:43:38,9221.0,11895.0,41654.0,13974.0,16047.0,42509.0
2025-07-19_01:43:39,9899.0,11895.0,41654.0,13983.0,16047.0,42509.0
2025-07-19_01:43:39,10487.0,11895.0,41654.0,14490.0,16047.0,42509.0
2025-07-19_01:43:39,,,,,,
2025-07-19_01:43:43,6965.0,11895.0,41654.0,3792.0,16047.0,42509.0
2025-07-19_01:43:43,,,,14340.0,16047.0,42514.0
2025-07-19_01:43:47,2778.0,11895.0,41654.0,12192.0,16047.0,42514.0
2025-07-19_01:43:47,,,,,,
2025-07-19_01:43:51,6965.0,11895.0,41654.0,3792.0,16047.0,42514.0
2025-07-19_01:43:51,9903.0,11895.0,41654.0,14085.0,16047.0,42514.0
2025-07-19_01:43:51,,,,,,
2025-07-19_01:43:55,6967.0,11895.0,41654.0,3793.0,16047.0,42514.0
2025-07-19_01:43:56,10154.0,11895.0,41654.0,14565.0,16047.0,42514.0
2025-07-19_01:43:56,,,,,,
2025-07-19_01:44:00,6965.0,11895.0,41654.0,3792.0,16047.0,42514.0
2025-07-19_01:44:00,10031.0,11895.0,41654.0,14201.0,16047.0,42514.0
2025-07-19_01:44:00,,,,,,
2025-07-19_01:44:04,6966.0,11895.0,41654.0,3795.0,16047.0,42514.0
2025-07-19_01:44:04,8656.0,11895.0,41654.0,13939.0,16047.0,42514.0
2025-07-19_01:44:04,7978.0,11895.0,41654.0,13260.0,16047.0,42514.0
2025-07-19_01:44:05,8026.0,11895.0,41654.0,13234.0,16047.0,42514.0
2025-07-19_01:44:05,,,,,,
2025-07-19_01:44:09,6966.0,11895.0,41654.0,3792.0,16047.0,42514.0
2025-07-19_01:44:09,10360.0,11895.0,41667.0,14432.0,16047.0,42563.0
2025-07-19_01:44:09,10055.0,11895.0,41667.0,14538.0,16047.0,42563.0
2025-07-19_01:44:09,,,,14114.0,16047.0,42563.0
2025-07-19_01:44:13,3319.0,11895.0,41667.0,12190.0,16047.0,42563.0
2025-07-19_01:44:13,10300.0,11897.0,41669.0,14496.0,16047.0,42563.0
2025-07-19_01:44:13,10348.0,11897.0,41669.0,14614.0,16047.0,42564.0
2025-07-19_01:44:14,10243.0,11897.0,41669.0,14363.0,16047.0,42564.0
2025-07-19_01:44:14,,,,13613.0,16047.0,42564.0
2025-07-19_01:44:17,3358.0,11897.0,41669.0,12202.0,16047.0,42564.0
2025-07-19_01:44:18,10304.0,11897.0,41669.0,14427.0,16047.0,42564.0
2025-07-19_01:44:18,9982.0,11897.0,41669.0,13993.0,16047.0,42564.0
2025-07-19_01:44:18,10306.0,11897.0,41669.0,14309.0,16047.0,42564.0
2025-07-19_01:44:18,9681.0,11897.0,41669.0,13753.0,16047.0,42564.0
2025-07-19_01:44:19,9179.0,11897.0,41669.0,13980.0,16047.0,42564.0
2025-07-19_01:44:19,9688.0,11897.0,41669.0,14075.0,16047.0,42564.0
2025-07-19_01:44:19,10087.0,11897.0,41669.0,14321.0,16047.0,42564.0
2025-07-19_01:44:19,7953.0,11897.0,41669.0,13039.0,16047.0,42564.0
2025-07-19_01:44:19,10278.0,11897.0,41670.0,14281.0,16047.0,42564.0
2025-07-19_01:44:20,2778.0,11897.0,41670.0,12184.0,16047.0,42564.0
2025-07-19_01:44:21,,,,14528.0,16047.0,42564.0
2025-07-19_01:44:24,3375.0,11897.0,41670.0,12183.0,16047.0,42564.0
2025-07-19_01:44:24,10368.0,11897.0,41670.0,14459.0,16047.0,42564.0
2025-07-19_01:44:25,9959.0,11897.0,41670.0,14078.0,16047.0,42564.0
2025-07-19_01:44:25,9796.0,11897.0,41670.0,14266.0,16047.0,42564.0
2025-07-19_01:44:25,10098.0,11897.0,41670.0,14524.0,16047.0,42564.0
2025-07-19_01:44:25,8658.0,11897.0,41670.0,14230.0,16047.0,42564.0
2025-07-19_01:44:26,9816.0,11897.0,41671.0,14010.0,16047.0,42564.0
2025-07-19_01:44:26,8657.0,11897.0,41671.0,13980.0,16047.0,42564.0
2025-07-19_01:44:26,9424.0,11897.0,41671.0,13953.0,16047.0,42564.0
2025-07-19_01:44:26,10056.0,11897.0,41671.0,14036.0,16047.0,42564.0
2025-07-19_01:44:27,,,,,,
2025-07-19_01:44:30,6967.0,11897.0,41671.0,3787.0,16047.0,42564.0
2025-07-19_01:44:31,,,,14182.0,16047.0,42571.0
2025-07-19_01:44:34,2778.0,11897.0,41671.0,12194.0,16047.0,42571.0
2025-07-19_01:44:35,,,,,,
2025-07-19_01:44:38,6967.0,11897.0,41671.0,3793.0,16047.0,42571.0
2025-07-19_01:44:39,10046.0,11897.0,41671.0,14295.0,16047.0,42571.0
2025-07-19_01:44:39,10106.0,11897.0,41678.0,14141.0,16047.0,42572.0
2025-07-19_01:44:39,,,,14185.0,16047.0,42572.0
2025-07-19_01:44:43,3319.0,11897.0,41678.0,12178.0,16047.0,42572.0
2025-07-19_01:44:43,8640.0,11897.0,41678.0,14465.0,16047.0,42572.0
2025-07-19_01:44:43,9455.0,11897.0,41678.0,13789.0,16047.0,42572.0
2025-07-19_01:44:43,10467.0,11897.0,41678.0,14507.0,16047.0,42572.0
2025-07-19_01:44:44,10362.0,11898.0,41679.0,15135.0,16047.0,42572.0
2025-07-19_01:44:44,10577.0,11898.0,41680.0,14877.0,16047.0,42576.0
2025-07-19_01:44:44,9765.0,11898.0,41680.0,14340.0,16047.0,42576.0
2025-07-19_01:44:44,,,,,,
2025-07-19_01:44:48,6957.0,11898.0,41680.0,3793.0,16047.0,42576.0
2025-07-19_01:44:48,8541.0,11898.0,41681.0,14009.0,16047.0,42576.0
2025-07-19_01:44:49,8606.0,11898.0,41681.0,13923.0,16047.0,42576.0
2025-07-19_01:44:49,8622.0,11898.0,41681.0,14102.0,16047.0,42576.0
2025-07-19_01:44:49,10508.0,11898.0,41681.0,14442.0,16047.0,42577.0
2025-07-19_01:44:49,8622.0,11898.0,41681.0,14186.0,16047.0,42577.0
2025-07-19_01:44:49,,,,14224.0,16047.0,42577.0
2025-07-19_01:44:53,2778.0,11898.0,41681.0,12186.0,16047.0,42577.0
2025-07-19_01:44:53,,,,14042.0,16047.0,42577.0
2025-07-19_01:44:57,3375.0,11898.0,41681.0,12180.0,16047.0,42577.0
2025-07-19_01:44:57,,,,13549.0,16047.0,42577.0
2025-07-19_01:45:01,3302.0,11898.0,41681.0,12194.0,16047.0,42577.0
2025-07-19_01:45:01,,,,14607.0,16047.0,42577.0
2025-07-19_01:45:05,3358.0,11898.0,41681.0,12183.0,16047.0,42577.0
2025-07-19_01:45:05,10089.0,11898.0,41681.0,14287.0,16047.0,42577.0
2025-07-19_01:45:05,8552.0,11898.0,41681.0,14107.0,16047.0,42586.0
2025-07-19_01:45:06,8610.0,11898.0,41681.0,14097.0,16047.0,42586.0
2025-07-19_01:45:06,8044.0,11898.0,41681.0,13255.0,16047.0,42586.0
2025-07-19_01:45:06,9878.0,11898.0,41681.0,14013.0,16047.0,42586.0
2025-07-19_01:45:06,9552.0,11898.0,41681.0,13969.0,16047.0,42586.0
2025-07-19_01:45:06,9680.0,11898.0,41681.0,13965.0,16047.0,42586.0
2025-07-19_01:45:07,,,,14429.0,16047.0,42587.0
2025-07-19_01:45:10,3321.0,11898.0,41681.0,12180.0,16047.0,42587.0
2025-07-19_01:45:11,,,,14281.0,16047.0,42587.0
2025-07-19_01:45:14,2778.0,11898.0,41681.0,12181.0,16047.0,42587.0
2025-07-19_01:45:15,9976.0,11905.0,41696.0,14303.0,16047.0,42587.0
2025-07-19_01:45:15,9950.0,11905.0,41696.0,14286.0,16047.0,42588.0
2025-07-19_01:45:15,,,,,,
2025-07-19_01:45:19,6965.0,11905.0,41696.0,3793.0,16047.0,42588.0
2025-07-19_01:45:19,,,,13065.0,16047.0,42588.0
2025-07-19_01:45:23,2778.0,11905.0,41696.0,12192.0,16047.0,42588.0
2025-07-19_01:45:23,8553.0,11905.0,41696.0,13720.0,16047.0,42588.0
2025-07-19_01:45:24,10185.0,11905.0,41696.0,14496.0,16047.0,42588.0
2025-07-19_01:45:24,9632.0,11905.0,41696.0,13968.0,16047.0,42588.0
2025-07-19_01:45:24,9965.0,11905.0,41696.0,13997.0,16047.0,42588.0
2025-07-19_01:45:24,7973.0,11905.0,41696.0,13313.0,16047.0,42588.0
2025-07-19_01:45:25,8642.0,11905.0,41696.0,14138.0,16047.0,42588.0
2025-07-19_01:45:25,9012.0,11905.0,41700.0,14130.0,16047.0,42588.0
2025-07-19_01:45:25,9780.0,11905.0,41700.0,14016.0,16047.0,42588.0
2025-07-19_01:45:25,,,,13936.0,16047.0,42588.0
2025-07-19_01:45:29,2778.0,11905.0,41700.0,12194.0,16047.0,42588.0
2025-07-19_01:45:29,10058.0,11905.0,41700.0,13836.0,16047.0,42588.0
2025-07-19_01:45:30,,,,,,
2025-07-19_01:45:34,2778.0,11905.0,41700.0,3776.0,16047.0,42588.0
2025-07-19_01:45:34,,,,14001.0,16047.0,42588.0
2025-07-19_01:45:38,,,,,,
2025-07-19_01:45:42,6955.0,11905.0,41700.0,3793.0,16047.0,42588.0
2025-07-19_01:45:42,8686.0,11905.0,41700.0,14092.0,16047.0,42588.0
2025-07-19_01:45:42,9819.0,11905.0,41700.0,14380.0,16047.0,42590.0
2025-07-19_01:45:42,8039.0,11905.0,41700.0,13077.0,16047.0,42590.0
2025-07-19_01:45:43,10016.0,11905.0,41700.0,14403.0,16047.0,42590.0
2025-07-19_01:45:43,9978.0,11905.0,41700.0,13845.0,16047.0,42590.0
2025-07-19_01:45:43,,,,,,
2025-07-19_01:45:47,6962.0,11905.0,41700.0,3793.0,16047.0,42590.0
2025-07-19_01:45:47,9029.0,11905.0,41700.0,14103.0,16047.0,42590.0
2025-07-19_01:45:47,10255.0,11905.0,41700.0,14364.0,16047.0,42590.0
2025-07-19_01:45:48,,,,14618.0,16047.0,42590.0
2025-07-19_01:45:51,3377.0,11905.0,41700.0,12189.0,16047.0,42590.0
2025-07-19_01:45:51,8108.0,11905.0,41700.0,13230.0,16047.0,42590.0
2025-07-19_01:45:52,,,,12049.0,16047.0,42590.0
2025-07-19_01:45:56,2780.0,11905.0,41700.0,12190.0,16047.0,42590.0
2025-07-19_01:45:56,,,,13838.0,16047.0,42590.0
2025-07-19_01:45:59,3302.0,11905.0,41700.0,12193.0,16047.0,42590.0
2025-07-19_01:46:00,,,,14335.0,16047.0,42590.0
2025-07-19_01:46:03,3375.0,11905.0,41700.0,12171.0,16047.0,42590.0
2025-07-19_01:46:04,10547.0,11905.0,41700.0,14402.0,16047.0,42595.0
2025-07-19_01:46:04,8678.0,11905.0,41700.0,14106.0,16047.0,42595.0
2025-07-19_01:46:04,9838.0,11905.0,41700.0,14051.0,16047.0,42595.0
2025-07-19_01:46:04,10460.0,11905.0,41700.0,14699.0,16047.0,42595.0
2025-07-19_01:46:04,10124.0,11905.0,41700.0,14322.0,16047.0,42595.0
2025-07-19_01:46:05,10156.0,11905.0,41700.0,14401.0,16047.0,42595.0
2025-07-19_01:46:05,9757.0,11905.0,41700.0,13946.0,16047.0,42595.0
2025-07-19_01:46:05,10202.0,11905.0,41700.0,14398.0,16047.0,42595.0
2025-07-19_01:46:05,9775.0,11905.0,41700.0,14090.0,16047.0,42595.0
2025-07-19_01:46:06,9802.0,11905.0,41700.0,13797.0,16047.0,42595.0
2025-07-19_01:46:06,8936.0,11905.0,41700.0,14134.0,16047.0,42595.0
2025-07-19_01:46:06,9839.0,11905.0,41700.0,14056.0,16047.0,42595.0
2025-07-19_01:46:06,9559.0,11905.0,41700.0,13820.0,16047.0,42595.0
2025-07-19_01:46:07,,,,,,
2025-07-19_01:46:10,,,,3793.0,16047.0,42595.0
2025-07-19_01:46:14,2778.0,11905.0,41700.0,12191.0,16047.0,42595.0
2025-07-19_01:46:14,8594.0,11905.0,41700.0,14091.0,16047.0,42595.0
2025-07-19_01:46:15,8646.0,11905.0,41700.0,14056.0,16047.0,42595.0
2025-07-19_01:46:15,8921.0,11905.0,41700.0,13898.0,16047.0,42595.0
2025-07-19_01:46:15,8794.0,11905.0,41928.0,14149.0,16047.0,42603.0
2025-07-19_01:46:15,8603.0,11905.0,41928.0,13901.0,16047.0,42603.0
2025-07-19_01:46:15,,,,,,
2025-07-19_01:46:19,6966.0,11905.0,41928.0,3795.0,16047.0,42603.0
2025-07-19_01:46:19,,,,13784.0,16047.0,42605.0
2025-07-19_01:46:23,,,,,,
2025-07-19_01:46:27,6957.0,11905.0,41928.0,3792.0,16047.0,42605.0
2025-07-19_01:46:27,10388.0,11905.0,41928.0,14469.0,16047.0,42615.0
2025-07-19_01:46:27,10129.0,11905.0,41928.0,14004.0,16047.0,42615.0
2025-07-19_01:46:28,8024.0,11905.0,41930.0,13330.0,16047.0,42615.0
2025-07-19_01:46:28,8514.0,11905.0,41930.0,13083.0,16047.0,42615.0
2025-07-19_01:46:28,10444.0,11905.0,41930.0,14679.0,16047.0,42615.0
2025-07-19_01:46:28,,,,13993.0,16047.0,42615.0
2025-07-19_01:46:32,2778.0,11905.0,41930.0,12195.0,16047.0,42615.0
2025-07-19_01:46:32,8613.0,11905.0,41930.0,14087.0,16047.0,42615.0
2025-07-19_01:46:33,,,,,,
2025-07-19_01:46:36,6967.0,11905.0,41930.0,3792.0,16047.0,42615.0
2025-07-19_01:46:37,8026.0,11905.0,41930.0,13048.0,16047.0,42615.0
2025-07-19_01:46:37,,,,,,
2025-07-19_01:46:41,6967.0,11905.0,41930.0,3792.0,16047.0,42615.0
2025-07-19_01:46:41,,,,,,
2025-07-19_01:46:45,6967.0,11905.0,41930.0,3794.0,16047.0,42615.0
2025-07-19_01:46:45,,,,,,
2025-07-19_01:46:49,6970.0,11905.0,41930.0,3792.0,16047.0,42615.0
2025-07-19_01:46:49,8497.0,11905.0,41930.0,13795.0,16047.0,42615.0
2025-07-19_01:46:49,9903.0,11905.0,41930.0,14274.0,16047.0,42615.0
2025-07-19_01:46:50,8110.0,11905.0,41930.0,12863.0,16047.0,42615.0
2025-07-19_01:46:50,,,,14114.0,16047.0,42615.0
2025-07-19_01:46:53,3302.0,11905.0,41930.0,12191.0,16047.0,42615.0
2025-07-19_01:46:54,10098.0,11905.0,41930.0,14505.0,16047.0,42615.0
2025-07-19_01:46:54,7960.0,11905.0,41930.0,12898.0,16047.0,42615.0
2025-07-19_01:46:54,8015.0,11905.0,41930.0,13044.0,16047.0,42615.0
2025-07-19_01:46:54,7963.0,11905.0,41930.0,13226.0,16047.0,42615.0
2025-07-19_01:46:55,9927.0,11905.0,41930.0,13974.0,16047.0,42615.0
2025-07-19_01:46:55,10099.0,11905.0,41930.0,14165.0,16047.0,42615.0
2025-07-19_01:46:55,8016.0,11905.0,41930.0,13051.0,16047.0,42615.0
2025-07-19_01:46:55,8539.0,11905.0,41930.0,13926.0,16047.0,42615.0
2025-07-19_01:46:55,10058.0,11905.0,41930.0,14271.0,16047.0,42615.0
2025-07-19_01:46:56,10358.0,11905.0,41931.0,14253.0,16047.0,42615.0
2025-07-19_01:46:56,10423.0,11905.0,41931.0,14261.0,16047.0,42615.0
2025-07-19_01:46:56,10289.0,11905.0,41931.0,14404.0,16047.0,42615.0
2025-07-19_01:46:56,8036.0,11905.0,41931.0,13304.0,16047.0,42615.0
2025-07-19_01:46:56,9677.0,11905.0,41931.0,14259.0,16047.0,42615.0
2025-07-19_01:46:57,,,,14000.0,16047.0,42615.0
2025-07-19_01:47:00,3319.0,11905.0,41931.0,12196.0,16047.0,42615.0
2025-07-19_01:47:01,8607.0,11905.0,41931.0,14086.0,16047.0,42615.0
2025-07-19_01:47:01,8046.0,11905.0,41931.0,13236.0,16047.0,42615.0
2025-07-19_01:47:01,,,,,,
2025-07-19_01:47:05,6958.0,11905.0,41931.0,3793.0,16047.0,42615.0
2025-07-19_01:47:05,8607.0,11905.0,41931.0,14094.0,16047.0,42615.0
2025-07-19_01:47:05,9866.0,11905.0,41931.0,14139.0,16047.0,42615.0
2025-07-19_01:47:06,10669.0,11905.0,41931.0,15085.0,16047.0,42616.0
2025-07-19_01:47:06,,,,14007.0,16047.0,42616.0
2025-07-19_01:47:10,3302.0,11905.0,41931.0,12168.0,16047.0,42616.0
2025-07-19_01:47:10,7973.0,11905.0,41931.0,13044.0,16047.0,42616.0
2025-07-19_01:47:10,,,,,,
2025-07-19_01:47:14,6963.0,11905.0,41931.0,3793.0,16047.0,42616.0
2025-07-19_01:47:14,10042.0,11905.0,41931.0,14028.0,16047.0,42616.0
2025-07-19_01:47:14,9859.0,11905.0,41931.0,14413.0,16047.0,42616.0
2025-07-19_01:47:14,9953.0,11905.0,41931.0,13982.0,16047.0,42616.0
2025-07-19_01:47:15,9975.0,11905.0,41931.0,14477.0,16047.0,42616.0
2025-07-19_01:47:15,8117.0,11905.0,41931.0,13040.0,16047.0,42616.0
2025-07-19_01:47:15,8538.0,11905.0,41931.0,13798.0,16047.0,42616.0
2025-07-19_01:47:15,9953.0,11905.0,41931.0,13997.0,16047.0,42616.0
2025-07-19_01:47:15,10432.0,11905.0,41931.0,14654.0,16047.0,42616.0
2025-07-19_01:47:16,,,,,,
2025-07-19_01:47:20,6967.0,11905.0,41931.0,3793.0,16047.0,42616.0
2025-07-19_01:47:20,10336.0,11905.0,41931.0,14488.0,16047.0,42616.0
2025-07-19_01:47:20,8925.0,11905.0,41931.0,13788.0,16047.0,42616.0
2025-07-19_01:47:20,10599.0,11905.0,41931.0,14967.0,16047.0,42616.0
2025-07-19_01:47:20,9316.0,11905.0,41931.0,13614.0,16047.0,42616.0
2025-07-19_01:47:21,9743.0,11905.0,41931.0,14018.0,16047.0,42616.0
2025-07-19_01:47:21,10224.0,11905.0,41931.0,14323.0,16047.0,42616.0
2025-07-19_01:47:21,,,,,,
2025-07-19_01:47:25,6964.0,11905.0,41931.0,3793.0,16047.0,42616.0
2025-07-19_01:47:25,8033.0,11905.0,41931.0,13046.0,16047.0,42616.0
2025-07-19_01:47:25,8521.0,11905.0,41931.0,13814.0,16047.0,42616.0
2025-07-19_01:47:25,10795.0,11905.0,41934.0,15194.0,16047.0,42634.0
2025-07-19_01:47:26,,,,,,
2025-07-19_01:47:30,6959.0,11905.0,41934.0,3793.0,16047.0,42634.0
2025-07-19_01:47:30,,,,14085.0,16047.0,42634.0
2025-07-19_01:47:34,2778.0,11905.0,41934.0,12185.0,16047.0,42634.0
2025-07-19_01:47:34,9616.0,11905.0,41934.0,14005.0,16047.0,42634.0
2025-07-19_01:47:34,,,,13792.0,16047.0,42634.0
2025-07-19_01:47:38,3358.0,11905.0,41934.0,12196.0,16047.0,42634.0
2025-07-19_01:47:38,,,,14030.0,16047.0,42634.0
2025-07-19_01:47:42,3302.0,11905.0,41934.0,12188.0,16047.0,42634.0
2025-07-19_01:47:42,8505.0,11905.0,41934.0,13080.0,16047.0,42634.0
2025-07-19_01:47:42,9685.0,11905.0,41934.0,13964.0,16047.0,42634.0
2025-07-19_01:47:42,10483.0,11905.0,41934.0,14937.0,16047.0,42634.0
2025-07-19_01:47:43,9098.0,11905.0,41950.0,14046.0,16047.0,42634.0
2025-07-19_01:47:43,9956.0,11905.0,41950.0,14251.0,16047.0,42634.0
2025-07-19_01:47:43,9019.0,11905.0,41950.0,13797.0,16047.0,42634.0
2025-07-19_01:47:43,10204.0,11905.0,41950.0,14530.0,16047.0,42634.0
2025-07-19_01:47:44,,,,,,
2025-07-19_01:47:47,6968.0,11905.0,41950.0,3793.0,16047.0,42634.0
2025-07-19_01:47:48,9532.0,11905.0,41950.0,13969.0,16047.0,42634.0
2025-07-19_01:47:48,,,,14170.0,16047.0,42634.0
2025-07-19_01:47:51,3302.0,11905.0,41950.0,12192.0,16047.0,42634.0
2025-07-19_01:47:52,8035.0,11905.0,41950.0,13051.0,16047.0,42634.0
2025-07-19_01:47:52,8576.0,11905.0,41950.0,14267.0,16047.0,42634.0
2025-07-19_01:47:52,8635.0,11905.0,41950.0,14169.0,16047.0,42634.0
2025-07-19_01:47:52,,,,,,
2025-07-19_01:47:56,6967.0,11905.0,41950.0,3793.0,16047.0,42634.0
2025-07-19_01:47:56,9827.0,11905.0,41950.0,14002.0,16047.0,42634.0
2025-07-19_01:47:57,9979.0,11905.0,41950.0,13992.0,16047.0,42634.0
2025-07-19_01:47:57,8598.0,11905.0,41950.0,14082.0,16047.0,42634.0
2025-07-19_01:47:57,10214.0,11905.0,41950.0,14626.0,16047.0,42634.0
2025-07-19_01:47:57,9677.0,11905.0,41950.0,14005.0,16047.0,42634.0
2025-07-19_01:47:57,10568.0,11905.0,41950.0,14437.0,16047.0,42634.0
2025-07-19_01:47:58,10373.0,11905.0,41950.0,14750.0,16047.0,42634.0
2025-07-19_01:47:58,10234.0,11905.0,41958.0,14089.0,16047.0,42636.0
2025-07-19_01:47:58,8106.0,11905.0,41958.0,13050.0,16047.0,42636.0
2025-07-19_01:47:58,9678.0,11905.0,41958.0,13987.0,16047.0,42636.0
2025-07-19_01:47:59,,,,14699.0,16047.0,42636.0
2025-07-19_01:48:02,3375.0,11905.0,41958.0,12189.0,16047.0,42636.0
2025-07-19_01:48:02,9983.0,11905.0,41958.0,14173.0,16047.0,42636.0
2025-07-19_01:48:03,,,,,,
2025-07-19_01:48:06,6965.0,11905.0,41958.0,3792.0,16047.0,42636.0
2025-07-19_01:48:07,,,,14332.0,16047.0,42636.0
2025-07-19_01:48:10,3377.0,11905.0,41958.0,12166.0,16047.0,42636.0
2025-07-19_01:48:11,8033.0,11905.0,41958.0,13041.0,16047.0,42636.0
2025-07-19_01:48:11,10133.0,11905.0,41958.0,13993.0,16047.0,42636.0
2025-07-19_01:48:12,2778.0,11905.0,41958.0,12189.0,16047.0,42636.0
2025-07-19_01:48:12,8628.0,11905.0,41958.0,14090.0,16047.0,42636.0
2025-07-19_01:48:12,,,,,,
2025-07-19_01:48:16,6965.0,11905.0,41958.0,3793.0,16047.0,42636.0
2025-07-19_01:48:16,8110.0,11905.0,41958.0,13228.0,16047.0,42636.0
2025-07-19_01:48:16,,,,13963.0,16047.0,42636.0
2025-07-19_01:48:20,3358.0,11905.0,41958.0,12195.0,16047.0,42636.0
2025-07-19_01:48:20,10077.0,11905.0,41958.0,14522.0,16047.0,42636.0
2025-07-19_01:48:21,,,,13786.0,16047.0,42636.0
2025-07-19_01:48:24,3375.0,11905.0,41958.0,12168.0,16047.0,42636.0
2025-07-19_01:48:24,,,,,,
2025-07-19_01:48:28,6964.0,11905.0,41958.0,3793.0,16047.0,42636.0
2025-07-19_01:48:28,,,,,,
2025-07-19_01:48:32,6964.0,11905.0,41958.0,3787.0,16047.0,42636.0
2025-07-19_01:48:32,9536.0,11905.0,41958.0,13828.0,16047.0,42636.0
2025-07-19_01:48:33,10047.0,11905.0,41958.0,14023.0,16047.0,42636.0
2025-07-19_01:48:33,8519.0,11905.0,41958.0,13221.0,16047.0,42636.0
2025-07-19_01:48:33,9965.0,11905.0,41958.0,14103.0,16047.0,42636.0
2025-07-19_01:48:33,10486.0,11905.0,41958.0,14890.0,16047.0,42636.0
2025-07-19_01:48:34,8533.0,11905.0,41958.0,13929.0,16047.0,42636.0
2025-07-19_01:48:34,10079.0,11905.0,41958.0,14117.0,16047.0,42636.0
2025-07-19_01:48:34,9953.0,11905.0,41958.0,13975.0,16047.0,42636.0
2025-07-19_01:48:34,,,,,,
2025-07-19_01:48:38,6967.0,11905.0,41958.0,3793.0,16047.0,42636.0
2025-07-19_01:48:38,10405.0,11905.0,41958.0,14521.0,16047.0,42636.0
2025-07-19_01:48:39,8039.0,11905.0,41958.0,13137.0,16047.0,42636.0
2025-07-19_01:48:39,10382.0,11905.0,41958.0,14343.0,16047.0,42636.0
2025-07-19_01:48:39,8028.0,11905.0,41958.0,13079.0,16047.0,42636.0
2025-07-19_01:48:39,,,,,,
2025-07-19_01:48:43,6969.0,11905.0,41958.0,3793.0,16047.0,42636.0
2025-07-19_01:48:43,,,,14310.0,16047.0,42640.0
2025-07-19_01:48:47,2778.0,11905.0,41958.0,12187.0,16047.0,42640.0
2025-07-19_01:48:47,8643.0,11905.0,41967.0,14489.0,16047.0,42640.0
2025-07-19_01:48:48,10500.0,11905.0,41982.0,14102.0,16047.0,42640.0
2025-07-19_01:48:48,9986.0,11905.0,41982.0,13879.0,16047.0,42640.0
2025-07-19_01:48:48,8916.0,11905.0,41982.0,14284.0,16047.0,42641.0
2025-07-19_01:48:48,10429.0,11905.0,41982.0,14438.0,16047.0,42641.0
2025-07-19_01:48:49,8545.0,11905.0,41982.0,13802.0,16047.0,42641.0
2025-07-19_01:48:49,9862.0,11905.0,41982.0,13988.0,16047.0,42641.0
2025-07-19_01:48:53,2778.0,11905.0,41982.0,12189.0,16047.0,42641.0
2025-07-19_01:48:53,10071.0,11905.0,41982.0,14388.0,16047.0,42641.0
2025-07-19_01:48:53,,,,13817.0,16047.0,42641.0
2025-07-19_01:48:57,3319.0,11905.0,41982.0,12165.0,16047.0,42641.0
2025-07-19_01:48:57,10238.0,11905.0,41982.0,13938.0,16047.0,42641.0
2025-07-19_01:48:57,8037.0,11905.0,41982.0,13082.0,16047.0,42641.0
2025-07-19_01:48:57,8116.0,11905.0,41982.0,13259.0,16047.0,42641.0
2025-07-19_01:48:58,9824.0,11905.0,41982.0,13970.0,16047.0,42641.0
2025-07-19_01:48:58,10032.0,11905.0,41982.0,14225.0,16047.0,42641.0
2025-07-19_01:48:58,8044.0,11905.0,41982.0,13086.0,16047.0,42641.0
2025-07-19_01:48:58,8555.0,11905.0,41982.0,14043.0,16047.0,42641.0
2025-07-19_01:48:59,10134.0,11905.0,41982.0,14004.0,16047.0,42641.0
2025-07-19_01:48:59,10005.0,11905.0,41982.0,13863.0,16047.0,42641.0
2025-07-19_01:48:59,9859.0,11905.0,41982.0,13975.0,16047.0,42641.0
2025-07-19_01:48:59,9826.0,11905.0,41982.0,14038.0,16047.0,42641.0
2025-07-19_01:49:00,9796.0,11905.0,41982.0,14047.0,16047.0,42641.0
2025-07-19_01:49:00,9197.0,11905.0,41982.0,13961.0,16047.0,42641.0
2025-07-19_01:49:00,,,,14367.0,16047.0,42641.0
2025-07-19_01:49:04,2778.0,11905.0,41982.0,12159.0,16047.0,42641.0
2025-07-19_01:49:04,,,,,,
2025-07-19_01:49:08,6966.0,11905.0,41982.0,3793.0,16047.0,42641.0
2025-07-19_01:49:08,,,,14001.0,16047.0,42641.0
2025-07-19_01:49:12,3358.0,11905.0,41982.0,12186.0,16047.0,42641.0
2025-07-19_01:49:12,9832.0,11905.0,41982.0,13822.0,16047.0,42641.0
2025-07-19_01:49:12,9155.0,11905.0,41982.0,13842.0,16047.0,42641.0
2025-07-19_01:49:12,,,,13904.0,16047.0,42641.0
2025-07-19_01:49:16,3319.0,11905.0,41982.0,12183.0,16047.0,42641.0
2025-07-19_01:49:16,10076.0,11905.0,41982.0,14316.0,16047.0,42641.0
2025-07-19_01:49:16,,,,14627.0,16047.0,42641.0
2025-07-19_01:49:20,3358.0,11905.0,41982.0,12164.0,16047.0,42641.0
2025-07-19_01:49:20,8536.0,11905.0,41982.0,13808.0,16047.0,42641.0
2025-07-19_01:49:21,8534.0,11905.0,41982.0,13940.0,16047.0,42641.0
2025-07-19_01:49:21,9913.0,11905.0,41982.0,14111.0,16047.0,42641.0
2025-07-19_01:49:21,8600.0,11905.0,41982.0,14338.0,16047.0,42641.0
2025-07-19_01:49:21,8510.0,11905.0,41982.0,13796.0,16047.0,42641.0
2025-07-19_01:49:22,10067.0,11905.0,41982.0,14406.0,16047.0,42641.0
2025-07-19_01:49:22,9945.0,11905.0,41982.0,14069.0,16047.0,42641.0
2025-07-19_01:49:22,10397.0,11905.0,41982.0,14710.0,16047.0,42641.0
2025-07-19_01:49:22,9945.0,11905.0,41982.0,13913.0,16047.0,42641.0
2025-07-19_01:49:22,8550.0,11905.0,41982.0,13917.0,16047.0,42641.0
2025-07-19_01:49:23,9993.0,11905.0,41982.0,14275.0,16047.0,42641.0
2025-07-19_01:49:23,,,,15280.0,16047.0,42641.0
2025-07-19_01:49:27,2778.0,11905.0,41982.0,12161.0,16047.0,42641.0
2025-07-19_01:49:27,9440.0,11905.0,41982.0,14017.0,16047.0,42641.0
2025-07-19_01:49:28,3383.0,11908.0,41989.0,12812.0,16047.0,42641.0
2025-07-19_01:49:28,8529.0,11908.0,41989.0,13804.0,16047.0,42641.0
2025-07-19_01:49:28,10104.0,11908.0,41989.0,14444.0,16047.0,42641.0
2025-07-19_01:49:28,9853.0,11908.0,41989.0,13812.0,16047.0,42641.0
2025-07-19_01:49:29,10192.0,11908.0,41989.0,14540.0,16047.0,42641.0
2025-07-19_01:49:29,,,,,,
2025-07-19_01:49:33,2778.0,11908.0,41989.0,3776.0,16047.0,42641.0
2025-07-19_01:49:34,10197.0,11908.0,41989.0,14375.0,16047.0,42641.0
2025-07-19_01:49:34,9561.0,11908.0,41989.0,14118.0,16047.0,42641.0
2025-07-19_01:49:34,10269.0,11908.0,41989.0,14233.0,16047.0,42641.0
2025-07-19_01:49:34,,,,14098.0,16047.0,42641.0
2025-07-19_01:49:38,2778.0,11908.0,41989.0,12184.0,16047.0,42641.0
2025-07-19_01:49:38,,,,13281.0,16047.0,42641.0
2025-07-19_01:49:42,2778.0,11908.0,41989.0,12190.0,16047.0,42641.0
2025-07-19_01:49:42,7978.0,11908.0,41989.0,13524.0,16047.0,42641.0
2025-07-19_01:49:43,9970.0,11908.0,41989.0,13989.0,16047.0,42641.0
2025-07-19_01:49:43,9709.0,11908.0,41989.0,13983.0,16047.0,42641.0
2025-07-19_01:49:43,8635.0,11908.0,41989.0,14229.0,16047.0,42641.0
2025-07-19_01:49:43,8034.0,11908.0,41989.0,13040.0,16047.0,42641.0
2025-07-19_01:49:44,8498.0,11908.0,41989.0,13794.0,16047.0,42641.0
2025-07-19_01:49:44,8490.0,11908.0,41989.0,13808.0,16047.0,42641.0
2025-07-19_01:49:44,10343.0,11908.0,41989.0,14559.0,16047.0,42641.0
2025-07-19_01:49:44,8029.0,11908.0,41989.0,13235.0,16047.0,42641.0
2025-07-19_01:49:45,8026.0,11908.0,41989.0,12801.0,16047.0,42641.0
2025-07-19_01:49:45,8638.0,11908.0,41989.0,14164.0,16047.0,42641.0
2025-07-19_01:49:45,9178.0,11908.0,41989.0,13642.0,16047.0,42641.0
2025-07-19_01:49:45,8510.0,11908.0,41989.0,14132.0,16047.0,42641.0
2025-07-19_01:49:46,8707.0,11908.0,41989.0,14091.0,16047.0,42641.0
2025-07-19_01:49:46,9951.0,11908.0,41989.0,14236.0,16047.0,42641.0
2025-07-19_01:49:46,9949.0,11908.0,41989.0,13802.0,16047.0,42641.0
2025-07-19_01:49:46,9953.0,11908.0,41989.0,13979.0,16047.0,42641.0
2025-07-19_01:49:46,8623.0,11908.0,41989.0,13845.0,16047.0,42643.0
2025-07-19_01:49:47,8597.0,11908.0,41989.0,14274.0,16047.0,42643.0
2025-07-19_01:49:47,10826.0,11908.0,41989.0,15010.0,16047.0,42644.0
2025-07-19_01:49:47,9752.0,11908.0,41992.0,14377.0,16047.0,42644.0
2025-07-19_01:49:47,8513.0,11908.0,41992.0,13225.0,16047.0,42644.0
2025-07-19_01:49:47,9973.0,11908.0,41992.0,14274.0,16047.0,42644.0
2025-07-19_01:49:48,8034.0,11908.0,41992.0,13298.0,16047.0,42644.0
2025-07-19_01:49:48,8433.0,11908.0,41992.0,13811.0,16047.0,42644.0
2025-07-19_01:49:48,,,,,,
2025-07-19_01:49:52,6969.0,11908.0,41992.0,3792.0,16047.0,42644.0
2025-07-19_01:49:52,8627.0,11908.0,41992.0,13937.0,16047.0,42644.0
2025-07-19_01:49:52,8028.0,11908.0,41992.0,13045.0,16047.0,42644.0
2025-07-19_01:49:53,9948.0,11908.0,41992.0,13978.0,16047.0,42644.0
2025-07-19_01:49:53,8501.0,11908.0,41992.0,13996.0,16047.0,42644.0
2025-07-19_01:49:53,8026.0,11908.0,41992.0,13053.0,16047.0,42644.0
2025-07-19_01:49:53,,,,,,
2025-07-19_01:49:57,6955.0,11908.0,41992.0,3792.0,16047.0,42644.0
2025-07-19_01:49:57,9155.0,11908.0,41992.0,13995.0,16047.0,42644.0
2025-07-19_01:49:57,8545.0,11908.0,41992.0,13812.0,16047.0,42644.0
2025-07-19_01:49:58,,,,13892.0,16047.0,42644.0
2025-07-19_01:50:01,3373.0,11908.0,41992.0,12193.0,16047.0,42644.0
2025-07-19_01:50:02,8033.0,11908.0,41992.0,13090.0,16047.0,42644.0
2025-07-19_01:50:02,10047.0,11908.0,41992.0,14517.0,16047.0,42644.0
2025-07-19_01:50:02,8033.0,11908.0,41992.0,13044.0,16047.0,42644.0
2025-07-19_01:50:02,9862.0,11908.0,41992.0,13935.0,16047.0,42644.0
2025-07-19_01:50:02,,,,,,
2025-07-19_01:50:06,6965.0,11908.0,41992.0,3786.0,16047.0,42644.0
2025-07-19_01:50:06,,,,,,
2025-07-19_01:50:10,6964.0,11908.0,41992.0,3795.0,16047.0,42644.0
2025-07-19_01:50:10,10593.0,11908.0,41992.0,14579.0,16047.0,42644.0
2025-07-19_01:50:11,9461.0,11908.0,41992.0,14166.0,16047.0,42644.0
2025-07-19_01:50:11,9575.0,11908.0,41992.0,13984.0,16047.0,42644.0
2025-07-19_01:50:11,9926.0,11908.0,41992.0,13840.0,16047.0,42644.0
2025-07-19_01:50:11,10206.0,11908.0,41992.0,14044.0,16047.0,42644.0
2025-07-19_01:50:12,,,,13942.0,16047.0,42644.0
2025-07-19_01:50:15,3319.0,11908.0,41992.0,12167.0,16047.0,42644.0
2025-07-19_01:50:15,10452.0,11908.0,41992.0,14500.0,16047.0,42644.0
2025-07-19_01:50:16,9190.0,11908.0,41992.0,13832.0,16047.0,42644.0
2025-07-19_01:50:16,,,,,,
2025-07-19_01:50:20,6967.0,11908.0,41992.0,3793.0,16047.0,42644.0
2025-07-19_01:50:20,8063.0,11908.0,41992.0,13077.0,16047.0,42644.0
2025-07-19_01:50:20,8616.0,11908.0,41998.0,13910.0,16047.0,42644.0
2025-07-19_01:50:20,10007.0,11908.0,41998.0,13960.0,16047.0,42644.0
2025-07-19_01:50:21,10750.0,11908.0,41998.0,14994.0,16047.0,42645.0
2025-07-19_01:50:21,9743.0,11908.0,41999.0,13837.0,16047.0,42645.0
2025-07-19_01:50:21,10269.0,11908.0,41999.0,14665.0,16047.0,42645.0
2025-07-19_01:50:21,,,,14067.0,16047.0,42645.0
2025-07-19_01:50:25,2778.0,11908.0,41999.0,12185.0,16047.0,42645.0
2025-07-19_01:50:25,,,,,,
2025-07-19_01:50:29,6963.0,11908.0,41999.0,3792.0,16047.0,42645.0
2025-07-19_01:50:29,,,,,,
2025-07-19_01:50:33,6968.0,11908.0,41999.0,3792.0,16047.0,42645.0
2025-07-19_01:50:33,8952.0,11908.0,41999.0,13790.0,16047.0,42645.0
2025-07-19_01:50:34,,,,,,
2025-07-19_01:50:37,6955.0,11908.0,41999.0,3792.0,16047.0,42645.0
2025-07-19_01:50:38,8610.0,11908.0,41999.0,14306.0,16047.0,42645.0
2025-07-19_01:50:38,8552.0,11908.0,41999.0,14212.0,16047.0,42645.0
2025-07-19_01:50:38,9494.0,11908.0,41999.0,13982.0,16047.0,42645.0
2025-07-19_01:50:38,9758.0,11908.0,41999.0,14301.0,16047.0,42645.0
2025-07-19_01:50:39,9688.0,11908.0,41999.0,13729.0,16047.0,42645.0
2025-07-19_01:50:39,,,,14002.0,16047.0,42645.0
2025-07-19_01:50:42,3375.0,11908.0,41999.0,12161.0,16047.0,42645.0
2025-07-19_01:50:43,9831.0,11908.0,41999.0,13997.0,16047.0,42645.0
2025-07-19_01:50:43,,,,13971.0,16047.0,42645.0
2025-07-19_01:50:47,3358.0,11908.0,41999.0,12193.0,16047.0,42645.0
2025-07-19_01:50:47,10083.0,11908.0,41999.0,14281.0,16047.0,42645.0
2025-07-19_01:50:47,9803.0,11908.0,41999.0,14127.0,16047.0,42645.0
2025-07-19_01:50:47,9857.0,11908.0,41999.0,14025.0,16047.0,42645.0
2025-07-19_01:50:47,9007.0,11908.0,41999.0,13998.0,16047.0,42645.0
2025-07-19_01:50:48,8575.0,11908.0,41999.0,13696.0,16047.0,42645.0
2025-07-19_01:50:48,9865.0,11908.0,41999.0,14230.0,16047.0,42645.0
2025-07-19_01:50:48,9874.0,11908.0,41999.0,14133.0,16047.0,42645.0
2025-07-19_01:50:48,9576.0,11908.0,41999.0,14216.0,16047.0,42645.0
2025-07-19_01:50:49,,,,14265.0,16047.0,42645.0
2025-07-19_01:50:52,3358.0,11908.0,41999.0,12198.0,16047.0,42645.0
2025-07-19_01:50:52,9132.0,11908.0,41999.0,14031.0,16047.0,42645.0
2025-07-19_01:50:53,,,,,,
2025-07-19_01:50:57,6965.0,11908.0,41999.0,3793.0,16047.0,42645.0
2025-07-19_01:50:57,9894.0,11908.0,41999.0,14203.0,16047.0,42645.0
2025-07-19_01:50:57,9680.0,11908.0,41999.0,13979.0,16047.0,42645.0
2025-07-19_01:50:57,10102.0,11908.0,41999.0,14317.0,16047.0,42645.0
2025-07-19_01:50:57,9936.0,11908.0,41999.0,14573.0,16047.0,42645.0
2025-07-19_01:50:58,9571.0,11908.0,41999.0,14184.0,16047.0,42645.0
2025-07-19_01:50:58,9798.0,11908.0,41999.0,14277.0,16047.0,42645.0
2025-07-19_01:50:58,10254.0,11908.0,41999.0,14382.0,16047.0,42645.0
2025-07-19_01:50:58,9929.0,11908.0,41999.0,14029.0,16047.0,42645.0
2025-07-19_01:50:59,9601.0,11908.0,41999.0,13975.0,16047.0,42645.0
2025-07-19_01:50:59,10250.0,11908.0,41999.0,14401.0,16047.0,42645.0
2025-07-19_01:50:59,9874.0,11908.0,41999.0,14502.0,16047.0,42646.0
2025-07-19_01:50:59,9026.0,11908.0,41999.0,14037.0,16047.0,42646.0
2025-07-19_01:51:00,,,,14061.0,16047.0,42646.0
2025-07-19_01:51:03,3375.0,11908.0,41999.0,12191.0,16047.0,42646.0
2025-07-19_01:51:03,8615.0,11908.0,41999.0,14171.0,16047.0,42646.0
2025-07-19_01:51:04,8990.0,11908.0,41999.0,13970.0,16047.0,42646.0
2025-07-19_01:51:04,8499.0,11908.0,41999.0,13836.0,16047.0,42646.0
2025-07-19_01:51:04,9074.0,11908.0,42000.0,13846.0,16047.0,42646.0
2025-07-19_01:51:04,9848.0,11908.0,42000.0,14014.0,16047.0,42646.0
2025-07-19_01:51:04,9587.0,11908.0,42000.0,14000.0,16047.0,42646.0
2025-07-19_01:51:05,,,,,,
2025-07-19_01:51:08,6967.0,11908.0,42000.0,3793.0,16047.0,42646.0
2025-07-19_01:51:09,8517.0,11908.0,42000.0,13899.0,16047.0,42646.0
2025-07-19_01:51:09,9565.0,11908.0,42008.0,13804.0,16047.0,42646.0
2025-07-19_01:51:09,9644.0,11908.0,42008.0,14218.0,16047.0,42646.0
2025-07-19_01:51:09,10050.0,11908.0,42008.0,14304.0,16047.0,42646.0
2025-07-19_01:51:10,10087.0,11908.0,42008.0,14324.0,16047.0,42646.0
2025-07-19_01:51:10,,,,,,
2025-07-19_01:51:14,6964.0,11908.0,42008.0,3793.0,16047.0,42646.0
2025-07-19_01:51:14,,,,,,
2025-07-19_01:51:18,2778.0,11908.0,42008.0,3776.0,16047.0,42646.0
2025-07-19_01:51:19,9692.0,11908.0,42008.0,14015.0,16047.0,42646.0
2025-07-19_01:51:19,9590.0,11908.0,42008.0,14283.0,16047.0,42646.0
2025-07-19_01:51:19,9675.0,11908.0,42008.0,14168.0,16047.0,42646.0
2025-07-19_01:51:19,9224.0,11908.0,42008.0,14105.0,16047.0,42646.0
2025-07-19_01:51:20,9603.0,11908.0,42008.0,13991.0,16047.0,42646.0
2025-07-19_01:51:20,9100.0,11908.0,42008.0,14105.0,16047.0,42646.0
2025-07-19_01:51:20,,,,13291.0,16047.0,42646.0
2025-07-19_01:51:24,2778.0,11908.0,42008.0,12183.0,16047.0,42646.0
2025-07-19_01:51:24,9873.0,11908.0,42008.0,14138.0,16047.0,42646.0
2025-07-19_01:51:24,8609.0,11908.0,42008.0,14017.0,16047.0,42646.0
2025-07-19_01:51:24,8639.0,11908.0,42008.0,14357.0,16047.0,42646.0
2025-07-19_01:51:25,,,,,,
2025-07-19_01:51:29,6966.0,11908.0,42008.0,3793.0,16047.0,42646.0
2025-07-19_01:51:29,9190.0,11908.0,42013.0,13841.0,16047.0,42646.0
2025-07-19_01:51:29,,,,14204.0,16047.0,42646.0
2025-07-19_01:51:33,3375.0,11908.0,42013.0,12159.0,16047.0,42646.0
2025-07-19_01:51:33,9686.0,11908.0,42013.0,14173.0,16047.0,42646.0
2025-07-19_01:51:33,9397.0,11908.0,42013.0,13985.0,16047.0,42646.0
2025-07-19_01:51:33,9178.0,11908.0,42013.0,13771.0,16047.0,42646.0
2025-07-19_01:51:34,8631.0,11908.0,42013.0,14211.0,16047.0,42646.0
2025-07-19_01:51:34,10244.0,11908.0,42013.0,14349.0,16047.0,42646.0
2025-07-19_01:51:34,8554.0,11908.0,42013.0,14281.0,16047.0,42646.0
2025-07-19_01:51:34,9734.0,11908.0,42013.0,14001.0,16047.0,42646.0
2025-07-19_01:51:35,9524.0,11908.0,42013.0,14194.0,16047.0,42646.0
2025-07-19_01:51:35,9444.0,11908.0,42013.0,13736.0,16047.0,42646.0
2025-07-19_01:51:35,9904.0,11908.0,42013.0,14282.0,16047.0,42646.0
2025-07-19_01:51:35,,,,,,
2025-07-19_01:51:39,6963.0,11908.0,42013.0,3793.0,16047.0,42646.0
2025-07-19_01:51:39,10235.0,11908.0,42013.0,14331.0,16047.0,42646.0
2025-07-19_01:51:39,9790.0,11908.0,42013.0,14273.0,16047.0,42646.0
2025-07-19_01:51:40,8352.0,11908.0,42013.0,13720.0,16047.0,42646.0
2025-07-19_01:51:40,9647.0,11908.0,42013.0,14013.0,16047.0,42646.0
2025-07-19_01:51:40,,,,14244.0,16047.0,42646.0
2025-07-19_01:51:44,2778.0,11908.0,42013.0,12171.0,16047.0,42646.0
2025-07-19_01:51:44,9678.0,11908.0,42013.0,13801.0,16047.0,42646.0
2025-07-19_01:51:44,8111.0,11908.0,42013.0,13035.0,16047.0,42646.0
2025-07-19_01:51:45,9465.0,11908.0,42013.0,14069.0,16047.0,42646.0
2025-07-19_01:51:45,9630.0,11908.0,42013.0,13776.0,16047.0,42646.0
2025-07-19_01:51:45,9240.0,11908.0,42013.0,14116.0,16047.0,42646.0
2025-07-19_01:51:45,8550.0,11908.0,42014.0,14012.0,16047.0,42646.0
2025-07-19_01:51:45,9932.0,11908.0,42014.0,14376.0,16047.0,42646.0
2025-07-19_01:51:46,9467.0,11908.0,42014.0,14021.0,16047.0,42646.0
2025-07-19_01:51:46,9558.0,11908.0,42014.0,14208.0,16047.0,42646.0
2025-07-19_01:51:46,9468.0,11908.0,42014.0,14165.0,16047.0,42646.0
2025-07-19_01:51:46,8596.0,11908.0,42014.0,14143.0,16047.0,42646.0
2025-07-19_01:51:47,9865.0,11908.0,42014.0,14142.0,16047.0,42646.0
2025-07-19_01:51:47,,,,,,
2025-07-19_01:51:51,6962.0,11908.0,42014.0,3793.0,16047.0,42646.0
2025-07-19_01:51:51,10055.0,11908.0,42014.0,14577.0,16047.0,42646.0
2025-07-19_01:51:51,9623.0,11908.0,42015.0,14285.0,16047.0,42646.0
2025-07-19_01:51:51,9678.0,11908.0,42015.0,14005.0,16047.0,42646.0
2025-07-19_01:51:51,,,,14147.0,16047.0,42646.0
2025-07-19_01:51:55,3375.0,11908.0,42015.0,12176.0,16047.0,42646.0
2025-07-19_01:51:55,10170.0,11908.0,42015.0,14194.0,16047.0,42646.0
2025-07-19_01:51:56,9178.0,11908.0,42019.0,13774.0,16047.0,42646.0
2025-07-19_01:51:56,9264.0,11908.0,42019.0,13751.0,16047.0,42646.0
2025-07-19_01:51:56,9147.0,11908.0,42721.0,13790.0,16047.0,42646.0
2025-07-19_01:51:56,9642.0,11908.0,42721.0,14104.0,16047.0,42646.0
2025-07-19_01:51:56,,,,14386.0,16047.0,42646.0
2025-07-19_01:52:00,3319.0,11908.0,42721.0,12183.0,16047.0,42646.0
2025-07-19_01:52:00,10089.0,11908.0,42721.0,14313.0,16047.0,42646.0
2025-07-19_01:52:01,10065.0,11908.0,42722.0,14204.0,16047.0,42646.0
2025-07-19_01:52:01,9967.0,11908.0,42722.0,14401.0,16047.0,42646.0
2025-07-19_01:52:01,9668.0,11908.0,42722.0,14457.0,16047.0,42646.0
2025-07-19_01:52:01,9776.0,11908.0,42722.0,13940.0,16047.0,42646.0
2025-07-19_01:52:02,,,,14075.0,16047.0,42646.0
2025-07-19_01:52:05,3302.0,11908.0,42722.0,12192.0,16047.0,42646.0
2025-07-19_01:52:05,,,,,,
2025-07-19_01:52:09,6967.0,11908.0,42722.0,3786.0,16047.0,42646.0
2025-07-19_01:52:10,,,,13775.0,16047.0,42646.0
2025-07-19_01:52:13,3302.0,11908.0,42722.0,12190.0,16047.0,42646.0
2025-07-19_01:52:13,9681.0,11908.0,42722.0,14181.0,16047.0,42646.0
2025-07-19_01:52:14,9670.0,11908.0,42722.0,14020.0,16047.0,42646.0
2025-07-19_01:52:14,9922.0,11908.0,42722.0,14367.0,16047.0,42646.0
2025-07-19_01:52:14,9607.0,11908.0,42722.0,13987.0,16047.0,42646.0
2025-07-19_01:52:14,9212.0,11908.0,42722.0,13934.0,16047.0,42646.0
2025-07-19_01:52:14,9544.0,11908.0,42727.0,14411.0,16047.0,42646.0
2025-07-19_01:52:15,9685.0,11908.0,42727.0,13984.0,16047.0,42646.0
2025-07-19_01:52:15,8533.0,11908.0,42727.0,13903.0,16047.0,42646.0
2025-07-19_01:52:15,,,,11885.0,16047.0,42646.0
2025-07-19_01:52:19,2780.0,11908.0,42727.0,12174.0,16047.0,42646.0
2025-07-19_01:52:19,9278.0,11908.0,42727.0,13831.0,16047.0,42647.0
2025-07-19_01:52:19,9667.0,11908.0,42727.0,14228.0,16047.0,42647.0
2025-07-19_01:52:20,10380.0,11908.0,42728.0,14396.0,16047.0,42647.0
2025-07-19_01:52:20,9813.0,11908.0,42728.0,14521.0,16047.0,42647.0
2025-07-19_01:52:20,,,,,,
2025-07-19_01:52:24,6960.0,11908.0,42728.0,3792.0,16047.0,42647.0
2025-07-19_01:52:24,,,,,,
2025-07-19_01:52:28,6966.0,11908.0,42728.0,3792.0,16047.0,42647.0
2025-07-19_01:52:28,9721.0,11908.0,42728.0,14079.0,16047.0,42647.0
2025-07-19_01:52:28,9709.0,11908.0,42728.0,13877.0,16047.0,42647.0
2025-07-19_01:52:29,9672.0,11908.0,42728.0,14358.0,16047.0,42647.0
2025-07-19_01:52:29,9804.0,11908.0,42728.0,14028.0,16047.0,42647.0
2025-07-19_01:52:29,,,,13810.0,16047.0,42647.0
2025-07-19_01:52:33,3358.0,11908.0,42728.0,12183.0,16047.0,42647.0
2025-07-19_01:52:33,9157.0,11908.0,42728.0,13975.0,16047.0,42647.0
2025-07-19_01:52:33,9488.0,11908.0,42728.0,14009.0,16047.0,42647.0
2025-07-19_01:52:33,,,,13235.0,16047.0,42647.0
2025-07-19_01:52:37,2778.0,11908.0,42728.0,12182.0,16047.0,42647.0
2025-07-19_01:52:37,9857.0,11908.0,42728.0,14044.0,16047.0,42647.0
2025-07-19_01:52:38,,,,,,
2025-07-19_01:52:42,6962.0,11908.0,42728.0,3792.0,16047.0,42647.0
2025-07-19_01:52:42,9624.0,11908.0,42728.0,14201.0,16047.0,42647.0
2025-07-19_01:52:42,9697.0,11908.0,42728.0,13731.0,16048.0,42650.0
2025-07-19_01:52:42,9821.0,11908.0,42728.0,14248.0,16048.0,42650.0
2025-07-19_01:52:42,8648.0,11908.0,42728.0,14087.0,16048.0,42650.0
2025-07-19_01:52:43,,,,14232.0,16048.0,42650.0
2025-07-19_01:52:46,3358.0,11908.0,42728.0,12157.0,16048.0,42650.0
2025-07-19_01:52:47,9202.0,11908.0,42728.0,14030.0,16048.0,42650.0
2025-07-19_01:52:47,,,,14097.0,16048.0,42650.0
2025-07-19_01:52:51,2778.0,11908.0,42728.0,12200.0,16048.0,42650.0
2025-07-19_01:52:51,9584.0,11908.0,42728.0,14232.0,16048.0,42650.0
2025-07-19_01:52:51,9365.0,11908.0,42728.0,13966.0,16048.0,42650.0
2025-07-19_01:52:51,10033.0,11908.0,42731.0,14630.0,16048.0,42654.0
2025-07-19_01:52:52,9660.0,11908.0,42731.0,14109.0,16048.0,42654.0
2025-07-19_01:52:52,,,,14114.0,16048.0,42654.0
2025-07-19_01:52:56,3302.0,11908.0,42731.0,12164.0,16048.0,42654.0
2025-07-19_01:52:56,,,,13786.0,16048.0,42654.0
2025-07-19_01:52:59,3319.0,11908.0,42731.0,12194.0,16048.0,42654.0
2025-07-19_01:53:00,,,,14260.0,16048.0,42654.0
2025-07-19_01:53:03,3358.0,11908.0,42731.0,12146.0,16048.0,42654.0
2025-07-19_01:53:03,9928.0,11908.0,42731.0,14359.0,16048.0,42654.0
2025-07-19_01:53:04,,,,14019.0,16048.0,42654.0
2025-07-19_01:53:07,,,,,,
2025-07-19_01:53:11,6969.0,11908.0,42731.0,3792.0,16048.0,42654.0
2025-07-19_01:53:11,9578.0,11908.0,42731.0,14224.0,16048.0,42654.0
2025-07-19_01:53:12,,,,13979.0,16048.0,42654.0
2025-07-19_01:53:15,3302.0,11908.0,42731.0,12188.0,16048.0,42654.0
2025-07-19_01:53:16,9610.0,11908.0,42731.0,14111.0,16048.0,42654.0
2025-07-19_01:53:16,10117.0,11908.0,42731.0,14237.0,16048.0,42654.0
2025-07-19_01:53:16,,,,,,
2025-07-19_01:53:20,6964.0,11908.0,42731.0,3786.0,16048.0,42654.0
2025-07-19_01:53:20,,,,13587.0,16048.0,42654.0
2025-07-19_01:53:24,3302.0,11908.0,42731.0,12168.0,16048.0,42654.0
2025-07-19_01:53:24,,,,14027.0,16048.0,42654.0
2025-07-19_01:53:28,3302.0,11908.0,42731.0,12186.0,16048.0,42654.0
2025-07-19_01:53:28,9784.0,11908.0,42750.0,14030.0,16048.0,42654.0
2025-07-19_01:53:28,9805.0,11908.0,42750.0,14036.0,16048.0,42654.0
2025-07-19_01:53:28,9976.0,11908.0,42751.0,14330.0,16048.0,42654.0
2025-07-19_01:53:29,8690.0,11908.0,42751.0,14038.0,16048.0,42654.0
2025-07-19_01:53:29,,,,,,
2025-07-19_01:53:33,6962.0,11908.0,42751.0,3792.0,16048.0,42654.0
2025-07-19_01:53:33,9576.0,11908.0,42751.0,13963.0,16048.0,42654.0
2025-07-19_01:53:33,,,,14217.0,16048.0,42654.0
2025-07-19_01:53:37,3375.0,11908.0,42751.0,12185.0,16048.0,42654.0
2025-07-19_01:53:37,8653.0,11908.0,42751.0,14214.0,16048.0,42654.0
2025-07-19_01:53:37,9191.0,11908.0,42751.0,13799.0,16048.0,42654.0
2025-07-19_01:53:37,9958.0,11908.0,42751.0,14569.0,16048.0,42654.0
2025-07-19_01:53:38,10163.0,11908.0,42751.0,14068.0,16048.0,42654.0
2025-07-19_01:53:38,9687.0,11908.0,42751.0,13988.0,16048.0,42654.0
2025-07-19_01:53:38,9670.0,11908.0,42751.0,14009.0,16048.0,42654.0
2025-07-19_01:53:38,8083.0,11908.0,42751.0,13047.0,16048.0,42654.0
2025-07-19_01:53:38,8535.0,11908.0,42751.0,13929.0,16048.0,42654.0
2025-07-19_01:53:39,9681.0,11908.0,42751.0,14168.0,16048.0,42654.0
2025-07-19_01:53:39,,,,14323.0,16048.0,42654.0
2025-07-19_01:53:43,3375.0,11908.0,42751.0,12181.0,16048.0,42654.0
2025-07-19_01:53:43,9909.0,11908.0,42751.0,14270.0,16048.0,42654.0
2025-07-19_01:53:43,9594.0,11908.0,42751.0,14270.0,16048.0,42654.0
2025-07-19_01:53:43,9650.0,11908.0,42751.0,13975.0,16048.0,42654.0
2025-07-19_01:53:44,8581.0,11908.0,42751.0,13972.0,16048.0,42654.0
2025-07-19_01:53:44,,,,,,
2025-07-19_01:53:48,,,,3792.0,16048.0,42654.0
2025-07-19_01:53:51,2778.0,11908.0,42751.0,12194.0,16048.0,42654.0
2025-07-19_01:53:52,10047.0,11908.0,42751.0,14266.0,16048.0,42658.0
2025-07-19_01:53:56,2778.0,11908.0,42751.0,12192.0,16048.0,42658.0
2025-07-19_01:53:56,9764.0,11908.0,42751.0,14316.0,16048.0,42658.0
2025-07-19_01:53:56,9680.0,11908.0,42751.0,13767.0,16048.0,42658.0
2025-07-19_01:53:56,9683.0,11908.0,42751.0,14109.0,16048.0,42658.0
2025-07-19_01:53:56,9867.0,11908.0,42751.0,14106.0,16048.0,42658.0
2025-07-19_01:53:57,10453.0,11908.0,42751.0,14513.0,16048.0,42658.0
2025-07-19_01:53:57,9708.0,11908.0,42751.0,14391.0,16048.0,42658.0
2025-07-19_01:53:57,9582.0,11908.0,42751.0,13980.0,16048.0,42658.0
2025-07-19_01:53:57,9564.0,11908.0,42751.0,14180.0,16048.0,42658.0
2025-07-19_01:53:58,10021.0,11908.0,42751.0,14173.0,16048.0,42658.0
2025-07-19_01:53:58,,,,,,
2025-07-19_01:54:02,6963.0,11908.0,42751.0,3792.0,16048.0,42658.0
2025-07-19_01:54:02,9654.0,11908.0,42751.0,14098.0,16048.0,42658.0
2025-07-19_01:54:02,9664.0,11908.0,42751.0,14103.0,16048.0,42658.0
2025-07-19_01:54:02,,,,,,
2025-07-19_01:54:06,6968.0,11908.0,42751.0,3792.0,16048.0,42658.0
2025-07-19_01:54:06,9677.0,11908.0,42751.0,14171.0,16048.0,42658.0
2025-07-19_01:54:06,10102.0,11908.0,42751.0,14240.0,16048.0,42658.0
2025-07-19_01:54:07,10274.0,11908.0,42767.0,14384.0,16048.0,42661.0
2025-07-19_01:54:07,10105.0,11908.0,42767.0,14328.0,16048.0,42661.0
2025-07-19_01:54:07,9492.0,11908.0,42767.0,14117.0,16048.0,42661.0
2025-07-19_01:54:07,9713.0,11908.0,42767.0,14026.0,16048.0,42661.0
2025-07-19_01:54:08,,,,,,
2025-07-19_01:54:11,,,,3793.0,16048.0,42663.0
2025-07-19_01:54:15,,,,,,
2025-07-19_01:54:19,6961.0,11908.0,42767.0,3793.0,16048.0,42663.0
2025-07-19_01:54:19,9999.0,11908.0,42767.0,14441.0,16048.0,42663.0
2025-07-19_01:54:20,9773.0,11908.0,42767.0,13943.0,16048.0,42663.0
2025-07-19_01:54:20,,,,,,
2025-07-19_01:54:24,6965.0,11908.0,42767.0,3792.0,16048.0,42663.0
2025-07-19_01:54:24,,,,13793.0,16048.0,42663.0
2025-07-19_01:54:28,3319.0,11908.0,42767.0,12169.0,16048.0,42663.0
2025-07-19_01:54:28,,,,14069.0,16048.0,42663.0
2025-07-19_01:54:31,3319.0,11908.0,42767.0,12189.0,16048.0,42663.0
2025-07-19_01:54:32,9934.0,11908.0,42767.0,14293.0,16048.0,42663.0
2025-07-19_01:54:32,,,,14310.0,16048.0,42663.0
2025-07-19_01:54:36,3375.0,11908.0,42767.0,12184.0,16048.0,42663.0
2025-07-19_01:54:36,9318.0,11908.0,42767.0,13785.0,16048.0,42663.0
2025-07-19_01:54:36,9479.0,11908.0,42767.0,14138.0,16048.0,42663.0
2025-07-19_01:54:36,9804.0,11908.0,42767.0,14040.0,16048.0,42663.0
2025-07-19_01:54:36,,,,,,
2025-07-19_01:54:41,2778.0,11908.0,42767.0,3776.0,16048.0,42663.0
2025-07-19_01:54:41,,,,13996.0,16048.0,42663.0
2025-07-19_01:54:45,3321.0,11908.0,42767.0,12185.0,16048.0,42663.0
2025-07-19_01:54:45,9788.0,11908.0,42767.0,14268.0,16048.0,42663.0
2025-07-19_01:54:45,9424.0,11908.0,42767.0,13966.0,16048.0,42663.0
2025-07-19_01:54:46,8679.0,11908.0,42767.0,14208.0,16048.0,42663.0
2025-07-19_01:54:46,,,,13978.0,16048.0,42663.0
2025-07-19_01:54:50,3319.0,11908.0,42767.0,12187.0,16048.0,42663.0
2025-07-19_01:54:50,10147.0,11908.0,42768.0,14053.0,16048.0,42663.0
2025-07-19_01:54:50,9645.0,11908.0,42768.0,14466.0,16048.0,42663.0
2025-07-19_01:54:50,9162.0,11908.0,42768.0,13874.0,16048.0,42663.0
2025-07-19_01:54:50,8090.0,11908.0,42768.0,13075.0,16048.0,42663.0
2025-07-19_01:54:51,,,,13795.0,16048.0,42663.0
2025-07-19_01:54:54,3302.0,11908.0,42768.0,12183.0,16048.0,42663.0
2025-07-19_01:54:55,10018.0,11908.0,42768.0,14389.0,16048.0,42663.0
2025-07-19_01:54:55,9625.0,11908.0,42768.0,14083.0,16048.0,42663.0
2025-07-19_01:54:55,9985.0,11908.0,42768.0,14266.0,16048.0,42663.0
2025-07-19_01:54:55,9737.0,11908.0,42768.0,14111.0,16048.0,42663.0
2025-07-19_01:54:55,9379.0,11908.0,42768.0,13998.0,16048.0,42663.0
2025-07-19_01:54:56,9692.0,11908.0,42768.0,14013.0,16048.0,42663.0
2025-07-19_01:54:56,9679.0,11908.0,42768.0,14110.0,16048.0,42663.0
2025-07-19_01:54:56,10068.0,11908.0,42769.0,14320.0,16048.0,42663.0
2025-07-19_01:54:56,8593.0,11908.0,42769.0,13958.0,16048.0,42663.0
2025-07-19_01:54:56,,,,,,
2025-07-19_01:55:00,6965.0,11908.0,42769.0,3792.0,16048.0,42663.0
2025-07-19_01:55:00,,,,,,
2025-07-19_01:55:04,6970.0,11908.0,42769.0,3793.0,16048.0,42663.0
2025-07-19_01:55:05,9013.0,11908.0,42770.0,13549.0,16048.0,42663.0
2025-07-19_01:55:05,,,,,,
2025-07-19_01:55:09,6960.0,11908.0,42770.0,3793.0,16048.0,42663.0
2025-07-19_01:55:09,9863.0,11908.0,42770.0,14309.0,16048.0,42663.0
2025-07-19_01:55:09,,,,,,
2025-07-19_01:55:13,6976.0,11908.0,42770.0,3792.0,16048.0,42663.0
2025-07-19_01:55:13,9642.0,11908.0,42770.0,14039.0,16048.0,42663.0
2025-07-19_01:55:13,,,,14534.0,16048.0,42663.0
2025-07-19_01:55:17,2778.0,11908.0,42770.0,12195.0,16048.0,42663.0
2025-07-19_01:55:17,9634.0,11908.0,42770.0,14305.0,16048.0,42663.0
2025-07-19_01:55:18,,,,13870.0,16048.0,42663.0
2025-07-19_01:55:21,2778.0,11908.0,42770.0,12173.0,16048.0,42663.0
2025-07-19_01:55:22,9983.0,11908.0,42770.0,13952.0,16048.0,42663.0
2025-07-19_01:55:22,9886.0,11908.0,42770.0,13835.0,16048.0,42663.0
2025-07-19_01:55:22,9676.0,11908.0,42770.0,14458.0,16048.0,42663.0
2025-07-19_01:55:22,,,,,,
2025-07-19_01:55:26,6962.0,11908.0,42770.0,3793.0,16048.0,42663.0
2025-07-19_01:55:26,9722.0,11908.0,42770.0,14576.0,16048.0,42663.0
2025-07-19_01:55:27,9852.0,11909.0,42771.0,13987.0,16048.0,42663.0
2025-07-19_01:55:27,8671.0,11909.0,42776.0,14253.0,16048.0,42676.0
2025-07-19_01:55:27,9836.0,11909.0,42776.0,14030.0,16048.0,42676.0
2025-07-19_01:55:27,,,,,,
2025-07-19_01:55:31,6974.0,11909.0,42776.0,3792.0,16048.0,42676.0
2025-07-19_01:55:31,,,,14352.0,16048.0,42676.0
2025-07-19_01:55:35,3375.0,11909.0,42776.0,12191.0,16048.0,42676.0
2025-07-19_01:55:35,9628.0,11909.0,42776.0,14293.0,16048.0,42676.0
2025-07-19_01:55:35,10086.0,11909.0,42776.0,14492.0,16048.0,42676.0
2025-07-19_01:55:36,9233.0,11909.0,42776.0,13911.0,16048.0,42676.0
2025-07-19_01:55:36,9769.0,11909.0,42776.0,14116.0,16048.0,42676.0
2025-07-19_01:55:36,9632.0,11909.0,42776.0,14112.0,16048.0,42676.0
2025-07-19_01:55:36,9486.0,11909.0,42776.0,14106.0,16048.0,42676.0
2025-07-19_01:55:36,,,,14074.0,16048.0,42676.0
2025-07-19_01:55:40,3319.0,11909.0,42776.0,12186.0,16048.0,42676.0
2025-07-19_01:55:40,8596.0,11909.0,42790.0,14063.0,16048.0,42676.0
2025-07-19_01:55:41,,,,14153.0,16048.0,42676.0
2025-07-19_01:55:44,3302.0,11909.0,42790.0,12161.0,16048.0,42676.0
2025-07-19_01:55:44,8699.0,11909.0,42790.0,13944.0,16048.0,42676.0
2025-07-19_01:55:45,10042.0,11909.0,42790.0,14251.0,16048.0,42676.0
2025-07-19_01:55:45,,,,13774.0,16048.0,42676.0
2025-07-19_01:55:49,3375.0,11909.0,42790.0,12142.0,16048.0,42676.0
2025-07-19_01:55:49,10076.0,11909.0,42989.0,14301.0,16048.0,42680.0
2025-07-19_01:55:49,9879.0,11909.0,42989.0,14001.0,16048.0,42680.0
2025-07-19_01:55:49,10202.0,11909.0,42989.0,14056.0,16048.0,42680.0
2025-07-19_01:55:49,9588.0,11909.0,42989.0,14270.0,16048.0,42680.0
2025-07-19_01:55:50,,,,14380.0,16048.0,42681.0
2025-07-19_01:55:54,2778.0,11909.0,42989.0,12193.0,16048.0,42681.0
2025-07-19_01:55:54,,,,,,
2025-07-19_01:55:58,6963.0,11909.0,42989.0,3793.0,16048.0,42681.0
2025-07-19_01:55:58,9672.0,11909.0,42989.0,13970.0,16048.0,42681.0
2025-07-19_01:55:58,9875.0,11909.0,42989.0,14253.0,16048.0,42681.0
2025-07-19_01:55:58,,,,14493.0,16048.0,42681.0
2025-07-19_01:56:02,3358.0,11909.0,42989.0,12184.0,16048.0,42681.0
2025-07-19_01:56:02,8956.0,11909.0,42989.0,13841.0,16048.0,42681.0
2025-07-19_01:56:02,,,,14026.0,16048.0,42681.0
2025-07-19_01:56:06,3319.0,11909.0,42989.0,12187.0,16048.0,42681.0
2025-07-19_01:56:06,,,,,,
2025-07-19_01:56:10,6967.0,11909.0,42989.0,3793.0,16048.0,42681.0
2025-07-19_01:56:10,8998.0,11909.0,42989.0,13833.0,16048.0,42681.0
2025-07-19_01:56:10,9657.0,11909.0,42989.0,13976.0,16048.0,42681.0
2025-07-19_01:56:11,10176.0,11909.0,42989.0,14002.0,16048.0,42681.0
2025-07-19_01:56:11,,,,,,
2025-07-19_01:56:15,6965.0,11909.0,42989.0,3793.0,16048.0,42681.0
2025-07-19_01:56:15,9680.0,11909.0,42989.0,14186.0,16048.0,42681.0
2025-07-19_01:56:15,9676.0,11909.0,42989.0,14170.0,16048.0,42681.0
2025-07-19_01:56:15,9561.0,11909.0,42989.0,13731.0,16048.0,42681.0
2025-07-19_01:56:16,,,,14111.0,16048.0,42681.0
2025-07-19_01:56:19,3302.0,11909.0,42989.0,12165.0,16048.0,42681.0
2025-07-19_01:56:20,,,,14112.0,16048.0,42681.0
2025-07-19_01:56:23,3375.0,11909.0,42989.0,12182.0,16048.0,42681.0
2025-07-19_01:56:23,8714.0,11909.0,42989.0,13929.0,16048.0,42682.0
2025-07-19_01:56:24,10057.0,11909.0,42989.0,14260.0,16048.0,42684.0
2025-07-19_01:56:24,9860.0,11909.0,42989.0,14234.0,16048.0,42684.0
2025-07-19_01:56:24,9668.0,11909.0,42989.0,13975.0,16048.0,42684.0
2025-07-19_01:56:24,10095.0,11909.0,42989.0,14368.0,16048.0,42684.0
2025-07-19_01:56:25,9904.0,11909.0,42989.0,13872.0,16048.0,42684.0
2025-07-19_01:56:25,10378.0,11909.0,42989.0,14527.0,16048.0,42684.0
2025-07-19_01:56:25,9876.0,11909.0,42989.0,14164.0,16048.0,42684.0
2025-07-19_01:56:25,,,,14295.0,16048.0,42684.0
2025-07-19_01:56:29,3375.0,11909.0,42989.0,12181.0,16048.0,42684.0
2025-07-19_01:56:29,,,,14130.0,16048.0,42684.0
2025-07-19_01:56:33,3358.0,11909.0,42989.0,12161.0,16048.0,42684.0
2025-07-19_01:56:33,10611.0,11909.0,42991.0,14693.0,16048.0,42684.0
2025-07-19_01:56:33,,,,13619.0,16048.0,42684.0
2025-07-19_01:56:37,3319.0,11909.0,42991.0,12185.0,16048.0,42684.0
2025-07-19_01:56:37,9879.0,11909.0,42996.0,14175.0,16048.0,42684.0
2025-07-19_01:56:37,,,,,,
2025-07-19_01:56:41,6972.0,11909.0,42996.0,3793.0,16048.0,42684.0
2025-07-19_01:56:42,9680.0,11909.0,42996.0,14085.0,16048.0,42684.0
2025-07-19_01:56:42,9569.0,11909.0,42996.0,14019.0,16048.0,42684.0
2025-07-19_01:56:42,8613.0,11909.0,42996.0,14291.0,16048.0,42684.0
2025-07-19_01:56:42,,,,14198.0,16048.0,42684.0
2025-07-19_01:56:46,3358.0,11909.0,42996.0,12188.0,16048.0,42684.0
2025-07-19_01:56:46,9688.0,11909.0,42996.0,13939.0,16048.0,42684.0
2025-07-19_01:56:46,,,,13687.0,16048.0,42684.0
2025-07-19_01:56:50,3319.0,11909.0,42996.0,12186.0,16048.0,42684.0
2025-07-19_01:56:50,,,,14062.0,16048.0,42684.0
2025-07-19_01:56:54,3319.0,11909.0,42996.0,12167.0,16048.0,42684.0
2025-07-19_01:56:54,,,,14256.0,16048.0,42684.0
2025-07-19_01:56:58,3358.0,11909.0,42996.0,12193.0,16048.0,42684.0
2025-07-19_01:56:58,9682.0,11909.0,42996.0,13946.0,16048.0,42684.0
2025-07-19_01:56:58,8526.0,11909.0,42996.0,13895.0,16048.0,42684.0
2025-07-19_01:56:59,7969.0,11909.0,42996.0,12902.0,16048.0,42684.0
2025-07-19_01:56:59,,,,13933.0,16048.0,42684.0
2025-07-19_01:57:02,3360.0,11909.0,42996.0,12175.0,16048.0,42684.0
2025-07-19_01:57:03,,,,13063.0,16048.0,42684.0
2025-07-19_01:57:06,2778.0,11909.0,42996.0,12183.0,16048.0,42684.0
2025-07-19_01:57:07,,,,13777.0,16048.0,42684.0
2025-07-19_01:57:10,3375.0,11909.0,42996.0,12184.0,16048.0,42684.0
2025-07-19_01:57:11,,,,,,
2025-07-19_01:57:15,2778.0,11909.0,42996.0,3776.0,16048.0,42684.0
2025-07-19_01:57:15,,,,,,
2025-07-19_01:57:19,6957.0,11909.0,42996.0,3793.0,16048.0,42684.0
2025-07-19_01:57:19,9537.0,11909.0,42996.0,14177.0,16048.0,42684.0
2025-07-19_01:57:19,10076.0,11909.0,42996.0,14316.0,16048.0,42684.0
2025-07-19_01:57:20,9662.0,11909.0,42996.0,14405.0,16048.0,42684.0
2025-07-19_01:57:20,9900.0,11909.0,42996.0,14015.0,16048.0,42684.0
2025-07-19_01:57:20,9649.0,11909.0,42996.0,14102.0,16048.0,42684.0
2025-07-19_01:57:20,10075.0,11909.0,42996.0,14369.0,16048.0,42684.0
2025-07-19_01:57:21,9650.0,11909.0,42996.0,14288.0,16048.0,42684.0
2025-07-19_01:57:21,9055.0,11909.0,42996.0,13782.0,16048.0,42684.0
2025-07-19_01:57:21,8662.0,11909.0,42996.0,14222.0,16048.0,42684.0
2025-07-19_01:57:21,9886.0,11909.0,42996.0,14323.0,16048.0,42684.0
2025-07-19_01:57:22,,,,14012.0,16048.0,42684.0
2025-07-19_01:57:25,3373.0,11909.0,42996.0,12169.0,16048.0,42684.0
2025-07-19_01:57:26,,,,14082.0,16048.0,42684.0
2025-07-19_01:57:29,3375.0,11909.0,42996.0,12188.0,16048.0,42684.0
2025-07-19_01:57:29,9821.0,11909.0,42996.0,14068.0,16048.0,42684.0
2025-07-19_01:57:30,9909.0,11909.0,42996.0,14078.0,16048.0,42684.0
2025-07-19_01:57:30,8118.0,11909.0,42996.0,13043.0,16048.0,42684.0
2025-07-19_01:57:30,9622.0,11909.0,42996.0,14378.0,16048.0,42684.0
2025-07-19_01:57:30,9212.0,11909.0,42996.0,13791.0,16048.0,42684.0
2025-07-19_01:57:31,,,,14494.0,16048.0,42684.0
2025-07-19_01:57:34,3375.0,11909.0,42996.0,12183.0,16048.0,42684.0
2025-07-19_01:57:34,9738.0,11909.0,42996.0,14061.0,16048.0,42684.0
2025-07-19_01:57:35,9924.0,11909.0,42996.0,14327.0,16048.0,42684.0
2025-07-19_01:57:35,10279.0,11909.0,42996.0,14339.0,16048.0,42684.0
2025-07-19_01:57:35,9636.0,11909.0,42996.0,13860.0,16048.0,42684.0
2025-07-19_01:57:35,9821.0,11909.0,42996.0,13865.0,16048.0,42684.0
2025-07-19_01:57:36,10211.0,11909.0,42996.0,14356.0,16048.0,42684.0
2025-07-19_01:57:36,9992.0,11909.0,42996.0,14304.0,16048.0,42684.0
2025-07-19_01:57:36,9454.0,11909.0,42996.0,14101.0,16048.0,42684.0
2025-07-19_01:57:36,10493.0,11909.0,43002.0,14714.0,16048.0,42686.0
2025-07-19_01:57:36,9823.0,11909.0,43002.0,14217.0,16048.0,42686.0
2025-07-19_01:57:37,10073.0,11909.0,43002.0,14512.0,16048.0,42686.0
2025-07-19_01:57:37,,,,,,
2025-07-19_01:57:41,6964.0,11909.0,43002.0,3792.0,16048.0,42686.0
2025-07-19_01:57:41,9233.0,11909.0,43002.0,13907.0,16048.0,42686.0
2025-07-19_01:57:41,9833.0,11909.0,43002.0,14257.0,16048.0,42686.0
2025-07-19_01:57:41,8650.0,11909.0,43002.0,13988.0,16048.0,42686.0
2025-07-19_01:57:41,9678.0,11909.0,43002.0,13833.0,16048.0,42686.0
2025-07-19_01:57:42,,,,,,
2025-07-19_01:57:46,6968.0,11909.0,43002.0,3792.0,16048.0,42686.0
2025-07-19_01:57:46,9805.0,11909.0,43004.0,14266.0,16048.0,42686.0
2025-07-19_01:57:50,2778.0,11909.0,43004.0,12189.0,16048.0,42686.0
2025-07-19_01:57:50,8669.0,11909.0,43004.0,13906.0,16048.0,42686.0
2025-07-19_01:57:50,10097.0,11909.0,43004.0,14355.0,16048.0,42686.0
2025-07-19_01:57:50,9880.0,11909.0,43004.0,14082.0,16048.0,42686.0
2025-07-19_01:57:51,10468.0,11909.0,43004.0,14583.0,16048.0,42686.0
2025-07-19_01:57:51,9827.0,11909.0,43004.0,14171.0,16048.0,42686.0
2025-07-19_01:57:51,,,,,,
2025-07-19_01:57:55,6967.0,11909.0,43004.0,3792.0,16048.0,42686.0
2025-07-19_01:57:55,,,,13780.0,16048.0,42686.0
2025-07-19_01:57:59,3319.0,11909.0,43004.0,12180.0,16048.0,42686.0
2025-07-19_01:57:59,,,,14003.0,16048.0,42686.0
2025-07-19_01:58:03,3375.0,11909.0,43004.0,12184.0,16048.0,42686.0
2025-07-19_01:58:03,,,,13972.0,16048.0,42686.0
2025-07-19_01:58:07,3302.0,11909.0,43004.0,12191.0,16048.0,42686.0
2025-07-19_01:58:07,,,,14288.0,16048.0,42686.0
2025-07-19_01:58:10,3375.0,11909.0,43004.0,12164.0,16048.0,42686.0
2025-07-19_01:58:11,9848.0,11909.0,43004.0,14027.0,16048.0,42686.0
2025-07-19_01:58:11,9784.0,11909.0,43004.0,13919.0,16048.0,42686.0
2025-07-19_01:58:11,8661.0,11909.0,43004.0,14174.0,16048.0,42686.0
2025-07-19_01:58:11,8682.0,11909.0,43004.0,14175.0,16048.0,42686.0
2025-07-19_01:58:12,8695.0,11909.0,43004.0,14222.0,16048.0,42686.0
2025-07-19_01:58:12,9833.0,11909.0,43004.0,14225.0,16048.0,42686.0
2025-07-19_01:58:12,8638.0,11909.0,43004.0,14140.0,16048.0,42686.0
2025-07-19_01:58:12,,,,14205.0,16048.0,42686.0
2025-07-19_01:58:16,,,,,,
2025-07-19_01:58:20,,,,3776.0,16048.0,42686.0
2025-07-19_01:58:24,2778.0,11909.0,43004.0,12187.0,16048.0,42686.0
2025-07-19_01:58:24,9988.0,11909.0,43004.0,14106.0,16048.0,42686.0
2025-07-19_01:58:24,9563.0,11909.0,43004.0,14004.0,16048.0,42686.0
2025-07-19_01:58:24,10368.0,11909.0,43004.0,14536.0,16048.0,42692.0
2025-07-19_01:58:24,10272.0,11909.0,43004.0,14510.0,16048.0,42692.0
2025-07-19_01:58:25,9847.0,11909.0,43004.0,14297.0,16048.0,42692.0
2025-07-19_01:58:25,,,,14114.0,16048.0,42692.0
2025-07-19_01:58:29,3321.0,11909.0,43004.0,12160.0,16048.0,42692.0
2025-07-19_01:58:29,,,,,,
2025-07-19_01:58:33,6968.0,11909.0,43004.0,3793.0,16048.0,42692.0
2025-07-19_01:58:33,,,,,,
2025-07-19_01:58:37,6956.0,11909.0,43004.0,3793.0,16048.0,42692.0
2025-07-19_01:58:37,9802.0,11909.0,43004.0,13798.0,16048.0,42692.0
2025-07-19_01:58:37,9679.0,11909.0,43004.0,14146.0,16048.0,42692.0
2025-07-19_01:58:37,,,,,,
2025-07-19_01:58:41,6969.0,11909.0,43004.0,3793.0,16048.0,42692.0
2025-07-19_01:58:41,,,,13988.0,16048.0,42692.0
2025-07-19_01:58:45,3375.0,11909.0,43004.0,12185.0,16048.0,42692.0
2025-07-19_01:58:45,9171.0,11909.0,43004.0,13806.0,16048.0,42692.0
2025-07-19_01:58:45,,,,13980.0,16048.0,42692.0
2025-07-19_01:58:49,3319.0,11909.0,43004.0,12196.0,16048.0,42692.0
2025-07-19_01:58:49,9744.0,11909.0,43004.0,14390.0,16048.0,42692.0
2025-07-19_01:58:50,8560.0,11909.0,43004.0,13902.0,16048.0,42692.0
2025-07-19_01:58:50,9765.0,11909.0,43004.0,14016.0,16048.0,42692.0
2025-07-19_01:58:50,8633.0,11909.0,43004.0,14169.0,16048.0,42692.0
2025-07-19_01:58:50,8565.0,11909.0,43004.0,13974.0,16048.0,42693.0
2025-07-19_01:58:50,8697.0,11909.0,43004.0,14105.0,16048.0,42693.0
2025-07-19_01:58:51,,,,14109.0,16048.0,42693.0
2025-07-19_01:58:54,3375.0,11909.0,43004.0,12162.0,16048.0,42693.0
2025-07-19_01:58:55,9628.0,11909.0,43004.0,14288.0,16048.0,42693.0
2025-07-19_01:58:55,9633.0,11909.0,43004.0,13990.0,16048.0,42693.0
2025-07-19_01:58:55,8580.0,11909.0,43005.0,13961.0,16048.0,42693.0
2025-07-19_01:58:55,,,,14356.0,16048.0,42693.0
2025-07-19_01:58:59,3373.0,11909.0,43005.0,12168.0,16048.0,42693.0
2025-07-19_01:58:59,9652.0,11909.0,43005.0,13807.0,16048.0,42693.0
2025-07-19_01:58:59,10264.0,11909.0,43005.0,14286.0,16048.0,42693.0
2025-07-19_01:59:00,9875.0,11909.0,43005.0,14134.0,16048.0,42693.0
2025-07-19_01:59:00,9775.0,11909.0,43005.0,13986.0,16048.0,42693.0
2025-07-19_01:59:00,9582.0,11909.0,43005.0,14288.0,16048.0,42693.0
2025-07-19_01:59:00,9679.0,11909.0,43005.0,13821.0,16048.0,42693.0
2025-07-19_01:59:00,,,,14485.0,16048.0,42693.0
2025-07-19_01:59:04,2778.0,11909.0,43005.0,12169.0,16048.0,42693.0
2025-07-19_01:59:05,10272.0,11909.0,43005.0,14379.0,16048.0,42693.0
2025-07-19_01:59:05,8698.0,11909.0,43005.0,14165.0,16048.0,42693.0
2025-07-19_01:59:05,10271.0,11909.0,43005.0,14302.0,16048.0,42693.0
2025-07-19_01:59:05,9723.0,11909.0,43005.0,14144.0,16048.0,42693.0
2025-07-19_01:59:06,9813.0,11909.0,43005.0,14225.0,16048.0,42693.0
2025-07-19_01:59:06,8636.0,11909.0,43008.0,14090.0,16048.0,42693.0
2025-07-19_01:59:07,3383.0,11909.0,43008.0,12802.0,16048.0,42693.0
2025-07-19_01:59:07,9183.0,11909.0,43008.0,13973.0,16048.0,42693.0
2025-07-19_01:59:07,10008.0,11909.0,43008.0,14531.0,16048.0,42693.0
2025-07-19_01:59:07,8588.0,11909.0,43008.0,13791.0,16048.0,42693.0
2025-07-19_01:59:08,,,,,,
2025-07-19_01:59:11,6964.0,11909.0,43008.0,3793.0,16048.0,42693.0
2025-07-19_01:59:12,9769.0,11909.0,43008.0,14089.0,16048.0,42693.0
2025-07-19_01:59:12,,,,,,
2025-07-19_01:59:16,6969.0,11909.0,43008.0,3787.0,16048.0,42693.0
2025-07-19_01:59:16,9581.0,11909.0,43008.0,13973.0,16048.0,42693.0
2025-07-19_01:59:16,,,,13785.0,16048.0,42693.0
2025-07-19_01:59:20,3358.0,11909.0,43008.0,12192.0,16048.0,42693.0
2025-07-19_01:59:20,10238.0,11909.0,43008.0,14445.0,16048.0,42693.0
2025-07-19_01:59:20,,,,13997.0,16048.0,42693.0
2025-07-19_01:59:24,3302.0,11909.0,43008.0,12189.0,16048.0,42693.0
2025-07-19_01:59:24,8518.0,11909.0,43008.0,13797.0,16048.0,42693.0
2025-07-19_01:59:24,10056.0,11909.0,43008.0,14379.0,16048.0,42696.0
2025-07-19_01:59:25,9806.0,11909.0,43008.0,14211.0,16048.0,42696.0
2025-07-19_01:59:25,9217.0,11909.0,43008.0,13550.0,16048.0,42696.0
2025-07-19_01:59:25,10231.0,11909.0,43008.0,14608.0,16048.0,42696.0
2025-07-19_01:59:25,10052.0,11909.0,43008.0,14099.0,16048.0,42696.0
2025-07-19_01:59:25,10142.0,11909.0,43025.0,14146.0,16048.0,42696.0
2025-07-19_01:59:26,9899.0,11909.0,43025.0,14353.0,16048.0,42696.0
2025-07-19_01:59:26,10355.0,11909.0,43025.0,14258.0,16048.0,42696.0
2025-07-19_01:59:26,9683.0,11909.0,43025.0,14175.0,16048.0,42696.0
2025-07-19_01:59:26,8370.0,11909.0,43025.0,14187.0,16048.0,42696.0
2025-07-19_01:59:27,10107.0,11909.0,43025.0,14455.0,16048.0,42702.0
2025-07-19_01:59:27,9679.0,11909.0,43025.0,14206.0,16048.0,42702.0
2025-07-19_01:59:27,9881.0,11909.0,43025.0,14396.0,16048.0,42702.0
2025-07-19_01:59:27,9500.0,11909.0,43025.0,13971.0,16048.0,42702.0
2025-07-19_01:59:27,,,,,,
2025-07-19_01:59:31,6965.0,11909.0,43025.0,3793.0,16048.0,42702.0
2025-07-19_01:59:32,,,,,,
2025-07-19_01:59:35,6971.0,11909.0,43025.0,3793.0,16048.0,42702.0
2025-07-19_01:59:36,8391.0,11909.0,43025.0,13756.0,16048.0,42702.0
2025-07-19_01:59:36,9960.0,11909.0,43025.0,14398.0,16048.0,42702.0
2025-07-19_01:59:36,9995.0,11909.0,43025.0,14382.0,16048.0,42702.0
2025-07-19_01:59:36,9460.0,11909.0,43025.0,14235.0,16048.0,42702.0
2025-07-19_01:59:36,9638.0,11909.0,43025.0,14124.0,16048.0,42702.0
2025-07-19_01:59:37,9637.0,11909.0,43025.0,14286.0,16048.0,42702.0
2025-07-19_01:59:37,,,,14100.0,16048.0,42702.0
2025-07-19_01:59:41,3302.0,11909.0,43025.0,12187.0,16048.0,42702.0
2025-07-19_01:59:41,,,,,,
2025-07-19_01:59:45,6964.0,11909.0,43025.0,3795.0,16048.0,42702.0
2025-07-19_01:59:45,8716.0,11909.0,43025.0,14239.0,16048.0,42702.0
2025-07-19_01:59:45,9389.0,11909.0,43025.0,14127.0,16048.0,42702.0
2025-07-19_01:59:45,8536.0,11909.0,43025.0,13918.0,16048.0,42702.0
2025-07-19_01:59:46,8395.0,11909.0,43025.0,13944.0,16048.0,42702.0
2025-07-19_01:59:46,,,,13996.0,16048.0,42702.0
2025-07-19_01:59:49,3302.0,11909.0,43025.0,12170.0,16048.0,42702.0
2025-07-19_01:59:50,10204.0,11909.0,43026.0,14053.0,16048.0,42702.0
2025-07-19_01:59:50,8674.0,11909.0,43026.0,14173.0,16048.0,42702.0
2025-07-19_01:59:50,,,,,,
2025-07-19_01:59:54,6955.0,11909.0,43026.0,3793.0,16048.0,42702.0
2025-07-19_01:59:54,9186.0,11909.0,43026.0,13989.0,16048.0,42702.0
2025-07-19_01:59:54,8661.0,11909.0,43026.0,14189.0,16048.0,42702.0
2025-07-19_01:59:55,9767.0,11909.0,43026.0,14117.0,16048.0,42702.0
2025-07-19_01:59:55,9998.0,11909.0,43026.0,14382.0,16048.0,42702.0
2025-07-19_01:59:55,8552.0,11909.0,43026.0,13926.0,16048.0,42702.0
2025-07-19_01:59:55,,,,,,
2025-07-19_01:59:59,6963.0,11909.0,43026.0,3792.0,16048.0,42702.0
2025-07-19_01:59:59,8628.0,11909.0,43026.0,13915.0,16048.0,42702.0
2025-07-19_02:00:00,2778.0,11909.0,43026.0,12187.0,16048.0,42702.0
2025-07-19_02:00:00,9299.0,11909.0,43026.0,13918.0,16048.0,42702.0
2025-07-19_02:00:01,8573.0,11909.0,43026.0,13900.0,16048.0,42702.0
2025-07-19_02:00:01,9958.0,11909.0,43026.0,14037.0,16048.0,42702.0
2025-07-19_02:00:01,9073.0,11909.0,43026.0,13935.0,16048.0,42702.0
2025-07-19_02:00:01,8553.0,11909.0,43026.0,13935.0,16048.0,42702.0
2025-07-19_02:00:01,10238.0,11909.0,43156.0,14055.0,16048.0,42702.0
2025-07-19_02:00:02,10101.0,11909.0,43156.0,14245.0,16048.0,42702.0
2025-07-19_02:00:02,9275.0,11909.0,43160.0,13988.0,16048.0,42702.0
2025-07-19_02:00:02,,,,14188.0,16048.0,42702.0
2025-07-19_02:00:06,2778.0,11909.0,43160.0,12168.0,16048.0,42702.0
2025-07-19_02:00:06,,,,,,
2025-07-19_02:00:10,6968.0,11909.0,43160.0,3792.0,16048.0,42702.0
2025-07-19_02:00:10,9581.0,11909.0,43160.0,13933.0,16048.0,42711.0
2025-07-19_02:00:10,,,,13276.0,16048.0,42711.0
2025-07-19_02:00:14,2780.0,11909.0,43160.0,12188.0,16048.0,42711.0
2025-07-19_02:00:15,,,,13843.0,16048.0,42711.0
2025-07-19_02:00:18,2778.0,11909.0,43160.0,12182.0,16048.0,42711.0
2025-07-19_02:00:19,9680.0,11909.0,43160.0,14171.0,16048.0,42711.0
2025-07-19_02:00:19,8523.0,11909.0,43160.0,14109.0,16048.0,42711.0
2025-07-19_02:00:19,9680.0,11909.0,43160.0,13947.0,16048.0,42711.0
2025-07-19_02:00:19,,,,14139.0,16048.0,42711.0
2025-07-19_02:00:23,3358.0,11909.0,43160.0,12148.0,16048.0,42711.0
2025-07-19_02:00:23,8602.0,11909.0,43160.0,14138.0,16048.0,42711.0
2025-07-19_02:00:23,,,,14034.0,16048.0,42711.0
2025-07-19_02:00:27,3302.0,11909.0,43160.0,12189.0,16048.0,42711.0
2025-07-19_02:00:27,10191.0,11909.0,43160.0,14041.0,16048.0,42711.0
2025-07-19_02:00:28,8572.0,11909.0,43160.0,14189.0,16048.0,42711.0
2025-07-19_02:00:28,9773.0,11909.0,43160.0,14250.0,16048.0,42711.0
2025-07-19_02:00:28,,,,13979.0,16048.0,42711.0
2025-07-19_02:00:32,3375.0,11909.0,43160.0,12190.0,16048.0,42711.0
2025-07-19_02:00:32,10243.0,11909.0,43160.0,14359.0,16048.0,42712.0
2025-07-19_02:00:32,,,,,,
2025-07-19_02:00:36,6958.0,11909.0,43160.0,3793.0,16048.0,42712.0
2025-07-19_02:00:36,,,,11879.0,16048.0,42712.0
2025-07-19_02:00:40,2778.0,11909.0,43160.0,12186.0,16048.0,42712.0
2025-07-19_02:00:40,8837.0,11909.0,43160.0,13999.0,16048.0,42712.0
2025-07-19_02:00:40,,,,14158.0,16048.0,42712.0
2025-07-19_02:00:44,3358.0,11909.0,43160.0,12195.0,16048.0,42712.0
2025-07-19_02:00:44,10062.0,11909.0,43160.0,14304.0,16048.0,42712.0
2025-07-19_02:00:45,10366.0,11909.0,43160.0,14422.0,16048.0,42712.0
2025-07-19_02:00:45,10028.0,11909.0,43160.0,14440.0,16048.0,42713.0
2025-07-19_02:00:45,9913.0,11909.0,43160.0,14398.0,16048.0,42713.0
2025-07-19_02:00:45,,,,13874.0,16048.0,42713.0
2025-07-19_02:00:49,2778.0,11909.0,43160.0,12160.0,16048.0,42713.0
2025-07-19_02:00:49,,,,14478.0,16115.0,42787.0
2025-07-19_02:00:53,3375.0,11909.0,43160.0,12183.0,16115.0,42787.0
2025-07-19_02:00:53,,,,14003.0,16115.0,42787.0
2025-07-19_02:00:57,3302.0,11909.0,43160.0,12174.0,16115.0,42787.0
2025-07-19_02:00:57,8695.0,11909.0,43160.0,14249.0,16115.0,42787.0
2025-07-19_02:00:57,10018.0,11909.0,43161.0,14206.0,16115.0,42787.0
2025-07-19_02:00:58,9869.0,11909.0,43161.0,14350.0,16115.0,42787.0
2025-07-19_02:00:58,10632.0,11909.0,43167.0,14443.0,16115.0,42789.0
2025-07-19_02:00:58,,,,14320.0,16115.0,42789.0
2025-07-19_02:01:02,3375.0,11909.0,43167.0,12176.0,16115.0,42789.0
2025-07-19_02:01:02,,,,13856.0,16115.0,42789.0
2025-07-19_02:01:06,3375.0,11909.0,43167.0,12183.0,16115.0,42789.0
2025-07-19_02:01:06,,,,11870.0,16115.0,42789.0
2025-07-19_02:01:10,2778.0,11909.0,43167.0,12188.0,16115.0,42789.0
2025-07-19_02:01:10,,,,,,
2025-07-19_02:01:14,6966.0,11909.0,43167.0,3794.0,16115.0,42789.0
2025-07-19_02:01:14,10630.0,11909.0,43167.0,14558.0,16115.0,42790.0
2025-07-19_02:01:14,,,,,,
2025-07-19_02:01:18,6966.0,11909.0,43167.0,3792.0,16115.0,42790.0
2025-07-19_02:01:18,,,,14050.0,16115.0,42790.0
2025-07-19_02:01:22,3358.0,11909.0,43167.0,12189.0,16115.0,42790.0
2025-07-19_02:01:22,9571.0,11909.0,43167.0,14172.0,16115.0,42790.0
2025-07-19_02:01:22,9911.0,11909.0,43167.0,14397.0,16115.0,42790.0
2025-07-19_02:01:22,8537.0,11909.0,43167.0,13912.0,16115.0,42790.0
2025-07-19_02:01:23,8653.0,11909.0,43167.0,14389.0,16115.0,42790.0
2025-07-19_02:01:23,10424.0,11909.0,43194.0,14197.0,16115.0,42790.0
2025-07-19_02:01:23,9510.0,11909.0,43194.0,14175.0,16115.0,42790.0
2025-07-19_02:01:23,,,,14101.0,16115.0,42790.0
2025-07-19_02:01:27,,,,,,
2025-07-19_02:01:31,6969.0,11909.0,43194.0,3789.0,16115.0,42790.0
2025-07-19_02:01:31,10442.0,11909.0,43232.0,14428.0,16115.0,42790.0
2025-07-19_02:01:31,9947.0,11909.0,43232.0,14359.0,16115.0,42790.0
2025-07-19_02:01:31,9907.0,11909.0,43232.0,14398.0,16115.0,42790.0
2025-07-19_02:01:32,9916.0,11909.0,43232.0,14368.0,16115.0,42790.0
2025-07-19_02:01:32,,,,,,
2025-07-19_02:01:36,6964.0,11909.0,43232.0,3793.0,16115.0,42790.0
2025-07-19_02:01:36,8783.0,11927.0,43280.0,13960.0,16115.0,42790.0
2025-07-19_02:01:36,9434.0,11927.0,43280.0,14124.0,16115.0,42790.0
2025-07-19_02:01:36,9971.0,11927.0,43280.0,13795.0,16115.0,42790.0
2025-07-19_02:01:36,9223.0,11927.0,43280.0,13823.0,16115.0,42790.0
2025-07-19_02:01:37,,,,,,
2025-07-19_02:01:41,6970.0,11927.0,43280.0,3793.0,16115.0,42790.0
2025-07-19_02:01:41,9748.0,11927.0,43280.0,14260.0,16115.0,42790.0
2025-07-19_02:01:41,8714.0,11927.0,43280.0,14086.0,16115.0,42790.0
2025-07-19_02:01:41,9987.0,11927.0,43296.0,14085.0,16115.0,42790.0
2025-07-19_02:01:41,10231.0,11927.0,43296.0,14355.0,16115.0,42790.0
2025-07-19_02:01:42,9302.0,11927.0,43296.0,14120.0,16115.0,42790.0
2025-07-19_02:01:42,10197.0,11927.0,43296.0,14398.0,16115.0,42790.0
2025-07-19_02:01:42,10163.0,11927.0,43296.0,14049.0,16115.0,42790.0
2025-07-19_02:01:42,9204.0,11927.0,43296.0,13798.0,16115.0,42790.0
2025-07-19_02:01:43,9886.0,11927.0,43296.0,14136.0,16115.0,42790.0
2025-07-19_02:01:43,9253.0,11927.0,43296.0,14123.0,16115.0,42790.0
2025-07-19_02:01:43,,,,,,
2025-07-19_02:01:47,6965.0,11927.0,43296.0,3787.0,16115.0,42790.0
2025-07-19_02:01:47,9288.0,11927.0,43296.0,14118.0,16115.0,42790.0
2025-07-19_02:01:47,9924.0,11927.0,43296.0,14114.0,16115.0,42790.0
2025-07-19_02:01:47,8554.0,11927.0,43296.0,14002.0,16115.0,42790.0
2025-07-19_02:01:48,,,,14019.0,16115.0,42790.0
2025-07-19_02:01:51,3358.0,11927.0,43296.0,12186.0,16115.0,42790.0
2025-07-19_02:01:52,,,,13780.0,16115.0,42790.0
2025-07-19_02:01:55,3375.0,11927.0,43296.0,12184.0,16115.0,42790.0
2025-07-19_02:01:56,8683.0,11927.0,43296.0,14216.0,16115.0,42790.0
2025-07-19_02:01:56,9744.0,11927.0,43296.0,14108.0,16115.0,42790.0
2025-07-19_02:01:56,9842.0,11927.0,43296.0,14213.0,16115.0,42790.0
2025-07-19_02:01:56,,,,,,
2025-07-19_02:02:00,6964.0,11927.0,43296.0,3793.0,16115.0,42790.0
2025-07-19_02:02:00,,,,14101.0,16115.0,42790.0
2025-07-19_02:02:04,3319.0,11927.0,43296.0,12180.0,16115.0,42790.0
2025-07-19_02:02:04,,,,,,
2025-07-19_02:02:08,6962.0,11927.0,43296.0,3786.0,16115.0,42790.0
2025-07-19_02:02:08,,,,14043.0,16115.0,42791.0
2025-07-19_02:02:12,3302.0,11927.0,43296.0,12166.0,16115.0,42791.0
2025-07-19_02:02:12,,,,14623.0,16115.0,42791.0
2025-07-19_02:02:16,3358.0,11927.0,43296.0,12194.0,16115.0,42791.0
2025-07-19_02:02:16,9241.0,11927.0,43296.0,14111.0,16115.0,42791.0
2025-07-19_02:02:16,9258.0,11927.0,43296.0,14118.0,16115.0,42791.0
2025-07-19_02:02:16,10105.0,11927.0,43296.0,14041.0,16115.0,42791.0
2025-07-19_02:02:17,8536.0,11927.0,43296.0,13980.0,16115.0,42791.0
2025-07-19_02:02:17,10921.0,11927.0,43296.0,14986.0,16115.0,42792.0
2025-07-19_02:02:17,10654.0,11927.0,43296.0,14303.0,16115.0,42792.0
2025-07-19_02:02:17,,,,,,
2025-07-19_02:02:21,6966.0,11927.0,43296.0,3787.0,16115.0,42792.0
2025-07-19_02:02:21,10664.0,11927.0,43299.0,14855.0,16115.0,42792.0
2025-07-19_02:02:22,8699.0,11927.0,43299.0,14231.0,16115.0,42792.0
2025-07-19_02:02:22,8604.0,11927.0,43299.0,14093.0,16115.0,42792.0
2025-07-19_02:02:22,9752.0,11927.0,43299.0,14375.0,16115.0,42792.0
2025-07-19_02:02:22,10115.0,11927.0,43299.0,14293.0,16115.0,42792.0
2025-07-19_02:02:22,,,,,,
2025-07-19_02:02:26,6964.0,11927.0,43299.0,3793.0,16115.0,42792.0
2025-07-19_02:02:26,9894.0,11927.0,43299.0,14076.0,16115.0,42792.0
2025-07-19_02:02:27,9215.0,11927.0,43299.0,14004.0,16115.0,42792.0
2025-07-19_02:02:27,8698.0,11927.0,43299.0,14040.0,16115.0,42792.0
2025-07-19_02:02:27,9896.0,11927.0,43299.0,14175.0,16115.0,42792.0
2025-07-19_02:02:27,10560.0,11927.0,43300.0,14428.0,16115.0,42792.0
2025-07-19_02:02:28,10574.0,11927.0,43300.0,14467.0,16115.0,42792.0
2025-07-19_02:02:28,9794.0,11927.0,43300.0,14450.0,16115.0,42792.0
2025-07-19_02:02:28,9900.0,11927.0,43300.0,14117.0,16115.0,42792.0
2025-07-19_02:02:28,9768.0,11927.0,43300.0,14134.0,16115.0,42792.0
2025-07-19_02:02:28,10309.0,11927.0,43327.0,14188.0,16115.0,42792.0
2025-07-19_02:02:29,,,,,,
2025-07-19_02:02:32,6964.0,11927.0,43327.0,3792.0,16115.0,42792.0
2025-07-19_02:02:33,9820.0,11927.0,43327.0,14265.0,16115.0,42792.0
2025-07-19_02:02:33,,,,,,
2025-07-19_02:02:37,6964.0,11927.0,43327.0,3793.0,16115.0,42792.0
2025-07-19_02:02:37,8524.0,11927.0,43327.0,13905.0,16115.0,42792.0
2025-07-19_02:02:37,,,,,,
2025-07-19_02:02:41,6967.0,11927.0,43327.0,3792.0,16115.0,42792.0
2025-07-19_02:02:41,,,,,,
2025-07-19_02:02:45,6970.0,11927.0,43327.0,3786.0,16115.0,42792.0
2025-07-19_02:02:45,9872.0,11927.0,43327.0,13984.0,16115.0,42792.0
2025-07-19_02:02:45,9710.0,11927.0,43327.0,14107.0,16115.0,42792.0
2025-07-19_02:02:46,,,,,,
2025-07-19_02:02:49,6966.0,11927.0,43327.0,3792.0,16115.0,42792.0
2025-07-19_02:02:50,9911.0,11927.0,43327.0,14370.0,16115.0,42804.0
2025-07-19_02:02:50,,,,14025.0,16115.0,42804.0
2025-07-19_02:02:54,3375.0,11927.0,43327.0,12178.0,16115.0,42804.0
2025-07-19_02:02:54,9094.0,11927.0,43327.0,13928.0,16115.0,42804.0
2025-07-19_02:02:54,,,,,,
2025-07-19_02:02:58,6974.0,11927.0,43327.0,3792.0,16115.0,42804.0
2025-07-19_02:02:58,,,,14301.0,16115.0,42804.0
2025-07-19_02:03:02,3377.0,11927.0,43327.0,12190.0,16115.0,42804.0
2025-07-19_02:03:02,,,,14281.0,16115.0,42804.0
2025-07-19_02:03:06,2778.0,11927.0,43327.0,12166.0,16115.0,42804.0
2025-07-19_02:03:06,10179.0,11927.0,43327.0,14170.0,16115.0,42804.0
2025-07-19_02:03:06,10126.0,11927.0,43327.0,14127.0,16115.0,42804.0
2025-07-19_02:03:07,9553.0,11927.0,43327.0,13964.0,16115.0,42804.0
2025-07-19_02:03:07,10135.0,11927.0,43327.0,14064.0,16115.0,42804.0
2025-07-19_02:03:07,9043.0,11927.0,43327.0,13970.0,16115.0,42804.0
2025-07-19_02:03:07,8530.0,11927.0,43327.0,13963.0,16115.0,42804.0
2025-07-19_02:03:07,9732.0,11927.0,43327.0,14244.0,16115.0,42804.0
2025-07-19_02:03:08,10245.0,11927.0,43332.0,14640.0,16115.0,42804.0
2025-07-19_02:03:08,,,,13782.0,16115.0,42804.0
2025-07-19_02:03:12,3375.0,11927.0,43332.0,12162.0,16115.0,42804.0
2025-07-19_02:03:12,9947.0,11927.0,43332.0,13797.0,16115.0,42804.0
2025-07-19_02:03:12,9879.0,11927.0,43332.0,14068.0,16115.0,42804.0
2025-07-19_02:03:12,9060.0,11927.0,43332.0,13964.0,16115.0,42804.0
2025-07-19_02:03:12,10127.0,11927.0,43332.0,14408.0,16115.0,42804.0
2025-07-19_02:03:13,8655.0,11927.0,43332.0,14091.0,16115.0,42804.0
2025-07-19_02:03:13,9569.0,11927.0,43332.0,14030.0,16115.0,42804.0
2025-07-19_02:03:13,10451.0,11927.0,43332.0,14376.0,16115.0,42804.0
2025-07-19_02:03:13,,,,,,
2025-07-19_02:03:17,6965.0,11927.0,43332.0,3792.0,16115.0,42804.0
2025-07-19_02:03:17,9353.0,11927.0,43332.0,14143.0,16115.0,42804.0
2025-07-19_02:03:18,10090.0,11927.0,43332.0,14332.0,16115.0,42804.0
2025-07-19_02:03:18,9306.0,11927.0,43332.0,14147.0,16115.0,42804.0
2025-07-19_02:03:18,9957.0,11927.0,43332.0,14337.0,16115.0,42804.0
2025-07-19_02:03:18,,,,,,
2025-07-19_02:03:22,6962.0,11927.0,43336.0,3792.0,16115.0,42804.0
2025-07-19_02:03:22,9703.0,11927.0,43336.0,14111.0,16115.0,42804.0
2025-07-19_02:03:22,9994.0,11927.0,43336.0,14166.0,16115.0,42804.0
2025-07-19_02:03:23,10115.0,11927.0,43336.0,14187.0,16115.0,42804.0
2025-07-19_02:03:23,10284.0,11927.0,43336.0,14529.0,16115.0,42804.0
2025-07-19_02:03:23,,,,,,
2025-07-19_02:03:27,6963.0,11927.0,43336.0,3792.0,16115.0,42804.0
2025-07-19_02:03:27,,,,13934.0,16115.0,42804.0
2025-07-19_02:03:31,3319.0,11927.0,43336.0,12185.0,16115.0,42804.0
2025-07-19_02:03:31,9909.0,11927.0,43336.0,14373.0,16115.0,42804.0
2025-07-19_02:03:31,,,,,,
2025-07-19_02:03:35,6966.0,11927.0,43336.0,3792.0,16115.0,42804.0
2025-07-19_02:03:35,10081.0,11927.0,43336.0,14315.0,16115.0,42804.0
2025-07-19_02:03:36,9318.0,11927.0,43336.0,13985.0,16115.0,42804.0
2025-07-19_02:03:36,9501.0,11927.0,43336.0,14172.0,16115.0,42804.0
2025-07-19_02:03:36,,,,14134.0,16115.0,42804.0
2025-07-19_02:03:40,3358.0,11927.0,43336.0,12163.0,16115.0,42804.0
2025-07-19_02:03:40,,,,,,
2025-07-19_02:03:44,6968.0,11927.0,43336.0,3792.0,16115.0,42804.0
2025-07-19_02:03:44,9599.0,11927.0,43336.0,13801.0,16115.0,42804.0
2025-07-19_02:03:44,9664.0,11927.0,43336.0,14283.0,16115.0,42804.0
2025-07-19_02:03:44,8647.0,11927.0,43336.0,14054.0,16115.0,42804.0
2025-07-19_02:03:45,,,,14394.0,16115.0,42804.0
2025-07-19_02:03:48,3375.0,11927.0,43336.0,12161.0,16115.0,42804.0
2025-07-19_02:03:48,9922.0,11927.0,43336.0,14146.0,16115.0,42804.0
2025-07-19_02:03:49,,,,,,
2025-07-19_02:03:53,6963.0,11927.0,43336.0,3793.0,16115.0,42804.0
2025-07-19_02:03:53,9954.0,11927.0,43336.0,13869.0,16115.0,42804.0
2025-07-19_02:03:53,9782.0,11927.0,43336.0,14355.0,16115.0,42804.0
2025-07-19_02:03:53,9216.0,11927.0,43336.0,13790.0,16115.0,42804.0
2025-07-19_02:03:53,8583.0,11927.0,43336.0,13963.0,16115.0,42804.0
2025-07-19_02:03:54,,,,14029.0,16115.0,42804.0
2025-07-19_02:03:57,3375.0,11927.0,43336.0,12190.0,16115.0,42804.0
2025-07-19_02:03:58,,,,,,
2025-07-19_02:04:01,6964.0,11927.0,43336.0,3793.0,16115.0,42804.0
2025-07-19_02:04:02,8782.0,11927.0,43336.0,14242.0,16115.0,42804.0
2025-07-19_02:04:02,,,,,,
2025-07-19_02:04:06,6965.0,11927.0,43336.0,3793.0,16115.0,42804.0
2025-07-19_02:04:06,9748.0,11927.0,43336.0,14113.0,16115.0,42804.0
2025-07-19_02:04:06,10403.0,11927.0,43336.0,14634.0,16115.0,42804.0
2025-07-19_02:04:06,10472.0,11927.0,43336.0,14688.0,16115.0,42804.0
2025-07-19_02:04:06,10033.0,11927.0,43336.0,14288.0,16115.0,42804.0
2025-07-19_02:04:07,,,,14137.0,16115.0,42804.0
2025-07-19_02:04:10,3319.0,11927.0,43336.0,12185.0,16115.0,42804.0
2025-07-19_02:04:11,9593.0,11927.0,43336.0,14053.0,16115.0,42804.0
2025-07-19_02:04:11,9268.0,11927.0,43336.0,14221.0,16115.0,42804.0
2025-07-19_02:04:11,,,,13810.0,16115.0,42804.0
2025-07-19_02:04:15,3375.0,11927.0,43336.0,12186.0,16115.0,42804.0
2025-07-19_02:04:15,,,,14631.0,16115.0,42804.0
2025-07-19_02:04:19,3375.0,11927.0,43336.0,12185.0,16115.0,42804.0
2025-07-19_02:04:19,9671.0,11927.0,43336.0,13974.0,16115.0,42804.0
2025-07-19_02:04:19,9858.0,11927.0,43336.0,14037.0,16115.0,42804.0
2025-07-19_02:04:19,10191.0,11927.0,43336.0,14128.0,16115.0,42804.0
2025-07-19_02:04:20,8694.0,11927.0,43336.0,14355.0,16115.0,42804.0
2025-07-19_02:04:20,,,,14105.0,16115.0,42804.0
2025-07-19_02:04:24,3375.0,11927.0,43336.0,12183.0,16115.0,42804.0
2025-07-19_02:04:24,,,,,,
2025-07-19_02:04:28,6964.0,11927.0,43336.0,3793.0,16115.0,42804.0
2025-07-19_02:04:28,,,,14319.0,16115.0,42804.0
2025-07-19_02:04:31,3375.0,11927.0,43336.0,12197.0,16115.0,42804.0
2025-07-19_02:04:32,8557.0,11927.0,43336.0,14178.0,16115.0,42804.0
2025-07-19_02:04:32,,,,14046.0,16115.0,42804.0
2025-07-19_02:04:36,3375.0,11927.0,43336.0,12193.0,16115.0,42804.0
2025-07-19_02:04:36,10401.0,11927.0,43337.0,14658.0,16115.0,42807.0
2025-07-19_02:04:36,,,,,,
2025-07-19_02:04:40,3300.0,11927.0,43337.0,4595.0,16115.0,42807.0
2025-07-19_02:04:41,10100.0,11927.0,43337.0,14303.0,16115.0,42807.0
2025-07-19_02:04:41,9048.0,11927.0,43337.0,14107.0,16115.0,42807.0
2025-07-19_02:04:41,9167.0,11927.0,43337.0,14059.0,16115.0,42807.0
2025-07-19_02:04:41,10010.0,11927.0,43337.0,14162.0,16115.0,42807.0
2025-07-19_02:04:41,,,,,,
2025-07-19_02:04:46,2778.0,11927.0,43337.0,3776.0,16115.0,42807.0
2025-07-19_02:04:46,9353.0,11927.0,43337.0,14107.0,16115.0,42807.0
2025-07-19_02:04:46,,,,14069.0,16115.0,42807.0
2025-07-19_02:04:50,,,,,,
2025-07-19_02:04:54,6970.0,11927.0,43337.0,3792.0,16115.0,42807.0
2025-07-19_02:04:54,8710.0,11927.0,43337.0,14368.0,16115.0,42807.0
2025-07-19_02:04:54,10418.0,11927.0,43337.0,14418.0,16115.0,42807.0
2025-07-19_02:04:55,,,,,,
2025-07-19_02:04:59,6964.0,11927.0,43337.0,3792.0,16115.0,42807.0
2025-07-19_02:04:59,,,,14033.0,16115.0,42807.0
2025-07-19_02:05:02,3358.0,11927.0,43337.0,12193.0,16115.0,42807.0
2025-07-19_02:05:03,,,,14125.0,16115.0,42807.0
2025-07-19_02:05:06,3375.0,11927.0,43337.0,12188.0,16115.0,42807.0
2025-07-19_02:05:06,10196.0,11927.0,43337.0,13927.0,16115.0,42807.0
2025-07-19_02:05:07,9866.0,11927.0,43337.0,13985.0,16115.0,42807.0
2025-07-19_02:05:07,10618.0,11927.0,43337.0,14625.0,16115.0,42812.0
2025-07-19_02:05:07,10155.0,11927.0,43337.0,14317.0,16115.0,42814.0
2025-07-19_02:05:07,,,,13872.0,16115.0,42814.0
2025-07-19_02:05:11,3375.0,11927.0,43337.0,12189.0,16115.0,42814.0
2025-07-19_02:05:11,,,,13253.0,16115.0,42814.0
2025-07-19_02:05:15,2778.0,11927.0,43337.0,12185.0,16115.0,42814.0
2025-07-19_02:05:15,9281.0,11927.0,43337.0,14006.0,16115.0,42814.0
2025-07-19_02:05:16,,,,,,
2025-07-19_02:05:20,2778.0,11927.0,43337.0,3776.0,16115.0,42814.0
2025-07-19_02:05:20,8685.0,11927.0,43337.0,14203.0,16115.0,42814.0
2025-07-19_02:05:21,,,,13976.0,16115.0,42814.0
2025-07-19_02:05:24,3302.0,11927.0,43337.0,12199.0,16115.0,42814.0
2025-07-19_02:05:24,10083.0,11927.0,43337.0,14134.0,16115.0,42814.0
2025-07-19_02:05:25,9842.0,11927.0,43337.0,14031.0,16115.0,42814.0
2025-07-19_02:05:25,10412.0,11927.0,43338.0,14417.0,16115.0,42814.0
2025-07-19_02:05:25,8688.0,11927.0,43338.0,14225.0,16115.0,42814.0
2025-07-19_02:05:25,,,,13969.0,16115.0,42814.0
2025-07-19_02:05:29,3375.0,11927.0,43338.0,12198.0,16115.0,42814.0
2025-07-19_02:05:29,,,,13842.0,16115.0,42814.0
2025-07-19_02:05:33,2778.0,11927.0,43338.0,12167.0,16115.0,42814.0
2025-07-19_02:05:33,10412.0,11932.0,43358.0,14609.0,16115.0,42814.0
2025-07-19_02:05:33,9254.0,11932.0,43358.0,13991.0,16115.0,42814.0
2025-07-19_02:05:34,,,,,,
2025-07-19_02:05:38,6964.0,11932.0,43358.0,3793.0,16115.0,42814.0
2025-07-19_02:05:38,,,,,,
2025-07-19_02:05:42,6963.0,11932.0,43358.0,3792.0,16115.0,42814.0
2025-07-19_02:05:42,,,,,,
2025-07-19_02:05:46,6966.0,11932.0,43358.0,3793.0,16115.0,42814.0
2025-07-19_02:05:46,10055.0,11932.0,43358.0,14373.0,16115.0,42814.0
2025-07-19_02:05:46,8753.0,11932.0,43358.0,14036.0,16115.0,42814.0
2025-07-19_02:05:46,9202.0,11932.0,43358.0,13791.0,16115.0,42814.0
2025-07-19_02:05:46,,,,,,
2025-07-19_02:05:50,6964.0,11932.0,43358.0,3793.0,16115.0,42814.0
2025-07-19_02:05:50,9818.0,11932.0,43358.0,14080.0,16115.0,42814.0
2025-07-19_02:05:51,8733.0,11932.0,43358.0,14228.0,16115.0,42814.0
2025-07-19_02:05:51,,,,,,
2025-07-19_02:05:55,6968.0,11932.0,43358.0,3786.0,16115.0,42814.0
2025-07-19_02:05:55,10634.0,11932.0,43358.0,14463.0,16115.0,42814.0
2025-07-19_02:05:55,10650.0,11934.0,43405.0,14490.0,16115.0,42814.0
2025-07-19_02:05:55,9971.0,11934.0,43405.0,14393.0,16115.0,42814.0
2025-07-19_02:05:56,9790.0,11934.0,43405.0,14115.0,16115.0,42814.0
2025-07-19_02:05:56,8754.0,11934.0,43412.0,14097.0,16115.0,42814.0
2025-07-19_02:05:56,8626.0,11934.0,43412.0,14028.0,16115.0,42814.0
2025-07-19_02:05:56,9980.0,11934.0,43412.0,14135.0,16115.0,42814.0
2025-07-19_02:05:57,9679.0,11934.0,43412.0,14120.0,16115.0,42814.0
2025-07-19_02:05:57,9757.0,11934.0,43412.0,14114.0,16115.0,42814.0
2025-07-19_02:05:57,9916.0,11934.0,43412.0,14417.0,16115.0,42814.0
2025-07-19_02:05:57,10086.0,11934.0,43412.0,14338.0,16115.0,42814.0
2025-07-19_02:05:57,8622.0,11934.0,43412.0,14413.0,16115.0,42814.0
2025-07-19_02:05:58,10082.0,11934.0,43412.0,14352.0,16115.0,42814.0
2025-07-19_02:05:58,8663.0,11934.0,43412.0,13951.0,16115.0,42814.0
2025-07-19_02:05:58,10005.0,11934.0,43412.0,14096.0,16115.0,42815.0
2025-07-19_02:05:58,9780.0,11934.0,43412.0,14482.0,16115.0,42815.0
2025-07-19_02:05:59,10130.0,11934.0,43412.0,14032.0,16115.0,42815.0
2025-07-19_02:05:59,,,,13271.0,16115.0,42815.0
2025-07-19_02:06:03,2778.0,11934.0,43412.0,12190.0,16115.0,42815.0
2025-07-19_02:06:03,10054.0,11934.0,43412.0,14351.0,16115.0,42815.0
2025-07-19_02:06:03,,,,,,
2025-07-19_02:06:07,6963.0,11934.0,43412.0,3793.0,16115.0,42815.0
2025-07-19_02:06:07,9954.0,11934.0,43413.0,14390.0,16115.0,42815.0
2025-07-19_02:06:07,,,,14116.0,16115.0,42815.0
2025-07-19_02:06:11,3375.0,11934.0,43413.0,12196.0,16115.0,42815.0
2025-07-19_02:06:11,10491.0,11934.0,43417.0,14479.0,16115.0,42817.0
2025-07-19_02:06:11,9603.0,11934.0,43417.0,14189.0,16115.0,42818.0
2025-07-19_02:06:12,8523.0,11934.0,43417.0,13852.0,16115.0,42818.0
2025-07-19_02:06:12,8647.0,11934.0,43417.0,14178.0,16115.0,42818.0
2025-07-19_02:06:12,8492.0,11934.0,43417.0,13933.0,16115.0,42818.0
2025-07-19_02:06:12,9541.0,11934.0,43417.0,14203.0,16115.0,42818.0
2025-07-19_02:06:12,,,,14146.0,16115.0,42818.0
2025-07-19_02:06:16,3360.0,11934.0,43417.0,12183.0,16115.0,42818.0
2025-07-19_02:06:16,10651.0,11934.0,43417.0,14461.0,16115.0,42818.0
2025-07-19_02:06:17,,,,14116.0,16115.0,42819.0
2025-07-19_02:06:21,2778.0,11934.0,43417.0,12183.0,16115.0,42819.0
2025-07-19_02:06:21,,,,,,
2025-07-19_02:06:25,2778.0,11934.0,43417.0,3776.0,16115.0,42819.0
2025-07-19_02:06:25,9188.0,11934.0,43418.0,13926.0,16115.0,42819.0
2025-07-19_02:06:26,9732.0,11934.0,43418.0,14059.0,16115.0,42819.0
2025-07-19_02:06:26,10226.0,11934.0,43418.0,14283.0,16115.0,42819.0
2025-07-19_02:06:26,,,,13055.0,16115.0,42825.0
2025-07-19_02:06:30,2778.0,11934.0,43418.0,12193.0,16115.0,42825.0
2025-07-19_02:06:30,10150.0,11934.0,43418.0,14193.0,16115.0,42826.0
2025-07-19_02:06:30,8541.0,11934.0,43418.0,14087.0,16115.0,42826.0
2025-07-19_02:06:31,,,,13934.0,16115.0,42826.0
2025-07-19_02:06:34,,,,,,
2025-07-19_02:06:38,6970.0,11934.0,43418.0,3795.0,16115.0,42826.0
2025-07-19_02:06:38,9965.0,11934.0,43418.0,14143.0,16115.0,42826.0
2025-07-19_02:06:39,9464.0,11934.0,43418.0,13680.0,16115.0,42826.0
2025-07-19_02:06:39,10187.0,11934.0,43418.0,14078.0,16115.0,42826.0
2025-07-19_02:06:39,9991.0,11934.0,43422.0,14154.0,16115.0,42826.0
2025-07-19_02:06:39,9820.0,11934.0,43422.0,13789.0,16115.0,42826.0
2025-07-19_02:06:39,9479.0,11934.0,43422.0,14188.0,16115.0,42826.0
2025-07-19_02:06:40,,,,14008.0,16115.0,42826.0
2025-07-19_02:06:43,3319.0,11934.0,43422.0,12186.0,16115.0,42826.0
2025-07-19_02:06:44,9238.0,11934.0,43422.0,14112.0,16115.0,42826.0
2025-07-19_02:06:44,10183.0,11934.0,43422.0,14080.0,16115.0,42826.0
2025-07-19_02:06:44,,,,,,
2025-07-19_02:06:48,6965.0,11934.0,43422.0,3792.0,16115.0,42826.0
2025-07-19_02:06:48,9639.0,11934.0,43422.0,14021.0,16115.0,42826.0
2025-07-19_02:06:48,10217.0,11934.0,43422.0,14263.0,16115.0,42826.0
2025-07-19_02:06:48,,,,14296.0,16115.0,42826.0
2025-07-19_02:06:52,2778.0,11934.0,43422.0,12162.0,16115.0,42826.0
2025-07-19_02:06:52,,,,,,
2025-07-19_02:06:56,6955.0,11934.0,43422.0,3793.0,16115.0,42826.0
2025-07-19_02:06:57,,,,13356.0,16115.0,42826.0
2025-07-19_02:07:00,2778.0,11934.0,43422.0,12167.0,16115.0,42826.0
2025-07-19_02:07:01,10082.0,11934.0,43422.0,14378.0,16115.0,42826.0
2025-07-19_02:07:01,8516.0,11934.0,43422.0,14120.0,16115.0,42826.0
2025-07-19_02:07:01,9539.0,11934.0,43422.0,14222.0,16115.0,42826.0
2025-07-19_02:07:01,10187.0,11934.0,43422.0,14263.0,16115.0,42826.0
2025-07-19_02:07:02,9883.0,11934.0,43422.0,14548.0,16115.0,42826.0
2025-07-19_02:07:02,8636.0,11934.0,43422.0,14381.0,16115.0,42826.0
2025-07-19_02:07:02,8669.0,11934.0,43422.0,13185.0,16115.0,42828.0
2025-07-19_02:07:02,9607.0,11934.0,43422.0,13965.0,16115.0,42828.0
2025-07-19_02:07:02,10183.0,11934.0,43422.0,14515.0,16115.0,42828.0
2025-07-19_02:07:03,,,,,,
2025-07-19_02:07:06,6957.0,11934.0,43422.0,3793.0,16115.0,42828.0
2025-07-19_02:07:07,9327.0,11934.0,43422.0,14134.0,16115.0,42828.0
2025-07-19_02:07:07,8594.0,11934.0,43422.0,14088.0,16115.0,42828.0
2025-07-19_02:07:07,10595.0,11934.0,43434.0,14724.0,16115.0,42828.0
2025-07-19_02:07:07,10624.0,11934.0,43434.0,14450.0,16115.0,42828.0
2025-07-19_02:07:08,10438.0,11934.0,43434.0,14246.0,16115.0,42828.0
2025-07-19_02:07:08,8117.0,11934.0,43434.0,13345.0,16115.0,42828.0
2025-07-19_02:07:08,9228.0,11934.0,43434.0,13827.0,16115.0,42828.0
2025-07-19_02:07:08,,,,,,
2025-07-19_02:07:12,6963.0,11934.0,43434.0,3792.0,16115.0,42828.0
2025-07-19_02:07:12,,,,,,
2025-07-19_02:07:16,6969.0,11934.0,43434.0,3792.0,16115.0,42828.0
2025-07-19_02:07:16,,,,14128.0,16115.0,42828.0
2025-07-19_02:07:20,3375.0,11934.0,43434.0,12184.0,16115.0,42828.0
2025-07-19_02:07:20,9870.0,11934.0,43434.0,14082.0,16115.0,42828.0
2025-07-19_02:07:20,9929.0,11934.0,43434.0,14403.0,16115.0,42828.0
2025-07-19_02:07:21,,,,14233.0,16115.0,42828.0
2025-07-19_02:07:24,3358.0,11934.0,43434.0,12184.0,16115.0,42828.0
2025-07-19_02:07:25,8562.0,11934.0,43434.0,13811.0,16115.0,42828.0
2025-07-19_02:07:25,,,,,,
2025-07-19_02:07:29,6969.0,11934.0,43434.0,3793.0,16115.0,42828.0
2025-07-19_02:07:29,8709.0,11934.0,43434.0,14195.0,16115.0,42828.0
2025-07-19_02:07:29,,,,14195.0,16115.0,42828.0
2025-07-19_02:07:33,3375.0,11934.0,43434.0,12161.0,16115.0,42828.0
2025-07-19_02:07:33,,,,14221.0,16115.0,42828.0
2025-07-19_02:07:37,3319.0,11934.0,43434.0,12183.0,16115.0,42828.0
2025-07-19_02:07:37,9247.0,11934.0,43434.0,13775.0,16115.0,42828.0
2025-07-19_02:07:37,9693.0,11934.0,43435.0,14203.0,16115.0,42828.0
2025-07-19_02:07:37,8570.0,11934.0,43435.0,14378.0,16115.0,42828.0
2025-07-19_02:07:37,9923.0,11934.0,43435.0,14206.0,16115.0,42828.0
2025-07-19_02:07:38,9670.0,11934.0,43435.0,14169.0,16115.0,42828.0
2025-07-19_02:07:38,9548.0,11934.0,43435.0,14103.0,16115.0,42828.0
2025-07-19_02:07:38,,,,,,
2025-07-19_02:07:42,6965.0,11934.0,43435.0,3792.0,16115.0,42828.0
2025-07-19_02:07:42,9268.0,11934.0,43435.0,14125.0,16115.0,42828.0
2025-07-19_02:07:42,10539.0,11934.0,43435.0,14618.0,16115.0,42828.0
2025-07-19_02:07:43,9946.0,11934.0,43435.0,14167.0,16115.0,42828.0
2025-07-19_02:07:43,,,,14077.0,16115.0,42838.0
2025-07-19_02:07:47,2778.0,11934.0,43435.0,12194.0,16115.0,42838.0
2025-07-19_02:07:47,8602.0,11934.0,43435.0,14178.0,16115.0,42838.0
2025-07-19_02:07:47,10264.0,11934.0,43435.0,14547.0,16115.0,42838.0
2025-07-19_02:07:47,10061.0,11934.0,43435.0,14273.0,16115.0,42838.0
2025-07-19_02:07:48,,,,13790.0,16115.0,42838.0
2025-07-19_02:07:51,3319.0,11934.0,43435.0,12186.0,16115.0,42838.0
2025-07-19_02:07:52,8539.0,11934.0,43435.0,13922.0,16115.0,42838.0
2025-07-19_02:07:52,9871.0,11934.0,43435.0,14394.0,16115.0,42838.0
2025-07-19_02:07:52,,,,13898.0,16115.0,42838.0
2025-07-19_02:07:56,2778.0,11934.0,43435.0,12185.0,16115.0,42838.0
2025-07-19_02:07:56,,,,13826.0,16115.0,42838.0
2025-07-19_02:08:00,3302.0,11934.0,43435.0,12195.0,16115.0,42838.0
2025-07-19_02:08:00,,,,,,
2025-07-19_02:08:04,6957.0,11934.0,43435.0,3793.0,16115.0,42838.0
2025-07-19_02:08:04,,,,13065.0,16115.0,42838.0
2025-07-19_02:08:08,2778.0,11934.0,43435.0,12160.0,16115.0,42838.0
2025-07-19_02:08:08,,,,13893.0,16115.0,42838.0
2025-07-19_02:08:12,2778.0,11934.0,43435.0,12194.0,16115.0,42838.0
2025-07-19_02:08:12,,,,,,
2025-07-19_02:08:17,2778.0,11934.0,43435.0,3776.0,16115.0,42838.0
2025-07-19_02:08:17,10066.0,11934.0,43435.0,14285.0,16115.0,42838.0
2025-07-19_02:08:17,8537.0,11934.0,43435.0,13700.0,16115.0,42838.0
2025-07-19_02:08:17,10579.0,11934.0,43435.0,14399.0,16115.0,42838.0
2025-07-19_02:08:17,9894.0,11934.0,43435.0,14112.0,16115.0,42838.0
2025-07-19_02:08:18,,,,,,
2025-07-19_02:08:21,6959.0,11934.0,43435.0,3792.0,16115.0,42838.0
2025-07-19_02:08:22,,,,,,
2025-07-19_02:08:26,6962.0,11934.0,43435.0,3793.0,16115.0,42838.0
2025-07-19_02:08:26,9826.0,11934.0,43436.0,14099.0,16115.0,42838.0
2025-07-19_02:08:26,8555.0,11934.0,43436.0,13569.0,16115.0,42838.0
2025-07-19_02:08:26,9996.0,11934.0,43436.0,14342.0,16115.0,42847.0
2025-07-19_02:08:26,8566.0,11934.0,43436.0,14301.0,16115.0,42849.0
2025-07-19_02:08:27,10023.0,11934.0,43436.0,14125.0,16115.0,42849.0
2025-07-19_02:08:27,9659.0,11934.0,43436.0,13979.0,16115.0,42849.0
2025-07-19_02:08:27,8624.0,11934.0,43436.0,14173.0,16115.0,42849.0
2025-07-19_02:08:27,,,,14050.0,16115.0,42849.0
2025-07-19_02:08:31,3375.0,11934.0,43436.0,12186.0,16115.0,42849.0
2025-07-19_02:08:31,8585.0,11934.0,43436.0,14015.0,16115.0,42849.0
2025-07-19_02:08:31,10126.0,11934.0,43438.0,14335.0,16115.0,42849.0
2025-07-19_02:08:31,,,,,,
2025-07-19_02:08:35,6970.0,11934.0,43438.0,3793.0,16115.0,42849.0
2025-07-19_02:08:35,8590.0,11934.0,43438.0,14081.0,16115.0,42849.0
2025-07-19_02:08:36,9917.0,11934.0,43438.0,14032.0,16115.0,42849.0
2025-07-19_02:08:36,9158.0,11934.0,43438.0,13922.0,16115.0,42849.0
2025-07-19_02:08:36,9294.0,11934.0,43438.0,14116.0,16115.0,42849.0
2025-07-19_02:08:36,9892.0,11934.0,43438.0,13825.0,16115.0,42849.0
2025-07-19_02:08:37,,,,,,
2025-07-19_02:08:40,6963.0,11934.0,43438.0,3792.0,16115.0,42849.0
2025-07-19_02:08:41,10169.0,11934.0,43438.0,14266.0,16115.0,42849.0
2025-07-19_02:08:41,10074.0,11934.0,43438.0,14501.0,16115.0,42849.0
2025-07-19_02:08:41,10304.0,11934.0,43438.0,14074.0,16115.0,42849.0
2025-07-19_02:08:41,,,,,,
2025-07-19_02:08:46,2778.0,11934.0,43438.0,3776.0,16115.0,42849.0
2025-07-19_02:08:46,,,,,,
2025-07-19_02:08:50,6968.0,11934.0,43438.0,3793.0,16115.0,42849.0
2025-07-19_02:08:50,,,,,,
2025-07-19_02:08:54,6964.0,11934.0,43438.0,3786.0,16115.0,42849.0
2025-07-19_02:08:54,8113.0,11934.0,43438.0,13081.0,16115.0,42849.0
2025-07-19_02:08:54,9258.0,11934.0,43438.0,13789.0,16115.0,42849.0
2025-07-19_02:08:54,8104.0,11934.0,43438.0,13076.0,16115.0,42849.0
2025-07-19_02:08:55,,,,14244.0,16115.0,42849.0
2025-07-19_02:08:58,3358.0,11934.0,43438.0,12189.0,16115.0,42849.0
2025-07-19_02:08:59,8632.0,11934.0,43439.0,14207.0,16115.0,42849.0
2025-07-19_02:08:59,9878.0,11934.0,43439.0,14307.0,16115.0,42849.0
2025-07-19_02:08:59,8647.0,11934.0,43439.0,14004.0,16115.0,42849.0
2025-07-19_02:08:59,9852.0,11934.0,43439.0,13944.0,16115.0,42849.0
2025-07-19_02:09:00,,,,,,
2025-07-19_02:09:03,6969.0,11934.0,43439.0,3793.0,16115.0,42849.0
2025-07-19_02:09:04,9865.0,11934.0,43439.0,14014.0,16115.0,42849.0
2025-07-19_02:09:04,9804.0,11934.0,43439.0,14299.0,16115.0,42849.0
2025-07-19_02:09:04,10039.0,11934.0,43439.0,14405.0,16115.0,42849.0
2025-07-19_02:09:04,9808.0,11934.0,43439.0,14224.0,16115.0,42849.0
2025-07-19_02:09:05,9713.0,11934.0,43439.0,13949.0,16115.0,42849.0
2025-07-19_02:09:05,10229.0,11934.0,43442.0,14124.0,16115.0,42849.0
2025-07-19_02:09:05,9833.0,11934.0,43442.0,13957.0,16115.0,42849.0
2025-07-19_02:09:05,,,,14294.0,16115.0,42849.0
2025-07-19_02:09:09,2778.0,11934.0,43442.0,12151.0,16115.0,42849.0
2025-07-19_02:09:09,9226.0,11934.0,43442.0,14149.0,16115.0,42849.0
2025-07-19_02:09:10,9705.0,11934.0,43442.0,14217.0,16115.0,42849.0
2025-07-19_02:09:10,8679.0,11934.0,43442.0,13959.0,16115.0,42849.0
2025-07-19_02:09:10,8536.0,11934.0,43442.0,14101.0,16115.0,42849.0
2025-07-19_02:09:10,10087.0,11934.0,43442.0,14332.0,16115.0,42849.0
2025-07-19_02:09:10,,,,13820.0,16115.0,42849.0
2025-07-19_02:09:14,3375.0,11934.0,43442.0,12185.0,16115.0,42849.0
2025-07-19_02:09:14,,,,,,
2025-07-19_02:09:18,6964.0,11934.0,43442.0,3792.0,16115.0,42849.0
2025-07-19_02:09:18,9878.0,11934.0,43442.0,14123.0,16115.0,42849.0
2025-07-19_02:09:19,9214.0,11934.0,43442.0,13788.0,16115.0,42849.0
2025-07-19_02:09:19,,,,14247.0,16115.0,42849.0
2025-07-19_02:09:23,3375.0,11934.0,43442.0,12192.0,16115.0,42849.0
2025-07-19_02:09:23,,,,,,
2025-07-19_02:09:27,6959.0,11934.0,43442.0,3787.0,16115.0,42849.0
2025-07-19_02:09:27,,,,,,
2025-07-19_02:09:31,6963.0,11934.0,43442.0,3793.0,16115.0,42849.0
2025-07-19_02:09:31,10000.0,11934.0,43442.0,13987.0,16115.0,42849.0
2025-07-19_02:09:31,9231.0,11934.0,43442.0,14391.0,16115.0,42849.0
2025-07-19_02:09:31,8571.0,11934.0,43442.0,13986.0,16115.0,42849.0
2025-07-19_02:09:32,,,,13802.0,16115.0,42849.0
2025-07-19_02:09:35,3302.0,11934.0,43442.0,12178.0,16115.0,42849.0
2025-07-19_02:09:35,,,,,,
2025-07-19_02:09:39,6963.0,11934.0,43442.0,3793.0,16115.0,42849.0
2025-07-19_02:09:39,,,,13950.0,16115.0,42849.0
2025-07-19_02:09:43,2780.0,11934.0,43442.0,12161.0,16115.0,42849.0
2025-07-19_02:09:44,2778.0,11934.0,43442.0,12976.0,16115.0,42849.0
2025-07-19_02:09:44,,,,,,
2025-07-19_02:09:48,6969.0,11934.0,43442.0,3786.0,16115.0,42849.0
2025-07-19_02:09:48,10183.0,11934.0,43442.0,13839.0,16115.0,42849.0
2025-07-19_02:09:49,9191.0,11934.0,43442.0,14074.0,16115.0,42849.0
2025-07-19_02:09:49,8634.0,11934.0,43442.0,14090.0,16115.0,42849.0
2025-07-19_02:09:49,8645.0,11934.0,43442.0,14419.0,16115.0,42849.0
2025-07-19_02:09:50,2778.0,11934.0,43442.0,12192.0,16115.0,42849.0
2025-07-19_02:09:50,8687.0,11934.0,43444.0,14229.0,16115.0,42849.0
2025-07-19_02:09:50,9966.0,11934.0,43444.0,13935.0,16115.0,42849.0
2025-07-19_02:09:51,10172.0,11934.0,43444.0,14228.0,16115.0,42849.0
2025-07-19_02:09:51,9887.0,11934.0,43444.0,14096.0,16115.0,42849.0
2025-07-19_02:09:51,9950.0,11934.0,43444.0,14542.0,16115.0,42849.0
2025-07-19_02:09:51,10257.0,11934.0,43444.0,14298.0,16115.0,42849.0
2025-07-19_02:09:52,,,,,,
2025-07-19_02:09:55,6946.0,11934.0,43444.0,3793.0,16115.0,42849.0
2025-07-19_02:09:56,8601.0,11934.0,43444.0,14224.0,16115.0,42849.0
2025-07-19_02:09:56,,,,13854.0,16115.0,42849.0
2025-07-19_02:10:00,3358.0,11934.0,43444.0,12161.0,16115.0,42849.0
2025-07-19_02:10:00,10180.0,11934.0,43444.0,14080.0,16115.0,42849.0
2025-07-19_02:10:00,10582.0,11934.0,43444.0,14472.0,16115.0,42849.0
2025-07-19_02:10:00,8565.0,11934.0,43444.0,13940.0,16115.0,42849.0
2025-07-19_02:10:00,,,,14383.0,16115.0,42849.0
2025-07-19_02:10:04,3319.0,11934.0,43444.0,12192.0,16115.0,42849.0
2025-07-19_02:10:04,,,,14051.0,16115.0,42852.0
2025-07-19_02:10:08,2778.0,11934.0,43444.0,12197.0,16115.0,42852.0
2025-07-19_02:10:08,,,,,,
2025-07-19_02:10:12,6970.0,11934.0,43444.0,3792.0,16115.0,42852.0
2025-07-19_02:10:12,,,,13931.0,16115.0,42852.0
2025-07-19_02:10:16,3358.0,11934.0,43444.0,12194.0,16115.0,42852.0
2025-07-19_02:10:16,8627.0,11934.0,43444.0,14130.0,16115.0,42852.0
2025-07-19_02:10:17,,,,,,
2025-07-19_02:10:20,6963.0,11934.0,43444.0,3795.0,16115.0,42852.0
2025-07-19_02:10:21,9997.0,11934.0,43445.0,14008.0,16115.0,42852.0
2025-07-19_02:10:21,,,,14498.0,16115.0,42852.0
2025-07-19_02:10:25,3358.0,11934.0,43445.0,12175.0,16115.0,42852.0
2025-07-19_02:10:25,9685.0,11934.0,43445.0,13949.0,16115.0,42852.0
2025-07-19_02:10:25,9214.0,11934.0,43445.0,14037.0,16115.0,42852.0
2025-07-19_02:10:25,,,,,,
2025-07-19_02:10:29,6965.0,11934.0,43445.0,3793.0,16115.0,42852.0
2025-07-19_02:10:29,9752.0,11934.0,43445.0,14077.0,16115.0,42852.0
2025-07-19_02:10:29,,,,14644.0,16115.0,42852.0
2025-07-19_02:10:33,3358.0,11934.0,43445.0,12182.0,16115.0,42852.0
2025-07-19_02:10:33,,,,13997.0,16115.0,42852.0
2025-07-19_02:10:37,3358.0,11934.0,43445.0,12192.0,16115.0,42852.0
2025-07-19_02:10:37,8670.0,11934.0,43445.0,14206.0,16115.0,42852.0
2025-07-19_02:10:37,9685.0,11934.0,43445.0,13991.0,16115.0,42852.0
2025-07-19_02:10:38,,,,,,
2025-07-19_02:10:41,6956.0,11934.0,43445.0,3793.0,16115.0,42852.0
2025-07-19_02:10:42,10201.0,11934.0,43445.0,14393.0,16115.0,42852.0
2025-07-19_02:10:42,9266.0,11934.0,43445.0,13999.0,16115.0,42852.0
2025-07-19_02:10:42,,,,14052.0,16115.0,42852.0
2025-07-19_02:10:46,3358.0,11934.0,43445.0,12199.0,16115.0,42852.0
2025-07-19_02:10:46,8541.0,11934.0,43445.0,14043.0,16115.0,42852.0
2025-07-19_02:10:46,9893.0,11934.0,43445.0,14072.0,16115.0,42852.0
2025-07-19_02:10:46,9834.0,11934.0,43445.0,14070.0,16115.0,42852.0
2025-07-19_02:10:47,9800.0,11934.0,43445.0,14121.0,16115.0,42852.0
2025-07-19_02:10:47,9909.0,11934.0,43445.0,14566.0,16115.0,42852.0
2025-07-19_02:10:47,9653.0,11934.0,43445.0,13851.0,16115.0,42852.0
2025-07-19_02:10:47,,,,13966.0,16115.0,42852.0
2025-07-19_02:10:51,3302.0,11934.0,43445.0,12199.0,16115.0,42852.0
2025-07-19_02:10:51,8696.0,11934.0,43445.0,14222.0,16115.0,42852.0
2025-07-19_02:10:52,,,,14198.0,16115.0,42857.0
2025-07-19_02:10:55,2778.0,11934.0,43445.0,12186.0,16115.0,42857.0
2025-07-19_02:10:56,,,,14219.0,16115.0,42857.0
2025-07-19_02:10:59,3375.0,11934.0,43445.0,12187.0,16115.0,42857.0
2025-07-19_02:11:00,9481.0,11934.0,43445.0,13939.0,16115.0,42857.0
2025-07-19_02:11:00,8608.0,11934.0,43445.0,13787.0,16115.0,42857.0
2025-07-19_02:11:00,,,,13860.0,16115.0,42857.0
2025-07-19_02:11:04,2778.0,11934.0,43445.0,12190.0,16115.0,42857.0
2025-07-19_02:11:04,10093.0,11934.0,43445.0,14534.0,16115.0,42857.0
2025-07-19_02:11:04,9979.0,11934.0,43445.0,14338.0,16115.0,42857.0
2025-07-19_02:11:05,,,,14227.0,16115.0,42857.0
2025-07-19_02:11:08,3358.0,11934.0,43445.0,12191.0,16115.0,42857.0
2025-07-19_02:11:08,,,,,,
2025-07-19_02:11:12,6963.0,11934.0,43445.0,3787.0,16115.0,42857.0
2025-07-19_02:11:13,8629.0,11934.0,43445.0,14191.0,16115.0,42857.0
2025-07-19_02:11:13,,,,14236.0,16115.0,42857.0
2025-07-19_02:11:16,3319.0,11934.0,43445.0,12196.0,16115.0,42857.0
2025-07-19_02:11:17,,,,,,
2025-07-19_02:11:20,6969.0,11934.0,43445.0,3793.0,16115.0,42857.0
2025-07-19_02:11:21,10433.0,11934.0,43455.0,14133.0,16115.0,42857.0
2025-07-19_02:11:21,9975.0,11934.0,43455.0,14323.0,16115.0,42857.0
2025-07-19_02:11:21,10126.0,11934.0,43455.0,14327.0,16115.0,42857.0
2025-07-19_02:11:21,10109.0,11934.0,43455.0,14084.0,16115.0,42857.0
2025-07-19_02:11:22,,,,14118.0,16115.0,42857.0
2025-07-19_02:11:25,2778.0,11934.0,43455.0,12189.0,16115.0,42857.0
2025-07-19_02:11:26,,,,13987.0,16115.0,42857.0
2025-07-19_02:11:29,3375.0,11934.0,43455.0,12186.0,16115.0,42857.0
2025-07-19_02:11:30,8531.0,11934.0,43455.0,13571.0,16115.0,42857.0
2025-07-19_02:11:30,8643.0,11934.0,43455.0,14083.0,16115.0,42857.0
2025-07-19_02:11:30,9718.0,11934.0,43455.0,14203.0,16115.0,42857.0
2025-07-19_02:11:30,10218.0,11934.0,43455.0,14129.0,16115.0,42857.0
2025-07-19_02:11:31,10067.0,11934.0,43455.0,14358.0,16115.0,42857.0
2025-07-19_02:11:31,9613.0,11934.0,43455.0,13989.0,16115.0,42857.0
2025-07-19_02:11:31,,,,13937.0,16115.0,42857.0
2025-07-19_02:11:35,3302.0,11934.0,43455.0,12188.0,16115.0,42857.0
2025-07-19_02:11:35,,,,13554.0,16115.0,42857.0
2025-07-19_02:11:39,3358.0,11934.0,43455.0,12165.0,16115.0,42857.0
2025-07-19_02:11:39,9413.0,11934.0,43455.0,13939.0,16115.0,42857.0
2025-07-19_02:11:39,8535.0,11934.0,43455.0,13805.0,16115.0,42857.0
2025-07-19_02:11:39,10136.0,11934.0,43455.0,14646.0,16115.0,42857.0
2025-07-19_02:11:39,9853.0,11934.0,43455.0,14422.0,16115.0,42857.0
2025-07-19_02:11:40,,,,,,
2025-07-19_02:11:43,6965.0,11934.0,43455.0,3793.0,16115.0,42857.0
2025-07-19_02:11:44,9729.0,11934.0,43455.0,14113.0,16115.0,42857.0
2025-07-19_02:11:44,,,,14342.0,16115.0,42857.0
2025-07-19_02:11:48,3375.0,11934.0,43455.0,12142.0,16115.0,42857.0
2025-07-19_02:11:48,9050.0,11934.0,43455.0,13799.0,16115.0,42857.0
2025-07-19_02:11:48,,,,13986.0,16115.0,42857.0
2025-07-19_02:11:52,3319.0,11934.0,43455.0,12182.0,16115.0,42857.0
2025-07-19_02:11:52,9905.0,11934.0,43455.0,14116.0,16115.0,42857.0
2025-07-19_02:11:52,10188.0,11934.0,43455.0,14349.0,16115.0,42857.0
2025-07-19_02:11:52,10607.0,11934.0,43455.0,14540.0,16115.0,42857.0
2025-07-19_02:11:52,,,,,,
2025-07-19_02:11:56,6966.0,11934.0,43455.0,3792.0,16115.0,42857.0
2025-07-19_02:11:56,8689.0,11934.0,43455.0,13963.0,16115.0,42857.0
2025-07-19_02:11:57,,,,14130.0,16115.0,42857.0
2025-07-19_02:12:00,3358.0,11934.0,43455.0,12186.0,16115.0,42857.0
2025-07-19_02:12:01,,,,14215.0,16115.0,42857.0
2025-07-19_02:12:04,3375.0,11934.0,43455.0,12192.0,16115.0,42857.0
2025-07-19_02:12:04,10400.0,11934.0,43455.0,14477.0,16115.0,42857.0
2025-07-19_02:12:05,10553.0,11934.0,43455.0,13873.0,16115.0,42857.0
2025-07-19_02:12:05,9999.0,11934.0,43455.0,14436.0,16115.0,42857.0
2025-07-19_02:12:05,10737.0,11934.0,43455.0,14877.0,16115.0,42857.0
2025-07-19_02:12:05,10157.0,11934.0,43455.0,14322.0,16115.0,42857.0
2025-07-19_02:12:06,10135.0,11934.0,43455.0,14438.0,16115.0,42857.0
2025-07-19_02:12:06,8670.0,11934.0,43455.0,14217.0,16115.0,42857.0
2025-07-19_02:12:06,9199.0,11934.0,43455.0,13999.0,16115.0,42857.0
2025-07-19_02:12:06,,,,13837.0,16115.0,42857.0
2025-07-19_02:12:10,3375.0,11934.0,43455.0,12196.0,16115.0,42857.0
2025-07-19_02:12:10,,,,,,
2025-07-19_02:12:14,6968.0,11934.0,43455.0,3793.0,16115.0,42857.0
2025-07-19_02:12:14,8853.0,11934.0,43456.0,14244.0,16115.0,42857.0
2025-07-19_02:12:14,9670.0,11934.0,43456.0,14172.0,16115.0,42857.0
2025-07-19_02:12:15,9792.0,11934.0,43456.0,14138.0,16115.0,42857.0
2025-07-19_02:12:15,9596.0,11934.0,43456.0,13997.0,16115.0,42857.0
2025-07-19_02:12:15,,,,13968.0,16115.0,42857.0
2025-07-19_02:12:19,3373.0,11934.0,43456.0,12162.0,16115.0,42857.0
2025-07-19_02:12:19,9286.0,11934.0,43456.0,14114.0,16115.0,42857.0
2025-07-19_02:12:19,10342.0,11934.0,43456.0,14594.0,16115.0,42857.0
2025-07-19_02:12:19,10027.0,11934.0,43456.0,14066.0,16115.0,42857.0
2025-07-19_02:12:20,9231.0,11934.0,43456.0,13911.0,16115.0,42857.0
2025-07-19_02:12:20,10135.0,11934.0,43456.0,14561.0,16115.0,42857.0
2025-07-19_02:12:20,,,,13635.0,16115.0,42857.0
2025-07-19_02:12:24,2780.0,11934.0,43456.0,12192.0,16115.0,42857.0
2025-07-19_02:12:24,,,,14051.0,16115.0,42857.0
2025-07-19_02:12:28,3375.0,11934.0,43456.0,12184.0,16115.0,42857.0
2025-07-19_02:12:28,9499.0,11934.0,43456.0,13943.0,16115.0,42857.0
2025-07-19_02:12:28,,,,,,
2025-07-19_02:12:32,,,,3792.0,16115.0,42857.0
2025-07-19_02:12:36,2778.0,11934.0,43456.0,12196.0,16115.0,42857.0
2025-07-19_02:12:36,10181.0,11934.0,43461.0,13851.0,16115.0,42857.0
2025-07-19_02:12:36,,,,,,
2025-07-19_02:12:40,6968.0,11934.0,43461.0,3792.0,16115.0,42857.0
2025-07-19_02:12:40,10186.0,11934.0,43461.0,14144.0,16115.0,42857.0
2025-07-19_02:12:41,9139.0,11934.0,43461.0,13779.0,16115.0,42857.0
2025-07-19_02:12:41,,,,14163.0,16115.0,42857.0
2025-07-19_02:12:45,3375.0,11934.0,43461.0,12186.0,16115.0,42857.0
2025-07-19_02:12:45,8805.0,11934.0,43468.0,14064.0,16116.0,42858.0
2025-07-19_02:12:45,9664.0,11934.0,43468.0,14099.0,16116.0,42858.0
2025-07-19_02:12:45,,,,,,
2025-07-19_02:12:49,6965.0,11934.0,43468.0,3792.0,16116.0,42858.0
2025-07-19_02:12:49,9256.0,11934.0,43468.0,13937.0,16116.0,42858.0
2025-07-19_02:12:49,9912.0,11934.0,43468.0,14118.0,16116.0,42858.0
2025-07-19_02:12:50,10197.0,11934.0,43470.0,14473.0,16116.0,42869.0
2025-07-19_02:12:50,,,,14142.0,16116.0,42869.0
2025-07-19_02:12:54,3319.0,11934.0,43470.0,12196.0,16116.0,42869.0
2025-07-19_02:12:54,9806.0,11934.0,43470.0,14129.0,16116.0,42869.0
2025-07-19_02:12:54,9677.0,11934.0,43470.0,14007.0,16116.0,42869.0
2025-07-19_02:12:54,,,,,,
2025-07-19_02:12:58,6970.0,11934.0,43470.0,3795.0,16116.0,42869.0
2025-07-19_02:12:58,8540.0,11934.0,43470.0,14108.0,16116.0,42869.0
2025-07-19_02:12:59,9927.0,11934.0,43470.0,14170.0,16116.0,42869.0
2025-07-19_02:12:59,10525.0,11934.0,43470.0,14520.0,16116.0,42869.0
2025-07-19_02:12:59,,,,,,
2025-07-19_02:13:03,2778.0,11934.0,43470.0,3776.0,16116.0,42869.0
2025-07-19_02:13:04,,,,13962.0,16116.0,42869.0
2025-07-19_02:13:07,3319.0,11934.0,43470.0,12183.0,16116.0,42869.0
2025-07-19_02:13:08,8582.0,11934.0,43470.0,14141.0,16116.0,42869.0
2025-07-19_02:13:08,10243.0,11934.0,43474.0,14364.0,16116.0,42870.0
2025-07-19_02:13:08,9990.0,11934.0,43474.0,14595.0,16116.0,42870.0
2025-07-19_02:13:08,,,,,,
2025-07-19_02:13:12,6964.0,11934.0,43474.0,3792.0,16116.0,42870.0
2025-07-19_02:13:12,9901.0,11934.0,43474.0,13988.0,16116.0,42870.0
2025-07-19_02:13:13,9738.0,11934.0,43474.0,14365.0,16116.0,42870.0
2025-07-19_02:13:13,9202.0,11934.0,43474.0,14287.0,16116.0,42870.0
2025-07-19_02:13:13,,,,13864.0,16116.0,42870.0
2025-07-19_02:13:17,3375.0,11934.0,43474.0,12152.0,16116.0,42870.0
2025-07-19_02:13:17,,,,,,
2025-07-19_02:13:21,6965.0,11934.0,43474.0,3792.0,16116.0,42870.0
2025-07-19_02:13:21,10443.0,11934.0,43474.0,14467.0,16116.0,42870.0
2025-07-19_02:13:21,9799.0,11934.0,43474.0,14324.0,16116.0,42870.0
2025-07-19_02:13:21,,,,,,
2025-07-19_02:13:25,6960.0,11934.0,43474.0,3793.0,16116.0,42870.0
2025-07-19_02:13:25,,,,,,
2025-07-19_02:13:29,6965.0,11934.0,43474.0,3793.0,16116.0,42870.0
2025-07-19_02:13:29,,,,14036.0,16116.0,42870.0
2025-07-19_02:13:33,3358.0,11934.0,43474.0,12197.0,16116.0,42870.0
2025-07-19_02:13:33,,,,14280.0,16116.0,42870.0
2025-07-19_02:13:37,2778.0,11934.0,43474.0,12201.0,16116.0,42870.0
2025-07-19_02:13:37,,,,,,
2025-07-19_02:13:42,2778.0,11934.0,43474.0,3776.0,16116.0,42870.0
2025-07-19_02:13:42,,,,14371.0,16116.0,42870.0
2025-07-19_02:13:46,2778.0,11934.0,43474.0,12166.0,16116.0,42870.0
2025-07-19_02:13:46,,,,,,
2025-07-19_02:13:50,6963.0,11934.0,43474.0,3793.0,16116.0,42870.0
2025-07-19_02:13:50,10363.0,11940.0,43514.0,14603.0,16116.0,42871.0
2025-07-19_02:13:50,10720.0,11940.0,43514.0,14775.0,16116.0,42871.0
2025-07-19_02:13:51,9985.0,11940.0,43514.0,14168.0,16116.0,42871.0
2025-07-19_02:13:51,,,,,,
2025-07-19_02:13:55,6967.0,11940.0,43514.0,3792.0,16116.0,42871.0
2025-07-19_02:13:55,,,,14114.0,16116.0,42871.0
2025-07-19_02:13:59,3358.0,11940.0,43514.0,12164.0,16116.0,42871.0
2025-07-19_02:13:59,10669.0,11940.0,43514.0,14688.0,16116.0,42871.0
2025-07-19_02:13:59,8521.0,11940.0,43516.0,14200.0,16116.0,42871.0
2025-07-19_02:13:59,9254.0,11940.0,43516.0,13913.0,16116.0,42871.0
2025-07-19_02:13:59,10122.0,11940.0,43516.0,14334.0,16116.0,42871.0
2025-07-19_02:14:00,9894.0,11940.0,43516.0,13796.0,16116.0,42871.0
2025-07-19_02:14:00,9264.0,11940.0,43516.0,14138.0,16116.0,42871.0
2025-07-19_02:14:00,10766.0,11940.0,43520.0,14618.0,16116.0,42872.0
2025-07-19_02:14:00,9954.0,11940.0,43528.0,14335.0,16116.0,42872.0
2025-07-19_02:14:01,10018.0,11940.0,43528.0,14534.0,16116.0,42872.0
2025-07-19_02:14:01,8523.0,11940.0,43528.0,13895.0,16116.0,42872.0
2025-07-19_02:14:01,9970.0,11940.0,43528.0,14383.0,16116.0,42872.0
2025-07-19_02:14:01,9651.0,11940.0,43528.0,14111.0,16116.0,42872.0
2025-07-19_02:14:02,9787.0,11940.0,43528.0,14321.0,16116.0,42872.0
2025-07-19_02:14:02,9600.0,11940.0,43528.0,14202.0,16116.0,42872.0
2025-07-19_02:14:02,9826.0,11940.0,43528.0,14025.0,16116.0,42872.0
2025-07-19_02:14:02,9913.0,11940.0,43528.0,14107.0,16116.0,42872.0
2025-07-19_02:14:02,,,,,,
2025-07-19_02:14:06,6967.0,11940.0,43528.0,3787.0,16116.0,42872.0
2025-07-19_02:14:06,10861.0,11940.0,43528.0,14925.0,16116.0,42872.0
2025-07-19_02:14:07,10678.0,11940.0,43538.0,14672.0,16116.0,42872.0
2025-07-19_02:14:07,,,,,,
2025-07-19_02:14:11,6962.0,11940.0,43538.0,3793.0,16116.0,42872.0
2025-07-19_02:14:11,8664.0,11940.0,43538.0,14217.0,16116.0,42872.0
2025-07-19_02:14:11,10331.0,11940.0,43538.0,14378.0,16116.0,42875.0
2025-07-19_02:14:11,,,,,,
2025-07-19_02:14:15,6968.0,11940.0,43538.0,3792.0,16116.0,42875.0
2025-07-19_02:14:15,8562.0,11940.0,43538.0,13972.0,16116.0,42875.0
2025-07-19_02:14:16,9959.0,11940.0,43538.0,14323.0,16116.0,42875.0
2025-07-19_02:14:16,,,,13915.0,16116.0,42875.0
2025-07-19_02:14:20,3302.0,11940.0,43538.0,12197.0,16116.0,42875.0
2025-07-19_02:14:20,10717.0,11940.0,43538.0,14282.0,16116.0,42875.0
2025-07-19_02:14:20,8663.0,11940.0,43538.0,14183.0,16116.0,42875.0
2025-07-19_02:14:20,,,,14335.0,16116.0,42875.0
2025-07-19_02:14:24,3375.0,11940.0,43538.0,12164.0,16116.0,42875.0
2025-07-19_02:14:24,,,,14411.0,16116.0,42875.0
2025-07-19_02:14:28,3358.0,11940.0,43538.0,12165.0,16116.0,42875.0
2025-07-19_02:14:28,9293.0,11940.0,43538.0,13949.0,16116.0,42875.0
2025-07-19_02:14:28,,,,14099.0,16116.0,42875.0
2025-07-19_02:14:32,3302.0,11940.0,43538.0,12191.0,16116.0,42875.0
2025-07-19_02:14:32,,,,,,
2025-07-19_02:14:36,6969.0,11940.0,43538.0,3792.0,16116.0,42875.0
2025-07-19_02:14:36,,,,14034.0,16116.0,42875.0
2025-07-19_02:14:40,3358.0,11940.0,43538.0,12168.0,16116.0,42875.0
2025-07-19_02:14:40,10088.0,11940.0,43538.0,14499.0,16116.0,42875.0
2025-07-19_02:14:40,10186.0,11940.0,43538.0,14587.0,16116.0,42875.0
2025-07-19_02:14:41,10129.0,11940.0,43538.0,14044.0,16116.0,42875.0
2025-07-19_02:14:41,9908.0,11940.0,43538.0,14026.0,16116.0,42875.0
2025-07-19_02:14:41,8516.0,11940.0,43538.0,13268.0,16116.0,42875.0
2025-07-19_02:14:41,10596.0,11940.0,43538.0,14249.0,16116.0,42875.0
2025-07-19_02:14:42,9862.0,11940.0,43538.0,13994.0,16116.0,42875.0
2025-07-19_02:14:42,9731.0,11940.0,43538.0,14179.0,16116.0,42875.0
2025-07-19_02:14:42,,,,13784.0,16116.0,42875.0
2025-07-19_02:14:46,3319.0,11940.0,43538.0,12186.0,16116.0,42875.0
2025-07-19_02:14:46,9964.0,11940.0,43538.0,14388.0,16116.0,42875.0
2025-07-19_02:14:46,9827.0,11940.0,43538.0,14039.0,16116.0,42875.0
2025-07-19_02:14:46,9908.0,11940.0,43538.0,13853.0,16116.0,42875.0
2025-07-19_02:14:47,9607.0,11940.0,43538.0,13966.0,16116.0,42875.0
2025-07-19_02:14:47,,,,14033.0,16116.0,42878.0
2025-07-19_02:14:51,2778.0,11940.0,43538.0,12194.0,16116.0,42878.0
2025-07-19_02:14:51,10123.0,11940.0,43538.0,14044.0,16116.0,42878.0
2025-07-19_02:14:51,10296.0,11940.0,43545.0,14511.0,16116.0,42878.0
2025-07-19_02:14:51,,,,13981.0,16116.0,42878.0
2025-07-19_02:14:55,3375.0,11940.0,43545.0,12142.0,16116.0,42878.0
2025-07-19_02:14:55,9313.0,11940.0,43545.0,13982.0,16116.0,42878.0
2025-07-19_02:14:55,10112.0,11940.0,43545.0,14515.0,16116.0,42878.0
2025-07-19_02:14:56,10185.0,11940.0,43545.0,14175.0,16116.0,42878.0
2025-07-19_02:14:56,,,,14082.0,16116.0,42878.0
2025-07-19_02:15:00,2778.0,11940.0,43545.0,12168.0,16116.0,42878.0
2025-07-19_02:15:00,10161.0,11940.0,43545.0,14168.0,16116.0,42878.0
2025-07-19_02:15:00,10132.0,11940.0,43545.0,14364.0,16116.0,42878.0
2025-07-19_02:15:00,8658.0,11940.0,43548.0,14194.0,16116.0,42878.0
2025-07-19_02:15:01,10447.0,11940.0,43549.0,14414.0,16116.0,42878.0
2025-07-19_02:15:01,10039.0,11940.0,43549.0,14346.0,16116.0,42878.0
2025-07-19_02:15:01,10278.0,11940.0,43549.0,14136.0,16116.0,42878.0
2025-07-19_02:15:01,9505.0,11940.0,43549.0,14439.0,16116.0,42880.0
2025-07-19_02:15:02,8572.0,11940.0,43549.0,13935.0,16116.0,42880.0
2025-07-19_02:15:02,10217.0,11940.0,43549.0,14330.0,16116.0,42880.0
2025-07-19_02:15:02,9885.0,11940.0,43549.0,14110.0,16116.0,42880.0
2025-07-19_02:15:02,9756.0,11940.0,43549.0,13977.0,16116.0,42880.0
2025-07-19_02:15:02,10120.0,11940.0,43549.0,14615.0,16116.0,42880.0
2025-07-19_02:15:03,9734.0,11940.0,43549.0,14134.0,16116.0,42880.0
2025-07-19_02:15:03,9678.0,11940.0,43549.0,14172.0,16116.0,42880.0
2025-07-19_02:15:03,8580.0,11940.0,43549.0,14271.0,16116.0,42880.0
2025-07-19_02:15:03,10084.0,11940.0,43549.0,14322.0,16116.0,42880.0
2025-07-19_02:15:04,,,,14178.0,16116.0,42880.0
2025-07-19_02:15:07,2778.0,11940.0,43549.0,12165.0,16116.0,42880.0
2025-07-19_02:15:08,10587.0,11940.0,43549.0,14172.0,16116.0,42880.0
2025-07-19_02:15:08,8605.0,11940.0,43549.0,14188.0,16116.0,42880.0
2025-07-19_02:15:08,9978.0,11940.0,43549.0,14529.0,16116.0,42880.0
2025-07-19_02:15:08,9758.0,11940.0,43549.0,13889.0,16116.0,42880.0
2025-07-19_02:15:09,9922.0,11940.0,43549.0,14156.0,16116.0,42880.0
2025-07-19_02:15:09,10166.0,11940.0,43549.0,14418.0,16116.0,42880.0
2025-07-19_02:15:09,8634.0,11940.0,43549.0,14181.0,16116.0,42880.0
2025-07-19_02:15:09,10342.0,11940.0,43549.0,14344.0,16116.0,42880.0
2025-07-19_02:15:09,,,,14016.0,16116.0,42880.0
2025-07-19_02:15:13,2778.0,11940.0,43549.0,12194.0,16116.0,42880.0
2025-07-19_02:15:14,10131.0,11940.0,43549.0,14056.0,16116.0,42880.0
2025-07-19_02:15:14,10222.0,11940.0,43549.0,14427.0,16116.0,42880.0
2025-07-19_02:15:14,10255.0,11940.0,43663.0,14400.0,16116.0,42882.0
2025-07-19_02:15:14,9713.0,11940.0,43663.0,13991.0,16116.0,42882.0
2025-07-19_02:15:14,,,,,,
2025-07-19_02:15:18,6967.0,11940.0,43663.0,3794.0,16116.0,42882.0
2025-07-19_02:15:18,9980.0,11940.0,43663.0,14102.0,16116.0,42882.0
2025-07-19_02:15:19,9792.0,11940.0,43663.0,14177.0,16116.0,42882.0
2025-07-19_02:15:19,9956.0,11940.0,43663.0,13977.0,16116.0,42882.0
2025-07-19_02:15:19,8568.0,11940.0,43663.0,13934.0,16116.0,42882.0
2025-07-19_02:15:19,8559.0,11940.0,43663.0,13781.0,16116.0,42882.0
2025-07-19_02:15:20,,,,13077.0,16116.0,42898.0
2025-07-19_02:15:23,2778.0,11940.0,43663.0,12184.0,16116.0,42898.0
2025-07-19_02:15:24,10127.0,11940.0,43663.0,14111.0,16116.0,42898.0
2025-07-19_02:15:24,9985.0,11940.0,43668.0,14391.0,16116.0,42898.0
2025-07-19_02:15:24,9791.0,11940.0,43668.0,14111.0,16116.0,42898.0
2025-07-19_02:15:24,,,,14474.0,16116.0,42898.0
2025-07-19_02:15:28,3358.0,11940.0,43668.0,12193.0,16116.0,42898.0
2025-07-19_02:15:28,9945.0,11940.0,43668.0,13931.0,16116.0,42898.0
2025-07-19_02:15:28,,,,14513.0,16116.0,42898.0
2025-07-19_02:15:32,3375.0,11940.0,43668.0,12184.0,16116.0,42898.0
2025-07-19_02:15:32,,,,14298.0,16116.0,42898.0
2025-07-19_02:15:36,2778.0,11940.0,43668.0,12192.0,16116.0,42898.0
2025-07-19_02:15:36,8531.0,11940.0,43668.0,13954.0,16116.0,42898.0
2025-07-19_02:15:37,,,,,,
2025-07-19_02:15:40,6967.0,11940.0,43668.0,3792.0,16116.0,42898.0
2025-07-19_02:15:41,,,,14315.0,16116.0,42898.0
2025-07-19_02:15:44,3358.0,11940.0,43668.0,12169.0,16116.0,42898.0
2025-07-19_02:15:44,,,,,,
2025-07-19_02:15:48,6964.0,11940.0,43668.0,3792.0,16116.0,42898.0
2025-07-19_02:15:48,,,,13831.0,16116.0,42931.0
2025-07-19_02:15:52,3319.0,11940.0,43668.0,12179.0,16116.0,42931.0
2025-07-19_02:15:52,,,,14035.0,16116.0,42931.0
2025-07-19_02:15:56,3375.0,11940.0,43668.0,12182.0,16116.0,42931.0
2025-07-19_02:15:56,,,,14047.0,16116.0,42931.0
2025-07-19_02:16:00,3375.0,11940.0,43668.0,12195.0,16116.0,42931.0
2025-07-19_02:16:00,9628.0,11940.0,43668.0,14027.0,16116.0,42931.0
2025-07-19_02:16:00,9739.0,11940.0,43668.0,14373.0,16116.0,42931.0
2025-07-19_02:16:01,,,,12671.0,16116.0,42931.0
2025-07-19_02:16:04,2778.0,11940.0,43668.0,12194.0,16116.0,42931.0
2025-07-19_02:16:05,9964.0,11940.0,43668.0,14276.0,16116.0,42931.0
2025-07-19_02:16:05,8555.0,11940.0,43668.0,13936.0,16116.0,42931.0
2025-07-19_02:16:05,9733.0,11940.0,43668.0,14073.0,16116.0,42931.0
2025-07-19_02:16:05,,,,,,
2025-07-19_02:16:09,6967.0,11940.0,43668.0,3793.0,16116.0,42931.0
2025-07-19_02:16:09,10030.0,11940.0,43668.0,14245.0,16116.0,42931.0
2025-07-19_02:16:10,,,,14100.0,16116.0,42931.0
2025-07-19_02:16:13,3302.0,11940.0,43668.0,12188.0,16116.0,42931.0
2025-07-19_02:16:13,,,,14040.0,16116.0,42931.0
2025-07-19_02:16:17,3375.0,11940.0,43668.0,12183.0,16116.0,42931.0
2025-07-19_02:16:17,,,,14307.0,16116.0,42931.0
2025-07-19_02:16:21,2778.0,11940.0,43668.0,12199.0,16116.0,42931.0
2025-07-19_02:16:21,,,,13827.0,16116.0,42931.0
2025-07-19_02:16:25,3375.0,11940.0,43668.0,12185.0,16116.0,42931.0
2025-07-19_02:16:25,,,,11875.0,16116.0,42931.0
2025-07-19_02:16:29,2778.0,11940.0,43668.0,12169.0,16116.0,42931.0
2025-07-19_02:16:29,10173.0,11940.0,43668.0,13870.0,16116.0,42932.0
2025-07-19_02:16:30,10564.0,11940.0,43668.0,14363.0,16116.0,42932.0
2025-07-19_02:16:30,9804.0,11940.0,43668.0,14140.0,16116.0,42932.0
2025-07-19_02:16:30,8596.0,11940.0,43668.0,14407.0,16116.0,42932.0
2025-07-19_02:16:30,8599.0,11940.0,43668.0,14024.0,16116.0,42932.0
2025-07-19_02:16:31,9860.0,11940.0,43668.0,14138.0,16116.0,42932.0
2025-07-19_02:16:31,10010.0,11940.0,43668.0,14068.0,16116.0,42932.0
2025-07-19_02:16:31,,,,14236.0,16116.0,42932.0
2025-07-19_02:16:35,2778.0,11940.0,43668.0,12195.0,16116.0,42932.0
2025-07-19_02:16:35,9889.0,11940.0,43668.0,14083.0,16116.0,42932.0
2025-07-19_02:16:35,10078.0,11940.0,43668.0,14506.0,16116.0,42932.0
2025-07-19_02:16:36,,,,14315.0,16116.0,42932.0
2025-07-19_02:16:39,3375.0,11940.0,43668.0,12182.0,16116.0,42932.0
2025-07-19_02:16:39,8816.0,11940.0,43668.0,14214.0,16116.0,42932.0
2025-07-19_02:16:40,9807.0,11940.0,43669.0,14386.0,16116.0,42932.0
2025-07-19_02:16:40,,,,14389.0,16116.0,42932.0
2025-07-19_02:16:44,3375.0,11940.0,43669.0,12185.0,16116.0,42932.0
2025-07-19_02:16:44,,,,,,
2025-07-19_02:16:48,6966.0,11940.0,43669.0,3792.0,16116.0,42932.0
2025-07-19_02:16:48,,,,,,
2025-07-19_02:16:52,6964.0,11940.0,43669.0,3792.0,16116.0,42932.0
2025-07-19_02:16:52,8535.0,11940.0,43669.0,13926.0,16116.0,42932.0
2025-07-19_02:16:52,10017.0,11940.0,43669.0,14428.0,16116.0,42932.0
2025-07-19_02:16:52,9906.0,11940.0,43669.0,14363.0,16116.0,42932.0
2025-07-19_02:16:52,9871.0,11940.0,43669.0,14008.0,16116.0,42932.0
2025-07-19_02:16:53,9913.0,11940.0,43669.0,14344.0,16116.0,42932.0
2025-07-19_02:16:53,9615.0,11940.0,43669.0,13988.0,16116.0,42932.0
2025-07-19_02:16:53,9905.0,11940.0,43669.0,14113.0,16116.0,42932.0
2025-07-19_02:16:53,,,,14003.0,16116.0,42932.0
2025-07-19_02:16:57,3319.0,11940.0,43669.0,12184.0,16116.0,42932.0
2025-07-19_02:16:57,10213.0,11940.0,43669.0,14089.0,16116.0,42932.0
2025-07-19_02:16:57,9895.0,11940.0,43673.0,14267.0,16116.0,42932.0
2025-07-19_02:16:58,10020.0,11940.0,43673.0,14293.0,16116.0,42932.0
2025-07-19_02:16:58,,,,13788.0,16116.0,42932.0
2025-07-19_02:17:02,3375.0,11940.0,43673.0,12193.0,16116.0,42932.0
2025-07-19_02:17:02,10203.0,11940.0,43676.0,14396.0,16116.0,42932.0
2025-07-19_02:17:02,9670.0,11940.0,43676.0,14115.0,16116.0,42932.0
2025-07-19_02:17:02,,,,14004.0,16116.0,42932.0
2025-07-19_02:17:06,3375.0,11940.0,43676.0,12188.0,16116.0,42932.0
2025-07-19_02:17:06,8963.0,11940.0,43678.0,13974.0,16116.0,42932.0
2025-07-19_02:17:06,10200.0,11940.0,43678.0,14318.0,16116.0,42932.0
2025-07-19_02:17:07,,,,14328.0,16116.0,42932.0
2025-07-19_02:17:10,3377.0,11940.0,43678.0,12184.0,16116.0,42932.0
2025-07-19_02:17:11,10192.0,11940.0,43678.0,14653.0,16116.0,42932.0
2025-07-19_02:17:11,10099.0,11940.0,43678.0,14405.0,16116.0,42946.0
2025-07-19_02:17:11,10278.0,11940.0,43678.0,14260.0,16116.0,42946.0
2025-07-19_02:17:11,9868.0,11940.0,43678.0,14048.0,16116.0,42946.0
2025-07-19_02:17:11,8626.0,11940.0,43678.0,14183.0,16116.0,42946.0
2025-07-19_02:17:12,10222.0,11940.0,43679.0,14290.0,16116.0,42946.0
2025-07-19_02:17:12,9891.0,11940.0,43679.0,13804.0,16116.0,42946.0
2025-07-19_02:17:12,9548.0,11940.0,43679.0,14178.0,16116.0,42946.0
2025-07-19_02:17:12,,,,13795.0,16116.0,42946.0
2025-07-19_02:17:16,3302.0,11940.0,43679.0,12179.0,16116.0,42946.0
2025-07-19_02:17:16,,,,12050.0,16116.0,42946.0
2025-07-19_02:17:20,2778.0,11940.0,43679.0,12170.0,16116.0,42946.0
2025-07-19_02:17:20,9855.0,11940.0,43679.0,14202.0,16116.0,42946.0
2025-07-19_02:17:21,9182.0,11940.0,43679.0,13795.0,16116.0,42946.0
2025-07-19_02:17:21,9673.0,11940.0,43679.0,14109.0,16116.0,42946.0
2025-07-19_02:17:21,9891.0,11940.0,43679.0,14395.0,16116.0,42946.0
2025-07-19_02:17:21,8916.0,11940.0,43679.0,13787.0,16116.0,42946.0
2025-07-19_02:17:21,,,,14132.0,16116.0,42946.0
2025-07-19_02:17:25,3375.0,11940.0,43679.0,12161.0,16116.0,42946.0
2025-07-19_02:17:25,9822.0,11940.0,43679.0,14038.0,16116.0,42946.0
2025-07-19_02:17:26,,,,,,
2025-07-19_02:17:29,6954.0,11940.0,43679.0,3792.0,16116.0,42946.0
2025-07-19_02:17:30,9941.0,11940.0,43682.0,14356.0,16116.0,42947.0
2025-07-19_02:17:30,,,,13994.0,16116.0,42947.0
2025-07-19_02:17:34,3319.0,11940.0,43682.0,12185.0,16116.0,42947.0
2025-07-19_02:17:34,8642.0,11940.0,43682.0,14204.0,16116.0,42947.0
2025-07-19_02:17:34,9627.0,11940.0,43682.0,14105.0,16116.0,42947.0
2025-07-19_02:17:34,9977.0,11940.0,43682.0,14314.0,16116.0,42947.0
2025-07-19_02:17:34,9893.0,11940.0,43682.0,13989.0,16116.0,42947.0
2025-07-19_02:17:35,8708.0,11940.0,43682.0,14052.0,16116.0,42947.0
2025-07-19_02:17:35,9737.0,11940.0,43682.0,14107.0,16116.0,42947.0
2025-07-19_02:17:35,,,,14374.0,16116.0,42947.0
2025-07-19_02:17:39,3360.0,11940.0,43682.0,12196.0,16116.0,42947.0
2025-07-19_02:17:39,,,,14221.0,16116.0,42947.0
2025-07-19_02:17:43,3358.0,11940.0,43682.0,12184.0,16116.0,42947.0
2025-07-19_02:17:43,8562.0,11940.0,43682.0,14138.0,16116.0,42947.0
2025-07-19_02:17:43,,,,13963.0,16116.0,42947.0
2025-07-19_02:17:47,3321.0,11940.0,43682.0,12178.0,16116.0,42947.0
2025-07-19_02:17:47,10103.0,11940.0,43682.0,14413.0,16116.0,42947.0
2025-07-19_02:17:47,9999.0,11940.0,43682.0,14516.0,16116.0,42947.0
2025-07-19_02:17:48,8588.0,11940.0,43682.0,13747.0,16116.0,42947.0
2025-07-19_02:17:48,,,,,,
2025-07-19_02:17:52,6954.0,11940.0,43682.0,3792.0,16116.0,42947.0
2025-07-19_02:17:52,6970.0,11940.0,43682.0,3804.0,16116.0,42961.0
2025-07-19_02:17:53,,,,13974.0,16116.0,42961.0
2025-07-19_02:17:57,2778.0,11940.0,43682.0,12193.0,16116.0,42961.0
2025-07-19_02:17:57,,,,14033.0,16116.0,42961.0
2025-07-19_02:18:01,2778.0,11940.0,43682.0,12192.0,16116.0,42961.0
2025-07-19_02:18:01,,,,14118.0,16116.0,42961.0
2025-07-19_02:18:05,3375.0,11940.0,43682.0,12185.0,16116.0,42961.0
2025-07-19_02:18:05,,,,14657.0,16116.0,42961.0
2025-07-19_02:18:09,,,,,,
2025-07-19_02:18:12,6969.0,11940.0,43682.0,3793.0,16116.0,42961.0
2025-07-19_02:18:13,10019.0,11940.0,43682.0,14394.0,16116.0,42961.0
2025-07-19_02:18:13,10600.0,11940.0,43682.0,14395.0,16116.0,42961.0
2025-07-19_02:18:13,,,,13979.0,16116.0,42961.0
2025-07-19_02:18:17,3375.0,11940.0,43682.0,12148.0,16116.0,42961.0
2025-07-19_02:18:17,9888.0,11940.0,43682.0,14111.0,16116.0,42961.0
2025-07-19_02:18:17,9864.0,11940.0,43688.0,14094.0,16116.0,42961.0
2025-07-19_02:18:18,10192.0,11940.0,43688.0,14129.0,16116.0,42961.0
2025-07-19_02:18:18,9140.0,11940.0,43688.0,13890.0,16116.0,42961.0
2025-07-19_02:18:18,9875.0,11940.0,43688.0,14108.0,16116.0,42961.0
2025-07-19_02:18:18,10594.0,11940.0,43688.0,14863.0,16116.0,42961.0
2025-07-19_02:18:18,10563.0,11940.0,43688.0,14415.0,16116.0,42961.0
2025-07-19_02:18:19,10264.0,11940.0,43688.0,14367.0,16116.0,42961.0
2025-07-19_02:18:19,10171.0,11940.0,43688.0,14020.0,16116.0,42961.0
2025-07-19_02:18:19,9596.0,11940.0,43688.0,13982.0,16116.0,42961.0
2025-07-19_02:18:19,,,,14120.0,16116.0,42961.0
2025-07-19_02:18:23,3319.0,11940.0,43688.0,12189.0,16116.0,42961.0
2025-07-19_02:18:23,10127.0,11940.0,43688.0,14003.0,16116.0,42961.0
2025-07-19_02:18:23,9707.0,11940.0,43688.0,14104.0,16116.0,42961.0
2025-07-19_02:18:24,10628.0,11940.0,43688.0,14463.0,16116.0,42961.0
2025-07-19_02:18:24,10076.0,11940.0,43688.0,14693.0,16116.0,42961.0
2025-07-19_02:18:24,8618.0,11940.0,43688.0,14331.0,16116.0,42961.0
2025-07-19_02:18:24,9595.0,11940.0,43688.0,14052.0,16116.0,42961.0
2025-07-19_02:18:25,,,,,,
2025-07-19_02:18:28,6973.0,11940.0,43688.0,3793.0,16116.0,42961.0
2025-07-19_02:18:29,9743.0,11940.0,43688.0,14273.0,16116.0,42961.0
2025-07-19_02:18:29,9862.0,11940.0,43688.0,14365.0,16116.0,42961.0
2025-07-19_02:18:29,9647.0,11940.0,43688.0,14107.0,16116.0,42961.0
2025-07-19_02:18:29,9917.0,11940.0,43688.0,14135.0,16116.0,42961.0
2025-07-19_02:18:29,9659.0,11940.0,43688.0,14319.0,16116.0,42961.0
2025-07-19_02:18:30,,,,,,
2025-07-19_02:18:33,6964.0,11940.0,43688.0,3787.0,16116.0,42961.0
2025-07-19_02:18:34,9662.0,11940.0,43688.0,14297.0,16116.0,42961.0
2025-07-19_02:18:34,9894.0,11940.0,43688.0,14042.0,16116.0,42961.0
2025-07-19_02:18:34,,,,14040.0,16116.0,42961.0
2025-07-19_02:18:38,3358.0,11940.0,43688.0,12175.0,16116.0,42961.0
2025-07-19_02:18:38,10101.0,11940.0,43688.0,14048.0,16116.0,42961.0
2025-07-19_02:18:39,2780.0,11940.0,43688.0,12164.0,16116.0,42961.0
2025-07-19_02:18:39,,,,14397.0,16116.0,42961.0
2025-07-19_02:18:43,2778.0,11940.0,43688.0,12194.0,16116.0,42961.0
2025-07-19_02:18:43,,,,14310.0,16116.0,42961.0
2025-07-19_02:18:47,3358.0,11940.0,43688.0,12193.0,16116.0,42961.0
2025-07-19_02:18:47,,,,,,
2025-07-19_02:18:51,6967.0,11940.0,43688.0,3794.0,16116.0,42961.0
2025-07-19_02:18:51,9175.0,11940.0,43688.0,13787.0,16116.0,42961.0
2025-07-19_02:18:51,9655.0,11940.0,43688.0,14329.0,16116.0,42961.0
2025-07-19_02:18:52,10037.0,11940.0,43688.0,14329.0,16116.0,42961.0
2025-07-19_02:18:52,10602.0,11940.0,43688.0,14209.0,16116.0,42962.0
2025-07-19_02:18:52,9716.0,11940.0,43688.0,14228.0,16116.0,42962.0
2025-07-19_02:18:52,9685.0,11940.0,43688.0,14055.0,16116.0,42962.0
2025-07-19_02:18:53,9867.0,11940.0,43688.0,13909.0,16116.0,42962.0
2025-07-19_02:18:53,10214.0,11940.0,43688.0,14180.0,16116.0,42962.0
2025-07-19_02:18:53,9004.0,11940.0,43688.0,14118.0,16116.0,42962.0
2025-07-19_02:18:53,10454.0,11940.0,43688.0,14629.0,16116.0,42962.0
2025-07-19_02:18:54,,,,14239.0,16116.0,42962.0
2025-07-19_02:18:57,2778.0,11940.0,43688.0,12191.0,16116.0,42962.0
2025-07-19_02:18:58,,,,14320.0,16116.0,42962.0
2025-07-19_02:19:01,3375.0,11940.0,43688.0,12185.0,16116.0,42962.0
2025-07-19_02:19:02,9831.0,11940.0,43688.0,14223.0,16116.0,42962.0
2025-07-19_02:19:02,,,,,,
2025-07-19_02:19:06,6967.0,11940.0,43688.0,3793.0,16116.0,42962.0
2025-07-19_02:19:06,9889.0,11940.0,43688.0,14075.0,16116.0,42963.0
2025-07-19_02:19:06,9855.0,11940.0,43688.0,13748.0,16116.0,42963.0
2025-07-19_02:19:06,9192.0,11940.0,43688.0,14086.0,16116.0,42963.0
2025-07-19_02:19:06,,,,,,
2025-07-19_02:19:11,2778.0,11940.0,43688.0,3778.0,16116.0,42963.0
2025-07-19_02:19:11,8577.0,11940.0,43688.0,13928.0,16116.0,42963.0
2025-07-19_02:19:11,10659.0,11940.0,43688.0,14405.0,16116.0,42963.0
2025-07-19_02:19:12,10312.0,11940.0,43688.0,14388.0,16116.0,42963.0
2025-07-19_02:19:12,,,,,,
2025-07-19_02:19:16,6966.0,11940.0,43688.0,3793.0,16116.0,42963.0
2025-07-19_02:19:16,9787.0,11940.0,43688.0,14408.0,16116.0,42963.0
2025-07-19_02:19:16,10079.0,11940.0,43688.0,14502.0,16116.0,42963.0
2025-07-19_02:19:16,,,,13272.0,16116.0,42963.0
2025-07-19_02:19:20,2778.0,11940.0,43688.0,12190.0,16116.0,42963.0
2025-07-19_02:19:20,8539.0,11940.0,43688.0,13815.0,16116.0,42963.0
2025-07-19_02:19:21,9183.0,11940.0,43688.0,14034.0,16116.0,42963.0
2025-07-19_02:19:21,,,,14694.0,16116.0,42963.0
2025-07-19_02:19:25,3375.0,11940.0,43688.0,12164.0,16116.0,42963.0
2025-07-19_02:19:25,10442.0,11940.0,43688.0,14530.0,16116.0,42963.0
2025-07-19_02:19:25,,,,,,
2025-07-19_02:19:29,6964.0,11940.0,43688.0,3793.0,16116.0,42963.0
2025-07-19_02:19:29,9984.0,11940.0,43688.0,14383.0,16116.0,42963.0
2025-07-19_02:19:29,10432.0,11940.0,43690.0,14801.0,16116.0,42963.0
2025-07-19_02:19:29,9252.0,11940.0,43690.0,13900.0,16116.0,42963.0
2025-07-19_02:19:30,9884.0,11940.0,43690.0,13858.0,16116.0,42963.0
2025-07-19_02:19:30,,,,13293.0,16116.0,42963.0
2025-07-19_02:19:34,2778.0,11940.0,43690.0,12182.0,16116.0,42963.0
2025-07-19_02:19:34,9682.0,11940.0,43690.0,13980.0,16116.0,42963.0
2025-07-19_02:19:34,9937.0,11940.0,43690.0,14250.0,16116.0,42963.0
2025-07-19_02:19:34,10287.0,11940.0,43694.0,14146.0,16116.0,42963.0
2025-07-19_02:19:35,9768.0,11940.0,43694.0,13981.0,16116.0,42963.0
2025-07-19_02:19:35,8416.0,11940.0,43694.0,14150.0,16116.0,42963.0
2025-07-19_02:19:35,10108.0,11940.0,43694.0,14370.0,16116.0,42963.0
2025-07-19_02:19:35,9822.0,11940.0,43694.0,14276.0,16116.0,42963.0
2025-07-19_02:19:35,9754.0,11940.0,43694.0,14139.0,16116.0,42963.0
2025-07-19_02:19:36,9014.0,11940.0,43694.0,13984.0,16116.0,42963.0
2025-07-19_02:19:36,9734.0,11940.0,43694.0,14095.0,16116.0,42963.0
2025-07-19_02:19:36,9187.0,11940.0,43694.0,13852.0,16116.0,42963.0
2025-07-19_02:19:36,9039.0,11940.0,43694.0,14003.0,16116.0,42963.0
2025-07-19_02:19:37,10598.0,11940.0,43694.0,14242.0,16116.0,42963.0
2025-07-19_02:19:37,9867.0,11940.0,43694.0,13897.0,16116.0,42963.0
2025-07-19_02:19:37,,,,14262.0,16116.0,42963.0
2025-07-19_02:19:41,3319.0,11940.0,43694.0,12183.0,16116.0,42963.0
2025-07-19_02:19:41,9714.0,11940.0,43694.0,14135.0,16116.0,42963.0
2025-07-19_02:19:41,9677.0,11940.0,43694.0,14002.0,16116.0,42963.0
2025-07-19_02:19:41,10098.0,11940.0,43694.0,14136.0,16116.0,42963.0
2025-07-19_02:19:41,9976.0,11940.0,43694.0,14276.0,16116.0,42963.0
2025-07-19_02:19:42,,,,13972.0,16116.0,42963.0
2025-07-19_02:19:45,3358.0,11940.0,43694.0,12186.0,16116.0,42963.0
2025-07-19_02:19:46,9829.0,11940.0,43694.0,14044.0,16116.0,42963.0
2025-07-19_02:19:46,10513.0,11940.0,43694.0,14440.0,16116.0,42963.0
2025-07-19_02:19:46,10132.0,11940.0,43694.0,14097.0,16116.0,42963.0
2025-07-19_02:19:46,10257.0,11940.0,43694.0,14396.0,16116.0,42963.0
2025-07-19_02:19:46,10090.0,11940.0,43694.0,14512.0,16116.0,42963.0
2025-07-19_02:19:47,,,,13967.0,16116.0,42963.0
2025-07-19_02:19:50,3319.0,11940.0,43694.0,12182.0,16116.0,42963.0
2025-07-19_02:19:51,9826.0,11940.0,43694.0,14222.0,16116.0,42963.0
2025-07-19_02:19:51,10140.0,11940.0,43694.0,14127.0,16116.0,42963.0
2025-07-19_02:19:51,9646.0,11940.0,43694.0,13787.0,16116.0,42963.0
2025-07-19_02:19:51,9723.0,11940.0,43694.0,14210.0,16116.0,42963.0
2025-07-19_02:19:51,10466.0,11940.0,43694.0,14405.0,16116.0,42963.0
2025-07-19_02:19:52,,,,14294.0,16116.0,42963.0
2025-07-19_02:19:55,3360.0,11940.0,43694.0,12181.0,16116.0,42963.0
2025-07-19_02:19:56,9875.0,11940.0,43694.0,13946.0,16116.0,42963.0
2025-07-19_02:19:56,10212.0,11940.0,43694.0,14291.0,16116.0,42963.0
2025-07-19_02:19:56,9216.0,11940.0,43694.0,13936.0,16116.0,42963.0
2025-07-19_02:19:56,,,,14076.0,16116.0,42963.0
2025-07-19_02:20:00,3358.0,11940.0,43694.0,12169.0,16116.0,42963.0
2025-07-19_02:20:00,8603.0,11940.0,43694.0,13757.0,16116.0,42963.0
2025-07-19_02:20:00,,,,13924.0,16116.0,42963.0
2025-07-19_02:20:04,3302.0,11940.0,43694.0,12184.0,16116.0,42963.0
2025-07-19_02:20:04,,,,13793.0,16116.0,42963.0
2025-07-19_02:20:08,3375.0,11940.0,43694.0,12168.0,16116.0,42963.0
2025-07-19_02:20:08,,,,,,
2025-07-19_02:20:13,2778.0,11940.0,43694.0,3776.0,16116.0,42963.0
2025-07-19_02:20:13,10295.0,11940.0,43694.0,14513.0,16116.0,42963.0
2025-07-19_02:20:13,9561.0,11940.0,43694.0,14392.0,16116.0,42963.0
2025-07-19_02:20:13,9285.0,11940.0,43694.0,14112.0,16116.0,42963.0
2025-07-19_02:20:13,9909.0,11940.0,43694.0,14099.0,16116.0,42963.0
2025-07-19_02:20:14,10123.0,11940.0,43694.0,14070.0,16116.0,42963.0
2025-07-19_02:20:14,10083.0,11940.0,43694.0,14153.0,16116.0,42963.0
2025-07-19_02:20:14,9822.0,11940.0,43694.0,14005.0,16116.0,42963.0
2025-07-19_02:20:14,8382.0,11940.0,43694.0,13936.0,16116.0,42963.0
2025-07-19_02:20:15,,,,13905.0,16116.0,42963.0
2025-07-19_02:20:18,2778.0,11940.0,43694.0,12162.0,16116.0,42963.0
2025-07-19_02:20:19,9888.0,11940.0,43694.0,14340.0,16116.0,42963.0
2025-07-19_02:20:19,,,,,,
2025-07-19_02:20:23,6966.0,11940.0,43694.0,3794.0,16116.0,42963.0
2025-07-19_02:20:23,,,,,,
2025-07-19_02:20:27,6960.0,11940.0,43694.0,3793.0,16116.0,42963.0
2025-07-19_02:20:27,10416.0,11940.0,43694.0,14321.0,16116.0,42963.0
2025-07-19_02:20:27,,,,,,
2025-07-19_02:20:31,6964.0,11940.0,43694.0,3793.0,16116.0,42963.0
2025-07-19_02:20:31,10289.0,11940.0,43694.0,14431.0,16116.0,42963.0
2025-07-19_02:20:31,,,,14354.0,16116.0,42963.0
2025-07-19_02:20:35,,,,,,
2025-07-19_02:20:39,6963.0,11940.0,43694.0,3793.0,16116.0,42963.0
2025-07-19_02:20:39,9170.0,11940.0,43694.0,13982.0,16116.0,42963.0
2025-07-19_02:20:39,10097.0,11940.0,43694.0,14313.0,16116.0,42963.0
2025-07-19_02:20:40,9870.0,11940.0,43694.0,14077.0,16116.0,42963.0
2025-07-19_02:20:40,9326.0,11940.0,43694.0,13919.0,16116.0,42963.0
2025-07-19_02:20:40,9266.0,11940.0,43694.0,13936.0,16116.0,42963.0
2025-07-19_02:20:40,,,,14386.0,16116.0,42963.0
2025-07-19_02:20:44,3375.0,11940.0,43694.0,12196.0,16116.0,42963.0
2025-07-19_02:20:44,9284.0,11940.0,43694.0,13988.0,16116.0,42965.0
2025-07-19_02:20:44,,,,13780.0,16116.0,42965.0
2025-07-19_02:20:48,3375.0,11940.0,43694.0,12188.0,16116.0,42965.0
2025-07-19_02:20:48,8593.0,11940.0,43695.0,14220.0,16116.0,42965.0
2025-07-19_02:20:48,,,,14689.0,16116.0,42965.0
2025-07-19_02:20:52,3377.0,11940.0,43695.0,12190.0,16116.0,42965.0
2025-07-19_02:20:52,10127.0,11940.0,43695.0,14134.0,16116.0,42965.0
2025-07-19_02:20:53,10264.0,11940.0,43695.0,14345.0,16116.0,42965.0
2025-07-19_02:20:53,10060.0,11940.0,43695.0,14375.0,16116.0,42965.0
2025-07-19_02:20:53,8545.0,11940.0,43695.0,13928.0,16116.0,42965.0
2025-07-19_02:20:53,10071.0,11940.0,43695.0,14582.0,16116.0,42965.0
2025-07-19_02:20:53,9769.0,11940.0,43695.0,14353.0,16116.0,42965.0
2025-07-19_02:20:54,10192.0,11940.0,43695.0,14040.0,16116.0,42965.0
2025-07-19_02:20:54,,,,13799.0,16116.0,42965.0
2025-07-19_02:20:58,,,,,,
2025-07-19_02:21:01,6967.0,11940.0,43695.0,3793.0,16116.0,42965.0
2025-07-19_02:21:02,,,,14179.0,16116.0,42965.0
2025-07-19_02:21:05,3358.0,11940.0,43695.0,12194.0,16116.0,42965.0
2025-07-19_02:21:06,9122.0,11940.0,43695.0,14034.0,16116.0,42965.0
2025-07-19_02:21:06,,,,13788.0,16116.0,42965.0
2025-07-19_02:21:10,3321.0,11940.0,43695.0,12194.0,16116.0,42965.0
2025-07-19_02:21:10,10323.0,11940.0,43695.0,14385.0,16116.0,42965.0
2025-07-19_02:21:10,9688.0,11940.0,43695.0,13988.0,16116.0,42965.0
2025-07-19_02:21:10,,,,14296.0,16116.0,42965.0
2025-07-19_02:21:14,3375.0,11940.0,43695.0,12160.0,16116.0,42965.0
2025-07-19_02:21:14,10072.0,11940.0,43695.0,14385.0,16116.0,42967.0
2025-07-19_02:21:14,,,,14119.0,16116.0,42967.0
2025-07-19_02:21:18,3358.0,11940.0,43695.0,12192.0,16116.0,42967.0
2025-07-19_02:21:18,,,,,,
2025-07-19_02:21:22,6965.0,11940.0,43695.0,3793.0,16116.0,42967.0
2025-07-19_02:21:22,,,,,,
2025-07-19_02:21:26,6965.0,11940.0,43695.0,3793.0,16116.0,42967.0
2025-07-19_02:21:26,8603.0,11940.0,43695.0,14157.0,16116.0,42967.0
2025-07-19_02:21:26,9892.0,11940.0,43695.0,13991.0,16116.0,42967.0
2025-07-19_02:21:27,9638.0,11940.0,43695.0,14097.0,16116.0,42967.0
2025-07-19_02:21:27,,,,,,
2025-07-19_02:21:31,2778.0,11940.0,43695.0,3776.0,16116.0,42967.0
2025-07-19_02:21:32,9804.0,11940.0,43695.0,13985.0,16116.0,42967.0
2025-07-19_02:21:32,9890.0,11940.0,43695.0,14144.0,16116.0,42967.0
2025-07-19_02:21:32,10036.0,11940.0,43695.0,14169.0,16116.0,42967.0
2025-07-19_02:21:32,10080.0,11940.0,43695.0,13941.0,16116.0,42967.0
2025-07-19_02:21:33,,,,,,
2025-07-19_02:21:36,6967.0,11940.0,43695.0,3793.0,16116.0,42967.0
2025-07-19_02:21:37,9255.0,11940.0,43695.0,13938.0,16116.0,42967.0
2025-07-19_02:21:37,9913.0,11940.0,43695.0,13721.0,16116.0,42967.0
2025-07-19_02:21:37,,,,,,
2025-07-19_02:21:42,2778.0,11940.0,43695.0,3776.0,16116.0,42967.0
2025-07-19_02:21:42,,,,13972.0,16116.0,42967.0
2025-07-19_02:21:45,,,,,,
2025-07-19_02:21:49,6964.0,11940.0,43695.0,3792.0,16116.0,42967.0
2025-07-19_02:21:49,,,,,,
2025-07-19_02:21:53,6963.0,11940.0,43695.0,3793.0,16116.0,42967.0
2025-07-19_02:21:53,8658.0,11940.0,43695.0,14068.0,16116.0,42967.0
2025-07-19_02:21:54,8546.0,11940.0,43695.0,13598.0,16116.0,42967.0
2025-07-19_02:21:54,8978.0,11940.0,43695.0,14121.0,16116.0,42967.0
2025-07-19_02:21:54,9142.0,11940.0,43695.0,14037.0,16116.0,42967.0
2025-07-19_02:21:54,9767.0,11940.0,43695.0,14104.0,16116.0,42967.0
2025-07-19_02:21:55,10497.0,11940.0,43695.0,14452.0,16116.0,42967.0
2025-07-19_02:21:55,10017.0,11940.0,43695.0,14338.0,16116.0,42967.0
2025-07-19_02:21:55,,,,,,
2025-07-19_02:21:59,6964.0,11940.0,43695.0,3793.0,16116.0,42967.0
2025-07-19_02:21:59,,,,14235.0,16116.0,42967.0
2025-07-19_02:22:03,3358.0,11940.0,43695.0,12183.0,16116.0,42967.0
2025-07-19_02:22:03,,,,14116.0,16116.0,42967.0
2025-07-19_02:22:07,3319.0,11940.0,43695.0,12183.0,16116.0,42967.0
2025-07-19_02:22:07,,,,13041.0,16116.0,42967.0
2025-07-19_02:22:11,2778.0,11940.0,43695.0,12183.0,16116.0,42967.0
2025-07-19_02:22:11,8535.0,11940.0,43695.0,13735.0,16116.0,42967.0
2025-07-19_02:22:11,,,,14508.0,16116.0,42967.0
2025-07-19_02:22:15,3375.0,11940.0,43695.0,12183.0,16116.0,42967.0
2025-07-19_02:22:15,9778.0,11940.0,43695.0,14104.0,16116.0,42967.0
2025-07-19_02:22:15,10264.0,11940.0,43696.0,14366.0,16116.0,42969.0
2025-07-19_02:22:16,10199.0,11940.0,43696.0,14134.0,16116.0,42969.0
2025-07-19_02:22:16,8758.0,11940.0,43696.0,14178.0,16116.0,42969.0
2025-07-19_02:22:16,,,,,,
2025-07-19_02:22:20,6977.0,11940.0,43696.0,3792.0,16116.0,42969.0
2025-07-19_02:22:20,,,,,,
2025-07-19_02:22:24,6968.0,11940.0,43696.0,3793.0,16116.0,42969.0
2025-07-19_02:22:24,10201.0,11940.0,43696.0,14323.0,16116.0,42969.0
2025-07-19_02:22:24,,,,14433.0,16116.0,42969.0
2025-07-19_02:22:28,2780.0,11940.0,43696.0,12190.0,16116.0,42969.0
2025-07-19_02:22:28,,,,14178.0,16116.0,42969.0
2025-07-19_02:22:32,2778.0,11940.0,43696.0,12170.0,16116.0,42969.0
2025-07-19_02:22:32,,,,14346.0,16116.0,42969.0
2025-07-19_02:22:36,3358.0,11940.0,43696.0,12191.0,16116.0,42969.0
2025-07-19_02:22:36,10118.0,11940.0,43696.0,14321.0,16116.0,42969.0
2025-07-19_02:22:37,9960.0,11940.0,43696.0,13974.0,16116.0,42969.0
2025-07-19_02:22:37,9204.0,11940.0,43696.0,13806.0,16116.0,42969.0
2025-07-19_02:22:37,9875.0,11940.0,43696.0,14170.0,16116.0,42969.0
2025-07-19_02:22:37,,,,,,
2025-07-19_02:22:41,6959.0,11940.0,43696.0,3793.0,16116.0,42969.0
2025-07-19_02:22:41,9895.0,11940.0,43696.0,14433.0,16116.0,42969.0
2025-07-19_02:22:41,9717.0,11940.0,43696.0,14154.0,16116.0,42970.0
2025-07-19_02:22:42,,,,,,
2025-07-19_02:22:45,6971.0,11940.0,43696.0,3793.0,16116.0,42970.0
2025-07-19_02:22:46,,,,,,
2025-07-19_02:22:50,3356.0,11940.0,43696.0,4595.0,16116.0,42970.0
2025-07-19_02:22:50,10011.0,11940.0,43696.0,14182.0,16116.0,42970.0
2025-07-19_02:22:50,9888.0,11940.0,43696.0,14235.0,16116.0,42970.0
2025-07-19_02:22:51,,,,13930.0,16116.0,42970.0
2025-07-19_02:22:54,3319.0,11940.0,43696.0,12199.0,16116.0,42970.0
2025-07-19_02:22:55,,,,14077.0,16116.0,42970.0
2025-07-19_02:22:58,2778.0,11940.0,43696.0,12181.0,16116.0,42970.0
2025-07-19_02:22:59,9741.0,11940.0,43696.0,14193.0,16116.0,42970.0
2025-07-19_02:22:59,9511.0,11940.0,43696.0,14110.0,16116.0,42970.0
2025-07-19_02:22:59,,,,12055.0,16116.0,42970.0
2025-07-19_02:23:03,2778.0,11940.0,43696.0,12192.0,16116.0,42970.0
2025-07-19_02:23:03,10083.0,11940.0,43696.0,14254.0,16116.0,42970.0
2025-07-19_02:23:03,,,,,,
2025-07-19_02:23:07,,,,3776.0,16116.0,42970.0
2025-07-19_02:23:11,2778.0,11940.0,43696.0,12186.0,16116.0,42970.0
2025-07-19_02:23:11,10260.0,11940.0,43696.0,14367.0,16116.0,42970.0
2025-07-19_02:23:11,10235.0,11940.0,43696.0,13889.0,16116.0,42970.0
2025-07-19_02:23:12,9247.0,11940.0,43696.0,13928.0,16116.0,42970.0
2025-07-19_02:23:12,10469.0,11940.0,43696.0,14673.0,16116.0,42970.0
2025-07-19_02:23:12,10303.0,11940.0,43696.0,14506.0,16116.0,42970.0
2025-07-19_02:23:12,,,,13923.0,16116.0,42970.0
2025-07-19_02:23:16,3321.0,11940.0,43696.0,12185.0,16116.0,42970.0
2025-07-19_02:23:16,8579.0,11940.0,43696.0,14124.0,16116.0,43001.0
2025-07-19_02:23:16,10095.0,11940.0,43696.0,14554.0,16116.0,43001.0
2025-07-19_02:23:17,9064.0,11940.0,43696.0,14113.0,16116.0,43001.0
2025-07-19_02:23:17,10094.0,11940.0,43696.0,14359.0,16116.0,43001.0
2025-07-19_02:23:17,8576.0,11940.0,43696.0,13741.0,16116.0,43001.0
2025-07-19_02:23:17,9758.0,11940.0,43696.0,14021.0,16116.0,43001.0
2025-07-19_02:23:18,10109.0,11940.0,43696.0,14618.0,16116.0,43001.0
2025-07-19_02:23:18,9904.0,11940.0,43696.0,14184.0,16116.0,43001.0
2025-07-19_02:23:18,,,,13931.0,16116.0,43001.0
2025-07-19_02:23:22,3302.0,11940.0,43696.0,12192.0,16116.0,43001.0
2025-07-19_02:23:22,,,,,,
2025-07-19_02:23:26,6966.0,11940.0,43696.0,3792.0,16116.0,43001.0
2025-07-19_02:23:26,9715.0,11940.0,43696.0,14210.0,16116.0,43001.0
2025-07-19_02:23:26,10237.0,11940.0,43696.0,14077.0,16116.0,43001.0
2025-07-19_02:23:26,,,,14199.0,16116.0,43001.0
2025-07-19_02:23:30,2778.0,11940.0,43696.0,12185.0,16116.0,43001.0
2025-07-19_02:23:30,9668.0,11940.0,43696.0,14112.0,16116.0,43001.0
2025-07-19_02:23:31,10388.0,11940.0,43700.0,14183.0,16116.0,43001.0
2025-07-19_02:23:31,10053.0,11940.0,43700.0,14524.0,16116.0,43001.0
2025-07-19_02:23:31,8608.0,11940.0,43700.0,13929.0,16116.0,43001.0
2025-07-19_02:23:31,9847.0,11940.0,43700.0,14289.0,16116.0,43001.0
2025-07-19_02:23:31,,,,,,
2025-07-19_02:23:36,2778.0,11940.0,43700.0,3776.0,16116.0,43001.0
2025-07-19_02:23:37,6964.0,11940.0,43700.0,3804.0,16116.0,43001.0
2025-07-19_02:23:37,10434.0,11940.0,43700.0,14510.0,16116.0,43001.0
2025-07-19_02:23:37,9943.0,11940.0,43700.0,14332.0,16116.0,43001.0
2025-07-19_02:23:37,10043.0,11940.0,43700.0,14366.0,16116.0,43001.0
2025-07-19_02:23:38,,,,14413.0,16116.0,43001.0
2025-07-19_02:23:41,3375.0,11940.0,43700.0,12143.0,16116.0,43001.0
2025-07-19_02:23:41,,,,14081.0,16116.0,43001.0
2025-07-19_02:23:45,2778.0,11940.0,43700.0,12185.0,16116.0,43001.0
2025-07-19_02:23:46,10070.0,11940.0,43700.0,14329.0,16116.0,43001.0
2025-07-19_02:23:46,10031.0,11940.0,43701.0,14426.0,16116.0,43001.0
2025-07-19_02:23:46,10183.0,11940.0,43701.0,14183.0,16116.0,43001.0
2025-07-19_02:23:46,,,,14033.0,16116.0,43001.0
2025-07-19_02:23:50,3319.0,11940.0,43701.0,12151.0,16116.0,43001.0
2025-07-19_02:23:50,9708.0,11940.0,43701.0,14076.0,16116.0,43001.0
2025-07-19_02:23:50,10468.0,11940.0,43701.0,14503.0,16116.0,43001.0
2025-07-19_02:23:51,10225.0,11940.0,43701.0,14397.0,16116.0,43004.0
2025-07-19_02:23:51,,,,14181.0,16116.0,43004.0
2025-07-19_02:23:55,3360.0,11940.0,43701.0,12185.0,16116.0,43004.0
2025-07-19_02:23:55,9709.0,11940.0,43701.0,14109.0,16116.0,43004.0
2025-07-19_02:23:55,10069.0,11940.0,43701.0,14498.0,16116.0,43004.0
2025-07-19_02:23:55,10093.0,11940.0,43701.0,14380.0,16116.0,43004.0
2025-07-19_02:23:55,8581.0,11940.0,43701.0,14125.0,16116.0,43004.0
2025-07-19_02:23:56,2778.0,11940.0,43701.0,12169.0,16116.0,43004.0
2025-07-19_02:23:57,10274.0,11940.0,43701.0,14492.0,16116.0,43008.0
2025-07-19_02:23:57,9772.0,11940.0,43701.0,14001.0,16116.0,43008.0
2025-07-19_02:23:57,,,,14152.0,16116.0,43008.0
2025-07-19_02:24:01,3377.0,11940.0,43701.0,12199.0,16116.0,43008.0
2025-07-19_02:24:01,,,,,,
2025-07-19_02:24:05,6966.0,11940.0,43701.0,3795.0,16116.0,43008.0
2025-07-19_02:24:05,9888.0,11940.0,43701.0,14108.0,16116.0,43008.0
2025-07-19_02:24:05,10120.0,11940.0,43701.0,14541.0,16116.0,43008.0
2025-07-19_02:24:05,10341.0,11940.0,43701.0,14570.0,16116.0,43008.0
2025-07-19_02:24:06,10084.0,11940.0,43701.0,14327.0,16116.0,43008.0
2025-07-19_02:24:06,8548.0,11940.0,43701.0,13727.0,16116.0,43008.0
2025-07-19_02:24:06,,,,13941.0,16116.0,43008.0
2025-07-19_02:24:10,3319.0,11940.0,43701.0,12155.0,16116.0,43008.0
2025-07-19_02:24:10,9318.0,11940.0,43701.0,14162.0,16116.0,43008.0
2025-07-19_02:24:10,10601.0,11940.0,43701.0,14600.0,16116.0,43008.0
2025-07-19_02:24:10,10026.0,11940.0,43701.0,14102.0,16116.0,43008.0
2025-07-19_02:24:11,10154.0,11940.0,43701.0,14332.0,16116.0,43008.0
2025-07-19_02:24:11,,,,14124.0,16116.0,43008.0
2025-07-19_02:24:15,3358.0,11940.0,43701.0,12170.0,16116.0,43008.0
2025-07-19_02:24:15,9970.0,11940.0,43701.0,14334.0,16116.0,43008.0
2025-07-19_02:24:15,,,,14408.0,16116.0,43008.0
2025-07-19_02:24:19,3358.0,11940.0,43701.0,12186.0,16116.0,43008.0
2025-07-19_02:24:19,8570.0,11940.0,43701.0,14170.0,16116.0,43008.0
2025-07-19_02:24:19,9201.0,11940.0,43701.0,13792.0,16116.0,43008.0
2025-07-19_02:24:19,9741.0,11940.0,43701.0,14128.0,16116.0,43008.0
2025-07-19_02:24:20,,,,13983.0,16116.0,43008.0
2025-07-19_02:24:23,3317.0,11940.0,43701.0,12190.0,16116.0,43008.0
2025-07-19_02:24:23,,,,,,
2025-07-19_02:24:27,6967.0,11940.0,43701.0,3793.0,16116.0,43008.0
2025-07-19_02:24:27,10054.0,11940.0,43701.0,14122.0,16116.0,43008.0
2025-07-19_02:24:28,,,,14111.0,16116.0,43008.0
2025-07-19_02:24:31,3358.0,11940.0,43701.0,12192.0,16116.0,43008.0
2025-07-19_02:24:32,9806.0,11940.0,43701.0,14217.0,16116.0,43008.0
2025-07-19_02:24:32,,,,,,
2025-07-19_02:24:36,6969.0,11940.0,43701.0,3792.0,16116.0,43008.0
2025-07-19_02:24:36,10389.0,11940.0,43719.0,14345.0,16116.0,43008.0
2025-07-19_02:24:36,10430.0,11940.0,43719.0,14487.0,16116.0,43008.0
2025-07-19_02:24:36,10195.0,11940.0,43719.0,14575.0,16116.0,43008.0
2025-07-19_02:24:37,9895.0,11940.0,43719.0,14071.0,16116.0,43008.0
2025-07-19_02:24:37,10656.0,11940.0,43719.0,14948.0,16116.0,43008.0
2025-07-19_02:24:38,2778.0,11940.0,43719.0,12201.0,16116.0,43008.0
2025-07-19_02:24:38,9919.0,11940.0,43719.0,14353.0,16116.0,43008.0
2025-07-19_02:24:38,10132.0,11940.0,43719.0,14217.0,16116.0,43008.0
2025-07-19_02:24:38,9881.0,11940.0,43719.0,14001.0,16116.0,43008.0
2025-07-19_02:24:38,9869.0,11940.0,43719.0,14107.0,16116.0,43008.0
2025-07-19_02:24:39,9356.0,11940.0,43719.0,13966.0,16116.0,43008.0
2025-07-19_02:24:39,9861.0,11940.0,43719.0,14067.0,16116.0,43008.0
2025-07-19_02:24:39,10585.0,11940.0,43719.0,14442.0,16116.0,43008.0
2025-07-19_02:24:39,10202.0,11940.0,43719.0,14389.0,16116.0,43008.0
2025-07-19_02:24:40,9851.0,11940.0,43719.0,14005.0,16116.0,43008.0
2025-07-19_02:24:40,9930.0,11940.0,43719.0,14161.0,16116.0,43008.0
2025-07-19_02:24:40,10269.0,11940.0,43719.0,14343.0,16116.0,43008.0
2025-07-19_02:24:40,9814.0,11940.0,43719.0,14002.0,16116.0,43008.0
2025-07-19_02:24:41,10090.0,11940.0,43719.0,14317.0,16116.0,43008.0
2025-07-19_02:24:41,10074.0,11940.0,43719.0,14150.0,16116.0,43008.0
2025-07-19_02:24:42,,,,,,
2025-07-19_02:24:45,6967.0,11940.0,43719.0,3793.0,16116.0,43008.0
2025-07-19_02:24:46,9274.0,11940.0,43719.0,13980.0,16116.0,43008.0
2025-07-19_02:24:46,9973.0,11940.0,43719.0,14133.0,16116.0,43008.0
2025-07-19_02:24:46,9850.0,11940.0,43719.0,13884.0,16116.0,43008.0
2025-07-19_02:24:46,9973.0,11940.0,43719.0,14328.0,16116.0,43008.0
2025-07-19_02:24:47,9089.0,11940.0,43719.0,13975.0,16116.0,43008.0
2025-07-19_02:24:47,10674.0,11940.0,43719.0,15039.0,16116.0,43008.0
2025-07-19_02:24:47,10173.0,11940.0,43719.0,14040.0,16116.0,43008.0
2025-07-19_02:24:47,10229.0,11940.0,43719.0,14315.0,16116.0,43008.0
2025-07-19_02:24:47,9230.0,11940.0,43719.0,13938.0,16116.0,43008.0
2025-07-19_02:24:48,9906.0,11940.0,43719.0,13900.0,16116.0,43008.0
2025-07-19_02:24:48,,,,13936.0,16116.0,43008.0
2025-07-19_02:24:52,3319.0,11940.0,43719.0,12182.0,16116.0,43008.0
2025-07-19_02:24:52,10209.0,11940.0,43722.0,14427.0,16116.0,43008.0
2025-07-19_02:24:52,,,,,,
2025-07-19_02:24:56,6966.0,11940.0,43722.0,3792.0,16116.0,43008.0
2025-07-19_02:24:56,9827.0,11940.0,43722.0,14214.0,16116.0,43008.0
2025-07-19_02:24:56,9676.0,11940.0,43722.0,14163.0,16116.0,43008.0
2025-07-19_02:24:57,10300.0,11940.0,43722.0,14312.0,16116.0,43008.0
2025-07-19_02:24:57,10268.0,11940.0,43724.0,14440.0,16116.0,43009.0
2025-07-19_02:24:57,,,,,,
2025-07-19_02:25:01,6967.0,11940.0,43724.0,3793.0,16116.0,43009.0
2025-07-19_02:25:01,,,,13874.0,16116.0,43009.0
2025-07-19_02:25:05,3302.0,11940.0,43724.0,12165.0,16116.0,43009.0
2025-07-19_02:25:05,9395.0,11940.0,43724.0,14110.0,16116.0,43009.0
2025-07-19_02:25:05,,,,14096.0,16116.0,43009.0
2025-07-19_02:25:09,2778.0,11940.0,43724.0,12160.0,16116.0,43009.0
2025-07-19_02:25:09,9742.0,11940.0,43724.0,13858.0,16116.0,43009.0
2025-07-19_02:25:09,8643.0,11940.0,43724.0,14389.0,16116.0,43009.0
2025-07-19_02:25:10,9701.0,11940.0,43724.0,14137.0,16116.0,43009.0
2025-07-19_02:25:10,10239.0,11940.0,43724.0,14335.0,16116.0,43009.0
2025-07-19_02:25:10,9831.0,11940.0,43724.0,14087.0,16116.0,43009.0
2025-07-19_02:25:10,9467.0,11940.0,43724.0,14118.0,16116.0,43009.0
2025-07-19_02:25:11,9672.0,11940.0,43724.0,14136.0,16116.0,43009.0
2025-07-19_02:25:11,9484.0,11940.0,43724.0,13990.0,16116.0,43009.0
2025-07-19_02:25:11,10332.0,11940.0,43724.0,14411.0,16116.0,43009.0
2025-07-19_02:25:11,10016.0,11940.0,43724.0,14353.0,16116.0,43009.0
2025-07-19_02:25:11,10208.0,11940.0,43724.0,14550.0,16116.0,43009.0
2025-07-19_02:25:12,9632.0,11940.0,43724.0,14093.0,16116.0,43009.0
2025-07-19_02:25:12,10087.0,11940.0,43724.0,14491.0,16116.0,43009.0
2025-07-19_02:25:12,9630.0,11940.0,43724.0,14343.0,16116.0,43021.0
2025-07-19_02:25:12,,,,14497.0,16116.0,43021.0
2025-07-19_02:25:16,2778.0,11940.0,43724.0,12186.0,16116.0,43021.0
2025-07-19_02:25:16,,,,,,
2025-07-19_02:25:20,6967.0,11940.0,43724.0,3793.0,16116.0,43021.0
2025-07-19_02:25:20,8593.0,11940.0,43724.0,14391.0,16116.0,43021.0
2025-07-19_02:25:21,,,,,,
2025-07-19_02:25:24,6962.0,11940.0,43724.0,3793.0,16116.0,43021.0
2025-07-19_02:25:25,9836.0,11940.0,43724.0,13977.0,16116.0,43021.0
2025-07-19_02:25:25,8576.0,11940.0,43724.0,13941.0,16116.0,43021.0
2025-07-19_02:25:25,10085.0,11940.0,43724.0,14298.0,16116.0,43021.0
2025-07-19_02:25:25,10623.0,11940.0,43726.0,14695.0,16116.0,43021.0
2025-07-19_02:25:26,10204.0,11940.0,43726.0,14524.0,16116.0,43022.0
2025-07-19_02:25:26,10781.0,11940.0,43726.0,15040.0,16116.0,43022.0
2025-07-19_02:25:26,,,,,,
2025-07-19_02:25:30,6968.0,11940.0,43726.0,3793.0,16116.0,43022.0
2025-07-19_02:25:30,10168.0,11940.0,43726.0,14408.0,16116.0,43022.0
2025-07-19_02:25:30,10575.0,11940.0,43726.0,15050.0,16116.0,43022.0
2025-07-19_02:25:31,,,,,,
2025-07-19_02:25:34,6969.0,11940.0,43726.0,3792.0,16116.0,43022.0
2025-07-19_02:25:35,10691.0,11940.0,43726.0,14529.0,16116.0,43022.0
2025-07-19_02:25:35,10551.0,11940.0,43726.0,14496.0,16116.0,43022.0
2025-07-19_02:25:35,10538.0,11940.0,43726.0,14821.0,16116.0,43022.0
2025-07-19_02:25:35,10124.0,11940.0,43726.0,14161.0,16116.0,43022.0
2025-07-19_02:25:36,10149.0,11940.0,43726.0,14107.0,16116.0,43022.0
2025-07-19_02:25:36,,,,,,
2025-07-19_02:25:40,6970.0,11940.0,43726.0,3793.0,16116.0,43022.0
2025-07-19_02:25:40,9896.0,11940.0,43726.0,14144.0,16116.0,43022.0
2025-07-19_02:25:40,8570.0,11940.0,43726.0,13944.0,16116.0,43022.0
2025-07-19_02:25:40,10532.0,11940.0,43726.0,14523.0,16116.0,43022.0
2025-07-19_02:25:40,10195.0,11940.0,43726.0,14595.0,16116.0,43022.0
2025-07-19_02:25:41,10550.0,11940.0,43726.0,14347.0,16116.0,43022.0
2025-07-19_02:25:41,10236.0,11940.0,43726.0,14182.0,16116.0,43022.0
2025-07-19_02:25:41,10456.0,11940.0,43726.0,14344.0,16116.0,43022.0
2025-07-19_02:25:41,9650.0,11940.0,43726.0,14076.0,16116.0,43023.0
2025-07-19_02:25:42,9903.0,11940.0,43726.0,14111.0,16116.0,43023.0
2025-07-19_02:25:42,,,,14314.0,16116.0,43023.0
2025-07-19_02:25:46,3358.0,11940.0,43726.0,12192.0,16116.0,43023.0
2025-07-19_02:25:46,,,,13278.0,16116.0,43023.0
2025-07-19_02:25:50,2778.0,11940.0,43726.0,12190.0,16116.0,43023.0
2025-07-19_02:25:50,9268.0,11940.0,43726.0,13938.0,16116.0,43023.0
2025-07-19_02:25:50,,,,14354.0,16116.0,43023.0
2025-07-19_02:25:54,3373.0,11940.0,43726.0,12195.0,16116.0,43023.0
2025-07-19_02:25:54,9978.0,11940.0,43726.0,13985.0,16116.0,43023.0
2025-07-19_02:25:54,10616.0,11940.0,43772.0,14196.0,16116.0,43023.0
2025-07-19_02:25:54,,,,,,
2025-07-19_02:25:58,6964.0,11940.0,43772.0,3792.0,16116.0,43023.0
2025-07-19_02:25:58,,,,14034.0,16116.0,43023.0
2025-07-19_02:26:02,3375.0,11940.0,43772.0,12189.0,16116.0,43023.0
2025-07-19_02:26:02,10717.0,11940.0,43772.0,14436.0,16116.0,43023.0
2025-07-19_02:26:02,,,,,,
2025-07-19_02:26:06,6966.0,11940.0,43772.0,3786.0,16116.0,43023.0
2025-07-19_02:26:06,,,,13892.0,16116.0,43023.0
2025-07-19_02:26:10,2778.0,11940.0,43772.0,12185.0,16116.0,43023.0
2025-07-19_02:26:11,9638.0,11940.0,43772.0,14320.0,16116.0,43023.0
2025-07-19_02:26:11,10609.0,11940.0,43774.0,14772.0,16116.0,43023.0
2025-07-19_02:26:11,8536.0,11940.0,43774.0,13757.0,16116.0,43023.0
2025-07-19_02:26:11,,,,,,
2025-07-19_02:26:15,6957.0,11940.0,43774.0,3793.0,16116.0,43023.0
2025-07-19_02:26:15,8531.0,11940.0,43774.0,13951.0,16116.0,43023.0
2025-07-19_02:26:15,9709.0,11940.0,43774.0,14094.0,16116.0,43023.0
2025-07-19_02:26:16,,,,,,
2025-07-19_02:26:19,6966.0,11940.0,43774.0,3792.0,16116.0,43023.0
2025-07-19_02:26:20,,,,,,
2025-07-19_02:26:23,6962.0,11940.0,43774.0,3793.0,16116.0,43023.0
2025-07-19_02:26:24,10188.0,11940.0,43774.0,14428.0,16116.0,43023.0
2025-07-19_02:26:24,,,,,,
2025-07-19_02:26:28,6966.0,11940.0,43774.0,3793.0,16116.0,43023.0
2025-07-19_02:26:28,9674.0,11940.0,43774.0,13973.0,16116.0,43023.0
2025-07-19_02:26:28,10598.0,11940.0,43774.0,14168.0,16116.0,43023.0
2025-07-19_02:26:29,2778.0,11940.0,43774.0,12187.0,16116.0,43023.0
2025-07-19_02:26:29,10053.0,11940.0,43774.0,14570.0,16116.0,43023.0
2025-07-19_02:26:29,9736.0,11940.0,43774.0,13906.0,16116.0,43023.0
2025-07-19_02:26:30,10311.0,11940.0,43774.0,14499.0,16116.0,43023.0
2025-07-19_02:26:30,,,,,,
2025-07-19_02:26:34,6961.0,11940.0,43774.0,3792.0,16116.0,43023.0
2025-07-19_02:26:34,9886.0,11940.0,43774.0,14144.0,16116.0,43023.0
2025-07-19_02:26:34,,,,14410.0,16116.0,43023.0
2025-07-19_02:26:38,3375.0,11940.0,43774.0,12154.0,16116.0,43023.0
2025-07-19_02:26:38,,,,,,
2025-07-19_02:26:42,6967.0,11940.0,43774.0,3793.0,16116.0,43023.0
2025-07-19_02:26:42,9730.0,11940.0,43774.0,14246.0,16116.0,43023.0
2025-07-19_02:26:42,8687.0,11940.0,43774.0,14217.0,16116.0,43023.0
2025-07-19_02:26:43,,,,14423.0,16116.0,43023.0
2025-07-19_02:26:46,3321.0,11940.0,43774.0,12187.0,16116.0,43023.0
2025-07-19_02:26:47,8558.0,11940.0,43774.0,13760.0,16116.0,43023.0
2025-07-19_02:26:47,8533.0,11940.0,43774.0,13913.0,16116.0,43023.0
2025-07-19_02:26:47,9196.0,11940.0,43774.0,13938.0,16116.0,43023.0
2025-07-19_02:26:47,10508.0,11940.0,43774.0,14500.0,16116.0,43023.0
2025-07-19_02:26:47,10503.0,11940.0,43774.0,14140.0,16116.0,43023.0
2025-07-19_02:26:48,9895.0,11940.0,43774.0,14402.0,16116.0,43023.0
2025-07-19_02:26:48,,,,12858.0,16116.0,43024.0
2025-07-19_02:26:52,2778.0,11940.0,43774.0,12200.0,16116.0,43024.0
2025-07-19_02:26:52,,,,14020.0,16116.0,43024.0
2025-07-19_02:26:56,3302.0,11940.0,43774.0,12194.0,16116.0,43024.0
2025-07-19_02:26:56,9813.0,11940.0,43774.0,14222.0,16116.0,43024.0
2025-07-19_02:26:56,9928.0,11940.0,43774.0,13906.0,16116.0,43024.0
2025-07-19_02:26:56,9678.0,11940.0,43774.0,14075.0,16116.0,43024.0
2025-07-19_02:26:57,,,,,,
2025-07-19_02:27:00,6963.0,11940.0,43774.0,3793.0,16116.0,43024.0
2025-07-19_02:27:01,10598.0,11940.0,43774.0,14534.0,16116.0,43024.0
2025-07-19_02:27:01,,,,14151.0,16132.0,43263.0
2025-07-19_02:27:05,2778.0,11940.0,43774.0,3776.0,16132.0,43263.0
2025-07-19_02:27:06,8358.0,11940.0,43774.0,13937.0,16132.0,43263.0
2025-07-19_02:27:06,10264.0,11940.0,43774.0,14390.0,16132.0,43263.0
2025-07-19_02:27:06,9999.0,11940.0,43774.0,14072.0,16132.0,43263.0
2025-07-19_02:27:06,10594.0,11940.0,43774.0,14525.0,16132.0,43263.0
2025-07-19_02:27:06,8345.0,11940.0,43774.0,13933.0,16132.0,43263.0
2025-07-19_02:27:07,10208.0,11940.0,43774.0,14322.0,16132.0,43263.0
2025-07-19_02:27:07,10304.0,11940.0,43774.0,14631.0,16132.0,43263.0
2025-07-19_02:27:08,2778.0,11940.0,43774.0,12186.0,16132.0,43263.0
2025-07-19_02:27:08,,,,,,
2025-07-19_02:27:12,6960.0,11940.0,43774.0,3792.0,16132.0,43263.0
2025-07-19_02:27:12,,,,14403.0,16132.0,43263.0
2025-07-19_02:27:16,3375.0,11940.0,43774.0,12172.0,16132.0,43263.0
2025-07-19_02:27:16,10527.0,11940.0,43774.0,14490.0,16132.0,43263.0
2025-07-19_02:27:16,10404.0,11940.0,43774.0,14451.0,16132.0,43263.0
2025-07-19_02:27:16,10039.0,11940.0,43775.0,14539.0,16132.0,43263.0
2025-07-19_02:27:17,9845.0,11940.0,43775.0,14032.0,16132.0,43263.0
2025-07-19_02:27:17,10400.0,11940.0,43775.0,14398.0,16132.0,43263.0
2025-07-19_02:27:17,9713.0,11940.0,43775.0,14149.0,16132.0,43263.0
2025-07-19_02:27:17,8339.0,11940.0,43775.0,13906.0,16132.0,43263.0
2025-07-19_02:27:17,9862.0,11940.0,43775.0,14240.0,16132.0,43263.0
2025-07-19_02:27:18,8555.0,11940.0,43775.0,13926.0,16132.0,43263.0
2025-07-19_02:27:18,,,,,,
2025-07-19_02:27:22,6971.0,11940.0,43775.0,3792.0,16132.0,43263.0
2025-07-19_02:27:22,8585.0,11940.0,43775.0,13940.0,16132.0,43263.0
2025-07-19_02:27:22,10022.0,11940.0,43775.0,13813.0,16132.0,43263.0
2025-07-19_02:27:22,8731.0,11940.0,43775.0,14216.0,16132.0,43263.0
2025-07-19_02:27:23,,,,,,
2025-07-19_02:27:27,6964.0,11940.0,43775.0,3792.0,16132.0,43263.0
2025-07-19_02:27:27,,,,14634.0,16132.0,43263.0
2025-07-19_02:27:30,3375.0,11940.0,43775.0,12199.0,16132.0,43263.0
2025-07-19_02:27:31,8616.0,11940.0,43775.0,13965.0,16132.0,43263.0
2025-07-19_02:27:31,,,,,,
2025-07-19_02:27:35,6967.0,11940.0,43775.0,3792.0,16132.0,43263.0
2025-07-19_02:27:35,10184.0,11940.0,43775.0,14552.0,16132.0,43263.0
2025-07-19_02:27:35,9026.0,11940.0,43775.0,13877.0,16132.0,43263.0
2025-07-19_02:27:35,10033.0,11940.0,43775.0,14310.0,16132.0,43263.0
2025-07-19_02:27:36,10077.0,11940.0,43775.0,14508.0,16132.0,43263.0
2025-07-19_02:27:36,,,,14237.0,16132.0,43263.0
2025-07-19_02:27:39,3375.0,11940.0,43775.0,12142.0,16132.0,43263.0
2025-07-19_02:27:40,,,,,,
2025-07-19_02:27:43,6963.0,11940.0,43775.0,3792.0,16132.0,43263.0
2025-07-19_02:27:44,,,,13931.0,16132.0,43263.0
2025-07-19_02:27:47,3375.0,11940.0,43775.0,12191.0,16132.0,43263.0
2025-07-19_02:27:48,10097.0,11940.0,43775.0,14400.0,16132.0,43264.0
2025-07-19_02:27:48,9299.0,11940.0,43775.0,14186.0,16132.0,43264.0
2025-07-19_02:27:48,10306.0,11940.0,43775.0,14477.0,16132.0,43264.0
2025-07-19_02:27:48,9696.0,11940.0,43775.0,14149.0,16132.0,43264.0
2025-07-19_02:27:48,10183.0,11940.0,43775.0,14030.0,16132.0,43264.0
2025-07-19_02:27:49,9899.0,11940.0,43775.0,14157.0,16132.0,43264.0
2025-07-19_02:27:49,9880.0,11940.0,43775.0,14363.0,16132.0,43264.0
2025-07-19_02:27:49,9861.0,11940.0,43775.0,14184.0,16132.0,43264.0
2025-07-19_02:27:49,10040.0,11940.0,43787.0,14168.0,16132.0,43264.0
2025-07-19_02:27:50,10221.0,11940.0,43787.0,13954.0,16132.0,43264.0
2025-07-19_02:27:50,10227.0,11940.0,43787.0,14421.0,16132.0,43264.0
2025-07-19_02:27:50,10627.0,11940.0,43787.0,14546.0,16132.0,43264.0
2025-07-19_02:27:50,9114.0,11940.0,43787.0,13938.0,16132.0,43264.0
2025-07-19_02:27:51,,,,,,
2025-07-19_02:27:54,6965.0,11940.0,43787.0,3793.0,16132.0,43264.0
2025-07-19_02:27:55,8668.0,11940.0,43787.0,14220.0,16132.0,43264.0
2025-07-19_02:27:59,2778.0,11940.0,43787.0,12163.0,16132.0,43264.0
2025-07-19_02:27:59,10294.0,11940.0,43787.0,14517.0,16132.0,43264.0
2025-07-19_02:27:59,10384.0,11940.0,43787.0,14484.0,16132.0,43264.0
2025-07-19_02:27:59,10463.0,11940.0,43787.0,14149.0,16132.0,43264.0
2025-07-19_02:27:59,,,,13068.0,16132.0,43264.0
2025-07-19_02:28:03,2778.0,11940.0,43787.0,12187.0,16132.0,43264.0
2025-07-19_02:28:03,,,,,,
2025-07-19_02:28:07,6964.0,11940.0,43787.0,3786.0,16132.0,43264.0
2025-07-19_02:28:07,8800.0,11940.0,43787.0,14218.0,16132.0,43264.0
2025-07-19_02:28:08,10165.0,11940.0,43787.0,14081.0,16132.0,43264.0
2025-07-19_02:28:08,,,,13289.0,16132.0,43264.0
2025-07-19_02:28:12,,,,,,
2025-07-19_02:28:15,6969.0,11940.0,43787.0,3792.0,16132.0,43264.0
2025-07-19_02:28:16,,,,13981.0,16132.0,43264.0
2025-07-19_02:28:19,3302.0,11940.0,43787.0,12190.0,16132.0,43264.0
2025-07-19_02:28:20,9852.0,11940.0,43787.0,14033.0,16132.0,43264.0
2025-07-19_02:28:20,,,,,,
2025-07-19_02:28:24,6968.0,11940.0,43787.0,3792.0,16132.0,43264.0
2025-07-19_02:28:24,,,,14324.0,16132.0,43264.0
2025-07-19_02:28:28,3358.0,11940.0,43787.0,12165.0,16132.0,43264.0
2025-07-19_02:28:28,,,,14308.0,16132.0,43264.0
2025-07-19_02:28:31,3375.0,11940.0,43787.0,12168.0,16132.0,43264.0
2025-07-19_02:28:32,9217.0,11940.0,43787.0,13947.0,16132.0,43264.0
2025-07-19_02:28:32,10615.0,11940.0,43787.0,14492.0,16132.0,43264.0
2025-07-19_02:28:32,9887.0,11940.0,43787.0,14016.0,16132.0,43264.0
2025-07-19_02:28:32,,,,14517.0,16132.0,43264.0
2025-07-19_02:28:36,3360.0,11940.0,43787.0,12171.0,16132.0,43264.0
2025-07-19_02:28:36,,,,13798.0,16132.0,43264.0
2025-07-19_02:28:40,3321.0,11940.0,43787.0,12168.0,16132.0,43264.0
2025-07-19_02:28:40,8565.0,11940.0,43787.0,14223.0,16132.0,43264.0
2025-07-19_02:28:40,9688.0,11940.0,43787.0,13980.0,16132.0,43264.0
2025-07-19_02:28:41,9808.0,11940.0,43787.0,14361.0,16132.0,43264.0
2025-07-19_02:28:41,10018.0,11940.0,43787.0,14149.0,16132.0,43264.0
2025-07-19_02:28:41,9110.0,11940.0,43787.0,14226.0,16132.0,43264.0
2025-07-19_02:28:41,,,,14090.0,16132.0,43264.0
2025-07-19_02:28:45,3375.0,11940.0,43787.0,12181.0,16132.0,43264.0
2025-07-19_02:28:45,10194.0,11940.0,43787.0,14710.0,16132.0,43264.0
2025-07-19_02:28:45,8535.0,11940.0,43787.0,13925.0,16132.0,43264.0
2025-07-19_02:28:46,9683.0,11940.0,43787.0,13977.0,16132.0,43264.0
2025-07-19_02:28:46,9640.0,11940.0,43787.0,14296.0,16132.0,43264.0
2025-07-19_02:28:46,10115.0,11940.0,43787.0,14368.0,16132.0,43264.0
2025-07-19_02:28:46,8582.0,11940.0,43787.0,13968.0,16132.0,43264.0
2025-07-19_02:28:47,,,,14419.0,16132.0,43264.0
2025-07-19_02:28:50,3358.0,11940.0,43787.0,12191.0,16132.0,43264.0
2025-07-19_02:28:50,9895.0,11940.0,43787.0,14098.0,16132.0,43264.0
2025-07-19_02:28:51,9930.0,11940.0,43787.0,14113.0,16132.0,43264.0
2025-07-19_02:28:51,9778.0,11940.0,43787.0,14137.0,16132.0,43264.0
2025-07-19_02:28:51,9894.0,11940.0,43787.0,14057.0,16132.0,43264.0
2025-07-19_02:28:51,10000.0,11940.0,43787.0,14100.0,16132.0,43264.0
2025-07-19_02:28:52,9676.0,11940.0,43787.0,14346.0,16132.0,43264.0
2025-07-19_02:28:52,,,,,,
2025-07-19_02:28:56,6963.0,11940.0,43787.0,3795.0,16132.0,43264.0
2025-07-19_02:28:56,10152.0,11940.0,43787.0,14430.0,16132.0,43264.0
2025-07-19_02:28:56,10148.0,11940.0,43787.0,14502.0,16132.0,43264.0
2025-07-19_02:28:56,11026.0,11940.0,43787.0,15153.0,16132.0,43264.0
2025-07-19_02:28:57,10246.0,11940.0,43787.0,14123.0,16132.0,43264.0
2025-07-19_02:28:57,9501.0,11940.0,43787.0,14182.0,16132.0,43264.0
2025-07-19_02:28:57,10285.0,11940.0,43788.0,14327.0,16132.0,43264.0
2025-07-19_02:28:57,10082.0,11940.0,43788.0,14551.0,16132.0,43264.0
2025-07-19_02:28:58,10643.0,11940.0,43788.0,14373.0,16132.0,43264.0
2025-07-19_02:28:58,9640.0,11940.0,43788.0,14109.0,16132.0,43264.0
2025-07-19_02:28:58,,,,,,
2025-07-19_02:29:02,6967.0,11940.0,43788.0,3792.0,16132.0,43264.0
2025-07-19_02:29:02,9863.0,11940.0,43788.0,13856.0,16132.0,43264.0
2025-07-19_02:29:02,,,,,,
2025-07-19_02:29:06,6964.0,11940.0,43788.0,3792.0,16132.0,43264.0
2025-07-19_02:29:06,9222.0,11940.0,43788.0,13918.0,16132.0,43264.0
2025-07-19_02:29:06,,,,14673.0,16132.0,43264.0
2025-07-19_02:29:10,3360.0,11940.0,43788.0,12190.0,16132.0,43264.0
2025-07-19_02:29:10,9947.0,11940.0,43788.0,14086.0,16132.0,43264.0
2025-07-19_02:29:11,,,,14039.0,16132.0,43264.0
2025-07-19_02:29:14,3375.0,11940.0,43788.0,12196.0,16132.0,43264.0
2025-07-19_02:29:14,9272.0,11940.0,43788.0,14090.0,16132.0,43264.0
2025-07-19_02:29:15,10546.0,11940.0,43788.0,14747.0,16132.0,43264.0
2025-07-19_02:29:15,,,,,,
2025-07-19_02:29:19,6965.0,11940.0,43788.0,3786.0,16132.0,43264.0
2025-07-19_02:29:19,10191.0,11940.0,43788.0,14154.0,16132.0,43264.0
2025-07-19_02:29:19,9217.0,11940.0,43788.0,14114.0,16132.0,43264.0
2025-07-19_02:29:19,,,,13784.0,16132.0,43264.0
2025-07-19_02:29:23,2778.0,11940.0,43788.0,12198.0,16132.0,43264.0
2025-07-19_02:29:23,,,,14020.0,16132.0,43264.0
2025-07-19_02:29:27,3375.0,11940.0,43788.0,12190.0,16132.0,43264.0
2025-07-19_02:29:27,9672.0,11940.0,43788.0,13984.0,16132.0,43264.0
2025-07-19_02:29:27,10378.0,11940.0,43788.0,14418.0,16132.0,43264.0
2025-07-19_02:29:28,,,,,,
2025-07-19_02:29:32,6963.0,11940.0,43788.0,3792.0,16132.0,43264.0
2025-07-19_02:29:32,10010.0,11940.0,43788.0,13984.0,16132.0,43264.0
2025-07-19_02:29:32,9972.0,11940.0,43788.0,13974.0,16132.0,43264.0
2025-07-19_02:29:32,10155.0,11940.0,43788.0,13931.0,16132.0,43264.0
2025-07-19_02:29:32,9590.0,11940.0,43788.0,13955.0,16132.0,43264.0
2025-07-19_02:29:33,10393.0,11940.0,43788.0,14330.0,16132.0,43264.0
2025-07-19_02:29:33,,,,13987.0,16132.0,43264.0
2025-07-19_02:29:37,3302.0,11940.0,43788.0,12187.0,16132.0,43264.0
2025-07-19_02:29:37,10732.0,11940.0,43788.0,14517.0,16132.0,43264.0
2025-07-19_02:29:37,8568.0,11940.0,43788.0,13763.0,16132.0,43264.0
2025-07-19_02:29:37,9727.0,11940.0,43788.0,14071.0,16132.0,43264.0
2025-07-19_02:29:37,,,,14167.0,16132.0,43264.0
2025-07-19_02:29:41,3319.0,11940.0,43788.0,12190.0,16132.0,43264.0
2025-07-19_02:29:41,8586.0,11940.0,43788.0,13971.0,16132.0,43264.0
2025-07-19_02:29:42,8708.0,11940.0,43788.0,13965.0,16132.0,43264.0
2025-07-19_02:29:42,8729.0,11940.0,43788.0,13974.0,16132.0,43264.0
2025-07-19_02:29:42,,,,14119.0,16132.0,43264.0
2025-07-19_02:29:46,3319.0,11940.0,43788.0,12161.0,16132.0,43264.0
2025-07-19_02:29:46,9985.0,11940.0,43788.0,14089.0,16132.0,43264.0
2025-07-19_02:29:46,,,,,,
2025-07-19_02:29:50,6966.0,11940.0,43788.0,3793.0,16132.0,43264.0
2025-07-19_02:29:50,9692.0,11940.0,43788.0,13930.0,16132.0,43264.0
2025-07-19_02:29:50,8571.0,11940.0,43788.0,13947.0,16132.0,43264.0
2025-07-19_02:29:51,8543.0,11940.0,43788.0,14139.0,16132.0,43264.0
2025-07-19_02:29:51,10232.0,11940.0,43788.0,14326.0,16132.0,43264.0
2025-07-19_02:29:51,9656.0,11940.0,43788.0,13949.0,16132.0,43264.0
2025-07-19_02:29:51,10539.0,11940.0,43788.0,14462.0,16132.0,43264.0
2025-07-19_02:29:51,9802.0,11940.0,43789.0,14324.0,16132.0,43264.0
2025-07-19_02:29:52,10194.0,11940.0,43789.0,14085.0,16132.0,43264.0
2025-07-19_02:29:52,10084.0,11940.0,43792.0,14390.0,16132.0,43264.0
2025-07-19_02:29:52,,,,13797.0,16132.0,43264.0
2025-07-19_02:29:56,3302.0,11940.0,43792.0,12162.0,16132.0,43264.0
2025-07-19_02:29:56,9717.0,11940.0,43792.0,13977.0,16132.0,43264.0
2025-07-19_02:29:56,10308.0,11940.0,43792.0,14134.0,16132.0,43264.0
2025-07-19_02:29:57,9021.0,11940.0,43792.0,13790.0,16132.0,43264.0
2025-07-19_02:29:57,10491.0,11940.0,43792.0,14520.0,16132.0,43264.0
2025-07-19_02:29:57,9679.0,11940.0,43809.0,14298.0,16132.0,43264.0
2025-07-19_02:29:57,10130.0,11940.0,43809.0,14370.0,16132.0,43264.0
2025-07-19_02:29:57,9816.0,11940.0,43809.0,14211.0,16132.0,43264.0
2025-07-19_02:29:58,9706.0,11940.0,43809.0,13920.0,16132.0,43264.0
2025-07-19_02:29:58,,,,,,
2025-07-19_02:30:02,6967.0,11940.0,43809.0,3794.0,16132.0,43264.0
2025-07-19_02:30:02,10532.0,11940.0,43809.0,14683.0,16132.0,43264.0
2025-07-19_02:30:02,9757.0,11940.0,43809.0,14162.0,16132.0,43264.0
2025-07-19_02:30:02,9467.0,11940.0,43810.0,14064.0,16132.0,43264.0
2025-07-19_02:30:03,9918.0,11940.0,43810.0,13940.0,16132.0,43264.0
2025-07-19_02:30:03,9928.0,11940.0,43810.0,14325.0,16132.0,43264.0
2025-07-19_02:30:03,10250.0,11940.0,43810.0,14518.0,16132.0,43264.0
2025-07-19_02:30:03,8698.0,11940.0,43810.0,14493.0,16132.0,43264.0
2025-07-19_02:30:03,10171.0,11940.0,43810.0,14494.0,16132.0,43264.0
2025-07-19_02:30:04,9943.0,11940.0,43810.0,14003.0,16132.0,43264.0
2025-07-19_02:30:04,8571.0,11940.0,43810.0,14218.0,16132.0,43264.0
2025-07-19_02:30:04,,,,14184.0,16132.0,43264.0
2025-07-19_02:30:08,2778.0,11940.0,43810.0,12194.0,16132.0,43264.0
2025-07-19_02:30:08,9997.0,11940.0,43810.0,14123.0,16132.0,43264.0
2025-07-19_02:30:08,10354.0,11940.0,43810.0,14605.0,16132.0,43264.0
2025-07-19_02:30:09,,,,,,
2025-07-19_02:30:12,6965.0,11940.0,43810.0,3795.0,16132.0,43264.0
2025-07-19_02:30:13,9929.0,11940.0,43810.0,14087.0,16132.0,43264.0
2025-07-19_02:30:13,9786.0,11940.0,43810.0,14141.0,16132.0,43264.0
2025-07-19_02:30:13,,,,,,
2025-07-19_02:30:18,2778.0,11940.0,43810.0,3776.0,16132.0,43264.0
2025-07-19_02:30:18,10160.0,11940.0,43810.0,14169.0,16132.0,43264.0
2025-07-19_02:30:18,10197.0,11940.0,43810.0,14329.0,16132.0,43264.0
2025-07-19_02:30:18,9862.0,11940.0,43810.0,14034.0,16132.0,43264.0
2025-07-19_02:30:18,,,,,,
2025-07-19_02:30:22,6955.0,11940.0,43810.0,3793.0,16132.0,43264.0
2025-07-19_02:30:22,,,,,,
2025-07-19_02:30:26,6969.0,11940.0,43810.0,3793.0,16132.0,43264.0
2025-07-19_02:30:26,10002.0,11940.0,43810.0,14126.0,16132.0,43264.0
2025-07-19_02:30:27,9534.0,11940.0,43810.0,14299.0,16132.0,43264.0
2025-07-19_02:30:27,10249.0,11940.0,43810.0,14326.0,16132.0,43264.0
2025-07-19_02:30:27,9671.0,11940.0,43810.0,14289.0,16132.0,43264.0
2025-07-19_02:30:27,9677.0,11940.0,43810.0,14175.0,16132.0,43264.0
2025-07-19_02:30:28,,,,,,
2025-07-19_02:30:31,6969.0,11940.0,43810.0,3792.0,16132.0,43264.0
2025-07-19_02:30:32,9668.0,11940.0,43810.0,14200.0,16132.0,43264.0
2025-07-19_02:30:32,,,,,,
2025-07-19_02:30:36,6965.0,11940.0,43810.0,3786.0,16132.0,43264.0
2025-07-19_02:30:36,,,,,,
2025-07-19_02:30:40,3356.0,11940.0,43810.0,4596.0,16132.0,43264.0
2025-07-19_02:30:40,,,,13936.0,16132.0,43264.0
2025-07-19_02:30:44,3302.0,11940.0,43810.0,12190.0,16132.0,43264.0
2025-07-19_02:30:44,9993.0,11940.0,43810.0,14400.0,16132.0,43264.0
2025-07-19_02:30:45,10305.0,11940.0,43810.0,14473.0,16132.0,43264.0
2025-07-19_02:30:45,,,,14038.0,16132.0,43264.0
2025-07-19_02:30:49,2778.0,11940.0,43810.0,12184.0,16132.0,43264.0
2025-07-19_02:30:49,8544.0,11940.0,43810.0,14123.0,16132.0,43264.0
2025-07-19_02:30:49,,,,,,
2025-07-19_02:30:53,6968.0,11940.0,43810.0,3793.0,16132.0,43264.0
2025-07-19_02:30:53,10479.0,11940.0,43810.0,14533.0,16132.0,43264.0
2025-07-19_02:30:53,,,,,,
2025-07-19_02:30:57,6965.0,11940.0,43810.0,3792.0,16132.0,43264.0
2025-07-19_02:30:57,,,,14510.0,16132.0,43264.0
2025-07-19_02:31:01,3375.0,11940.0,43810.0,12190.0,16132.0,43264.0
2025-07-19_02:31:01,10072.0,11940.0,43810.0,14318.0,16132.0,43264.0
2025-07-19_02:31:02,9685.0,11940.0,43810.0,14100.0,16132.0,43264.0
2025-07-19_02:31:02,9107.0,11940.0,43810.0,13937.0,16132.0,43264.0
2025-07-19_02:31:02,10082.0,11940.0,43810.0,14329.0,16132.0,43264.0
2025-07-19_02:31:02,9829.0,11940.0,43810.0,14042.0,16132.0,43264.0
2025-07-19_02:31:02,,,,14384.0,16132.0,43264.0
2025-07-19_02:31:06,3375.0,11940.0,43810.0,12186.0,16132.0,43264.0
2025-07-19_02:31:06,,,,14124.0,16132.0,43264.0
2025-07-19_02:31:10,3302.0,11940.0,43810.0,12186.0,16132.0,43264.0
2025-07-19_02:31:10,10305.0,11940.0,43810.0,14500.0,16132.0,43264.0
2025-07-19_02:31:11,9089.0,11940.0,43810.0,14107.0,16132.0,43264.0
2025-07-19_02:31:11,,,,,,
2025-07-19_02:31:15,6971.0,11940.0,43810.0,3792.0,16132.0,43264.0
2025-07-19_02:31:15,10222.0,11940.0,43810.0,14392.0,16132.0,43264.0
2025-07-19_02:31:15,9629.0,11940.0,43810.0,14217.0,16132.0,43264.0
2025-07-19_02:31:15,10005.0,11940.0,43810.0,14320.0,16132.0,43264.0
2025-07-19_02:31:16,9689.0,11940.0,43810.0,13928.0,16132.0,43264.0
2025-07-19_02:31:16,9050.0,11940.0,43810.0,14102.0,16132.0,43264.0
2025-07-19_02:31:16,9934.0,11940.0,43812.0,14346.0,16132.0,43264.0
2025-07-19_02:31:16,9669.0,11940.0,43812.0,13870.0,16132.0,43264.0
2025-07-19_02:31:16,10589.0,11940.0,43812.0,14493.0,16132.0,43264.0
2025-07-19_02:31:17,,,,14025.0,16132.0,43264.0
2025-07-19_02:31:20,3358.0,11940.0,43812.0,12190.0,16132.0,43264.0
2025-07-19_02:31:21,10450.0,11940.0,43812.0,14540.0,16132.0,43264.0
2025-07-19_02:31:21,9859.0,11940.0,43812.0,14415.0,16132.0,43264.0
2025-07-19_02:31:21,10677.0,11940.0,43836.0,14452.0,16132.0,43264.0
2025-07-19_02:31:21,9675.0,11940.0,43836.0,13986.0,16132.0,43264.0
2025-07-19_02:31:21,10310.0,11940.0,43836.0,14603.0,16132.0,43264.0
2025-07-19_02:31:22,9758.0,11940.0,43836.0,14278.0,16132.0,43264.0
2025-07-19_02:31:22,10455.0,11940.0,43836.0,14404.0,16132.0,43264.0
2025-07-19_02:31:22,9677.0,11940.0,43836.0,14209.0,16132.0,43264.0
2025-07-19_02:31:22,,,,14162.0,16132.0,43264.0
2025-07-19_02:31:26,3375.0,11940.0,43836.0,12189.0,16132.0,43264.0
2025-07-19_02:31:26,9865.0,11940.0,43836.0,14121.0,16132.0,43264.0
2025-07-19_02:31:26,,,,,,
2025-07-19_02:31:30,6963.0,11940.0,43836.0,3792.0,16132.0,43264.0
2025-07-19_02:31:30,10579.0,11940.0,43836.0,14505.0,16132.0,43264.0
2025-07-19_02:31:31,,,,14112.0,16132.0,43264.0
2025-07-19_02:31:34,3319.0,11940.0,43836.0,12189.0,16132.0,43264.0
2025-07-19_02:31:35,9937.0,11940.0,43836.0,14324.0,16132.0,43264.0
2025-07-19_02:31:35,,,,,,
2025-07-19_02:31:39,6965.0,11940.0,43836.0,3787.0,16132.0,43264.0
2025-07-19_02:31:39,,,,,,
2025-07-19_02:31:43,6967.0,11940.0,43836.0,3793.0,16132.0,43264.0
2025-07-19_02:31:43,9948.0,11940.0,43836.0,14180.0,16132.0,43264.0
2025-07-19_02:31:43,9332.0,11940.0,43836.0,14191.0,16132.0,43264.0
2025-07-19_02:31:43,,,,,,
2025-07-19_02:31:47,6963.0,11940.0,43836.0,3792.0,16132.0,43264.0
2025-07-19_02:31:47,9911.0,11940.0,43837.0,14077.0,16132.0,43264.0
2025-07-19_02:31:48,8650.0,11940.0,43837.0,14040.0,16132.0,43264.0
2025-07-19_02:31:48,9567.0,11940.0,43837.0,14187.0,16132.0,43264.0
2025-07-19_02:31:48,10351.0,11940.0,43839.0,14225.0,16132.0,43264.0
2025-07-19_02:31:48,,,,14129.0,16132.0,43264.0
2025-07-19_02:31:52,3358.0,11940.0,43839.0,12189.0,16132.0,43264.0
2025-07-19_02:31:52,10007.0,11940.0,43839.0,14283.0,16132.0,43264.0
2025-07-19_02:31:52,,,,13982.0,16132.0,43264.0
2025-07-19_02:31:56,3358.0,11940.0,43839.0,12183.0,16132.0,43264.0
2025-07-19_02:31:56,10224.0,11940.0,43839.0,14477.0,16132.0,43264.0
2025-07-19_02:31:56,8581.0,11940.0,43839.0,14014.0,16132.0,43264.0
2025-07-19_02:31:57,9856.0,11940.0,43839.0,14039.0,16132.0,43264.0
2025-07-19_02:31:57,9632.0,11940.0,43839.0,14104.0,16132.0,43264.0
2025-07-19_02:31:57,9679.0,11940.0,43839.0,14052.0,16132.0,43264.0
2025-07-19_02:31:57,9644.0,11940.0,43839.0,14067.0,16132.0,43264.0
2025-07-19_02:31:58,10095.0,11940.0,43839.0,14304.0,16132.0,43264.0
2025-07-19_02:31:58,9685.0,11940.0,43839.0,13741.0,16132.0,43264.0
2025-07-19_02:31:58,,,,,,
2025-07-19_02:32:03,2778.0,11940.0,43839.0,3776.0,16132.0,43264.0
2025-07-19_02:32:03,9229.0,11940.0,43839.0,14120.0,16132.0,43264.0
2025-07-19_02:32:03,8642.0,11940.0,43839.0,14179.0,16132.0,43264.0
2025-07-19_02:32:03,9633.0,11940.0,43839.0,14320.0,16132.0,43264.0
2025-07-19_02:32:03,9513.0,11940.0,43839.0,13970.0,16132.0,43264.0
2025-07-19_02:32:04,9758.0,11940.0,43839.0,14109.0,16132.0,43265.0
2025-07-19_02:32:04,10079.0,11940.0,43839.0,14442.0,16132.0,43265.0
2025-07-19_02:32:04,,,,14043.0,16132.0,43265.0
2025-07-19_02:32:08,3375.0,11940.0,43839.0,12185.0,16132.0,43265.0
2025-07-19_02:32:08,8566.0,11940.0,43839.0,13984.0,16132.0,43265.0
2025-07-19_02:32:08,9908.0,11940.0,43839.0,14103.0,16132.0,43265.0
2025-07-19_02:32:08,9647.0,11940.0,43839.0,14071.0,16132.0,43265.0
2025-07-19_02:32:09,10224.0,11940.0,43839.0,14317.0,16132.0,43265.0
2025-07-19_02:32:09,8338.0,11940.0,43839.0,13937.0,16132.0,43265.0
2025-07-19_02:32:09,10205.0,11940.0,43839.0,14580.0,16132.0,43265.0
2025-07-19_02:32:09,,,,13942.0,16132.0,43265.0
2025-07-19_02:32:13,3358.0,11940.0,43839.0,12194.0,16132.0,43265.0
2025-07-19_02:32:13,9711.0,11940.0,43839.0,13966.0,16132.0,43265.0
2025-07-19_02:32:13,9674.0,11940.0,43839.0,14158.0,16132.0,43265.0
2025-07-19_02:32:14,8573.0,11940.0,43839.0,13941.0,16132.0,43265.0
2025-07-19_02:32:14,9656.0,11940.0,43839.0,14288.0,16132.0,43265.0
2025-07-19_02:32:14,9680.0,11940.0,43839.0,14160.0,16132.0,43265.0
2025-07-19_02:32:14,9676.0,11940.0,43839.0,14182.0,16132.0,43265.0
2025-07-19_02:32:14,9687.0,11940.0,43839.0,13968.0,16132.0,43265.0
2025-07-19_02:32:15,9805.0,11940.0,43839.0,14024.0,16132.0,43265.0
2025-07-19_02:32:15,9262.0,11940.0,43839.0,14108.0,16132.0,43265.0
2025-07-19_02:32:15,10372.0,11940.0,43839.0,14599.0,16132.0,43265.0
2025-07-19_02:32:15,9647.0,11940.0,43839.0,14102.0,16132.0,43265.0
2025-07-19_02:32:16,8551.0,11940.0,43839.0,13940.0,16132.0,43265.0
2025-07-19_02:32:16,9640.0,11940.0,43839.0,14287.0,16132.0,43265.0
2025-07-19_02:32:16,10114.0,11940.0,43839.0,14266.0,16132.0,43265.0
2025-07-19_02:32:16,9668.0,11940.0,43839.0,14464.0,16132.0,43265.0
2025-07-19_02:32:17,,,,,,
2025-07-19_02:32:20,6958.0,11940.0,43839.0,3793.0,16132.0,43265.0
2025-07-19_02:32:21,,,,,,
2025-07-19_02:32:25,6968.0,11940.0,43839.0,3792.0,16132.0,43265.0
2025-07-19_02:32:25,8507.0,11940.0,43839.0,14010.0,16132.0,43265.0
2025-07-19_02:32:25,10091.0,11940.0,43839.0,14244.0,16132.0,43265.0
2025-07-19_02:32:25,10472.0,11940.0,43839.0,14371.0,16132.0,43265.0
2025-07-19_02:32:25,9621.0,11940.0,43839.0,14073.0,16132.0,43265.0
2025-07-19_02:32:26,,,,,,
2025-07-19_02:32:29,6963.0,11940.0,43839.0,3792.0,16132.0,43265.0
2025-07-19_02:32:30,9621.0,11940.0,43839.0,14288.0,16132.0,43265.0
2025-07-19_02:32:30,9279.0,11940.0,43839.0,14137.0,16132.0,43265.0
2025-07-19_02:32:30,,,,14141.0,16132.0,43265.0
2025-07-19_02:32:34,2778.0,11940.0,43839.0,12160.0,16132.0,43265.0
2025-07-19_02:32:34,9089.0,11940.0,43839.0,13935.0,16132.0,43265.0
2025-07-19_02:32:34,10317.0,11940.0,43839.0,14501.0,16132.0,43265.0
2025-07-19_02:32:35,,,,14173.0,16132.0,43265.0
2025-07-19_02:32:38,2778.0,11940.0,43839.0,12185.0,16132.0,43265.0
2025-07-19_02:32:39,10344.0,11940.0,43839.0,14171.0,16132.0,43265.0
2025-07-19_02:32:39,10054.0,11940.0,43839.0,14292.0,16132.0,43265.0
2025-07-19_02:32:39,10190.0,11940.0,43839.0,13844.0,16132.0,43265.0
2025-07-19_02:32:39,9895.0,11940.0,43839.0,14318.0,16132.0,43265.0
2025-07-19_02:32:40,9733.0,11940.0,43839.0,14069.0,16132.0,43265.0
2025-07-19_02:32:40,9254.0,11940.0,43839.0,14178.0,16132.0,43265.0
2025-07-19_02:32:40,9830.0,11940.0,43839.0,14133.0,16132.0,43265.0
2025-07-19_02:32:40,9882.0,11940.0,43839.0,14067.0,16132.0,43265.0
2025-07-19_02:32:40,10052.0,11940.0,43839.0,14110.0,16132.0,43265.0
2025-07-19_02:32:41,9281.0,11940.0,43839.0,14107.0,16132.0,43265.0
2025-07-19_02:32:41,9692.0,11940.0,43839.0,13984.0,16132.0,43265.0
2025-07-19_02:32:41,9680.0,11940.0,43839.0,14327.0,16132.0,43265.0
2025-07-19_02:32:41,9666.0,11940.0,43839.0,14180.0,16132.0,43265.0
2025-07-19_02:32:42,9597.0,11940.0,43839.0,14288.0,16132.0,43265.0
2025-07-19_02:32:42,9105.0,11940.0,43839.0,13874.0,16132.0,43265.0
2025-07-19_02:32:42,10675.0,11940.0,43839.0,14715.0,16132.0,43265.0
2025-07-19_02:32:42,8580.0,11940.0,43839.0,14058.0,16132.0,43265.0
2025-07-19_02:32:43,9989.0,11940.0,43839.0,14393.0,16132.0,43265.0
2025-07-19_02:32:43,9687.0,11940.0,43839.0,14182.0,16132.0,43265.0
2025-07-19_02:32:43,9837.0,11940.0,43839.0,14122.0,16132.0,43265.0
2025-07-19_02:32:43,9902.0,11940.0,43839.0,13950.0,16132.0,43265.0
2025-07-19_02:32:43,,,,14397.0,16132.0,43265.0
2025-07-19_02:32:47,2778.0,11940.0,43839.0,12195.0,16132.0,43265.0
2025-07-19_02:32:47,9691.0,11940.0,43839.0,13988.0,16132.0,43265.0
2025-07-19_02:32:48,8568.0,11940.0,43839.0,13927.0,16132.0,43265.0
2025-07-19_02:32:48,9902.0,11940.0,43839.0,14076.0,16132.0,43265.0
2025-07-19_02:32:48,10058.0,11940.0,43839.0,14355.0,16132.0,43265.0
2025-07-19_02:32:48,,,,13789.0,16132.0,43265.0
2025-07-19_02:32:52,,,,,,
2025-07-19_02:32:56,6966.0,11940.0,43839.0,3793.0,16132.0,43265.0
2025-07-19_02:32:56,9775.0,11940.0,43839.0,14007.0,16132.0,43265.0
2025-07-19_02:32:56,,,,13774.0,16132.0,43265.0
2025-07-19_02:33:00,3319.0,11940.0,43839.0,12160.0,16132.0,43265.0
2025-07-19_02:33:00,9895.0,11940.0,43839.0,14136.0,16132.0,43265.0
2025-07-19_02:33:00,9665.0,11940.0,43839.0,14169.0,16132.0,43265.0
2025-07-19_02:33:01,9633.0,11940.0,43839.0,14292.0,16132.0,43265.0
2025-07-19_02:33:01,9866.0,11940.0,43839.0,14245.0,16132.0,43265.0
2025-07-19_02:33:01,,,,,,
2025-07-19_02:33:05,6964.0,11940.0,43839.0,3786.0,16132.0,43265.0
2025-07-19_02:33:05,9645.0,11940.0,43839.0,14063.0,16132.0,43265.0
2025-07-19_02:33:05,9260.0,11940.0,43839.0,13927.0,16132.0,43265.0
2025-07-19_02:33:05,,,,14237.0,16132.0,43265.0
2025-07-19_02:33:09,3375.0,11940.0,43839.0,12192.0,16132.0,43265.0
2025-07-19_02:33:09,,,,14408.0,16132.0,43265.0
2025-07-19_02:33:13,3302.0,11940.0,43839.0,12191.0,16132.0,43265.0
2025-07-19_02:33:13,,,,14508.0,16132.0,43265.0
2025-07-19_02:33:17,3358.0,11940.0,43839.0,12162.0,16132.0,43265.0
2025-07-19_02:33:17,9864.0,11940.0,43839.0,14060.0,16132.0,43265.0
2025-07-19_02:33:17,9946.0,11940.0,43839.0,14184.0,16132.0,43265.0
2025-07-19_02:33:18,,,,14165.0,16132.0,43265.0
2025-07-19_02:33:21,3319.0,11940.0,43839.0,12196.0,16132.0,43265.0
2025-07-19_02:33:21,9737.0,11940.0,43839.0,13933.0,16132.0,43265.0
2025-07-19_02:33:22,,,,11882.0,16132.0,43265.0
2025-07-19_02:33:26,2778.0,11940.0,43839.0,12189.0,16132.0,43265.0
2025-07-19_02:33:26,,,,13786.0,16132.0,43265.0
2025-07-19_02:33:29,3375.0,11940.0,43839.0,12186.0,16132.0,43265.0
2025-07-19_02:33:30,9672.0,11940.0,43839.0,13963.0,16132.0,43265.0
2025-07-19_02:33:30,9632.0,11940.0,43839.0,13949.0,16132.0,43265.0
2025-07-19_02:33:30,9618.0,11940.0,43839.0,14220.0,16132.0,43265.0
2025-07-19_02:33:30,,,,14042.0,16132.0,43265.0
2025-07-19_02:33:34,3375.0,11940.0,43839.0,12170.0,16132.0,43265.0
2025-07-19_02:33:34,9276.0,11940.0,43839.0,13957.0,16132.0,43265.0
2025-07-19_02:33:34,10420.0,11940.0,43839.0,14603.0,16132.0,43265.0
2025-07-19_02:33:35,9988.0,11940.0,43839.0,14168.0,16132.0,43265.0
2025-07-19_02:33:35,10162.0,11940.0,43839.0,14168.0,16132.0,43265.0
2025-07-19_02:33:35,10195.0,11940.0,43839.0,14346.0,16132.0,43265.0
2025-07-19_02:33:35,,,,14501.0,16132.0,43265.0
2025-07-19_02:33:39,3375.0,11940.0,43839.0,12161.0,16132.0,43265.0
2025-07-19_02:33:39,9678.0,11940.0,43840.0,14315.0,16132.0,43265.0
2025-07-19_02:33:39,9683.0,11940.0,43840.0,13983.0,16132.0,43265.0
2025-07-19_02:33:40,10680.0,11940.0,43847.0,14242.0,16132.0,43268.0
2025-07-19_02:33:40,9184.0,11940.0,43847.0,14109.0,16132.0,43268.0
2025-07-19_02:33:40,9935.0,11940.0,43847.0,13962.0,16132.0,43268.0
2025-07-19_02:33:40,10146.0,11940.0,43847.0,14352.0,16132.0,43277.0
2025-07-19_02:33:41,10083.0,11940.0,43847.0,14495.0,16132.0,43277.0
2025-07-19_02:33:41,9635.0,11940.0,43847.0,14296.0,16132.0,43277.0
2025-07-19_02:33:41,9802.0,11940.0,43847.0,14352.0,16132.0,43277.0
2025-07-19_02:33:41,9668.0,11940.0,43847.0,14170.0,16132.0,43277.0
2025-07-19_02:33:42,8644.0,11940.0,43847.0,14223.0,16132.0,43277.0
2025-07-19_02:33:42,9981.0,11940.0,43847.0,13746.0,16132.0,43277.0
2025-07-19_02:33:42,10638.0,11940.0,43847.0,14258.0,16132.0,43278.0
2025-07-19_02:33:42,,,,14277.0,16132.0,43278.0
2025-07-19_02:33:46,2778.0,11940.0,43847.0,12190.0,16132.0,43278.0
2025-07-19_02:33:46,8619.0,11940.0,43847.0,13997.0,16132.0,43278.0
2025-07-19_02:33:46,8569.0,11940.0,43847.0,13938.0,16132.0,43278.0
2025-07-19_02:33:47,9665.0,11940.0,43847.0,14100.0,16132.0,43278.0
2025-07-19_02:33:47,10566.0,11940.0,43847.0,14791.0,16132.0,43278.0
2025-07-19_02:33:47,,,,13929.0,16132.0,43278.0
2025-07-19_02:33:51,3302.0,11940.0,43847.0,12190.0,16132.0,43278.0
2025-07-19_02:33:51,9810.0,11940.0,43847.0,14154.0,16132.0,43278.0
2025-07-19_02:33:51,10498.0,11940.0,43847.0,14885.0,16132.0,43278.0
2025-07-19_02:33:52,9825.0,11940.0,43847.0,14239.0,16132.0,43278.0
2025-07-19_02:33:52,,,,,,
2025-07-19_02:33:56,2778.0,11940.0,43847.0,3776.0,16132.0,43278.0
2025-07-19_02:33:56,,,,14325.0,16132.0,43278.0
2025-07-19_02:34:00,3358.0,11940.0,43847.0,12187.0,16132.0,43278.0
2025-07-19_02:34:00,9076.0,11940.0,43847.0,13971.0,16132.0,43278.0
2025-07-19_02:34:01,10649.0,11940.0,43847.0,14674.0,16132.0,43278.0
2025-07-19_02:34:01,9888.0,11940.0,43847.0,14106.0,16132.0,43278.0
2025-07-19_02:34:01,,,,,,
2025-07-19_02:34:05,6967.0,11940.0,43847.0,3787.0,16132.0,43278.0
2025-07-19_02:34:05,,,,,,
2025-07-19_02:34:09,6969.0,11940.0,43847.0,3787.0,16132.0,43278.0
2025-07-19_02:34:09,,,,,,
2025-07-19_02:34:13,6967.0,11940.0,43847.0,3792.0,16132.0,43278.0
2025-07-19_02:34:13,,,,,,
2025-07-19_02:34:17,6961.0,11940.0,43847.0,3792.0,16132.0,43278.0
2025-07-19_02:34:17,9891.0,11940.0,43847.0,14052.0,16132.0,43278.0
2025-07-19_02:34:17,10052.0,11940.0,43847.0,14544.0,16132.0,43278.0
2025-07-19_02:34:18,9533.0,11940.0,43847.0,14115.0,16132.0,43278.0
2025-07-19_02:34:18,9826.0,11940.0,43847.0,14033.0,16132.0,43278.0
2025-07-19_02:34:18,10029.0,11940.0,43847.0,14310.0,16132.0,43278.0
2025-07-19_02:34:18,9594.0,11940.0,43847.0,13993.0,16132.0,43278.0
2025-07-19_02:34:18,9456.0,11940.0,43847.0,14298.0,16132.0,43278.0
2025-07-19_02:34:19,,,,,,
2025-07-19_02:34:22,6970.0,11940.0,43847.0,3792.0,16132.0,43278.0
2025-07-19_02:34:23,,,,14126.0,16132.0,43278.0
2025-07-19_02:34:27,2778.0,11940.0,43847.0,12187.0,16132.0,43278.0
2025-07-19_02:34:27,9685.0,11940.0,43847.0,14215.0,16132.0,43278.0
2025-07-19_02:34:27,10626.0,11940.0,43847.0,14562.0,16132.0,43279.0
2025-07-19_02:34:27,,,,13945.0,16132.0,43279.0
2025-07-19_02:34:31,,,,,,
2025-07-19_02:34:35,6969.0,11940.0,43847.0,3793.0,16132.0,43279.0
2025-07-19_02:34:35,10107.0,11940.0,43847.0,13940.0,16132.0,43279.0
2025-07-19_02:34:35,10117.0,11940.0,43847.0,14169.0,16132.0,43281.0
2025-07-19_02:34:35,9858.0,11940.0,43847.0,14105.0,16132.0,43281.0
2025-07-19_02:34:36,9799.0,11940.0,43847.0,14307.0,16132.0,43281.0
2025-07-19_02:34:36,8972.0,11940.0,43847.0,13937.0,16132.0,43281.0
2025-07-19_02:34:36,9645.0,11940.0,43847.0,14104.0,16132.0,43281.0
2025-07-19_02:34:36,,,,14229.0,16132.0,43281.0
2025-07-19_02:34:40,3375.0,11940.0,43847.0,12185.0,16132.0,43281.0
2025-07-19_02:34:40,,,,,,
2025-07-19_02:34:44,6967.0,11940.0,43847.0,3792.0,16132.0,43281.0
2025-07-19_02:34:44,,,,,,
2025-07-19_02:34:48,6961.0,11940.0,43847.0,3792.0,16132.0,43281.0
2025-07-19_02:34:48,9332.0,11940.0,43847.0,13866.0,16132.0,43281.0
2025-07-19_02:34:49,9762.0,11940.0,43847.0,13939.0,16132.0,43281.0
2025-07-19_02:34:49,9747.0,11940.0,43847.0,14119.0,16132.0,43281.0
2025-07-19_02:34:49,9398.0,11940.0,43847.0,13933.0,16132.0,43281.0
2025-07-19_02:34:49,9660.0,11940.0,43847.0,14107.0,16132.0,43281.0
2025-07-19_02:34:49,9877.0,11940.0,43847.0,14251.0,16132.0,43281.0
2025-07-19_02:34:50,10517.0,11940.0,43847.0,14165.0,16132.0,43281.0
2025-07-19_02:34:50,,,,13941.0,16132.0,43287.0
2025-07-19_02:34:54,2778.0,11940.0,43847.0,12186.0,16132.0,43287.0
2025-07-19_02:34:54,,,,,,
2025-07-19_02:34:58,6970.0,11940.0,43847.0,3793.0,16132.0,43287.0
2025-07-19_02:34:58,10012.0,11940.0,43847.0,14162.0,16132.0,43287.0
2025-07-19_02:34:58,9785.0,11940.0,43847.0,14135.0,16132.0,43287.0
2025-07-19_02:34:58,,,,14004.0,16132.0,43287.0
2025-07-19_02:35:02,3375.0,11940.0,43847.0,12177.0,16132.0,43287.0
2025-07-19_02:35:02,10094.0,11940.0,43847.0,14384.0,16132.0,43287.0
2025-07-19_02:35:03,,,,,,
2025-07-19_02:35:06,6968.0,11940.0,43847.0,3793.0,16132.0,43287.0
2025-07-19_02:35:07,10006.0,11940.0,43847.0,14212.0,16132.0,43287.0
2025-07-19_02:35:07,10167.0,11940.0,43847.0,14131.0,16132.0,43287.0
2025-07-19_02:35:07,10185.0,11940.0,43847.0,14505.0,16132.0,43287.0
2025-07-19_02:35:07,9923.0,11940.0,43847.0,14132.0,16132.0,43287.0
2025-07-19_02:35:07,10588.0,11940.0,43847.0,14507.0,16132.0,43287.0
2025-07-19_02:35:08,10519.0,11940.0,43847.0,14507.0,16132.0,43287.0
2025-07-19_02:35:08,10231.0,11940.0,43847.0,14052.0,16132.0,43287.0
2025-07-19_02:35:08,10143.0,11940.0,43847.0,14023.0,16132.0,43287.0
2025-07-19_02:35:08,9881.0,11940.0,43847.0,13873.0,16132.0,43287.0
2025-07-19_02:35:09,9669.0,11940.0,43847.0,14169.0,16132.0,43287.0
2025-07-19_02:35:09,,,,,,
2025-07-19_02:35:13,6966.0,11940.0,43847.0,3793.0,16132.0,43287.0
2025-07-19_02:35:13,9652.0,11940.0,43847.0,14298.0,16132.0,43287.0
2025-07-19_02:35:13,,,,14297.0,16132.0,43287.0
2025-07-19_02:35:17,2778.0,11940.0,43847.0,12180.0,16132.0,43287.0
2025-07-19_02:35:17,,,,14107.0,16132.0,43287.0
2025-07-19_02:35:21,3375.0,11940.0,43847.0,12163.0,16132.0,43287.0
2025-07-19_02:35:21,9800.0,11940.0,43847.0,14113.0,16132.0,43287.0
2025-07-19_02:35:21,9644.0,11940.0,43847.0,14073.0,16132.0,43287.0
2025-07-19_02:35:22,9683.0,11940.0,43847.0,14178.0,16132.0,43287.0
2025-07-19_02:35:22,9662.0,11940.0,43847.0,14118.0,16132.0,43287.0
2025-07-19_02:35:22,,,,,,
2025-07-19_02:35:26,6965.0,11940.0,43847.0,3792.0,16132.0,43287.0
2025-07-19_02:35:26,9770.0,11940.0,43847.0,14347.0,16132.0,43287.0
2025-07-19_02:35:26,9890.0,11940.0,43847.0,14046.0,16132.0,43287.0
2025-07-19_02:35:26,10601.0,11940.0,43847.0,14560.0,16132.0,43287.0
2025-07-19_02:35:27,10184.0,11940.0,43847.0,13954.0,16132.0,43287.0
2025-07-19_02:35:27,9966.0,11940.0,43847.0,13907.0,16132.0,43287.0
2025-07-19_02:35:27,10155.0,11940.0,43847.0,14029.0,16132.0,43287.0
2025-07-19_02:35:27,,,,,,
2025-07-19_02:35:31,6966.0,11940.0,43847.0,3793.0,16132.0,43287.0
2025-07-19_02:35:31,10056.0,11940.0,43847.0,14374.0,16132.0,43287.0
2025-07-19_02:35:32,,,,,,
2025-07-19_02:35:35,6966.0,11940.0,43847.0,3786.0,16132.0,43287.0
2025-07-19_02:35:36,,,,,,
2025-07-19_02:35:40,2778.0,11940.0,43847.0,3776.0,16132.0,43287.0
2025-07-19_02:35:40,8529.0,11940.0,43847.0,14123.0,16132.0,43287.0
2025-07-19_02:35:40,,,,14418.0,16132.0,43287.0
2025-07-19_02:35:44,3375.0,11940.0,43847.0,12168.0,16132.0,43287.0
2025-07-19_02:35:44,10077.0,11940.0,43847.0,14192.0,16132.0,43292.0
2025-07-19_02:35:45,,,,,,
2025-07-19_02:35:48,6969.0,11940.0,43847.0,3792.0,16132.0,43292.0
2025-07-19_02:35:49,9650.0,11940.0,43847.0,14318.0,16132.0,43292.0
2025-07-19_02:35:49,9908.0,11940.0,43847.0,14109.0,16132.0,43292.0
2025-07-19_02:35:49,,,,,,
2025-07-19_02:35:53,6963.0,11940.0,43847.0,3793.0,16132.0,43292.0
2025-07-19_02:35:53,9697.0,11940.0,43848.0,14158.0,16132.0,43292.0
2025-07-19_02:35:53,9782.0,11940.0,43848.0,14115.0,16132.0,43292.0
2025-07-19_02:35:54,,,,14295.0,16132.0,43292.0
2025-07-19_02:35:57,3390.0,11940.0,43848.0,12160.0,16132.0,43292.0
2025-07-19_02:35:57,10006.0,11940.0,43848.0,14108.0,16132.0,43292.0
2025-07-19_02:35:58,10101.0,11940.0,43848.0,14318.0,16132.0,43292.0
2025-07-19_02:35:58,9703.0,11940.0,43848.0,14083.0,16132.0,43292.0
2025-07-19_02:35:58,10155.0,11940.0,43848.0,14567.0,16132.0,43292.0
2025-07-19_02:35:58,9698.0,11940.0,43848.0,14074.0,16132.0,43292.0
2025-07-19_02:35:59,,,,14129.0,16132.0,43292.0
2025-07-19_02:36:02,3375.0,11940.0,43848.0,12146.0,16132.0,43292.0
2025-07-19_02:36:02,9679.0,11940.0,43849.0,14072.0,16132.0,43292.0
2025-07-19_02:36:03,10268.0,11940.0,43849.0,13863.0,16132.0,43292.0
2025-07-19_02:36:03,9211.0,11940.0,43849.0,13971.0,16132.0,43292.0
2025-07-19_02:36:03,10040.0,11940.0,43849.0,14293.0,16132.0,43292.0
2025-07-19_02:36:03,10008.0,11940.0,43849.0,14502.0,16132.0,43292.0
2025-07-19_02:36:04,,,,14010.0,16132.0,43292.0
2025-07-19_02:36:07,2778.0,11940.0,43849.0,12163.0,16132.0,43292.0
2025-07-19_02:36:08,9975.0,11940.0,43849.0,14158.0,16132.0,43292.0
2025-07-19_02:36:08,,,,,,
2025-07-19_02:36:12,6965.0,11940.0,43849.0,3795.0,16132.0,43292.0
2025-07-19_02:36:12,,,,,,
2025-07-19_02:36:16,6965.0,11940.0,43849.0,3792.0,16132.0,43292.0
2025-07-19_02:36:16,9773.0,11940.0,43849.0,13996.0,16132.0,43292.0
2025-07-19_02:36:16,9645.0,11940.0,43849.0,14143.0,16132.0,43292.0
2025-07-19_02:36:16,10411.0,11940.0,43849.0,14630.0,16132.0,43292.0
2025-07-19_02:36:17,10188.0,11940.0,43849.0,14183.0,16132.0,43292.0
2025-07-19_02:36:17,9970.0,11940.0,43849.0,14108.0,16132.0,43292.0
2025-07-19_02:36:17,9640.0,11940.0,43849.0,13937.0,16132.0,43292.0
2025-07-19_02:36:17,10123.0,11940.0,43849.0,14310.0,16132.0,43292.0
2025-07-19_02:36:17,,,,13922.0,16132.0,43292.0
2025-07-19_02:36:21,3319.0,11940.0,43849.0,12191.0,16132.0,43292.0
2025-07-19_02:36:21,9613.0,11940.0,43849.0,13978.0,16132.0,43292.0
2025-07-19_02:36:22,9534.0,11940.0,43849.0,14165.0,16132.0,43292.0
2025-07-19_02:36:22,,,,,,
2025-07-19_02:36:26,6965.0,11940.0,43849.0,3793.0,16132.0,43292.0
2025-07-19_02:36:26,,,,,,
2025-07-19_02:36:30,2778.0,11940.0,43849.0,3776.0,16132.0,43292.0
2025-07-19_02:36:30,,,,,,
2025-07-19_02:36:34,6966.0,11940.0,43849.0,3787.0,16132.0,43292.0
2025-07-19_02:36:34,,,,,,
2025-07-19_02:36:38,6968.0,11940.0,43849.0,3793.0,16132.0,43292.0
2025-07-19_02:36:39,,,,13985.0,16132.0,43292.0
2025-07-19_02:36:42,3302.0,11940.0,43849.0,12194.0,16132.0,43292.0
2025-07-19_02:36:42,9806.0,11940.0,43849.0,14105.0,16132.0,43292.0
2025-07-19_02:36:43,8678.0,11940.0,43849.0,13976.0,16132.0,43322.0
2025-07-19_02:36:43,9647.0,11940.0,43849.0,13866.0,16132.0,43322.0
2025-07-19_02:36:43,10000.0,11940.0,43849.0,14369.0,16132.0,43322.0
2025-07-19_02:36:43,10577.0,11940.0,43849.0,14280.0,16132.0,43322.0
2025-07-19_02:36:43,10366.0,11940.0,43849.0,14511.0,16132.0,43322.0
2025-07-19_02:36:44,9671.0,11940.0,43849.0,13962.0,16132.0,43322.0
2025-07-19_02:36:44,,,,,,
2025-07-19_02:36:48,6964.0,11940.0,43849.0,3792.0,16132.0,43322.0
2025-07-19_02:36:48,10265.0,11940.0,43849.0,14159.0,16132.0,43322.0
2025-07-19_02:36:48,9685.0,11940.0,43849.0,14105.0,16132.0,43322.0
2025-07-19_02:36:48,9929.0,11940.0,43849.0,14377.0,16132.0,43322.0
2025-07-19_02:36:49,9835.0,11940.0,43849.0,14049.0,16132.0,43322.0
2025-07-19_02:36:49,9976.0,11940.0,43849.0,14087.0,16132.0,43322.0
2025-07-19_02:36:49,8660.0,11940.0,43849.0,14202.0,16132.0,43322.0
2025-07-19_02:36:49,,,,13783.0,16132.0,43322.0
2025-07-19_02:36:53,3375.0,11940.0,43849.0,12193.0,16132.0,43322.0
2025-07-19_02:36:53,9954.0,11940.0,43849.0,14088.0,16132.0,43322.0
2025-07-19_02:36:54,,,,,,
2025-07-19_02:36:57,6966.0,11940.0,43849.0,3792.0,16132.0,43322.0
2025-07-19_02:36:58,9687.0,11940.0,43849.0,14174.0,16132.0,43322.0
2025-07-19_02:36:58,10228.0,11940.0,43849.0,14030.0,16132.0,43322.0
2025-07-19_02:36:58,9934.0,11940.0,43849.0,14139.0,16132.0,43322.0
2025-07-19_02:36:58,10477.0,11940.0,43853.0,14469.0,16132.0,43322.0
2025-07-19_02:36:59,9679.0,11940.0,43853.0,14023.0,16132.0,43322.0
2025-07-19_02:36:59,9676.0,11940.0,43853.0,13981.0,16132.0,43322.0
2025-07-19_02:36:59,9917.0,11940.0,43853.0,14212.0,16132.0,43322.0
2025-07-19_02:36:59,9916.0,11940.0,43853.0,14103.0,16132.0,43322.0
2025-07-19_02:36:59,10009.0,11940.0,43853.0,14150.0,16132.0,43322.0
2025-07-19_02:37:00,9684.0,11940.0,43853.0,14077.0,16132.0,43322.0
2025-07-19_02:37:00,9620.0,11940.0,43853.0,14282.0,16132.0,43322.0
2025-07-19_02:37:00,9850.0,11940.0,43853.0,14275.0,16132.0,43322.0
2025-07-19_02:37:00,9676.0,11940.0,43853.0,14177.0,16132.0,43322.0
2025-07-19_02:37:01,9880.0,11940.0,43853.0,14109.0,16132.0,43322.0
2025-07-19_02:37:01,,,,,,
2025-07-19_02:37:05,6969.0,11940.0,43853.0,3793.0,16132.0,43322.0
2025-07-19_02:37:05,10480.0,11940.0,43853.0,14080.0,16132.0,43322.0
2025-07-19_02:37:05,9419.0,11940.0,43853.0,13825.0,16132.0,43322.0
2025-07-19_02:37:05,,,,14218.0,16132.0,43322.0
2025-07-19_02:37:09,3375.0,11940.0,43853.0,12185.0,16132.0,43322.0
2025-07-19_02:37:09,,,,14444.0,16132.0,43348.0
2025-07-19_02:37:13,3375.0,11940.0,43853.0,12185.0,16132.0,43348.0
2025-07-19_02:37:13,,,,,,
2025-07-19_02:37:18,2778.0,11940.0,43853.0,3776.0,16132.0,43348.0
2025-07-19_02:37:18,,,,14216.0,16132.0,43348.0
2025-07-19_02:37:21,3375.0,11940.0,43853.0,12168.0,16132.0,43348.0
2025-07-19_02:37:22,9681.0,11940.0,43853.0,13973.0,16132.0,43348.0
2025-07-19_02:37:22,9842.0,11940.0,43853.0,14047.0,16132.0,43348.0
2025-07-19_02:37:22,9837.0,11940.0,43853.0,13850.0,16132.0,43348.0
2025-07-19_02:37:22,9962.0,11940.0,43853.0,14389.0,16132.0,43354.0
2025-07-19_02:37:23,9672.0,11940.0,43853.0,13987.0,16132.0,43354.0
2025-07-19_02:37:23,,,,14280.0,16132.0,43354.0
2025-07-19_02:37:27,2778.0,11940.0,43853.0,12168.0,16132.0,43354.0
2025-07-19_02:37:27,8673.0,11940.0,43853.0,14221.0,16132.0,43354.0
2025-07-19_02:37:27,,,,13942.0,16132.0,43354.0
2025-07-19_02:37:31,3302.0,11940.0,43853.0,12183.0,16132.0,43354.0
2025-07-19_02:37:31,9734.0,11940.0,43853.0,13860.0,16132.0,43354.0
2025-07-19_02:37:31,,,,11877.0,16132.0,43354.0
2025-07-19_02:37:35,2778.0,11940.0,43853.0,12196.0,16132.0,43354.0
2025-07-19_02:37:35,,,,14057.0,16132.0,43354.0
2025-07-19_02:37:39,2778.0,11940.0,43853.0,12193.0,16132.0,43354.0
2025-07-19_02:37:39,,,,14321.0,16132.0,43354.0
2025-07-19_02:37:43,3358.0,11940.0,43853.0,12190.0,16132.0,43354.0
2025-07-19_02:37:43,9011.0,11940.0,43853.0,14005.0,16132.0,43354.0
2025-07-19_02:37:43,,,,,,
2025-07-19_02:37:47,6968.0,11940.0,43853.0,3793.0,16132.0,43354.0
2025-07-19_02:37:48,9902.0,11940.0,43853.0,13995.0,16132.0,43354.0
2025-07-19_02:37:48,,,,,,
2025-07-19_02:37:52,6971.0,11940.0,43853.0,3792.0,16132.0,43354.0
2025-07-19_02:37:52,,,,13666.0,16132.0,43354.0
2025-07-19_02:37:55,3358.0,11940.0,43853.0,12185.0,16132.0,43354.0
2025-07-19_02:37:56,9805.0,11940.0,43853.0,14302.0,16132.0,43354.0
2025-07-19_02:37:56,9636.0,11940.0,43853.0,14294.0,16132.0,43354.0
2025-07-19_02:37:56,9675.0,11940.0,43853.0,13980.0,16132.0,43354.0
2025-07-19_02:37:56,9621.0,11940.0,43853.0,14228.0,16132.0,43354.0
2025-07-19_02:37:57,10464.0,11940.0,43853.0,14506.0,16132.0,43354.0
2025-07-19_02:37:57,9850.0,11940.0,43853.0,14349.0,16132.0,43354.0
2025-07-19_02:37:57,9829.0,11940.0,43853.0,14220.0,16132.0,43354.0
2025-07-19_02:37:57,10369.0,11940.0,43853.0,14623.0,16132.0,43354.0
2025-07-19_02:37:58,,,,14088.0,16132.0,43354.0
2025-07-19_02:38:01,2778.0,11940.0,43853.0,12198.0,16132.0,43354.0
2025-07-19_02:38:02,9883.0,11940.0,43853.0,14301.0,16132.0,43354.0
2025-07-19_02:38:02,9635.0,11940.0,43853.0,14555.0,16132.0,43354.0
2025-07-19_02:38:02,10191.0,11940.0,43853.0,14271.0,16132.0,43354.0
2025-07-19_02:38:02,9877.0,11940.0,43853.0,14285.0,16132.0,43354.0
2025-07-19_02:38:03,,,,12892.0,16132.0,43354.0
2025-07-19_02:38:06,2778.0,11940.0,43853.0,12159.0,16132.0,43354.0
2025-07-19_02:38:07,,,,14068.0,16132.0,43354.0
2025-07-19_02:38:10,2778.0,11940.0,43853.0,12186.0,16132.0,43354.0
2025-07-19_02:38:11,9602.0,11940.0,43853.0,13995.0,16132.0,43354.0
2025-07-19_02:38:11,9845.0,11940.0,43853.0,14109.0,16132.0,43354.0
2025-07-19_02:38:11,9670.0,11940.0,43853.0,14057.0,16132.0,43354.0
2025-07-19_02:38:11,9088.0,11940.0,43853.0,13940.0,16132.0,43354.0
2025-07-19_02:38:11,,,,14031.0,16132.0,43354.0
2025-07-19_02:38:15,3358.0,11940.0,43853.0,12191.0,16132.0,43354.0
2025-07-19_02:38:15,9539.0,11940.0,43853.0,14177.0,16132.0,43354.0
2025-07-19_02:38:16,,,,14312.0,16132.0,43354.0
2025-07-19_02:38:19,3358.0,11940.0,43853.0,12188.0,16132.0,43354.0
2025-07-19_02:38:20,9681.0,11940.0,43853.0,14177.0,16132.0,43354.0
2025-07-19_02:38:20,9688.0,11940.0,43853.0,13981.0,16132.0,43354.0
2025-07-19_02:38:20,10231.0,11940.0,43853.0,14230.0,16132.0,43354.0
2025-07-19_02:38:20,,,,,,
2025-07-19_02:38:24,6968.0,11940.0,43853.0,3792.0,16132.0,43354.0
2025-07-19_02:38:24,9688.0,11940.0,43853.0,14348.0,16132.0,43354.0
2025-07-19_02:38:25,,,,,,
2025-07-19_02:38:28,6957.0,11940.0,43853.0,3794.0,16132.0,43354.0
2025-07-19_02:38:29,,,,,,
2025-07-19_02:38:32,6970.0,11940.0,43853.0,3786.0,16132.0,43354.0
2025-07-19_02:38:33,9838.0,11940.0,43853.0,13857.0,16132.0,43354.0
2025-07-19_02:38:33,,,,,,
2025-07-19_02:38:37,2778.0,11940.0,43853.0,3776.0,16132.0,43354.0
2025-07-19_02:38:37,,,,14610.0,16132.0,43354.0
2025-07-19_02:38:41,2778.0,11940.0,43853.0,12166.0,16132.0,43354.0
2025-07-19_02:38:42,10405.0,11940.0,43853.0,14380.0,16132.0,43354.0
2025-07-19_02:38:42,9686.0,11940.0,43853.0,13965.0,16132.0,43354.0
2025-07-19_02:38:42,9651.0,11940.0,43853.0,13922.0,16132.0,43354.0
2025-07-19_02:38:42,10105.0,11940.0,43854.0,14363.0,16132.0,43354.0
2025-07-19_02:38:42,10218.0,11940.0,43854.0,13892.0,16132.0,43354.0
2025-07-19_02:38:43,,,,,,
2025-07-19_02:38:47,6964.0,11940.0,43854.0,3792.0,16132.0,43354.0
2025-07-19_02:38:47,9888.0,11940.0,43854.0,14327.0,16132.0,43354.0
2025-07-19_02:38:47,9791.0,11940.0,43854.0,14143.0,16132.0,43354.0
2025-07-19_02:38:47,8609.0,11940.0,43854.0,13998.0,16132.0,43354.0
2025-07-19_02:38:47,,,,13778.0,16132.0,43354.0
2025-07-19_02:38:51,3375.0,11940.0,43854.0,12191.0,16132.0,43354.0
2025-07-19_02:38:51,,,,14095.0,16132.0,43354.0
2025-07-19_02:38:55,3375.0,11940.0,43854.0,12192.0,16132.0,43354.0
2025-07-19_02:38:55,,,,,,
2025-07-19_02:38:59,6963.0,11940.0,43854.0,3793.0,16132.0,43354.0
2025-07-19_02:38:59,9914.0,11940.0,43854.0,14137.0,16132.0,43354.0
2025-07-19_02:38:59,9903.0,11940.0,43854.0,14206.0,16132.0,43354.0
2025-07-19_02:39:00,9894.0,11940.0,43854.0,14129.0,16132.0,43354.0
2025-07-19_02:39:00,9659.0,11940.0,43854.0,14299.0,16132.0,43354.0
2025-07-19_02:39:00,9645.0,11940.0,43854.0,14102.0,16132.0,43354.0
2025-07-19_02:39:00,9838.0,11940.0,43854.0,14358.0,16132.0,43354.0
2025-07-19_02:39:01,10059.0,11940.0,43854.0,14319.0,16132.0,43354.0
2025-07-19_02:39:01,9852.0,11940.0,43854.0,14060.0,16132.0,43354.0
2025-07-19_02:39:01,10434.0,11940.0,43854.0,14634.0,16132.0,43354.0
2025-07-19_02:39:01,8644.0,11940.0,43854.0,14379.0,16132.0,43354.0
2025-07-19_02:39:02,9760.0,11940.0,43854.0,14104.0,16132.0,43354.0
2025-07-19_02:39:02,9289.0,11940.0,43854.0,14108.0,16132.0,43354.0
2025-07-19_02:39:02,9672.0,11940.0,43854.0,14327.0,16132.0,43354.0
2025-07-19_02:39:02,9625.0,11940.0,43854.0,14288.0,16132.0,43354.0
2025-07-19_02:39:03,,,,,,
2025-07-19_02:39:06,6966.0,11940.0,43854.0,3793.0,16132.0,43354.0
2025-07-19_02:39:07,9855.0,11940.0,43854.0,14132.0,16132.0,43354.0
2025-07-19_02:39:07,,,,,,
2025-07-19_02:39:11,6967.0,11940.0,43854.0,3792.0,16132.0,43354.0
2025-07-19_02:39:11,9915.0,11940.0,43854.0,14430.0,16132.0,43354.0
2025-07-19_02:39:11,,,,,,
2025-07-19_02:39:15,6959.0,11940.0,43854.0,3793.0,16132.0,43354.0
2025-07-19_02:39:15,10132.0,11940.0,43854.0,14435.0,16132.0,43354.0
2025-07-19_02:39:15,8971.0,11940.0,43854.0,13822.0,16132.0,43354.0
2025-07-19_02:39:16,,,,14313.0,16132.0,43354.0
2025-07-19_02:39:19,3375.0,11940.0,43854.0,12161.0,16132.0,43354.0
2025-07-19_02:39:19,9670.0,11940.0,43854.0,14090.0,16132.0,43354.0
2025-07-19_02:39:20,10146.0,11940.0,43854.0,14293.0,16132.0,43354.0
2025-07-19_02:39:20,10078.0,11940.0,43854.0,14246.0,16132.0,43354.0
2025-07-19_02:39:20,9986.0,11940.0,43854.0,14321.0,16132.0,43354.0
2025-07-19_02:39:20,10206.0,11940.0,43855.0,13748.0,16132.0,43354.0
2025-07-19_02:39:20,9919.0,11940.0,43855.0,14279.0,16132.0,43359.0
2025-07-19_02:39:21,,,,13262.0,16132.0,43359.0
2025-07-19_02:39:25,2778.0,11940.0,43855.0,12182.0,16132.0,43359.0
2025-07-19_02:39:25,9674.0,11940.0,43855.0,14167.0,16132.0,43359.0
2025-07-19_02:39:25,9883.0,11940.0,43855.0,14310.0,16132.0,43359.0
2025-07-19_02:39:25,9852.0,11940.0,43855.0,14264.0,16132.0,43359.0
2025-07-19_02:39:25,10024.0,11940.0,43855.0,14319.0,16132.0,43359.0
2025-07-19_02:39:26,,,,14219.0,16132.0,43359.0
2025-07-19_02:39:29,3375.0,11940.0,43855.0,12177.0,16132.0,43359.0
2025-07-19_02:39:30,9863.0,11940.0,43855.0,14090.0,16132.0,43361.0
2025-07-19_02:39:30,9938.0,11940.0,43855.0,14402.0,16132.0,43361.0
2025-07-19_02:39:30,9816.0,11940.0,43855.0,14111.0,16132.0,43361.0
2025-07-19_02:39:30,,,,14301.0,16132.0,43361.0
2025-07-19_02:39:34,3375.0,11940.0,43855.0,12178.0,16132.0,43361.0
2025-07-19_02:39:34,9606.0,11940.0,43855.0,14327.0,16132.0,43361.0
2025-07-19_02:39:34,10318.0,11940.0,43855.0,14357.0,16132.0,43362.0
2025-07-19_02:39:35,9888.0,11940.0,43855.0,14301.0,16132.0,43362.0
2025-07-19_02:39:35,10432.0,11940.0,43855.0,14313.0,16132.0,43362.0
2025-07-19_02:39:35,10203.0,11940.0,43855.0,14128.0,16132.0,43362.0
2025-07-19_02:39:35,10316.0,11940.0,43867.0,14413.0,16132.0,43378.0
2025-07-19_02:39:36,9771.0,11940.0,43867.0,14171.0,16132.0,43378.0
2025-07-19_02:39:36,9247.0,11940.0,43867.0,14002.0,16132.0,43378.0
2025-07-19_02:39:36,10169.0,11940.0,43867.0,14127.0,16132.0,43378.0
2025-07-19_02:39:36,,,,14174.0,16132.0,43378.0
2025-07-19_02:39:40,3375.0,11940.0,43867.0,12166.0,16132.0,43378.0
2025-07-19_02:39:40,,,,14071.0,16132.0,43378.0
2025-07-19_02:39:44,3373.0,11940.0,43867.0,12191.0,16132.0,43378.0
2025-07-19_02:39:44,8594.0,11940.0,43867.0,13995.0,16132.0,43378.0
2025-07-19_02:39:44,10001.0,11940.0,43867.0,13867.0,16132.0,43378.0
2025-07-19_02:39:45,9867.0,11940.0,43867.0,14651.0,16132.0,43378.0
2025-07-19_02:39:45,,,,14803.0,16132.0,43380.0
2025-07-19_02:39:49,2778.0,11940.0,43867.0,12192.0,16132.0,43380.0
2025-07-19_02:39:49,10001.0,11940.0,43867.0,13879.0,16132.0,43380.0
2025-07-19_02:39:49,10006.0,11940.0,43867.0,14086.0,16132.0,43380.0
2025-07-19_02:39:49,,,,14175.0,16132.0,43380.0
2025-07-19_02:39:53,3375.0,11940.0,43867.0,12193.0,16132.0,43380.0
2025-07-19_02:39:53,9881.0,11940.0,43867.0,14056.0,16132.0,43380.0
2025-07-19_02:39:53,9878.0,11940.0,43867.0,14061.0,16132.0,43380.0
2025-07-19_02:39:54,9235.0,11940.0,43867.0,13999.0,16132.0,43380.0
2025-07-19_02:39:54,9798.0,11940.0,43867.0,14022.0,16132.0,43380.0
2025-07-19_02:39:54,9679.0,11940.0,43867.0,14162.0,16132.0,43380.0
2025-07-19_02:39:54,9931.0,11940.0,43867.0,14334.0,16132.0,43380.0
2025-07-19_02:39:55,,,,,,
2025-07-19_02:39:58,6964.0,11940.0,43867.0,3786.0,16132.0,43380.0
2025-07-19_02:39:59,9222.0,11940.0,43867.0,13931.0,16132.0,43380.0
2025-07-19_02:39:59,9866.0,11940.0,43867.0,14376.0,16132.0,43380.0
2025-07-19_02:39:59,9875.0,11940.0,43867.0,14094.0,16132.0,43380.0
2025-07-19_02:39:59,,,,13843.0,16132.0,43380.0
2025-07-19_02:40:03,2778.0,11940.0,43867.0,12187.0,16132.0,43380.0
2025-07-19_02:40:03,8780.0,11940.0,43868.0,14088.0,16132.0,43380.0
2025-07-19_02:40:03,10518.0,11940.0,43868.0,14534.0,16132.0,43380.0
2025-07-19_02:40:04,,,,14582.0,16132.0,43383.0
2025-07-19_02:40:08,2778.0,11940.0,43868.0,12184.0,16132.0,43383.0
2025-07-19_02:40:08,9804.0,11940.0,43868.0,13995.0,16132.0,43383.0
2025-07-19_02:40:08,10501.0,11940.0,43868.0,14404.0,16132.0,43384.0
2025-07-19_02:40:08,9574.0,11940.0,43868.0,14196.0,16132.0,43384.0
2025-07-19_02:40:08,8572.0,11940.0,43868.0,13931.0,16132.0,43384.0
2025-07-19_02:40:09,,,,,,
2025-07-19_02:40:12,6965.0,11940.0,43868.0,3792.0,16132.0,43384.0
2025-07-19_02:40:13,10465.0,11940.0,43868.0,14685.0,16132.0,43385.0
2025-07-19_02:40:13,9939.0,11940.0,43868.0,14362.0,16132.0,43385.0
2025-07-19_02:40:13,,,,14342.0,16132.0,43385.0
2025-07-19_02:40:17,2778.0,11940.0,43868.0,12187.0,16132.0,43385.0
2025-07-19_02:40:17,9898.0,11940.0,43868.0,14301.0,16132.0,43385.0
2025-07-19_02:40:17,10531.0,11940.0,43868.0,14313.0,16132.0,43385.0
2025-07-19_02:40:18,,,,14069.0,16132.0,43385.0
2025-07-19_02:40:21,3375.0,11940.0,43868.0,12189.0,16132.0,43385.0
2025-07-19_02:40:21,,,,,,
2025-07-19_02:40:25,6967.0,11940.0,43868.0,3793.0,16132.0,43385.0
2025-07-19_02:40:26,,,,,,
2025-07-19_02:40:29,6958.0,11940.0,43868.0,3795.0,16132.0,43385.0
2025-07-19_02:40:30,9896.0,11940.0,43871.0,14573.0,16132.0,43385.0
2025-07-19_02:40:30,,,,14186.0,16132.0,43385.0
2025-07-19_02:40:34,3375.0,11940.0,43871.0,12197.0,16132.0,43385.0
2025-07-19_02:40:34,,,,,,
2025-07-19_02:40:38,6968.0,11940.0,43871.0,3793.0,16132.0,43385.0
2025-07-19_02:40:38,9937.0,11940.0,43871.0,14112.0,16132.0,43385.0
2025-07-19_02:40:38,,,,,,
2025-07-19_02:40:42,6969.0,11940.0,43871.0,3794.0,16132.0,43385.0
2025-07-19_02:40:42,10100.0,11940.0,43872.0,14041.0,16132.0,43385.0
2025-07-19_02:40:42,10232.0,11940.0,43872.0,14479.0,16132.0,43385.0
2025-07-19_02:40:43,,,,,,
2025-07-19_02:40:46,6965.0,11940.0,43872.0,3793.0,16132.0,43385.0
2025-07-19_02:40:47,,,,,,
2025-07-19_02:40:50,6963.0,11940.0,43872.0,3793.0,16132.0,43385.0
2025-07-19_02:40:51,,,,,,
2025-07-19_02:40:54,6965.0,11940.0,43872.0,3787.0,16132.0,43385.0
2025-07-19_02:40:55,10246.0,11940.0,43872.0,14500.0,16132.0,43385.0
2025-07-19_02:40:55,8382.0,11940.0,43872.0,13940.0,16132.0,43385.0
2025-07-19_02:40:55,9982.0,11940.0,43872.0,14296.0,16132.0,43385.0
2025-07-19_02:40:55,9936.0,11940.0,43872.0,14114.0,16132.0,43385.0
2025-07-19_02:40:55,9672.0,11940.0,43877.0,14092.0,16132.0,43385.0
2025-07-19_02:40:56,8525.0,11940.0,43877.0,13634.0,16132.0,43385.0
2025-07-19_02:40:56,,,,,,
2025-07-19_02:41:00,6970.0,11940.0,43877.0,3792.0,16132.0,43385.0
2025-07-19_02:41:00,10007.0,11940.0,43877.0,14399.0,16132.0,43385.0
2025-07-19_02:41:00,,,,14341.0,16132.0,43385.0
2025-07-19_02:41:04,3377.0,11940.0,43877.0,12189.0,16132.0,43385.0
2025-07-19_02:41:04,9598.0,11940.0,43877.0,13999.0,16132.0,43385.0
2025-07-19_02:41:04,,,,14201.0,16132.0,43385.0
2025-07-19_02:41:08,2778.0,11940.0,43877.0,12194.0,16132.0,43385.0
2025-07-19_02:41:08,10215.0,11940.0,43877.0,14583.0,16132.0,43385.0
2025-07-19_02:41:09,,,,13862.0,16132.0,43385.0
2025-07-19_02:41:12,3302.0,11940.0,43877.0,12146.0,16132.0,43385.0
2025-07-19_02:41:13,9672.0,11940.0,43877.0,13978.0,16132.0,43385.0
2025-07-19_02:41:13,,,,13845.0,16132.0,43385.0
2025-07-19_02:41:17,2778.0,11940.0,43877.0,12189.0,16132.0,43385.0
2025-07-19_02:41:17,9673.0,11940.0,43877.0,13966.0,16132.0,43385.0
2025-07-19_02:41:17,,,,,,
2025-07-19_02:41:21,6962.0,11940.0,43877.0,3793.0,16132.0,43385.0
2025-07-19_02:41:21,9938.0,11940.0,43877.0,14396.0,16132.0,43385.0
2025-07-19_02:41:21,10456.0,11940.0,43877.0,14718.0,16132.0,43385.0
2025-07-19_02:41:21,,,,,,
2025-07-19_02:41:26,2778.0,11940.0,43877.0,3776.0,16132.0,43385.0
2025-07-19_02:41:26,10073.0,11940.0,43877.0,14134.0,16132.0,43385.0
2025-07-19_02:41:26,9686.0,11940.0,43877.0,14171.0,16132.0,43385.0
2025-07-19_02:41:27,10053.0,11940.0,43877.0,14315.0,16132.0,43385.0
2025-07-19_02:41:27,8447.0,11940.0,43877.0,13784.0,16132.0,43385.0
2025-07-19_02:41:27,10567.0,11940.0,43877.0,14781.0,16132.0,43385.0
2025-07-19_02:41:27,10181.0,11940.0,43877.0,14074.0,16132.0,43385.0
2025-07-19_02:41:27,,,,,,
2025-07-19_02:41:31,6968.0,11940.0,43877.0,3793.0,16132.0,43385.0
2025-07-19_02:41:32,9860.0,11940.0,43877.0,14225.0,16132.0,43385.0
2025-07-19_02:41:32,,,,13977.0,16132.0,43385.0
2025-07-19_02:41:35,3375.0,11940.0,43877.0,12189.0,16132.0,43385.0
2025-07-19_02:41:36,10527.0,11940.0,43877.0,14428.0,16132.0,43385.0
2025-07-19_02:41:36,,,,,,
2025-07-19_02:41:40,6970.0,11940.0,43877.0,3793.0,16132.0,43385.0
2025-07-19_02:41:40,9759.0,11940.0,43877.0,13896.0,16132.0,43385.0
2025-07-19_02:41:40,10135.0,11940.0,43877.0,14366.0,16132.0,43385.0
2025-07-19_02:41:40,9499.0,11940.0,43877.0,14170.0,16132.0,43385.0
2025-07-19_02:41:41,,,,14003.0,16132.0,43385.0
2025-07-19_02:41:44,3358.0,11940.0,43877.0,12155.0,16132.0,43385.0
2025-07-19_02:41:44,,,,,,
2025-07-19_02:41:48,6970.0,11940.0,43877.0,3787.0,16132.0,43385.0
2025-07-19_02:41:49,,,,14225.0,16132.0,43385.0
2025-07-19_02:41:52,3375.0,11940.0,43877.0,12182.0,16132.0,43385.0
2025-07-19_02:41:52,,,,,,
2025-07-19_02:41:56,6965.0,11940.0,43877.0,3792.0,16132.0,43385.0
2025-07-19_02:41:56,,,,14035.0,16132.0,43385.0
2025-07-19_02:42:00,3358.0,11940.0,43877.0,12169.0,16132.0,43385.0
2025-07-19_02:42:00,9662.0,11940.0,43877.0,14101.0,16132.0,43385.0
2025-07-19_02:42:01,9823.0,11940.0,43877.0,14104.0,16132.0,43385.0
2025-07-19_02:42:01,9941.0,11940.0,43877.0,14181.0,16132.0,43385.0
2025-07-19_02:42:01,,,,,,
2025-07-19_02:42:05,6968.0,11940.0,43877.0,3793.0,16132.0,43385.0
2025-07-19_02:42:05,,,,,,
2025-07-19_02:42:09,6963.0,11940.0,43877.0,3792.0,16132.0,43385.0
2025-07-19_02:42:09,10082.0,11940.0,43877.0,14343.0,16132.0,43385.0
2025-07-19_02:42:09,9942.0,11940.0,43877.0,14292.0,16132.0,43385.0
2025-07-19_02:42:10,10308.0,11940.0,43877.0,14597.0,16132.0,43385.0
2025-07-19_02:42:10,9686.0,11940.0,43877.0,14162.0,16132.0,43385.0
2025-07-19_02:42:10,,,,,,
2025-07-19_02:42:14,6964.0,11940.0,43877.0,3793.0,16132.0,43385.0
2025-07-19_02:42:14,9683.0,11940.0,43877.0,14302.0,16132.0,43385.0
2025-07-19_02:42:14,10519.0,11940.0,43877.0,14419.0,16132.0,43385.0
2025-07-19_02:42:14,10092.0,11940.0,43877.0,14364.0,16132.0,43385.0
2025-07-19_02:42:15,,,,,,
2025-07-19_02:42:19,6967.0,11940.0,43877.0,3793.0,16132.0,43385.0
2025-07-19_02:42:19,10588.0,11947.0,43884.0,14781.0,16132.0,43385.0
2025-07-19_02:42:19,8586.0,11947.0,43884.0,14012.0,16132.0,43385.0
2025-07-19_02:42:19,,,,,,
2025-07-19_02:42:23,6955.0,11947.0,43884.0,3792.0,16132.0,43385.0
2025-07-19_02:42:23,10260.0,11947.0,43884.0,14604.0,16132.0,43387.0
2025-07-19_02:42:24,10016.0,11947.0,43884.0,14327.0,16132.0,43387.0
2025-07-19_02:42:24,9727.0,11947.0,43884.0,14357.0,16132.0,43387.0
2025-07-19_02:42:24,,,,11883.0,16132.0,43387.0
2025-07-19_02:42:28,2778.0,11947.0,43884.0,12189.0,16132.0,43387.0
2025-07-19_02:42:28,10075.0,11947.0,43884.0,14139.0,16132.0,43387.0
2025-07-19_02:42:28,10174.0,11947.0,43884.0,14187.0,16132.0,43387.0
2025-07-19_02:42:29,10233.0,11947.0,43884.0,14535.0,16132.0,43387.0
2025-07-19_02:42:29,8697.0,11947.0,43884.0,14151.0,16132.0,43387.0
2025-07-19_02:42:29,,,,14542.0,16132.0,43387.0
2025-07-19_02:42:33,3375.0,11947.0,43884.0,12183.0,16132.0,43387.0
2025-07-19_02:42:33,,,,,,
2025-07-19_02:42:37,6968.0,11947.0,43884.0,3793.0,16132.0,43387.0
2025-07-19_02:42:37,,,,14395.0,16132.0,43387.0
2025-07-19_02:42:41,3375.0,11947.0,43884.0,12162.0,16132.0,43387.0
2025-07-19_02:42:41,,,,14383.0,16132.0,43387.0
2025-07-19_02:42:45,3358.0,11947.0,43884.0,12166.0,16132.0,43387.0
2025-07-19_02:42:45,10242.0,11947.0,43884.0,14371.0,16132.0,43387.0
2025-07-19_02:42:45,,,,,,
2025-07-19_02:42:49,6960.0,11947.0,43884.0,3792.0,16132.0,43387.0
2025-07-19_02:42:49,9691.0,11947.0,43884.0,14041.0,16132.0,43387.0
2025-07-19_02:42:49,9907.0,11947.0,43884.0,14137.0,16132.0,43387.0
2025-07-19_02:42:49,10459.0,11947.0,43885.0,14329.0,16132.0,43394.0
2025-07-19_02:42:53,2778.0,11947.0,43885.0,12191.0,16132.0,43394.0
2025-07-19_02:42:54,8595.0,11947.0,43885.0,13928.0,16132.0,43394.0
2025-07-19_02:42:54,,,,,,
2025-07-19_02:42:58,6965.0,11947.0,43885.0,3787.0,16132.0,43394.0
2025-07-19_02:42:58,10085.0,11947.0,43885.0,14438.0,16132.0,43394.0
2025-07-19_02:42:58,,,,13078.0,16132.0,43394.0
2025-07-19_02:43:02,2778.0,11947.0,43885.0,12162.0,16132.0,43394.0
2025-07-19_02:43:02,9816.0,11947.0,43885.0,13788.0,16132.0,43394.0
2025-07-19_02:43:02,9679.0,11947.0,43885.0,13832.0,16132.0,43394.0
2025-07-19_02:43:02,10033.0,11947.0,43885.0,14570.0,16132.0,43394.0
2025-07-19_02:43:03,10202.0,11947.0,43885.0,14126.0,16132.0,43394.0
2025-07-19_02:43:03,10067.0,11947.0,43885.0,14175.0,16132.0,43394.0
2025-07-19_02:43:03,9969.0,11947.0,43885.0,14083.0,16132.0,43394.0
2025-07-19_02:43:03,9988.0,11947.0,43887.0,14210.0,16132.0,43394.0
2025-07-19_02:43:04,,,,14383.0,16132.0,43394.0
2025-07-19_02:43:07,3375.0,11947.0,43887.0,12187.0,16132.0,43394.0
2025-07-19_02:43:07,9679.0,11947.0,43887.0,14126.0,16132.0,43394.0
2025-07-19_02:43:08,,,,14210.0,16132.0,43394.0
2025-07-19_02:43:11,3302.0,11947.0,43887.0,12193.0,16132.0,43394.0
2025-07-19_02:43:12,10058.0,11947.0,43887.0,14101.0,16132.0,43394.0
2025-07-19_02:43:12,,,,13870.0,16132.0,43394.0
2025-07-19_02:43:16,3319.0,11947.0,43887.0,12187.0,16132.0,43394.0
2025-07-19_02:43:16,,,,,,
2025-07-19_02:43:20,6965.0,11947.0,43887.0,3793.0,16132.0,43394.0
2025-07-19_02:43:20,9486.0,11947.0,43887.0,14189.0,16132.0,43394.0
2025-07-19_02:43:20,9890.0,11947.0,43887.0,14646.0,16132.0,43394.0
2025-07-19_02:43:20,9304.0,11947.0,43887.0,13927.0,16132.0,43394.0
2025-07-19_02:43:20,10193.0,11947.0,43887.0,14349.0,16132.0,43394.0
2025-07-19_02:43:21,9850.0,11947.0,43887.0,14254.0,16132.0,43394.0
2025-07-19_02:43:21,10425.0,11947.0,43888.0,14653.0,16132.0,43394.0
2025-07-19_02:43:21,,,,14164.0,16132.0,43394.0
2025-07-19_02:43:25,3358.0,11947.0,43888.0,12171.0,16132.0,43394.0
2025-07-19_02:43:25,9863.0,11947.0,43888.0,14133.0,16132.0,43394.0
2025-07-19_02:43:25,10231.0,11947.0,43888.0,14658.0,16132.0,43394.0
2025-07-19_02:43:25,9689.0,11947.0,43888.0,13970.0,16132.0,43394.0
2025-07-19_02:43:26,9607.0,11947.0,43888.0,14143.0,16132.0,43394.0
2025-07-19_02:43:26,9849.0,11947.0,43888.0,14354.0,16132.0,43394.0
2025-07-19_02:43:26,,,,14233.0,16132.0,43394.0
2025-07-19_02:43:30,2780.0,11947.0,43888.0,12191.0,16132.0,43394.0
2025-07-19_02:43:30,,,,14226.0,16132.0,43394.0
2025-07-19_02:43:34,2778.0,11947.0,43888.0,12175.0,16132.0,43394.0
2025-07-19_02:43:34,8562.0,11947.0,43888.0,13935.0,16132.0,43394.0
2025-07-19_02:43:35,,,,14199.0,16132.0,43394.0
2025-07-19_02:43:38,3302.0,11947.0,43888.0,12191.0,16132.0,43394.0
2025-07-19_02:43:38,10206.0,11947.0,43888.0,13903.0,16132.0,43394.0
2025-07-19_02:43:39,,,,14001.0,16132.0,43394.0
2025-07-19_02:43:42,3375.0,11947.0,43888.0,12187.0,16132.0,43394.0
2025-07-19_02:43:43,,,,,,
2025-07-19_02:43:46,6967.0,11947.0,43888.0,3787.0,16132.0,43394.0
2025-07-19_02:43:47,9663.0,11947.0,43888.0,13803.0,16132.0,43394.0
2025-07-19_02:43:47,9913.0,11947.0,43888.0,13882.0,16132.0,43394.0
2025-07-19_02:43:47,9948.0,11947.0,43888.0,14122.0,16132.0,43394.0
2025-07-19_02:43:47,10136.0,11947.0,43888.0,14050.0,16132.0,43394.0
2025-07-19_02:43:47,,,,14206.0,16132.0,43394.0
2025-07-19_02:43:51,3375.0,11947.0,43888.0,12143.0,16132.0,43394.0
2025-07-19_02:43:51,,,,14019.0,16132.0,43394.0
2025-07-19_02:43:55,2778.0,11947.0,43888.0,12198.0,16132.0,43394.0
2025-07-19_02:43:55,8628.0,11947.0,43888.0,13982.0,16132.0,43394.0
2025-07-19_02:43:56,,,,,,
2025-07-19_02:44:00,6960.0,11947.0,43888.0,3793.0,16132.0,43394.0
2025-07-19_02:44:00,9639.0,11947.0,43888.0,14574.0,16132.0,43394.0
2025-07-19_02:44:00,10095.0,11947.0,43888.0,14247.0,16132.0,43394.0
2025-07-19_02:44:00,10457.0,11947.0,43888.0,14705.0,16132.0,43394.0
2025-07-19_02:44:00,9887.0,11947.0,43888.0,14113.0,16132.0,43394.0
2025-07-19_02:44:01,9980.0,11947.0,43889.0,14385.0,16132.0,43394.0
2025-07-19_02:44:01,10086.0,11947.0,43889.0,14293.0,16132.0,43394.0
2025-07-19_02:44:01,9682.0,11947.0,43889.0,14178.0,16132.0,43394.0
2025-07-19_02:44:01,,,,14499.0,16132.0,43394.0
2025-07-19_02:44:05,3375.0,11947.0,43889.0,12160.0,16132.0,43394.0
2025-07-19_02:44:05,9645.0,11947.0,43889.0,14143.0,16132.0,43394.0
2025-07-19_02:44:05,10126.0,11947.0,43889.0,14318.0,16132.0,43394.0
2025-07-19_02:44:06,,,,11876.0,16132.0,43394.0
2025-07-19_02:44:09,2778.0,11947.0,43889.0,12198.0,16132.0,43394.0
2025-07-19_02:44:10,9575.0,11947.0,43889.0,14069.0,16132.0,43394.0
2025-07-19_02:44:10,9814.0,11947.0,43889.0,13981.0,16132.0,43394.0
2025-07-19_02:44:10,,,,,,
2025-07-19_02:44:14,6970.0,11947.0,43889.0,3792.0,16132.0,43394.0
2025-07-19_02:44:14,9647.0,11947.0,43889.0,14291.0,16132.0,43394.0
2025-07-19_02:44:14,,,,13788.0,16132.0,43394.0
2025-07-19_02:44:18,2778.0,11947.0,43889.0,12168.0,16132.0,43394.0
2025-07-19_02:44:18,9844.0,11947.0,43889.0,14341.0,16132.0,43394.0
2025-07-19_02:44:19,,,,14518.0,16132.0,43394.0
2025-07-19_02:44:22,3375.0,11947.0,43889.0,12191.0,16132.0,43394.0
2025-07-19_02:44:23,10057.0,11947.0,43889.0,14393.0,16132.0,43397.0
2025-07-19_02:44:23,10509.0,11947.0,43889.0,14504.0,16132.0,43397.0
2025-07-19_02:44:23,10446.0,11947.0,43891.0,14500.0,16132.0,43397.0
2025-07-19_02:44:23,,,,13787.0,16132.0,43397.0
2025-07-19_02:44:27,2778.0,11947.0,43891.0,12160.0,16132.0,43397.0
2025-07-19_02:44:27,9645.0,11947.0,43891.0,14276.0,16132.0,43397.0
2025-07-19_02:44:27,,,,14456.0,16132.0,43397.0
2025-07-19_02:44:31,3390.0,11947.0,43891.0,12184.0,16132.0,43397.0
2025-07-19_02:44:31,,,,14153.0,16132.0,43397.0
2025-07-19_02:44:35,2778.0,11947.0,43891.0,12198.0,16132.0,43397.0
2025-07-19_02:44:35,9652.0,11947.0,43891.0,14320.0,16132.0,43397.0
2025-07-19_02:44:36,9731.0,11947.0,43891.0,14081.0,16132.0,43397.0
2025-07-19_02:44:36,10095.0,11947.0,43891.0,14139.0,16132.0,43397.0
2025-07-19_02:44:36,,,,14303.0,16132.0,43397.0
2025-07-19_02:44:40,3358.0,11947.0,43891.0,12196.0,16132.0,43397.0
2025-07-19_02:44:40,9314.0,11947.0,43891.0,13860.0,16132.0,43397.0
2025-07-19_02:44:40,10084.0,11947.0,43891.0,14539.0,16132.0,43397.0
2025-07-19_02:44:40,,,,,,
2025-07-19_02:44:44,6964.0,11947.0,43891.0,3787.0,16132.0,43397.0
2025-07-19_02:44:44,9946.0,11947.0,43891.0,14178.0,16132.0,43397.0
2025-07-19_02:44:45,,,,14574.0,16132.0,43400.0
2025-07-19_02:44:48,3358.0,11947.0,43891.0,12163.0,16132.0,43400.0
2025-07-19_02:44:49,10080.0,11947.0,43891.0,14345.0,16132.0,43400.0
2025-07-19_02:44:49,10006.0,11947.0,43891.0,14165.0,16132.0,43400.0
2025-07-19_02:44:49,,,,,,
2025-07-19_02:44:53,6965.0,11947.0,43891.0,3792.0,16132.0,43400.0
2025-07-19_02:44:53,9917.0,11947.0,43891.0,14134.0,16132.0,43400.0
2025-07-19_02:44:53,10092.0,11947.0,43891.0,14043.0,16132.0,43400.0
2025-07-19_02:44:54,,,,,,
2025-07-19_02:44:57,6947.0,11947.0,43891.0,3792.0,16132.0,43400.0
2025-07-19_02:44:58,10725.0,11947.0,43891.0,14710.0,16132.0,43400.0
2025-07-19_02:44:58,9929.0,11947.0,43891.0,14140.0,16132.0,43400.0
2025-07-19_02:44:58,9678.0,11947.0,43891.0,14064.0,16132.0,43400.0
2025-07-19_02:44:58,10679.0,11947.0,43891.0,14418.0,16132.0,43400.0
2025-07-19_02:44:58,,,,14298.0,16132.0,43400.0
2025-07-19_02:45:02,3375.0,11947.0,43891.0,12194.0,16132.0,43400.0
2025-07-19_02:45:02,10154.0,11947.0,43891.0,14611.0,16132.0,43400.0
2025-07-19_02:45:03,10742.0,11947.0,43895.0,14542.0,16132.0,43400.0
2025-07-19_02:45:03,,,,13801.0,16132.0,43400.0
2025-07-19_02:45:06,3302.0,11947.0,43895.0,12162.0,16132.0,43400.0
2025-07-19_02:45:07,10153.0,11947.0,43895.0,14135.0,16132.0,43400.0
2025-07-19_02:45:07,10169.0,11947.0,43895.0,14492.0,16132.0,43400.0
2025-07-19_02:45:07,10264.0,11947.0,43895.0,14380.0,16132.0,43400.0
2025-07-19_02:45:07,9726.0,11947.0,43895.0,14024.0,16132.0,43400.0
2025-07-19_02:45:08,,,,,,
2025-07-19_02:45:11,6964.0,11947.0,43895.0,3793.0,16132.0,43400.0
2025-07-19_02:45:12,9921.0,11947.0,43895.0,14215.0,16132.0,43400.0
2025-07-19_02:45:12,,,,,,
2025-07-19_02:45:16,6964.0,11947.0,43895.0,3792.0,16132.0,43400.0
2025-07-19_02:45:16,9682.0,11947.0,43895.0,13987.0,16132.0,43400.0
2025-07-19_02:45:16,9673.0,11947.0,43895.0,14176.0,16132.0,43400.0
2025-07-19_02:45:16,9911.0,11947.0,43895.0,14141.0,16132.0,43400.0
2025-07-19_02:45:17,8594.0,11947.0,43896.0,14095.0,16132.0,43400.0
2025-07-19_02:45:17,,,,14199.0,16132.0,43400.0
2025-07-19_02:45:21,2778.0,11947.0,43896.0,12187.0,16132.0,43400.0
2025-07-19_02:45:21,,,,14488.0,16132.0,43400.0
2025-07-19_02:45:25,3375.0,11947.0,43896.0,12166.0,16132.0,43400.0
2025-07-19_02:45:25,10596.0,11947.0,43896.0,14448.0,16132.0,43400.0
2025-07-19_02:45:25,9900.0,11947.0,43896.0,13980.0,16132.0,43400.0
2025-07-19_02:45:25,9341.0,11947.0,43896.0,14057.0,16132.0,43400.0
2025-07-19_02:45:26,9646.0,11947.0,43896.0,14235.0,16132.0,43400.0
2025-07-19_02:45:26,,,,,,
2025-07-19_02:45:30,6966.0,11947.0,43896.0,3793.0,16132.0,43400.0
2025-07-19_02:45:30,10214.0,11962.0,43911.0,14616.0,16132.0,43400.0
2025-07-19_02:45:30,10504.0,11962.0,43911.0,14134.0,16132.0,43400.0
2025-07-19_02:45:30,9660.0,11962.0,43911.0,14101.0,16132.0,43400.0
2025-07-19_02:45:30,,,,14075.0,16132.0,43400.0
2025-07-19_02:45:34,2778.0,11962.0,43911.0,12190.0,16132.0,43400.0
2025-07-19_02:45:34,9789.0,11962.0,43911.0,14166.0,16132.0,43400.0
2025-07-19_02:45:35,10037.0,11962.0,43911.0,14038.0,16132.0,43400.0
2025-07-19_02:45:35,10121.0,11962.0,43911.0,14311.0,16132.0,43400.0
2025-07-19_02:45:35,9658.0,11962.0,43911.0,13860.0,16132.0,43400.0
2025-07-19_02:45:35,10103.0,11962.0,43911.0,14411.0,16132.0,43400.0
2025-07-19_02:45:36,,,,14640.0,16132.0,43400.0
2025-07-19_02:45:39,3375.0,11962.0,43911.0,12160.0,16132.0,43400.0
2025-07-19_02:45:39,10218.0,11962.0,43911.0,14320.0,16132.0,43400.0
2025-07-19_02:45:40,,,,14125.0,16132.0,43400.0
2025-07-19_02:45:43,3375.0,11962.0,43911.0,12185.0,16132.0,43400.0
2025-07-19_02:45:44,9925.0,11962.0,43911.0,14102.0,16132.0,43400.0
2025-07-19_02:45:44,,,,,,
2025-07-19_02:45:48,6966.0,11962.0,43911.0,3793.0,16132.0,43400.0
2025-07-19_02:45:48,,,,14165.0,16132.0,43400.0
2025-07-19_02:45:52,3358.0,11962.0,43911.0,12172.0,16132.0,43400.0
2025-07-19_02:45:52,9715.0,11962.0,43911.0,13874.0,16132.0,43400.0
2025-07-19_02:45:52,8682.0,11962.0,43911.0,14352.0,16132.0,43400.0
2025-07-19_02:45:52,9676.0,11962.0,43911.0,13993.0,16132.0,43400.0
2025-07-19_02:45:52,9974.0,11962.0,43911.0,14340.0,16132.0,43400.0
2025-07-19_02:45:53,10308.0,11962.0,43912.0,14326.0,16132.0,43400.0
2025-07-19_02:45:53,9921.0,11962.0,43912.0,14269.0,16132.0,43400.0
2025-07-19_02:45:53,,,,14229.0,16132.0,43400.0
2025-07-19_02:45:57,3375.0,11962.0,43912.0,12183.0,16132.0,43400.0
2025-07-19_02:45:57,9982.0,11962.0,43912.0,14367.0,16132.0,43400.0
2025-07-19_02:45:57,9899.0,11962.0,43912.0,13923.0,16132.0,43400.0
2025-07-19_02:45:57,10047.0,11962.0,43912.0,14166.0,16132.0,43400.0
2025-07-19_02:45:58,9687.0,11962.0,43912.0,14180.0,16132.0,43400.0
2025-07-19_02:45:58,9750.0,11962.0,43912.0,13997.0,16132.0,43400.0
2025-07-19_02:45:58,9694.0,11962.0,43912.0,14153.0,16132.0,43400.0
2025-07-19_02:45:58,,,,14166.0,16132.0,43400.0
2025-07-19_02:46:02,3375.0,11962.0,43912.0,12181.0,16132.0,43400.0
2025-07-19_02:46:02,9172.0,11962.0,43912.0,13796.0,16132.0,43400.0
2025-07-19_02:46:02,10412.0,11962.0,43912.0,14407.0,16132.0,43400.0
2025-07-19_02:46:03,,,,14095.0,16132.0,43400.0
2025-07-19_02:46:06,3302.0,11962.0,43912.0,12195.0,16132.0,43400.0
2025-07-19_02:46:07,8788.0,11962.0,43912.0,14234.0,16132.0,43400.0
2025-07-19_02:46:07,9829.0,11962.0,43912.0,14106.0,16132.0,43400.0
2025-07-19_02:46:07,10258.0,11962.0,43912.0,14307.0,16132.0,43400.0
2025-07-19_02:46:07,9250.0,11962.0,43912.0,13939.0,16132.0,43400.0
2025-07-19_02:46:07,9966.0,11962.0,43912.0,14333.0,16132.0,43400.0
2025-07-19_02:46:08,10149.0,11962.0,43912.0,14500.0,16132.0,43400.0
2025-07-19_02:46:08,9643.0,11962.0,43912.0,14284.0,16132.0,43400.0
2025-07-19_02:46:08,,,,14049.0,16132.0,43400.0
2025-07-19_02:46:12,3302.0,11962.0,43912.0,12192.0,16132.0,43400.0
2025-07-19_02:46:12,9654.0,11962.0,43912.0,14107.0,16132.0,43400.0
2025-07-19_02:46:12,10440.0,11962.0,43912.0,14677.0,16132.0,43400.0
2025-07-19_02:46:12,,,,,,
2025-07-19_02:46:16,6965.0,11962.0,43912.0,3792.0,16132.0,43400.0
2025-07-19_02:46:16,,,,14473.0,16132.0,43400.0
2025-07-19_02:46:20,3375.0,11962.0,43912.0,12142.0,16132.0,43400.0
2025-07-19_02:46:20,,,,14551.0,16132.0,43400.0
2025-07-19_02:46:24,2778.0,11962.0,43912.0,12172.0,16132.0,43400.0
2025-07-19_02:46:24,,,,14037.0,16132.0,43400.0
2025-07-19_02:46:28,3358.0,11962.0,43912.0,12143.0,16132.0,43400.0
2025-07-19_02:46:28,10034.0,11962.0,43912.0,14151.0,16132.0,43400.0
2025-07-19_02:46:29,10529.0,11962.0,43912.0,14552.0,16132.0,43401.0
2025-07-19_02:46:29,10074.0,11962.0,43912.0,14327.0,16132.0,43401.0
2025-07-19_02:46:29,10132.0,11962.0,43912.0,14039.0,16132.0,43401.0
2025-07-19_02:46:29,9683.0,11962.0,43912.0,14465.0,16132.0,43401.0
2025-07-19_02:46:29,10294.0,11962.0,43912.0,14379.0,16132.0,43401.0
2025-07-19_02:46:30,,,,,,
2025-07-19_02:46:33,6963.0,11962.0,43912.0,3792.0,16132.0,43401.0
2025-07-19_02:46:34,10335.0,11962.0,43916.0,14556.0,16132.0,43403.0
2025-07-19_02:46:34,9577.0,11962.0,43916.0,13902.0,16132.0,43403.0
2025-07-19_02:46:34,10170.0,11962.0,43916.0,14174.0,16132.0,43403.0
2025-07-19_02:46:34,10082.0,11962.0,43916.0,14321.0,16132.0,43403.0
2025-07-19_02:46:34,,,,,,
2025-07-19_02:46:39,2778.0,11962.0,43916.0,3776.0,16132.0,43403.0
2025-07-19_02:46:39,9912.0,11962.0,43916.0,14175.0,16132.0,43403.0
2025-07-19_02:46:39,9840.0,11962.0,43916.0,14191.0,16132.0,43403.0
2025-07-19_02:46:40,8367.0,11962.0,43916.0,13784.0,16132.0,43403.0
2025-07-19_02:46:40,9724.0,11962.0,43916.0,14293.0,16132.0,43403.0
2025-07-19_02:46:40,9671.0,11962.0,43916.0,13986.0,16132.0,43403.0
2025-07-19_02:46:40,10012.0,11962.0,43916.0,14413.0,16132.0,43403.0
2025-07-19_02:46:41,,,,,,
2025-07-19_02:46:44,6966.0,11962.0,43916.0,3792.0,16132.0,43403.0
2025-07-19_02:46:45,9583.0,11962.0,43916.0,14223.0,16132.0,43403.0
2025-07-19_02:46:45,,,,13941.0,16132.0,43403.0
2025-07-19_02:46:48,3319.0,11962.0,43916.0,12184.0,16132.0,43403.0
2025-07-19_02:46:49,10109.0,11962.0,43916.0,14131.0,16132.0,43403.0
2025-07-19_02:46:49,,,,13838.0,16132.0,43403.0
2025-07-19_02:46:53,3358.0,11962.0,43916.0,12199.0,16132.0,43403.0
2025-07-19_02:46:53,8649.0,11962.0,43916.0,14047.0,16132.0,43403.0
2025-07-19_02:46:53,10368.0,11962.0,43916.0,14356.0,16132.0,43403.0
2025-07-19_02:46:53,10407.0,11962.0,43916.0,14676.0,16132.0,43403.0
2025-07-19_02:46:53,9898.0,11962.0,43916.0,14038.0,16132.0,43403.0
2025-07-19_02:46:54,,,,,,
2025-07-19_02:46:58,6965.0,11962.0,43916.0,3793.0,16132.0,43403.0
2025-07-19_02:46:58,,,,13732.0,16132.0,43403.0
2025-07-19_02:47:02,2778.0,11962.0,43916.0,12193.0,16132.0,43403.0
2025-07-19_02:47:02,,,,13960.0,16132.0,43403.0
2025-07-19_02:47:06,3319.0,11962.0,43916.0,12170.0,16132.0,43403.0
2025-07-19_02:47:06,,,,,,
2025-07-19_02:47:10,6961.0,11962.0,43916.0,3786.0,16132.0,43403.0
2025-07-19_02:47:10,8685.0,11962.0,43916.0,14215.0,16132.0,43403.0
2025-07-19_02:47:10,9871.0,11962.0,43917.0,14233.0,16132.0,43403.0
2025-07-19_02:47:10,9988.0,11962.0,43917.0,14503.0,16132.0,43403.0
2025-07-19_02:47:10,10029.0,11962.0,43917.0,13972.0,16132.0,43403.0
2025-07-19_02:47:11,8643.0,11962.0,43917.0,14138.0,16132.0,43403.0
2025-07-19_02:47:11,9767.0,11962.0,43917.0,14125.0,16132.0,43403.0
2025-07-19_02:47:11,9659.0,11962.0,43917.0,14100.0,16132.0,43403.0
2025-07-19_02:47:11,,,,,,
2025-07-19_02:47:15,6968.0,11962.0,43917.0,3793.0,16132.0,43403.0
2025-07-19_02:47:15,,,,,,
2025-07-19_02:47:19,6964.0,11962.0,43917.0,3792.0,16132.0,43403.0
2025-07-19_02:47:19,,,,13966.0,16132.0,43403.0
2025-07-19_02:47:23,2778.0,11962.0,43917.0,12195.0,16132.0,43403.0
2025-07-19_02:47:23,9997.0,11962.0,43917.0,14121.0,16132.0,43403.0
2025-07-19_02:47:24,10243.0,11962.0,43917.0,14349.0,16132.0,43403.0
2025-07-19_02:47:24,9838.0,11962.0,43917.0,14286.0,16132.0,43403.0
2025-07-19_02:47:24,,,,13989.0,16132.0,43403.0
2025-07-19_02:47:28,3375.0,11962.0,43917.0,12161.0,16132.0,43403.0
2025-07-19_02:47:28,8598.0,11962.0,43917.0,14114.0,16132.0,43403.0
2025-07-19_02:47:28,,,,14028.0,16132.0,43403.0
2025-07-19_02:47:32,2778.0,11962.0,43917.0,12193.0,16132.0,43403.0
2025-07-19_02:47:32,9672.0,11962.0,43917.0,13979.0,16132.0,43403.0
2025-07-19_02:47:33,10425.0,11962.0,43917.0,14536.0,16132.0,43419.0
2025-07-19_02:47:33,10060.0,11962.0,43917.0,14426.0,16132.0,43419.0
2025-07-19_02:47:33,8559.0,11962.0,43917.0,13934.0,16132.0,43419.0
2025-07-19_02:47:33,9689.0,11962.0,43917.0,14023.0,16132.0,43419.0
2025-07-19_02:47:33,10174.0,11962.0,43917.0,14164.0,16132.0,43419.0
2025-07-19_02:47:34,10014.0,11962.0,43917.0,14382.0,16132.0,43419.0
2025-07-19_02:47:34,10105.0,11962.0,43917.0,14178.0,16132.0,43419.0
2025-07-19_02:47:34,,,,14582.0,16132.0,43423.0
2025-07-19_02:47:38,3358.0,11962.0,43917.0,12189.0,16132.0,43423.0
2025-07-19_02:47:38,,,,14336.0,16132.0,43423.0
2025-07-19_02:47:42,2778.0,11962.0,43917.0,12193.0,16132.0,43423.0
2025-07-19_02:47:42,9622.0,11962.0,43917.0,13950.0,16132.0,43423.0
2025-07-19_02:47:42,,,,14172.0,16132.0,43423.0
2025-07-19_02:47:46,3375.0,11962.0,43917.0,12192.0,16132.0,43423.0
2025-07-19_02:47:46,9661.0,11962.0,43917.0,13983.0,16132.0,43423.0
2025-07-19_02:47:46,,,,,,
2025-07-19_02:47:51,2778.0,11962.0,43917.0,3778.0,16132.0,43423.0
2025-07-19_02:47:51,9690.0,11962.0,43917.0,14164.0,16132.0,43423.0
2025-07-19_02:47:51,9880.0,11962.0,43917.0,14129.0,16132.0,43423.0
2025-07-19_02:47:52,10081.0,11962.0,43917.0,14502.0,16132.0,43423.0
2025-07-19_02:47:52,10000.0,11962.0,43917.0,14181.0,16132.0,43423.0
2025-07-19_02:47:52,9682.0,11962.0,43917.0,14178.0,16132.0,43423.0
2025-07-19_02:47:52,,,,13951.0,16132.0,43423.0
2025-07-19_02:47:56,3375.0,11962.0,43917.0,12191.0,16132.0,43423.0
2025-07-19_02:47:56,,,,14102.0,16132.0,43423.0
2025-07-19_02:48:00,3302.0,11962.0,43917.0,12189.0,16132.0,43423.0
2025-07-19_02:48:00,9592.0,11962.0,43917.0,13989.0,16132.0,43423.0
2025-07-19_02:48:00,,,,13081.0,16132.0,43427.0
2025-07-19_02:48:04,2778.0,11962.0,43917.0,12163.0,16132.0,43427.0
2025-07-19_02:48:04,,,,14090.0,16132.0,43427.0
2025-07-19_02:48:08,3319.0,11962.0,43917.0,12184.0,16132.0,43427.0
2025-07-19_02:48:08,,,,14120.0,16132.0,43427.0
2025-07-19_02:48:12,,,,,,
2025-07-19_02:48:16,6970.0,11962.0,43917.0,3793.0,16132.0,43427.0
2025-07-19_02:48:16,,,,,,
2025-07-19_02:48:20,6967.0,11962.0,43917.0,3786.0,16132.0,43427.0
2025-07-19_02:48:20,9792.0,11962.0,43917.0,14080.0,16132.0,43427.0
2025-07-19_02:48:20,9375.0,11962.0,43917.0,13956.0,16132.0,43427.0
2025-07-19_02:48:21,9706.0,11962.0,43917.0,14217.0,16132.0,43427.0
2025-07-19_02:48:21,10311.0,11962.0,43917.0,14340.0,16132.0,43427.0
2025-07-19_02:48:21,,,,,,
2025-07-19_02:48:25,6963.0,11962.0,43917.0,3792.0,16132.0,43427.0
2025-07-19_02:48:25,9592.0,11962.0,43917.0,14198.0,16132.0,43427.0
2025-07-19_02:48:25,9675.0,11962.0,43917.0,14286.0,16132.0,43427.0
2025-07-19_02:48:25,,,,14178.0,16132.0,43427.0
2025-07-19_02:48:29,3375.0,11962.0,43917.0,12143.0,16132.0,43427.0
2025-07-19_02:48:29,9244.0,11962.0,43917.0,14143.0,16132.0,43427.0
2025-07-19_02:48:30,,,,,,
2025-07-19_02:48:33,6956.0,11962.0,43917.0,3793.0,16132.0,43427.0
2025-07-19_02:48:34,10577.0,11962.0,43917.0,14925.0,16132.0,43427.0
2025-07-19_02:48:34,10120.0,11962.0,43917.0,14457.0,16132.0,43427.0
2025-07-19_02:48:34,10006.0,11962.0,43917.0,14514.0,16132.0,43427.0
2025-07-19_02:48:34,10091.0,11962.0,43917.0,14320.0,16132.0,43427.0
2025-07-19_02:48:35,9580.0,11962.0,43917.0,14021.0,16132.0,43427.0
2025-07-19_02:48:35,9641.0,11962.0,43917.0,14301.0,16132.0,43427.0
2025-07-19_02:48:35,10171.0,11962.0,43917.0,14347.0,16132.0,43427.0
2025-07-19_02:48:35,9460.0,11962.0,43917.0,14173.0,16132.0,43427.0
2025-07-19_02:48:35,9664.0,11962.0,43917.0,14151.0,16132.0,43427.0
2025-07-19_02:48:36,8546.0,11962.0,43917.0,14129.0,16132.0,43427.0
2025-07-19_02:48:36,9622.0,11962.0,43917.0,14193.0,16132.0,43427.0
2025-07-19_02:48:36,8709.0,11962.0,43917.0,14272.0,16132.0,43427.0
2025-07-19_02:48:36,9844.0,11962.0,43917.0,14014.0,16132.0,43427.0
2025-07-19_02:48:37,9669.0,11962.0,43917.0,13983.0,16132.0,43427.0
2025-07-19_02:48:37,9626.0,11962.0,43917.0,14098.0,16132.0,43427.0
2025-07-19_02:48:37,10057.0,11962.0,43917.0,14405.0,16132.0,43427.0
2025-07-19_02:48:37,8601.0,11962.0,43917.0,14110.0,16132.0,43427.0
2025-07-19_02:48:37,9977.0,11962.0,43917.0,14037.0,16132.0,43427.0
2025-07-19_02:48:38,,,,13789.0,16132.0,43427.0
2025-07-19_02:48:41,3319.0,11962.0,43917.0,12162.0,16132.0,43427.0
2025-07-19_02:48:42,9694.0,11962.0,43917.0,14321.0,16132.0,43427.0
2025-07-19_02:48:42,8583.0,11962.0,43917.0,14018.0,16132.0,43427.0
2025-07-19_02:48:42,,,,,,
2025-07-19_02:48:46,6968.0,11962.0,43917.0,3793.0,16132.0,43427.0
2025-07-19_02:48:46,9868.0,11962.0,43917.0,13980.0,16132.0,43427.0
2025-07-19_02:48:46,9876.0,11962.0,43917.0,14030.0,16132.0,43427.0
2025-07-19_02:48:47,,,,,,
2025-07-19_02:48:50,6963.0,11962.0,43917.0,3792.0,16132.0,43427.0
2025-07-19_02:48:51,9528.0,11962.0,43917.0,14135.0,16132.0,43427.0
2025-07-19_02:48:51,9562.0,11962.0,43917.0,13986.0,16132.0,43427.0
2025-07-19_02:48:51,9312.0,11962.0,43917.0,13925.0,16132.0,43427.0
2025-07-19_02:48:51,8671.0,11962.0,43919.0,14093.0,16132.0,43427.0
2025-07-19_02:48:51,,,,,,
2025-07-19_02:48:55,6966.0,11962.0,43919.0,3793.0,16132.0,43427.0
2025-07-19_02:48:55,,,,14068.0,16132.0,43427.0
2025-07-19_02:48:59,3319.0,11962.0,43919.0,12197.0,16132.0,43427.0
2025-07-19_02:48:59,9517.0,11962.0,43919.0,14397.0,16132.0,43427.0
2025-07-19_02:49:00,9605.0,11962.0,43919.0,14116.0,16132.0,43427.0
2025-07-19_02:49:00,9664.0,11962.0,43919.0,14285.0,16132.0,43427.0
2025-07-19_02:49:00,9629.0,11962.0,43919.0,14090.0,16132.0,43427.0
2025-07-19_02:49:00,9836.0,11962.0,43919.0,14228.0,16132.0,43427.0
2025-07-19_02:49:01,9684.0,11962.0,43919.0,14017.0,16132.0,43427.0
2025-07-19_02:49:01,9667.0,11962.0,43919.0,14181.0,16132.0,43427.0
2025-07-19_02:49:01,10295.0,11962.0,43919.0,14458.0,16132.0,43427.0
2025-07-19_02:49:01,8552.0,11962.0,43919.0,13850.0,16132.0,43427.0
2025-07-19_02:49:01,,,,14047.0,16132.0,43427.0
2025-07-19_02:49:05,3375.0,11962.0,43919.0,12189.0,16132.0,43427.0
2025-07-19_02:49:05,9902.0,11962.0,43919.0,14326.0,16132.0,43427.0
2025-07-19_02:49:06,,,,13963.0,16132.0,43427.0
2025-07-19_02:49:09,2778.0,11962.0,43919.0,12161.0,16132.0,43427.0
2025-07-19_02:49:10,9625.0,11962.0,43919.0,14278.0,16132.0,43427.0
2025-07-19_02:49:10,9814.0,11962.0,43919.0,14024.0,16132.0,43427.0
2025-07-19_02:49:10,9907.0,11962.0,43919.0,14293.0,16132.0,43427.0
2025-07-19_02:49:10,,,,13927.0,16132.0,43427.0
2025-07-19_02:49:14,3304.0,11962.0,43919.0,12184.0,16132.0,43427.0
2025-07-19_02:49:14,9055.0,11962.0,43919.0,14124.0,16132.0,43427.0
2025-07-19_02:49:14,,,,13790.0,16132.0,43427.0
2025-07-19_02:49:18,3375.0,11962.0,43919.0,12191.0,16132.0,43427.0
2025-07-19_02:49:18,9856.0,11962.0,43919.0,13835.0,16132.0,43427.0
2025-07-19_02:49:18,9882.0,11962.0,43919.0,14128.0,16132.0,43427.0
2025-07-19_02:49:19,10093.0,11962.0,43919.0,14665.0,16132.0,43427.0
2025-07-19_02:49:19,9168.0,11962.0,43919.0,13774.0,16132.0,43427.0
2025-07-19_02:49:19,,,,14397.0,16132.0,43427.0
2025-07-19_02:49:23,3302.0,11962.0,43919.0,12184.0,16132.0,43427.0
2025-07-19_02:49:23,8597.0,11962.0,43919.0,14021.0,16132.0,43427.0
2025-07-19_02:49:23,9816.0,11962.0,43919.0,14177.0,16132.0,43427.0
2025-07-19_02:49:23,,,,13802.0,16132.0,43427.0
2025-07-19_02:49:27,3302.0,11962.0,43919.0,12189.0,16132.0,43427.0
2025-07-19_02:49:27,8695.0,11962.0,43919.0,14086.0,16132.0,43427.0
2025-07-19_02:49:28,,,,14238.0,16132.0,43427.0
2025-07-19_02:49:31,3377.0,11962.0,43919.0,12184.0,16132.0,43427.0
2025-07-19_02:49:31,9819.0,11962.0,43919.0,14069.0,16132.0,43427.0
2025-07-19_02:49:32,,,,,,
2025-07-19_02:49:36,6966.0,11962.0,43919.0,3792.0,16132.0,43427.0
2025-07-19_02:49:36,,,,14316.0,16132.0,43427.0
2025-07-19_02:49:39,3358.0,11962.0,43919.0,12180.0,16132.0,43427.0
2025-07-19_02:49:40,,,,13786.0,16132.0,43427.0
2025-07-19_02:49:43,3319.0,11962.0,43919.0,12156.0,16132.0,43427.0
2025-07-19_02:49:44,9646.0,11962.0,43919.0,14105.0,16132.0,43427.0
2025-07-19_02:49:44,10088.0,11962.0,43919.0,14312.0,16132.0,43427.0
2025-07-19_02:49:44,8493.0,11962.0,43919.0,14127.0,16132.0,43427.0
2025-07-19_02:49:44,10129.0,11962.0,43919.0,13922.0,16132.0,43427.0
2025-07-19_02:49:44,9812.0,11962.0,43919.0,14291.0,16132.0,43427.0
2025-07-19_02:49:45,,,,,,
2025-07-19_02:49:49,6963.0,11962.0,43919.0,3793.0,16132.0,43427.0
2025-07-19_02:49:49,,,,,,
2025-07-19_02:49:53,6964.0,11962.0,43919.0,3792.0,16132.0,43427.0
2025-07-19_02:49:53,8705.0,11962.0,43919.0,14316.0,16132.0,43427.0
2025-07-19_02:49:53,,,,,,
2025-07-19_02:49:57,6961.0,11962.0,43919.0,3793.0,16132.0,43427.0
2025-07-19_02:49:57,9578.0,11962.0,43919.0,14098.0,16132.0,43427.0
2025-07-19_02:49:57,,,,13966.0,16132.0,43427.0
2025-07-19_02:50:01,3319.0,11962.0,43919.0,12158.0,16132.0,43427.0
2025-07-19_02:50:01,9682.0,11962.0,43919.0,13978.0,16132.0,43427.0
2025-07-19_02:50:01,8555.0,11962.0,43919.0,13845.0,16132.0,43427.0
2025-07-19_02:50:01,,,,,,
2025-07-19_02:50:05,6976.0,11962.0,43919.0,3786.0,16132.0,43427.0
2025-07-19_02:50:06,9669.0,11962.0,43919.0,13954.0,16132.0,43427.0
2025-07-19_02:50:06,9435.0,11962.0,43919.0,14224.0,16132.0,43427.0
2025-07-19_02:50:06,,,,14428.0,16132.0,43427.0
2025-07-19_02:50:10,3319.0,11962.0,43919.0,12192.0,16132.0,43427.0
2025-07-19_02:50:10,9792.0,11962.0,43919.0,14223.0,16132.0,43427.0
2025-07-19_02:50:10,8633.0,11962.0,43919.0,14360.0,16132.0,43427.0
2025-07-19_02:50:10,9652.0,11962.0,43919.0,14184.0,16132.0,43427.0
2025-07-19_02:50:11,9858.0,11962.0,43919.0,14369.0,16132.0,43427.0
2025-07-19_02:50:11,9640.0,11962.0,43919.0,14138.0,16132.0,43427.0
2025-07-19_02:50:11,9828.0,11962.0,43919.0,14005.0,16132.0,43427.0
2025-07-19_02:50:11,,,,14061.0,16132.0,43532.0
2025-07-19_02:50:15,2778.0,11962.0,43919.0,12186.0,16132.0,43532.0
2025-07-19_02:50:15,,,,,,
2025-07-19_02:50:19,6968.0,11962.0,43919.0,3786.0,16132.0,43532.0
2025-07-19_02:50:19,9594.0,11962.0,43919.0,14010.0,16132.0,43532.0
2025-07-19_02:50:20,9235.0,11962.0,43919.0,13934.0,16132.0,43532.0
2025-07-19_02:50:20,9128.0,11962.0,43919.0,13794.0,16132.0,43532.0
2025-07-19_02:50:20,10191.0,11962.0,43919.0,14671.0,16132.0,43532.0
2025-07-19_02:50:20,9822.0,11962.0,43919.0,14032.0,16132.0,43532.0
2025-07-19_02:50:20,,,,,,
2025-07-19_02:50:24,6963.0,11962.0,43919.0,3793.0,16132.0,43532.0
2025-07-19_02:50:24,,,,13932.0,16132.0,43532.0
2025-07-19_02:50:28,3302.0,11962.0,43919.0,12200.0,16132.0,43532.0
2025-07-19_02:50:28,,,,13785.0,16132.0,43532.0
2025-07-19_02:50:32,3319.0,11962.0,43919.0,12192.0,16132.0,43532.0
2025-07-19_02:50:32,9835.0,11962.0,43919.0,14272.0,16132.0,43532.0
2025-07-19_02:50:32,9553.0,11962.0,43919.0,14144.0,16132.0,43532.0
2025-07-19_02:50:33,,,,,,
2025-07-19_02:50:36,6969.0,11962.0,43919.0,3793.0,16132.0,43532.0
2025-07-19_02:50:37,9891.0,11962.0,43919.0,14374.0,16132.0,43532.0
2025-07-19_02:50:37,,,,14095.0,16132.0,43532.0
2025-07-19_02:50:41,3319.0,11962.0,43919.0,12162.0,16132.0,43532.0
2025-07-19_02:50:41,,,,13784.0,16132.0,43532.0
2025-07-19_02:50:44,3358.0,11962.0,43919.0,12175.0,16132.0,43532.0
2025-07-19_02:50:45,,,,13999.0,16132.0,43532.0
2025-07-19_02:50:48,3358.0,11962.0,43919.0,12196.0,16132.0,43532.0
2025-07-19_02:50:49,,,,14040.0,16132.0,43532.0
2025-07-19_02:50:52,3373.0,11962.0,43919.0,12198.0,16132.0,43532.0
2025-07-19_02:50:52,,,,,,
2025-07-19_02:50:56,6964.0,11962.0,43919.0,3793.0,16132.0,43532.0
2025-07-19_02:50:56,9426.0,11962.0,43919.0,13929.0,16132.0,43532.0
2025-07-19_02:50:57,9810.0,11962.0,43919.0,14224.0,16132.0,43532.0
2025-07-19_02:50:57,9203.0,11962.0,43919.0,14108.0,16132.0,43532.0
2025-07-19_02:50:57,9640.0,11962.0,43920.0,14227.0,16132.0,43532.0
2025-07-19_02:50:57,,,,,,
2025-07-19_02:51:01,6964.0,11962.0,43920.0,3793.0,16132.0,43532.0
2025-07-19_02:51:01,,,,,,
2025-07-19_02:51:05,6964.0,11962.0,43920.0,3792.0,16132.0,43532.0
2025-07-19_02:51:05,9564.0,11962.0,43920.0,14233.0,16132.0,43532.0
2025-07-19_02:51:06,9108.0,11962.0,43920.0,13970.0,16132.0,43532.0
2025-07-19_02:51:06,10057.0,11962.0,43920.0,14528.0,16132.0,43532.0
2025-07-19_02:51:06,9893.0,11962.0,43920.0,14333.0,16132.0,43532.0
2025-07-19_02:51:06,9889.0,11962.0,43920.0,14293.0,16132.0,43532.0
2025-07-19_02:51:06,8601.0,11962.0,43920.0,14087.0,16132.0,43532.0
2025-07-19_02:51:07,9591.0,11962.0,43920.0,13981.0,16132.0,43532.0
2025-07-19_02:51:07,9651.0,11962.0,43920.0,14299.0,16132.0,43532.0
2025-07-19_02:51:07,9355.0,11962.0,43920.0,13927.0,16132.0,43532.0
2025-07-19_02:51:07,9964.0,11962.0,43920.0,14356.0,16132.0,43532.0
2025-07-19_02:51:08,8725.0,11962.0,43920.0,14179.0,16132.0,43532.0
2025-07-19_02:51:08,9815.0,11962.0,43920.0,14203.0,16132.0,43532.0
2025-07-19_02:51:08,9708.0,11962.0,43920.0,14165.0,16132.0,43532.0
2025-07-19_02:51:08,8549.0,11962.0,43920.0,14172.0,16132.0,43532.0
2025-07-19_02:51:08,9962.0,11962.0,43923.0,14386.0,16132.0,43532.0
2025-07-19_02:51:09,9371.0,11962.0,43923.0,13873.0,16132.0,43532.0
2025-07-19_02:51:09,9897.0,11962.0,43923.0,14074.0,16132.0,43532.0
2025-07-19_02:51:09,9776.0,11962.0,43923.0,14247.0,16132.0,43532.0
2025-07-19_02:51:09,,,,14392.0,16132.0,43532.0
2025-07-19_02:51:13,3375.0,11962.0,43923.0,12185.0,16132.0,43532.0
2025-07-19_02:51:13,10100.0,11962.0,43923.0,14098.0,16132.0,43532.0
2025-07-19_02:51:14,,,,14006.0,16132.0,43532.0
2025-07-19_02:51:17,3319.0,11962.0,43923.0,12161.0,16132.0,43532.0
2025-07-19_02:51:17,9599.0,11962.0,43923.0,14336.0,16132.0,43532.0
2025-07-19_02:51:18,,,,,,
2025-07-19_02:51:22,2778.0,11962.0,43923.0,3776.0,16132.0,43532.0
2025-07-19_02:51:22,8555.0,11962.0,43923.0,13939.0,16132.0,43532.0
2025-07-19_02:51:23,9645.0,11962.0,43923.0,14301.0,16132.0,43532.0
2025-07-19_02:51:23,,,,13981.0,16132.0,43532.0
2025-07-19_02:51:27,3373.0,11962.0,43923.0,12145.0,16132.0,43532.0
2025-07-19_02:51:27,9651.0,11962.0,43923.0,14180.0,16132.0,43532.0
2025-07-19_02:51:27,,,,13791.0,16132.0,43532.0
2025-07-19_02:51:31,3302.0,11962.0,43923.0,12187.0,16132.0,43532.0
2025-07-19_02:51:31,9711.0,11962.0,43923.0,14147.0,16132.0,43532.0
2025-07-19_02:51:31,9681.0,11962.0,43923.0,14172.0,16132.0,43532.0
2025-07-19_02:51:31,,,,,,
2025-07-19_02:51:35,6965.0,11962.0,43923.0,3793.0,16132.0,43532.0
2025-07-19_02:51:35,9691.0,11962.0,43923.0,14176.0,16132.0,43532.0
2025-07-19_02:51:36,9663.0,11962.0,43923.0,14179.0,16132.0,43532.0
2025-07-19_02:51:36,,,,,,
2025-07-19_02:51:40,6964.0,11962.0,43923.0,3793.0,16132.0,43532.0
2025-07-19_02:51:40,9649.0,11962.0,43923.0,14064.0,16132.0,43532.0
2025-07-19_02:51:40,9834.0,11962.0,43923.0,14217.0,16132.0,43532.0
2025-07-19_02:51:40,9462.0,11962.0,43923.0,14179.0,16132.0,43532.0
2025-07-19_02:51:41,9796.0,11962.0,43923.0,13850.0,16132.0,43532.0
2025-07-19_02:51:41,,,,14045.0,16132.0,43532.0
2025-07-19_02:51:45,2778.0,11962.0,43923.0,12195.0,16132.0,43532.0
2025-07-19_02:51:45,,,,,,
2025-07-19_02:51:49,6967.0,11962.0,43923.0,3794.0,16132.0,43532.0
2025-07-19_02:51:49,9473.0,11962.0,43923.0,14229.0,16132.0,43532.0
2025-07-19_02:51:49,,,,,,
2025-07-19_02:51:53,6963.0,11962.0,43923.0,3792.0,16132.0,43532.0
2025-07-19_02:51:53,9550.0,11962.0,43923.0,14189.0,16132.0,43532.0
2025-07-19_02:51:53,9994.0,11962.0,43924.0,14575.0,16132.0,43532.0
2025-07-19_02:51:54,9635.0,11962.0,43924.0,14306.0,16132.0,43532.0
2025-07-19_02:51:54,9888.0,11962.0,43924.0,14344.0,16132.0,43532.0
2025-07-19_02:51:54,8589.0,11962.0,43924.0,14203.0,16132.0,43532.0
2025-07-19_02:51:54,9254.0,11962.0,43924.0,13925.0,16132.0,43532.0
2025-07-19_02:51:54,10208.0,11962.0,43924.0,14572.0,16132.0,43532.0
2025-07-19_02:51:55,9726.0,11962.0,43924.0,14105.0,16132.0,43532.0
2025-07-19_02:51:55,9685.0,11962.0,43924.0,14144.0,16132.0,43532.0
2025-07-19_02:51:55,9944.0,11962.0,43924.0,14137.0,16132.0,43532.0
2025-07-19_02:51:55,,,,,,
2025-07-19_02:51:59,6960.0,11962.0,43924.0,3787.0,16132.0,43532.0
2025-07-19_02:51:59,9597.0,11962.0,43924.0,14165.0,16132.0,43532.0
2025-07-19_02:52:00,8548.0,11962.0,43924.0,14211.0,16132.0,43532.0
2025-07-19_02:52:00,9686.0,11962.0,43924.0,13976.0,16132.0,43532.0
2025-07-19_02:52:00,9448.0,11962.0,43924.0,14019.0,16132.0,43532.0
2025-07-19_02:52:00,9677.0,11962.0,43924.0,13982.0,16132.0,43532.0
2025-07-19_02:52:01,9804.0,11962.0,43932.0,14270.0,16132.0,43532.0
2025-07-19_02:52:01,9654.0,11962.0,43932.0,14284.0,16132.0,43532.0
2025-07-19_02:52:01,,,,13823.0,16132.0,43532.0
2025-07-19_02:52:05,3375.0,11962.0,43932.0,12183.0,16132.0,43532.0
2025-07-19_02:52:05,9603.0,11962.0,43932.0,14192.0,16132.0,43532.0
2025-07-19_02:52:05,10010.0,11962.0,43932.0,14541.0,16132.0,43532.0
2025-07-19_02:52:05,9934.0,11962.0,43932.0,14392.0,16132.0,43532.0
2025-07-19_02:52:06,9672.0,11962.0,43932.0,14097.0,16132.0,43532.0
2025-07-19_02:52:06,9593.0,11962.0,43932.0,13983.0,16132.0,43532.0
2025-07-19_02:52:06,9934.0,11962.0,43932.0,14310.0,16132.0,43532.0
2025-07-19_02:52:06,,,,13848.0,16132.0,43532.0
2025-07-19_02:52:10,3375.0,11962.0,43932.0,12185.0,16132.0,43532.0
2025-07-19_02:52:10,9593.0,11962.0,43932.0,13978.0,16132.0,43532.0
2025-07-19_02:52:10,9931.0,11962.0,43932.0,14099.0,16132.0,43532.0
2025-07-19_02:52:11,,,,,,
2025-07-19_02:52:14,6965.0,11962.0,43932.0,3792.0,16132.0,43532.0
2025-07-19_02:52:15,9705.0,11962.0,43932.0,13987.0,16132.0,43532.0
2025-07-19_02:52:15,,,,13823.0,16132.0,43532.0
2025-07-19_02:52:19,3302.0,11962.0,43932.0,12174.0,16132.0,43532.0
2025-07-19_02:52:19,9105.0,11962.0,43932.0,13616.0,16132.0,43532.0
2025-07-19_02:52:19,9673.0,11962.0,43932.0,13979.0,16132.0,43532.0
2025-07-19_02:52:19,9802.0,11962.0,43932.0,14213.0,16132.0,43532.0
2025-07-19_02:52:19,,,,13978.0,16132.0,43532.0
2025-07-19_02:52:23,3375.0,11962.0,43932.0,12184.0,16132.0,43532.0
2025-07-19_02:52:23,10083.0,11962.0,43932.0,14356.0,16132.0,43532.0
2025-07-19_02:52:24,9672.0,11962.0,43932.0,14044.0,16132.0,43532.0
2025-07-19_02:52:24,9995.0,11962.0,43932.0,14205.0,16132.0,43532.0
2025-07-19_02:52:24,9686.0,11962.0,43932.0,14326.0,16132.0,43532.0
2025-07-19_02:52:24,9857.0,11962.0,43935.0,14029.0,16132.0,43532.0
2025-07-19_02:52:25,9771.0,11962.0,43935.0,14098.0,16132.0,43532.0
2025-07-19_02:52:25,9643.0,11962.0,43935.0,14104.0,16132.0,43532.0
2025-07-19_02:52:25,9754.0,11962.0,43935.0,14019.0,16132.0,43532.0
2025-07-19_02:52:25,,,,14526.0,16132.0,43532.0
2025-07-19_02:52:29,2778.0,11962.0,43935.0,12183.0,16132.0,43532.0
2025-07-19_02:52:29,9676.0,11962.0,43935.0,14290.0,16132.0,43532.0
2025-07-19_02:52:29,,,,,,
2025-07-19_02:52:33,6968.0,11962.0,43935.0,3792.0,16132.0,43532.0
2025-07-19_02:52:34,9683.0,11962.0,43935.0,14153.0,16132.0,43532.0
2025-07-19_02:52:34,9837.0,11962.0,43935.0,14235.0,16132.0,43532.0
2025-07-19_02:52:34,,,,13935.0,16132.0,43532.0
2025-07-19_02:52:38,3358.0,11962.0,43935.0,12183.0,16132.0,43532.0
2025-07-19_02:52:38,,,,14098.0,16132.0,43532.0
2025-07-19_02:52:42,3319.0,11962.0,43935.0,12161.0,16132.0,43532.0
2025-07-19_02:52:42,10127.0,11962.0,43935.0,14354.0,16132.0,43532.0
2025-07-19_02:52:42,8671.0,11962.0,43935.0,14022.0,16132.0,43532.0
2025-07-19_02:52:42,9648.0,11962.0,43935.0,14101.0,16132.0,43532.0
2025-07-19_02:52:42,9927.0,11962.0,43935.0,14368.0,16132.0,43532.0
2025-07-19_02:52:43,9929.0,11962.0,43935.0,13944.0,16132.0,43532.0
2025-07-19_02:52:43,9657.0,11962.0,43935.0,13972.0,16132.0,43532.0
2025-07-19_02:52:43,,,,14112.0,16132.0,43532.0
2025-07-19_02:52:47,2778.0,11962.0,43935.0,12184.0,16132.0,43532.0
2025-07-19_02:52:47,,,,13973.0,16132.0,43532.0
2025-07-19_02:52:51,3319.0,11962.0,43935.0,12155.0,16132.0,43532.0
2025-07-19_02:52:51,10137.0,11962.0,43935.0,13972.0,16132.0,43532.0
2025-07-19_02:52:51,9872.0,11962.0,43935.0,14033.0,16132.0,43532.0
2025-07-19_02:52:52,9345.0,11962.0,43935.0,14046.0,16132.0,43532.0
2025-07-19_02:52:52,9873.0,11962.0,43935.0,14037.0,16132.0,43532.0
2025-07-19_02:52:52,9735.0,11962.0,43935.0,14138.0,16132.0,43532.0
2025-07-19_02:52:52,9870.0,11962.0,43935.0,13925.0,16132.0,43532.0
2025-07-19_02:52:52,9888.0,11962.0,43935.0,14177.0,16132.0,43532.0
2025-07-19_02:52:53,9681.0,11962.0,43935.0,14337.0,16132.0,43532.0
2025-07-19_02:52:53,,,,13941.0,16132.0,43532.0
2025-07-19_02:52:57,3319.0,11962.0,43935.0,12161.0,16132.0,43532.0
2025-07-19_02:52:57,9710.0,11962.0,43935.0,14008.0,16132.0,43532.0
2025-07-19_02:52:57,9874.0,11962.0,43935.0,14399.0,16132.0,43532.0
2025-07-19_02:52:57,9879.0,11962.0,43935.0,14326.0,16132.0,43532.0
2025-07-19_02:52:57,9661.0,11962.0,43935.0,13971.0,16132.0,43532.0
2025-07-19_02:52:58,,,,,,
2025-07-19_02:53:01,6962.0,11962.0,43935.0,3795.0,16132.0,43532.0
2025-07-19_02:53:02,,,,,,
2025-07-19_02:53:05,6961.0,11962.0,43935.0,3793.0,16132.0,43532.0
2025-07-19_02:53:06,9218.0,11962.0,43935.0,14113.0,16132.0,43532.0
2025-07-19_02:53:06,,,,,,
2025-07-19_02:53:10,6959.0,11962.0,43935.0,3793.0,16132.0,43532.0
2025-07-19_02:53:10,,,,,,
2025-07-19_02:53:14,,,,3793.0,16132.0,43532.0
2025-07-19_02:53:18,2778.0,11962.0,43935.0,12191.0,16132.0,43532.0
2025-07-19_02:53:18,9817.0,11962.0,43935.0,14250.0,16132.0,43532.0
2025-07-19_02:53:18,,,,,,
2025-07-19_02:53:22,6966.0,11962.0,43935.0,3792.0,16132.0,43532.0
2025-07-19_02:53:22,,,,,,
2025-07-19_02:53:26,6970.0,11962.0,43935.0,3792.0,16132.0,43532.0
2025-07-19_02:53:26,9618.0,11962.0,43935.0,13918.0,16132.0,43532.0
2025-07-19_02:53:26,10091.0,11962.0,43935.0,14118.0,16132.0,43532.0
2025-07-19_02:53:26,9534.0,11962.0,43935.0,14180.0,16132.0,43532.0
2025-07-19_02:53:27,9599.0,11962.0,43935.0,13997.0,16132.0,43532.0
2025-07-19_02:53:27,8610.0,11962.0,43935.0,14097.0,16132.0,43532.0
2025-07-19_02:53:27,9583.0,11962.0,43935.0,13988.0,16132.0,43532.0
2025-07-19_02:53:27,,,,13271.0,16132.0,43532.0
2025-07-19_02:53:31,2778.0,11962.0,43935.0,12186.0,16132.0,43532.0
2025-07-19_02:53:31,9252.0,11962.0,43935.0,13823.0,16132.0,43532.0
2025-07-19_02:53:32,9865.0,11962.0,43935.0,13718.0,16132.0,43532.0
2025-07-19_02:53:32,9525.0,11962.0,43935.0,13973.0,16132.0,43532.0
2025-07-19_02:53:32,9583.0,11962.0,43935.0,13967.0,16132.0,43532.0
2025-07-19_02:53:32,9816.0,11962.0,43935.0,14032.0,16132.0,43532.0
2025-07-19_02:53:32,10196.0,11962.0,43935.0,14416.0,16132.0,43532.0
2025-07-19_02:53:33,9577.0,11962.0,43935.0,14206.0,16132.0,43532.0
2025-07-19_02:53:33,9209.0,11962.0,43935.0,13946.0,16132.0,43532.0
2025-07-19_02:53:33,10320.0,11962.0,43939.0,14567.0,16132.0,43532.0
2025-07-19_02:53:33,9657.0,11962.0,43939.0,14150.0,16132.0,43532.0
2025-07-19_02:53:34,9893.0,11962.0,43939.0,14267.0,16132.0,43532.0
2025-07-19_02:53:34,10257.0,11962.0,43939.0,14301.0,16132.0,43532.0
2025-07-19_02:53:34,9421.0,11962.0,43939.0,14241.0,16132.0,43532.0
2025-07-19_02:53:34,10155.0,11962.0,43939.0,14430.0,16132.0,43532.0
2025-07-19_02:53:34,,,,13101.0,16132.0,43532.0
2025-07-19_02:53:38,2778.0,11962.0,43939.0,12184.0,16132.0,43532.0
2025-07-19_02:53:39,10300.0,11962.0,43939.0,14175.0,16132.0,43537.0
2025-07-19_02:53:39,8553.0,11962.0,43939.0,13825.0,16132.0,43537.0
2025-07-19_02:53:39,9805.0,11962.0,43939.0,14238.0,16132.0,43537.0
2025-07-19_02:53:39,9238.0,11962.0,43939.0,13657.0,16132.0,43537.0
2025-07-19_02:53:39,9827.0,11962.0,43939.0,14244.0,16132.0,43537.0
2025-07-19_02:53:40,8592.0,11962.0,43939.0,13969.0,16132.0,43537.0
2025-07-19_02:53:40,9836.0,11962.0,43939.0,14027.0,16132.0,43537.0
2025-07-19_02:53:40,9867.0,11962.0,43939.0,14052.0,16132.0,43537.0
2025-07-19_02:53:40,,,,13942.0,16132.0,43537.0
2025-07-19_02:53:44,3319.0,11962.0,43939.0,12194.0,16132.0,43537.0
2025-07-19_02:53:44,9875.0,11962.0,43939.0,14046.0,16132.0,43537.0
2025-07-19_02:53:44,8761.0,11962.0,43939.0,14248.0,16132.0,43537.0
2025-07-19_02:53:45,8633.0,11962.0,43939.0,14340.0,16132.0,43537.0
2025-07-19_02:53:45,,,,13926.0,16132.0,43537.0
2025-07-19_02:53:49,3319.0,11962.0,43939.0,12159.0,16132.0,43537.0
2025-07-19_02:53:49,9715.0,11962.0,43939.0,14236.0,16132.0,43537.0
2025-07-19_02:53:49,9879.0,11962.0,43939.0,14335.0,16132.0,43553.0
2025-07-19_02:53:49,10039.0,11962.0,43939.0,14299.0,16132.0,43553.0
2025-07-19_02:53:50,,,,14227.0,16132.0,43553.0
2025-07-19_02:53:53,3375.0,11962.0,43939.0,12185.0,16132.0,43553.0
2025-07-19_02:53:54,,,,,,
2025-07-19_02:53:57,6967.0,11962.0,43939.0,3787.0,16132.0,43553.0
2025-07-19_02:53:58,9181.0,11962.0,43939.0,13934.0,16132.0,43553.0
2025-07-19_02:53:58,,,,,,
2025-07-19_02:54:02,6963.0,11962.0,43939.0,3786.0,16132.0,43553.0
2025-07-19_02:54:02,9925.0,11962.0,43939.0,14530.0,16132.0,43553.0
2025-07-19_02:54:02,,,,14278.0,16132.0,43553.0
2025-07-19_02:54:06,3373.0,11962.0,43939.0,12190.0,16132.0,43553.0
2025-07-19_02:54:06,9669.0,11962.0,43939.0,14013.0,16132.0,43553.0
2025-07-19_02:54:06,9662.0,11962.0,43939.0,14287.0,16132.0,43553.0
2025-07-19_02:54:06,9723.0,11962.0,43939.0,14385.0,16132.0,43553.0
2025-07-19_02:54:07,9818.0,11962.0,43939.0,14008.0,16132.0,43553.0
2025-07-19_02:54:07,9691.0,11962.0,43939.0,14012.0,16132.0,43553.0
2025-07-19_02:54:07,,,,14050.0,16132.0,43553.0
2025-07-19_02:54:11,2778.0,11962.0,43939.0,12160.0,16132.0,43553.0
2025-07-19_02:54:11,9637.0,11962.0,43939.0,13906.0,16132.0,43553.0
2025-07-19_02:54:11,9151.0,11962.0,43939.0,14267.0,16132.0,43553.0
2025-07-19_02:54:11,9685.0,11962.0,43939.0,13864.0,16132.0,43553.0
2025-07-19_02:54:12,,,,,,
2025-07-19_02:54:15,6963.0,11962.0,43939.0,3794.0,16132.0,43553.0
2025-07-19_02:54:16,2778.0,11962.0,43939.0,12185.0,16132.0,43553.0
2025-07-19_02:54:17,9691.0,11962.0,43939.0,14032.0,16132.0,43553.0
2025-07-19_02:54:17,,,,13060.0,16132.0,43553.0
2025-07-19_02:54:21,2778.0,11962.0,43939.0,12193.0,16132.0,43553.0
2025-07-19_02:54:21,9147.0,11962.0,43939.0,13821.0,16132.0,43553.0
2025-07-19_02:54:21,8997.0,11962.0,43939.0,14009.0,16132.0,43553.0
2025-07-19_02:54:21,9844.0,11962.0,43939.0,13863.0,16132.0,43553.0
2025-07-19_02:54:21,,,,,,
2025-07-19_02:54:25,6967.0,11962.0,43939.0,3793.0,16132.0,43553.0
2025-07-19_02:54:25,9758.0,11962.0,43939.0,14316.0,16132.0,43553.0
2025-07-19_02:54:26,,,,,,
2025-07-19_02:54:29,6970.0,11962.0,43939.0,3792.0,16132.0,43553.0
2025-07-19_02:54:30,9987.0,11962.0,43939.0,14284.0,16132.0,43553.0
2025-07-19_02:54:30,8549.0,11962.0,43939.0,13846.0,16132.0,43553.0
2025-07-19_02:54:30,9847.0,11962.0,43939.0,14047.0,16132.0,43553.0
2025-07-19_02:54:30,,,,,,
2025-07-19_02:54:34,6964.0,11962.0,43939.0,3793.0,16132.0,43553.0
2025-07-19_02:54:34,,,,14129.0,16132.0,43553.0
2025-07-19_02:54:38,3358.0,11962.0,43939.0,12180.0,16132.0,43553.0
2025-07-19_02:54:38,,,,13820.0,16132.0,43553.0
2025-07-19_02:54:42,3319.0,11962.0,43939.0,12184.0,16132.0,43553.0
2025-07-19_02:54:42,9545.0,11962.0,43939.0,14099.0,16132.0,43553.0
2025-07-19_02:54:42,9578.0,11962.0,43939.0,14002.0,16132.0,43553.0
2025-07-19_02:54:43,9428.0,11962.0,43939.0,14258.0,16132.0,43553.0
2025-07-19_02:54:43,9374.0,11962.0,43939.0,13602.0,16132.0,43553.0
2025-07-19_02:54:43,9642.0,11962.0,43939.0,14316.0,16132.0,43553.0
2025-07-19_02:54:43,,,,13970.0,16132.0,43553.0
2025-07-19_02:54:47,3358.0,11962.0,43939.0,12159.0,16132.0,43553.0
2025-07-19_02:54:47,9868.0,11962.0,43939.0,14300.0,16132.0,43553.0
2025-07-19_02:54:47,9890.0,11962.0,43939.0,14099.0,16132.0,43553.0
2025-07-19_02:54:48,9844.0,11962.0,43939.0,14146.0,16132.0,43553.0
2025-07-19_02:54:48,8659.0,11962.0,43939.0,14067.0,16132.0,43553.0
2025-07-19_02:54:48,,,,14217.0,16132.0,43553.0
2025-07-19_02:54:52,3319.0,11962.0,43939.0,12182.0,16132.0,43553.0
2025-07-19_02:54:52,9252.0,11962.0,43939.0,13782.0,16132.0,43553.0
2025-07-19_02:54:52,9700.0,11962.0,43939.0,13992.0,16132.0,43553.0
2025-07-19_02:54:53,8658.0,11962.0,43939.0,14004.0,16132.0,43553.0
2025-07-19_02:54:53,,,,13787.0,16132.0,43553.0
2025-07-19_02:54:56,3375.0,11962.0,43939.0,12192.0,16132.0,43553.0
2025-07-19_02:54:57,8073.0,11962.0,43939.0,13058.0,16132.0,43553.0
2025-07-19_02:54:57,10201.0,11962.0,43939.0,14171.0,16132.0,43553.0
2025-07-19_02:54:57,,,,,,
2025-07-19_02:55:01,6968.0,11962.0,43939.0,3792.0,16132.0,43553.0
2025-07-19_02:55:01,,,,13280.0,16132.0,43553.0
2025-07-19_02:55:05,2778.0,11962.0,43939.0,12184.0,16132.0,43553.0
2025-07-19_02:55:05,9954.0,11962.0,43939.0,14130.0,16132.0,43553.0
2025-07-19_02:55:05,9656.0,11962.0,43939.0,13733.0,16132.0,43553.0
2025-07-19_02:55:06,8576.0,11962.0,43939.0,13944.0,16132.0,43553.0
2025-07-19_02:55:06,8595.0,11962.0,43939.0,13946.0,16132.0,43553.0
2025-07-19_02:55:06,,,,13854.0,16132.0,43553.0
2025-07-19_02:55:10,3375.0,11962.0,43939.0,12184.0,16132.0,43553.0
2025-07-19_02:55:10,9850.0,11962.0,43939.0,14039.0,16132.0,43553.0
2025-07-19_02:55:10,9823.0,11962.0,43939.0,13993.0,16132.0,43553.0
2025-07-19_02:55:10,9808.0,11962.0,43939.0,14022.0,16132.0,43553.0
2025-07-19_02:55:11,8683.0,11962.0,43948.0,13819.0,16132.0,43553.0
2025-07-19_02:55:11,9277.0,11962.0,43948.0,14105.0,16132.0,43553.0
2025-07-19_02:55:11,8643.0,11962.0,43948.0,14077.0,16132.0,43553.0
2025-07-19_02:55:11,9802.0,11962.0,43948.0,14264.0,16132.0,43553.0
2025-07-19_02:55:12,9647.0,11962.0,43948.0,14290.0,16132.0,43553.0
2025-07-19_02:55:12,9642.0,11962.0,43948.0,13912.0,16132.0,43553.0
2025-07-19_02:55:12,,,,13231.0,16132.0,43553.0
2025-07-19_02:55:16,2778.0,11962.0,43948.0,12185.0,16132.0,43553.0
2025-07-19_02:55:16,9867.0,11962.0,43948.0,14344.0,16132.0,43553.0
2025-07-19_02:55:16,9848.0,11962.0,43948.0,14228.0,16132.0,43553.0
2025-07-19_02:55:17,9853.0,11962.0,43948.0,14006.0,16132.0,43553.0
2025-07-19_02:55:17,,,,13925.0,16132.0,43553.0
2025-07-19_02:55:21,3375.0,11962.0,43948.0,12177.0,16132.0,43553.0
2025-07-19_02:55:21,9590.0,11962.0,43948.0,13980.0,16132.0,43553.0
2025-07-19_02:55:21,10231.0,11962.0,43949.0,14085.0,16132.0,43553.0
2025-07-19_02:55:21,9934.0,11962.0,43949.0,14145.0,16132.0,43553.0
2025-07-19_02:55:21,9579.0,11962.0,43949.0,14001.0,16132.0,43553.0
2025-07-19_02:55:22,9202.0,11962.0,43949.0,13873.0,16132.0,43553.0
2025-07-19_02:55:22,9789.0,11962.0,43949.0,14291.0,16132.0,43553.0
2025-07-19_02:55:22,9820.0,11962.0,43949.0,14224.0,16132.0,43553.0
2025-07-19_02:55:22,9673.0,11962.0,43949.0,13981.0,16132.0,43553.0
2025-07-19_02:55:23,,,,13785.0,16132.0,43553.0
2025-07-19_02:55:26,3375.0,11962.0,43949.0,12184.0,16132.0,43553.0
2025-07-19_02:55:26,10195.0,11962.0,43965.0,14340.0,16132.0,43553.0
2025-07-19_02:55:27,9917.0,11962.0,43965.0,14106.0,16132.0,43553.0
2025-07-19_02:55:27,9774.0,11962.0,43965.0,14576.0,16132.0,43553.0
2025-07-19_02:55:27,,,,13966.0,16132.0,43553.0
2025-07-19_02:55:31,3302.0,11962.0,43965.0,12192.0,16132.0,43553.0
2025-07-19_02:55:31,10046.0,11962.0,43965.0,14261.0,16132.0,43553.0
2025-07-19_02:55:31,9920.0,11962.0,43965.0,14322.0,16132.0,43553.0
2025-07-19_02:55:31,9685.0,11962.0,43965.0,14208.0,16132.0,43553.0
2025-07-19_02:55:32,10122.0,11962.0,43965.0,14322.0,16132.0,43553.0
2025-07-19_02:55:32,9695.0,11962.0,43965.0,14197.0,16132.0,43553.0
2025-07-19_02:55:32,9568.0,11962.0,43965.0,14024.0,16132.0,43553.0
2025-07-19_02:55:32,8571.0,11962.0,43965.0,14146.0,16132.0,43553.0
2025-07-19_02:55:33,9667.0,11962.0,43965.0,13990.0,16132.0,43553.0
2025-07-19_02:55:33,10134.0,11962.0,43965.0,14591.0,16132.0,43553.0
2025-07-19_02:55:33,8658.0,11962.0,43965.0,14028.0,16132.0,43553.0
2025-07-19_02:55:33,,,,14357.0,16132.0,43553.0
2025-07-19_02:55:37,3375.0,11962.0,43965.0,12189.0,16132.0,43553.0
2025-07-19_02:55:37,9334.0,11962.0,43965.0,13870.0,16132.0,43553.0
2025-07-19_02:55:37,9499.0,11962.0,43965.0,14361.0,16132.0,43553.0
2025-07-19_02:55:38,9852.0,11962.0,43965.0,14266.0,16132.0,43553.0
2025-07-19_02:55:38,9667.0,11962.0,43965.0,14229.0,16132.0,43553.0
2025-07-19_02:55:38,9676.0,11962.0,43965.0,14181.0,16132.0,43553.0
2025-07-19_02:55:38,9570.0,11962.0,43965.0,13762.0,16132.0,43553.0
2025-07-19_02:55:38,,,,,,
2025-07-19_02:55:42,6968.0,11962.0,43965.0,3793.0,16132.0,43553.0
2025-07-19_02:55:42,,,,,,
2025-07-19_02:55:46,6969.0,11962.0,43965.0,3792.0,16132.0,43553.0
2025-07-19_02:55:46,8524.0,11962.0,43965.0,13903.0,16132.0,43553.0
2025-07-19_02:55:47,,,,14273.0,16132.0,43553.0
2025-07-19_02:55:50,3375.0,11962.0,43965.0,12191.0,16132.0,43553.0
2025-07-19_02:55:51,,,,,,
2025-07-19_02:55:54,6964.0,11962.0,43965.0,3792.0,16132.0,43553.0
2025-07-19_02:55:55,8670.0,11962.0,43965.0,14379.0,16132.0,43553.0
2025-07-19_02:55:55,10229.0,11962.0,43965.0,14297.0,16132.0,43558.0
2025-07-19_02:55:55,9554.0,11962.0,43965.0,14459.0,16132.0,43558.0
2025-07-19_02:55:55,9213.0,11962.0,43965.0,13917.0,16132.0,43558.0
2025-07-19_02:55:55,9642.0,11962.0,43965.0,14024.0,16132.0,43558.0
2025-07-19_02:55:56,9602.0,11962.0,43965.0,14038.0,16132.0,43558.0
2025-07-19_02:55:56,8741.0,11962.0,43965.0,13996.0,16132.0,43558.0
2025-07-19_02:55:56,9967.0,11962.0,43965.0,14325.0,16132.0,43558.0
2025-07-19_02:55:56,9881.0,11962.0,43965.0,14094.0,16132.0,43558.0
2025-07-19_02:55:57,9618.0,11962.0,43965.0,14270.0,16132.0,43558.0
2025-07-19_02:55:57,9908.0,11962.0,43965.0,14400.0,16132.0,43558.0
2025-07-19_02:55:57,9833.0,11962.0,43965.0,14012.0,16132.0,43558.0
2025-07-19_02:55:57,9941.0,11962.0,43965.0,14324.0,16132.0,43558.0
2025-07-19_02:55:58,,,,13821.0,16132.0,43558.0
2025-07-19_02:56:01,3319.0,11962.0,43965.0,12188.0,16132.0,43558.0
2025-07-19_02:56:01,9790.0,11962.0,43965.0,14230.0,16132.0,43558.0
2025-07-19_02:56:02,,,,14394.0,16132.0,43558.0
2025-07-19_02:56:05,3375.0,11962.0,43965.0,12192.0,16132.0,43558.0
2025-07-19_02:56:06,9902.0,11962.0,43965.0,14247.0,16132.0,43558.0
2025-07-19_02:56:06,8545.0,11962.0,43965.0,13966.0,16132.0,43558.0
2025-07-19_02:56:06,10047.0,11962.0,43965.0,14380.0,16132.0,43558.0
2025-07-19_02:56:06,10105.0,11962.0,43965.0,14137.0,16132.0,43558.0
2025-07-19_02:56:07,9417.0,11962.0,43965.0,14116.0,16132.0,43558.0
2025-07-19_02:56:07,9177.0,11962.0,43965.0,13978.0,16132.0,43558.0
2025-07-19_02:56:07,9801.0,11962.0,43965.0,14212.0,16132.0,43558.0
2025-07-19_02:56:07,9091.0,11962.0,43965.0,13923.0,16132.0,43558.0
2025-07-19_02:56:07,9674.0,11962.0,43965.0,14235.0,16132.0,43558.0
2025-07-19_02:56:08,9253.0,11962.0,43965.0,13763.0,16132.0,43558.0
2025-07-19_02:56:08,9596.0,11962.0,43965.0,13973.0,16132.0,43558.0
2025-07-19_02:56:08,9570.0,11962.0,43965.0,14218.0,16132.0,43558.0
2025-07-19_02:56:08,9531.0,11962.0,43965.0,14102.0,16132.0,43558.0
2025-07-19_02:56:08,9815.0,11962.0,43965.0,14267.0,16132.0,43558.0
2025-07-19_02:56:09,9885.0,11962.0,43965.0,14566.0,16132.0,43558.0
2025-07-19_02:56:09,9651.0,11962.0,43965.0,14264.0,16132.0,43558.0
2025-07-19_02:56:09,10037.0,11962.0,43965.0,14390.0,16132.0,43558.0
2025-07-19_02:56:09,9665.0,11962.0,43965.0,14213.0,16132.0,43558.0
2025-07-19_02:56:10,,,,14187.0,16132.0,43558.0
2025-07-19_02:56:13,3375.0,11962.0,43965.0,12182.0,16132.0,43558.0
2025-07-19_02:56:14,9984.0,11962.0,43965.0,14338.0,16132.0,43558.0
2025-07-19_02:56:14,9926.0,11962.0,43965.0,14413.0,16132.0,43558.0
2025-07-19_02:56:14,8573.0,11962.0,43965.0,13822.0,16132.0,43558.0
2025-07-19_02:56:14,10155.0,11962.0,43965.0,14496.0,16132.0,43558.0
2025-07-19_02:56:14,9456.0,11962.0,43965.0,13972.0,16132.0,43558.0
2025-07-19_02:56:15,,,,14503.0,16132.0,43558.0
2025-07-19_02:56:18,3358.0,11962.0,43965.0,12166.0,16132.0,43558.0
2025-07-19_02:56:19,9805.0,11962.0,43965.0,14532.0,16132.0,43558.0
2025-07-19_02:56:19,9694.0,11962.0,43965.0,14198.0,16132.0,43558.0
2025-07-19_02:56:19,9781.0,11962.0,43965.0,14130.0,16132.0,43558.0
2025-07-19_02:56:19,10118.0,11962.0,43968.0,14354.0,16132.0,43558.0
2025-07-19_02:56:20,8689.0,11962.0,43968.0,14215.0,16132.0,43558.0
2025-07-19_02:56:20,10071.0,11962.0,43968.0,14310.0,16132.0,43558.0
2025-07-19_02:56:20,,,,13788.0,16132.0,43558.0
2025-07-19_02:56:24,3358.0,11962.0,43968.0,12174.0,16132.0,43558.0
2025-07-19_02:56:24,9527.0,11962.0,43968.0,14116.0,16132.0,43558.0
2025-07-19_02:56:24,9826.0,11962.0,43968.0,14011.0,16132.0,43558.0
2025-07-19_02:56:24,,,,13969.0,16132.0,43558.0
2025-07-19_02:56:28,3319.0,11962.0,43968.0,12189.0,16132.0,43558.0
2025-07-19_02:56:28,,,,13872.0,16132.0,43558.0
2025-07-19_02:56:32,3375.0,11962.0,43968.0,12165.0,16132.0,43558.0
2025-07-19_02:56:32,9467.0,11962.0,43968.0,14288.0,16132.0,43558.0
2025-07-19_02:56:32,9655.0,11962.0,43968.0,13939.0,16132.0,43558.0
2025-07-19_02:56:33,8527.0,11962.0,43968.0,14130.0,16132.0,43558.0
2025-07-19_02:56:33,9666.0,11962.0,43968.0,14161.0,16132.0,43558.0
2025-07-19_02:56:33,9039.0,11962.0,43968.0,14001.0,16132.0,43558.0
2025-07-19_02:56:33,10195.0,11962.0,43968.0,14538.0,16132.0,43558.0
2025-07-19_02:56:33,10140.0,11962.0,43968.0,14129.0,16132.0,43558.0
2025-07-19_02:56:34,,,,13806.0,16132.0,43558.0
2025-07-19_02:56:38,2778.0,11962.0,43968.0,12186.0,16132.0,43558.0
2025-07-19_02:56:38,9586.0,11962.0,43968.0,13803.0,16132.0,43558.0
2025-07-19_02:56:38,9595.0,11962.0,43968.0,13968.0,16132.0,43558.0
2025-07-19_02:56:38,,,,,,
2025-07-19_02:56:42,6963.0,11962.0,43968.0,3787.0,16132.0,43558.0
2025-07-19_02:56:42,9929.0,11962.0,43968.0,14385.0,16132.0,43558.0
2025-07-19_02:56:42,9666.0,11962.0,43968.0,14061.0,16132.0,43558.0
2025-07-19_02:56:43,9864.0,11962.0,43968.0,14013.0,16132.0,43558.0
2025-07-19_02:56:43,9773.0,11962.0,43968.0,14034.0,16132.0,43558.0
2025-07-19_02:56:43,9591.0,11962.0,43968.0,13960.0,16132.0,43558.0
2025-07-19_02:56:43,9641.0,11962.0,43968.0,13982.0,16132.0,43558.0
2025-07-19_02:56:43,,,,,,
2025-07-19_02:56:47,6970.0,11962.0,43968.0,3793.0,16132.0,43558.0
2025-07-19_02:56:48,9593.0,11962.0,43968.0,13969.0,16132.0,43558.0
2025-07-19_02:56:48,9612.0,11962.0,43968.0,14023.0,16132.0,43558.0
2025-07-19_02:56:48,9887.0,11962.0,43968.0,14310.0,16132.0,43558.0
2025-07-19_02:56:48,9796.0,11962.0,43968.0,14118.0,16132.0,43558.0
2025-07-19_02:56:48,9126.0,11962.0,43968.0,13963.0,16132.0,43558.0
2025-07-19_02:56:49,9680.0,11962.0,43968.0,14081.0,16132.0,43559.0
2025-07-19_02:56:49,8652.0,11962.0,43968.0,14472.0,16132.0,43559.0
2025-07-19_02:56:49,,,,13972.0,16132.0,43559.0
2025-07-19_02:56:53,3358.0,11962.0,43968.0,12170.0,16132.0,43559.0
2025-07-19_02:56:53,9870.0,11962.0,43968.0,14367.0,16132.0,43559.0
2025-07-19_02:56:53,,,,,,
2025-07-19_02:56:57,6966.0,11962.0,43968.0,3792.0,16132.0,43559.0
2025-07-19_02:56:57,10182.0,11962.0,43968.0,13946.0,16132.0,43559.0
2025-07-19_02:56:58,9844.0,11962.0,43968.0,14041.0,16132.0,43559.0
2025-07-19_02:56:58,9855.0,11962.0,43968.0,14262.0,16132.0,43559.0
2025-07-19_02:56:58,,,,13778.0,16132.0,43559.0
2025-07-19_02:57:02,3375.0,11962.0,43968.0,12190.0,16132.0,43559.0
2025-07-19_02:57:02,9914.0,11962.0,43968.0,14316.0,16132.0,43559.0
2025-07-19_02:57:02,,,,,,
2025-07-19_02:57:06,6963.0,11962.0,43968.0,3793.0,16132.0,43559.0
2025-07-19_02:57:06,10061.0,11962.0,43968.0,14398.0,16132.0,43559.0
2025-07-19_02:57:06,10624.0,11962.0,43968.0,14636.0,16132.0,43559.0
2025-07-19_02:57:07,9823.0,11962.0,43968.0,14012.0,16132.0,43559.0
2025-07-19_02:57:07,,,,13980.0,16132.0,43559.0
2025-07-19_02:57:10,3302.0,11962.0,43968.0,12184.0,16132.0,43559.0
2025-07-19_02:57:11,8614.0,11962.0,43968.0,14088.0,16132.0,43559.0
2025-07-19_02:57:11,,,,14321.0,16132.0,43559.0
2025-07-19_02:57:15,3375.0,11962.0,43968.0,12186.0,16132.0,43559.0
2025-07-19_02:57:15,9637.0,11962.0,43968.0,14188.0,16132.0,43559.0
2025-07-19_02:57:15,9659.0,11962.0,43968.0,13947.0,16132.0,43559.0
2025-07-19_02:57:15,9651.0,11962.0,43968.0,14089.0,16132.0,43559.0
2025-07-19_02:57:16,9534.0,11962.0,43968.0,14103.0,16132.0,43559.0
2025-07-19_02:57:16,,,,13867.0,16132.0,43559.0
2025-07-19_02:57:20,2778.0,11962.0,43968.0,12184.0,16132.0,43559.0
2025-07-19_02:57:20,,,,,,
2025-07-19_02:57:24,6963.0,11962.0,43968.0,3792.0,16132.0,43559.0
2025-07-19_02:57:24,9880.0,11962.0,43968.0,14274.0,16132.0,43559.0
2025-07-19_02:57:24,,,,13781.0,16132.0,43559.0
2025-07-19_02:57:28,3319.0,11962.0,43968.0,12192.0,16132.0,43559.0
2025-07-19_02:57:28,8606.0,11962.0,43968.0,14067.0,16132.0,43559.0
2025-07-19_02:57:28,9657.0,11962.0,43968.0,14291.0,16132.0,43559.0
2025-07-19_02:57:28,9601.0,11962.0,43968.0,13743.0,16132.0,43559.0
2025-07-19_02:57:29,9865.0,11962.0,43968.0,14107.0,16132.0,43559.0
2025-07-19_02:57:29,9633.0,11962.0,43968.0,14119.0,16132.0,43559.0
2025-07-19_02:57:29,9822.0,11962.0,43968.0,14220.0,16132.0,43559.0
2025-07-19_02:57:29,9572.0,11962.0,43968.0,13980.0,16132.0,43559.0
2025-07-19_02:57:30,9987.0,11962.0,43968.0,14398.0,16132.0,43559.0
2025-07-19_02:57:30,9997.0,11962.0,43968.0,14167.0,16132.0,43559.0
2025-07-19_02:57:30,9525.0,11962.0,43968.0,13863.0,16132.0,43559.0
2025-07-19_02:57:30,8574.0,11962.0,43968.0,13985.0,16132.0,43559.0
2025-07-19_02:57:30,,,,13835.0,16132.0,43559.0
2025-07-19_02:57:34,2778.0,11962.0,43968.0,12193.0,16132.0,43559.0
2025-07-19_02:57:34,9792.0,11977.0,43985.0,14329.0,16132.0,43559.0
2025-07-19_02:57:35,,,,13547.0,16132.0,43559.0
2025-07-19_02:57:38,3302.0,11977.0,43985.0,12188.0,16132.0,43559.0
2025-07-19_02:57:39,9782.0,11977.0,43985.0,14063.0,16132.0,43559.0
2025-07-19_02:57:39,9624.0,11977.0,43985.0,14015.0,16132.0,43559.0
2025-07-19_02:57:39,,,,,,
2025-07-19_02:57:43,6967.0,11977.0,43986.0,3792.0,16132.0,43559.0
2025-07-19_02:57:43,,,,13811.0,16132.0,43559.0
2025-07-19_02:57:47,3319.0,11977.0,43986.0,12190.0,16132.0,43559.0
2025-07-19_02:57:47,,,,13821.0,16132.0,43559.0
2025-07-19_02:57:51,3302.0,11977.0,43986.0,12194.0,16132.0,43559.0
2025-07-19_02:57:51,9695.0,11978.0,43987.0,14333.0,16132.0,43559.0
2025-07-19_02:57:51,9793.0,11978.0,43987.0,14255.0,16132.0,43559.0
2025-07-19_02:57:51,9591.0,11978.0,43987.0,13968.0,16132.0,43559.0
2025-07-19_02:57:51,10057.0,11978.0,43987.0,14380.0,16132.0,43559.0
2025-07-19_02:57:52,9654.0,11978.0,43987.0,13747.0,16132.0,43559.0
2025-07-19_02:57:52,9879.0,11978.0,43987.0,13929.0,16132.0,43559.0
2025-07-19_02:57:52,,,,14176.0,16132.0,43559.0
2025-07-19_02:57:56,3375.0,11978.0,43987.0,12187.0,16132.0,43559.0
2025-07-19_02:57:56,8552.0,11978.0,43987.0,13970.0,16132.0,43559.0
2025-07-19_02:57:56,8653.0,11978.0,43987.0,14063.0,16132.0,43559.0
2025-07-19_02:57:57,9658.0,11978.0,43987.0,14135.0,16132.0,43559.0
2025-07-19_02:57:57,9806.0,11978.0,43987.0,14264.0,16132.0,43559.0
2025-07-19_02:57:57,9675.0,11978.0,43987.0,14173.0,16132.0,43559.0
2025-07-19_02:57:57,8513.0,11978.0,43987.0,13937.0,16132.0,43559.0
2025-07-19_02:57:57,9861.0,11978.0,43987.0,14113.0,16132.0,43559.0
2025-07-19_02:57:58,9887.0,11978.0,43987.0,14133.0,16132.0,43559.0
2025-07-19_02:57:58,10233.0,11978.0,43987.0,14358.0,16132.0,43559.0
2025-07-19_02:57:58,9803.0,11978.0,43987.0,13987.0,16132.0,43559.0
2025-07-19_02:57:58,,,,14442.0,16132.0,43559.0
2025-07-19_02:58:02,2778.0,11978.0,43987.0,12184.0,16132.0,43559.0
2025-07-19_02:58:02,9708.0,11978.0,43987.0,14330.0,16132.0,43559.0
2025-07-19_02:58:03,10029.0,11978.0,43987.0,14197.0,16132.0,43559.0
2025-07-19_02:58:03,9671.0,11978.0,43987.0,13977.0,16132.0,43559.0
2025-07-19_02:58:03,9822.0,11978.0,43987.0,14009.0,16132.0,43559.0
2025-07-19_02:58:03,,,,,,
2025-07-19_02:58:07,6957.0,11978.0,43987.0,3792.0,16132.0,43559.0
2025-07-19_02:58:07,,,,14150.0,16132.0,43559.0
2025-07-19_02:58:11,3375.0,11978.0,43987.0,12188.0,16132.0,43559.0
2025-07-19_02:58:11,9592.0,11978.0,43987.0,14193.0,16132.0,43559.0
2025-07-19_02:58:11,,,,14055.0,16132.0,43559.0
2025-07-19_02:58:15,3302.0,11978.0,43987.0,12192.0,16132.0,43559.0
2025-07-19_02:58:15,,,,12044.0,16132.0,43559.0
2025-07-19_02:58:19,2778.0,11978.0,43987.0,12186.0,16132.0,43559.0
2025-07-19_02:58:19,,,,,,
2025-07-19_02:58:23,6967.0,11978.0,43987.0,3792.0,16132.0,43559.0
2025-07-19_02:58:23,9868.0,11978.0,43987.0,14371.0,16132.0,43562.0
2025-07-19_02:58:24,9929.0,11978.0,43987.0,14362.0,16132.0,43562.0
2025-07-19_02:58:24,,,,13834.0,16132.0,43562.0
2025-07-19_02:58:28,3358.0,11978.0,43987.0,12192.0,16132.0,43562.0
2025-07-19_02:58:28,,,,13895.0,16132.0,43562.0
2025-07-19_02:58:31,3375.0,11978.0,43987.0,12184.0,16132.0,43562.0
2025-07-19_02:58:32,9670.0,11978.0,43987.0,14013.0,16132.0,43562.0
2025-07-19_02:58:32,9899.0,11978.0,43987.0,14129.0,16132.0,43562.0
2025-07-19_02:58:32,9924.0,11978.0,43987.0,14219.0,16132.0,43562.0
2025-07-19_02:58:32,8634.0,11978.0,43987.0,14084.0,16132.0,43562.0
2025-07-19_02:58:33,9855.0,11978.0,43987.0,14017.0,16132.0,43562.0
2025-07-19_02:58:33,,,,,,
2025-07-19_02:58:37,6964.0,11978.0,43987.0,3792.0,16132.0,43562.0
2025-07-19_02:58:37,9813.0,11978.0,43987.0,14221.0,16132.0,43562.0
2025-07-19_02:58:37,9641.0,11978.0,43987.0,14293.0,16132.0,43562.0
2025-07-19_02:58:37,10012.0,11978.0,43987.0,14571.0,16132.0,43562.0
2025-07-19_02:58:38,9816.0,11978.0,43987.0,14017.0,16132.0,43562.0
2025-07-19_02:58:38,10038.0,11978.0,43987.0,14318.0,16132.0,43562.0
2025-07-19_02:58:38,,,,,,
2025-07-19_02:58:42,6971.0,11978.0,43987.0,3795.0,16132.0,43562.0
2025-07-19_02:58:42,9669.0,11978.0,43987.0,14102.0,16132.0,43562.0
2025-07-19_02:58:42,10093.0,11978.0,43987.0,14278.0,16132.0,43562.0
2025-07-19_02:58:42,9025.0,11978.0,43987.0,13943.0,16132.0,43562.0
2025-07-19_02:58:43,9247.0,11978.0,43987.0,13941.0,16132.0,43562.0
2025-07-19_02:58:43,9599.0,11978.0,43987.0,14230.0,16132.0,43562.0
2025-07-19_02:58:43,9249.0,11978.0,43987.0,13920.0,16132.0,43562.0
2025-07-19_02:58:43,,,,,,
2025-07-19_02:58:47,6960.0,11978.0,43994.0,3792.0,16132.0,43562.0
2025-07-19_02:58:47,9626.0,11978.0,43994.0,14293.0,16132.0,43562.0
2025-07-19_02:58:48,,,,13889.0,16132.0,43562.0
2025-07-19_02:58:52,2778.0,11978.0,43994.0,12192.0,16132.0,43562.0
2025-07-19_02:58:52,9682.0,11978.0,43994.0,14289.0,16132.0,43562.0
2025-07-19_02:58:52,9831.0,11978.0,43994.0,14029.0,16132.0,43562.0
2025-07-19_02:58:52,9708.0,11978.0,43994.0,14336.0,16132.0,43562.0
2025-07-19_02:58:52,,,,14088.0,16132.0,43562.0
2025-07-19_02:58:56,,,,,,
2025-07-19_02:59:00,6964.0,11978.0,43994.0,3793.0,16132.0,43562.0
2025-07-19_02:59:00,10005.0,11978.0,43994.0,14518.0,16132.0,43562.0
2025-07-19_02:59:01,10598.0,11978.0,43994.0,14469.0,16132.0,43562.0
2025-07-19_02:59:01,9616.0,11978.0,43994.0,14111.0,16132.0,43562.0
2025-07-19_02:59:01,9700.0,11978.0,43994.0,14107.0,16132.0,43562.0
2025-07-19_02:59:01,,,,,,
2025-07-19_02:59:05,6966.0,11978.0,43994.0,3793.0,16132.0,43562.0
2025-07-19_02:59:05,9932.0,11978.0,43994.0,14157.0,16132.0,43562.0
2025-07-19_02:59:06,9178.0,11978.0,43994.0,13792.0,16132.0,43562.0
2025-07-19_02:59:06,10184.0,11978.0,43994.0,14411.0,16132.0,43562.0
2025-07-19_02:59:06,9944.0,11978.0,43994.0,14316.0,16132.0,43562.0
2025-07-19_02:59:06,9666.0,11978.0,43994.0,14166.0,16132.0,43562.0
2025-07-19_02:59:06,9964.0,11978.0,43994.0,13880.0,16132.0,43562.0
2025-07-19_02:59:07,,,,14047.0,16132.0,43562.0
2025-07-19_02:59:10,3319.0,11978.0,43994.0,12164.0,16132.0,43562.0
2025-07-19_02:59:11,10153.0,11978.0,43994.0,14387.0,16132.0,43562.0
2025-07-19_02:59:11,,,,,,
2025-07-19_02:59:15,6954.0,11978.0,43994.0,3793.0,16132.0,43562.0
2025-07-19_02:59:15,9780.0,11978.0,43994.0,14246.0,16132.0,43562.0
2025-07-19_02:59:15,,,,,,
2025-07-19_02:59:19,6967.0,11978.0,43994.0,3792.0,16132.0,43562.0
2025-07-19_02:59:19,,,,14111.0,16132.0,43562.0
2025-07-19_02:59:23,3302.0,11978.0,43994.0,12190.0,16132.0,43562.0
2025-07-19_02:59:23,9867.0,11978.0,43994.0,14228.0,16132.0,43562.0
2025-07-19_02:59:23,,,,,,
2025-07-19_02:59:27,6969.0,11978.0,43994.0,3792.0,16132.0,43562.0
2025-07-19_02:59:27,9675.0,11978.0,43994.0,14121.0,16132.0,43562.0
2025-07-19_02:59:27,9658.0,11978.0,43994.0,14099.0,16132.0,43562.0
2025-07-19_02:59:28,,,,,,
2025-07-19_02:59:31,6963.0,11978.0,43994.0,3793.0,16132.0,43562.0
2025-07-19_02:59:32,8648.0,11978.0,43994.0,14305.0,16132.0,43562.0
2025-07-19_02:59:32,10127.0,11978.0,43994.0,14508.0,16132.0,43562.0
2025-07-19_02:59:32,,,,,,
2025-07-19_02:59:36,6968.0,11978.0,43994.0,3793.0,16132.0,43562.0
2025-07-19_02:59:36,,,,13870.0,16132.0,43562.0
2025-07-19_02:59:40,3358.0,11978.0,43994.0,12185.0,16132.0,43562.0
2025-07-19_02:59:40,,,,13784.0,16132.0,43562.0
2025-07-19_02:59:44,3358.0,11978.0,43994.0,12197.0,16132.0,43562.0
2025-07-19_02:59:44,8780.0,11978.0,44008.0,14106.0,16132.0,43562.0
2025-07-19_02:59:44,,,,13782.0,16132.0,43562.0
2025-07-19_02:59:48,3319.0,11978.0,44008.0,12184.0,16132.0,43562.0
2025-07-19_02:59:48,9996.0,11978.0,44234.0,14354.0,16132.0,43562.0
2025-07-19_02:59:48,9661.0,11978.0,44234.0,14291.0,16132.0,43562.0
2025-07-19_02:59:49,,,,,,
2025-07-19_02:59:52,6964.0,11978.0,44234.0,3787.0,16132.0,43562.0
2025-07-19_02:59:53,,,,,,
2025-07-19_02:59:56,6968.0,11978.0,44234.0,3793.0,16132.0,43562.0
2025-07-19_02:59:57,,,,14311.0,16132.0,43563.0
2025-07-19_03:00:00,3375.0,11978.0,44234.0,12183.0,16132.0,43563.0
2025-07-19_03:00:01,,,,13974.0,16132.0,43563.0
2025-07-19_03:00:04,3302.0,11978.0,44234.0,12165.0,16132.0,43563.0
2025-07-19_03:00:04,,,,,,
2025-07-19_03:00:09,2778.0,11978.0,44234.0,3776.0,16132.0,43563.0
2025-07-19_03:00:09,,,,13942.0,16132.0,43563.0
2025-07-19_03:00:13,3375.0,11978.0,44234.0,12185.0,16132.0,43563.0
2025-07-19_03:00:13,9512.0,11978.0,44234.0,13969.0,16132.0,43563.0
2025-07-19_03:00:13,9671.0,11978.0,44234.0,13967.0,16132.0,43563.0
2025-07-19_03:00:14,9653.0,11978.0,44234.0,14281.0,16132.0,43563.0
2025-07-19_03:00:14,9607.0,11978.0,44234.0,13983.0,16132.0,43563.0
2025-07-19_03:00:14,9623.0,11978.0,44234.0,14109.0,16132.0,43563.0
2025-07-19_03:00:14,10013.0,11978.0,44234.0,14356.0,16132.0,43563.0
2025-07-19_03:00:14,10195.0,11978.0,44234.0,14504.0,16132.0,43563.0
2025-07-19_03:00:15,9594.0,11978.0,44234.0,14198.0,16132.0,43563.0
2025-07-19_03:00:15,9674.0,11978.0,44234.0,14173.0,16132.0,43563.0
2025-07-19_03:00:15,9939.0,11978.0,44234.0,14108.0,16132.0,43563.0
2025-07-19_03:00:15,9693.0,11978.0,44234.0,14191.0,16132.0,43563.0
2025-07-19_03:00:16,9387.0,11978.0,44234.0,14149.0,16132.0,43563.0
2025-07-19_03:00:16,9657.0,11978.0,44234.0,14169.0,16132.0,43563.0
2025-07-19_03:00:16,9662.0,11978.0,44234.0,14292.0,16132.0,43563.0
2025-07-19_03:00:16,9733.0,11978.0,44234.0,13833.0,16132.0,43563.0
2025-07-19_03:00:17,9647.0,11978.0,44234.0,14278.0,16132.0,43563.0
2025-07-19_03:00:17,,,,13896.0,16132.0,43563.0
2025-07-19_03:00:21,2778.0,11978.0,44234.0,12182.0,16132.0,43563.0
2025-07-19_03:00:21,9665.0,11978.0,44234.0,13981.0,16132.0,43563.0
2025-07-19_03:00:21,9789.0,11978.0,44234.0,14025.0,16132.0,43563.0
2025-07-19_03:00:21,9533.0,11978.0,44234.0,14159.0,16132.0,43563.0
2025-07-19_03:00:22,9651.0,11978.0,44234.0,14126.0,16132.0,43563.0
2025-07-19_03:00:22,,,,,,
2025-07-19_03:00:26,6967.0,11978.0,44234.0,3793.0,16132.0,43563.0
2025-07-19_03:00:26,,,,14429.0,16132.0,43563.0
2025-07-19_03:00:29,3375.0,11978.0,44234.0,12184.0,16132.0,43563.0
2025-07-19_03:00:30,9687.0,11978.0,44234.0,14167.0,16132.0,43563.0
2025-07-19_03:00:30,9887.0,11978.0,44235.0,13977.0,16132.0,43563.0
2025-07-19_03:00:30,,,,,,
2025-07-19_03:00:34,6962.0,11978.0,44235.0,3793.0,16132.0,43563.0
2025-07-19_03:00:34,9601.0,11978.0,44235.0,14182.0,16132.0,43563.0
2025-07-19_03:00:34,,,,,,
2025-07-19_03:00:38,6963.0,11978.0,44235.0,3793.0,16132.0,43563.0
2025-07-19_03:00:38,9455.0,11978.0,44235.0,14128.0,16132.0,43563.0
2025-07-19_03:00:39,9615.0,11978.0,44235.0,14079.0,16132.0,43563.0
2025-07-19_03:00:39,9844.0,11978.0,44235.0,14357.0,16132.0,43563.0
2025-07-19_03:00:39,9939.0,11978.0,44235.0,14381.0,16132.0,43563.0
2025-07-19_03:00:39,9997.0,11978.0,44235.0,14565.0,16132.0,43563.0
2025-07-19_03:00:40,9686.0,11978.0,44235.0,13986.0,16132.0,43563.0
2025-07-19_03:00:40,9600.0,11978.0,44235.0,14186.0,16132.0,43563.0
2025-07-19_03:00:40,,,,13790.0,16132.0,43563.0
2025-07-19_03:00:44,3375.0,11978.0,44235.0,12191.0,16132.0,43563.0
2025-07-19_03:00:44,10166.0,11978.0,44235.0,14570.0,16132.0,43563.0
2025-07-19_03:00:44,9661.0,11978.0,44235.0,14401.0,16132.0,43563.0
2025-07-19_03:00:44,9652.0,11978.0,44235.0,13821.0,16132.0,43563.0
2025-07-19_03:00:45,,,,,,
2025-07-19_03:00:48,6966.0,11978.0,44297.0,3792.0,16132.0,43563.0
2025-07-19_03:00:49,9317.0,11978.0,44297.0,14213.0,16132.0,43563.0
2025-07-19_03:00:49,9649.0,11978.0,44297.0,14287.0,16132.0,43563.0
2025-07-19_03:00:49,9878.0,11978.0,44297.0,14231.0,16132.0,43563.0
2025-07-19_03:00:49,9924.0,11978.0,44297.0,14636.0,16132.0,43563.0
2025-07-19_03:00:49,8712.0,11978.0,44297.0,14455.0,16132.0,43563.0
2025-07-19_03:00:50,9676.0,11978.0,44297.0,14161.0,16132.0,43563.0
2025-07-19_03:00:50,,,,14271.0,16132.0,43563.0
2025-07-19_03:00:54,2778.0,11978.0,44297.0,12183.0,16132.0,43563.0
2025-07-19_03:00:54,9661.0,11978.0,44297.0,14131.0,16132.0,43563.0
2025-07-19_03:00:54,,,,,,
2025-07-19_03:00:58,6959.0,11978.0,44297.0,3793.0,16132.0,43563.0
2025-07-19_03:00:58,,,,13940.0,16132.0,43563.0
2025-07-19_03:01:02,3302.0,11978.0,44297.0,12173.0,16132.0,43563.0
2025-07-19_03:01:02,9814.0,11978.0,44298.0,14040.0,16132.0,43563.0
2025-07-19_03:01:02,9696.0,11978.0,44298.0,13905.0,16132.0,43563.0
2025-07-19_03:01:02,8748.0,11978.0,44298.0,14008.0,16132.0,43563.0
2025-07-19_03:01:03,9824.0,11978.0,44298.0,14300.0,16132.0,43563.0
2025-07-19_03:01:03,,,,,,
2025-07-19_03:01:07,6964.0,11978.0,44298.0,3793.0,16132.0,43563.0
2025-07-19_03:01:07,9208.0,11978.0,44298.0,13831.0,16132.0,43563.0
2025-07-19_03:01:07,10069.0,11978.0,44298.0,14441.0,16132.0,43563.0
2025-07-19_03:01:07,,,,,,
2025-07-19_03:01:11,6965.0,11978.0,44298.0,3792.0,16132.0,43563.0
2025-07-19_03:01:11,9808.0,11978.0,44298.0,14120.0,16132.0,43563.0
2025-07-19_03:01:12,9711.0,11978.0,44298.0,14336.0,16132.0,43563.0
2025-07-19_03:01:12,9905.0,11978.0,44298.0,14235.0,16132.0,43563.0
2025-07-19_03:01:12,9205.0,11978.0,44298.0,13814.0,16132.0,43563.0
2025-07-19_03:01:12,9783.0,11978.0,44298.0,14231.0,16132.0,43563.0
2025-07-19_03:01:12,9268.0,11978.0,44298.0,13697.0,16132.0,43563.0
2025-07-19_03:01:13,,,,13782.0,16132.0,43563.0
2025-07-19_03:01:16,3375.0,11978.0,44298.0,12184.0,16132.0,43563.0
2025-07-19_03:01:17,9602.0,11978.0,44298.0,14220.0,16132.0,43563.0
2025-07-19_03:01:17,,,,,,
2025-07-19_03:01:21,6963.0,11978.0,44298.0,3793.0,16132.0,43563.0
2025-07-19_03:01:21,9205.0,11978.0,44298.0,14117.0,16132.0,43563.0
2025-07-19_03:01:21,9778.0,11978.0,44298.0,14062.0,16132.0,43563.0
2025-07-19_03:01:21,9688.0,11978.0,44298.0,14156.0,16132.0,43563.0
2025-07-19_03:01:21,9685.0,11978.0,44298.0,13976.0,16132.0,43563.0
2025-07-19_03:01:22,9657.0,11978.0,44298.0,14131.0,16132.0,43563.0
2025-07-19_03:01:22,9833.0,11978.0,44298.0,13843.0,16132.0,43563.0
2025-07-19_03:01:22,9645.0,11978.0,44298.0,14180.0,16132.0,43563.0
2025-07-19_03:01:22,9647.0,11978.0,44298.0,14285.0,16132.0,43563.0
2025-07-19_03:01:23,,,,,,
2025-07-19_03:01:26,6965.0,11978.0,44298.0,3793.0,16132.0,43563.0
2025-07-19_03:01:27,,,,,,
2025-07-19_03:01:30,6968.0,11978.0,44298.0,3793.0,16132.0,43563.0
2025-07-19_03:01:31,,,,13836.0,16132.0,43563.0
2025-07-19_03:01:34,3302.0,11978.0,44298.0,12197.0,16132.0,43563.0
2025-07-19_03:01:34,8604.0,11978.0,44298.0,13841.0,16132.0,43563.0
2025-07-19_03:01:35,9231.0,11978.0,44298.0,14108.0,16132.0,43563.0
2025-07-19_03:01:35,9037.0,11978.0,44298.0,13821.0,16132.0,43563.0
2025-07-19_03:01:35,9259.0,11978.0,44298.0,14219.0,16132.0,43563.0
2025-07-19_03:01:35,,,,13795.0,16132.0,43563.0
2025-07-19_03:01:39,3302.0,11978.0,44298.0,12168.0,16132.0,43563.0
2025-07-19_03:01:39,,,,,,
2025-07-19_03:01:43,6967.0,11978.0,44298.0,3793.0,16132.0,43563.0
2025-07-19_03:01:43,,,,13782.0,16132.0,43563.0
2025-07-19_03:01:47,3358.0,11978.0,44298.0,12193.0,16132.0,43563.0
2025-07-19_03:01:47,,,,,,
2025-07-19_03:01:51,6962.0,11978.0,44298.0,3794.0,16132.0,43563.0
2025-07-19_03:01:51,,,,11733.0,16132.0,43565.0
2025-07-19_03:01:55,2778.0,11978.0,44298.0,12161.0,16132.0,43565.0
2025-07-19_03:01:55,9937.0,11978.0,44298.0,14372.0,16132.0,43565.0
2025-07-19_03:01:55,9601.0,11978.0,44298.0,13999.0,16132.0,43565.0
2025-07-19_03:01:56,9692.0,11978.0,44298.0,14275.0,16132.0,43565.0
2025-07-19_03:01:56,9932.0,11978.0,44298.0,14302.0,16132.0,43565.0
2025-07-19_03:01:56,,,,,,
2025-07-19_03:02:00,6967.0,11978.0,44298.0,3793.0,16132.0,43565.0
2025-07-19_03:02:00,,,,,,
2025-07-19_03:02:04,,,,3793.0,16132.0,43565.0
2025-07-19_03:02:08,2778.0,11978.0,44298.0,12189.0,16132.0,43565.0
2025-07-19_03:02:08,9658.0,11978.0,44298.0,14095.0,16132.0,43565.0
2025-07-19_03:02:08,9669.0,11978.0,44298.0,14313.0,16132.0,43565.0
2025-07-19_03:02:09,9721.0,11978.0,44298.0,13866.0,16132.0,43565.0
2025-07-19_03:02:09,9929.0,11978.0,44298.0,14298.0,16132.0,43565.0
2025-07-19_03:02:09,,,,14128.0,16132.0,43565.0
2025-07-19_03:02:13,3375.0,11978.0,44298.0,12183.0,16132.0,43565.0
2025-07-19_03:02:13,10103.0,11978.0,44298.0,14243.0,16132.0,43565.0
2025-07-19_03:02:13,,,,14118.0,16132.0,43565.0
2025-07-19_03:02:17,3358.0,11978.0,44298.0,12203.0,16132.0,43565.0
2025-07-19_03:02:17,,,,13787.0,16132.0,43565.0
2025-07-19_03:02:21,3304.0,11978.0,44298.0,12197.0,16132.0,43565.0
2025-07-19_03:02:21,,,,,,
2025-07-19_03:02:25,6964.0,11978.0,44298.0,3792.0,16132.0,43565.0
2025-07-19_03:02:25,9675.0,11978.0,44298.0,14150.0,16132.0,43565.0
2025-07-19_03:02:25,9993.0,11978.0,44298.0,14382.0,16132.0,43565.0
2025-07-19_03:02:25,,,,,,
2025-07-19_03:02:29,6955.0,11978.0,44298.0,3786.0,16132.0,43565.0
2025-07-19_03:02:29,8552.0,11978.0,44298.0,14218.0,16132.0,43565.0
2025-07-19_03:02:30,9673.0,11978.0,44298.0,14113.0,16132.0,43565.0
2025-07-19_03:02:30,,,,13794.0,16132.0,43565.0
2025-07-19_03:02:34,,,,,,
2025-07-19_03:02:37,6968.0,11978.0,44298.0,3793.0,16132.0,43565.0
2025-07-19_03:02:38,9657.0,11978.0,44298.0,14105.0,16132.0,43565.0
2025-07-19_03:02:38,9476.0,11978.0,44298.0,14156.0,16132.0,43565.0
2025-07-19_03:02:38,,,,13867.0,16132.0,43565.0
2025-07-19_03:02:42,2778.0,11978.0,44298.0,12191.0,16132.0,43565.0
2025-07-19_03:02:42,,,,14235.0,16132.0,43565.0
2025-07-19_03:02:46,3375.0,11978.0,44298.0,12167.0,16132.0,43565.0
2025-07-19_03:02:46,9835.0,11978.0,44298.0,14280.0,16132.0,43565.0
2025-07-19_03:02:46,9687.0,11978.0,44298.0,13974.0,16132.0,43565.0
2025-07-19_03:02:47,9634.0,11978.0,44298.0,14063.0,16132.0,43565.0
2025-07-19_03:02:47,10227.0,11978.0,44298.0,14297.0,16132.0,43565.0
2025-07-19_03:02:47,,,,,,
2025-07-19_03:02:51,6953.0,11978.0,44298.0,3792.0,16132.0,43565.0
2025-07-19_03:02:51,9941.0,11978.0,44298.0,14133.0,16132.0,43565.0
2025-07-19_03:02:51,9821.0,11978.0,44298.0,14007.0,16132.0,43565.0
2025-07-19_03:02:52,10422.0,11978.0,44298.0,14544.0,16132.0,43565.0
2025-07-19_03:02:52,9841.0,11978.0,44298.0,14068.0,16132.0,43565.0
2025-07-19_03:02:52,9767.0,11978.0,44298.0,14286.0,16132.0,43565.0
2025-07-19_03:02:52,9608.0,11978.0,44298.0,14272.0,16132.0,43565.0
2025-07-19_03:02:52,9678.0,11978.0,44298.0,13824.0,16132.0,43565.0
2025-07-19_03:02:53,,,,,,
2025-07-19_03:02:56,6965.0,11978.0,44298.0,3787.0,16132.0,43565.0
2025-07-19_03:02:57,9672.0,11978.0,44298.0,13976.0,16132.0,43565.0
2025-07-19_03:02:57,9852.0,11978.0,44298.0,14130.0,16132.0,43565.0
2025-07-19_03:02:57,9646.0,11978.0,44298.0,14091.0,16132.0,43565.0
2025-07-19_03:02:57,10517.0,11978.0,44298.0,14911.0,16132.0,43615.0
2025-07-19_03:02:57,,,,13779.0,16132.0,43615.0
2025-07-19_03:03:01,3319.0,11978.0,44298.0,12162.0,16132.0,43615.0
2025-07-19_03:03:01,8542.0,11978.0,44298.0,13777.0,16132.0,43615.0
2025-07-19_03:03:02,,,,,,
2025-07-19_03:03:05,6963.0,11978.0,44298.0,3793.0,16132.0,43615.0
2025-07-19_03:03:06,9325.0,11978.0,44298.0,13964.0,16132.0,43615.0
2025-07-19_03:03:06,9873.0,11978.0,44298.0,14133.0,16132.0,43615.0
2025-07-19_03:03:06,,,,13258.0,16132.0,43615.0
2025-07-19_03:03:10,2778.0,11978.0,44298.0,12189.0,16132.0,43615.0
2025-07-19_03:03:10,9669.0,11978.0,44298.0,14167.0,16132.0,43615.0
2025-07-19_03:03:10,9715.0,11978.0,44298.0,14060.0,16132.0,43615.0
2025-07-19_03:03:11,9600.0,11978.0,44298.0,13744.0,16132.0,43615.0
2025-07-19_03:03:11,9952.0,11978.0,44298.0,14264.0,16132.0,43615.0
2025-07-19_03:03:11,9669.0,11978.0,44298.0,14173.0,16132.0,43615.0
2025-07-19_03:03:11,9639.0,11978.0,44298.0,14112.0,16132.0,43615.0
2025-07-19_03:03:11,,,,13977.0,16132.0,43615.0
2025-07-19_03:03:15,2780.0,11978.0,44298.0,12187.0,16132.0,43615.0
2025-07-19_03:03:15,10066.0,11978.0,44298.0,14092.0,16132.0,43615.0
2025-07-19_03:03:16,8538.0,11978.0,44298.0,14128.0,16132.0,43615.0
2025-07-19_03:03:16,9949.0,11978.0,44298.0,14653.0,16132.0,43615.0
2025-07-19_03:03:16,9663.0,11978.0,44298.0,14274.0,16132.0,43615.0
2025-07-19_03:03:16,9468.0,11978.0,44298.0,13787.0,16132.0,43615.0
2025-07-19_03:03:16,,,,14102.0,16132.0,43615.0
2025-07-19_03:03:20,3319.0,11978.0,44298.0,12167.0,16132.0,43615.0
2025-07-19_03:03:20,9692.0,11978.0,44298.0,13973.0,16132.0,43615.0
2025-07-19_03:03:21,,,,13787.0,16132.0,43615.0
2025-07-19_03:03:24,3302.0,11978.0,44298.0,12182.0,16132.0,43615.0
2025-07-19_03:03:24,9940.0,11978.0,44298.0,14170.0,16132.0,43615.0
2025-07-19_03:03:25,,,,13971.0,16132.0,43615.0
2025-07-19_03:03:28,3302.0,11978.0,44298.0,12185.0,16132.0,43615.0
2025-07-19_03:03:29,9592.0,11978.0,44298.0,13996.0,16132.0,43615.0
2025-07-19_03:03:29,,,,,,
2025-07-19_03:03:33,6972.0,11978.0,44298.0,3793.0,16132.0,43615.0
2025-07-19_03:03:33,10025.0,11978.0,44298.0,14270.0,16132.0,43615.0
2025-07-19_03:03:33,9273.0,11978.0,44298.0,13685.0,16132.0,43615.0
2025-07-19_03:03:33,9999.0,11978.0,44298.0,14174.0,16132.0,43615.0
2025-07-19_03:03:34,9667.0,11978.0,44298.0,14164.0,16132.0,43615.0
2025-07-19_03:03:34,,,,,,
2025-07-19_03:03:38,6976.0,11978.0,44298.0,3792.0,16132.0,43615.0
2025-07-19_03:03:38,9672.0,11978.0,44298.0,13979.0,16132.0,43615.0
2025-07-19_03:03:38,9796.0,11978.0,44298.0,14038.0,16132.0,43615.0
2025-07-19_03:03:38,9887.0,11978.0,44298.0,13933.0,16132.0,43615.0
2025-07-19_03:03:39,10252.0,11978.0,44298.0,14107.0,16132.0,43615.0
2025-07-19_03:03:39,9672.0,11978.0,44298.0,13982.0,16132.0,43615.0
2025-07-19_03:03:39,9876.0,11978.0,44298.0,14343.0,16132.0,43615.0
2025-07-19_03:03:39,9799.0,11978.0,44298.0,14407.0,16132.0,43615.0
2025-07-19_03:03:39,,,,,,
2025-07-19_03:03:43,6965.0,11978.0,44298.0,3787.0,16132.0,43615.0
2025-07-19_03:03:43,9811.0,11978.0,44298.0,14393.0,16132.0,43615.0
2025-07-19_03:03:44,9866.0,11978.0,44298.0,14078.0,16132.0,43615.0
2025-07-19_03:03:44,9631.0,11978.0,44298.0,14088.0,16132.0,43615.0
2025-07-19_03:03:44,9669.0,11978.0,44298.0,13976.0,16132.0,43615.0
2025-07-19_03:03:44,9635.0,11978.0,44298.0,14238.0,16132.0,43615.0
2025-07-19_03:03:45,9922.0,11978.0,44298.0,14360.0,16132.0,43615.0
2025-07-19_03:03:45,9658.0,11978.0,44298.0,14099.0,16132.0,43615.0
2025-07-19_03:03:45,9681.0,11978.0,44298.0,13983.0,16132.0,43615.0
2025-07-19_03:03:45,9506.0,11978.0,44298.0,13937.0,16132.0,43615.0
2025-07-19_03:03:45,10051.0,11978.0,44298.0,14587.0,16132.0,43615.0
2025-07-19_03:03:46,2778.0,11978.0,44298.0,12161.0,16132.0,43615.0
2025-07-19_03:03:46,9667.0,11978.0,44298.0,14095.0,16132.0,43615.0
2025-07-19_03:03:47,9674.0,11978.0,44298.0,14162.0,16132.0,43615.0
2025-07-19_03:03:47,10228.0,11978.0,44298.0,14620.0,16132.0,43615.0
2025-07-19_03:03:47,9862.0,11978.0,44298.0,13845.0,16132.0,43615.0
2025-07-19_03:03:47,,,,14211.0,16132.0,43615.0
2025-07-19_03:03:51,3302.0,11978.0,44298.0,12193.0,16132.0,43615.0
2025-07-19_03:03:51,9682.0,11978.0,44298.0,13972.0,16132.0,43615.0
2025-07-19_03:03:51,9670.0,11978.0,44298.0,13982.0,16132.0,43615.0
2025-07-19_03:03:51,10165.0,11978.0,44298.0,14329.0,16132.0,43615.0
2025-07-19_03:03:52,,,,13966.0,16132.0,43615.0
2025-07-19_03:03:56,2778.0,11978.0,44298.0,12169.0,16132.0,43615.0
2025-07-19_03:03:56,9683.0,11978.0,44298.0,13951.0,16132.0,43615.0
2025-07-19_03:03:56,9842.0,11978.0,44298.0,14057.0,16132.0,43615.0
2025-07-19_03:03:56,9203.0,11978.0,44298.0,13953.0,16132.0,43615.0
2025-07-19_03:03:56,9682.0,11978.0,44298.0,14020.0,16132.0,43615.0
2025-07-19_03:03:57,8572.0,11978.0,44298.0,13959.0,16132.0,43615.0
2025-07-19_03:03:57,9671.0,11978.0,44298.0,14463.0,16132.0,43615.0
2025-07-19_03:03:57,9147.0,11978.0,44298.0,13981.0,16132.0,43615.0
2025-07-19_03:03:57,,,,14130.0,16132.0,43615.0
2025-07-19_03:04:01,,,,,,
2025-07-19_03:04:05,6959.0,11978.0,44298.0,3793.0,16132.0,43615.0
2025-07-19_03:04:05,,,,14305.0,16132.0,43631.0
2025-07-19_03:04:09,2778.0,11978.0,44298.0,12185.0,16132.0,43631.0
2025-07-19_03:04:09,9684.0,11978.0,44298.0,14154.0,16132.0,43631.0
2025-07-19_03:04:09,9595.0,11978.0,44298.0,13977.0,16132.0,43631.0
2025-07-19_03:04:10,,,,13802.0,16132.0,43631.0
2025-07-19_03:04:13,3319.0,11978.0,44298.0,12159.0,16132.0,43631.0
2025-07-19_03:04:14,9963.0,11978.0,44298.0,14498.0,16132.0,43631.0
2025-07-19_03:04:14,10123.0,11978.0,44298.0,14240.0,16132.0,43631.0
2025-07-19_03:04:14,9946.0,11978.0,44298.0,14384.0,16132.0,43631.0
2025-07-19_03:04:14,,,,13982.0,16132.0,43631.0
2025-07-19_03:04:18,3375.0,11978.0,44298.0,12189.0,16132.0,43631.0
2025-07-19_03:04:18,9219.0,11978.0,44298.0,14103.0,16132.0,43631.0
2025-07-19_03:04:18,9986.0,11978.0,44298.0,14056.0,16132.0,43631.0
2025-07-19_03:04:19,9646.0,11978.0,44298.0,14104.0,16132.0,43631.0
2025-07-19_03:04:19,9866.0,11978.0,44298.0,14081.0,16132.0,43631.0
2025-07-19_03:04:19,,,,13993.0,16132.0,43631.0
2025-07-19_03:04:23,3319.0,11978.0,44298.0,12182.0,16132.0,43631.0
2025-07-19_03:04:23,,,,13964.0,16132.0,43631.0
2025-07-19_03:04:27,3375.0,11978.0,44298.0,12185.0,16132.0,43631.0
2025-07-19_03:04:27,9657.0,11978.0,44298.0,14327.0,16132.0,43631.0
2025-07-19_03:04:27,9153.0,11978.0,44298.0,14112.0,16132.0,43631.0
2025-07-19_03:04:27,9841.0,11978.0,44298.0,14075.0,16132.0,43631.0
2025-07-19_03:04:27,,,,,,
2025-07-19_03:04:31,6967.0,11978.0,44298.0,3793.0,16132.0,43631.0
2025-07-19_03:04:32,,,,13809.0,16132.0,43631.0
2025-07-19_03:04:35,3319.0,11978.0,44298.0,12184.0,16132.0,43631.0
2025-07-19_03:04:35,10349.0,11978.0,44298.0,14407.0,16132.0,43631.0
2025-07-19_03:04:36,,,,,,
2025-07-19_03:04:40,6963.0,11978.0,44298.0,3792.0,16132.0,43631.0
2025-07-19_03:04:40,9485.0,11978.0,44298.0,14130.0,16132.0,43631.0
2025-07-19_03:04:40,,,,,,
2025-07-19_03:04:44,6969.0,11978.0,44298.0,3792.0,16132.0,43633.0
2025-07-19_03:04:44,9677.0,11978.0,44298.0,13965.0,16132.0,43633.0
2025-07-19_03:04:44,9669.0,11978.0,44298.0,14164.0,16132.0,43633.0
2025-07-19_03:04:44,9800.0,11978.0,44298.0,14222.0,16132.0,43633.0
2025-07-19_03:04:45,9673.0,11978.0,44298.0,13968.0,16132.0,43633.0
2025-07-19_03:04:45,,,,14294.0,16132.0,43633.0
2025-07-19_03:04:49,3373.0,11978.0,44298.0,12198.0,16132.0,43633.0
2025-07-19_03:04:49,9671.0,11978.0,44298.0,13966.0,16132.0,43633.0
2025-07-19_03:04:49,9612.0,11978.0,44298.0,14196.0,16132.0,43633.0
2025-07-19_03:04:49,9730.0,11978.0,44298.0,14103.0,16132.0,43633.0
2025-07-19_03:04:49,9679.0,11978.0,44298.0,13914.0,16132.0,43633.0
2025-07-19_03:04:50,9677.0,11978.0,44298.0,14163.0,16132.0,43633.0
2025-07-19_03:04:50,9671.0,11978.0,44298.0,14101.0,16132.0,43633.0
2025-07-19_03:04:50,9982.0,11978.0,44298.0,14379.0,16132.0,43633.0
2025-07-19_03:04:50,9671.0,11978.0,44298.0,14346.0,16132.0,43633.0
2025-07-19_03:04:51,9687.0,11978.0,44298.0,14179.0,16132.0,43633.0
2025-07-19_03:04:51,,,,14027.0,16132.0,43633.0
2025-07-19_03:04:54,3375.0,11978.0,44298.0,12186.0,16132.0,43633.0
2025-07-19_03:04:55,9671.0,11978.0,44298.0,13969.0,16132.0,43633.0
2025-07-19_03:04:55,9896.0,11978.0,44298.0,14107.0,16132.0,43633.0
2025-07-19_03:04:55,9661.0,11978.0,44298.0,14162.0,16132.0,43633.0
2025-07-19_03:04:55,,,,14148.0,16132.0,43633.0
2025-07-19_03:04:59,2778.0,11978.0,44298.0,12186.0,16132.0,43633.0
2025-07-19_03:04:59,9671.0,11978.0,44298.0,14362.0,16132.0,43633.0
2025-07-19_03:05:00,9853.0,11978.0,44298.0,14048.0,16132.0,43633.0
2025-07-19_03:05:00,,,,,,
2025-07-19_03:05:04,6967.0,11978.0,44298.0,3792.0,16132.0,43633.0
2025-07-19_03:05:04,9676.0,11978.0,44298.0,13986.0,16132.0,43633.0
2025-07-19_03:05:04,9634.0,11978.0,44298.0,14129.0,16132.0,43633.0
2025-07-19_03:05:04,9093.0,11978.0,44298.0,13974.0,16132.0,43633.0
2025-07-19_03:05:05,9669.0,11978.0,44298.0,14156.0,16132.0,43633.0
2025-07-19_03:05:05,9672.0,11978.0,44298.0,14162.0,16132.0,43633.0
2025-07-19_03:05:05,9685.0,11978.0,44298.0,14166.0,16132.0,43633.0
2025-07-19_03:05:05,10385.0,11978.0,44298.0,14756.0,16132.0,43633.0
2025-07-19_03:05:06,,,,13667.0,16132.0,43633.0
2025-07-19_03:05:09,2778.0,11978.0,44298.0,12175.0,16132.0,43633.0
2025-07-19_03:05:10,9267.0,11978.0,44298.0,14110.0,16132.0,43633.0
2025-07-19_03:05:10,9981.0,11978.0,44298.0,14374.0,16132.0,43633.0
2025-07-19_03:05:10,9674.0,11978.0,44298.0,13972.0,16132.0,43633.0
2025-07-19_03:05:10,9672.0,11978.0,44298.0,14097.0,16132.0,43633.0
2025-07-19_03:05:10,9969.0,11978.0,44298.0,14306.0,16132.0,43633.0
2025-07-19_03:05:11,,,,11876.0,16132.0,43633.0
2025-07-19_03:05:15,2778.0,11978.0,44298.0,12185.0,16132.0,43633.0
2025-07-19_03:05:15,9673.0,11978.0,44298.0,13979.0,16132.0,43633.0
2025-07-19_03:05:15,9575.0,11978.0,44298.0,14189.0,16132.0,43633.0
2025-07-19_03:05:15,9672.0,11978.0,44298.0,13973.0,16132.0,43633.0
2025-07-19_03:05:15,,,,14032.0,16132.0,43633.0
2025-07-19_03:05:19,3358.0,11978.0,44298.0,12185.0,16132.0,43633.0
2025-07-19_03:05:19,9678.0,11978.0,44298.0,13977.0,16132.0,43633.0
2025-07-19_03:05:20,10125.0,11978.0,44298.0,14353.0,16132.0,43633.0
2025-07-19_03:05:20,,,,,,
2025-07-19_03:05:24,6969.0,11978.0,44298.0,3787.0,16132.0,43633.0
2025-07-19_03:05:24,9681.0,11978.0,44298.0,14158.0,16132.0,43633.0
2025-07-19_03:05:24,9872.0,11978.0,44298.0,14353.0,16132.0,43633.0
2025-07-19_03:05:24,9811.0,11978.0,44298.0,14077.0,16132.0,43633.0
2025-07-19_03:05:25,9665.0,11978.0,44298.0,13983.0,16132.0,43633.0
2025-07-19_03:05:25,9370.0,11978.0,44298.0,13859.0,16132.0,43633.0
2025-07-19_03:05:25,9688.0,11978.0,44298.0,13968.0,16132.0,43633.0
2025-07-19_03:05:25,9859.0,11978.0,44298.0,13987.0,16132.0,43633.0
2025-07-19_03:05:25,9672.0,11978.0,44326.0,13970.0,16132.0,43633.0
2025-07-19_03:05:26,9675.0,11978.0,44326.0,13978.0,16132.0,43633.0
2025-07-19_03:05:26,10226.0,11978.0,44326.0,14386.0,16132.0,43633.0
2025-07-19_03:05:26,9666.0,11978.0,44326.0,13972.0,16132.0,43633.0
2025-07-19_03:05:26,8662.0,11978.0,44326.0,13978.0,16132.0,43633.0
2025-07-19_03:05:26,9636.0,11978.0,44326.0,14136.0,16132.0,43633.0
2025-07-19_03:05:27,9577.0,11978.0,44326.0,14200.0,16132.0,43633.0
2025-07-19_03:05:27,,,,,,
2025-07-19_03:05:31,6969.0,11978.0,44326.0,3793.0,16132.0,43633.0
2025-07-19_03:05:31,9645.0,11978.0,44326.0,13975.0,16132.0,43633.0
2025-07-19_03:05:31,,,,13786.0,16132.0,43633.0
2025-07-19_03:05:35,3375.0,11978.0,44326.0,12180.0,16132.0,43633.0
2025-07-19_03:05:35,9924.0,11978.0,44326.0,14362.0,16132.0,43633.0
2025-07-19_03:05:35,,,,13971.0,16132.0,43633.0
2025-07-19_03:05:39,3302.0,11978.0,44326.0,12174.0,16132.0,43633.0
2025-07-19_03:05:39,9186.0,11978.0,44326.0,14102.0,16132.0,43633.0
2025-07-19_03:05:39,,,,,,
2025-07-19_03:05:43,6967.0,11978.0,44326.0,3793.0,16132.0,43633.0
2025-07-19_03:05:44,9657.0,11978.0,44326.0,14455.0,16132.0,43633.0
2025-07-19_03:05:44,9688.0,11978.0,44326.0,14169.0,16132.0,43633.0
2025-07-19_03:05:44,9538.0,11978.0,44326.0,14015.0,16132.0,43633.0
2025-07-19_03:05:44,9671.0,11978.0,44326.0,14171.0,16132.0,43633.0
2025-07-19_03:05:45,9684.0,11978.0,44326.0,13979.0,16132.0,43633.0
2025-07-19_03:05:45,9685.0,11978.0,44326.0,14017.0,16132.0,43633.0
2025-07-19_03:05:45,9808.0,11978.0,44326.0,14217.0,16132.0,43633.0
2025-07-19_03:05:45,9644.0,11978.0,44326.0,14280.0,16132.0,43633.0
2025-07-19_03:05:45,,,,,,
2025-07-19_03:05:49,6965.0,11978.0,44326.0,3786.0,16132.0,43633.0
2025-07-19_03:05:49,,,,,,
2025-07-19_03:05:53,6968.0,11978.0,44326.0,3793.0,16132.0,43633.0
2025-07-19_03:05:53,9675.0,11978.0,44326.0,14173.0,16132.0,43633.0
2025-07-19_03:05:54,9838.0,11978.0,44326.0,14225.0,16132.0,43633.0
2025-07-19_03:05:54,,,,14050.0,16132.0,43633.0
2025-07-19_03:05:58,2778.0,11978.0,44326.0,12172.0,16132.0,43633.0
2025-07-19_03:05:58,9673.0,11978.0,44326.0,13981.0,16132.0,43633.0
2025-07-19_03:05:58,9797.0,11978.0,44326.0,14311.0,16132.0,43633.0
2025-07-19_03:05:58,9817.0,11978.0,44326.0,14233.0,16132.0,43633.0
2025-07-19_03:05:59,9652.0,11978.0,44326.0,14109.0,16132.0,43633.0
2025-07-19_03:05:59,,,,,,
2025-07-19_03:06:03,2778.0,11978.0,44326.0,3776.0,16132.0,43633.0
2025-07-19_03:06:04,,,,13774.0,16132.0,43633.0
2025-07-19_03:06:07,3319.0,11978.0,44326.0,12187.0,16132.0,43633.0
2025-07-19_03:06:07,9969.0,11978.0,44327.0,14281.0,16132.0,43633.0
2025-07-19_03:06:08,9676.0,11978.0,44327.0,14202.0,16132.0,43633.0
2025-07-19_03:06:08,9666.0,11978.0,44327.0,14288.0,16132.0,43633.0
2025-07-19_03:06:08,9176.0,11978.0,44327.0,14119.0,16132.0,43633.0
2025-07-19_03:06:08,9678.0,11978.0,44327.0,14001.0,16132.0,43633.0
2025-07-19_03:06:09,9421.0,11978.0,44327.0,14202.0,16132.0,43633.0
2025-07-19_03:06:09,9382.0,11978.0,44327.0,14108.0,16132.0,43633.0
2025-07-19_03:06:09,9411.0,11978.0,44327.0,13934.0,16132.0,43633.0
2025-07-19_03:06:09,,,,,,
2025-07-19_03:06:13,6968.0,11978.0,44327.0,3795.0,16132.0,43633.0
2025-07-19_03:06:13,9648.0,11978.0,44327.0,14135.0,16132.0,43633.0
2025-07-19_03:06:14,9680.0,11978.0,44328.0,14167.0,16132.0,43633.0
2025-07-19_03:06:14,9679.0,11978.0,44328.0,14230.0,16132.0,43633.0
2025-07-19_03:06:14,,,,,,
2025-07-19_03:06:18,6968.0,11978.0,44328.0,3792.0,16132.0,43633.0
2025-07-19_03:06:18,10107.0,11978.0,44328.0,14250.0,16132.0,43633.0
2025-07-19_03:06:18,,,,,,
2025-07-19_03:06:22,6970.0,11978.0,44328.0,3793.0,16132.0,43633.0
2025-07-19_03:06:22,10211.0,11978.0,44328.0,14351.0,16132.0,43633.0
2025-07-19_03:06:22,9667.0,11978.0,44328.0,14291.0,16132.0,43633.0
2025-07-19_03:06:23,9793.0,11978.0,44328.0,14027.0,16132.0,43633.0
2025-07-19_03:06:23,9655.0,11978.0,44328.0,14109.0,16132.0,43633.0
2025-07-19_03:06:23,9673.0,11978.0,44328.0,14262.0,16132.0,43633.0
2025-07-19_03:06:23,9938.0,11978.0,44328.0,14522.0,16132.0,43633.0
2025-07-19_03:06:24,9671.0,11978.0,44328.0,13984.0,16132.0,43633.0
2025-07-19_03:06:24,,,,14237.0,16132.0,43633.0
2025-07-19_03:06:28,2778.0,11978.0,44328.0,12185.0,16132.0,43633.0
2025-07-19_03:06:28,9594.0,11978.0,44328.0,14187.0,16132.0,43633.0
2025-07-19_03:06:28,9846.0,11978.0,44328.0,14271.0,16132.0,43633.0
2025-07-19_03:06:28,,,,14046.0,16132.0,43633.0
2025-07-19_03:06:32,3319.0,11978.0,44328.0,12191.0,16132.0,43633.0
2025-07-19_03:06:32,9667.0,11978.0,44328.0,13965.0,16132.0,43633.0
2025-07-19_03:06:33,9670.0,11978.0,44328.0,14177.0,16132.0,43633.0
2025-07-19_03:06:33,,,,,,
2025-07-19_03:06:37,6965.0,11978.0,44328.0,3793.0,16132.0,43633.0
2025-07-19_03:06:37,,,,14093.0,16132.0,43633.0
2025-07-19_03:06:40,3375.0,11978.0,44328.0,12162.0,16132.0,43633.0
2025-07-19_03:06:41,9668.0,11978.0,44328.0,13975.0,16132.0,43633.0
2025-07-19_03:06:41,9514.0,11978.0,44328.0,14094.0,16132.0,43633.0
2025-07-19_03:06:41,9790.0,11978.0,44328.0,14219.0,16132.0,43633.0
2025-07-19_03:06:41,9788.0,11978.0,44328.0,14379.0,16132.0,43633.0
2025-07-19_03:06:42,,,,,,
2025-07-19_03:06:45,6965.0,11978.0,44328.0,3792.0,16132.0,43633.0
2025-07-19_03:06:46,9673.0,11978.0,44328.0,13981.0,16132.0,43633.0
2025-07-19_03:06:46,9897.0,11978.0,44328.0,14251.0,16132.0,43633.0
2025-07-19_03:06:46,,,,14348.0,16132.0,43633.0
2025-07-19_03:06:50,3358.0,11978.0,44328.0,12189.0,16132.0,43633.0
2025-07-19_03:06:50,9671.0,11978.0,44328.0,13802.0,16132.0,43633.0
2025-07-19_03:06:50,9257.0,11978.0,44328.0,14114.0,16132.0,43633.0
2025-07-19_03:06:50,9712.0,11978.0,44328.0,14049.0,16132.0,43633.0
2025-07-19_03:06:51,,,,,,
2025-07-19_03:06:54,6970.0,11978.0,44328.0,3792.0,16132.0,43633.0
2025-07-19_03:06:55,9936.0,11978.0,44328.0,14338.0,16132.0,43633.0
2025-07-19_03:06:55,9879.0,11978.0,44328.0,14366.0,16132.0,43633.0
2025-07-19_03:06:55,9657.0,11978.0,44328.0,14387.0,16132.0,43633.0
2025-07-19_03:06:55,9594.0,11978.0,44328.0,14199.0,16132.0,43633.0
2025-07-19_03:06:56,9809.0,11978.0,44328.0,14225.0,16132.0,43633.0
2025-07-19_03:06:56,9807.0,11978.0,44328.0,14032.0,16132.0,43633.0
2025-07-19_03:06:56,9672.0,11978.0,44328.0,14168.0,16132.0,43633.0
2025-07-19_03:06:56,9669.0,11978.0,44328.0,13973.0,16132.0,43633.0
2025-07-19_03:06:57,9585.0,11978.0,44328.0,14106.0,16132.0,43633.0
2025-07-19_03:06:57,9173.0,11978.0,44328.0,13979.0,16132.0,43633.0
2025-07-19_03:06:57,9589.0,11978.0,44328.0,14200.0,16132.0,43633.0
2025-07-19_03:06:57,9685.0,11978.0,44328.0,14162.0,16132.0,43633.0
2025-07-19_03:06:58,9807.0,11978.0,44328.0,14158.0,16132.0,43633.0
2025-07-19_03:06:58,,,,,,
2025-07-19_03:07:02,6964.0,11978.0,44328.0,3793.0,16132.0,43633.0
2025-07-19_03:07:02,9639.0,11978.0,44328.0,14279.0,16132.0,43633.0
2025-07-19_03:07:02,9176.0,11978.0,44328.0,14053.0,16132.0,43633.0
2025-07-19_03:07:02,9686.0,11978.0,44328.0,13983.0,16132.0,43633.0
2025-07-19_03:07:02,9599.0,11978.0,44328.0,14003.0,16132.0,43633.0
2025-07-19_03:07:03,,,,11688.0,16132.0,43633.0
2025-07-19_03:07:07,2778.0,11978.0,44328.0,12183.0,16132.0,43633.0
2025-07-19_03:07:07,9831.0,11978.0,44328.0,14257.0,16132.0,43633.0
2025-07-19_03:07:07,9654.0,11978.0,44328.0,14105.0,16132.0,43633.0
2025-07-19_03:07:07,9670.0,11978.0,44328.0,13964.0,16132.0,43633.0
2025-07-19_03:07:07,9676.0,11978.0,44328.0,14301.0,16132.0,43633.0
2025-07-19_03:07:08,10090.0,11978.0,44328.0,14255.0,16132.0,43633.0
2025-07-19_03:07:08,9669.0,11978.0,44328.0,14307.0,16132.0,43633.0
2025-07-19_03:07:08,9821.0,11978.0,44328.0,14273.0,16132.0,43633.0
2025-07-19_03:07:08,9685.0,11978.0,44328.0,14335.0,16132.0,43633.0
2025-07-19_03:07:09,,,,,,
2025-07-19_03:07:12,6965.0,11978.0,44328.0,3792.0,16132.0,43633.0
2025-07-19_03:07:13,9678.0,11978.0,44328.0,13982.0,16132.0,43633.0
2025-07-19_03:07:13,9670.0,11978.0,44328.0,14161.0,16132.0,43633.0
2025-07-19_03:07:13,9649.0,11978.0,44328.0,14280.0,16132.0,43633.0
2025-07-19_03:07:13,9670.0,11978.0,44328.0,13920.0,16132.0,43633.0
2025-07-19_03:07:14,9670.0,11978.0,44328.0,13981.0,16132.0,43633.0
2025-07-19_03:07:14,9902.0,11978.0,44328.0,14253.0,16132.0,43633.0
2025-07-19_03:07:14,9663.0,11978.0,44328.0,13933.0,16132.0,43633.0
2025-07-19_03:07:14,10121.0,11978.0,44328.0,14286.0,16132.0,43633.0
2025-07-19_03:07:14,9806.0,11978.0,44328.0,14309.0,16132.0,43633.0
2025-07-19_03:07:15,9810.0,11978.0,44328.0,14233.0,16132.0,43633.0
2025-07-19_03:07:15,,,,,,
2025-07-19_03:07:19,6964.0,11978.0,44328.0,3793.0,16132.0,43633.0
2025-07-19_03:07:19,9676.0,11978.0,44328.0,14298.0,16132.0,43633.0
2025-07-19_03:07:19,9645.0,11978.0,44328.0,14286.0,16132.0,43633.0
2025-07-19_03:07:19,,,,,,
2025-07-19_03:07:23,6965.0,11978.0,44328.0,3792.0,16132.0,43633.0
2025-07-19_03:07:23,9681.0,11978.0,44328.0,13975.0,16132.0,43633.0
2025-07-19_03:07:24,,,,13763.0,16132.0,43633.0
2025-07-19_03:07:27,3358.0,11978.0,44328.0,12188.0,16132.0,43633.0
2025-07-19_03:07:28,,,,,,
2025-07-19_03:07:31,6974.0,11978.0,44328.0,3792.0,16132.0,43633.0
2025-07-19_03:07:32,9679.0,11978.0,44328.0,14211.0,16132.0,43633.0
2025-07-19_03:07:32,,,,,,
2025-07-19_03:07:36,6966.0,11978.0,44328.0,3793.0,16132.0,43633.0
2025-07-19_03:07:36,9834.0,11978.0,44328.0,14223.0,16132.0,43633.0
2025-07-19_03:07:36,9665.0,11978.0,44328.0,13959.0,16132.0,43633.0
2025-07-19_03:07:36,,,,14378.0,16132.0,43633.0
2025-07-19_03:07:40,3358.0,11978.0,44328.0,12190.0,16132.0,43633.0
2025-07-19_03:07:40,9799.0,11978.0,44328.0,14254.0,16132.0,43633.0
2025-07-19_03:07:40,9671.0,11978.0,44328.0,14193.0,16132.0,43633.0
2025-07-19_03:07:41,,,,13916.0,16132.0,43633.0
2025-07-19_03:07:45,2778.0,11978.0,44328.0,12189.0,16132.0,43633.0
2025-07-19_03:07:45,9497.0,11978.0,44328.0,14288.0,16132.0,43633.0
2025-07-19_03:07:45,,,,13790.0,16132.0,43633.0
2025-07-19_03:07:49,3319.0,11978.0,44328.0,12158.0,16132.0,43633.0
2025-07-19_03:07:49,,,,,,
2025-07-19_03:07:53,6967.0,11978.0,44328.0,3792.0,16132.0,43633.0
2025-07-19_03:07:53,9670.0,11978.0,44328.0,13961.0,16132.0,43633.0
2025-07-19_03:07:53,,,,,,
2025-07-19_03:07:58,2778.0,11978.0,44328.0,3776.0,16132.0,43633.0
2025-07-19_03:07:58,9669.0,11978.0,44328.0,14004.0,16132.0,43633.0
2025-07-19_03:07:58,,,,13792.0,16132.0,43633.0
2025-07-19_03:08:02,3319.0,11978.0,44328.0,12191.0,16132.0,43633.0
2025-07-19_03:08:02,9893.0,11978.0,44328.0,14081.0,16132.0,43633.0
2025-07-19_03:08:02,9503.0,11978.0,44328.0,13893.0,16132.0,43633.0
2025-07-19_03:08:02,9730.0,11978.0,44328.0,13864.0,16132.0,43633.0
2025-07-19_03:08:03,9679.0,11978.0,44328.0,14201.0,16132.0,43633.0
2025-07-19_03:08:03,,,,,,
2025-07-19_03:08:07,6967.0,11978.0,44328.0,3792.0,16132.0,43633.0
2025-07-19_03:08:07,10064.0,11978.0,44328.0,14308.0,16132.0,43633.0
2025-07-19_03:08:07,9671.0,11978.0,44328.0,13977.0,16132.0,43633.0
2025-07-19_03:08:07,10100.0,11978.0,44328.0,14172.0,16132.0,43633.0
2025-07-19_03:08:07,10204.0,11978.0,44328.0,14422.0,16132.0,43633.0
2025-07-19_03:08:08,9666.0,11978.0,44328.0,13960.0,16132.0,43633.0
2025-07-19_03:08:08,9676.0,11978.0,44328.0,13982.0,16132.0,43633.0
2025-07-19_03:08:08,9672.0,11978.0,44328.0,14164.0,16132.0,43633.0
2025-07-19_03:08:08,9596.0,11978.0,44328.0,13957.0,16132.0,43633.0
2025-07-19_03:08:09,9670.0,11978.0,44328.0,13854.0,16132.0,43633.0
2025-07-19_03:08:09,9799.0,11978.0,44328.0,14223.0,16132.0,43633.0
2025-07-19_03:08:09,,,,13772.0,16132.0,43633.0
2025-07-19_03:08:13,3358.0,11978.0,44328.0,12166.0,16132.0,43633.0
2025-07-19_03:08:13,,,,,,
2025-07-19_03:08:17,6969.0,11978.0,44328.0,3793.0,16132.0,43633.0
2025-07-19_03:08:17,9671.0,11978.0,44328.0,14129.0,16132.0,43633.0
2025-07-19_03:08:17,9532.0,11978.0,44328.0,14310.0,16132.0,43633.0
2025-07-19_03:08:17,9739.0,11978.0,44328.0,14224.0,16132.0,43633.0
2025-07-19_03:08:18,9668.0,11978.0,44328.0,13981.0,16132.0,43633.0
2025-07-19_03:08:18,10095.0,11978.0,44328.0,14247.0,16132.0,43633.0
2025-07-19_03:08:18,9667.0,11978.0,44328.0,14165.0,16132.0,43633.0
2025-07-19_03:08:18,9651.0,11978.0,44328.0,14106.0,16132.0,43633.0
2025-07-19_03:08:18,9673.0,11978.0,44328.0,13972.0,16132.0,43633.0
2025-07-19_03:08:19,9803.0,11978.0,44328.0,14226.0,16132.0,43633.0
2025-07-19_03:08:19,9644.0,11978.0,44328.0,14000.0,16132.0,43633.0
2025-07-19_03:08:19,9679.0,11978.0,44328.0,14193.0,16132.0,43633.0
2025-07-19_03:08:19,,,,12047.0,16132.0,43635.0
2025-07-19_03:08:23,2778.0,11978.0,44328.0,12189.0,16132.0,43635.0
2025-07-19_03:08:23,,,,13814.0,16132.0,43635.0
2025-07-19_03:08:27,3375.0,11978.0,44328.0,12172.0,16132.0,43635.0
2025-07-19_03:08:27,9671.0,11978.0,44328.0,14172.0,16132.0,43635.0
2025-07-19_03:08:28,9672.0,11978.0,44328.0,14166.0,16132.0,43635.0
2025-07-19_03:08:28,,,,,,
2025-07-19_03:08:32,2778.0,11978.0,44328.0,3776.0,16132.0,43635.0
2025-07-19_03:08:33,10200.0,11978.0,44328.0,14580.0,16132.0,43635.0
2025-07-19_03:08:33,9410.0,11978.0,44328.0,14107.0,16132.0,43635.0
2025-07-19_03:08:33,9844.0,11978.0,44328.0,14049.0,16132.0,43635.0
2025-07-19_03:08:33,9710.0,11978.0,44328.0,14014.0,16132.0,43635.0
2025-07-19_03:08:33,10140.0,11978.0,44328.0,14344.0,16132.0,43635.0
2025-07-19_03:08:34,9769.0,11978.0,44328.0,14273.0,16132.0,43635.0
2025-07-19_03:08:34,9674.0,11978.0,44328.0,13789.0,16132.0,43635.0
2025-07-19_03:08:34,9841.0,11978.0,44328.0,14228.0,16132.0,43635.0
2025-07-19_03:08:34,,,,14259.0,16132.0,43635.0
2025-07-19_03:08:38,2778.0,11978.0,44328.0,12192.0,16132.0,43635.0
2025-07-19_03:08:38,,,,13786.0,16132.0,43635.0
2025-07-19_03:08:42,3358.0,11978.0,44328.0,12189.0,16132.0,43635.0
2025-07-19_03:08:42,9672.0,11978.0,44328.0,13976.0,16132.0,43635.0
2025-07-19_03:08:43,,,,,,
2025-07-19_03:08:46,6963.0,11978.0,44328.0,3793.0,16132.0,43635.0
2025-07-19_03:08:47,9671.0,11978.0,44328.0,14173.0,16132.0,43635.0
2025-07-19_03:08:47,9673.0,11978.0,44328.0,13973.0,16132.0,43635.0
2025-07-19_03:08:47,9754.0,11978.0,44328.0,14282.0,16132.0,43635.0
2025-07-19_03:08:47,9845.0,11978.0,44328.0,14259.0,16132.0,43635.0
2025-07-19_03:08:48,,,,13974.0,16132.0,43635.0
2025-07-19_03:08:51,3375.0,11978.0,44328.0,12186.0,16132.0,43635.0
2025-07-19_03:08:51,,,,,,
2025-07-19_03:08:56,2778.0,11978.0,44328.0,3776.0,16132.0,43635.0
2025-07-19_03:08:56,,,,14418.0,16132.0,43635.0
2025-07-19_03:09:00,3358.0,11978.0,44328.0,12196.0,16132.0,43635.0
2025-07-19_03:09:00,9667.0,11978.0,44328.0,13977.0,16132.0,43635.0
2025-07-19_03:09:00,9687.0,11978.0,44328.0,13981.0,16132.0,43635.0
2025-07-19_03:09:00,9666.0,11978.0,44328.0,14280.0,16132.0,43635.0
2025-07-19_03:09:01,9671.0,11978.0,44328.0,14161.0,16132.0,43635.0
2025-07-19_03:09:01,9790.0,11979.0,44338.0,14187.0,16132.0,43635.0
2025-07-19_03:09:01,9681.0,11979.0,44338.0,14446.0,16132.0,43635.0
2025-07-19_03:09:01,9837.0,11979.0,44338.0,14267.0,16132.0,43635.0
2025-07-19_03:09:02,9670.0,11979.0,44338.0,14164.0,16132.0,43635.0
2025-07-19_03:09:02,,,,,,
2025-07-19_03:09:06,,,,3776.0,16132.0,43635.0
2025-07-19_03:09:09,2778.0,11979.0,44338.0,12191.0,16132.0,43635.0
2025-07-19_03:09:10,9671.0,11979.0,44338.0,14162.0,16132.0,43635.0
2025-07-19_03:09:10,,,,,,
2025-07-19_03:09:14,6972.0,11979.0,44338.0,3793.0,16132.0,43635.0
2025-07-19_03:09:14,9997.0,11979.0,44338.0,14595.0,16132.0,43635.0
2025-07-19_03:09:14,9794.0,11979.0,44338.0,14217.0,16132.0,43635.0
2025-07-19_03:09:14,9756.0,11979.0,44338.0,14298.0,16132.0,43635.0
2025-07-19_03:09:15,9673.0,11979.0,44338.0,14165.0,16132.0,43635.0
2025-07-19_03:09:15,,,,14047.0,16132.0,43635.0
2025-07-19_03:09:19,2778.0,11979.0,44338.0,12186.0,16132.0,43635.0
2025-07-19_03:09:20,,,,,,
2025-07-19_03:09:23,6968.0,11979.0,44338.0,3792.0,16132.0,43635.0
2025-07-19_03:09:24,9948.0,11979.0,44338.0,14381.0,16132.0,43635.0
2025-07-19_03:09:24,9681.0,11979.0,44338.0,14359.0,16132.0,43635.0
2025-07-19_03:09:24,10191.0,11979.0,44338.0,14520.0,16132.0,43635.0
2025-07-19_03:09:24,9653.0,11979.0,44338.0,14116.0,16132.0,43635.0
2025-07-19_03:09:25,10428.0,11979.0,44338.0,14711.0,16132.0,43635.0
2025-07-19_03:09:25,9666.0,11979.0,44338.0,14176.0,16132.0,43635.0
2025-07-19_03:09:25,9801.0,11979.0,44338.0,14195.0,16132.0,43635.0
2025-07-19_03:09:25,9805.0,11979.0,44338.0,13881.0,16132.0,43635.0
2025-07-19_03:09:25,,,,13649.0,16132.0,43635.0
2025-07-19_03:09:29,3375.0,11979.0,44338.0,12180.0,16132.0,43635.0
2025-07-19_03:09:29,9835.0,11979.0,44338.0,14078.0,16132.0,43635.0
2025-07-19_03:09:30,9668.0,11979.0,44338.0,14178.0,16132.0,43635.0
2025-07-19_03:09:30,9886.0,11979.0,44338.0,14246.0,16132.0,43635.0
2025-07-19_03:09:30,9876.0,11979.0,44338.0,14288.0,16132.0,43635.0
2025-07-19_03:09:30,9650.0,11979.0,44338.0,14569.0,16132.0,43635.0
2025-07-19_03:09:30,9670.0,11979.0,44338.0,13982.0,16132.0,43635.0
2025-07-19_03:09:31,9671.0,11979.0,44338.0,13980.0,16132.0,43635.0
2025-07-19_03:09:31,9666.0,11979.0,44338.0,13956.0,16132.0,43635.0
2025-07-19_03:09:31,9669.0,11979.0,44338.0,14163.0,16132.0,43635.0
2025-07-19_03:09:31,,,,,,
2025-07-19_03:09:35,6952.0,11979.0,44338.0,3792.0,16132.0,43635.0
2025-07-19_03:09:35,9676.0,11979.0,44338.0,13978.0,16132.0,43635.0
2025-07-19_03:09:36,,,,13781.0,16132.0,43635.0
2025-07-19_03:09:39,3375.0,11979.0,44338.0,12162.0,16132.0,43635.0
2025-07-19_03:09:39,9702.0,11979.0,44338.0,14240.0,16132.0,43635.0
2025-07-19_03:09:40,9825.0,11979.0,44338.0,14039.0,16132.0,43635.0
2025-07-19_03:09:40,9671.0,11979.0,44338.0,13974.0,16132.0,43635.0
2025-07-19_03:09:40,9652.0,11979.0,44338.0,14101.0,16132.0,43635.0
2025-07-19_03:09:40,9673.0,11979.0,44338.0,14153.0,16132.0,43635.0
2025-07-19_03:09:41,9672.0,11979.0,44338.0,14278.0,16132.0,43635.0
2025-07-19_03:09:41,9674.0,11979.0,44338.0,14013.0,16132.0,43635.0
2025-07-19_03:09:41,9839.0,11979.0,44338.0,14073.0,16132.0,43635.0
2025-07-19_03:09:41,9669.0,11979.0,44338.0,13976.0,16132.0,43635.0
2025-07-19_03:09:41,9826.0,11979.0,44338.0,14267.0,16132.0,43635.0
2025-07-19_03:09:42,9672.0,11979.0,44338.0,14166.0,16132.0,43635.0
2025-07-19_03:09:42,9819.0,11979.0,44338.0,14055.0,16132.0,43635.0
2025-07-19_03:09:42,9177.0,11979.0,44338.0,13781.0,16132.0,43635.0
2025-07-19_03:09:42,9671.0,11979.0,44338.0,13978.0,16132.0,43635.0
2025-07-19_03:09:42,10078.0,11979.0,44338.0,14101.0,16132.0,43635.0
2025-07-19_03:09:43,,,,,,
2025-07-19_03:09:47,6957.0,11979.0,44338.0,3793.0,16132.0,43635.0
2025-07-19_03:09:47,9444.0,11979.0,44338.0,14108.0,16132.0,43635.0
2025-07-19_03:09:47,9668.0,11979.0,44338.0,13965.0,16132.0,43635.0
2025-07-19_03:09:47,,,,13982.0,16132.0,43635.0
2025-07-19_03:09:51,3319.0,11979.0,44338.0,12189.0,16132.0,43635.0
2025-07-19_03:09:51,9817.0,11979.0,44338.0,14020.0,16132.0,43635.0
2025-07-19_03:09:51,,,,,,
2025-07-19_03:09:55,6969.0,11979.0,44338.0,3792.0,16132.0,43635.0
2025-07-19_03:09:55,9668.0,11979.0,44338.0,13976.0,16132.0,43635.0
2025-07-19_03:09:56,9142.0,11979.0,44338.0,13795.0,16132.0,43635.0
2025-07-19_03:09:56,10353.0,11979.0,44338.0,14518.0,16132.0,43635.0
2025-07-19_03:09:56,9819.0,11979.0,44338.0,14312.0,16132.0,43635.0
2025-07-19_03:09:56,9673.0,11979.0,44338.0,13980.0,16132.0,43635.0
2025-07-19_03:09:57,9672.0,11979.0,44338.0,13972.0,16132.0,43635.0
2025-07-19_03:09:57,9678.0,11979.0,44338.0,13863.0,16132.0,43635.0
2025-07-19_03:09:57,,,,14354.0,16132.0,43635.0
2025-07-19_03:10:01,3375.0,11979.0,44338.0,12185.0,16132.0,43635.0
2025-07-19_03:10:01,,,,,,
2025-07-19_03:10:05,6967.0,11979.0,44338.0,3793.0,16132.0,43635.0
2025-07-19_03:10:05,,,,,,
2025-07-19_03:10:09,6966.0,11979.0,44338.0,3793.0,16132.0,43635.0
2025-07-19_03:10:09,9675.0,11979.0,44338.0,13969.0,16132.0,43635.0
2025-07-19_03:10:09,,,,13982.0,16132.0,43635.0
2025-07-19_03:10:13,3375.0,11979.0,44338.0,12141.0,16132.0,43635.0
2025-07-19_03:10:13,9294.0,11979.0,44338.0,13937.0,16132.0,43635.0
2025-07-19_03:10:13,9670.0,11979.0,44338.0,13979.0,16132.0,43635.0
2025-07-19_03:10:13,9716.0,11979.0,44338.0,14224.0,16132.0,43635.0
2025-07-19_03:10:14,9655.0,11979.0,44338.0,14355.0,16132.0,43635.0
2025-07-19_03:10:14,,,,,,
2025-07-19_03:10:18,6960.0,11979.0,44338.0,3792.0,16132.0,43635.0
2025-07-19_03:10:18,9665.0,11979.0,44338.0,14173.0,16132.0,43635.0
2025-07-19_03:10:18,9190.0,11979.0,44338.0,13976.0,16132.0,43635.0
2025-07-19_03:10:18,9814.0,11979.0,44338.0,14062.0,16132.0,43635.0
2025-07-19_03:10:19,9827.0,11979.0,44338.0,14046.0,16132.0,43635.0
2025-07-19_03:10:19,9621.0,11979.0,44338.0,14080.0,16132.0,43635.0
2025-07-19_03:10:19,9669.0,11979.0,44338.0,13978.0,16132.0,43635.0
2025-07-19_03:10:19,10108.0,11979.0,44338.0,14252.0,16132.0,43635.0
2025-07-19_03:10:19,9826.0,11979.0,44338.0,14258.0,16132.0,43635.0
2025-07-19_03:10:20,9669.0,11979.0,44338.0,13971.0,16132.0,43635.0
2025-07-19_03:10:20,9671.0,11979.0,44338.0,13782.0,16132.0,43635.0
2025-07-19_03:10:20,9196.0,11979.0,44338.0,13784.0,16132.0,43635.0
2025-07-19_03:10:20,9674.0,11979.0,44338.0,13982.0,16132.0,43635.0
2025-07-19_03:10:20,9672.0,11979.0,44338.0,13827.0,16132.0,43635.0
2025-07-19_03:10:21,9676.0,11979.0,44338.0,14009.0,16132.0,43635.0
2025-07-19_03:10:21,,,,,,
2025-07-19_03:10:25,6963.0,11979.0,44338.0,3792.0,16132.0,43635.0
2025-07-19_03:10:25,,,,14059.0,16132.0,43635.0
2025-07-19_03:10:29,3319.0,11979.0,44338.0,12191.0,16132.0,43635.0
2025-07-19_03:10:29,9666.0,11979.0,44338.0,14107.0,16132.0,43635.0
2025-07-19_03:10:29,9671.0,11979.0,44338.0,14161.0,16132.0,43635.0
2025-07-19_03:10:29,9660.0,11979.0,44338.0,13983.0,16132.0,43635.0
2025-07-19_03:10:30,,,,14300.0,16132.0,43635.0
2025-07-19_03:10:34,2778.0,11979.0,44338.0,12184.0,16132.0,43635.0
2025-07-19_03:10:34,9648.0,11979.0,44338.0,14165.0,16132.0,43635.0
2025-07-19_03:10:34,9674.0,11979.0,44338.0,14161.0,16132.0,43635.0
2025-07-19_03:10:34,9932.0,11979.0,44338.0,14295.0,16132.0,43635.0
2025-07-19_03:10:34,9707.0,11979.0,44338.0,14215.0,16132.0,43635.0
2025-07-19_03:10:35,9669.0,11979.0,44338.0,13967.0,16132.0,43635.0
2025-07-19_03:10:35,,,,13276.0,16132.0,43635.0
2025-07-19_03:10:39,2778.0,11979.0,44338.0,12185.0,16132.0,43635.0
2025-07-19_03:10:39,,,,,,
2025-07-19_03:10:43,2778.0,11979.0,44338.0,3778.0,16132.0,43635.0
2025-07-19_03:10:44,,,,13788.0,16132.0,43635.0
2025-07-19_03:10:47,3375.0,11979.0,44338.0,12188.0,16132.0,43635.0
2025-07-19_03:10:47,9831.0,11979.0,44338.0,13861.0,16132.0,43635.0
2025-07-19_03:10:48,10064.0,11979.0,44338.0,14150.0,16132.0,43635.0
2025-07-19_03:10:48,9482.0,11979.0,44338.0,14313.0,16132.0,43635.0
2025-07-19_03:10:48,,,,,,
2025-07-19_03:10:52,6966.0,11979.0,44338.0,3787.0,16132.0,43635.0
2025-07-19_03:10:52,,,,,,
2025-07-19_03:10:56,6964.0,11979.0,44338.0,3792.0,16132.0,43635.0
2025-07-19_03:10:56,9669.0,11979.0,44338.0,14177.0,16132.0,43635.0
2025-07-19_03:10:56,9913.0,11979.0,44338.0,14379.0,16132.0,43635.0
2025-07-19_03:10:57,9674.0,11979.0,44338.0,14179.0,16132.0,43635.0
2025-07-19_03:10:57,9674.0,11979.0,44338.0,13973.0,16132.0,43635.0
2025-07-19_03:10:57,,,,,,
2025-07-19_03:11:01,6970.0,11979.0,44338.0,3793.0,16132.0,43635.0
2025-07-19_03:11:01,9667.0,11979.0,44338.0,14165.0,16132.0,43635.0
2025-07-19_03:11:01,9671.0,11979.0,44338.0,14171.0,16132.0,43635.0
2025-07-19_03:11:02,,,,14113.0,16132.0,43635.0
2025-07-19_03:11:05,3375.0,11979.0,44338.0,12171.0,16132.0,43635.0
2025-07-19_03:11:06,9707.0,11979.0,44338.0,13990.0,16132.0,43635.0
2025-07-19_03:11:06,9668.0,11979.0,44338.0,13971.0,16132.0,43635.0
2025-07-19_03:11:06,10082.0,11979.0,44338.0,14308.0,16132.0,43635.0
2025-07-19_03:11:06,10063.0,11979.0,44338.0,14370.0,16132.0,43635.0
2025-07-19_03:11:06,9919.0,11979.0,44338.0,14246.0,16132.0,43635.0
2025-07-19_03:11:07,9672.0,11979.0,44338.0,14175.0,16132.0,43635.0
2025-07-19_03:11:07,9669.0,11979.0,44338.0,14171.0,16132.0,43635.0
2025-07-19_03:11:07,,,,14125.0,16132.0,43635.0
2025-07-19_03:11:11,3375.0,11979.0,44338.0,12165.0,16132.0,43635.0
2025-07-19_03:11:11,9678.0,11979.0,44338.0,14213.0,16132.0,43635.0
2025-07-19_03:11:11,9745.0,11979.0,44342.0,14300.0,16132.0,43635.0
2025-07-19_03:11:11,9671.0,11979.0,44342.0,13790.0,16132.0,43635.0
2025-07-19_03:11:12,10097.0,11979.0,44342.0,14253.0,16132.0,43635.0
2025-07-19_03:11:12,9801.0,11979.0,44342.0,14030.0,16132.0,43635.0
2025-07-19_03:11:12,9602.0,11979.0,44342.0,13972.0,16132.0,43635.0
2025-07-19_03:11:12,9667.0,11979.0,44342.0,13927.0,16132.0,43635.0
2025-07-19_03:11:13,9763.0,11979.0,44342.0,14136.0,16132.0,43635.0
2025-07-19_03:11:13,9833.0,11979.0,44342.0,13882.0,16132.0,43635.0
2025-07-19_03:11:13,9673.0,11979.0,44342.0,14167.0,16132.0,43635.0
2025-07-19_03:11:13,9680.0,11979.0,44342.0,13971.0,16132.0,43635.0
2025-07-19_03:11:13,9797.0,11979.0,44342.0,14031.0,16132.0,43635.0
2025-07-19_03:11:14,9778.0,11979.0,44342.0,14133.0,16132.0,43635.0
2025-07-19_03:11:14,9676.0,11979.0,44342.0,14154.0,16132.0,43635.0
2025-07-19_03:11:14,9650.0,11979.0,44342.0,14102.0,16132.0,43635.0
2025-07-19_03:11:14,9679.0,11979.0,44342.0,14161.0,16132.0,43635.0
2025-07-19_03:11:15,9647.0,11979.0,44342.0,14295.0,16132.0,43635.0
2025-07-19_03:11:15,9868.0,11979.0,44342.0,14139.0,16132.0,43635.0
2025-07-19_03:11:15,,,,13971.0,16132.0,43635.0
2025-07-19_03:11:19,3302.0,11979.0,44342.0,12191.0,16132.0,43635.0
2025-07-19_03:11:19,9664.0,11979.0,44342.0,14163.0,16132.0,43635.0
2025-07-19_03:11:19,9897.0,11979.0,44342.0,14247.0,16132.0,43635.0
2025-07-19_03:11:20,2778.0,11979.0,44342.0,12187.0,16132.0,43635.0
2025-07-19_03:11:20,10099.0,11979.0,44342.0,14254.0,16132.0,43635.0
2025-07-19_03:11:21,,,,,,
2025-07-19_03:11:24,6969.0,11979.0,44342.0,3793.0,16132.0,43635.0
2025-07-19_03:11:25,9645.0,11979.0,44342.0,14089.0,16132.0,43635.0
2025-07-19_03:11:25,9430.0,11979.0,44342.0,13737.0,16132.0,43635.0
2025-07-19_03:11:25,9898.0,11979.0,44342.0,14249.0,16132.0,43635.0
2025-07-19_03:11:25,9833.0,11979.0,44342.0,14224.0,16132.0,43635.0
2025-07-19_03:11:25,9668.0,11979.0,44342.0,13825.0,16132.0,43635.0
2025-07-19_03:11:26,,,,,,
2025-07-19_03:11:29,6969.0,11979.0,44342.0,3792.0,16132.0,43635.0
2025-07-19_03:11:30,9673.0,11979.0,44342.0,14222.0,16132.0,43635.0
2025-07-19_03:11:30,9672.0,11979.0,44342.0,14165.0,16132.0,43635.0
2025-07-19_03:11:30,9671.0,11979.0,44342.0,14065.0,16132.0,43635.0
2025-07-19_03:11:30,10097.0,11979.0,44342.0,14285.0,16132.0,43635.0
2025-07-19_03:11:31,,,,,,
2025-07-19_03:11:34,6960.0,11979.0,44342.0,3793.0,16132.0,43635.0
2025-07-19_03:11:35,,,,,,
2025-07-19_03:11:38,6963.0,11979.0,44342.0,3793.0,16132.0,43635.0
2025-07-19_03:11:39,9447.0,11979.0,44342.0,13976.0,16132.0,43635.0
2025-07-19_03:11:39,,,,13550.0,16132.0,43635.0
2025-07-19_03:11:43,3319.0,11979.0,44342.0,12190.0,16132.0,43635.0
2025-07-19_03:11:43,9645.0,11979.0,44342.0,14105.0,16132.0,43635.0
2025-07-19_03:11:43,9681.0,11979.0,44342.0,14168.0,16132.0,43635.0
2025-07-19_03:11:43,,,,14284.0,16132.0,43635.0
2025-07-19_03:11:47,3358.0,11979.0,44342.0,12198.0,16132.0,43635.0
2025-07-19_03:11:47,9632.0,11979.0,44342.0,14295.0,16132.0,43635.0
2025-07-19_03:11:47,9814.0,11979.0,44342.0,14228.0,16132.0,43635.0
2025-07-19_03:11:48,9739.0,11979.0,44342.0,14256.0,16132.0,43635.0
2025-07-19_03:11:48,9714.0,11979.0,44342.0,14135.0,16132.0,43635.0
2025-07-19_03:11:48,10127.0,11979.0,44342.0,14268.0,16132.0,43635.0
2025-07-19_03:11:48,9675.0,11979.0,44342.0,13971.0,16132.0,43635.0
2025-07-19_03:11:48,9673.0,11979.0,44342.0,14149.0,16132.0,43635.0
2025-07-19_03:11:49,9679.0,11979.0,44342.0,13983.0,16132.0,43635.0
2025-07-19_03:11:49,9798.0,11979.0,44342.0,14243.0,16132.0,43635.0
2025-07-19_03:11:49,,,,,,
2025-07-19_03:11:53,6965.0,11979.0,44342.0,3793.0,16132.0,43635.0
2025-07-19_03:11:53,9669.0,11979.0,44342.0,14148.0,16132.0,43635.0
2025-07-19_03:11:53,9666.0,11979.0,44342.0,13785.0,16132.0,43635.0
2025-07-19_03:11:54,9806.0,11979.0,44342.0,14216.0,16132.0,43635.0
2025-07-19_03:11:54,9810.0,11979.0,44342.0,14217.0,16132.0,43635.0
2025-07-19_03:11:54,9646.0,11979.0,44342.0,14105.0,16132.0,43635.0
2025-07-19_03:11:54,9668.0,11979.0,44342.0,13973.0,16132.0,43635.0
2025-07-19_03:11:55,9671.0,11979.0,44342.0,13981.0,16132.0,43635.0
2025-07-19_03:11:55,9673.0,11979.0,44342.0,14163.0,16132.0,43635.0
2025-07-19_03:11:55,9672.0,11979.0,44342.0,14164.0,16132.0,43635.0
2025-07-19_03:11:55,9672.0,11979.0,44342.0,13981.0,16132.0,43635.0
2025-07-19_03:11:55,9673.0,11979.0,44342.0,14171.0,16132.0,43635.0
2025-07-19_03:11:56,9906.0,11979.0,44342.0,14143.0,16132.0,43635.0
2025-07-19_03:11:56,,,,,,
2025-07-19_03:12:00,6970.0,11979.0,44342.0,3793.0,16132.0,43635.0
2025-07-19_03:12:00,9671.0,11979.0,44342.0,14173.0,16132.0,43635.0
2025-07-19_03:12:00,9882.0,11979.0,44342.0,14321.0,16132.0,43635.0
2025-07-19_03:12:00,9669.0,11979.0,44342.0,14170.0,16132.0,43635.0
2025-07-19_03:12:01,9675.0,11979.0,44342.0,14001.0,16132.0,43635.0
2025-07-19_03:12:01,9803.0,11979.0,44342.0,14254.0,16132.0,43635.0
2025-07-19_03:12:01,9675.0,11979.0,44342.0,13975.0,16132.0,43635.0
2025-07-19_03:12:01,9669.0,11979.0,44342.0,13972.0,16132.0,43635.0
2025-07-19_03:12:02,,,,,,
2025-07-19_03:12:05,6967.0,11979.0,44342.0,3792.0,16132.0,43635.0
2025-07-19_03:12:06,9666.0,11979.0,44342.0,14454.0,16132.0,43635.0
2025-07-19_03:12:06,,,,14286.0,16132.0,43635.0
2025-07-19_03:12:10,2778.0,11979.0,44342.0,12194.0,16132.0,43635.0
2025-07-19_03:12:10,9650.0,11979.0,44342.0,14296.0,16132.0,43635.0
2025-07-19_03:12:10,9670.0,11979.0,44342.0,13963.0,16132.0,43635.0
2025-07-19_03:12:10,,,,,,
2025-07-19_03:12:14,6969.0,11979.0,44342.0,3793.0,16132.0,43635.0
2025-07-19_03:12:14,,,,,,
2025-07-19_03:12:18,6967.0,11979.0,44342.0,3793.0,16132.0,43635.0
2025-07-19_03:12:18,,,,,,
2025-07-19_03:12:22,6955.0,11979.0,44342.0,3793.0,16132.0,43635.0
2025-07-19_03:12:22,9673.0,11979.0,44342.0,14261.0,16132.0,43635.0
2025-07-19_03:12:23,9671.0,11979.0,44342.0,14170.0,16132.0,43635.0
2025-07-19_03:12:23,,,,,,
2025-07-19_03:12:27,6966.0,11979.0,44342.0,3793.0,16132.0,43635.0
2025-07-19_03:12:27,9672.0,11979.0,44342.0,14167.0,16132.0,43635.0
2025-07-19_03:12:27,,,,13913.0,16132.0,43635.0
2025-07-19_03:12:31,3375.0,11979.0,44342.0,12190.0,16132.0,43635.0
2025-07-19_03:12:31,9882.0,11979.0,44342.0,14320.0,16132.0,43635.0
2025-07-19_03:12:31,9828.0,11979.0,44342.0,14004.0,16132.0,43635.0
2025-07-19_03:12:31,10236.0,11979.0,44342.0,14305.0,16132.0,43635.0
2025-07-19_03:12:32,,,,13863.0,16132.0,43635.0
2025-07-19_03:12:36,2778.0,11979.0,44342.0,12191.0,16132.0,43635.0
2025-07-19_03:12:36,,,,,,
2025-07-19_03:12:40,6967.0,11979.0,44342.0,3793.0,16132.0,43635.0
2025-07-19_03:12:40,8600.0,11979.0,44342.0,14460.0,16132.0,43635.0
2025-07-19_03:12:40,9902.0,11979.0,44342.0,14243.0,16132.0,43635.0
2025-07-19_03:12:40,,,,,,
2025-07-19_03:12:44,6957.0,11979.0,44342.0,3792.0,16132.0,43635.0
2025-07-19_03:12:44,8032.0,11979.0,44342.0,13052.0,16132.0,43635.0
2025-07-19_03:12:45,9915.0,11979.0,44342.0,14382.0,16132.0,43635.0
2025-07-19_03:12:45,,,,14113.0,16132.0,43635.0
2025-07-19_03:12:48,3302.0,11979.0,44342.0,12193.0,16132.0,43635.0
2025-07-19_03:12:49,9519.0,11979.0,44342.0,14162.0,16132.0,43635.0
2025-07-19_03:12:49,10144.0,11979.0,44358.0,14078.0,16132.0,43635.0
2025-07-19_03:12:49,,,,13986.0,16132.0,43635.0
2025-07-19_03:12:53,3319.0,11979.0,44358.0,12161.0,16132.0,43635.0
2025-07-19_03:12:53,,,,14374.0,16132.0,43635.0
2025-07-19_03:12:57,2778.0,11979.0,44358.0,12186.0,16132.0,43635.0
2025-07-19_03:12:57,,,,,,
2025-07-19_03:13:02,2778.0,11979.0,44358.0,3776.0,16132.0,43635.0
2025-07-19_03:13:02,9010.0,11979.0,44358.0,14008.0,16132.0,43635.0
2025-07-19_03:13:02,9895.0,11979.0,44358.0,14107.0,16132.0,43635.0
2025-07-19_03:13:02,9288.0,11979.0,44358.0,14157.0,16132.0,43635.0
2025-07-19_03:13:02,9607.0,11979.0,44358.0,14200.0,16132.0,43635.0
2025-07-19_03:13:03,10137.0,11979.0,44358.0,14232.0,16132.0,43635.0
2025-07-19_03:13:03,9804.0,11979.0,44358.0,13854.0,16132.0,43635.0
2025-07-19_03:13:03,,,,,,
2025-07-19_03:13:07,6969.0,11979.0,44358.0,3794.0,16132.0,43635.0
2025-07-19_03:13:07,9776.0,11979.0,44358.0,14005.0,16132.0,43635.0
2025-07-19_03:13:07,8535.0,11979.0,44358.0,14093.0,16132.0,43635.0
2025-07-19_03:13:08,8529.0,11979.0,44358.0,13054.0,16132.0,43635.0
2025-07-19_03:13:08,9795.0,11979.0,44358.0,14027.0,16132.0,43635.0
2025-07-19_03:13:08,9848.0,11979.0,44358.0,14217.0,16132.0,43635.0
2025-07-19_03:13:08,9659.0,11979.0,44358.0,14106.0,16132.0,43635.0
2025-07-19_03:13:08,9617.0,11979.0,44358.0,13981.0,16132.0,43635.0
2025-07-19_03:13:09,9982.0,11979.0,44358.0,14537.0,16132.0,43635.0
2025-07-19_03:13:09,9056.0,11979.0,44358.0,14102.0,16132.0,43635.0
2025-07-19_03:13:09,9846.0,11979.0,44358.0,14039.0,16132.0,43635.0
2025-07-19_03:13:09,9151.0,11979.0,44358.0,13998.0,16132.0,43635.0
2025-07-19_03:13:09,10218.0,11979.0,44358.0,14422.0,16132.0,43635.0
2025-07-19_03:13:10,8534.0,11979.0,44358.0,14006.0,16132.0,43635.0
2025-07-19_03:13:10,9663.0,11979.0,44358.0,14389.0,16132.0,43635.0
2025-07-19_03:13:10,,,,,,
2025-07-19_03:13:14,6963.0,11979.0,44358.0,3794.0,16132.0,43635.0
2025-07-19_03:13:14,,,,14034.0,16132.0,43635.0
2025-07-19_03:13:18,2778.0,11979.0,44358.0,12168.0,16132.0,43635.0
2025-07-19_03:13:18,9635.0,11979.0,44358.0,14142.0,16132.0,43635.0
2025-07-19_03:13:18,9634.0,11979.0,44358.0,14295.0,16132.0,43635.0
2025-07-19_03:13:19,7995.0,11979.0,44358.0,13254.0,16132.0,43635.0
2025-07-19_03:13:19,9425.0,11979.0,44358.0,13930.0,16132.0,43635.0
2025-07-19_03:13:19,9505.0,11979.0,44358.0,14315.0,16132.0,43635.0
2025-07-19_03:13:19,9729.0,11979.0,44358.0,14215.0,16132.0,43635.0
2025-07-19_03:13:20,,,,,,
2025-07-19_03:13:23,6966.0,11979.0,44358.0,3793.0,16132.0,43635.0
2025-07-19_03:13:24,,,,14285.0,16132.0,43635.0
2025-07-19_03:13:27,3375.0,11979.0,44358.0,12159.0,16132.0,43635.0
2025-07-19_03:13:27,9144.0,11979.0,44358.0,13827.0,16132.0,43635.0
2025-07-19_03:13:28,9728.0,11979.0,44358.0,14047.0,16132.0,43635.0
2025-07-19_03:13:28,,,,14175.0,16132.0,43635.0
2025-07-19_03:13:32,3375.0,11979.0,44358.0,12161.0,16132.0,43635.0
2025-07-19_03:13:32,9610.0,11979.0,44358.0,14402.0,16132.0,43635.0
2025-07-19_03:13:32,9473.0,11979.0,44358.0,14181.0,16132.0,43635.0
2025-07-19_03:13:32,9583.0,11979.0,44358.0,14218.0,16132.0,43635.0
2025-07-19_03:13:32,9804.0,11979.0,44358.0,14219.0,16132.0,43635.0
2025-07-19_03:13:33,8674.0,11979.0,44358.0,14183.0,16132.0,43635.0
2025-07-19_03:13:33,9841.0,11979.0,44358.0,14286.0,16132.0,43635.0
2025-07-19_03:13:33,10437.0,11979.0,44358.0,13927.0,16132.0,43635.0
2025-07-19_03:13:33,9669.0,11979.0,44358.0,14274.0,16132.0,43635.0
2025-07-19_03:13:34,,,,13790.0,16132.0,43635.0
2025-07-19_03:13:37,3319.0,11979.0,44358.0,12191.0,16132.0,43635.0
2025-07-19_03:13:38,,,,12042.0,16132.0,43635.0
2025-07-19_03:13:41,2778.0,11979.0,44358.0,12192.0,16132.0,43635.0
2025-07-19_03:13:42,10277.0,11979.0,44358.0,14693.0,16132.0,43635.0
2025-07-19_03:13:42,9806.0,11979.0,44358.0,14343.0,16132.0,43635.0
2025-07-19_03:13:42,10165.0,11979.0,44358.0,14354.0,16132.0,43635.0
2025-07-19_03:13:42,,,,,,
2025-07-19_03:13:46,6965.0,11979.0,44358.0,3792.0,16132.0,43635.0
2025-07-19_03:13:46,9335.0,11979.0,44358.0,14214.0,16132.0,43635.0
2025-07-19_03:13:47,9734.0,11979.0,44358.0,14415.0,16132.0,43635.0
2025-07-19_03:13:47,9826.0,11979.0,44358.0,13978.0,16132.0,43635.0
2025-07-19_03:13:47,8649.0,11979.0,44358.0,14192.0,16132.0,43635.0
2025-07-19_03:13:47,9657.0,11979.0,44358.0,13972.0,16132.0,43635.0
2025-07-19_03:13:47,9811.0,11979.0,44358.0,14033.0,16132.0,43635.0
2025-07-19_03:13:48,9259.0,11979.0,44358.0,13943.0,16132.0,43635.0
2025-07-19_03:13:48,,,,,,
2025-07-19_03:13:52,6970.0,11979.0,44358.0,3793.0,16132.0,43635.0
2025-07-19_03:13:52,9483.0,11979.0,44358.0,14123.0,16132.0,43635.0
2025-07-19_03:13:52,,,,,,
2025-07-19_03:13:56,6964.0,11979.0,44358.0,3793.0,16132.0,43635.0
2025-07-19_03:13:56,10056.0,11979.0,44358.0,14392.0,16132.0,43635.0
2025-07-19_03:13:56,10113.0,11979.0,44358.0,14430.0,16132.0,43635.0
2025-07-19_03:13:57,10278.0,11979.0,44358.0,14305.0,16132.0,43635.0
2025-07-19_03:13:57,10027.0,11979.0,44358.0,14474.0,16132.0,43635.0
2025-07-19_03:13:57,9960.0,11979.0,44358.0,14391.0,16132.0,43635.0
2025-07-19_03:13:57,8736.0,11979.0,44358.0,14091.0,16132.0,43635.0
2025-07-19_03:13:58,10344.0,11979.0,44358.0,14582.0,16132.0,43635.0
2025-07-19_03:13:58,9640.0,11979.0,44358.0,14100.0,16132.0,43635.0
2025-07-19_03:13:58,9503.0,11979.0,44358.0,14105.0,16132.0,43635.0
2025-07-19_03:13:58,9897.0,11979.0,44358.0,14321.0,16132.0,43635.0
2025-07-19_03:13:59,9602.0,11979.0,44358.0,13967.0,16132.0,43635.0
2025-07-19_03:13:59,9791.0,11979.0,44358.0,14031.0,16132.0,43635.0
2025-07-19_03:13:59,9659.0,11979.0,44358.0,14289.0,16132.0,43635.0
2025-07-19_03:13:59,9665.0,11979.0,44358.0,14165.0,16132.0,43635.0
2025-07-19_03:13:59,9676.0,11979.0,44358.0,13981.0,16132.0,43635.0
2025-07-19_03:14:00,,,,,,
2025-07-19_03:14:03,6968.0,11979.0,44358.0,3792.0,16132.0,43635.0
2025-07-19_03:14:04,9447.0,11979.0,44358.0,14104.0,16132.0,43635.0
2025-07-19_03:14:04,9988.0,11979.0,44358.0,14198.0,16132.0,43635.0
2025-07-19_03:14:04,9960.0,11979.0,44358.0,14194.0,16132.0,43635.0
2025-07-19_03:14:04,9773.0,11979.0,44358.0,14290.0,16132.0,43635.0
2025-07-19_03:14:04,9955.0,11979.0,44358.0,14364.0,16132.0,43635.0
2025-07-19_03:14:05,10198.0,11979.0,44358.0,14124.0,16132.0,43635.0
2025-07-19_03:14:05,9683.0,11979.0,44358.0,14166.0,16132.0,43635.0
2025-07-19_03:14:05,9325.0,11979.0,44358.0,14051.0,16132.0,43635.0
2025-07-19_03:14:05,9192.0,11979.0,44358.0,13972.0,16132.0,43635.0
2025-07-19_03:14:06,9836.0,11979.0,44358.0,14070.0,16132.0,43635.0
2025-07-19_03:14:06,9682.0,11979.0,44358.0,13962.0,16132.0,43635.0
2025-07-19_03:14:06,9879.0,11979.0,44358.0,14316.0,16132.0,43635.0
2025-07-19_03:14:06,,,,13920.0,16132.0,43635.0
2025-07-19_03:14:10,3319.0,11979.0,44358.0,12181.0,16132.0,43635.0
2025-07-19_03:14:10,9672.0,11979.0,44358.0,13963.0,16132.0,43635.0
2025-07-19_03:14:10,,,,,,
2025-07-19_03:14:14,6957.0,11979.0,44358.0,3795.0,16132.0,43635.0
2025-07-19_03:14:14,,,,13831.0,16132.0,43635.0
2025-07-19_03:14:18,3375.0,11979.0,44358.0,12182.0,16132.0,43635.0
2025-07-19_03:14:18,9887.0,11979.0,44358.0,14259.0,16132.0,43635.0
2025-07-19_03:14:19,,,,13828.0,16132.0,43635.0
2025-07-19_03:14:22,3302.0,11979.0,44358.0,12159.0,16132.0,43635.0
2025-07-19_03:14:22,,,,13815.0,16132.0,43635.0
2025-07-19_03:14:26,2778.0,11979.0,44358.0,12172.0,16132.0,43635.0
2025-07-19_03:14:27,,,,,,
2025-07-19_03:14:30,6969.0,11979.0,44358.0,3793.0,16132.0,43635.0
2025-07-19_03:14:31,,,,13816.0,16132.0,43635.0
2025-07-19_03:14:34,3375.0,11979.0,44358.0,12165.0,16132.0,43635.0
2025-07-19_03:14:34,,,,,,
2025-07-19_03:14:38,6968.0,11979.0,44358.0,3793.0,16132.0,43635.0
2025-07-19_03:14:38,10081.0,11979.0,44358.0,14507.0,16132.0,43635.0
2025-07-19_03:14:39,,,,13258.0,16132.0,43635.0
2025-07-19_03:14:43,2778.0,11979.0,44358.0,12195.0,16132.0,43635.0
2025-07-19_03:14:43,9659.0,11979.0,44358.0,14171.0,16132.0,43635.0
2025-07-19_03:14:43,8695.0,11979.0,44358.0,14054.0,16132.0,43635.0
2025-07-19_03:14:43,9550.0,11979.0,44358.0,14173.0,16132.0,43635.0
2025-07-19_03:14:43,9666.0,11979.0,44358.0,14293.0,16132.0,43635.0
2025-07-19_03:14:44,9855.0,11979.0,44358.0,13846.0,16132.0,43635.0
2025-07-19_03:14:44,,,,13937.0,16132.0,43635.0
2025-07-19_03:14:48,3302.0,11979.0,44358.0,12183.0,16132.0,43635.0
2025-07-19_03:14:48,,,,13982.0,16132.0,43635.0
2025-07-19_03:14:52,3358.0,11979.0,44358.0,12186.0,16132.0,43635.0
2025-07-19_03:14:52,8791.0,11979.0,44358.0,14200.0,16132.0,43635.0
2025-07-19_03:14:52,,,,,,
2025-07-19_03:14:56,3356.0,11979.0,44358.0,4595.0,16132.0,43635.0
2025-07-19_03:14:56,9815.0,11979.0,44358.0,14138.0,16132.0,43635.0
2025-07-19_03:14:57,9622.0,11979.0,44358.0,14295.0,16132.0,43635.0
2025-07-19_03:14:57,9771.0,11979.0,44358.0,14215.0,16132.0,43635.0
2025-07-19_03:14:57,8887.0,11979.0,44358.0,13794.0,16132.0,43635.0
2025-07-19_03:14:57,10372.0,11979.0,44358.0,14744.0,16132.0,43635.0
2025-07-19_03:14:58,9690.0,11979.0,44358.0,13958.0,16132.0,43635.0
2025-07-19_03:14:58,9174.0,11979.0,44358.0,13781.0,16132.0,43635.0
2025-07-19_03:14:58,9264.0,11979.0,44358.0,13948.0,16132.0,43635.0
2025-07-19_03:14:58,9405.0,11979.0,44358.0,13937.0,16132.0,43635.0
2025-07-19_03:14:58,9800.0,11979.0,44358.0,14027.0,16132.0,43635.0
2025-07-19_03:14:59,9580.0,11979.0,44358.0,13976.0,16132.0,43635.0
2025-07-19_03:14:59,8654.0,11979.0,44358.0,14461.0,16132.0,43635.0
2025-07-19_03:14:59,9965.0,11979.0,44358.0,14180.0,16132.0,43635.0
2025-07-19_03:14:59,,,,,,
2025-07-19_03:15:03,6964.0,11979.0,44358.0,3787.0,16132.0,43635.0
2025-07-19_03:15:03,9797.0,11979.0,44358.0,14211.0,16132.0,43635.0
2025-07-19_03:15:04,9532.0,11979.0,44358.0,13802.0,16132.0,43635.0
2025-07-19_03:15:04,9648.0,11979.0,44358.0,14273.0,16132.0,43635.0
2025-07-19_03:15:04,9672.0,11979.0,44358.0,14164.0,16132.0,43635.0
2025-07-19_03:15:04,9662.0,11979.0,44358.0,14103.0,16132.0,43635.0
2025-07-19_03:15:04,9593.0,11979.0,44358.0,14020.0,16132.0,43635.0
2025-07-19_03:15:05,9653.0,11979.0,44358.0,14160.0,16132.0,43635.0
2025-07-19_03:15:05,8735.0,11979.0,44358.0,14287.0,16132.0,43635.0
2025-07-19_03:15:05,10061.0,11979.0,44358.0,14394.0,16132.0,43635.0
2025-07-19_03:15:05,9404.0,11979.0,44358.0,14050.0,16132.0,43635.0
2025-07-19_03:15:06,9818.0,11979.0,44358.0,14217.0,16132.0,43635.0
2025-07-19_03:15:06,,,,14292.0,16132.0,43693.0
2025-07-19_03:15:10,3358.0,11979.0,44358.0,12179.0,16132.0,43693.0
2025-07-19_03:15:10,8680.0,11979.0,44358.0,14211.0,16132.0,43693.0
2025-07-19_03:15:10,9269.0,11979.0,44358.0,14094.0,16132.0,43693.0
2025-07-19_03:15:10,8666.0,11979.0,44358.0,14169.0,16132.0,43693.0
2025-07-19_03:15:10,,,,14103.0,16132.0,43693.0
2025-07-19_03:15:14,3319.0,11979.0,44358.0,12161.0,16132.0,43693.0
2025-07-19_03:15:14,9786.0,11981.0,44360.0,14371.0,16132.0,43693.0
2025-07-19_03:15:15,9630.0,11981.0,44360.0,14101.0,16132.0,43693.0
2025-07-19_03:15:15,10310.0,11981.0,44360.0,14503.0,16132.0,43693.0
2025-07-19_03:15:15,9418.0,11981.0,44360.0,13971.0,16132.0,43693.0
2025-07-19_03:15:15,,,,14230.0,16132.0,43693.0
2025-07-19_03:15:19,3375.0,11981.0,44360.0,12185.0,16132.0,43693.0
2025-07-19_03:15:19,9672.0,11981.0,44360.0,14173.0,16132.0,43693.0
2025-07-19_03:15:19,9588.0,11981.0,44360.0,14191.0,16132.0,43693.0
2025-07-19_03:15:20,,,,13827.0,16132.0,43693.0
2025-07-19_03:15:23,3375.0,11981.0,44360.0,12186.0,16132.0,43693.0
2025-07-19_03:15:24,,,,,,
2025-07-19_03:15:28,3356.0,11981.0,44360.0,4595.0,16132.0,43693.0
2025-07-19_03:15:28,,,,13786.0,16132.0,43693.0
2025-07-19_03:15:32,3319.0,11981.0,44360.0,12164.0,16132.0,43693.0
2025-07-19_03:15:32,,,,14154.0,16132.0,43693.0
2025-07-19_03:15:36,3358.0,11981.0,44360.0,12190.0,16132.0,43693.0
2025-07-19_03:15:36,,,,,,
2025-07-19_03:15:40,6967.0,11981.0,44360.0,3792.0,16132.0,43693.0
2025-07-19_03:15:40,,,,14136.0,16132.0,43693.0
2025-07-19_03:15:44,3375.0,11981.0,44360.0,12192.0,16132.0,43693.0
2025-07-19_03:15:44,8633.0,11981.0,44360.0,13974.0,16132.0,43693.0
2025-07-19_03:15:44,9891.0,11981.0,44360.0,14171.0,16132.0,43693.0
2025-07-19_03:15:44,9789.0,11981.0,44360.0,14076.0,16132.0,43693.0
2025-07-19_03:15:44,9683.0,11981.0,44360.0,14175.0,16132.0,43693.0
2025-07-19_03:15:45,9671.0,11981.0,44360.0,14283.0,16132.0,43693.0
2025-07-19_03:15:45,,,,13540.0,16132.0,43693.0
2025-07-19_03:15:49,3319.0,11981.0,44360.0,12197.0,16132.0,43693.0
2025-07-19_03:15:49,8582.0,11981.0,44360.0,13933.0,16132.0,43694.0
2025-07-19_03:15:49,,,,14050.0,16132.0,43694.0
2025-07-19_03:15:53,3375.0,11981.0,44360.0,12187.0,16132.0,43694.0
2025-07-19_03:15:53,,,,,,
2025-07-19_03:15:57,6961.0,11981.0,44360.0,3793.0,16132.0,43694.0
2025-07-19_03:15:57,9655.0,11981.0,44360.0,14571.0,16132.0,43694.0
2025-07-19_03:15:57,8642.0,11981.0,44360.0,14224.0,16132.0,43694.0
2025-07-19_03:15:57,10173.0,11981.0,44360.0,14476.0,16132.0,43694.0
2025-07-19_03:15:58,9635.0,11981.0,44360.0,14269.0,16132.0,43694.0
2025-07-19_03:15:58,9845.0,11981.0,44360.0,14039.0,16132.0,43694.0
2025-07-19_03:15:58,,,,,,
2025-07-19_03:16:02,6966.0,11981.0,44360.0,3795.0,16132.0,43694.0
2025-07-19_03:16:02,9910.0,11981.0,44360.0,14028.0,16132.0,43694.0
2025-07-19_03:16:02,,,,,,
2025-07-19_03:16:06,6964.0,11981.0,44360.0,3792.0,16132.0,43694.0
2025-07-19_03:16:06,10059.0,11981.0,44360.0,14337.0,16132.0,43695.0
2025-07-19_03:16:07,8661.0,11981.0,44360.0,14058.0,16132.0,43695.0
2025-07-19_03:16:07,8681.0,11981.0,44360.0,14470.0,16132.0,43695.0
2025-07-19_03:16:07,9707.0,11981.0,44360.0,14110.0,16132.0,43695.0
2025-07-19_03:16:07,8538.0,11981.0,44360.0,13979.0,16132.0,43695.0
2025-07-19_03:16:07,,,,,,
2025-07-19_03:16:11,6961.0,11981.0,44360.0,3787.0,16132.0,43695.0
2025-07-19_03:16:12,,,,14014.0,16132.0,43697.0
2025-07-19_03:16:15,3304.0,11981.0,44360.0,12196.0,16132.0,43697.0
2025-07-19_03:16:15,,,,,,
2025-07-19_03:16:19,6963.0,11981.0,44360.0,3787.0,16132.0,43697.0
2025-07-19_03:16:19,,,,,,
2025-07-19_03:16:23,6967.0,11981.0,44360.0,3793.0,16132.0,43697.0
2025-07-19_03:16:23,,,,,,
2025-07-19_03:16:28,3302.0,11981.0,44360.0,4595.0,16132.0,43697.0
2025-07-19_03:16:28,9676.0,11981.0,44360.0,14116.0,16132.0,43697.0
2025-07-19_03:16:28,9789.0,11981.0,44360.0,14216.0,16132.0,43697.0
2025-07-19_03:16:28,10055.0,11981.0,44360.0,14250.0,16132.0,43697.0
2025-07-19_03:16:29,9591.0,11981.0,44360.0,14231.0,16132.0,43697.0
2025-07-19_03:16:29,8589.0,11981.0,44360.0,14167.0,16132.0,43697.0
2025-07-19_03:16:29,8610.0,11981.0,44360.0,14006.0,16132.0,43697.0
2025-07-19_03:16:29,9673.0,11981.0,44360.0,13982.0,16132.0,43697.0
2025-07-19_03:16:29,9825.0,11981.0,44360.0,14029.0,16132.0,43697.0
2025-07-19_03:16:30,8656.0,11981.0,44360.0,14080.0,16132.0,43697.0
2025-07-19_03:16:30,9647.0,11981.0,44360.0,14289.0,16132.0,43697.0
2025-07-19_03:16:30,,,,,,
2025-07-19_03:16:34,6961.0,11981.0,44360.0,3793.0,16132.0,43697.0
2025-07-19_03:16:34,9647.0,11981.0,44360.0,14138.0,16132.0,43697.0
2025-07-19_03:16:34,9799.0,11981.0,44360.0,14024.0,16132.0,43697.0
2025-07-19_03:16:35,8696.0,11981.0,44360.0,14501.0,16132.0,43697.0
2025-07-19_03:16:35,9644.0,11981.0,44360.0,14279.0,16132.0,43697.0
2025-07-19_03:16:35,10138.0,11981.0,44360.0,14409.0,16132.0,43697.0
2025-07-19_03:16:35,9990.0,11981.0,44360.0,14248.0,16132.0,43697.0
2025-07-19_03:16:36,,,,14337.0,16132.0,43697.0
2025-07-19_03:16:39,3319.0,11981.0,44360.0,12184.0,16132.0,43697.0
2025-07-19_03:16:39,9863.0,11981.0,44360.0,14018.0,16132.0,43697.0
2025-07-19_03:16:40,9628.0,11981.0,44360.0,14110.0,16132.0,43697.0
2025-07-19_03:16:40,,,,13960.0,16132.0,43697.0
2025-07-19_03:16:44,3302.0,11981.0,44360.0,12192.0,16132.0,43697.0
2025-07-19_03:16:44,9684.0,11981.0,44360.0,14192.0,16132.0,43697.0
2025-07-19_03:16:44,,,,14112.0,16132.0,43697.0
2025-07-19_03:16:48,2778.0,11981.0,44360.0,12194.0,16132.0,43697.0
2025-07-19_03:16:48,,,,13987.0,16132.0,43697.0
2025-07-19_03:16:52,3319.0,11981.0,44360.0,12195.0,16132.0,43697.0
2025-07-19_03:16:52,,,,13917.0,16132.0,43697.0
2025-07-19_03:16:56,3319.0,11981.0,44360.0,12193.0,16132.0,43697.0
2025-07-19_03:16:56,10063.0,11981.0,44360.0,14304.0,16132.0,43697.0
2025-07-19_03:16:56,8518.0,11981.0,44360.0,14295.0,16132.0,43697.0
2025-07-19_03:16:56,,,,13867.0,16132.0,43697.0
2025-07-19_03:17:00,2778.0,11981.0,44360.0,12188.0,16132.0,43697.0
2025-07-19_03:17:00,,,,,,
2025-07-19_03:17:04,6966.0,11981.0,44360.0,3787.0,16132.0,43697.0
2025-07-19_03:17:05,2778.0,11981.0,44360.0,12185.0,16132.0,43697.0
2025-07-19_03:17:05,9838.0,11981.0,44360.0,14229.0,16132.0,43697.0
2025-07-19_03:17:06,8603.0,11981.0,44360.0,13786.0,16132.0,43697.0
2025-07-19_03:17:06,9259.0,11981.0,44360.0,13945.0,16132.0,43697.0
2025-07-19_03:17:06,9545.0,11981.0,44360.0,14407.0,16132.0,43697.0
2025-07-19_03:17:06,9836.0,11981.0,44360.0,13891.0,16132.0,43697.0
2025-07-19_03:17:06,9454.0,11981.0,44360.0,14124.0,16132.0,43697.0
2025-07-19_03:17:07,9844.0,11981.0,44360.0,14230.0,16132.0,43697.0
2025-07-19_03:17:07,9702.0,11981.0,44360.0,14008.0,16132.0,43697.0
2025-07-19_03:17:07,9636.0,11981.0,44360.0,14025.0,16132.0,43697.0
2025-07-19_03:17:07,9806.0,11981.0,44360.0,14015.0,16132.0,43697.0
2025-07-19_03:17:07,,,,,,
2025-07-19_03:17:11,6969.0,11981.0,44360.0,3793.0,16132.0,43697.0
2025-07-19_03:17:12,,,,13785.0,16132.0,43697.0
2025-07-19_03:17:15,3302.0,11981.0,44360.0,12168.0,16132.0,43697.0
2025-07-19_03:17:15,9618.0,11981.0,44360.0,14063.0,16132.0,43697.0
2025-07-19_03:17:16,,,,,,
2025-07-19_03:17:19,6958.0,11981.0,44360.0,3793.0,16132.0,43697.0
2025-07-19_03:17:20,8643.0,11981.0,44360.0,14376.0,16132.0,43697.0
2025-07-19_03:17:20,9702.0,11981.0,44360.0,14172.0,16132.0,43697.0
2025-07-19_03:17:20,9874.0,11981.0,44360.0,14570.0,16132.0,43697.0
2025-07-19_03:17:20,9601.0,11981.0,44360.0,13999.0,16132.0,43697.0
2025-07-19_03:17:21,9679.0,11981.0,44360.0,13979.0,16132.0,43697.0
2025-07-19_03:17:21,9941.0,11981.0,44360.0,14328.0,16132.0,43697.0
2025-07-19_03:17:21,9516.0,11981.0,44360.0,14140.0,16132.0,43697.0
2025-07-19_03:17:21,9337.0,11981.0,44360.0,14138.0,16132.0,43697.0
2025-07-19_03:17:21,9981.0,11981.0,44360.0,14294.0,16132.0,43697.0
2025-07-19_03:17:22,9678.0,11981.0,44360.0,14059.0,16132.0,43697.0
2025-07-19_03:17:22,9481.0,11981.0,44360.0,14121.0,16132.0,43697.0
2025-07-19_03:17:22,9662.0,11981.0,44360.0,13825.0,16132.0,43697.0
2025-07-19_03:17:22,,,,,,
2025-07-19_03:17:26,6969.0,11981.0,44360.0,3792.0,16132.0,43697.0
2025-07-19_03:17:26,9255.0,11981.0,44360.0,13933.0,16132.0,43697.0
2025-07-19_03:17:27,,,,13798.0,16132.0,43697.0
2025-07-19_03:17:30,3319.0,11981.0,44360.0,12185.0,16132.0,43697.0
2025-07-19_03:17:30,,,,13931.0,16132.0,43697.0
2025-07-19_03:17:34,3302.0,11981.0,44360.0,12160.0,16132.0,43697.0
2025-07-19_03:17:34,9683.0,11981.0,44360.0,13984.0,16132.0,43697.0
2025-07-19_03:17:35,9079.0,11981.0,44360.0,13970.0,16132.0,43697.0
2025-07-19_03:17:35,9838.0,11981.0,44360.0,13855.0,16132.0,43697.0
2025-07-19_03:17:35,9828.0,11981.0,44360.0,14248.0,16132.0,43697.0
2025-07-19_03:17:35,9513.0,11981.0,44360.0,14114.0,16132.0,43697.0
2025-07-19_03:17:35,9771.0,11981.0,44360.0,14258.0,16132.0,43697.0
2025-07-19_03:17:36,,,,,,
2025-07-19_03:17:39,6966.0,11981.0,44360.0,3792.0,16132.0,43697.0
2025-07-19_03:17:40,10045.0,11981.0,44360.0,14282.0,16132.0,43697.0
2025-07-19_03:17:40,,,,13786.0,16132.0,43697.0
2025-07-19_03:17:44,3375.0,11981.0,44360.0,12192.0,16132.0,43697.0
2025-07-19_03:17:44,9703.0,11981.0,44360.0,13878.0,16132.0,43697.0
2025-07-19_03:17:44,9455.0,11981.0,44360.0,14284.0,16132.0,43697.0
2025-07-19_03:17:44,9671.0,11981.0,44360.0,13970.0,16132.0,43697.0
2025-07-19_03:17:44,9677.0,11981.0,44360.0,14173.0,16132.0,43697.0
2025-07-19_03:17:45,10040.0,11981.0,44360.0,14292.0,16132.0,43697.0
2025-07-19_03:17:45,9648.0,11981.0,44360.0,14284.0,16132.0,43697.0
2025-07-19_03:17:45,10127.0,11981.0,44383.0,14381.0,16132.0,43697.0
2025-07-19_03:17:45,9712.0,11981.0,44383.0,14236.0,16132.0,43697.0
2025-07-19_03:17:46,9592.0,11981.0,44383.0,14213.0,16132.0,43697.0
2025-07-19_03:17:46,9727.0,11981.0,44383.0,14024.0,16132.0,43697.0
2025-07-19_03:17:46,9858.0,11981.0,44383.0,14144.0,16132.0,43697.0
2025-07-19_03:17:46,9539.0,11981.0,44383.0,14281.0,16132.0,43697.0
2025-07-19_03:17:46,9723.0,11981.0,44383.0,14114.0,16132.0,43697.0
2025-07-19_03:17:47,,,,,,
2025-07-19_03:17:51,2778.0,11981.0,44383.0,3776.0,16132.0,43697.0
2025-07-19_03:17:51,,,,,,
2025-07-19_03:17:55,6967.0,11981.0,44383.0,3793.0,16132.0,43697.0
2025-07-19_03:17:55,9842.0,11981.0,44383.0,14276.0,16132.0,43697.0
2025-07-19_03:17:56,8667.0,11981.0,44383.0,14419.0,16132.0,43697.0
2025-07-19_03:17:56,9669.0,11981.0,44383.0,13976.0,16132.0,43697.0
2025-07-19_03:17:56,9674.0,11981.0,44383.0,14171.0,16132.0,43697.0
2025-07-19_03:17:56,10645.0,11981.0,44383.0,14873.0,16132.0,43697.0
2025-07-19_03:17:57,,,,13800.0,16132.0,43697.0
2025-07-19_03:18:00,3375.0,11981.0,44383.0,12190.0,16132.0,43697.0
2025-07-19_03:18:00,9775.0,11981.0,44383.0,14098.0,16132.0,43697.0
2025-07-19_03:18:01,9625.0,11981.0,44383.0,14155.0,16132.0,43697.0
2025-07-19_03:18:01,9780.0,11981.0,44383.0,14352.0,16132.0,43697.0
2025-07-19_03:18:01,,,,13989.0,16132.0,43697.0
2025-07-19_03:18:05,3317.0,11981.0,44383.0,12196.0,16132.0,43697.0
2025-07-19_03:18:05,9340.0,11981.0,44383.0,13969.0,16132.0,43697.0
2025-07-19_03:18:05,9462.0,11981.0,44383.0,13685.0,16132.0,43697.0
2025-07-19_03:18:05,8649.0,11981.0,44383.0,14183.0,16132.0,43697.0
2025-07-19_03:18:06,9035.0,11981.0,44383.0,13782.0,16132.0,43697.0
2025-07-19_03:18:06,9676.0,11981.0,44383.0,13971.0,16132.0,43697.0
2025-07-19_03:18:06,9134.0,11981.0,44383.0,13820.0,16132.0,43697.0
2025-07-19_03:18:06,,,,,,
2025-07-19_03:18:10,6970.0,11981.0,44383.0,3787.0,16132.0,43697.0
2025-07-19_03:18:10,,,,,,
2025-07-19_03:18:14,6965.0,11981.0,44383.0,3792.0,16132.0,43697.0
2025-07-19_03:18:14,9294.0,11981.0,44383.0,14136.0,16132.0,43697.0
2025-07-19_03:18:15,9687.0,11981.0,44383.0,13982.0,16132.0,43697.0
2025-07-19_03:18:15,8384.0,11981.0,44383.0,13969.0,16132.0,43697.0
2025-07-19_03:18:15,8933.0,11981.0,44383.0,13944.0,16132.0,43697.0
2025-07-19_03:18:15,,,,13987.0,16132.0,43697.0
2025-07-19_03:18:19,3302.0,11981.0,44383.0,12174.0,16132.0,43697.0
2025-07-19_03:18:19,9670.0,11981.0,44383.0,13967.0,16132.0,43697.0
2025-07-19_03:18:19,9583.0,11981.0,44383.0,13987.0,16132.0,43697.0
2025-07-19_03:18:20,,,,14039.0,16132.0,43697.0
2025-07-19_03:18:23,3358.0,11981.0,44383.0,12189.0,16132.0,43697.0
2025-07-19_03:18:24,9263.0,11981.0,44383.0,13975.0,16132.0,43697.0
2025-07-19_03:18:24,8573.0,11981.0,44383.0,13975.0,16132.0,43697.0
2025-07-19_03:18:24,,,,14406.0,16132.0,43697.0
2025-07-19_03:18:28,2778.0,11981.0,44383.0,12198.0,16132.0,43697.0
2025-07-19_03:18:28,9650.0,11981.0,44383.0,13956.0,16132.0,43697.0
2025-07-19_03:18:28,9186.0,11981.0,44383.0,13768.0,16132.0,43697.0
2025-07-19_03:18:29,9362.0,11981.0,44383.0,14137.0,16132.0,43697.0
2025-07-19_03:18:29,9959.0,11981.0,44383.0,14238.0,16132.0,43697.0
2025-07-19_03:18:29,,,,,,
2025-07-19_03:18:33,6964.0,11981.0,44383.0,3792.0,16132.0,43697.0
2025-07-19_03:18:33,9749.0,11981.0,44383.0,14147.0,16132.0,43697.0
2025-07-19_03:18:33,9947.0,11981.0,44383.0,14278.0,16132.0,43697.0
2025-07-19_03:18:33,9675.0,11981.0,44383.0,13960.0,16132.0,43697.0
2025-07-19_03:18:34,9648.0,11981.0,44383.0,14085.0,16132.0,43697.0
2025-07-19_03:18:34,10000.0,11981.0,44383.0,14331.0,16132.0,43697.0
2025-07-19_03:18:34,9461.0,11981.0,44383.0,14378.0,16132.0,43697.0
2025-07-19_03:18:34,10360.0,11981.0,44383.0,14337.0,16132.0,43697.0
2025-07-19_03:18:35,9888.0,11981.0,44383.0,14136.0,16132.0,43697.0
2025-07-19_03:18:35,9669.0,11981.0,44383.0,14170.0,16132.0,43697.0
2025-07-19_03:18:35,8586.0,11981.0,44383.0,13964.0,16132.0,43697.0
2025-07-19_03:18:35,10145.0,11981.0,44383.0,14204.0,16132.0,43697.0
2025-07-19_03:18:36,8558.0,11981.0,44383.0,13933.0,16132.0,43697.0
2025-07-19_03:18:36,9659.0,11981.0,44383.0,13991.0,16132.0,43697.0
2025-07-19_03:18:36,9628.0,11981.0,44383.0,14074.0,16132.0,43697.0
2025-07-19_03:18:36,8620.0,11981.0,44384.0,13964.0,16132.0,43697.0
2025-07-19_03:18:36,9348.0,11981.0,44384.0,13865.0,16132.0,43697.0
2025-07-19_03:18:37,9613.0,11981.0,44384.0,14285.0,16132.0,43697.0
2025-07-19_03:18:37,,,,,,
2025-07-19_03:18:41,6964.0,11981.0,44384.0,3793.0,16132.0,43697.0
2025-07-19_03:18:41,9600.0,11981.0,44384.0,13977.0,16132.0,43697.0
2025-07-19_03:18:41,9642.0,11981.0,44384.0,14247.0,16132.0,43697.0
2025-07-19_03:18:41,9690.0,11981.0,44384.0,14007.0,16132.0,43697.0
2025-07-19_03:18:42,9976.0,11981.0,44384.0,14365.0,16132.0,43697.0
2025-07-19_03:18:42,10189.0,11981.0,44384.0,14557.0,16132.0,43697.0
2025-07-19_03:18:42,9797.0,11981.0,44384.0,14032.0,16132.0,43697.0
2025-07-19_03:18:42,9666.0,11981.0,44384.0,14018.0,16132.0,43697.0
2025-07-19_03:18:42,9613.0,11981.0,44384.0,14097.0,16132.0,43697.0
2025-07-19_03:18:43,,,,13793.0,16132.0,43697.0
2025-07-19_03:18:46,3375.0,11981.0,44384.0,12190.0,16132.0,43697.0
2025-07-19_03:18:47,9667.0,11981.0,44384.0,14166.0,16132.0,43697.0
2025-07-19_03:18:47,,,,14422.0,16132.0,43697.0
2025-07-19_03:18:51,2778.0,11981.0,44384.0,12189.0,16132.0,43697.0
2025-07-19_03:18:51,,,,14105.0,16132.0,43697.0
2025-07-19_03:18:54,3319.0,11981.0,44384.0,12186.0,16132.0,43697.0
2025-07-19_03:18:55,10050.0,11981.0,44384.0,14310.0,16132.0,43697.0
2025-07-19_03:18:55,9656.0,11981.0,44384.0,14161.0,16132.0,43697.0
2025-07-19_03:18:55,,,,,,
2025-07-19_03:18:59,6964.0,11981.0,44384.0,3792.0,16132.0,43697.0
2025-07-19_03:18:59,9703.0,11981.0,44384.0,14371.0,16132.0,43697.0
2025-07-19_03:18:59,10215.0,11981.0,44384.0,14317.0,16132.0,43697.0
2025-07-19_03:19:00,9676.0,11981.0,44384.0,13982.0,16132.0,43697.0
2025-07-19_03:19:00,9644.0,11981.0,44384.0,13962.0,16132.0,43697.0
2025-07-19_03:19:00,9678.0,11981.0,44384.0,14157.0,16132.0,43697.0
2025-07-19_03:19:00,,,,13784.0,16132.0,43697.0
2025-07-19_03:19:04,,,,,,
2025-07-19_03:19:08,6964.0,11981.0,44384.0,3792.0,16132.0,43697.0
2025-07-19_03:19:08,9680.0,11981.0,44384.0,13980.0,16132.0,43697.0
2025-07-19_03:19:08,9941.0,11981.0,44384.0,14145.0,16132.0,43697.0
2025-07-19_03:19:08,9968.0,11981.0,44384.0,14372.0,16132.0,43697.0
2025-07-19_03:19:08,,,,,,
2025-07-19_03:19:12,6970.0,11981.0,44384.0,3792.0,16132.0,43697.0
2025-07-19_03:19:13,,,,,,
2025-07-19_03:19:16,6963.0,11981.0,44384.0,3793.0,16132.0,43697.0
2025-07-19_03:19:17,9853.0,11981.0,44384.0,14309.0,16132.0,43697.0
2025-07-19_03:19:17,9671.0,11981.0,44384.0,14102.0,16132.0,43697.0
2025-07-19_03:19:17,9721.0,11981.0,44384.0,14108.0,16132.0,43697.0
2025-07-19_03:19:17,9651.0,11981.0,44384.0,14103.0,16132.0,43697.0
2025-07-19_03:19:17,9666.0,11981.0,44384.0,13973.0,16132.0,43697.0
2025-07-19_03:19:18,,,,13937.0,16132.0,43697.0
2025-07-19_03:19:21,3358.0,11981.0,44384.0,12169.0,16132.0,43697.0
2025-07-19_03:19:22,9639.0,11981.0,44384.0,14110.0,16132.0,43697.0
2025-07-19_03:19:22,,,,,,
2025-07-19_03:19:26,6959.0,11981.0,44384.0,3792.0,16132.0,43697.0
2025-07-19_03:19:26,9685.0,11981.0,44384.0,13989.0,16132.0,43697.0
2025-07-19_03:19:26,,,,13987.0,16132.0,43697.0
2025-07-19_03:19:30,3358.0,11981.0,44384.0,12186.0,16132.0,43697.0
2025-07-19_03:19:30,,,,13976.0,16132.0,43697.0
2025-07-19_03:19:34,2778.0,11981.0,44384.0,12166.0,16132.0,43697.0
2025-07-19_03:19:34,9849.0,11981.0,44384.0,14271.0,16132.0,43697.0
2025-07-19_03:19:34,,,,,,
2025-07-19_03:19:38,6963.0,11981.0,44384.0,3793.0,16132.0,43697.0
2025-07-19_03:19:38,9806.0,11981.0,44384.0,14210.0,16132.0,43697.0
2025-07-19_03:19:38,,,,14289.0,16132.0,43697.0
2025-07-19_03:19:42,3375.0,11981.0,44384.0,12185.0,16132.0,43697.0
2025-07-19_03:19:42,9282.0,11981.0,44384.0,14097.0,16132.0,43697.0
2025-07-19_03:19:43,,,,13977.0,16132.0,43697.0
2025-07-19_03:19:46,3375.0,11981.0,44384.0,12173.0,16132.0,43697.0
2025-07-19_03:19:46,9687.0,11981.0,44384.0,14166.0,16132.0,43697.0
2025-07-19_03:19:47,9629.0,11981.0,44384.0,14334.0,16132.0,43697.0
2025-07-19_03:19:47,9921.0,11981.0,44388.0,14550.0,16132.0,43697.0
2025-07-19_03:19:47,8693.0,11981.0,44388.0,14302.0,16132.0,43697.0
2025-07-19_03:19:47,9454.0,11981.0,44388.0,14191.0,16132.0,43697.0
2025-07-19_03:19:48,9672.0,11981.0,44388.0,14170.0,16132.0,43697.0
2025-07-19_03:19:48,9834.0,11981.0,44388.0,14272.0,16132.0,43697.0
2025-07-19_03:19:48,9686.0,11981.0,44388.0,14176.0,16132.0,43697.0
2025-07-19_03:19:48,9739.0,11981.0,44388.0,14106.0,16132.0,43697.0
2025-07-19_03:19:49,,,,,,
2025-07-19_03:19:52,6965.0,11981.0,44388.0,3793.0,16132.0,43697.0
2025-07-19_03:19:53,9674.0,11981.0,44388.0,13975.0,16132.0,43697.0
2025-07-19_03:19:53,9946.0,11981.0,44388.0,14337.0,16132.0,43697.0
2025-07-19_03:19:53,,,,,,
2025-07-19_03:19:57,6959.0,11981.0,44388.0,3792.0,16132.0,43697.0
2025-07-19_03:19:57,9857.0,11981.0,44388.0,14395.0,16132.0,43697.0
2025-07-19_03:19:57,9671.0,11981.0,44388.0,14014.0,16132.0,43697.0
2025-07-19_03:19:57,9375.0,11981.0,44388.0,14171.0,16132.0,43697.0
2025-07-19_03:19:58,9678.0,11981.0,44388.0,13974.0,16132.0,43697.0
2025-07-19_03:19:58,,,,,,
2025-07-19_03:20:02,6966.0,11981.0,44388.0,3793.0,16132.0,43697.0
2025-07-19_03:20:02,8560.0,11981.0,44388.0,13961.0,16132.0,43697.0
2025-07-19_03:20:02,8627.0,11981.0,44388.0,13961.0,16132.0,43697.0
2025-07-19_03:20:02,9678.0,11981.0,44388.0,14167.0,16132.0,43697.0
2025-07-19_03:20:03,9784.0,11981.0,44388.0,14187.0,16132.0,43697.0
2025-07-19_03:20:03,9761.0,11981.0,44388.0,13861.0,16132.0,43697.0
2025-07-19_03:20:03,9819.0,11981.0,44388.0,14353.0,16132.0,43697.0
2025-07-19_03:20:03,9684.0,11981.0,44388.0,14354.0,16132.0,43697.0
2025-07-19_03:20:04,8520.0,11981.0,44388.0,13915.0,16132.0,43697.0
2025-07-19_03:20:04,9807.0,11981.0,44388.0,14136.0,16132.0,43697.0
2025-07-19_03:20:04,,,,,,
2025-07-19_03:20:09,2778.0,11981.0,44388.0,3776.0,16132.0,43697.0
2025-07-19_03:20:09,,,,,,
2025-07-19_03:20:13,6964.0,11981.0,44388.0,3793.0,16132.0,43697.0
2025-07-19_03:20:13,9849.0,11981.0,44388.0,14065.0,16132.0,43697.0
2025-07-19_03:20:13,9686.0,11981.0,44388.0,13988.0,16132.0,43697.0
2025-07-19_03:20:13,10080.0,11981.0,44388.0,14498.0,16132.0,43697.0
2025-07-19_03:20:13,9676.0,11981.0,44388.0,14174.0,16132.0,43697.0
2025-07-19_03:20:14,10213.0,11981.0,44388.0,14616.0,16132.0,43697.0
2025-07-19_03:20:14,10003.0,11981.0,44388.0,13862.0,16132.0,43697.0
2025-07-19_03:20:14,9672.0,11981.0,44388.0,13971.0,16132.0,43697.0
2025-07-19_03:20:14,9673.0,11981.0,44388.0,14018.0,16132.0,43697.0
2025-07-19_03:20:15,,,,13046.0,16132.0,43697.0
2025-07-19_03:20:18,2778.0,11981.0,44388.0,12194.0,16132.0,43697.0
2025-07-19_03:20:19,9681.0,11981.0,44388.0,13989.0,16132.0,43697.0
2025-07-19_03:20:19,10130.0,11981.0,44388.0,14371.0,16132.0,43697.0
2025-07-19_03:20:19,9846.0,11981.0,44388.0,14245.0,16132.0,43697.0
2025-07-19_03:20:19,,,,14230.0,16132.0,43697.0
2025-07-19_03:20:23,3358.0,11981.0,44388.0,12185.0,16132.0,43697.0
2025-07-19_03:20:23,9694.0,11981.0,44388.0,14180.0,16132.0,43697.0
2025-07-19_03:20:23,9704.0,11981.0,44388.0,14169.0,16132.0,43697.0
2025-07-19_03:20:24,9672.0,11981.0,44388.0,13995.0,16132.0,43697.0
2025-07-19_03:20:24,9596.0,11981.0,44388.0,14142.0,16132.0,43718.0
2025-07-19_03:20:24,,,,13975.0,16132.0,43718.0
2025-07-19_03:20:28,3302.0,11981.0,44388.0,12192.0,16132.0,43718.0
2025-07-19_03:20:28,9219.0,11981.0,44388.0,13927.0,16132.0,43718.0
2025-07-19_03:20:28,9724.0,11981.0,44388.0,14103.0,16132.0,43718.0
2025-07-19_03:20:29,9625.0,11981.0,44388.0,14074.0,16132.0,43718.0
2025-07-19_03:20:29,9267.0,11981.0,44388.0,13934.0,16132.0,43718.0
2025-07-19_03:20:29,9677.0,11981.0,44388.0,13966.0,16132.0,43718.0
2025-07-19_03:20:29,9676.0,11981.0,44388.0,14317.0,16132.0,43718.0
2025-07-19_03:20:29,9722.0,11981.0,44388.0,14342.0,16132.0,43718.0
2025-07-19_03:20:30,9795.0,11981.0,44388.0,14220.0,16132.0,43718.0
2025-07-19_03:20:30,9635.0,11981.0,44388.0,14219.0,16132.0,43718.0
2025-07-19_03:20:30,,,,,,
2025-07-19_03:20:34,6965.0,11981.0,44388.0,3793.0,16132.0,43718.0
2025-07-19_03:20:34,9651.0,11981.0,44388.0,14101.0,16132.0,43718.0
2025-07-19_03:20:34,9639.0,11981.0,44388.0,14102.0,16132.0,43718.0
2025-07-19_03:20:35,9650.0,11981.0,44388.0,14157.0,16132.0,43718.0
2025-07-19_03:20:35,,,,,,
2025-07-19_03:20:39,6963.0,11981.0,44388.0,3793.0,16132.0,43718.0
2025-07-19_03:20:39,,,,13825.0,16132.0,43718.0
2025-07-19_03:20:43,3321.0,11981.0,44388.0,12195.0,16132.0,43718.0
2025-07-19_03:20:43,9813.0,11981.0,44388.0,14174.0,16132.0,43718.0
2025-07-19_03:20:43,9761.0,11981.0,44388.0,14242.0,16132.0,43718.0
2025-07-19_03:20:43,9790.0,11981.0,44388.0,14125.0,16132.0,43718.0
2025-07-19_03:20:43,,,,13979.0,16132.0,43718.0
2025-07-19_03:20:47,,,,,,
2025-07-19_03:20:51,6963.0,11981.0,44388.0,3787.0,16132.0,43718.0
2025-07-19_03:20:51,,,,,,
2025-07-19_03:20:56,2778.0,11981.0,44388.0,3776.0,16132.0,43718.0
2025-07-19_03:20:56,10078.0,11981.0,44388.0,14553.0,16132.0,43718.0
2025-07-19_03:20:56,,,,13680.0,16132.0,43718.0
2025-07-19_03:21:00,3319.0,11981.0,44388.0,12168.0,16132.0,43718.0
2025-07-19_03:21:00,9648.0,11981.0,44388.0,14165.0,16132.0,43718.0
2025-07-19_03:21:00,9677.0,11981.0,44388.0,14168.0,16132.0,43718.0
2025-07-19_03:21:00,9672.0,11981.0,44388.0,14170.0,16132.0,43718.0
2025-07-19_03:21:01,9647.0,11981.0,44388.0,14181.0,16132.0,43718.0
2025-07-19_03:21:01,,,,14057.0,16132.0,43718.0
2025-07-19_03:21:05,3319.0,11981.0,44388.0,12185.0,16132.0,43718.0
2025-07-19_03:21:05,9603.0,11981.0,44388.0,13993.0,16132.0,43718.0
2025-07-19_03:21:05,,,,,,
2025-07-19_03:21:09,6964.0,11981.0,44388.0,3792.0,16132.0,43718.0
2025-07-19_03:21:09,9811.0,11981.0,44388.0,14364.0,16132.0,43718.0
2025-07-19_03:21:09,9588.0,11981.0,44388.0,14019.0,16132.0,43718.0
2025-07-19_03:21:09,9604.0,11981.0,44388.0,14184.0,16132.0,43718.0
2025-07-19_03:21:10,,,,,,
2025-07-19_03:21:13,6961.0,11981.0,44388.0,3793.0,16132.0,43718.0
2025-07-19_03:21:14,,,,,,
2025-07-19_03:21:18,6963.0,11981.0,44388.0,3792.0,16132.0,43718.0
2025-07-19_03:21:18,9735.0,11981.0,44388.0,14205.0,16132.0,43718.0
2025-07-19_03:21:18,9322.0,11981.0,44388.0,13938.0,16132.0,43718.0
2025-07-19_03:21:18,9595.0,11981.0,44388.0,14216.0,16132.0,43718.0
2025-07-19_03:21:18,,,,13061.0,16132.0,43718.0
2025-07-19_03:21:22,2778.0,11981.0,44388.0,12200.0,16132.0,43718.0
2025-07-19_03:21:22,,,,,,
2025-07-19_03:21:26,6968.0,11981.0,44388.0,3792.0,16132.0,43718.0
2025-07-19_03:21:26,9806.0,11981.0,44388.0,14253.0,16132.0,43718.0
2025-07-19_03:21:27,9632.0,11981.0,44388.0,14159.0,16132.0,43718.0
2025-07-19_03:21:27,9680.0,11981.0,44388.0,14140.0,16132.0,43718.0
2025-07-19_03:21:27,,,,14162.0,16132.0,43718.0
2025-07-19_03:21:31,3375.0,11981.0,44388.0,12158.0,16132.0,43718.0
2025-07-19_03:21:31,9837.0,11981.0,44388.0,14032.0,16132.0,43718.0
2025-07-19_03:21:31,9893.0,11981.0,44388.0,14350.0,16132.0,43718.0
2025-07-19_03:21:31,9674.0,11981.0,44388.0,13978.0,16132.0,43718.0
2025-07-19_03:21:32,9515.0,11981.0,44388.0,14131.0,16132.0,43718.0
2025-07-19_03:21:32,9663.0,11981.0,44388.0,14169.0,16132.0,43718.0
2025-07-19_03:21:32,10197.0,11981.0,44388.0,14053.0,16132.0,43718.0
2025-07-19_03:21:32,9638.0,11981.0,44388.0,13739.0,16132.0,43718.0
2025-07-19_03:21:33,9818.0,11981.0,44388.0,14288.0,16132.0,43718.0
2025-07-19_03:21:33,9375.0,11981.0,44388.0,14123.0,16132.0,43718.0
2025-07-19_03:21:33,10731.0,11981.0,44388.0,14875.0,16132.0,43718.0
2025-07-19_03:21:33,9590.0,11981.0,44388.0,14035.0,16132.0,43718.0
2025-07-19_03:21:33,9646.0,11981.0,44388.0,14284.0,16132.0,43718.0
2025-07-19_03:21:34,,,,13990.0,16132.0,43718.0
2025-07-19_03:21:37,3319.0,11981.0,44388.0,12194.0,16132.0,43718.0
2025-07-19_03:21:38,9438.0,11981.0,44388.0,14096.0,16132.0,43718.0
2025-07-19_03:21:38,9837.0,11981.0,44388.0,14312.0,16132.0,43718.0
2025-07-19_03:21:38,9484.0,11981.0,44388.0,14094.0,16132.0,43718.0
2025-07-19_03:21:38,,,,13861.0,16132.0,43718.0
2025-07-19_03:21:42,2778.0,11981.0,44388.0,12191.0,16132.0,43718.0
2025-07-19_03:21:42,,,,,,
2025-07-19_03:21:46,6968.0,11981.0,44390.0,3792.0,16132.0,43718.0
2025-07-19_03:21:46,9579.0,11981.0,44390.0,14143.0,16132.0,43718.0
2025-07-19_03:21:47,,,,13921.0,16132.0,43718.0
2025-07-19_03:21:50,3375.0,11981.0,44390.0,12183.0,16132.0,43718.0
2025-07-19_03:21:50,10102.0,11981.0,44390.0,14245.0,16132.0,43718.0
2025-07-19_03:21:51,10023.0,11981.0,44390.0,14384.0,16132.0,43718.0
2025-07-19_03:21:51,9730.0,11981.0,44390.0,14255.0,16132.0,43718.0
2025-07-19_03:21:51,9671.0,11981.0,44390.0,14162.0,16132.0,43718.0
2025-07-19_03:21:51,9495.0,11981.0,44390.0,13791.0,16132.0,43718.0
2025-07-19_03:21:52,9672.0,11981.0,44390.0,14171.0,16132.0,43718.0
2025-07-19_03:21:52,10323.0,11982.0,44392.0,14639.0,16132.0,43718.0
2025-07-19_03:21:52,9653.0,11982.0,44392.0,14382.0,16132.0,43718.0
2025-07-19_03:21:52,10076.0,11982.0,44392.0,14386.0,16132.0,43718.0
2025-07-19_03:21:52,9672.0,11982.0,44392.0,13964.0,16132.0,43718.0
2025-07-19_03:21:53,9658.0,11982.0,44392.0,14286.0,16132.0,43718.0
2025-07-19_03:21:53,9679.0,11982.0,44392.0,14178.0,16132.0,43718.0
2025-07-19_03:21:53,,,,13267.0,16132.0,43718.0
2025-07-19_03:21:57,2778.0,11982.0,44392.0,12162.0,16132.0,43718.0
2025-07-19_03:21:57,9683.0,11982.0,44392.0,14171.0,16132.0,43718.0
2025-07-19_03:21:57,9665.0,11982.0,44392.0,14207.0,16132.0,43718.0
2025-07-19_03:21:58,9707.0,11982.0,44392.0,14154.0,16132.0,43718.0
2025-07-19_03:21:58,,,,,,
2025-07-19_03:22:02,6969.0,11982.0,44392.0,3795.0,16132.0,43718.0
2025-07-19_03:22:02,10255.0,11982.0,44392.0,14110.0,16132.0,43719.0
2025-07-19_03:22:02,10105.0,11982.0,44392.0,14540.0,16132.0,43719.0
2025-07-19_03:22:02,,,,,,
2025-07-19_03:22:06,6963.0,11982.0,44392.0,3789.0,16132.0,43719.0
2025-07-19_03:22:06,9520.0,11982.0,44392.0,14288.0,16132.0,43719.0
2025-07-19_03:22:07,9838.0,11982.0,44392.0,14026.0,16132.0,43719.0
2025-07-19_03:22:07,10099.0,11982.0,44392.0,14506.0,16132.0,43719.0
2025-07-19_03:22:07,,,,13985.0,16132.0,43719.0
2025-07-19_03:22:11,3375.0,11982.0,44392.0,12187.0,16132.0,43719.0
2025-07-19_03:22:11,9635.0,11982.0,44392.0,14324.0,16132.0,43719.0
2025-07-19_03:22:11,9677.0,11982.0,44392.0,13978.0,16132.0,43719.0
2025-07-19_03:22:11,,,,13981.0,16132.0,43719.0
2025-07-19_03:22:15,3302.0,11982.0,44392.0,12188.0,16132.0,43719.0
2025-07-19_03:22:15,9678.0,11982.0,44392.0,14180.0,16132.0,43719.0
2025-07-19_03:22:16,10150.0,11982.0,44392.0,14142.0,16132.0,43719.0
2025-07-19_03:22:16,9681.0,11982.0,44392.0,13969.0,16132.0,43719.0
2025-07-19_03:22:16,,,,11880.0,16132.0,43719.0
2025-07-19_03:22:20,2778.0,11982.0,44392.0,12164.0,16132.0,43719.0
2025-07-19_03:22:20,10102.0,11982.0,44392.0,14362.0,16132.0,43719.0
2025-07-19_03:22:20,9671.0,11982.0,44392.0,13784.0,16132.0,43719.0
2025-07-19_03:22:21,8573.0,11982.0,44392.0,13973.0,16132.0,43719.0
2025-07-19_03:22:21,,,,,,
2025-07-19_03:22:25,6965.0,11982.0,44392.0,3792.0,16132.0,43719.0
2025-07-19_03:22:25,10263.0,11982.0,44392.0,14350.0,16132.0,43719.0
2025-07-19_03:22:25,10075.0,11982.0,44392.0,14508.0,16132.0,43719.0
2025-07-19_03:22:25,9544.0,11982.0,44392.0,14422.0,16132.0,43719.0
2025-07-19_03:22:25,9675.0,11982.0,44392.0,13962.0,16132.0,43719.0
2025-07-19_03:22:26,9638.0,11982.0,44392.0,14349.0,16132.0,43719.0
2025-07-19_03:22:26,8534.0,11982.0,44392.0,13898.0,16132.0,43719.0
2025-07-19_03:22:26,,,,,,
2025-07-19_03:22:30,6967.0,11982.0,44392.0,3792.0,16132.0,43719.0
2025-07-19_03:22:30,9996.0,11982.0,44392.0,14468.0,16132.0,43723.0
2025-07-19_03:22:30,,,,13072.0,16132.0,43723.0
2025-07-19_03:22:34,2778.0,11982.0,44392.0,12191.0,16132.0,43723.0
2025-07-19_03:22:34,9671.0,11982.0,44392.0,14170.0,16132.0,43723.0
2025-07-19_03:22:35,,,,14201.0,16132.0,43723.0
2025-07-19_03:22:38,3358.0,11982.0,44392.0,12173.0,16132.0,43723.0
2025-07-19_03:22:38,9672.0,11982.0,44392.0,14177.0,16132.0,43723.0
2025-07-19_03:22:39,9669.0,11982.0,44392.0,13967.0,16132.0,43723.0
2025-07-19_03:22:39,9927.0,11982.0,44392.0,14371.0,16132.0,43723.0
2025-07-19_03:22:39,9662.0,11982.0,44392.0,14003.0,16132.0,43723.0
2025-07-19_03:22:39,9924.0,11982.0,44392.0,14359.0,16132.0,43723.0
2025-07-19_03:22:40,9722.0,11982.0,44392.0,14229.0,16132.0,43723.0
2025-07-19_03:22:40,10086.0,11982.0,44392.0,14331.0,16132.0,43723.0
2025-07-19_03:22:40,9897.0,11982.0,44392.0,14322.0,16132.0,43723.0
2025-07-19_03:22:40,,,,14724.0,16132.0,43723.0
2025-07-19_03:22:44,3358.0,11982.0,44392.0,12178.0,16132.0,43723.0
2025-07-19_03:22:44,,,,,,
2025-07-19_03:22:49,2778.0,11982.0,44392.0,3776.0,16132.0,43723.0
2025-07-19_03:22:49,9659.0,11982.0,44392.0,14132.0,16132.0,43723.0
2025-07-19_03:22:49,9594.0,11982.0,44392.0,14228.0,16132.0,43723.0
2025-07-19_03:22:49,9671.0,11982.0,44392.0,13784.0,16132.0,43723.0
2025-07-19_03:22:50,,,,13082.0,16132.0,43723.0
2025-07-19_03:22:53,2778.0,11982.0,44392.0,12185.0,16132.0,43723.0
2025-07-19_03:22:54,10092.0,11982.0,44392.0,14143.0,16132.0,43723.0
2025-07-19_03:22:54,9931.0,11982.0,44392.0,14562.0,16132.0,43723.0
2025-07-19_03:22:54,9816.0,11982.0,44392.0,14296.0,16132.0,43723.0
2025-07-19_03:22:54,9813.0,11982.0,44392.0,14184.0,16132.0,43723.0
2025-07-19_03:22:54,9671.0,11982.0,44392.0,13972.0,16132.0,43723.0
2025-07-19_03:22:55,8590.0,11982.0,44392.0,13965.0,16132.0,43723.0
2025-07-19_03:22:55,9619.0,11982.0,44392.0,14275.0,16132.0,43723.0
2025-07-19_03:22:55,,,,,,
2025-07-19_03:22:59,6964.0,11982.0,44392.0,3793.0,16132.0,43723.0
2025-07-19_03:22:59,9668.0,11982.0,44392.0,14084.0,16132.0,43723.0
2025-07-19_03:22:59,9791.0,11982.0,44392.0,14022.0,16132.0,43723.0
2025-07-19_03:23:00,9982.0,11982.0,44392.0,14073.0,16132.0,43723.0
2025-07-19_03:23:00,9674.0,11982.0,44392.0,14173.0,16132.0,43723.0
2025-07-19_03:23:00,9642.0,11982.0,44392.0,14105.0,16132.0,43723.0
2025-07-19_03:23:00,,,,,,
2025-07-19_03:23:04,6968.0,11982.0,44392.0,3793.0,16132.0,43723.0
2025-07-19_03:23:04,9904.0,11982.0,44392.0,14194.0,16132.0,43723.0
2025-07-19_03:23:04,,,,13780.0,16132.0,43723.0
2025-07-19_03:23:08,3319.0,11982.0,44392.0,12189.0,16132.0,43723.0
2025-07-19_03:23:08,9678.0,11982.0,44392.0,13960.0,16132.0,43723.0
2025-07-19_03:23:09,9672.0,11982.0,44392.0,14178.0,16132.0,43723.0
2025-07-19_03:23:09,9686.0,11982.0,44392.0,14297.0,16132.0,43723.0
2025-07-19_03:23:09,9802.0,11982.0,44392.0,14067.0,16132.0,43723.0
2025-07-19_03:23:09,9624.0,11982.0,44392.0,14285.0,16132.0,43723.0
2025-07-19_03:23:10,9673.0,11982.0,44392.0,13983.0,16132.0,43723.0
2025-07-19_03:23:10,,,,,,
2025-07-19_03:23:14,6964.0,11982.0,44392.0,3793.0,16132.0,43723.0
2025-07-19_03:23:14,,,,,,
2025-07-19_03:23:18,6963.0,11982.0,44392.0,3787.0,16132.0,43723.0
2025-07-19_03:23:18,9658.0,11982.0,44392.0,14323.0,16132.0,43723.0
2025-07-19_03:23:18,,,,,,
2025-07-19_03:23:22,6964.0,11982.0,44392.0,3787.0,16132.0,43723.0
2025-07-19_03:23:22,9665.0,11982.0,44392.0,13970.0,16132.0,43723.0
2025-07-19_03:23:22,9680.0,11982.0,44392.0,14194.0,16132.0,43723.0
2025-07-19_03:23:22,9679.0,11982.0,44392.0,13980.0,16132.0,43723.0
2025-07-19_03:23:23,,,,,,
2025-07-19_03:23:27,6964.0,11982.0,44392.0,3793.0,16132.0,43723.0
2025-07-19_03:23:27,10067.0,11982.0,44392.0,14366.0,16132.0,43723.0
2025-07-19_03:23:27,9627.0,11982.0,44392.0,14211.0,16132.0,43723.0
2025-07-19_03:23:27,9621.0,11982.0,44392.0,14312.0,16132.0,43723.0
2025-07-19_03:23:27,9648.0,11982.0,44392.0,14343.0,16132.0,43723.0
2025-07-19_03:23:28,,,,,,
2025-07-19_03:23:31,6971.0,11982.0,44392.0,3793.0,16132.0,43723.0
2025-07-19_03:23:32,10056.0,11982.0,44392.0,14227.0,16132.0,43723.0
2025-07-19_03:23:32,10003.0,11982.0,44392.0,14367.0,16132.0,43723.0
2025-07-19_03:23:32,9166.0,11982.0,44392.0,14013.0,16132.0,43723.0
2025-07-19_03:23:32,,,,13979.0,16132.0,43723.0
2025-07-19_03:23:36,3302.0,11982.0,44392.0,12202.0,16132.0,43723.0
2025-07-19_03:23:36,9663.0,11982.0,44392.0,14094.0,16132.0,43723.0
2025-07-19_03:23:37,8704.0,11982.0,44392.0,13697.0,16132.0,43723.0
2025-07-19_03:23:37,9776.0,11982.0,44392.0,14273.0,16132.0,43723.0
2025-07-19_03:23:37,9921.0,11982.0,44392.0,14104.0,16132.0,43723.0
2025-07-19_03:23:37,9675.0,11982.0,44392.0,14201.0,16132.0,43723.0
2025-07-19_03:23:37,,,,13779.0,16132.0,43723.0
2025-07-19_03:23:41,3360.0,11982.0,44392.0,12169.0,16132.0,43723.0
2025-07-19_03:23:41,9681.0,11982.0,44392.0,14161.0,16132.0,43723.0
2025-07-19_03:23:42,,,,13667.0,16132.0,43723.0
2025-07-19_03:23:45,3319.0,11982.0,44392.0,12160.0,16132.0,43723.0
2025-07-19_03:23:46,9818.0,11982.0,44392.0,14237.0,16132.0,43723.0
2025-07-19_03:23:46,9222.0,11982.0,44392.0,13909.0,16132.0,43723.0
2025-07-19_03:23:46,9847.0,11982.0,44392.0,14043.0,16132.0,43723.0
2025-07-19_03:23:46,9669.0,11982.0,44392.0,14172.0,16132.0,43723.0
2025-07-19_03:23:46,9530.0,11982.0,44392.0,13854.0,16132.0,43723.0
2025-07-19_03:23:47,9150.0,11982.0,44392.0,14109.0,16132.0,43723.0
2025-07-19_03:23:47,,,,13974.0,16132.0,43723.0
2025-07-19_03:23:51,3358.0,11982.0,44392.0,12173.0,16132.0,43723.0
2025-07-19_03:23:51,9801.0,11982.0,44392.0,14024.0,16132.0,43723.0
2025-07-19_03:23:51,10380.0,11982.0,44392.0,14535.0,16132.0,43723.0
2025-07-19_03:23:51,9670.0,11982.0,44392.0,14179.0,16132.0,43723.0
2025-07-19_03:23:51,9426.0,11982.0,44392.0,13687.0,16132.0,43723.0
2025-07-19_03:23:52,9674.0,11982.0,44392.0,13973.0,16132.0,43723.0
2025-07-19_03:23:52,,,,14349.0,16132.0,43723.0
2025-07-19_03:23:56,3375.0,11982.0,44392.0,12185.0,16132.0,43723.0
2025-07-19_03:23:56,9673.0,11982.0,44392.0,14325.0,16132.0,43724.0
2025-07-19_03:23:56,9677.0,11982.0,44392.0,14165.0,16132.0,43724.0
2025-07-19_03:23:56,9628.0,11982.0,44392.0,14014.0,16132.0,43724.0
2025-07-19_03:23:56,9829.0,11982.0,44392.0,14114.0,16132.0,43724.0
2025-07-19_03:23:57,9640.0,11982.0,44392.0,14133.0,16132.0,43724.0
2025-07-19_03:23:57,8577.0,11982.0,44392.0,13971.0,16132.0,43724.0
2025-07-19_03:23:57,,,,,,
2025-07-19_03:24:01,6964.0,11982.0,44392.0,3793.0,16132.0,43724.0
2025-07-19_03:24:01,,,,,,
2025-07-19_03:24:05,6967.0,11982.0,44392.0,3793.0,16132.0,43724.0
2025-07-19_03:24:05,9698.0,11982.0,44392.0,14331.0,16132.0,43724.0
2025-07-19_03:24:05,9672.0,11982.0,44392.0,13973.0,16132.0,43724.0
2025-07-19_03:24:06,9675.0,11982.0,44392.0,14091.0,16132.0,43724.0
2025-07-19_03:24:06,9648.0,11982.0,44392.0,14283.0,16132.0,43724.0
2025-07-19_03:24:06,9816.0,11982.0,44392.0,13901.0,16132.0,43724.0
2025-07-19_03:24:06,9662.0,11982.0,44392.0,14321.0,16132.0,43724.0
2025-07-19_03:24:06,9637.0,11982.0,44392.0,14270.0,16132.0,43724.0
2025-07-19_03:24:07,,,,,,
2025-07-19_03:24:10,6962.0,11982.0,44392.0,3786.0,16132.0,43724.0
2025-07-19_03:24:11,10346.0,11982.0,44392.0,14351.0,16132.0,43724.0
2025-07-19_03:24:11,9673.0,11982.0,44392.0,13973.0,16132.0,43724.0
2025-07-19_03:24:11,9681.0,11982.0,44392.0,13971.0,16132.0,43724.0
2025-07-19_03:24:11,,,,14145.0,16132.0,43724.0
2025-07-19_03:24:15,3375.0,11982.0,44392.0,12160.0,16132.0,43724.0
2025-07-19_03:24:15,9623.0,11982.0,44392.0,14049.0,16132.0,43724.0
2025-07-19_03:24:15,9794.0,11982.0,44392.0,14035.0,16132.0,43724.0
2025-07-19_03:24:16,9653.0,11982.0,44392.0,14288.0,16132.0,43724.0
2025-07-19_03:24:16,10130.0,11982.0,44392.0,14177.0,16132.0,43724.0
2025-07-19_03:24:16,9809.0,11982.0,44393.0,14175.0,16132.0,43724.0
2025-07-19_03:24:16,9670.0,11982.0,44393.0,14171.0,16132.0,43724.0
2025-07-19_03:24:17,9671.0,11982.0,44393.0,13981.0,16132.0,43724.0
2025-07-19_03:24:17,9671.0,11982.0,44393.0,13979.0,16132.0,43724.0
2025-07-19_03:24:17,9856.0,11982.0,44393.0,14270.0,16132.0,43724.0
2025-07-19_03:24:17,,,,14654.0,16132.0,43724.0
2025-07-19_03:24:21,3358.0,11982.0,44393.0,12171.0,16132.0,43724.0
2025-07-19_03:24:21,,,,14008.0,16132.0,43724.0
2025-07-19_03:24:25,3319.0,11982.0,44393.0,12186.0,16132.0,43724.0
2025-07-19_03:24:25,9837.0,11982.0,44393.0,14215.0,16132.0,43724.0
2025-07-19_03:24:25,,,,,,
2025-07-19_03:24:29,6968.0,11982.0,44393.0,3793.0,16132.0,43724.0
2025-07-19_03:24:29,9656.0,11982.0,44393.0,14281.0,16132.0,43724.0
2025-07-19_03:24:30,9672.0,11982.0,44393.0,14006.0,16132.0,43724.0
2025-07-19_03:24:30,9449.0,11982.0,44393.0,13927.0,16132.0,43724.0
2025-07-19_03:24:30,9409.0,11982.0,44393.0,14124.0,16132.0,43724.0
2025-07-19_03:24:30,,,,14077.0,16132.0,43724.0
2025-07-19_03:24:34,3358.0,11982.0,44393.0,12196.0,16132.0,43724.0
2025-07-19_03:24:34,9411.0,11982.0,44393.0,13943.0,16132.0,43724.0
2025-07-19_03:24:34,,,,13933.0,16132.0,43724.0
2025-07-19_03:24:38,3319.0,11982.0,44393.0,12189.0,16132.0,43724.0
2025-07-19_03:24:38,,,,14033.0,16132.0,43724.0
2025-07-19_03:24:42,3375.0,11982.0,44393.0,12157.0,16132.0,43724.0
2025-07-19_03:24:42,,,,14105.0,16132.0,43724.0
2025-07-19_03:24:46,3319.0,11982.0,44393.0,12185.0,16132.0,43724.0
2025-07-19_03:24:46,,,,,,
2025-07-19_03:24:50,6968.0,11982.0,44393.0,3792.0,16132.0,43724.0
2025-07-19_03:24:50,,,,,,
2025-07-19_03:24:54,6967.0,11982.0,44393.0,3792.0,16132.0,43724.0
2025-07-19_03:24:54,9671.0,11982.0,44393.0,14176.0,16132.0,43724.0
2025-07-19_03:24:54,9835.0,11982.0,44393.0,14235.0,16132.0,43724.0
2025-07-19_03:24:55,9698.0,11982.0,44393.0,14167.0,16132.0,43724.0
2025-07-19_03:24:55,10206.0,11982.0,44393.0,14302.0,16132.0,43724.0
2025-07-19_03:24:55,9669.0,11982.0,44393.0,13959.0,16132.0,43724.0
2025-07-19_03:24:55,,,,14106.0,16132.0,43724.0
2025-07-19_03:24:59,3302.0,11982.0,44393.0,12201.0,16132.0,43724.0
2025-07-19_03:24:59,9626.0,11982.0,44393.0,14345.0,16132.0,43724.0
2025-07-19_03:25:00,9584.0,11982.0,44393.0,14015.0,16132.0,43724.0
2025-07-19_03:25:00,9832.0,11982.0,44393.0,14077.0,16132.0,43724.0
2025-07-19_03:25:00,,,,14042.0,16132.0,43724.0
2025-07-19_03:25:04,3377.0,11982.0,44393.0,12184.0,16132.0,43724.0
2025-07-19_03:25:04,9676.0,11982.0,44393.0,14183.0,16132.0,43724.0
2025-07-19_03:25:04,9835.0,11982.0,44393.0,14038.0,16132.0,43724.0
2025-07-19_03:25:04,10172.0,11982.0,44393.0,14375.0,16132.0,43724.0
2025-07-19_03:25:05,10016.0,11982.0,44393.0,14537.0,16132.0,43724.0
2025-07-19_03:25:05,9879.0,11982.0,44393.0,14038.0,16132.0,43724.0
2025-07-19_03:25:05,9652.0,11982.0,44393.0,14094.0,16132.0,43724.0
2025-07-19_03:25:05,9700.0,11982.0,44393.0,14123.0,16132.0,43724.0
2025-07-19_03:25:05,,,,14187.0,16132.0,43724.0
2025-07-19_03:25:09,3306.0,11982.0,44393.0,12182.0,16132.0,43724.0
2025-07-19_03:25:09,,,,14039.0,16132.0,43724.0
2025-07-19_03:25:13,3358.0,11982.0,44393.0,12187.0,16132.0,43724.0
2025-07-19_03:25:13,9668.0,11982.0,44393.0,14162.0,16132.0,43724.0
2025-07-19_03:25:13,,,,,,
2025-07-19_03:25:17,6951.0,11982.0,44393.0,3793.0,16132.0,43724.0
2025-07-19_03:25:18,9890.0,11982.0,44396.0,14297.0,16132.0,43724.0
2025-07-19_03:25:18,9673.0,11982.0,44396.0,13976.0,16132.0,43724.0
2025-07-19_03:25:18,10316.0,11982.0,44396.0,14341.0,16132.0,43724.0
2025-07-19_03:25:18,9715.0,11982.0,44396.0,14002.0,16132.0,43724.0
2025-07-19_03:25:18,9822.0,11982.0,44396.0,14104.0,16132.0,43724.0
2025-07-19_03:25:19,,,,,,
2025-07-19_03:25:22,6969.0,11982.0,44396.0,3792.0,16132.0,43724.0
2025-07-19_03:25:23,9801.0,11982.0,44396.0,14391.0,16132.0,43724.0
2025-07-19_03:25:23,,,,13113.0,16132.0,43724.0
2025-07-19_03:25:27,2780.0,11982.0,44396.0,12193.0,16132.0,43724.0
2025-07-19_03:25:27,9638.0,11982.0,44396.0,14323.0,16132.0,43724.0
2025-07-19_03:25:27,9668.0,11982.0,44396.0,14240.0,16132.0,43724.0
2025-07-19_03:25:27,9802.0,11982.0,44396.0,14298.0,16132.0,43724.0
2025-07-19_03:25:28,9685.0,11982.0,44396.0,14181.0,16132.0,43724.0
2025-07-19_03:25:28,10109.0,11982.0,44396.0,14518.0,16132.0,43724.0
2025-07-19_03:25:28,9812.0,11982.0,44396.0,14267.0,16132.0,43724.0
2025-07-19_03:25:28,9662.0,11982.0,44396.0,13978.0,16132.0,43724.0
2025-07-19_03:25:29,10007.0,11982.0,44396.0,14329.0,16132.0,43724.0
2025-07-19_03:25:29,9682.0,11982.0,44396.0,13977.0,16132.0,43724.0
2025-07-19_03:25:29,9645.0,11982.0,44396.0,14100.0,16132.0,43724.0
2025-07-19_03:25:29,9689.0,11982.0,44396.0,14210.0,16132.0,43724.0
2025-07-19_03:25:29,,,,,,
2025-07-19_03:25:33,6964.0,11982.0,44396.0,3792.0,16132.0,43724.0
2025-07-19_03:25:33,10336.0,11982.0,44396.0,14527.0,16132.0,43724.0
2025-07-19_03:25:34,9805.0,11982.0,44396.0,14230.0,16132.0,43724.0
2025-07-19_03:25:34,,,,14278.0,16132.0,43724.0
2025-07-19_03:25:38,3375.0,11982.0,44396.0,12162.0,16132.0,43724.0
2025-07-19_03:25:38,9668.0,11982.0,44396.0,14163.0,16132.0,43724.0
2025-07-19_03:25:38,9646.0,11982.0,44396.0,14282.0,16132.0,43724.0
2025-07-19_03:25:38,,,,14071.0,16132.0,43724.0
2025-07-19_03:25:42,3375.0,11982.0,44396.0,12194.0,16132.0,43724.0
2025-07-19_03:25:42,9725.0,11982.0,44396.0,14294.0,16132.0,43724.0
2025-07-19_03:25:42,9663.0,11982.0,44396.0,13737.0,16132.0,43724.0
2025-07-19_03:25:43,9668.0,11982.0,44396.0,14085.0,16132.0,43724.0
2025-07-19_03:25:43,,,,13962.0,16132.0,43724.0
2025-07-19_03:25:47,3375.0,11982.0,44396.0,12160.0,16132.0,43724.0
2025-07-19_03:25:47,9953.0,11982.0,44396.0,14018.0,16132.0,43724.0
2025-07-19_03:25:47,9650.0,11982.0,44396.0,14288.0,16132.0,43724.0
2025-07-19_03:25:47,10595.0,11982.0,44396.0,14626.0,16132.0,43724.0
2025-07-19_03:25:48,9858.0,11982.0,44396.0,14066.0,16132.0,43724.0
2025-07-19_03:25:48,9670.0,11982.0,44396.0,14163.0,16132.0,43724.0
2025-07-19_03:25:48,9652.0,11982.0,44396.0,14167.0,16132.0,43724.0
2025-07-19_03:25:48,,,,13973.0,16132.0,43724.0
2025-07-19_03:25:52,3319.0,11982.0,44396.0,12185.0,16132.0,43724.0
2025-07-19_03:25:52,9815.0,11982.0,44396.0,13993.0,16132.0,43724.0
2025-07-19_03:25:52,9680.0,11982.0,44396.0,14190.0,16132.0,43724.0
2025-07-19_03:25:53,9233.0,11982.0,44396.0,14116.0,16132.0,43724.0
2025-07-19_03:25:53,,,,14056.0,16132.0,43724.0
2025-07-19_03:25:57,3375.0,11982.0,44396.0,12165.0,16132.0,43724.0
2025-07-19_03:25:57,9667.0,11982.0,44396.0,14286.0,16132.0,43724.0
2025-07-19_03:25:57,9678.0,11982.0,44396.0,14342.0,16132.0,43724.0
2025-07-19_03:25:57,9677.0,11982.0,44396.0,13802.0,16132.0,43724.0
2025-07-19_03:25:58,9676.0,11982.0,44396.0,13980.0,16132.0,43724.0
2025-07-19_03:25:58,,,,,,
2025-07-19_03:26:02,6954.0,11982.0,44396.0,3792.0,16132.0,43724.0
2025-07-19_03:26:02,10217.0,11982.0,44396.0,14519.0,16132.0,43724.0
2025-07-19_03:26:02,9656.0,11982.0,44396.0,14288.0,16132.0,43724.0
2025-07-19_03:26:02,,,,14104.0,16132.0,43724.0
2025-07-19_03:26:06,2778.0,11982.0,44396.0,12173.0,16132.0,43724.0
2025-07-19_03:26:06,9670.0,11982.0,44396.0,13798.0,16132.0,43724.0
2025-07-19_03:26:06,9672.0,11982.0,44396.0,14177.0,16132.0,43724.0
2025-07-19_03:26:07,9671.0,11982.0,44396.0,14091.0,16132.0,43724.0
2025-07-19_03:26:07,10097.0,11982.0,44396.0,14318.0,16132.0,43724.0
2025-07-19_03:26:07,9932.0,11982.0,44396.0,14353.0,16132.0,43724.0
2025-07-19_03:26:07,9812.0,11982.0,44396.0,14081.0,16132.0,43724.0
2025-07-19_03:26:08,9788.0,11982.0,44396.0,14035.0,16132.0,43724.0
2025-07-19_03:26:08,9659.0,11982.0,44396.0,13745.0,16132.0,43724.0
2025-07-19_03:26:08,10074.0,11982.0,44396.0,14082.0,16132.0,43724.0
2025-07-19_03:26:08,,,,13801.0,16132.0,43724.0
2025-07-19_03:26:12,3358.0,11982.0,44396.0,12185.0,16132.0,43724.0
2025-07-19_03:26:12,,,,13979.0,16132.0,43724.0
2025-07-19_03:26:16,3319.0,11982.0,44396.0,12184.0,16132.0,43724.0
2025-07-19_03:26:16,9679.0,11982.0,44396.0,13974.0,16132.0,43724.0
2025-07-19_03:26:16,9631.0,11982.0,44396.0,14012.0,16132.0,43724.0
2025-07-19_03:26:16,9796.0,11982.0,44396.0,14066.0,16132.0,43724.0
2025-07-19_03:26:17,9641.0,11982.0,44396.0,14148.0,16132.0,43724.0
2025-07-19_03:26:17,10153.0,11982.0,44396.0,14367.0,16132.0,43724.0
2025-07-19_03:26:17,,,,,,
2025-07-19_03:26:21,6964.0,11982.0,44396.0,3793.0,16132.0,43724.0
2025-07-19_03:26:21,,,,,,
2025-07-19_03:26:25,6972.0,11982.0,44396.0,3793.0,16132.0,43724.0
2025-07-19_03:26:25,,,,,,
2025-07-19_03:26:29,6969.0,11982.0,44396.0,3792.0,16132.0,43724.0
2025-07-19_03:26:29,9687.0,11982.0,44396.0,13977.0,16132.0,43724.0
2025-07-19_03:26:29,9668.0,11982.0,44396.0,14107.0,16132.0,43724.0
2025-07-19_03:26:30,9810.0,11982.0,44396.0,14189.0,16132.0,43724.0
2025-07-19_03:26:30,9658.0,11982.0,44396.0,14392.0,16132.0,43724.0
2025-07-19_03:26:30,10121.0,11982.0,44396.0,14233.0,16132.0,43724.0
2025-07-19_03:26:30,9816.0,11982.0,44396.0,14132.0,16132.0,43724.0
2025-07-19_03:26:30,10144.0,11982.0,44396.0,14055.0,16132.0,43724.0
2025-07-19_03:26:31,,,,,,
2025-07-19_03:26:35,,,,3776.0,16132.0,43724.0
2025-07-19_03:26:38,2778.0,11982.0,44396.0,12182.0,16132.0,43724.0
2025-07-19_03:26:39,9431.0,11982.0,44396.0,14174.0,16132.0,43724.0
2025-07-19_03:26:39,9668.0,11982.0,44396.0,13982.0,16132.0,43724.0
2025-07-19_03:26:39,9671.0,11982.0,44396.0,14175.0,16132.0,43724.0
2025-07-19_03:26:39,,,,,,
2025-07-19_03:26:43,6970.0,11982.0,44396.0,3793.0,16132.0,43724.0
2025-07-19_03:26:43,10570.0,11982.0,44396.0,14609.0,16132.0,43724.0
2025-07-19_03:26:44,,,,,,
2025-07-19_03:26:47,6966.0,11982.0,44396.0,3792.0,16132.0,43724.0
2025-07-19_03:26:48,9672.0,11982.0,44396.0,13933.0,16132.0,43724.0
2025-07-19_03:26:48,9180.0,11982.0,44396.0,13961.0,16132.0,43724.0
2025-07-19_03:26:48,9805.0,11982.0,44396.0,14016.0,16132.0,43724.0
2025-07-19_03:26:48,9963.0,11982.0,44396.0,14115.0,16132.0,43724.0
2025-07-19_03:26:48,9683.0,11982.0,44396.0,13838.0,16132.0,43724.0
2025-07-19_03:26:49,9634.0,11982.0,44396.0,14136.0,16132.0,43724.0
2025-07-19_03:26:49,,,,13981.0,16132.0,43724.0
2025-07-19_03:26:52,3358.0,11982.0,44396.0,12196.0,16132.0,43724.0
2025-07-19_03:26:53,9664.0,11982.0,44396.0,13991.0,16132.0,43724.0
2025-07-19_03:26:53,9809.0,11982.0,44396.0,14055.0,16132.0,43724.0
2025-07-19_03:26:53,9801.0,11982.0,44396.0,14216.0,16132.0,43724.0
2025-07-19_03:26:53,9684.0,11982.0,44396.0,14080.0,16132.0,43724.0
2025-07-19_03:26:54,9913.0,11982.0,44396.0,14243.0,16132.0,43724.0
2025-07-19_03:26:54,9765.0,11982.0,44396.0,14261.0,16132.0,43724.0
2025-07-19_03:26:54,,,,,,
2025-07-19_03:26:58,6959.0,11982.0,44396.0,3792.0,16132.0,43724.0
2025-07-19_03:26:58,9804.0,11982.0,44396.0,14042.0,16132.0,43724.0
2025-07-19_03:26:58,,,,14120.0,16132.0,43724.0
2025-07-19_03:27:02,3375.0,11982.0,44396.0,12186.0,16132.0,43724.0
2025-07-19_03:27:02,9679.0,11982.0,44396.0,14176.0,16132.0,43724.0
2025-07-19_03:27:02,,,,,,
2025-07-19_03:27:07,2780.0,11982.0,44396.0,3776.0,16132.0,43724.0
2025-07-19_03:27:07,9668.0,11982.0,44396.0,13979.0,16132.0,43724.0
2025-07-19_03:27:07,9674.0,11982.0,44396.0,13981.0,16132.0,43724.0
2025-07-19_03:27:07,,,,,,
2025-07-19_03:27:11,6965.0,11982.0,44396.0,3793.0,16132.0,43724.0
2025-07-19_03:27:11,10328.0,11982.0,44396.0,14579.0,16132.0,43724.0
2025-07-19_03:27:12,9685.0,11982.0,44396.0,13980.0,16132.0,43724.0
2025-07-19_03:27:12,9679.0,11982.0,44396.0,14203.0,16132.0,43724.0
2025-07-19_03:27:12,,,,,,
2025-07-19_03:27:16,6968.0,11982.0,44396.0,3793.0,16132.0,43724.0
2025-07-19_03:27:16,,,,14325.0,16132.0,43724.0
2025-07-19_03:27:20,3375.0,11982.0,44396.0,12164.0,16132.0,43724.0
2025-07-19_03:27:20,10101.0,11982.0,44396.0,14314.0,16132.0,43724.0
2025-07-19_03:27:20,9672.0,11982.0,44396.0,14170.0,16132.0,43724.0
2025-07-19_03:27:20,9638.0,11982.0,44396.0,14093.0,16132.0,43724.0
2025-07-19_03:27:21,9674.0,11982.0,44396.0,13980.0,16132.0,43724.0
2025-07-19_03:27:21,9670.0,11982.0,44396.0,13983.0,16132.0,43724.0
2025-07-19_03:27:21,9674.0,11982.0,44396.0,13971.0,16132.0,43724.0
2025-07-19_03:27:21,9603.0,11982.0,44396.0,14000.0,16132.0,43724.0
2025-07-19_03:27:22,,,,14373.0,16132.0,43724.0
2025-07-19_03:27:25,2778.0,11982.0,44396.0,12183.0,16132.0,43724.0
2025-07-19_03:27:26,9616.0,11982.0,44396.0,14101.0,16132.0,43724.0
2025-07-19_03:27:26,9670.0,11982.0,44396.0,14176.0,16132.0,43724.0
2025-07-19_03:27:26,9503.0,11982.0,44396.0,14094.0,16132.0,43724.0
2025-07-19_03:27:26,9760.0,11982.0,44396.0,14281.0,16132.0,43724.0
2025-07-19_03:27:26,,,,,,
2025-07-19_03:27:30,6958.0,11982.0,44396.0,3792.0,16132.0,43724.0
2025-07-19_03:27:31,9825.0,11982.0,44396.0,14043.0,16132.0,43724.0
2025-07-19_03:27:31,9704.0,11982.0,44396.0,14008.0,16132.0,43724.0
2025-07-19_03:27:31,9842.0,11982.0,44396.0,14003.0,16132.0,43724.0
2025-07-19_03:27:31,9677.0,11982.0,44396.0,14183.0,16132.0,43724.0
2025-07-19_03:27:31,9672.0,11982.0,44396.0,14204.0,16132.0,43724.0
2025-07-19_03:27:32,,,,14076.0,16132.0,43724.0
2025-07-19_03:27:36,3319.0,11982.0,44396.0,12151.0,16132.0,43724.0
2025-07-19_03:27:36,9649.0,11982.0,44396.0,13918.0,16132.0,43724.0
2025-07-19_03:27:36,10068.0,11982.0,44396.0,14506.0,16132.0,43724.0
2025-07-19_03:27:36,10189.0,11990.0,44455.0,14559.0,16132.0,43724.0
2025-07-19_03:27:36,8548.0,11990.0,44455.0,14185.0,16132.0,43724.0
2025-07-19_03:27:37,,,,,,
2025-07-19_03:27:40,6964.0,11990.0,44455.0,3792.0,16132.0,43724.0
2025-07-19_03:27:41,2778.0,11990.0,44455.0,12200.0,16132.0,43724.0
2025-07-19_03:27:42,9675.0,11990.0,44455.0,13972.0,16132.0,43724.0
2025-07-19_03:27:42,9835.0,11990.0,44455.0,14028.0,16132.0,43724.0
2025-07-19_03:27:42,10214.0,11990.0,44455.0,14374.0,16132.0,43724.0
2025-07-19_03:27:42,,,,,,
2025-07-19_03:27:46,6963.0,11990.0,44455.0,3792.0,16132.0,43724.0
2025-07-19_03:27:46,9582.0,11990.0,44455.0,14178.0,16132.0,43724.0
2025-07-19_03:27:46,9677.0,11990.0,44455.0,14174.0,16132.0,43724.0
2025-07-19_03:27:47,9680.0,11990.0,44455.0,13983.0,16132.0,43724.0
2025-07-19_03:27:47,,,,13977.0,16132.0,43724.0
2025-07-19_03:27:51,3319.0,11990.0,44455.0,12159.0,16132.0,43724.0
2025-07-19_03:27:51,9673.0,11990.0,44455.0,13737.0,16132.0,43724.0
2025-07-19_03:27:51,9668.0,11990.0,44455.0,14174.0,16132.0,43724.0
2025-07-19_03:27:51,10057.0,11990.0,44455.0,14359.0,16132.0,43724.0
2025-07-19_03:27:51,9821.0,11990.0,44455.0,13856.0,16132.0,43724.0
2025-07-19_03:27:52,9669.0,11990.0,44455.0,13967.0,16132.0,43724.0
2025-07-19_03:27:52,,,,,,
2025-07-19_03:27:56,6968.0,11990.0,44455.0,3794.0,16132.0,43724.0
2025-07-19_03:27:56,9668.0,11990.0,44455.0,13984.0,16132.0,43724.0
2025-07-19_03:27:56,9674.0,11990.0,44455.0,13977.0,16132.0,43724.0
2025-07-19_03:27:56,9672.0,11990.0,44455.0,13983.0,16132.0,43724.0
2025-07-19_03:27:56,9803.0,11990.0,44455.0,14237.0,16132.0,43724.0
2025-07-19_03:27:57,9671.0,11990.0,44455.0,14176.0,16132.0,43724.0
2025-07-19_03:27:57,9671.0,11990.0,44455.0,14162.0,16132.0,43724.0
2025-07-19_03:27:57,,,,14038.0,16132.0,43724.0
2025-07-19_03:28:01,,,,,,
2025-07-19_03:28:05,6969.0,11990.0,44455.0,3786.0,16132.0,43724.0
2025-07-19_03:28:05,9629.0,11990.0,44455.0,13966.0,16132.0,43724.0
2025-07-19_03:28:05,9636.0,11990.0,44455.0,14113.0,16132.0,43724.0
2025-07-19_03:28:05,9647.0,11990.0,44455.0,14289.0,16132.0,43724.0
2025-07-19_03:28:06,,,,13997.0,16132.0,43724.0
2025-07-19_03:28:09,3319.0,11990.0,44455.0,12161.0,16132.0,43724.0
2025-07-19_03:28:09,9665.0,11990.0,44455.0,13977.0,16132.0,43724.0
2025-07-19_03:28:10,9673.0,11990.0,44455.0,13966.0,16132.0,43724.0
2025-07-19_03:28:10,9695.0,11990.0,44455.0,14150.0,16132.0,43724.0
2025-07-19_03:28:10,9910.0,11990.0,44457.0,14140.0,16132.0,43724.0
2025-07-19_03:28:10,10243.0,11990.0,44458.0,14392.0,16132.0,43724.0
2025-07-19_03:28:11,9810.0,11990.0,44458.0,14231.0,16132.0,43724.0
2025-07-19_03:28:11,,,,,,
2025-07-19_03:28:15,6969.0,11990.0,44458.0,3792.0,16132.0,43724.0
2025-07-19_03:28:15,,,,,,
2025-07-19_03:28:19,6971.0,11990.0,44458.0,3792.0,16132.0,43724.0
2025-07-19_03:28:19,9755.0,11990.0,44458.0,14232.0,16132.0,43724.0
2025-07-19_03:28:19,9828.0,11990.0,44458.0,14233.0,16132.0,43724.0
2025-07-19_03:28:19,9808.0,11990.0,44458.0,14209.0,16132.0,43724.0
2025-07-19_03:28:20,10221.0,11990.0,44458.0,14386.0,16132.0,43724.0
2025-07-19_03:28:20,9669.0,11990.0,44458.0,14182.0,16132.0,43724.0
2025-07-19_03:28:20,9678.0,11990.0,44458.0,14012.0,16132.0,43724.0
2025-07-19_03:28:20,9674.0,11990.0,44458.0,14175.0,16132.0,43724.0
2025-07-19_03:28:20,9669.0,11990.0,44458.0,14171.0,16132.0,43724.0
2025-07-19_03:28:21,9668.0,11990.0,44458.0,13977.0,16132.0,43724.0
2025-07-19_03:28:21,10041.0,11990.0,44458.0,14213.0,16132.0,43724.0
2025-07-19_03:28:21,9911.0,11990.0,44458.0,14257.0,16132.0,43724.0
2025-07-19_03:28:21,9400.0,11990.0,44458.0,14162.0,16132.0,43724.0
2025-07-19_03:28:22,,,,,,
2025-07-19_03:28:25,6955.0,11990.0,44458.0,3793.0,16132.0,43724.0
2025-07-19_03:28:26,9473.0,11990.0,44458.0,14284.0,16132.0,43724.0
2025-07-19_03:28:26,,,,,,
2025-07-19_03:28:30,6966.0,11990.0,44458.0,3792.0,16132.0,43724.0
2025-07-19_03:28:30,,,,13983.0,16132.0,43724.0
2025-07-19_03:28:34,3375.0,11990.0,44458.0,12197.0,16132.0,43724.0
2025-07-19_03:28:34,9668.0,11990.0,44458.0,14165.0,16132.0,43724.0
2025-07-19_03:28:34,9644.0,11990.0,44458.0,14106.0,16132.0,43724.0
2025-07-19_03:28:34,9673.0,11990.0,44458.0,13973.0,16132.0,43724.0
2025-07-19_03:28:35,9672.0,11990.0,44458.0,14169.0,16132.0,43724.0
2025-07-19_03:28:35,9670.0,11990.0,44458.0,13980.0,16132.0,43724.0
2025-07-19_03:28:35,9840.0,11990.0,44458.0,14207.0,16132.0,43724.0
2025-07-19_03:28:35,9668.0,11990.0,44458.0,14154.0,16132.0,43724.0
2025-07-19_03:28:35,9899.0,11990.0,44458.0,14241.0,16132.0,43724.0
2025-07-19_03:28:36,9674.0,11990.0,44458.0,14173.0,16132.0,43724.0
2025-07-19_03:28:36,9839.0,11990.0,44458.0,14039.0,16132.0,43724.0
2025-07-19_03:28:36,,,,13827.0,16132.0,43724.0
2025-07-19_03:28:40,,,,,,
2025-07-19_03:28:44,6968.0,11990.0,44458.0,3793.0,16132.0,43724.0
2025-07-19_03:28:44,9673.0,11990.0,44458.0,14153.0,16132.0,43724.0
2025-07-19_03:28:44,10084.0,11990.0,44458.0,14241.0,16132.0,43724.0
2025-07-19_03:28:44,9806.0,11990.0,44458.0,14031.0,16132.0,43724.0
2025-07-19_03:28:44,,,,13783.0,16132.0,43724.0
2025-07-19_03:28:48,3375.0,11990.0,44458.0,12185.0,16132.0,43724.0
2025-07-19_03:28:48,9681.0,11990.0,44458.0,13736.0,16132.0,43724.0
2025-07-19_03:28:49,,,,,,
2025-07-19_03:28:52,6969.0,11990.0,44458.0,3792.0,16132.0,43724.0
2025-07-19_03:28:53,9668.0,11990.0,44458.0,14315.0,16132.0,43724.0
2025-07-19_03:28:53,9680.0,11990.0,44458.0,14176.0,16132.0,43724.0
2025-07-19_03:28:53,9195.0,11990.0,44458.0,13719.0,16132.0,43724.0
2025-07-19_03:28:53,9808.0,11990.0,44458.0,13814.0,16132.0,43724.0
2025-07-19_03:28:54,,,,13772.0,16132.0,43724.0
2025-07-19_03:28:57,3375.0,11990.0,44458.0,12185.0,16132.0,43724.0
2025-07-19_03:28:57,,,,13385.0,16132.0,43724.0
2025-07-19_03:29:01,2778.0,11990.0,44458.0,12187.0,16132.0,43724.0
2025-07-19_03:29:02,9673.0,11990.0,44458.0,14190.0,16132.0,43724.0
2025-07-19_03:29:02,10114.0,11990.0,44458.0,14546.0,16132.0,43724.0
2025-07-19_03:29:02,9750.0,11990.0,44458.0,14258.0,16132.0,43724.0
2025-07-19_03:29:02,,,,,,
2025-07-19_03:29:06,6973.0,11990.0,44458.0,3792.0,16132.0,43724.0
2025-07-19_03:29:06,9671.0,11990.0,44458.0,13971.0,16132.0,43724.0
2025-07-19_03:29:07,9674.0,11990.0,44458.0,13992.0,16132.0,43724.0
2025-07-19_03:29:07,9672.0,11990.0,44458.0,14171.0,16132.0,43724.0
2025-07-19_03:29:07,9671.0,11990.0,44458.0,14207.0,16132.0,43724.0
2025-07-19_03:29:07,10108.0,11990.0,44458.0,14317.0,16132.0,43724.0
2025-07-19_03:29:07,,,,14361.0,16132.0,43724.0
2025-07-19_03:29:11,3375.0,11990.0,44458.0,12190.0,16132.0,43724.0
2025-07-19_03:29:11,,,,,,
2025-07-19_03:29:15,6961.0,11990.0,44458.0,3793.0,16132.0,43724.0
2025-07-19_03:29:15,9650.0,11990.0,44458.0,14389.0,16132.0,43724.0
2025-07-19_03:29:16,9833.0,11990.0,44458.0,14232.0,16132.0,43724.0
2025-07-19_03:29:16,9676.0,11990.0,44458.0,14280.0,16132.0,43724.0
2025-07-19_03:29:16,9670.0,11990.0,44458.0,14166.0,16132.0,43724.0
2025-07-19_03:29:16,9669.0,11990.0,44458.0,13789.0,16132.0,43724.0
2025-07-19_03:29:16,9648.0,11990.0,44458.0,14081.0,16132.0,43724.0
2025-07-19_03:29:17,,,,13981.0,16132.0,43724.0
2025-07-19_03:29:20,3358.0,11990.0,44458.0,12190.0,16132.0,43724.0
2025-07-19_03:29:21,9671.0,11990.0,44458.0,14166.0,16132.0,43724.0
2025-07-19_03:29:21,9679.0,11990.0,44458.0,14163.0,16132.0,43724.0
2025-07-19_03:29:21,9519.0,11990.0,44458.0,14106.0,16132.0,43724.0
2025-07-19_03:29:21,10277.0,11990.0,44458.0,14300.0,16132.0,43724.0
2025-07-19_03:29:22,9691.0,11990.0,44458.0,13834.0,16132.0,43724.0
2025-07-19_03:29:22,8553.0,11990.0,44458.0,13942.0,16132.0,43724.0
2025-07-19_03:29:22,9672.0,11990.0,44458.0,14180.0,16132.0,43724.0
2025-07-19_03:29:22,9678.0,11990.0,44458.0,14014.0,16132.0,43724.0
2025-07-19_03:29:22,9798.0,11990.0,44458.0,14220.0,16132.0,43724.0
2025-07-19_03:29:23,9533.0,11990.0,44458.0,14207.0,16132.0,43724.0
2025-07-19_03:29:23,9667.0,11990.0,44458.0,14152.0,16132.0,43724.0
2025-07-19_03:29:23,9974.0,11990.0,44458.0,14381.0,16132.0,43724.0
2025-07-19_03:29:23,9788.0,11990.0,44458.0,14033.0,16132.0,43724.0
2025-07-19_03:29:24,9646.0,11990.0,44458.0,14295.0,16132.0,43724.0
2025-07-19_03:29:24,9672.0,11990.0,44458.0,14206.0,16132.0,43724.0
2025-07-19_03:29:24,9793.0,11990.0,44458.0,14156.0,16132.0,43724.0
2025-07-19_03:29:24,9671.0,11990.0,44458.0,14174.0,16132.0,43724.0
2025-07-19_03:29:24,9674.0,11990.0,44458.0,14163.0,16132.0,43724.0
2025-07-19_03:29:25,9660.0,11990.0,44458.0,13976.0,16132.0,43724.0
2025-07-19_03:29:25,,,,13779.0,16132.0,43724.0
2025-07-19_03:29:29,3358.0,11990.0,44458.0,12181.0,16132.0,43724.0
2025-07-19_03:29:29,9665.0,11990.0,44458.0,14171.0,16132.0,43724.0
2025-07-19_03:29:29,9672.0,11990.0,44458.0,13978.0,16132.0,43724.0
2025-07-19_03:29:29,,,,,,
2025-07-19_03:29:33,6960.0,11990.0,44458.0,3792.0,16132.0,43724.0
2025-07-19_03:29:33,,,,,,
2025-07-19_03:29:37,6967.0,11990.0,44458.0,3793.0,16132.0,43724.0
2025-07-19_03:29:37,9850.0,11990.0,44458.0,13886.0,16132.0,43724.0
2025-07-19_03:29:38,,,,,,
2025-07-19_03:29:41,6968.0,11990.0,44458.0,3793.0,16132.0,43724.0
2025-07-19_03:29:42,9805.0,11990.0,44458.0,14221.0,16132.0,43724.0
2025-07-19_03:29:42,9754.0,11990.0,44458.0,13868.0,16132.0,43724.0
2025-07-19_03:29:42,,,,13774.0,16132.0,43724.0
2025-07-19_03:29:46,3358.0,11990.0,44458.0,12182.0,16132.0,43724.0
2025-07-19_03:29:46,9669.0,11990.0,44458.0,13732.0,16132.0,43724.0
2025-07-19_03:29:46,9671.0,11990.0,44458.0,13966.0,16132.0,43724.0
2025-07-19_03:29:46,10083.0,11990.0,44458.0,14251.0,16132.0,43724.0
2025-07-19_03:29:47,10064.0,11990.0,44460.0,14654.0,16132.0,43733.0
2025-07-19_03:29:47,,,,13953.0,16132.0,43733.0
2025-07-19_03:29:51,3319.0,11990.0,44460.0,12190.0,16132.0,43733.0
2025-07-19_03:29:51,10148.0,11990.0,44460.0,14397.0,16132.0,43733.0
2025-07-19_03:29:51,9842.0,11990.0,44460.0,14077.0,16132.0,43733.0
2025-07-19_03:29:51,9789.0,11990.0,44460.0,14033.0,16132.0,43733.0
2025-07-19_03:29:51,9714.0,11990.0,44460.0,14016.0,16132.0,43733.0
2025-07-19_03:29:52,9588.0,11990.0,44460.0,13979.0,16132.0,43733.0
2025-07-19_03:29:52,,,,,,
2025-07-19_03:29:56,6968.0,11990.0,44460.0,3792.0,16132.0,43733.0
2025-07-19_03:29:56,,,,,,
2025-07-19_03:30:00,6970.0,11990.0,44460.0,3792.0,16132.0,43733.0
2025-07-19_03:30:00,10097.0,11990.0,44460.0,14241.0,16132.0,43733.0
2025-07-19_03:30:00,9671.0,11990.0,44460.0,14167.0,16132.0,43733.0
2025-07-19_03:30:00,9633.0,11990.0,44460.0,13800.0,16132.0,43733.0
2025-07-19_03:30:01,9548.0,11990.0,44460.0,14122.0,16132.0,43733.0
2025-07-19_03:30:01,,,,13982.0,16132.0,43733.0
2025-07-19_03:30:04,3302.0,11990.0,44460.0,12198.0,16132.0,43733.0
2025-07-19_03:30:05,9824.0,11990.0,44460.0,14064.0,16132.0,43733.0
2025-07-19_03:30:05,9848.0,11990.0,44460.0,14213.0,16132.0,43733.0
2025-07-19_03:30:05,9671.0,11990.0,44460.0,14171.0,16132.0,43733.0
2025-07-19_03:30:05,9797.0,11990.0,44460.0,14030.0,16132.0,43733.0
2025-07-19_03:30:06,9648.0,11990.0,44460.0,13918.0,16132.0,43733.0
2025-07-19_03:30:06,9636.0,11990.0,44460.0,14078.0,16132.0,43733.0
2025-07-19_03:30:06,9679.0,11990.0,44460.0,14171.0,16132.0,43733.0
2025-07-19_03:30:06,10174.0,11990.0,44460.0,14323.0,16132.0,43733.0
2025-07-19_03:30:06,10062.0,11990.0,44460.0,14698.0,16132.0,43733.0
2025-07-19_03:30:07,,,,,,
2025-07-19_03:30:10,6965.0,11990.0,44460.0,3792.0,16132.0,43733.0
2025-07-19_03:30:11,9671.0,11990.0,44460.0,14171.0,16132.0,43733.0
2025-07-19_03:30:11,9701.0,11990.0,44460.0,13832.0,16132.0,43733.0
2025-07-19_03:30:11,9548.0,11990.0,44460.0,13923.0,16132.0,43733.0
2025-07-19_03:30:11,9618.0,11990.0,44460.0,14265.0,16132.0,43733.0
2025-07-19_03:30:12,10296.0,11990.0,44460.0,14373.0,16132.0,43733.0
2025-07-19_03:30:12,9824.0,11990.0,44460.0,14037.0,16132.0,43733.0
2025-07-19_03:30:12,,,,14150.0,16132.0,43733.0
2025-07-19_03:30:16,2778.0,11990.0,44460.0,12188.0,16132.0,43733.0
2025-07-19_03:30:16,9644.0,11990.0,44460.0,14084.0,16132.0,43733.0
2025-07-19_03:30:16,9650.0,11990.0,44460.0,14099.0,16132.0,43733.0
2025-07-19_03:30:16,,,,13780.0,16132.0,43733.0
2025-07-19_03:30:20,3358.0,11990.0,44460.0,12186.0,16132.0,43733.0
2025-07-19_03:30:20,9909.0,11990.0,44460.0,14269.0,16132.0,43733.0
2025-07-19_03:30:21,9717.0,11990.0,44460.0,14012.0,16132.0,43733.0
2025-07-19_03:30:21,9663.0,11990.0,44460.0,13969.0,16132.0,43733.0
2025-07-19_03:30:21,,,,13930.0,16132.0,43733.0
2025-07-19_03:30:25,3319.0,11990.0,44460.0,12181.0,16132.0,43733.0
2025-07-19_03:30:25,9789.0,11990.0,44460.0,14222.0,16132.0,43733.0
2025-07-19_03:30:25,9666.0,11990.0,44460.0,14195.0,16132.0,43733.0
