2025-07-18_16:07:15,3385.0,3385.0,3385.0,4423.0,4423.0,4423.0
2025-07-18_16:07:15,9779.0,9857.0,11356.0,14364.0,14455.0,16045.0
2025-07-18_16:07:15,9635.0,9984.0,13085.0,14316.0,14464.0,17898.0
2025-07-18_16:07:15,,,,14145.0,14494.0,19543.0
2025-07-18_16:07:19,3375.0,9986.0,13219.0,12167.0,14604.0,22182.0
2025-07-18_16:07:19,9823.0,10264.0,15992.0,14099.0,14604.0,22789.0
2025-07-18_16:07:19,9404.0,10295.0,18529.0,14097.0,14608.0,24642.0
2025-07-18_16:07:20,9813.0,10321.0,19711.0,14218.0,14608.0,25105.0
2025-07-18_16:07:20,,,,,,
2025-07-18_16:07:24,2778.0,10321.0,20282.0,3776.0,14608.0,25642.0
2025-07-18_16:07:24,9575.0,10325.0,20588.0,14018.0,14609.0,26134.0
2025-07-18_16:07:25,,,,13243.0,14613.0,27783.0
2025-07-18_16:07:29,2778.0,10325.0,20588.0,12189.0,14620.0,27855.0
2025-07-18_16:07:29,9802.0,10334.0,20797.0,14034.0,14622.0,28073.0
2025-07-18_16:07:29,,,,13086.0,14622.0,28950.0
2025-07-18_16:07:33,2778.0,10334.0,20797.0,12188.0,14622.0,28952.0
2025-07-18_16:07:33,9639.0,10354.0,21258.0,13984.0,14622.0,29010.0
2025-07-18_16:07:33,10068.0,10484.0,22617.0,14308.0,14623.0,29048.0
2025-07-18_16:07:33,10223.0,10631.0,24404.0,14658.0,14922.0,31302.0
2025-07-18_16:07:34,8492.0,10639.0,25376.0,13714.0,14922.0,31664.0
2025-07-18_16:07:34,10022.0,10722.0,25918.0,14649.0,14927.0,31732.0
2025-07-18_16:07:34,9602.0,10723.0,25990.0,14009.0,14927.0,31759.0
2025-07-18_16:07:34,9606.0,10724.0,26106.0,14225.0,14927.0,31816.0
2025-07-18_16:07:35,8668.0,10743.0,27168.0,14253.0,14934.0,31989.0
2025-07-18_16:07:38,2778.0,10743.0,27168.0,12196.0,14934.0,31990.0
2025-07-18_16:07:39,9732.0,10743.0,27282.0,14055.0,14934.0,32587.0
2025-07-18_16:07:39,9574.0,10743.0,27404.0,13929.0,14941.0,32621.0
2025-07-18_16:07:39,,,,14117.0,14942.0,32706.0
2025-07-18_16:07:43,2778.0,10743.0,27404.0,12185.0,14942.0,32735.0
2025-07-18_16:07:43,,,,14170.0,14942.0,32745.0
2025-07-18_16:07:47,3302.0,10743.0,27448.0,12191.0,14942.0,32752.0
2025-07-18_16:07:47,9636.0,10743.0,27460.0,14222.0,14942.0,32781.0
2025-07-18_16:07:47,9859.0,10754.0,27569.0,14049.0,14942.0,32838.0
2025-07-18_16:07:47,10000.0,10777.0,28644.0,14362.0,14942.0,32875.0
2025-07-18_16:07:48,9635.0,10780.0,28667.0,14374.0,14950.0,32900.0
2025-07-18_16:07:48,9223.0,10780.0,28696.0,13920.0,14950.0,32908.0
2025-07-18_16:07:48,9563.0,10782.0,28752.0,13998.0,14952.0,32955.0
2025-07-18_16:07:48,10298.0,10794.0,29635.0,14349.0,14954.0,32985.0
2025-07-18_16:07:49,9785.0,10798.0,29749.0,14039.0,14954.0,33003.0
2025-07-18_16:07:49,9894.0,10801.0,29768.0,14118.0,14954.0,33042.0
2025-07-18_16:07:49,10136.0,10951.0,29987.0,14352.0,15067.0,33236.0
2025-07-18_16:07:49,9966.0,10953.0,30058.0,13975.0,15067.0,33534.0
2025-07-18_16:07:49,8663.0,10953.0,30656.0,14109.0,15067.0,33780.0
2025-07-18_16:07:50,,,,14174.0,15067.0,33791.0
2025-07-18_16:07:53,3375.0,10953.0,30656.0,12197.0,15067.0,33794.0
2025-07-18_16:07:54,9815.0,10953.0,30662.0,14218.0,15067.0,33801.0
2025-07-18_16:07:54,10114.0,10953.0,30749.0,14126.0,15067.0,33808.0
2025-07-18_16:07:54,9841.0,10953.0,30802.0,14084.0,15067.0,33828.0
2025-07-18_16:07:54,9935.0,10954.0,30817.0,14397.0,15067.0,33852.0
2025-07-18_16:07:54,9402.0,10954.0,30836.0,14227.0,15067.0,33859.0
2025-07-18_16:07:55,9964.0,10955.0,30895.0,14572.0,15067.0,33896.0
2025-07-18_16:07:55,,,,14114.0,15067.0,33902.0
2025-07-18_16:07:59,3319.0,10955.0,30895.0,12164.0,15067.0,33905.0
2025-07-18_16:07:59,9742.0,10956.0,30908.0,14037.0,15067.0,33908.0
2025-07-18_16:07:59,8584.0,10956.0,30949.0,14156.0,15067.0,33919.0
2025-07-18_16:07:59,9474.0,10962.0,30966.0,14281.0,15067.0,33935.0
2025-07-18_16:07:59,9958.0,10962.0,31195.0,14538.0,15067.0,34062.0
2025-07-18_16:08:00,,,,13078.0,15067.0,34094.0
2025-07-18_16:08:04,2778.0,10962.0,31195.0,12188.0,15067.0,34094.0
2025-07-18_16:08:04,9647.0,10962.0,31198.0,14278.0,15067.0,34100.0
2025-07-18_16:08:04,,,,,,
2025-07-18_16:08:08,6968.0,10962.0,31335.0,3786.0,15067.0,34197.0
2025-07-18_16:08:08,10065.0,10962.0,31361.0,14299.0,15067.0,34220.0
2025-07-18_16:08:08,,,,,,
2025-07-18_16:08:12,6965.0,10962.0,31409.0,3793.0,15067.0,34284.0
2025-07-18_16:08:12,8536.0,10962.0,31490.0,13630.0,15067.0,34354.0
2025-07-18_16:08:12,9864.0,10962.0,31521.0,14279.0,15067.0,34356.0
2025-07-18_16:08:13,,,,13787.0,15067.0,34362.0
2025-07-18_16:08:16,3375.0,10962.0,31521.0,12184.0,15067.0,34364.0
2025-07-18_16:08:17,10085.0,10963.0,31571.0,14145.0,15067.0,34367.0
2025-07-18_16:08:17,9970.0,10963.0,31584.0,14566.0,15067.0,34369.0
2025-07-18_16:08:17,9646.0,10963.0,31647.0,13976.0,15067.0,34381.0
2025-07-18_16:08:17,9909.0,10964.0,31650.0,14108.0,15067.0,34398.0
2025-07-18_16:08:17,9884.0,10964.0,31674.0,14425.0,15067.0,34415.0
2025-07-18_16:08:18,9720.0,10964.0,31686.0,14043.0,15067.0,34425.0
2025-07-18_16:08:18,9335.0,10965.0,31728.0,13943.0,15067.0,34451.0
2025-07-18_16:08:18,8532.0,10965.0,31768.0,13969.0,15067.0,34466.0
2025-07-18_16:08:18,8665.0,10965.0,31789.0,14211.0,15067.0,34467.0
2025-07-18_16:08:19,9210.0,10965.0,31866.0,14007.0,15067.0,34490.0
2025-07-18_16:08:19,9880.0,10965.0,31925.0,14347.0,15067.0,34500.0
2025-07-18_16:08:19,,,,14054.0,15074.0,34513.0
2025-07-18_16:08:23,2778.0,10965.0,31925.0,12196.0,15074.0,34595.0
2025-07-18_16:08:23,9575.0,10965.0,31946.0,14008.0,15074.0,34611.0
2025-07-18_16:08:23,8625.0,10965.0,31964.0,13968.0,15074.0,34611.0
2025-07-18_16:08:23,8526.0,10965.0,31997.0,13813.0,15074.0,34617.0
2025-07-18_16:08:24,8142.0,10966.0,32103.0,12904.0,15074.0,34656.0
2025-07-18_16:08:24,,,,14086.0,15074.0,34658.0
2025-07-18_16:08:28,2778.0,10966.0,32103.0,12161.0,15074.0,34661.0
2025-07-18_16:08:28,9420.0,10966.0,33042.0,13976.0,15074.0,34661.0
2025-07-18_16:08:28,9800.0,10966.0,33047.0,13999.0,15074.0,34664.0
2025-07-18_16:08:28,,,,13257.0,15074.0,34666.0
2025-07-18_16:08:32,2778.0,10966.0,33047.0,12163.0,15074.0,34666.0
2025-07-18_16:08:32,10032.0,10966.0,33096.0,14406.0,15074.0,34671.0
2025-07-18_16:08:33,9773.0,10966.0,33098.0,14326.0,15074.0,34676.0
2025-07-18_16:08:33,10348.0,10999.0,33233.0,14399.0,15077.0,34689.0
2025-07-18_16:08:33,9654.0,10999.0,33241.0,14321.0,15077.0,34698.0
2025-07-18_16:08:33,9673.0,10999.0,33241.0,14183.0,15077.0,34699.0
2025-07-18_16:08:34,9794.0,10999.0,33253.0,14258.0,15077.0,34700.0
2025-07-18_16:08:34,9782.0,10999.0,33254.0,14220.0,15077.0,34702.0
2025-07-18_16:08:34,9839.0,11000.0,33260.0,13986.0,15077.0,34702.0
2025-07-18_16:08:34,8591.0,11000.0,33336.0,14031.0,15077.0,34758.0
2025-07-18_16:08:34,,,,13978.0,15077.0,34764.0
2025-07-18_16:08:38,3358.0,11000.0,33336.0,12198.0,15077.0,34764.0
2025-07-18_16:08:38,8579.0,11000.0,33363.0,14105.0,15077.0,34767.0
2025-07-18_16:08:39,,,,,,
2025-07-18_16:08:42,6967.0,11000.0,33368.0,3793.0,15077.0,34796.0
2025-07-18_16:08:43,9606.0,11001.0,33374.0,14228.0,15077.0,34802.0
2025-07-18_16:08:43,9293.0,11021.0,33411.0,13796.0,15077.0,34806.0
2025-07-18_16:08:43,9801.0,11021.0,33413.0,14002.0,15077.0,34826.0
2025-07-18_16:08:43,,,,14244.0,15077.0,34829.0
2025-07-18_16:08:47,3358.0,11021.0,33413.0,12164.0,15077.0,34829.0
2025-07-18_16:08:47,,,,,,
2025-07-18_16:08:51,6968.0,11021.0,33416.0,3792.0,15077.0,34830.0
2025-07-18_16:08:51,8607.0,11021.0,33434.0,14134.0,15077.0,34866.0
2025-07-18_16:08:51,,,,13788.0,15077.0,34878.0
2025-07-18_16:08:55,3321.0,11021.0,33434.0,12191.0,15077.0,34884.0
2025-07-18_16:08:55,9590.0,11021.0,33434.0,14094.0,15077.0,34889.0
2025-07-18_16:08:56,8576.0,11021.0,33445.0,13549.0,15077.0,34917.0
2025-07-18_16:08:56,9586.0,11021.0,33542.0,14222.0,15077.0,34924.0
2025-07-18_16:08:56,9653.0,11021.0,33547.0,14262.0,15077.0,34927.0
2025-07-18_16:08:56,10104.0,11021.0,33728.0,14252.0,15077.0,34932.0
2025-07-18_16:08:56,,,,14056.0,15077.0,34979.0
2025-07-18_16:09:00,3358.0,11021.0,33728.0,12186.0,15077.0,34979.0
2025-07-18_16:09:00,9115.0,11021.0,33820.0,13853.0,15077.0,34983.0
2025-07-18_16:09:01,,,,13815.0,15077.0,34987.0
2025-07-18_16:09:04,3319.0,11021.0,33820.0,12193.0,15077.0,34987.0
2025-07-18_16:09:04,9595.0,11021.0,33820.0,14185.0,15077.0,34988.0
2025-07-18_16:09:05,8637.0,11021.0,33824.0,14183.0,15077.0,34989.0
2025-07-18_16:09:05,8100.0,11021.0,33854.0,13049.0,15077.0,34998.0
2025-07-18_16:09:05,9599.0,11021.0,33858.0,14230.0,15077.0,35001.0
2025-07-18_16:09:05,9322.0,11021.0,33862.0,14047.0,15077.0,35001.0
2025-07-18_16:09:06,8667.0,11021.0,33900.0,14093.0,15077.0,35043.0
2025-07-18_16:09:06,,,,,,
2025-07-18_16:09:10,3356.0,11021.0,33900.0,4595.0,15119.0,35183.0
2025-07-18_16:09:10,,,,13782.0,15119.0,35183.0
2025-07-18_16:09:14,3375.0,11021.0,33900.0,12183.0,15119.0,35183.0
2025-07-18_16:09:14,,,,13078.0,15119.0,35186.0
2025-07-18_16:09:18,2778.0,11021.0,33900.0,12200.0,15119.0,35188.0
2025-07-18_16:09:18,9763.0,11021.0,33938.0,14063.0,15119.0,35190.0
2025-07-18_16:09:18,9696.0,11021.0,33949.0,14150.0,15119.0,35203.0
2025-07-18_16:09:19,9590.0,11021.0,33965.0,13738.0,15119.0,35208.0
2025-07-18_16:09:19,9843.0,11024.0,33985.0,14363.0,15119.0,35209.0
2025-07-18_16:09:19,9442.0,11024.0,33990.0,14356.0,15119.0,35209.0
2025-07-18_16:09:19,,,,14007.0,15119.0,35212.0
2025-07-18_16:09:23,3302.0,11024.0,33990.0,12184.0,15119.0,35212.0
2025-07-18_16:09:23,9596.0,11024.0,33992.0,14027.0,15119.0,35217.0
2025-07-18_16:09:23,,,,14221.0,15119.0,35238.0
2025-07-18_16:09:27,3302.0,11024.0,33992.0,12188.0,15119.0,35238.0
2025-07-18_16:09:27,9813.0,11024.0,33995.0,14265.0,15119.0,35241.0
2025-07-18_16:09:28,9606.0,11024.0,34000.0,14393.0,15119.0,35242.0
2025-07-18_16:09:28,,,,14094.0,15119.0,35243.0
2025-07-18_16:09:31,3358.0,11024.0,34000.0,12187.0,15119.0,35243.0
2025-07-18_16:09:32,10114.0,11024.0,34002.0,14171.0,15119.0,35276.0
2025-07-18_16:09:32,,,,13873.0,15120.0,35364.0
2025-07-18_16:09:36,2778.0,11024.0,34002.0,12172.0,15120.0,35364.0
2025-07-18_16:09:36,9818.0,11024.0,34004.0,14227.0,15120.0,35365.0
2025-07-18_16:09:36,9679.0,11024.0,34004.0,14174.0,15120.0,35365.0
2025-07-18_16:09:36,,,,,,
2025-07-18_16:09:40,6953.0,11024.0,34004.0,3793.0,15120.0,35365.0
2025-07-18_16:09:40,9164.0,11024.0,34013.0,13980.0,15120.0,35365.0
2025-07-18_16:09:41,10161.0,11024.0,34097.0,14676.0,15120.0,35376.0
2025-07-18_16:09:41,9632.0,11024.0,34100.0,14063.0,15120.0,35377.0
2025-07-18_16:09:41,9896.0,11028.0,34136.0,14374.0,15122.0,35386.0
2025-07-18_16:09:41,8712.0,11028.0,34158.0,14042.0,15122.0,35387.0
2025-07-18_16:09:41,8674.0,11028.0,34214.0,14343.0,15122.0,35392.0
2025-07-18_16:09:42,9991.0,11028.0,34225.0,14207.0,15122.0,35396.0
2025-07-18_16:09:42,9604.0,11028.0,34225.0,13970.0,15122.0,35397.0
2025-07-18_16:09:42,9572.0,11028.0,34226.0,13999.0,15122.0,35397.0
2025-07-18_16:09:42,8679.0,11028.0,34243.0,14081.0,15122.0,35397.0
2025-07-18_16:09:43,2780.0,11028.0,34243.0,12189.0,15122.0,35398.0
2025-07-18_16:09:43,10069.0,11028.0,34249.0,14052.0,15122.0,35402.0
2025-07-18_16:09:44,7979.0,11028.0,34258.0,13226.0,15122.0,35415.0
2025-07-18_16:09:44,8926.0,11028.0,34261.0,13981.0,15122.0,35418.0
2025-07-18_16:09:44,9713.0,11028.0,34266.0,14029.0,15122.0,35420.0
2025-07-18_16:09:44,8662.0,11028.0,34300.0,14279.0,15122.0,35421.0
2025-07-18_16:09:44,,,,,,
2025-07-18_16:09:48,6963.0,11028.0,34302.0,3793.0,15122.0,35421.0
2025-07-18_16:09:48,9680.0,11032.0,34314.0,13975.0,15122.0,35425.0
2025-07-18_16:09:49,,,,13980.0,15122.0,35428.0
2025-07-18_16:09:52,3358.0,11032.0,34314.0,12194.0,15122.0,35429.0
2025-07-18_16:09:53,9182.0,11032.0,34316.0,13992.0,15122.0,35429.0
2025-07-18_16:09:53,9680.0,11032.0,34316.0,14161.0,15122.0,35430.0
2025-07-18_16:09:53,9887.0,11032.0,34320.0,14346.0,15122.0,35431.0
2025-07-18_16:09:53,,,,13977.0,15122.0,35434.0
2025-07-18_16:09:57,3319.0,11032.0,34320.0,12185.0,15122.0,35434.0
2025-07-18_16:09:57,9430.0,11032.0,34327.0,14118.0,15122.0,35434.0
2025-07-18_16:09:57,,,,13792.0,15122.0,35434.0
2025-07-18_16:10:01,3319.0,11032.0,34327.0,12187.0,15122.0,35434.0
2025-07-18_16:10:01,9822.0,11036.0,34332.0,14224.0,15122.0,35435.0
2025-07-18_16:10:02,,,,,,
2025-07-18_16:10:05,6964.0,11036.0,34332.0,3786.0,15122.0,35435.0
2025-07-18_16:10:06,9940.0,11036.0,34334.0,14310.0,15122.0,35438.0
2025-07-18_16:10:06,8555.0,11036.0,34338.0,13934.0,15122.0,35439.0
2025-07-18_16:10:06,10200.0,11039.0,34409.0,14227.0,15122.0,35440.0
2025-07-18_16:10:06,,,,13792.0,15122.0,35440.0
2025-07-18_16:10:10,3302.0,11039.0,34409.0,12165.0,15122.0,35440.0
2025-07-18_16:10:10,9667.0,11039.0,34409.0,14171.0,15122.0,35440.0
2025-07-18_16:10:10,10272.0,11039.0,34410.0,14185.0,15122.0,35442.0
2025-07-18_16:10:10,9581.0,11039.0,34417.0,14195.0,15122.0,35443.0
2025-07-18_16:10:11,9501.0,11039.0,34433.0,14318.0,15122.0,35443.0
2025-07-18_16:10:11,9674.0,11039.0,34433.0,14201.0,15122.0,35443.0
2025-07-18_16:10:11,,,,14174.0,15122.0,35443.0
2025-07-18_16:10:15,3302.0,11039.0,34433.0,12184.0,15122.0,35443.0
2025-07-18_16:10:15,9942.0,11039.0,34444.0,14533.0,15122.0,35454.0
2025-07-18_16:10:15,9682.0,11039.0,34445.0,13977.0,15122.0,35454.0
2025-07-18_16:10:16,9667.0,11039.0,34445.0,13989.0,15122.0,35454.0
2025-07-18_16:10:16,9875.0,11039.0,34447.0,14304.0,15122.0,35460.0
2025-07-18_16:10:16,9194.0,11039.0,34466.0,13981.0,15122.0,35460.0
2025-07-18_16:10:16,,,,13966.0,15122.0,35460.0
2025-07-18_16:10:20,3373.0,11039.0,34466.0,12195.0,15122.0,35460.0
2025-07-18_16:10:20,9678.0,11039.0,34471.0,13975.0,15122.0,35464.0
2025-07-18_16:10:20,9444.0,11039.0,34475.0,14330.0,15122.0,35470.0
2025-07-18_16:10:20,,,,,,
2025-07-18_16:10:24,6968.0,11039.0,34476.0,3795.0,15122.0,35472.0
2025-07-18_16:10:24,9609.0,11039.0,34482.0,14006.0,15122.0,35474.0
2025-07-18_16:10:25,9667.0,11039.0,34485.0,14047.0,15122.0,35484.0
2025-07-18_16:10:25,9691.0,11039.0,34488.0,14148.0,15122.0,35484.0
2025-07-18_16:10:25,9211.0,11039.0,34488.0,14017.0,15122.0,35484.0
2025-07-18_16:10:25,9672.0,11039.0,34488.0,14168.0,15122.0,35484.0
2025-07-18_16:10:26,10185.0,11052.0,34504.0,14110.0,15125.0,35489.0
2025-07-18_16:10:26,,,,14293.0,15125.0,35493.0
2025-07-18_16:10:30,2778.0,11052.0,34504.0,12165.0,15125.0,35493.0
2025-07-18_16:10:30,9960.0,11052.0,34510.0,14115.0,15125.0,35493.0
2025-07-18_16:10:31,2778.0,11052.0,34510.0,12189.0,15125.0,35493.0
2025-07-18_16:10:31,9669.0,11052.0,34511.0,14168.0,15125.0,35493.0
2025-07-18_16:10:31,8605.0,11052.0,34512.0,14059.0,15125.0,35493.0
2025-07-18_16:10:31,10216.0,11052.0,34524.0,14080.0,15125.0,35495.0
2025-07-18_16:10:32,8663.0,11052.0,34549.0,14086.0,15125.0,35510.0
2025-07-18_16:10:32,10443.0,11052.0,34565.0,14768.0,15125.0,35521.0
2025-07-18_16:10:32,9647.0,11052.0,34565.0,14095.0,15125.0,35521.0
2025-07-18_16:10:32,9594.0,11052.0,34565.0,14009.0,15125.0,35521.0
2025-07-18_16:10:32,9724.0,11052.0,34566.0,14221.0,15125.0,35521.0
2025-07-18_16:10:33,10263.0,11052.0,34570.0,14083.0,15125.0,35523.0
2025-07-18_16:10:33,9677.0,11052.0,34570.0,14175.0,15125.0,35524.0
2025-07-18_16:10:33,9311.0,11081.0,34600.0,13937.0,15125.0,35525.0
2025-07-18_16:10:33,9480.0,11081.0,34600.0,14282.0,15125.0,35525.0
2025-07-18_16:10:34,9831.0,11081.0,34602.0,14224.0,15125.0,35525.0
2025-07-18_16:10:34,9604.0,11081.0,34612.0,13975.0,15125.0,35525.0
2025-07-18_16:10:34,9846.0,11081.0,34612.0,14238.0,15125.0,35531.0
2025-07-18_16:10:34,10244.0,11462.0,35027.0,14372.0,15405.0,35891.0
2025-07-18_16:10:34,9680.0,11462.0,35027.0,13975.0,15405.0,35891.0
2025-07-18_16:10:35,9688.0,11462.0,35027.0,14216.0,15405.0,35892.0
2025-07-18_16:10:35,,,,14310.0,15405.0,35893.0
2025-07-18_16:10:39,3358.0,11462.0,35027.0,12189.0,15405.0,35893.0
2025-07-18_16:10:39,9864.0,11462.0,35029.0,14275.0,15405.0,35894.0
2025-07-18_16:10:39,9611.0,11462.0,35030.0,14201.0,15405.0,35896.0
2025-07-18_16:10:39,9435.0,11462.0,35030.0,13844.0,15405.0,35901.0
2025-07-18_16:10:39,9822.0,11462.0,35030.0,14054.0,15405.0,35902.0
2025-07-18_16:10:40,9649.0,11462.0,35030.0,14096.0,15405.0,35903.0
2025-07-18_16:10:40,8587.0,11462.0,35031.0,14079.0,15405.0,35904.0
2025-07-18_16:10:40,9670.0,11462.0,35048.0,14170.0,15405.0,35906.0
2025-07-18_16:10:40,8561.0,11462.0,35054.0,14162.0,15405.0,35906.0
2025-07-18_16:10:41,9810.0,11462.0,35055.0,14293.0,15405.0,35922.0
2025-07-18_16:10:41,9759.0,11462.0,35064.0,14144.0,15405.0,35923.0
2025-07-18_16:10:41,,,,14210.0,15405.0,35925.0
2025-07-18_16:10:45,3302.0,11462.0,35064.0,12195.0,15405.0,35925.0
2025-07-18_16:10:45,9713.0,11462.0,35064.0,14218.0,15405.0,35926.0
2025-07-18_16:10:45,10087.0,11462.0,35068.0,14314.0,15405.0,35930.0
2025-07-18_16:10:45,9676.0,11462.0,35068.0,14181.0,15405.0,35930.0
2025-07-18_16:10:46,9969.0,11462.0,35071.0,14098.0,15405.0,35932.0
2025-07-18_16:10:46,9650.0,11462.0,35072.0,14227.0,15405.0,35948.0
2025-07-18_16:10:46,9820.0,11462.0,35081.0,14184.0,15405.0,35957.0
2025-07-18_16:10:46,9426.0,11462.0,35087.0,13718.0,15405.0,35958.0
2025-07-18_16:10:46,,,,,,
2025-07-18_16:10:50,6969.0,11462.0,35090.0,3793.0,15405.0,35958.0
2025-07-18_16:10:50,10226.0,11462.0,35111.0,14360.0,15405.0,35960.0
2025-07-18_16:10:51,9695.0,11462.0,35145.0,14135.0,15405.0,35962.0
2025-07-18_16:10:51,8792.0,11462.0,35152.0,13960.0,15405.0,35963.0
2025-07-18_16:10:51,9660.0,11462.0,35153.0,14328.0,15405.0,35963.0
2025-07-18_16:10:51,9669.0,11462.0,35153.0,13966.0,15405.0,35965.0
2025-07-18_16:10:52,9635.0,11462.0,35153.0,14131.0,15405.0,35965.0
2025-07-18_16:10:52,9817.0,11462.0,35154.0,14240.0,15405.0,35983.0
2025-07-18_16:10:52,8553.0,11462.0,35157.0,13948.0,15405.0,35983.0
2025-07-18_16:10:52,10010.0,11462.0,35163.0,14077.0,15405.0,35983.0
2025-07-18_16:10:52,9609.0,11462.0,35164.0,14068.0,15405.0,35984.0
2025-07-18_16:10:53,9185.0,11462.0,35164.0,13796.0,15405.0,35984.0
2025-07-18_16:10:53,,,,13902.0,15405.0,35988.0
2025-07-18_16:10:57,3302.0,11462.0,35164.0,12196.0,15405.0,35988.0
2025-07-18_16:10:57,9599.0,11462.0,35164.0,14201.0,15405.0,35988.0
2025-07-18_16:10:57,9819.0,11462.0,35165.0,14305.0,15405.0,35994.0
2025-07-18_16:10:57,10064.0,11462.0,35174.0,14510.0,15405.0,35997.0
2025-07-18_16:10:57,9844.0,11462.0,35174.0,14199.0,15407.0,35999.0
2025-07-18_16:10:58,10376.0,11464.0,35559.0,14243.0,15407.0,36306.0
2025-07-18_16:10:58,9554.0,11464.0,35560.0,14192.0,15407.0,36306.0
2025-07-18_16:10:58,9217.0,11464.0,35561.0,14121.0,15407.0,36306.0
2025-07-18_16:10:58,9646.0,11464.0,35561.0,14293.0,15407.0,36307.0
2025-07-18_16:10:59,9497.0,11464.0,35563.0,14345.0,15407.0,36307.0
2025-07-18_16:10:59,10311.0,11464.0,35902.0,14593.0,15407.0,36360.0
2025-07-18_16:10:59,9591.0,11464.0,35902.0,14227.0,15407.0,36360.0
2025-07-18_16:10:59,9622.0,11464.0,35904.0,13855.0,15407.0,36363.0
2025-07-18_16:11:00,10025.0,11464.0,35914.0,14248.0,15407.0,36363.0
2025-07-18_16:11:00,10104.0,11464.0,35922.0,14256.0,15407.0,36363.0
2025-07-18_16:11:00,9655.0,11464.0,35922.0,14472.0,15407.0,36366.0
2025-07-18_16:11:00,,,,,,
2025-07-18_16:11:04,6967.0,11464.0,35922.0,3793.0,15407.0,36366.0
2025-07-18_16:11:04,10123.0,11464.0,35924.0,14366.0,15407.0,36372.0
2025-07-18_16:11:04,9858.0,11464.0,35924.0,14064.0,15407.0,36374.0
2025-07-18_16:11:05,10068.0,11464.0,35925.0,14536.0,15407.0,36374.0
2025-07-18_16:11:05,,,,,,
2025-07-18_16:11:09,6964.0,11464.0,35925.0,3787.0,15407.0,36374.0
2025-07-18_16:11:09,,,,13935.0,15407.0,36375.0
2025-07-18_16:11:13,3319.0,11464.0,35925.0,12192.0,15407.0,36375.0
2025-07-18_16:11:13,9978.0,11464.0,35951.0,14361.0,15407.0,36664.0
2025-07-18_16:11:13,9610.0,11464.0,35951.0,14191.0,15407.0,36664.0
2025-07-18_16:11:13,9651.0,11464.0,35954.0,14290.0,15407.0,36664.0
2025-07-18_16:11:14,9649.0,11464.0,35954.0,14330.0,15407.0,36665.0
2025-07-18_16:11:14,9719.0,11469.0,35960.0,14385.0,15407.0,36670.0
2025-07-18_16:11:14,9679.0,11469.0,35960.0,14175.0,15407.0,36670.0
2025-07-18_16:11:14,,,,13917.0,15407.0,36681.0
2025-07-18_16:11:18,2778.0,11469.0,35960.0,12196.0,15407.0,36681.0
2025-07-18_16:11:18,9876.0,11469.0,35961.0,14237.0,15407.0,36681.0
2025-07-18_16:11:19,,,,14105.0,15407.0,36681.0
2025-07-18_16:11:22,3319.0,11469.0,35961.0,12159.0,15407.0,36681.0
2025-07-18_16:11:22,9878.0,11469.0,35961.0,14306.0,15407.0,36681.0
2025-07-18_16:11:23,9790.0,11469.0,35961.0,14231.0,15407.0,36681.0
2025-07-18_16:11:23,9671.0,11469.0,35961.0,14163.0,15407.0,36681.0
2025-07-18_16:11:23,9984.0,11476.0,36029.0,14282.0,15407.0,36684.0
2025-07-18_16:11:23,9887.0,11476.0,36034.0,14081.0,15407.0,36685.0
2025-07-18_16:11:24,10373.0,11476.0,36046.0,14174.0,15407.0,36689.0
2025-07-18_16:11:24,8560.0,11476.0,36049.0,13919.0,15407.0,36689.0
2025-07-18_16:11:24,9673.0,11476.0,36049.0,13965.0,15407.0,36691.0
2025-07-18_16:11:24,,,,14002.0,15407.0,36692.0
2025-07-18_16:11:28,3319.0,11476.0,36049.0,12184.0,15407.0,36692.0
2025-07-18_16:11:28,9623.0,11476.0,36049.0,14192.0,15407.0,36692.0
2025-07-18_16:11:28,9671.0,11476.0,36049.0,14106.0,15407.0,36692.0
2025-07-18_16:11:29,9761.0,11476.0,36050.0,13970.0,15407.0,36692.0
2025-07-18_16:11:29,10246.0,11477.0,36066.0,14581.0,15407.0,36700.0
2025-07-18_16:11:29,9844.0,11478.0,36071.0,14115.0,15407.0,36700.0
2025-07-18_16:11:29,9809.0,11478.0,36075.0,14233.0,15407.0,36700.0
2025-07-18_16:11:30,9906.0,11478.0,36085.0,14232.0,15407.0,36701.0
2025-07-18_16:11:30,10095.0,11482.0,36092.0,14313.0,15407.0,36704.0
2025-07-18_16:11:30,9710.0,11482.0,36100.0,13987.0,15407.0,36705.0
2025-07-18_16:11:30,,,,,,
2025-07-18_16:11:34,6963.0,11482.0,36100.0,3787.0,15407.0,36705.0
2025-07-18_16:11:34,,,,,,
2025-07-18_16:11:38,6970.0,11482.0,36112.0,3787.0,15407.0,36705.0
2025-07-18_16:11:38,9910.0,11482.0,36129.0,14369.0,15407.0,36707.0
2025-07-18_16:11:38,9673.0,11482.0,36129.0,14284.0,15407.0,36714.0
2025-07-18_16:11:39,9817.0,11482.0,36131.0,14229.0,15407.0,36716.0
2025-07-18_16:11:39,9904.0,11482.0,36153.0,14127.0,15407.0,36723.0
2025-07-18_16:11:39,9839.0,11482.0,36153.0,14001.0,15407.0,36723.0
2025-07-18_16:11:39,9459.0,11482.0,36157.0,14154.0,15407.0,36723.0
2025-07-18_16:11:40,9420.0,11482.0,36165.0,14379.0,15407.0,36727.0
2025-07-18_16:11:40,10087.0,11482.0,36165.0,14505.0,15407.0,36727.0
2025-07-18_16:11:40,,,,,,
2025-07-18_16:11:44,6963.0,11482.0,36165.0,3793.0,15407.0,36727.0
2025-07-18_16:11:44,9671.0,11482.0,36165.0,13975.0,15407.0,36728.0
2025-07-18_16:11:44,9619.0,11482.0,36170.0,14270.0,15407.0,36738.0
2025-07-18_16:11:44,9700.0,11482.0,36171.0,14209.0,15407.0,36739.0
2025-07-18_16:11:45,9918.0,11482.0,36173.0,14061.0,15407.0,36750.0
2025-07-18_16:11:45,8573.0,11482.0,36189.0,13970.0,15407.0,36753.0
2025-07-18_16:11:45,9626.0,11482.0,36189.0,14094.0,15407.0,36753.0
2025-07-18_16:11:45,9813.0,11482.0,36209.0,14029.0,15407.0,36753.0
2025-07-18_16:11:46,9671.0,11482.0,36209.0,13973.0,15407.0,36754.0
2025-07-18_16:11:46,,,,14390.0,15407.0,36755.0
2025-07-18_16:11:49,3358.0,11482.0,36209.0,12186.0,15407.0,36755.0
2025-07-18_16:11:50,9896.0,11482.0,36242.0,14323.0,15407.0,36758.0
2025-07-18_16:11:50,9679.0,11482.0,36242.0,14179.0,15407.0,36758.0
2025-07-18_16:11:50,9680.0,11482.0,36242.0,14203.0,15407.0,36758.0
2025-07-18_16:11:50,8937.0,11482.0,37206.0,13964.0,15407.0,36767.0
2025-07-18_16:11:51,9810.0,11482.0,37206.0,14237.0,15407.0,36767.0
2025-07-18_16:11:51,8540.0,11482.0,37206.0,13929.0,15407.0,36767.0
2025-07-18_16:11:51,,,,14117.0,15407.0,36768.0
2025-07-18_16:11:55,3302.0,11482.0,37206.0,12189.0,15407.0,36768.0
2025-07-18_16:11:55,10106.0,11482.0,37206.0,14154.0,15407.0,36773.0
2025-07-18_16:11:55,9603.0,11482.0,37206.0,13974.0,15407.0,36773.0
2025-07-18_16:11:55,10242.0,11482.0,37211.0,14687.0,15407.0,36773.0
2025-07-18_16:11:56,,,,14071.0,15407.0,36773.0
2025-07-18_16:11:59,2778.0,11482.0,37211.0,12162.0,15407.0,36773.0
2025-07-18_16:12:00,9674.0,11482.0,37211.0,14157.0,15407.0,36773.0
2025-07-18_16:12:00,10128.0,11482.0,37215.0,14377.0,15407.0,36773.0
2025-07-18_16:12:00,9572.0,11482.0,37219.0,14214.0,15407.0,36775.0
2025-07-18_16:12:00,10224.0,11485.0,37247.0,14171.0,15407.0,36777.0
2025-07-18_16:12:01,9814.0,11485.0,37248.0,14228.0,15407.0,36778.0
2025-07-18_16:12:01,9889.0,11485.0,37262.0,14225.0,15407.0,36778.0
2025-07-18_16:12:01,9657.0,11485.0,37263.0,14157.0,15407.0,36778.0
2025-07-18_16:12:01,9883.0,11485.0,37263.0,14126.0,15407.0,36778.0
2025-07-18_16:12:01,9806.0,11485.0,37263.0,14023.0,15407.0,36780.0
2025-07-18_16:12:02,8549.0,11485.0,37264.0,13930.0,15407.0,36784.0
2025-07-18_16:12:02,,,,,,
2025-07-18_16:12:06,6962.0,11485.0,37265.0,3792.0,15407.0,36784.0
2025-07-18_16:12:06,10130.0,11485.0,37281.0,14524.0,15407.0,36788.0
2025-07-18_16:12:06,10229.0,11485.0,37547.0,14072.0,15407.0,37078.0
2025-07-18_16:12:06,9878.0,11485.0,37559.0,14335.0,15407.0,37092.0
2025-07-18_16:12:07,9846.0,11485.0,37564.0,13833.0,15407.0,37098.0
2025-07-18_16:12:07,,,,,,
2025-07-18_16:12:11,6964.0,11485.0,37564.0,3794.0,15407.0,37098.0
2025-07-18_16:12:11,9677.0,11485.0,37576.0,13975.0,15407.0,37098.0
2025-07-18_16:12:11,9671.0,11485.0,37576.0,13794.0,15407.0,37098.0
2025-07-18_16:12:11,9739.0,11485.0,37576.0,14142.0,15407.0,37099.0
2025-07-18_16:12:12,9665.0,11485.0,37583.0,14150.0,15407.0,37100.0
2025-07-18_16:12:12,10174.0,11485.0,37591.0,14067.0,15407.0,37100.0
2025-07-18_16:12:12,,,,,,
2025-07-18_16:12:16,2780.0,11485.0,37591.0,3776.0,15407.0,37100.0
2025-07-18_16:12:17,10168.0,11485.0,37618.0,14238.0,15407.0,37100.0
2025-07-18_16:12:17,10190.0,11485.0,37649.0,14384.0,15407.0,37101.0
2025-07-18_16:12:17,9766.0,11485.0,37649.0,13900.0,15407.0,37101.0
2025-07-18_16:12:17,9616.0,11485.0,37650.0,14146.0,15407.0,37101.0
2025-07-18_16:12:17,9849.0,11485.0,37654.0,14029.0,15407.0,37103.0
2025-07-18_16:12:18,9714.0,11485.0,37659.0,14145.0,15407.0,37103.0
2025-07-18_16:12:18,9896.0,11485.0,37660.0,14149.0,15407.0,37103.0
2025-07-18_16:12:18,9868.0,11485.0,37660.0,14361.0,15407.0,37105.0
2025-07-18_16:12:18,9665.0,11485.0,37660.0,14106.0,15407.0,37107.0
2025-07-18_16:12:18,,,,,,
2025-07-18_16:12:23,3356.0,11485.0,37660.0,4595.0,15407.0,37107.0
2025-07-18_16:12:23,8574.0,11485.0,37661.0,13968.0,15407.0,37107.0
2025-07-18_16:12:23,9682.0,11485.0,37661.0,14010.0,15407.0,37107.0
2025-07-18_16:12:23,9992.0,11485.0,37669.0,14316.0,15407.0,37114.0
2025-07-18_16:12:24,,,,13952.0,15407.0,37114.0
2025-07-18_16:12:27,3358.0,11485.0,37669.0,12194.0,15407.0,37114.0
2025-07-18_16:12:28,9669.0,11485.0,37669.0,13981.0,15407.0,37117.0
2025-07-18_16:12:28,9899.0,11485.0,37669.0,14358.0,15407.0,37117.0
2025-07-18_16:12:28,,,,,,
2025-07-18_16:12:32,6952.0,11485.0,37669.0,3793.0,15407.0,37117.0
2025-07-18_16:12:32,9957.0,11485.0,37676.0,14164.0,15407.0,37120.0
2025-07-18_16:12:32,9670.0,11485.0,37676.0,14208.0,15407.0,37120.0
2025-07-18_16:12:32,10063.0,11485.0,37676.0,14318.0,15407.0,37120.0
2025-07-18_16:12:33,9644.0,11485.0,37676.0,14094.0,15407.0,37120.0
2025-07-18_16:12:33,9882.0,11485.0,37676.0,14320.0,15407.0,37121.0
2025-07-18_16:12:33,10122.0,11485.0,37681.0,14051.0,15407.0,37122.0
2025-07-18_16:12:33,,,,,,
2025-07-18_16:12:37,6965.0,11485.0,37681.0,3793.0,15407.0,37122.0
2025-07-18_16:12:37,9674.0,11485.0,37681.0,13977.0,15407.0,37122.0
2025-07-18_16:12:38,10101.0,11485.0,37704.0,14239.0,15407.0,37122.0
2025-07-18_16:12:38,,,,,,
2025-07-18_16:12:42,6966.0,11485.0,37704.0,3792.0,15407.0,37122.0
2025-07-18_16:12:42,9672.0,11485.0,37705.0,13837.0,15407.0,37123.0
2025-07-18_16:12:42,9677.0,11485.0,37705.0,14167.0,15407.0,37123.0
2025-07-18_16:12:42,10306.0,11485.0,37751.0,14350.0,15407.0,37130.0
2025-07-18_16:12:42,,,,13069.0,15407.0,37130.0
2025-07-18_16:12:46,2778.0,11485.0,37751.0,12163.0,15407.0,37130.0
2025-07-18_16:12:47,10209.0,11485.0,37751.0,14324.0,15407.0,37132.0
2025-07-18_16:12:47,9622.0,11485.0,37752.0,14135.0,15407.0,37137.0
2025-07-18_16:12:47,9913.0,11485.0,37752.0,14327.0,15407.0,37138.0
2025-07-18_16:12:47,9372.0,11485.0,37752.0,14144.0,15407.0,37138.0
2025-07-18_16:12:47,9645.0,11485.0,37752.0,14286.0,15407.0,37141.0
2025-07-18_16:12:48,10273.0,11485.0,37758.0,14295.0,15407.0,37143.0
2025-07-18_16:12:48,,,,,,
2025-07-18_16:12:52,6957.0,11485.0,37758.0,3793.0,15407.0,37143.0
2025-07-18_16:12:52,10355.0,11494.0,37824.0,14589.0,15407.0,37159.0
2025-07-18_16:12:52,,,,,,
2025-07-18_16:12:56,6967.0,11494.0,37825.0,3786.0,15407.0,37159.0
2025-07-18_16:12:56,9858.0,11494.0,37826.0,14080.0,15407.0,37159.0
2025-07-18_16:12:56,10112.0,11494.0,37831.0,14539.0,15407.0,37159.0
2025-07-18_16:12:57,,,,14252.0,15407.0,37160.0
2025-07-18_16:13:00,3375.0,11494.0,37831.0,12182.0,15407.0,37160.0
2025-07-18_16:13:01,9671.0,11494.0,37831.0,14348.0,15407.0,37197.0
2025-07-18_16:13:01,9603.0,11494.0,37868.0,13986.0,15407.0,37199.0
2025-07-18_16:13:01,9961.0,11494.0,37873.0,13951.0,15407.0,37204.0
2025-07-18_16:13:01,9821.0,11494.0,37873.0,14036.0,15407.0,37205.0
2025-07-18_16:13:01,9223.0,11494.0,37874.0,14140.0,15407.0,37205.0
2025-07-18_16:13:02,9832.0,11494.0,37874.0,14226.0,15407.0,37205.0
2025-07-18_16:13:02,9645.0,11494.0,37874.0,14108.0,15407.0,37205.0
2025-07-18_16:13:02,9673.0,11494.0,37874.0,14214.0,15407.0,37205.0
2025-07-18_16:13:02,,,,14168.0,15407.0,37206.0
2025-07-18_16:13:06,3375.0,11494.0,37874.0,12189.0,15407.0,37206.0
2025-07-18_16:13:06,9617.0,11494.0,37874.0,14184.0,15407.0,37206.0
2025-07-18_16:13:06,8375.0,11494.0,37880.0,13660.0,15407.0,37206.0
2025-07-18_16:13:07,10007.0,11494.0,37884.0,14176.0,15407.0,37223.0
2025-07-18_16:13:07,10170.0,11494.0,37886.0,14536.0,15407.0,37223.0
2025-07-18_16:13:07,9689.0,11494.0,37892.0,14351.0,15407.0,37225.0
2025-07-18_16:13:07,9585.0,11494.0,37892.0,14011.0,15407.0,37225.0
2025-07-18_16:13:08,9670.0,11494.0,37892.0,14163.0,15407.0,37225.0
2025-07-18_16:13:08,10099.0,11494.0,37892.0,14303.0,15407.0,37225.0
2025-07-18_16:13:08,,,,13786.0,15407.0,37225.0
2025-07-18_16:13:12,3319.0,11494.0,37892.0,12191.0,15407.0,37225.0
2025-07-18_16:13:12,,,,13782.0,15407.0,37225.0
2025-07-18_16:13:16,3358.0,11494.0,37892.0,12196.0,15407.0,37225.0
2025-07-18_16:13:16,,,,14361.0,15407.0,37267.0
2025-07-18_16:13:19,3375.0,11494.0,37892.0,12189.0,15407.0,37267.0
2025-07-18_16:13:20,9669.0,11494.0,37892.0,13978.0,15407.0,37268.0
2025-07-18_16:13:20,10141.0,11495.0,37899.0,14137.0,15407.0,37268.0
2025-07-18_16:13:20,9670.0,11495.0,37899.0,13970.0,15407.0,37268.0
2025-07-18_16:13:20,9867.0,11495.0,37899.0,14324.0,15407.0,37269.0
2025-07-18_16:13:21,9646.0,11495.0,37899.0,14239.0,15407.0,37270.0
2025-07-18_16:13:21,9651.0,11495.0,37900.0,14315.0,15407.0,37270.0
2025-07-18_16:13:21,,,,13888.0,15407.0,37270.0
2025-07-18_16:13:25,2778.0,11495.0,37900.0,12187.0,15407.0,37270.0
2025-07-18_16:13:25,9867.0,11495.0,37902.0,14211.0,15407.0,37270.0
2025-07-18_16:13:25,9850.0,11495.0,37902.0,14063.0,15407.0,37270.0
2025-07-18_16:13:25,,,,13822.0,15407.0,37275.0
2025-07-18_16:13:29,3302.0,11495.0,37902.0,12168.0,15407.0,37275.0
2025-07-18_16:13:29,9597.0,11495.0,37902.0,14005.0,15407.0,37275.0
2025-07-18_16:13:30,9687.0,11495.0,37902.0,13734.0,15407.0,37275.0
2025-07-18_16:13:30,9850.0,11495.0,37902.0,14124.0,15407.0,37275.0
2025-07-18_16:13:30,9313.0,11495.0,37902.0,14069.0,15407.0,37275.0
2025-07-18_16:13:30,9680.0,11495.0,37902.0,13972.0,15407.0,37275.0
2025-07-18_16:13:30,9674.0,11495.0,37902.0,13972.0,15407.0,37275.0
2025-07-18_16:13:31,9685.0,11495.0,37902.0,14338.0,15407.0,37275.0
2025-07-18_16:13:31,10133.0,11495.0,37902.0,14014.0,15407.0,37278.0
2025-07-18_16:13:31,9866.0,11495.0,37904.0,13864.0,15407.0,37280.0
2025-07-18_16:13:31,9682.0,11495.0,37904.0,14179.0,15407.0,37280.0
2025-07-18_16:13:32,9680.0,11495.0,37904.0,14172.0,15407.0,37286.0
2025-07-18_16:13:32,9845.0,11495.0,37904.0,14075.0,15407.0,37286.0
2025-07-18_16:13:32,9829.0,11495.0,37904.0,14013.0,15407.0,37286.0
2025-07-18_16:13:32,10160.0,11495.0,37904.0,14358.0,15407.0,37288.0
2025-07-18_16:13:32,9670.0,11495.0,37904.0,13814.0,15407.0,37289.0
2025-07-18_16:13:33,9711.0,11495.0,37905.0,14166.0,15407.0,37289.0
2025-07-18_16:13:33,10242.0,11495.0,37907.0,14093.0,15407.0,37429.0
2025-07-18_16:13:33,9684.0,11495.0,37907.0,14175.0,15407.0,37429.0
2025-07-18_16:13:33,9957.0,11495.0,37932.0,14275.0,15407.0,37430.0
2025-07-18_16:13:34,9286.0,11495.0,37932.0,14117.0,15407.0,37430.0
2025-07-18_16:13:34,,,,,,
2025-07-18_16:13:38,6970.0,11495.0,37936.0,3793.0,15407.0,37430.0
2025-07-18_16:13:38,,,,,,
2025-07-18_16:13:42,6968.0,11495.0,37936.0,3793.0,15407.0,37430.0
2025-07-18_16:13:42,9665.0,11495.0,37939.0,14003.0,15407.0,37430.0
2025-07-18_16:13:42,,,,14084.0,15407.0,37430.0
2025-07-18_16:13:46,2778.0,11495.0,37939.0,12185.0,15407.0,37434.0
2025-07-18_16:13:46,9788.0,11495.0,37939.0,14033.0,15407.0,37435.0
2025-07-18_16:13:46,10024.0,11495.0,37943.0,14405.0,15407.0,37436.0
2025-07-18_16:13:47,9897.0,11495.0,37943.0,14286.0,15407.0,37443.0
2025-07-18_16:13:47,9942.0,11495.0,37943.0,14126.0,15407.0,37446.0
2025-07-18_16:13:47,9861.0,11495.0,37943.0,14321.0,15407.0,37446.0
2025-07-18_16:13:47,9808.0,11495.0,37943.0,14070.0,15407.0,37447.0
2025-07-18_16:13:48,9710.0,11495.0,37943.0,14214.0,15407.0,37447.0
2025-07-18_16:13:48,9680.0,11495.0,37943.0,13977.0,15407.0,37447.0
2025-07-18_16:13:48,,,,,,
2025-07-18_16:13:52,6965.0,11495.0,37943.0,3793.0,15407.0,37447.0
2025-07-18_16:13:52,9657.0,11495.0,37943.0,14232.0,15407.0,37447.0
2025-07-18_16:13:52,10215.0,11495.0,37951.0,14510.0,15407.0,37447.0
2025-07-18_16:13:53,9898.0,11495.0,37952.0,14428.0,15407.0,37452.0
2025-07-18_16:13:53,9676.0,11495.0,37952.0,13980.0,15407.0,37452.0
2025-07-18_16:13:53,9682.0,11495.0,37952.0,14179.0,15407.0,37452.0
2025-07-18_16:13:53,9869.0,11495.0,37953.0,13801.0,15407.0,37452.0
2025-07-18_16:13:53,9643.0,11495.0,37953.0,13982.0,15407.0,37452.0
2025-07-18_16:13:54,9673.0,11495.0,37953.0,14208.0,15407.0,37452.0
2025-07-18_16:13:54,9556.0,11495.0,37953.0,14115.0,15407.0,37452.0
2025-07-18_16:13:54,9847.0,11495.0,37956.0,14359.0,15407.0,37453.0
2025-07-18_16:13:54,9891.0,11495.0,37957.0,14324.0,15407.0,37453.0
2025-07-18_16:13:54,10223.0,11496.0,37961.0,14193.0,15407.0,37453.0
2025-07-18_16:13:55,,,,14153.0,15407.0,37453.0
2025-07-18_16:13:58,3319.0,11496.0,37961.0,12187.0,15407.0,37453.0
2025-07-18_16:13:59,,,,,,
2025-07-18_16:14:02,6968.0,11496.0,37966.0,3792.0,15407.0,37453.0
2025-07-18_16:14:03,,,,14228.0,15407.0,37454.0
2025-07-18_16:14:06,3375.0,11496.0,37966.0,12184.0,15407.0,37454.0
2025-07-18_16:14:07,,,,,,
2025-07-18_16:14:10,6962.0,11496.0,37966.0,3786.0,15407.0,37454.0
2025-07-18_16:14:11,9687.0,11496.0,37969.0,14272.0,15407.0,37455.0
2025-07-18_16:14:11,10205.0,11496.0,38134.0,14207.0,15407.0,37499.0
2025-07-18_16:14:11,9881.0,11496.0,38138.0,14260.0,15407.0,37499.0
2025-07-18_16:14:11,9861.0,11496.0,38138.0,14296.0,15407.0,37500.0
2025-07-18_16:14:12,9811.0,11496.0,38138.0,13761.0,15407.0,37500.0
2025-07-18_16:14:12,9752.0,11496.0,38138.0,14247.0,15407.0,37500.0
2025-07-18_16:14:12,10095.0,11496.0,38147.0,14385.0,15407.0,37501.0
2025-07-18_16:14:12,8696.0,11496.0,38152.0,13980.0,15407.0,37502.0
2025-07-18_16:14:12,9796.0,11496.0,38152.0,14234.0,15407.0,37507.0
2025-07-18_16:14:13,9860.0,11496.0,38164.0,14048.0,15407.0,37507.0
2025-07-18_16:14:13,9890.0,11496.0,38166.0,14273.0,15407.0,37507.0
2025-07-18_16:14:13,9665.0,11496.0,38166.0,14291.0,15407.0,37507.0
2025-07-18_16:14:13,9726.0,11497.0,38167.0,14025.0,15407.0,37507.0
2025-07-18_16:14:14,9692.0,11497.0,38167.0,14142.0,15407.0,37508.0
2025-07-18_16:14:14,,,,14047.0,15407.0,37510.0
2025-07-18_16:14:17,3375.0,11497.0,38167.0,12194.0,15407.0,37517.0
2025-07-18_16:14:18,10225.0,11497.0,38167.0,14503.0,15407.0,37517.0
2025-07-18_16:14:18,9850.0,11497.0,38167.0,14030.0,15407.0,37517.0
2025-07-18_16:14:18,9694.0,11497.0,38168.0,14180.0,15407.0,37517.0
2025-07-18_16:14:18,9795.0,11497.0,38168.0,14225.0,15407.0,37517.0
2025-07-18_16:14:19,10126.0,11497.0,38182.0,14632.0,15407.0,37536.0
2025-07-18_16:14:19,9659.0,11497.0,38182.0,14571.0,15407.0,37537.0
2025-07-18_16:14:19,9645.0,11497.0,38184.0,14094.0,15407.0,37537.0
2025-07-18_16:14:19,10227.0,11497.0,38184.0,14106.0,15407.0,37537.0
2025-07-18_16:14:19,9891.0,11497.0,38188.0,14314.0,15407.0,37537.0
2025-07-18_16:14:20,9809.0,11497.0,38190.0,14036.0,15407.0,37537.0
2025-07-18_16:14:20,8557.0,11497.0,38272.0,13924.0,15407.0,37537.0
2025-07-18_16:14:20,9680.0,11497.0,38273.0,13975.0,15407.0,37537.0
2025-07-18_16:14:20,9708.0,11497.0,38273.0,14013.0,15407.0,37537.0
2025-07-18_16:14:20,9671.0,11497.0,38273.0,14174.0,15407.0,37537.0
2025-07-18_16:14:21,9811.0,11497.0,38273.0,14015.0,15407.0,37537.0
2025-07-18_16:14:21,9654.0,11497.0,38273.0,14277.0,15407.0,37537.0
2025-07-18_16:14:21,9800.0,11497.0,38273.0,14220.0,15407.0,37537.0
2025-07-18_16:14:21,10330.0,11497.0,38274.0,14384.0,15407.0,37537.0
2025-07-18_16:14:22,9664.0,11497.0,38274.0,14353.0,15407.0,37537.0
2025-07-18_16:14:22,9795.0,11497.0,38274.0,14219.0,15407.0,37537.0
2025-07-18_16:14:22,9890.0,11497.0,38274.0,14326.0,15407.0,37539.0
2025-07-18_16:14:22,,,,13802.0,15407.0,37539.0
2025-07-18_16:14:26,3319.0,11497.0,38274.0,12194.0,15407.0,37539.0
2025-07-18_16:14:26,,,,,,
2025-07-18_16:14:30,6966.0,11497.0,38274.0,3793.0,15407.0,37539.0
2025-07-18_16:14:30,9576.0,11497.0,38275.0,14284.0,15407.0,37539.0
2025-07-18_16:14:30,9803.0,11497.0,38275.0,14325.0,15407.0,37539.0
2025-07-18_16:14:31,9668.0,11497.0,38275.0,13935.0,15407.0,37539.0
2025-07-18_16:14:31,9318.0,11497.0,38276.0,14054.0,15407.0,37539.0
2025-07-18_16:14:31,9672.0,11497.0,38277.0,14179.0,15407.0,37539.0
2025-07-18_16:14:31,9686.0,11497.0,38286.0,14128.0,15407.0,37539.0
2025-07-18_16:14:32,,,,14387.0,15407.0,37539.0
2025-07-18_16:14:35,3319.0,11497.0,38286.0,12185.0,15407.0,37539.0
2025-07-18_16:14:35,9679.0,11497.0,38286.0,14176.0,15407.0,37539.0
2025-07-18_16:14:36,9654.0,11497.0,38286.0,14284.0,15407.0,37539.0
2025-07-18_16:14:36,9529.0,11497.0,38286.0,14102.0,15407.0,37539.0
2025-07-18_16:14:36,9775.0,11497.0,38286.0,13822.0,15407.0,37540.0
2025-07-18_16:14:36,9589.0,11497.0,38286.0,14187.0,15407.0,37540.0
2025-07-18_16:14:37,9639.0,11497.0,38287.0,13921.0,15407.0,37540.0
2025-07-18_16:14:37,9647.0,11497.0,38288.0,14316.0,15407.0,37540.0
2025-07-18_16:14:37,9815.0,11497.0,38288.0,14196.0,15407.0,37540.0
2025-07-18_16:14:37,10295.0,11497.0,38292.0,14619.0,15407.0,37540.0
2025-07-18_16:14:37,9854.0,11497.0,38292.0,14027.0,15407.0,37540.0
2025-07-18_16:14:38,9885.0,11497.0,38292.0,14329.0,15407.0,37540.0
2025-07-18_16:14:38,,,,,,
2025-07-18_16:14:42,6965.0,11497.0,38292.0,3793.0,15407.0,37540.0
2025-07-18_16:14:42,9671.0,11497.0,38292.0,14181.0,15409.0,37542.0
2025-07-18_16:14:42,,,,,,
2025-07-18_16:14:46,6968.0,11497.0,38292.0,3792.0,15409.0,37542.0
2025-07-18_16:14:46,9645.0,11497.0,38293.0,14115.0,15409.0,37542.0
2025-07-18_16:14:46,,,,14110.0,15409.0,37542.0
2025-07-18_16:14:50,3304.0,11497.0,38293.0,12166.0,15409.0,37542.0
2025-07-18_16:14:50,,,,,,
2025-07-18_16:14:54,6970.0,11497.0,38293.0,3787.0,15409.0,37542.0
2025-07-18_16:14:54,9673.0,11497.0,38293.0,14163.0,15409.0,37542.0
2025-07-18_16:14:55,9815.0,11497.0,38293.0,14257.0,15409.0,37542.0
2025-07-18_16:14:55,9676.0,11497.0,38293.0,13742.0,15409.0,37543.0
2025-07-18_16:14:55,,,,,,
2025-07-18_16:14:59,6956.0,11497.0,38294.0,3795.0,15409.0,37543.0
2025-07-18_16:14:59,9670.0,11497.0,38294.0,14264.0,15409.0,37543.0
2025-07-18_16:14:59,9695.0,11497.0,38294.0,14362.0,15409.0,37546.0
2025-07-18_16:15:00,9823.0,11497.0,38294.0,13930.0,15409.0,37549.0
2025-07-18_16:15:00,9669.0,11497.0,38294.0,13978.0,15409.0,37549.0
2025-07-18_16:15:00,9656.0,11497.0,38294.0,14139.0,15409.0,37549.0
2025-07-18_16:15:00,10108.0,11497.0,38297.0,14126.0,15409.0,37549.0
2025-07-18_16:15:00,9811.0,11497.0,38297.0,13977.0,15409.0,37549.0
2025-07-18_16:15:01,9861.0,11497.0,38297.0,13888.0,15409.0,37549.0
2025-07-18_16:15:01,9840.0,11497.0,38297.0,14275.0,15409.0,37549.0
2025-07-18_16:15:01,9562.0,11497.0,38297.0,13960.0,15409.0,37549.0
2025-07-18_16:15:01,9671.0,11497.0,38297.0,13958.0,15409.0,37549.0
2025-07-18_16:15:02,10119.0,11497.0,38297.0,14324.0,15409.0,37549.0
2025-07-18_16:15:02,9648.0,11497.0,38298.0,14137.0,15409.0,37549.0
2025-07-18_16:15:02,9654.0,11497.0,38301.0,14324.0,15409.0,37549.0
2025-07-18_16:15:02,10105.0,11497.0,38302.0,14039.0,15409.0,37550.0
2025-07-18_16:15:02,9704.0,11497.0,38302.0,14223.0,15409.0,37550.0
2025-07-18_16:15:03,9669.0,11497.0,38303.0,13973.0,15409.0,37550.0
2025-07-18_16:15:03,,,,,,
2025-07-18_16:15:07,6967.0,11497.0,38303.0,3793.0,15409.0,37550.0
2025-07-18_16:15:07,9668.0,11497.0,38303.0,14009.0,15409.0,37550.0
2025-07-18_16:15:07,9663.0,11497.0,38303.0,13741.0,15409.0,37550.0
2025-07-18_16:15:07,9594.0,11497.0,38306.0,14018.0,15409.0,37550.0
2025-07-18_16:15:07,9683.0,11497.0,38306.0,14184.0,15409.0,37550.0
2025-07-18_16:15:08,9675.0,11497.0,38306.0,13974.0,15409.0,37550.0
2025-07-18_16:15:08,9676.0,11497.0,38306.0,14178.0,15409.0,37550.0
2025-07-18_16:15:08,9675.0,11497.0,38306.0,14178.0,15409.0,37550.0
2025-07-18_16:15:08,,,,,,
2025-07-18_16:15:12,6967.0,11497.0,38315.0,3793.0,15409.0,37550.0
2025-07-18_16:15:12,9262.0,11497.0,38316.0,14122.0,15409.0,37550.0
2025-07-18_16:15:13,9843.0,11497.0,38316.0,14067.0,15409.0,37550.0
2025-07-18_16:15:13,,,,13046.0,15409.0,37557.0
2025-07-18_16:15:17,2778.0,11497.0,38316.0,12189.0,15409.0,37558.0
2025-07-18_16:15:17,,,,14349.0,15409.0,37562.0
2025-07-18_16:15:21,3375.0,11497.0,38316.0,12192.0,15409.0,37562.0
2025-07-18_16:15:21,9674.0,11497.0,38316.0,14157.0,15409.0,37562.0
2025-07-18_16:15:21,9859.0,11497.0,38317.0,14044.0,15409.0,37562.0
2025-07-18_16:15:21,9535.0,11497.0,38317.0,14013.0,15409.0,37562.0
2025-07-18_16:15:22,,,,,,
2025-07-18_16:15:25,6970.0,11497.0,38317.0,3793.0,15409.0,37562.0
2025-07-18_16:15:26,9693.0,11497.0,38317.0,13985.0,15409.0,37562.0
2025-07-18_16:15:26,9684.0,11497.0,38317.0,14004.0,15409.0,37581.0
2025-07-18_16:15:26,9643.0,11497.0,38320.0,13933.0,15409.0,37582.0
2025-07-18_16:15:26,8584.0,11497.0,38320.0,13929.0,15409.0,37582.0
2025-07-18_16:15:26,,,,12040.0,15409.0,38640.0
2025-07-18_16:15:30,,,,,,
2025-07-18_16:15:34,6958.0,11497.0,38321.0,3792.0,15409.0,38640.0
2025-07-18_16:15:34,10023.0,11497.0,38333.0,13800.0,15409.0,38640.0
2025-07-18_16:15:35,9865.0,11497.0,38334.0,14030.0,15409.0,38640.0
2025-07-18_16:15:35,9820.0,11497.0,38334.0,14003.0,15409.0,38640.0
2025-07-18_16:15:35,9831.0,11497.0,38334.0,14040.0,15409.0,38640.0
2025-07-18_16:15:35,9808.0,11497.0,38334.0,14004.0,15409.0,38640.0
2025-07-18_16:15:35,,,,14009.0,15409.0,38640.0
2025-07-18_16:15:39,3375.0,11497.0,38334.0,12191.0,15409.0,38640.0
2025-07-18_16:15:39,10161.0,11497.0,38337.0,14158.0,15409.0,38641.0
2025-07-18_16:15:40,10283.0,11497.0,38346.0,14303.0,15409.0,38754.0
2025-07-18_16:15:40,9791.0,11497.0,38346.0,14218.0,15409.0,38754.0
2025-07-18_16:15:40,9996.0,11497.0,38371.0,14103.0,15409.0,38754.0
2025-07-18_16:15:40,9682.0,11497.0,38371.0,14172.0,15409.0,38754.0
2025-07-18_16:15:41,9800.0,11497.0,38371.0,14004.0,15409.0,38754.0
2025-07-18_16:15:41,9665.0,11497.0,38371.0,14316.0,15409.0,38754.0
2025-07-18_16:15:41,9895.0,11497.0,38371.0,14311.0,15409.0,38754.0
2025-07-18_16:15:41,,,,,,
2025-07-18_16:15:45,6960.0,11497.0,38371.0,3793.0,15409.0,38754.0
2025-07-18_16:15:46,2778.0,11497.0,38371.0,12203.0,15409.0,38755.0
2025-07-18_16:15:46,10256.0,11497.0,38374.0,14298.0,15409.0,38756.0
2025-07-18_16:15:46,,,,,,
2025-07-18_16:15:50,6969.0,11497.0,38374.0,3792.0,15409.0,38756.0
2025-07-18_16:15:50,9934.0,11497.0,38379.0,14268.0,15409.0,38763.0
2025-07-18_16:15:51,10231.0,11497.0,38379.0,14612.0,15409.0,38763.0
2025-07-18_16:15:51,9911.0,11497.0,38382.0,14253.0,15409.0,38764.0
2025-07-18_16:15:51,9844.0,11497.0,38404.0,14255.0,15409.0,38764.0
2025-07-18_16:15:51,10380.0,11497.0,38431.0,14616.0,15409.0,38777.0
2025-07-18_16:15:51,10171.0,11497.0,38432.0,14055.0,15409.0,38780.0
2025-07-18_16:15:52,9584.0,11497.0,38433.0,14209.0,15409.0,38780.0
2025-07-18_16:15:52,9836.0,11497.0,38433.0,14254.0,15409.0,38780.0
2025-07-18_16:15:52,9891.0,11497.0,38568.0,14129.0,15409.0,38782.0
2025-07-18_16:15:52,10393.0,11497.0,38580.0,14248.0,15409.0,38782.0
2025-07-18_16:15:53,9822.0,11497.0,38580.0,14215.0,15409.0,38782.0
2025-07-18_16:15:53,9940.0,11497.0,38618.0,14270.0,15409.0,38787.0
2025-07-18_16:15:53,9885.0,11497.0,38619.0,14307.0,15409.0,38787.0
2025-07-18_16:15:53,9666.0,11497.0,38628.0,14349.0,15409.0,38787.0
2025-07-18_16:15:54,10145.0,11497.0,38636.0,14121.0,15409.0,38797.0
2025-07-18_16:15:54,9795.0,11497.0,38636.0,14244.0,15409.0,38797.0
2025-07-18_16:15:54,10017.0,11499.0,38642.0,14145.0,15409.0,38804.0
2025-07-18_16:15:54,9505.0,11499.0,38642.0,14398.0,15409.0,38804.0
2025-07-18_16:15:54,9921.0,11499.0,38671.0,14080.0,15409.0,38805.0
2025-07-18_16:15:55,,,,13897.0,15409.0,38805.0
2025-07-18_16:15:58,3375.0,11499.0,38671.0,12184.0,15409.0,38805.0
2025-07-18_16:15:59,9897.0,11499.0,38671.0,14136.0,15409.0,38805.0
2025-07-18_16:15:59,9964.0,11499.0,38672.0,14293.0,15409.0,38805.0
2025-07-18_16:15:59,10036.0,11499.0,38672.0,14512.0,15409.0,38805.0
2025-07-18_16:15:59,9776.0,11501.0,38679.0,13938.0,15409.0,38805.0
2025-07-18_16:15:59,,,,,,
2025-07-18_16:16:03,6961.0,11501.0,38679.0,3793.0,15409.0,38805.0
2025-07-18_16:16:03,9647.0,11501.0,38680.0,14156.0,15409.0,38805.0
2025-07-18_16:16:04,9632.0,11501.0,38680.0,14100.0,15409.0,38805.0
2025-07-18_16:16:04,10105.0,11503.0,38755.0,14194.0,15409.0,38805.0
2025-07-18_16:16:04,9251.0,11503.0,38755.0,14107.0,15409.0,38805.0
2025-07-18_16:16:04,9836.0,11503.0,38755.0,14035.0,15409.0,38807.0
2025-07-18_16:16:05,10223.0,11503.0,38766.0,14555.0,15409.0,38807.0
2025-07-18_16:16:05,,,,,,
2025-07-18_16:16:09,6956.0,11503.0,38766.0,3793.0,15409.0,38807.0
2025-07-18_16:16:09,,,,,,
2025-07-18_16:16:13,6973.0,11503.0,38766.0,3793.0,15409.0,38807.0
2025-07-18_16:16:13,9678.0,11503.0,38766.0,13998.0,15409.0,38810.0
2025-07-18_16:16:13,9538.0,11503.0,38766.0,14277.0,15409.0,38810.0
2025-07-18_16:16:13,9324.0,11503.0,38766.0,14051.0,15409.0,38810.0
2025-07-18_16:16:14,9881.0,11503.0,38773.0,14277.0,15409.0,38810.0
2025-07-18_16:16:14,9654.0,11503.0,38773.0,13799.0,15409.0,38810.0
2025-07-18_16:16:14,,,,,,
2025-07-18_16:16:18,6964.0,11503.0,38773.0,3793.0,15409.0,38810.0
2025-07-18_16:16:18,9681.0,11503.0,38773.0,13837.0,15409.0,38810.0
2025-07-18_16:16:18,9852.0,11503.0,38776.0,14061.0,15409.0,38811.0
2025-07-18_16:16:18,9705.0,11503.0,38776.0,14244.0,15409.0,38811.0
2025-07-18_16:16:19,9673.0,11503.0,38776.0,13974.0,15409.0,38811.0
2025-07-18_16:16:19,9662.0,11503.0,39453.0,14154.0,15409.0,38811.0
2025-07-18_16:16:19,9883.0,11503.0,39453.0,14262.0,15409.0,38811.0
2025-07-18_16:16:19,,,,,,
2025-07-18_16:16:23,6968.0,11503.0,39456.0,3793.0,15409.0,38811.0
2025-07-18_16:16:23,9683.0,11503.0,39456.0,14253.0,15409.0,38811.0
2025-07-18_16:16:24,10111.0,11503.0,39458.0,14390.0,15409.0,38812.0
2025-07-18_16:16:24,9878.0,11503.0,39458.0,14317.0,15409.0,38812.0
2025-07-18_16:16:24,,,,14044.0,15409.0,38821.0
2025-07-18_16:16:28,2778.0,11503.0,39458.0,12186.0,15409.0,38821.0
2025-07-18_16:16:28,9835.0,11503.0,39461.0,14366.0,15409.0,38838.0
2025-07-18_16:16:28,9683.0,11503.0,39461.0,14180.0,15409.0,38838.0
2025-07-18_16:16:29,9682.0,11503.0,39461.0,14173.0,15409.0,38838.0
2025-07-18_16:16:29,,,,14172.0,15409.0,38838.0
2025-07-18_16:16:33,3377.0,11503.0,39461.0,12189.0,15409.0,38838.0
2025-07-18_16:16:33,9689.0,11503.0,39461.0,13977.0,15409.0,38838.0
2025-07-18_16:16:33,9643.0,11503.0,39463.0,14271.0,15409.0,38838.0
2025-07-18_16:16:33,9685.0,11503.0,39463.0,13985.0,15409.0,38838.0
2025-07-18_16:16:33,10139.0,11503.0,39464.0,14401.0,15409.0,38838.0
2025-07-18_16:16:34,9682.0,11503.0,39464.0,14169.0,15409.0,38838.0
2025-07-18_16:16:34,9663.0,11503.0,39511.0,14121.0,15409.0,38838.0
2025-07-18_16:16:34,9896.0,11503.0,39517.0,14350.0,15409.0,38838.0
2025-07-18_16:16:34,9598.0,11503.0,39517.0,14262.0,15409.0,38838.0
2025-07-18_16:16:35,,,,13905.0,15409.0,38838.0
2025-07-18_16:16:38,3358.0,11503.0,39517.0,12163.0,15409.0,38838.0
2025-07-18_16:16:38,9669.0,11503.0,39517.0,14316.0,15409.0,38838.0
2025-07-18_16:16:39,,,,14049.0,15409.0,38838.0
2025-07-18_16:16:42,3358.0,11503.0,39517.0,12161.0,15409.0,38838.0
2025-07-18_16:16:43,9671.0,11503.0,39517.0,13744.0,15409.0,38838.0
2025-07-18_16:16:43,9068.0,11503.0,39517.0,14102.0,15409.0,38838.0
2025-07-18_16:16:43,,,,,,
2025-07-18_16:16:47,6967.0,11503.0,39517.0,3793.0,15409.0,38838.0
2025-07-18_16:16:47,9652.0,11503.0,39517.0,14276.0,15409.0,38838.0
2025-07-18_16:16:47,9639.0,11503.0,39517.0,14294.0,15409.0,38838.0
2025-07-18_16:16:47,9796.0,11503.0,39518.0,14212.0,15409.0,38838.0
2025-07-18_16:16:48,9728.0,11503.0,39518.0,14103.0,15409.0,38838.0
2025-07-18_16:16:48,9717.0,11503.0,39519.0,13916.0,15409.0,38840.0
2025-07-18_16:16:48,9663.0,11503.0,39519.0,14097.0,15409.0,38840.0
2025-07-18_16:16:48,9689.0,11503.0,39519.0,13984.0,15409.0,38840.0
2025-07-18_16:16:49,9676.0,11503.0,39519.0,13732.0,15409.0,38841.0
2025-07-18_16:16:49,9847.0,11503.0,39519.0,14228.0,15409.0,38841.0
2025-07-18_16:16:49,9688.0,11503.0,39519.0,14194.0,15409.0,38841.0
2025-07-18_16:16:49,9667.0,11503.0,39519.0,14164.0,15409.0,38841.0
2025-07-18_16:16:49,9669.0,11503.0,39519.0,14170.0,15409.0,38841.0
2025-07-18_16:16:50,10313.0,11523.0,39542.0,14659.0,15409.0,38841.0
2025-07-18_16:16:50,9676.0,11523.0,39542.0,14172.0,15409.0,38841.0
2025-07-18_16:16:50,,,,,,
2025-07-18_16:16:54,6965.0,11523.0,39542.0,3793.0,15409.0,38841.0
2025-07-18_16:16:54,,,,,,
2025-07-18_16:16:58,6965.0,11523.0,39542.0,3793.0,15409.0,38841.0
2025-07-18_16:16:58,9671.0,11523.0,39542.0,14179.0,15409.0,38841.0
2025-07-18_16:16:58,9675.0,11523.0,39542.0,13971.0,15409.0,38841.0
2025-07-18_16:16:59,9783.0,11523.0,39544.0,14339.0,15409.0,38841.0
2025-07-18_16:16:59,9658.0,11523.0,39544.0,14173.0,15409.0,38841.0
2025-07-18_16:16:59,,,,,,
2025-07-18_16:17:04,2778.0,11523.0,39544.0,3776.0,15409.0,38841.0
2025-07-18_16:17:04,9672.0,11523.0,39544.0,14004.0,15409.0,38841.0
2025-07-18_16:17:04,,,,13784.0,15409.0,38841.0
2025-07-18_16:17:08,3375.0,11523.0,39544.0,12186.0,15409.0,38841.0
2025-07-18_16:17:08,9676.0,11523.0,39544.0,13799.0,15409.0,38841.0
2025-07-18_16:17:08,10199.0,11527.0,39548.0,14369.0,15409.0,38844.0
2025-07-18_16:17:08,9673.0,11527.0,39548.0,14179.0,15409.0,38844.0
2025-07-18_16:17:09,9563.0,11527.0,39548.0,13731.0,15409.0,38844.0
2025-07-18_16:17:09,10188.0,11527.0,39549.0,14054.0,15409.0,38844.0
2025-07-18_16:17:09,9680.0,11527.0,39549.0,13984.0,15409.0,38844.0
2025-07-18_16:17:09,9611.0,11527.0,39549.0,14017.0,15409.0,38845.0
2025-07-18_16:17:09,9681.0,11527.0,39549.0,14162.0,15409.0,38845.0
2025-07-18_16:17:10,9707.0,11527.0,39550.0,14171.0,15409.0,38845.0
2025-07-18_16:17:10,9873.0,11527.0,39567.0,14071.0,15409.0,38845.0
2025-07-18_16:17:10,,,,,,
2025-07-18_16:17:14,6969.0,11527.0,39567.0,3792.0,15409.0,38845.0
2025-07-18_16:17:14,9650.0,11527.0,39567.0,13926.0,15409.0,38845.0
2025-07-18_16:17:14,9593.0,11527.0,39567.0,14199.0,15409.0,38845.0
2025-07-18_16:17:15,9861.0,11527.0,39567.0,14047.0,15409.0,38845.0
2025-07-18_16:17:15,9677.0,11527.0,39567.0,14162.0,15409.0,38845.0
2025-07-18_16:17:15,9798.0,11527.0,39568.0,14065.0,15409.0,38845.0
2025-07-18_16:17:15,9183.0,11527.0,39571.0,14155.0,15409.0,38845.0
2025-07-18_16:17:15,9647.0,11527.0,39571.0,14288.0,15409.0,38845.0
2025-07-18_16:17:16,,,,,,
2025-07-18_16:17:20,6983.0,11529.0,39723.0,3793.0,15409.0,38845.0
2025-07-18_16:17:20,,,,,,
2025-07-18_16:17:24,6964.0,11529.0,39723.0,3793.0,15409.0,38845.0
2025-07-18_16:17:24,9670.0,11529.0,39723.0,13759.0,15409.0,38845.0
2025-07-18_16:17:24,9674.0,11529.0,39724.0,14167.0,15409.0,38845.0
2025-07-18_16:17:24,,,,,,
2025-07-18_16:17:29,2778.0,11529.0,39724.0,3776.0,15409.0,38845.0
2025-07-18_16:17:29,,,,,,
2025-07-18_16:17:33,2778.0,11529.0,39724.0,3776.0,15409.0,38845.0
2025-07-18_16:17:34,,,,,,
2025-07-18_16:17:37,6958.0,11529.0,39724.0,3792.0,15409.0,38845.0
2025-07-18_16:17:38,,,,,,
2025-07-18_16:17:42,6966.0,11529.0,39724.0,3792.0,15409.0,38845.0
2025-07-18_16:17:42,,,,14100.0,15409.0,38845.0
2025-07-18_16:17:46,2778.0,11529.0,39724.0,12162.0,15409.0,38845.0
2025-07-18_16:17:46,9510.0,11529.0,39724.0,14395.0,15409.0,38845.0
2025-07-18_16:17:46,9440.0,11529.0,39724.0,13985.0,15409.0,38845.0
2025-07-18_16:17:46,8013.0,11529.0,39727.0,13086.0,15409.0,38847.0
2025-07-18_16:17:46,8527.0,11529.0,39765.0,13279.0,15409.0,38848.0
2025-07-18_16:17:47,8718.0,11529.0,39797.0,14370.0,15409.0,38849.0
2025-07-18_16:17:47,,,,,,
2025-07-18_16:17:51,6960.0,11529.0,39798.0,3792.0,15409.0,38849.0
2025-07-18_16:17:51,9834.0,11529.0,39798.0,14514.0,15409.0,38853.0
2025-07-18_16:17:51,,,,,,
2025-07-18_16:17:56,2778.0,11529.0,39798.0,3776.0,15409.0,38853.0
2025-07-18_16:17:56,,,,,,
2025-07-18_16:18:00,6976.0,11529.0,39798.0,3793.0,15409.0,38853.0
2025-07-18_16:18:00,9658.0,11529.0,39798.0,14167.0,15409.0,38853.0
2025-07-18_16:18:00,8658.0,11529.0,39803.0,14088.0,15409.0,38853.0
2025-07-18_16:18:00,,,,13796.0,15409.0,38853.0
2025-07-18_16:18:04,3319.0,11529.0,39803.0,12191.0,15409.0,38854.0
2025-07-18_16:18:04,8828.0,11529.0,39809.0,14227.0,15409.0,38854.0
2025-07-18_16:18:05,9764.0,11529.0,39809.0,13833.0,15409.0,38860.0
2025-07-18_16:18:05,9750.0,11529.0,39809.0,14200.0,15409.0,38860.0
2025-07-18_16:18:05,9625.0,11529.0,39809.0,14271.0,15409.0,38861.0
2025-07-18_16:18:05,9634.0,11529.0,39809.0,13807.0,15409.0,38861.0
2025-07-18_16:18:05,9816.0,11529.0,39809.0,14012.0,15409.0,38861.0
2025-07-18_16:18:06,9306.0,11529.0,39810.0,13789.0,15409.0,38861.0
2025-07-18_16:18:06,,,,,,
2025-07-18_16:18:10,2778.0,11529.0,39810.0,3776.0,15409.0,38861.0
2025-07-18_16:18:11,9583.0,11529.0,39810.0,14033.0,15409.0,38861.0
2025-07-18_16:18:11,9128.0,11529.0,39811.0,14185.0,15409.0,38861.0
2025-07-18_16:18:11,,,,13751.0,15409.0,38861.0
2025-07-18_16:18:15,2778.0,11529.0,39811.0,12191.0,15409.0,38861.0
2025-07-18_16:18:15,9927.0,11529.0,39818.0,14108.0,15409.0,38861.0
2025-07-18_16:18:15,9667.0,11529.0,39818.0,13995.0,15409.0,38861.0
2025-07-18_16:18:16,9793.0,11529.0,39819.0,14039.0,15409.0,38861.0
2025-07-18_16:18:16,,,,,,
2025-07-18_16:18:20,6970.0,11529.0,39819.0,3793.0,15409.0,38861.0
2025-07-18_16:18:20,,,,,,
2025-07-18_16:18:24,6966.0,11529.0,39821.0,3793.0,15409.0,38861.0
2025-07-18_16:18:24,,,,,,
2025-07-18_16:18:28,6964.0,11529.0,39821.0,3792.0,15409.0,38861.0
2025-07-18_16:18:28,,,,,,
2025-07-18_16:18:32,6959.0,11529.0,39821.0,3792.0,15409.0,38861.0
2025-07-18_16:18:32,9705.0,11532.0,39824.0,14582.0,15409.0,38870.0
2025-07-18_16:18:32,10243.0,11532.0,39833.0,14416.0,15409.0,38870.0
2025-07-18_16:18:32,9928.0,11532.0,39835.0,14391.0,15409.0,38870.0
2025-07-18_16:18:33,9176.0,11532.0,39835.0,13992.0,15409.0,38870.0
2025-07-18_16:18:33,9288.0,11532.0,39843.0,13557.0,15409.0,38870.0
2025-07-18_16:18:33,,,,14497.0,15409.0,38875.0
2025-07-18_16:18:37,3375.0,11532.0,39843.0,12183.0,15409.0,38875.0
2025-07-18_16:18:37,9956.0,11532.0,39843.0,14544.0,15409.0,38876.0
2025-07-18_16:18:37,9513.0,11532.0,39843.0,14293.0,15409.0,38876.0
2025-07-18_16:18:37,,,,13821.0,15409.0,38876.0
2025-07-18_16:18:41,2778.0,11532.0,39843.0,12193.0,15409.0,38876.0
2025-07-18_16:18:41,9600.0,11532.0,39843.0,14183.0,15409.0,38876.0
2025-07-18_16:18:42,,,,,,
2025-07-18_16:18:46,3356.0,11532.0,39843.0,4596.0,15409.0,38876.0
2025-07-18_16:18:46,8635.0,11532.0,39851.0,14085.0,15409.0,38876.0
2025-07-18_16:18:46,8533.0,11532.0,39851.0,13843.0,15409.0,38877.0
2025-07-18_16:18:47,,,,14128.0,15409.0,38877.0
2025-07-18_16:18:50,3358.0,11532.0,39851.0,12183.0,15409.0,38877.0
2025-07-18_16:18:51,,,,13793.0,15409.0,38877.0
2025-07-18_16:18:54,3319.0,11532.0,39851.0,12191.0,15409.0,38877.0
2025-07-18_16:18:55,,,,13937.0,15409.0,38877.0
2025-07-18_16:18:58,3319.0,11532.0,39851.0,12181.0,15409.0,38877.0
2025-07-18_16:18:58,9813.0,11532.0,39851.0,14316.0,15409.0,38877.0
2025-07-18_16:18:59,9654.0,11532.0,39851.0,14199.0,15409.0,38877.0
2025-07-18_16:18:59,9654.0,11532.0,39853.0,14064.0,15409.0,38881.0
2025-07-18_16:18:59,9580.0,11532.0,39853.0,13980.0,15409.0,38881.0
2025-07-18_16:18:59,10118.0,11532.0,39857.0,14253.0,15409.0,38881.0
2025-07-18_16:19:00,8051.0,11532.0,39857.0,13236.0,15409.0,38885.0
2025-07-18_16:19:00,9308.0,11532.0,39857.0,14330.0,15409.0,38886.0
2025-07-18_16:19:00,9595.0,11532.0,39857.0,14008.0,15409.0,38886.0
2025-07-18_16:19:00,,,,14223.0,15409.0,38887.0
2025-07-18_16:19:04,3375.0,11532.0,39857.0,12204.0,15409.0,38887.0
2025-07-18_16:19:04,9187.0,11532.0,39857.0,13797.0,15409.0,38887.0
2025-07-18_16:19:04,,,,,,
2025-07-18_16:19:08,6969.0,11532.0,39861.0,3793.0,15409.0,38887.0
2025-07-18_16:19:08,9821.0,11532.0,39862.0,14008.0,15409.0,38887.0
2025-07-18_16:19:09,,,,,,
2025-07-18_16:19:12,6970.0,11532.0,39863.0,3792.0,15409.0,38887.0
2025-07-18_16:19:13,,,,13245.0,15409.0,38887.0
2025-07-18_16:19:16,2778.0,11532.0,39863.0,12159.0,15409.0,38887.0
2025-07-18_16:19:17,,,,14320.0,15409.0,38887.0
2025-07-18_16:19:20,3375.0,11532.0,39863.0,12164.0,15409.0,38887.0
2025-07-18_16:19:21,9735.0,11532.0,39863.0,13822.0,15409.0,38887.0
2025-07-18_16:19:21,9079.0,11532.0,39863.0,13634.0,15409.0,38887.0
2025-07-18_16:19:21,,,,13645.0,15409.0,38887.0
2025-07-18_16:19:25,3319.0,11532.0,39863.0,12170.0,15409.0,38887.0
2025-07-18_16:19:25,10098.0,11532.0,39867.0,14254.0,15409.0,38890.0
2025-07-18_16:19:25,9963.0,11532.0,39867.0,14560.0,15414.0,38933.0
2025-07-18_16:19:25,,,,13510.0,15414.0,38948.0
2025-07-18_16:19:29,2778.0,11532.0,39867.0,12191.0,15414.0,38948.0
2025-07-18_16:19:30,9654.0,11532.0,39867.0,14082.0,15414.0,38948.0
2025-07-18_16:19:30,,,,14290.0,15414.0,38966.0
2025-07-18_16:19:34,2778.0,11532.0,39867.0,12190.0,15414.0,38966.0
2025-07-18_16:19:34,9701.0,11532.0,39867.0,14321.0,15414.0,38966.0
2025-07-18_16:19:34,9619.0,11532.0,39867.0,14294.0,15414.0,38966.0
2025-07-18_16:19:34,9549.0,11532.0,39867.0,13999.0,15414.0,38966.0
2025-07-18_16:19:35,8698.0,11532.0,39869.0,14396.0,15414.0,38966.0
2025-07-18_16:19:35,,,,,,
2025-07-18_16:19:39,6965.0,11532.0,39869.0,3793.0,15414.0,38966.0
2025-07-18_16:19:39,9435.0,11532.0,39869.0,14233.0,15414.0,38966.0
2025-07-18_16:19:39,,,,13739.0,15414.0,38966.0
2025-07-18_16:19:43,3375.0,11532.0,39869.0,12190.0,15414.0,38966.0
2025-07-18_16:19:43,9856.0,11532.0,39869.0,14250.0,15414.0,38967.0
2025-07-18_16:19:43,9871.0,11532.0,39870.0,13996.0,15414.0,38967.0
2025-07-18_16:19:43,,,,,,
2025-07-18_16:19:47,6967.0,11532.0,39870.0,3792.0,15414.0,38967.0
2025-07-18_16:19:47,,,,,,
2025-07-18_16:19:52,2778.0,11532.0,39870.0,3776.0,15414.0,38967.0
2025-07-18_16:19:52,9817.0,11532.0,39870.0,14003.0,15414.0,38967.0
2025-07-18_16:19:52,9585.0,11532.0,39872.0,14102.0,15414.0,38967.0
2025-07-18_16:19:53,9853.0,11532.0,39872.0,14036.0,15414.0,38967.0
2025-07-18_16:19:53,8604.0,11532.0,39872.0,14088.0,15414.0,38967.0
2025-07-18_16:19:53,9676.0,11532.0,39872.0,14164.0,15414.0,38967.0
2025-07-18_16:19:53,,,,14296.0,15414.0,38967.0
2025-07-18_16:19:57,3358.0,11532.0,39872.0,12190.0,15414.0,38967.0
2025-07-18_16:19:57,8533.0,11532.0,39880.0,13835.0,15414.0,38968.0
2025-07-18_16:19:57,8105.0,11532.0,39884.0,13081.0,15414.0,38968.0
2025-07-18_16:19:58,9572.0,11532.0,39884.0,14003.0,15414.0,38968.0
2025-07-18_16:19:58,8533.0,11532.0,39885.0,13816.0,15414.0,38968.0
2025-07-18_16:19:58,10118.0,11532.0,39888.0,14144.0,15414.0,38968.0
2025-07-18_16:19:58,,,,13819.0,15414.0,38968.0
2025-07-18_16:20:02,3319.0,11532.0,39888.0,12185.0,15414.0,38968.0
2025-07-18_16:20:02,9630.0,11532.0,39888.0,13641.0,15414.0,38968.0
2025-07-18_16:20:03,9658.0,11532.0,39890.0,14248.0,15414.0,38977.0
2025-07-18_16:20:03,8625.0,11532.0,39895.0,14090.0,15414.0,38977.0
2025-07-18_16:20:03,9675.0,11532.0,39895.0,14117.0,15414.0,38977.0
2025-07-18_16:20:03,,,,,,
2025-07-18_16:20:07,6969.0,11532.0,39895.0,3792.0,15414.0,38977.0
2025-07-18_16:20:07,,,,14226.0,15414.0,38977.0
2025-07-18_16:20:11,3375.0,11532.0,39895.0,12182.0,15414.0,38977.0
2025-07-18_16:20:11,9627.0,11532.0,39895.0,14103.0,15414.0,38977.0
2025-07-18_16:20:11,,,,13984.0,15414.0,38978.0
2025-07-18_16:20:15,3375.0,11532.0,39895.0,12172.0,15414.0,38978.0
2025-07-18_16:20:15,10582.0,11532.0,40216.0,14458.0,15414.0,39268.0
2025-07-18_16:20:16,,,,14089.0,15414.0,39268.0
2025-07-18_16:20:19,3377.0,11532.0,40216.0,12187.0,15414.0,39268.0
2025-07-18_16:20:20,9140.0,11532.0,40216.0,13999.0,15414.0,39270.0
2025-07-18_16:20:20,,,,13745.0,15414.0,39270.0
2025-07-18_16:20:23,3375.0,11532.0,40216.0,12183.0,15414.0,39270.0
2025-07-18_16:20:24,,,,13985.0,15414.0,39270.0
2025-07-18_16:20:27,3358.0,11532.0,40216.0,12185.0,15414.0,39270.0
2025-07-18_16:20:27,10119.0,11541.0,40289.0,14499.0,15414.0,39272.0
2025-07-18_16:20:28,,,,,,
2025-07-18_16:20:32,,,,3793.0,15414.0,39272.0
2025-07-18_16:20:35,2778.0,11541.0,40289.0,12192.0,15414.0,39272.0
2025-07-18_16:20:36,8105.0,11541.0,40289.0,12834.0,15414.0,39278.0
2025-07-18_16:20:36,8549.0,11541.0,40289.0,13930.0,15414.0,39278.0
2025-07-18_16:20:36,8519.0,11541.0,40292.0,14042.0,15414.0,39278.0
2025-07-18_16:20:36,8073.0,11541.0,40299.0,13042.0,15414.0,39278.0
2025-07-18_16:20:37,9873.0,11541.0,40315.0,14124.0,15414.0,39278.0
2025-07-18_16:20:37,,,,,,
2025-07-18_16:20:41,6968.0,11541.0,40317.0,3793.0,15414.0,39278.0
2025-07-18_16:20:41,9974.0,11541.0,40320.0,13802.0,15414.0,39278.0
2025-07-18_16:20:41,9736.0,11541.0,40320.0,14040.0,15414.0,39278.0
2025-07-18_16:20:41,8672.0,11541.0,40328.0,14223.0,15414.0,39278.0
2025-07-18_16:20:41,9684.0,11541.0,40328.0,13968.0,15414.0,39278.0
2025-07-18_16:20:42,9673.0,11541.0,40328.0,14167.0,15414.0,39278.0
2025-07-18_16:20:42,9637.0,11541.0,40328.0,14115.0,15414.0,39278.0
2025-07-18_16:20:42,8541.0,11541.0,40329.0,13660.0,15414.0,39278.0
2025-07-18_16:20:42,9432.0,11541.0,40329.0,13974.0,15414.0,39278.0
2025-07-18_16:20:42,,,,14259.0,15414.0,39278.0
2025-07-18_16:20:46,3375.0,11541.0,40329.0,12168.0,15414.0,39278.0
2025-07-18_16:20:46,9622.0,11541.0,40337.0,14102.0,15414.0,39278.0
2025-07-18_16:20:47,9971.0,11541.0,40337.0,14401.0,15414.0,39279.0
2025-07-18_16:20:47,,,,14356.0,15414.0,39280.0
2025-07-18_16:20:51,2778.0,11541.0,40337.0,12192.0,15414.0,39280.0
2025-07-18_16:20:51,9901.0,11541.0,40340.0,14277.0,15414.0,39280.0
2025-07-18_16:20:51,9184.0,11541.0,40340.0,13900.0,15414.0,39280.0
2025-07-18_16:20:51,9983.0,11541.0,40343.0,14394.0,15414.0,39280.0
2025-07-18_16:20:52,9577.0,11541.0,40343.0,14184.0,15414.0,39280.0
2025-07-18_16:20:52,,,,,,
2025-07-18_16:20:56,6972.0,11541.0,40343.0,3793.0,15414.0,39280.0
2025-07-18_16:20:56,7994.0,11541.0,40346.0,13083.0,15414.0,39280.0
2025-07-18_16:20:56,8121.0,11541.0,40346.0,13051.0,15414.0,39280.0
2025-07-18_16:20:56,,,,14004.0,15414.0,39280.0
2025-07-18_16:21:00,2778.0,11541.0,40346.0,12187.0,15414.0,39280.0
2025-07-18_16:21:01,9177.0,11541.0,40346.0,13784.0,15414.0,39280.0
2025-07-18_16:21:01,8010.0,11541.0,40362.0,13090.0,15414.0,39281.0
2025-07-18_16:21:01,9547.0,11541.0,40362.0,14015.0,15414.0,39281.0
2025-07-18_16:21:01,10017.0,11541.0,40362.0,14574.0,15414.0,39283.0
2025-07-18_16:21:01,,,,,,
2025-07-18_16:21:05,6970.0,11541.0,40362.0,3793.0,15414.0,39283.0
2025-07-18_16:21:05,,,,14265.0,15414.0,39283.0
2025-07-18_16:21:09,3375.0,11541.0,40362.0,12166.0,15414.0,39283.0
2025-07-18_16:21:09,9485.0,11541.0,40362.0,14309.0,15414.0,39283.0
2025-07-18_16:21:10,8488.0,11541.0,40362.0,13894.0,15414.0,39283.0
2025-07-18_16:21:10,8520.0,11541.0,40362.0,14003.0,15414.0,39283.0
2025-07-18_16:21:10,9954.0,11541.0,40362.0,14219.0,15414.0,39283.0
2025-07-18_16:21:10,8527.0,11541.0,40376.0,13217.0,15414.0,39284.0
2025-07-18_16:21:11,2778.0,11541.0,40376.0,12161.0,15414.0,39284.0
2025-07-18_16:21:11,10318.0,11541.0,40376.0,14635.0,15414.0,39286.0
2025-07-18_16:21:12,10425.0,11543.0,40412.0,14180.0,15414.0,39286.0
2025-07-18_16:21:12,,,,,,
2025-07-18_16:21:16,6970.0,11543.0,40412.0,3793.0,15414.0,39286.0
2025-07-18_16:21:16,9873.0,11543.0,40417.0,13993.0,15414.0,39286.0
2025-07-18_16:21:16,9787.0,11543.0,40417.0,14268.0,15414.0,39286.0
2025-07-18_16:21:16,9563.0,11543.0,40417.0,14222.0,15414.0,39286.0
2025-07-18_16:21:17,8643.0,11543.0,40417.0,13845.0,15414.0,39286.0
2025-07-18_16:21:17,9575.0,11543.0,40417.0,14189.0,15414.0,39286.0
2025-07-18_16:21:17,8561.0,11543.0,40419.0,14085.0,15414.0,39286.0
2025-07-18_16:21:17,,,,14064.0,15414.0,39286.0
2025-07-18_16:21:21,3375.0,11543.0,40419.0,12199.0,15414.0,39286.0
2025-07-18_16:21:21,9822.0,11543.0,40420.0,13975.0,15414.0,39286.0
2025-07-18_16:21:21,8496.0,11543.0,40420.0,13815.0,15414.0,39286.0
2025-07-18_16:21:22,10335.0,11543.0,40449.0,14622.0,15414.0,39286.0
2025-07-18_16:21:22,8678.0,11543.0,40452.0,14073.0,15414.0,39286.0
2025-07-18_16:21:22,,,,,,
2025-07-18_16:21:26,6961.0,11543.0,40452.0,3786.0,15414.0,39286.0
2025-07-18_16:21:26,,,,13968.0,15414.0,39286.0
2025-07-18_16:21:30,3377.0,11543.0,40452.0,12165.0,15414.0,39286.0
2025-07-18_16:21:30,8599.0,11543.0,40455.0,13906.0,15414.0,39286.0
2025-07-18_16:21:30,8034.0,11543.0,40456.0,13264.0,15414.0,39286.0
2025-07-18_16:21:30,,,,,,
2025-07-18_16:21:34,6966.0,11543.0,40467.0,3795.0,15414.0,39286.0
2025-07-18_16:21:35,,,,14325.0,15414.0,39287.0
2025-07-18_16:21:38,3319.0,11543.0,40467.0,12165.0,15414.0,39287.0
2025-07-18_16:21:38,9820.0,11543.0,40467.0,14000.0,15414.0,39287.0
2025-07-18_16:21:39,,,,,,
2025-07-18_16:21:43,6968.0,11543.0,40467.0,3792.0,15414.0,39287.0
2025-07-18_16:21:43,9692.0,11543.0,40467.0,13980.0,15414.0,39287.0
2025-07-18_16:21:43,10107.0,11543.0,40467.0,14034.0,15414.0,39287.0
2025-07-18_16:21:43,8500.0,11543.0,40474.0,13275.0,15414.0,39287.0
2025-07-18_16:21:43,10146.0,11543.0,40479.0,14005.0,15414.0,39287.0
2025-07-18_16:21:44,8518.0,11543.0,40479.0,13272.0,15414.0,39288.0
2025-07-18_16:21:44,8533.0,11543.0,40479.0,13818.0,15414.0,39288.0
2025-07-18_16:21:44,,,,13787.0,15414.0,39288.0
2025-07-18_16:21:48,3321.0,11543.0,40479.0,12167.0,15414.0,39288.0
2025-07-18_16:21:48,8565.0,11543.0,40479.0,13920.0,15414.0,39288.0
2025-07-18_16:21:48,8118.0,11543.0,40479.0,13039.0,15414.0,39288.0
2025-07-18_16:21:49,9999.0,11543.0,40479.0,14273.0,15414.0,39288.0
2025-07-18_16:21:49,9354.0,11543.0,40479.0,14121.0,15414.0,39288.0
2025-07-18_16:21:49,9549.0,11543.0,40479.0,14068.0,15414.0,39288.0
2025-07-18_16:21:49,9932.0,11543.0,40480.0,13950.0,15414.0,39288.0
2025-07-18_16:21:49,9789.0,11543.0,40480.0,14267.0,15414.0,39288.0
2025-07-18_16:21:50,9405.0,11543.0,40482.0,14102.0,15414.0,39288.0
2025-07-18_16:21:50,9800.0,11543.0,40613.0,14427.0,15414.0,39342.0
2025-07-18_16:21:50,10343.0,11548.0,40619.0,14525.0,15414.0,39342.0
2025-07-18_16:21:50,9473.0,11548.0,40619.0,14129.0,15414.0,39342.0
2025-07-18_16:21:51,9692.0,11548.0,40619.0,14234.0,15414.0,39342.0
2025-07-18_16:21:51,9902.0,11548.0,40619.0,14175.0,15414.0,39342.0
2025-07-18_16:21:51,,,,14206.0,15414.0,39342.0
2025-07-18_16:21:55,3358.0,11548.0,40619.0,12175.0,15414.0,39342.0
2025-07-18_16:21:55,9848.0,11548.0,40619.0,13957.0,15414.0,39342.0
2025-07-18_16:21:55,8600.0,11548.0,40620.0,14092.0,15414.0,39342.0
2025-07-18_16:21:55,8664.0,11548.0,40624.0,14099.0,15414.0,39342.0
2025-07-18_16:21:56,,,,,,
2025-07-18_16:21:59,6969.0,11548.0,40624.0,3793.0,15414.0,39342.0
2025-07-18_16:22:00,9394.0,11548.0,40626.0,13930.0,15414.0,39342.0
2025-07-18_16:22:00,9371.0,11548.0,40626.0,13908.0,15414.0,39342.0
2025-07-18_16:22:00,9851.0,11548.0,40627.0,14044.0,15414.0,39342.0
2025-07-18_16:22:00,9828.0,11548.0,40627.0,14261.0,15414.0,39342.0
2025-07-18_16:22:00,9849.0,11548.0,40627.0,14082.0,15414.0,39342.0
2025-07-18_16:22:01,,,,,,
2025-07-18_16:22:04,6953.0,11548.0,40627.0,3792.0,15414.0,39342.0
2025-07-18_16:22:05,,,,13824.0,15414.0,39342.0
2025-07-18_16:22:08,3319.0,11548.0,40627.0,12190.0,15414.0,39342.0
2025-07-18_16:22:09,8011.0,11548.0,40630.0,12900.0,15414.0,39342.0
2025-07-18_16:22:09,,,,14250.0,15414.0,39342.0
2025-07-18_16:22:13,3358.0,11548.0,40630.0,12175.0,15414.0,39342.0
2025-07-18_16:22:13,10023.0,11548.0,40633.0,14229.0,15414.0,39342.0
2025-07-18_16:22:13,8666.0,11548.0,40633.0,14040.0,15414.0,39342.0
2025-07-18_16:22:13,,,,,,
2025-07-18_16:22:17,,,,3795.0,15414.0,39342.0
2025-07-18_16:22:21,2778.0,11548.0,40633.0,12186.0,15414.0,39342.0
2025-07-18_16:22:21,,,,13075.0,15414.0,39342.0
2025-07-18_16:22:25,2778.0,11548.0,40633.0,12162.0,15414.0,39342.0
2025-07-18_16:22:25,9589.0,11548.0,40633.0,13963.0,15414.0,39342.0
2025-07-18_16:22:25,8839.0,11548.0,40712.0,13883.0,15414.0,39367.0
2025-07-18_16:22:26,9181.0,11548.0,40712.0,14269.0,15414.0,39385.0
2025-07-18_16:22:26,,,,,,
2025-07-18_16:22:30,6971.0,11548.0,40712.0,3793.0,15414.0,39385.0
2025-07-18_16:22:30,,,,14343.0,15414.0,39385.0
2025-07-18_16:22:34,3375.0,11548.0,40712.0,12162.0,15414.0,39385.0
2025-07-18_16:22:34,8603.0,11548.0,40713.0,14053.0,15414.0,39385.0
2025-07-18_16:22:34,9901.0,11548.0,40716.0,13979.0,15414.0,39385.0
2025-07-18_16:22:34,7992.0,11548.0,40716.0,12875.0,15414.0,39385.0
2025-07-18_16:22:34,8545.0,11548.0,40716.0,13916.0,15414.0,39385.0
2025-07-18_16:22:35,,,,,,
2025-07-18_16:22:38,6969.0,11548.0,40716.0,3793.0,15414.0,39385.0
2025-07-18_16:22:39,10183.0,11548.0,40716.0,14327.0,15414.0,39385.0
2025-07-18_16:22:39,9600.0,11548.0,40716.0,13966.0,15414.0,39385.0
2025-07-18_16:22:39,9207.0,11548.0,40718.0,13822.0,15414.0,39385.0
2025-07-18_16:22:39,,,,,,
2025-07-18_16:22:43,6967.0,11548.0,40718.0,3789.0,15414.0,39385.0
2025-07-18_16:22:43,,,,14089.0,15414.0,39385.0
2025-07-18_16:22:47,2780.0,11548.0,40718.0,12192.0,15414.0,39385.0
2025-07-18_16:22:48,9238.0,11548.0,40718.0,13781.0,15414.0,39385.0
2025-07-18_16:22:48,8117.0,11548.0,40718.0,13046.0,15414.0,39385.0
2025-07-18_16:22:48,8637.0,11548.0,40718.0,14091.0,15414.0,39385.0
2025-07-18_16:22:48,8343.0,11548.0,40718.0,13641.0,15414.0,39385.0
2025-07-18_16:22:48,9817.0,11548.0,40719.0,14241.0,15414.0,39385.0
2025-07-18_16:22:49,9000.0,11548.0,40719.0,13775.0,15414.0,39385.0
2025-07-18_16:22:49,9969.0,11548.0,40722.0,14217.0,15414.0,39387.0
2025-07-18_16:22:49,9270.0,11548.0,40722.0,13936.0,15414.0,39387.0
2025-07-18_16:22:49,,,,,,
2025-07-18_16:22:53,6963.0,11548.0,40722.0,3793.0,15414.0,39387.0
2025-07-18_16:22:53,,,,,,
2025-07-18_16:22:57,6967.0,11548.0,40722.0,3793.0,15414.0,39387.0
2025-07-18_16:22:57,9671.0,11548.0,40722.0,13870.0,15414.0,39387.0
2025-07-18_16:22:58,9432.0,11548.0,40722.0,14222.0,15414.0,39387.0
2025-07-18_16:22:58,9811.0,11548.0,40722.0,13985.0,15414.0,39387.0
2025-07-18_16:22:58,8027.0,11548.0,40725.0,13235.0,15414.0,39387.0
2025-07-18_16:22:58,8547.0,11548.0,40725.0,13876.0,15414.0,39387.0
2025-07-18_16:22:59,9678.0,11548.0,40725.0,14196.0,15414.0,39387.0
2025-07-18_16:22:59,,,,14201.0,15414.0,39387.0
2025-07-18_16:23:02,3375.0,11548.0,40725.0,12191.0,15414.0,39387.0
2025-07-18_16:23:03,8721.0,11548.0,40725.0,14072.0,15414.0,39387.0
2025-07-18_16:23:03,,,,,,
2025-07-18_16:23:07,6966.0,11548.0,40725.0,3793.0,15414.0,39387.0
2025-07-18_16:23:07,9593.0,11548.0,40725.0,13960.0,15414.0,39387.0
2025-07-18_16:23:07,9442.0,11548.0,40727.0,13959.0,15414.0,39387.0
2025-07-18_16:23:07,10006.0,11548.0,40728.0,14092.0,15414.0,39387.0
2025-07-18_16:23:07,9633.0,11548.0,40728.0,14059.0,15414.0,39387.0
2025-07-18_16:23:08,9753.0,11548.0,40729.0,14213.0,15414.0,39387.0
2025-07-18_16:23:08,9300.0,11548.0,40729.0,13779.0,15414.0,39387.0
2025-07-18_16:23:08,9341.0,11548.0,40729.0,13806.0,15414.0,39387.0
2025-07-18_16:23:08,9990.0,11548.0,40735.0,14452.0,15414.0,39388.0
2025-07-18_16:23:08,,,,13625.0,15414.0,39388.0
2025-07-18_16:23:12,3302.0,11548.0,40735.0,12149.0,15414.0,39388.0
2025-07-18_16:23:12,9597.0,11548.0,40735.0,14209.0,15414.0,39388.0
2025-07-18_16:23:13,9960.0,11548.0,40735.0,14576.0,15414.0,39388.0
2025-07-18_16:23:13,9999.0,11548.0,40735.0,14096.0,15414.0,39390.0
2025-07-18_16:23:13,,,,,,
2025-07-18_16:23:17,6964.0,11548.0,40735.0,3789.0,15414.0,39390.0
2025-07-18_16:23:17,8528.0,11548.0,40736.0,13665.0,15414.0,39390.0
2025-07-18_16:23:17,8560.0,11548.0,40736.0,13899.0,15414.0,39390.0
2025-07-18_16:23:18,9124.0,11548.0,40736.0,13834.0,15414.0,39390.0
2025-07-18_16:23:18,,,,13970.0,15414.0,39390.0
2025-07-18_16:23:21,3358.0,11548.0,40736.0,12189.0,15414.0,39390.0
2025-07-18_16:23:22,10363.0,11548.0,40739.0,14448.0,15414.0,39390.0
2025-07-18_16:23:22,,,,14129.0,15414.0,39390.0
2025-07-18_16:23:26,3358.0,11548.0,40739.0,12191.0,15414.0,39390.0
2025-07-18_16:23:26,10275.0,11548.0,40762.0,14083.0,15414.0,39418.0
2025-07-18_16:23:26,9648.0,11548.0,40762.0,14178.0,15414.0,39418.0
2025-07-18_16:23:26,,,,,,
2025-07-18_16:23:30,6968.0,11548.0,40762.0,3786.0,15414.0,39418.0
2025-07-18_16:23:30,8634.0,11548.0,40762.0,14213.0,15414.0,39418.0
2025-07-18_16:23:31,9863.0,11548.0,40762.0,14140.0,15414.0,39418.0
2025-07-18_16:23:31,8549.0,11553.0,40768.0,13934.0,15414.0,39418.0
2025-07-18_16:23:31,8517.0,11553.0,40768.0,13976.0,15414.0,39418.0
2025-07-18_16:23:31,8556.0,11553.0,40770.0,14107.0,15414.0,39418.0
2025-07-18_16:23:31,8069.0,11553.0,40771.0,13076.0,15414.0,39418.0
2025-07-18_16:23:32,,,,14252.0,15414.0,39418.0
2025-07-18_16:23:35,3375.0,11553.0,40771.0,12192.0,15414.0,39418.0
2025-07-18_16:23:36,7994.0,11553.0,40771.0,13251.0,15414.0,39418.0
2025-07-18_16:23:36,9863.0,11553.0,40776.0,14016.0,15414.0,39418.0
2025-07-18_16:23:36,8540.0,11553.0,40776.0,13934.0,15414.0,39422.0
2025-07-18_16:23:36,,,,,,
2025-07-18_16:23:40,6968.0,11553.0,40776.0,3793.0,15414.0,39422.0
2025-07-18_16:23:40,8516.0,11553.0,40776.0,13801.0,15414.0,39422.0
2025-07-18_16:23:40,9483.0,11553.0,40776.0,14138.0,15414.0,39422.0
2025-07-18_16:23:41,9942.0,11553.0,40779.0,14409.0,15414.0,39422.0
2025-07-18_16:23:41,10113.0,11553.0,40780.0,14054.0,15414.0,39422.0
2025-07-18_16:23:41,,,,,,
2025-07-18_16:23:45,6961.0,11553.0,40796.0,3793.0,15414.0,39422.0
2025-07-18_16:23:45,10362.0,11553.0,40796.0,14530.0,15414.0,39422.0
2025-07-18_16:23:45,,,,,,
2025-07-18_16:23:49,6967.0,11553.0,40796.0,3793.0,15414.0,39422.0
2025-07-18_16:23:49,9860.0,11553.0,40796.0,14044.0,15414.0,39425.0
2025-07-18_16:23:50,10107.0,11553.0,40796.0,14032.0,15414.0,39425.0
2025-07-18_16:23:50,8119.0,11553.0,40797.0,13307.0,15414.0,39425.0
2025-07-18_16:23:50,,,,13967.0,15414.0,39425.0
2025-07-18_16:23:54,3319.0,11553.0,40797.0,12188.0,15414.0,39425.0
2025-07-18_16:23:54,8620.0,11553.0,40809.0,14204.0,15414.0,39425.0
2025-07-18_16:23:54,10080.0,11553.0,40809.0,14390.0,15414.0,39425.0
2025-07-18_16:23:55,8127.0,11553.0,40818.0,13049.0,15414.0,39425.0
2025-07-18_16:23:55,10325.0,11553.0,40819.0,14546.0,15414.0,39425.0
2025-07-18_16:23:55,9673.0,11553.0,40819.0,14171.0,15414.0,39425.0
2025-07-18_16:23:55,9922.0,11553.0,40820.0,13920.0,15414.0,39425.0
2025-07-18_16:23:55,9891.0,11553.0,40821.0,14388.0,15414.0,39425.0
2025-07-18_16:23:56,9863.0,11553.0,40823.0,13972.0,15414.0,39426.0
2025-07-18_16:23:56,,,,,,
2025-07-18_16:24:00,6956.0,11553.0,40823.0,3792.0,15414.0,39426.0
2025-07-18_16:24:00,,,,13785.0,15414.0,39426.0
2025-07-18_16:24:04,3360.0,11553.0,40823.0,12186.0,15414.0,39426.0
2025-07-18_16:24:04,9182.0,11553.0,40823.0,13995.0,15414.0,39427.0
2025-07-18_16:24:04,8504.0,11553.0,40823.0,14080.0,15414.0,39427.0
2025-07-18_16:24:04,9851.0,11553.0,40823.0,14224.0,15414.0,39427.0
2025-07-18_16:24:04,9665.0,11553.0,40823.0,14097.0,15414.0,39427.0
2025-07-18_16:24:05,8635.0,11553.0,40823.0,14060.0,15414.0,39427.0
2025-07-18_16:24:05,7987.0,11553.0,40823.0,13343.0,15414.0,39427.0
2025-07-18_16:24:05,7989.0,11553.0,40823.0,13231.0,15414.0,39427.0
2025-07-18_16:24:05,8592.0,11553.0,40832.0,14246.0,15414.0,39427.0
2025-07-18_16:24:06,9922.0,11553.0,40832.0,13975.0,15414.0,39427.0
2025-07-18_16:24:06,10105.0,11553.0,40832.0,14208.0,15414.0,39427.0
2025-07-18_16:24:06,9691.0,11553.0,40832.0,13982.0,15414.0,39427.0
2025-07-18_16:24:06,9852.0,11553.0,40832.0,14374.0,15414.0,39429.0
2025-07-18_16:24:06,9743.0,11553.0,40832.0,13950.0,15414.0,39429.0
2025-07-18_16:24:07,9714.0,11553.0,40832.0,14286.0,15414.0,39429.0
2025-07-18_16:24:07,,,,14003.0,15414.0,39429.0
2025-07-18_16:24:11,3358.0,11553.0,40832.0,12188.0,15414.0,39429.0
2025-07-18_16:24:11,,,,13247.0,15414.0,39431.0
2025-07-18_16:24:15,2778.0,11553.0,40832.0,12185.0,15414.0,39431.0
2025-07-18_16:24:15,9702.0,11553.0,40832.0,14104.0,15414.0,39431.0
2025-07-18_16:24:15,8653.0,11553.0,40832.0,14076.0,15414.0,39431.0
2025-07-18_16:24:15,8545.0,11553.0,40832.0,13803.0,15414.0,39431.0
2025-07-18_16:24:16,,,,,,
2025-07-18_16:24:19,6964.0,11553.0,40832.0,3793.0,15414.0,39431.0
2025-07-18_16:24:20,,,,14054.0,15414.0,39431.0
2025-07-18_16:24:23,,,,,,
2025-07-18_16:24:27,6968.0,11553.0,40832.0,3793.0,15414.0,39431.0
2025-07-18_16:24:27,8121.0,11553.0,40832.0,13049.0,15414.0,39431.0
2025-07-18_16:24:28,,,,14082.0,15414.0,39431.0
2025-07-18_16:24:31,3375.0,11553.0,40832.0,12185.0,15414.0,39431.0
2025-07-18_16:24:31,8545.0,11553.0,40842.0,13092.0,15414.0,39431.0
2025-07-18_16:24:32,9871.0,11553.0,40842.0,14010.0,15414.0,39431.0
2025-07-18_16:24:32,9193.0,11553.0,40845.0,13906.0,15414.0,39431.0
2025-07-18_16:24:32,9560.0,11553.0,40845.0,13935.0,15414.0,39431.0
2025-07-18_16:24:32,,,,12825.0,15414.0,39434.0
2025-07-18_16:24:36,2778.0,11553.0,40845.0,12185.0,15414.0,39434.0
2025-07-18_16:24:36,9690.0,11553.0,40846.0,14086.0,15414.0,39435.0
2025-07-18_16:24:37,9573.0,11553.0,40846.0,13993.0,15414.0,39435.0
2025-07-18_16:24:37,8532.0,11553.0,40849.0,13250.0,15414.0,39435.0
2025-07-18_16:24:37,9743.0,11553.0,40849.0,13976.0,15414.0,39435.0
2025-07-18_16:24:37,,,,13785.0,15414.0,39435.0
2025-07-18_16:24:41,3375.0,11553.0,40849.0,12176.0,15414.0,39435.0
2025-07-18_16:24:41,9890.0,11553.0,40849.0,13900.0,15414.0,39435.0
2025-07-18_16:24:41,8579.0,11553.0,40849.0,14100.0,15414.0,39438.0
2025-07-18_16:24:41,9917.0,11553.0,40849.0,14083.0,15414.0,39438.0
2025-07-18_16:24:42,9164.0,11553.0,40849.0,13991.0,15414.0,39438.0
2025-07-18_16:24:42,7987.0,11553.0,40849.0,12801.0,15414.0,39439.0
2025-07-18_16:24:42,8650.0,11553.0,40849.0,13982.0,15414.0,39439.0
2025-07-18_16:24:42,8129.0,11553.0,40849.0,13313.0,15414.0,39439.0
2025-07-18_16:24:43,9159.0,11553.0,40850.0,13983.0,15414.0,39439.0
2025-07-18_16:24:43,8627.0,11553.0,40850.0,14086.0,15414.0,39439.0
2025-07-18_16:24:43,10168.0,11553.0,40862.0,14235.0,15416.0,39954.0
2025-07-18_16:24:43,8000.0,11553.0,40869.0,13112.0,15416.0,39959.0
2025-07-18_16:24:43,8538.0,11553.0,40889.0,14092.0,15416.0,39959.0
2025-07-18_16:24:44,,,,13815.0,15416.0,39959.0
2025-07-18_16:24:47,3358.0,11553.0,40889.0,12189.0,15416.0,39959.0
2025-07-18_16:24:48,8579.0,11553.0,40889.0,14102.0,15416.0,39959.0
2025-07-18_16:24:48,9465.0,11553.0,40889.0,14178.0,15416.0,39959.0
2025-07-18_16:24:48,,,,13967.0,15416.0,39959.0
2025-07-18_16:24:52,3358.0,11553.0,40889.0,12167.0,15416.0,39959.0
2025-07-18_16:24:52,,,,,,
2025-07-18_16:24:56,6961.0,11553.0,40889.0,3793.0,15416.0,39959.0
2025-07-18_16:24:56,9709.0,11553.0,40906.0,13588.0,15416.0,39959.0
2025-07-18_16:24:56,8517.0,11553.0,40906.0,13268.0,15416.0,39959.0
2025-07-18_16:24:57,9620.0,11553.0,40906.0,14570.0,15416.0,39961.0
2025-07-18_16:24:57,,,,13986.0,15416.0,39961.0
2025-07-18_16:25:00,3375.0,11553.0,40906.0,12161.0,15416.0,39961.0
2025-07-18_16:25:01,8558.0,11553.0,40906.0,14029.0,15416.0,39961.0
2025-07-18_16:25:01,9871.0,11553.0,40907.0,13983.0,15416.0,39961.0
2025-07-18_16:25:01,8018.0,11553.0,40907.0,13351.0,15416.0,39961.0
2025-07-18_16:25:01,9153.0,11553.0,40908.0,13978.0,15416.0,39961.0
2025-07-18_16:25:02,8678.0,11553.0,40909.0,14093.0,15416.0,39961.0
2025-07-18_16:25:02,8649.0,11553.0,40912.0,14093.0,15416.0,39961.0
2025-07-18_16:25:02,10125.0,11553.0,40920.0,14215.0,15416.0,39961.0
2025-07-18_16:25:02,,,,,,
2025-07-18_16:25:06,6967.0,11553.0,40920.0,3793.0,15416.0,39961.0
2025-07-18_16:25:06,7945.0,11553.0,40921.0,13257.0,15416.0,39961.0
2025-07-18_16:25:06,9612.0,11553.0,40922.0,13788.0,15416.0,39961.0
2025-07-18_16:25:07,,,,,,
2025-07-18_16:25:10,6963.0,11553.0,40922.0,3793.0,15416.0,39961.0
2025-07-18_16:25:11,8515.0,11553.0,40924.0,12858.0,15416.0,39961.0
2025-07-18_16:25:11,8035.0,11553.0,40927.0,13048.0,15416.0,39961.0
2025-07-18_16:25:11,9613.0,11553.0,40927.0,14264.0,15416.0,39961.0
2025-07-18_16:25:11,9914.0,11553.0,40931.0,14014.0,15416.0,39961.0
2025-07-18_16:25:12,8630.0,11553.0,40931.0,14094.0,15416.0,39961.0
2025-07-18_16:25:12,9168.0,11553.0,40931.0,14030.0,15416.0,39961.0
2025-07-18_16:25:12,8081.0,11553.0,40931.0,13049.0,15416.0,39961.0
2025-07-18_16:25:12,,,,,,
2025-07-18_16:25:16,6967.0,11553.0,40931.0,3793.0,15416.0,39961.0
2025-07-18_16:25:16,,,,,,
2025-07-18_16:25:20,6968.0,11553.0,40931.0,3793.0,15416.0,39961.0
2025-07-18_16:25:20,9871.0,11553.0,40931.0,14213.0,15416.0,39961.0
2025-07-18_16:25:21,9194.0,11553.0,40931.0,14042.0,15416.0,39961.0
2025-07-18_16:25:21,8516.0,11553.0,40931.0,13085.0,15416.0,39961.0
2025-07-18_16:25:21,9600.0,11553.0,40932.0,14268.0,15416.0,39963.0
2025-07-18_16:25:21,8618.0,11553.0,40933.0,13899.0,15416.0,39965.0
2025-07-18_16:25:21,,,,14098.0,15416.0,39965.0
2025-07-18_16:25:25,3358.0,11553.0,40933.0,12192.0,15416.0,39965.0
2025-07-18_16:25:25,,,,14223.0,15416.0,39965.0
2025-07-18_16:25:29,3377.0,11553.0,40933.0,12182.0,15416.0,39965.0
2025-07-18_16:25:29,,,,13255.0,15416.0,39980.0
2025-07-18_16:25:33,,,,,,
2025-07-18_16:25:37,6965.0,11553.0,40933.0,3792.0,15416.0,39980.0
2025-07-18_16:25:37,8533.0,11553.0,40933.0,12887.0,15416.0,39980.0
2025-07-18_16:25:37,8020.0,11553.0,40933.0,12803.0,15416.0,39980.0
2025-07-18_16:25:38,,,,13881.0,15416.0,39980.0
2025-07-18_16:25:41,3302.0,11553.0,40933.0,12190.0,15416.0,39980.0
2025-07-18_16:25:41,,,,14225.0,15416.0,39980.0
2025-07-18_16:25:45,3358.0,11553.0,40933.0,12191.0,15416.0,39980.0
2025-07-18_16:25:45,8609.0,11553.0,40933.0,13863.0,15416.0,39980.0
2025-07-18_16:25:46,9627.0,11553.0,40933.0,13980.0,15416.0,39980.0
2025-07-18_16:25:46,8130.0,11553.0,40944.0,13239.0,15416.0,39980.0
2025-07-18_16:25:46,9613.0,11553.0,40944.0,13997.0,15416.0,39980.0
2025-07-18_16:25:46,,,,13346.0,15416.0,39980.0
2025-07-18_16:25:50,2778.0,11553.0,40944.0,12189.0,15416.0,39980.0
2025-07-18_16:25:50,8510.0,11553.0,40944.0,13836.0,15416.0,39981.0
2025-07-18_16:25:51,,,,,,
2025-07-18_16:25:54,6964.0,11553.0,40944.0,3793.0,15416.0,39981.0
2025-07-18_16:25:55,7944.0,11553.0,40962.0,13075.0,15416.0,39981.0
2025-07-18_16:25:55,8112.0,11553.0,40962.0,13078.0,15416.0,39981.0
2025-07-18_16:25:55,8538.0,11553.0,40962.0,14194.0,15416.0,39982.0
2025-07-18_16:25:55,,,,13974.0,15416.0,39982.0
2025-07-18_16:25:59,3375.0,11553.0,40962.0,12190.0,15416.0,39982.0
2025-07-18_16:25:59,,,,13981.0,15416.0,39982.0
2025-07-18_16:26:03,3375.0,11553.0,40962.0,12188.0,15416.0,39982.0
2025-07-18_16:26:03,9205.0,11553.0,40962.0,13774.0,15416.0,39982.0
2025-07-18_16:26:03,7972.0,11553.0,40962.0,13236.0,15416.0,39982.0
2025-07-18_16:26:03,8698.0,11553.0,40962.0,14180.0,15416.0,39982.0
2025-07-18_16:26:04,9844.0,11553.0,40962.0,13974.0,15416.0,39982.0
2025-07-18_16:26:04,,,,14312.0,15416.0,39982.0
2025-07-18_16:26:08,3358.0,11553.0,40962.0,12197.0,15416.0,39982.0
2025-07-18_16:26:08,8077.0,11553.0,40962.0,13175.0,15416.0,40012.0
2025-07-18_16:26:08,9831.0,11553.0,40963.0,14437.0,15416.0,40021.0
2025-07-18_16:26:08,8521.0,11553.0,40963.0,13921.0,15416.0,40021.0
2025-07-18_16:26:09,8023.0,11553.0,40963.0,13087.0,15416.0,40021.0
2025-07-18_16:26:09,7967.0,11553.0,40963.0,12779.0,15416.0,40021.0
2025-07-18_16:26:09,,,,13875.0,15416.0,40021.0
2025-07-18_16:26:13,3360.0,11553.0,40963.0,12188.0,15416.0,40021.0
2025-07-18_16:26:13,,,,13260.0,15416.0,40031.0
2025-07-18_16:26:17,2778.0,11553.0,40963.0,12183.0,15416.0,40031.0
2025-07-18_16:26:17,9880.0,11553.0,40963.0,14262.0,15416.0,40031.0
2025-07-18_16:26:17,8365.0,11553.0,40968.0,13933.0,15416.0,40031.0
2025-07-18_16:26:17,9680.0,11553.0,40968.0,14050.0,15416.0,40031.0
2025-07-18_16:26:18,8044.0,11553.0,40968.0,13053.0,15416.0,40031.0
2025-07-18_16:26:18,7974.0,11553.0,40968.0,13046.0,15416.0,40031.0
2025-07-18_16:26:18,8533.0,11553.0,40969.0,13813.0,15416.0,40031.0
2025-07-18_16:26:18,9857.0,11553.0,40969.0,14275.0,15416.0,40031.0
2025-07-18_16:26:18,9876.0,11553.0,40970.0,14359.0,15416.0,40031.0
2025-07-18_16:26:19,8037.0,11553.0,40970.0,13266.0,15416.0,40031.0
2025-07-18_16:26:19,,,,,,
2025-07-18_16:26:23,6968.0,11553.0,40970.0,3793.0,15416.0,40031.0
2025-07-18_16:26:23,9181.0,11553.0,40970.0,13610.0,15416.0,40031.0
2025-07-18_16:26:23,9871.0,11553.0,40970.0,13602.0,15416.0,40031.0
2025-07-18_16:26:23,8037.0,11553.0,40970.0,12931.0,15416.0,40041.0
2025-07-18_16:26:24,7971.0,11553.0,40970.0,12800.0,15416.0,40041.0
2025-07-18_16:26:24,7959.0,11553.0,40970.0,13260.0,15416.0,40041.0
2025-07-18_16:26:24,8037.0,11553.0,40970.0,13059.0,15416.0,40041.0
2025-07-18_16:26:24,,,,,,
2025-07-18_16:26:28,6975.0,11553.0,40970.0,3793.0,15416.0,40041.0
2025-07-18_16:26:28,7963.0,11553.0,40970.0,13258.0,15416.0,40041.0
2025-07-18_16:26:29,7979.0,11553.0,40970.0,13093.0,15416.0,40041.0
2025-07-18_16:26:29,8027.0,11553.0,40970.0,13226.0,15416.0,40041.0
2025-07-18_16:26:29,8604.0,11553.0,40970.0,14087.0,15416.0,40041.0
2025-07-18_16:26:29,,,,13098.0,15416.0,40041.0
2025-07-18_16:26:33,2778.0,11553.0,40970.0,12143.0,15416.0,40041.0
2025-07-18_16:26:33,8609.0,11553.0,40999.0,14092.0,15416.0,40041.0
2025-07-18_16:26:34,7959.0,11553.0,40999.0,12895.0,15416.0,40041.0
2025-07-18_16:26:34,8124.0,11553.0,41002.0,13337.0,15416.0,40041.0
2025-07-18_16:26:34,7961.0,11553.0,41002.0,13049.0,15416.0,40041.0
2025-07-18_16:26:34,8541.0,11553.0,41002.0,13776.0,15416.0,40041.0
2025-07-18_16:26:34,8505.0,11553.0,41003.0,13073.0,15416.0,40042.0
2025-07-18_16:26:35,8076.0,11553.0,41003.0,13525.0,15416.0,40043.0
2025-07-18_16:26:35,7980.0,11553.0,41003.0,13233.0,15416.0,40043.0
2025-07-18_16:26:35,8032.0,11553.0,41003.0,13266.0,15416.0,40043.0
2025-07-18_16:26:35,,,,14003.0,15416.0,40043.0
2025-07-18_16:26:39,2778.0,11553.0,41003.0,12191.0,15416.0,40043.0
2025-07-18_16:26:39,7952.0,11553.0,41005.0,13042.0,15416.0,40043.0
2025-07-18_16:26:40,7978.0,11553.0,41005.0,12870.0,15416.0,40043.0
2025-07-18_16:26:40,8537.0,11553.0,41005.0,13844.0,15416.0,40043.0
2025-07-18_16:26:40,8077.0,11553.0,41005.0,13352.0,15416.0,40043.0
2025-07-18_16:26:40,8120.0,11553.0,41005.0,13088.0,15416.0,40043.0
2025-07-18_16:26:41,8526.0,11553.0,41005.0,13779.0,15416.0,40043.0
2025-07-18_16:26:41,8025.0,11553.0,41005.0,13081.0,15416.0,40043.0
2025-07-18_16:26:41,8002.0,11553.0,41005.0,13076.0,15416.0,40043.0
2025-07-18_16:26:41,9168.0,11553.0,41005.0,14298.0,15416.0,40043.0
2025-07-18_16:26:41,,,,14105.0,15416.0,40043.0
2025-07-18_16:26:45,3358.0,11553.0,41005.0,12168.0,15416.0,40043.0
2025-07-18_16:26:45,8607.0,11553.0,41005.0,14178.0,15416.0,40043.0
2025-07-18_16:26:46,7948.0,11553.0,41005.0,12851.0,15416.0,40043.0
2025-07-18_16:26:46,10226.0,11553.0,41010.0,14073.0,15416.0,40045.0
2025-07-18_16:26:46,9648.0,11553.0,41010.0,13848.0,15416.0,40045.0
2025-07-18_16:26:46,7944.0,11553.0,41010.0,13234.0,15416.0,40045.0
2025-07-18_16:26:46,,,,,,
2025-07-18_16:26:50,,,,3792.0,15416.0,40045.0
2025-07-18_16:26:54,2778.0,11553.0,41010.0,12185.0,15416.0,40045.0
2025-07-18_16:26:54,8068.0,11553.0,41011.0,13086.0,15416.0,40045.0
2025-07-18_16:26:55,8524.0,11553.0,41011.0,13829.0,15416.0,40045.0
2025-07-18_16:26:55,9655.0,11553.0,41011.0,14010.0,15416.0,40045.0
2025-07-18_16:26:55,,,,,,
2025-07-18_16:26:59,6964.0,11553.0,41011.0,3786.0,15416.0,40045.0
2025-07-18_16:26:59,7958.0,11553.0,41011.0,13056.0,15416.0,40045.0
2025-07-18_16:26:59,,,,14041.0,15416.0,40045.0
2025-07-18_16:27:03,3375.0,11553.0,41011.0,12145.0,15416.0,40045.0
2025-07-18_16:27:03,9664.0,11553.0,41011.0,13807.0,15416.0,40045.0
2025-07-18_16:27:04,3356.0,11553.0,41011.0,12166.0,15416.0,40045.0
2025-07-18_16:27:04,,,,,,
2025-07-18_16:27:08,6964.0,11553.0,41011.0,3786.0,15416.0,40045.0
2025-07-18_16:27:08,9719.0,11553.0,41011.0,13979.0,15416.0,40045.0
2025-07-18_16:27:08,,,,,,
2025-07-18_16:27:12,6964.0,11553.0,41011.0,3792.0,15416.0,40045.0
2025-07-18_16:27:12,,,,12678.0,15416.0,40058.0
2025-07-18_16:27:16,2778.0,11553.0,41011.0,12170.0,15416.0,40058.0
2025-07-18_16:27:17,7974.0,11553.0,41011.0,13250.0,15416.0,40058.0
2025-07-18_16:27:17,9858.0,11553.0,41011.0,13984.0,15416.0,40058.0
2025-07-18_16:27:17,,,,,,
2025-07-18_16:27:21,6968.0,11553.0,41011.0,3793.0,15416.0,40058.0
2025-07-18_16:27:21,,,,13785.0,15416.0,40058.0
2025-07-18_16:27:25,3375.0,11553.0,41011.0,12191.0,15416.0,40058.0
2025-07-18_16:27:25,8002.0,11553.0,41012.0,13265.0,15416.0,40058.0
2025-07-18_16:27:25,8519.0,11553.0,41014.0,13896.0,15416.0,40058.0
2025-07-18_16:27:25,9001.0,11553.0,41014.0,13984.0,15416.0,40058.0
2025-07-18_16:27:26,9578.0,11553.0,41015.0,14190.0,15416.0,40058.0
2025-07-18_16:27:26,8681.0,11553.0,41026.0,14100.0,15416.0,40058.0
2025-07-18_16:27:26,7959.0,11553.0,41029.0,13512.0,15416.0,40058.0
2025-07-18_16:27:26,9585.0,11553.0,41029.0,14272.0,15416.0,40059.0
2025-07-18_16:27:27,,,,13873.0,15416.0,40059.0
2025-07-18_16:27:30,3302.0,11553.0,41029.0,12188.0,15416.0,40059.0
2025-07-18_16:27:30,9163.0,11553.0,41029.0,13999.0,15416.0,40059.0
2025-07-18_16:27:31,,,,14296.0,15416.0,40059.0
2025-07-18_16:27:34,3358.0,11553.0,41029.0,12173.0,15416.0,40059.0
2025-07-18_16:27:35,,,,,,
2025-07-18_16:27:38,6965.0,11553.0,41029.0,3787.0,15416.0,40059.0
2025-07-18_16:27:39,7976.0,11553.0,41029.0,13053.0,15416.0,40059.0
2025-07-18_16:27:39,9939.0,11553.0,41029.0,14092.0,15416.0,40061.0
2025-07-18_16:27:39,,,,13695.0,15416.0,40061.0
2025-07-18_16:27:43,3302.0,11553.0,41029.0,12187.0,15416.0,40061.0
2025-07-18_16:27:43,9848.0,11553.0,41029.0,14069.0,15416.0,40061.0
2025-07-18_16:27:43,,,,14298.0,15416.0,40067.0
2025-07-18_16:27:47,2778.0,11553.0,41029.0,12189.0,15416.0,40067.0
2025-07-18_16:27:47,,,,13309.0,15416.0,40067.0
2025-07-18_16:27:51,2778.0,11553.0,41029.0,12183.0,15416.0,40067.0
2025-07-18_16:27:51,,,,,,
2025-07-18_16:27:55,6965.0,11553.0,41029.0,3786.0,15416.0,40067.0
2025-07-18_16:27:55,,,,13091.0,15416.0,40067.0
2025-07-18_16:27:59,2778.0,11553.0,41029.0,12174.0,15416.0,40067.0
2025-07-18_16:27:59,9885.0,11553.0,41029.0,13977.0,15416.0,40067.0
2025-07-18_16:28:00,8088.0,11553.0,41029.0,13057.0,15416.0,40067.0
2025-07-18_16:28:00,,,,14002.0,15416.0,40067.0
2025-07-18_16:28:04,3375.0,11553.0,41029.0,12189.0,15416.0,40067.0
2025-07-18_16:28:04,9604.0,11553.0,41029.0,13987.0,15416.0,40067.0
2025-07-18_16:28:04,9869.0,11553.0,41029.0,14056.0,15416.0,40068.0
2025-07-18_16:28:04,7955.0,11553.0,41033.0,13345.0,15416.0,40068.0
2025-07-18_16:28:05,7955.0,11553.0,41033.0,13082.0,15416.0,40068.0
2025-07-18_16:28:05,9876.0,11553.0,41033.0,13961.0,15416.0,40068.0
2025-07-18_16:28:05,7967.0,11553.0,41033.0,13076.0,15416.0,40068.0
2025-07-18_16:28:05,8844.0,11553.0,41034.0,14091.0,15416.0,40068.0
2025-07-18_16:28:05,8132.0,11553.0,41035.0,13090.0,15416.0,40068.0
2025-07-18_16:28:06,,,,,,
2025-07-18_16:28:10,6961.0,11553.0,41035.0,3793.0,15416.0,40068.0
2025-07-18_16:28:10,7965.0,11553.0,41035.0,13082.0,15416.0,40068.0
2025-07-18_16:28:11,2778.0,11553.0,41035.0,12193.0,15416.0,40068.0
2025-07-18_16:28:11,8503.0,11553.0,41036.0,13776.0,15416.0,40068.0
2025-07-18_16:28:11,7952.0,11553.0,41036.0,13040.0,15416.0,40068.0
2025-07-18_16:28:11,9128.0,11553.0,41036.0,13989.0,15416.0,40068.0
2025-07-18_16:28:12,,,,14029.0,15416.0,40068.0
2025-07-18_16:28:15,3358.0,11553.0,41036.0,12193.0,15416.0,40068.0
2025-07-18_16:28:15,8117.0,11553.0,41036.0,13053.0,15416.0,40068.0
2025-07-18_16:28:16,9443.0,11553.0,41036.0,13924.0,15416.0,40068.0
2025-07-18_16:28:16,10196.0,11553.0,41036.0,14099.0,15416.0,40069.0
2025-07-18_16:28:16,8074.0,11553.0,41036.0,13218.0,15416.0,40069.0
2025-07-18_16:28:16,8103.0,11553.0,41036.0,13241.0,15416.0,40069.0
2025-07-18_16:28:17,,,,,,
2025-07-18_16:28:20,6969.0,11553.0,41036.0,3792.0,15416.0,40069.0
2025-07-18_16:28:21,,,,13774.0,15416.0,40069.0
2025-07-18_16:28:24,3375.0,11553.0,41036.0,12160.0,15416.0,40069.0
2025-07-18_16:28:25,8613.0,11553.0,41036.0,14089.0,15416.0,40080.0
2025-07-18_16:28:25,8581.0,11553.0,41052.0,14087.0,15416.0,40080.0
2025-07-18_16:28:25,8518.0,11553.0,41052.0,13831.0,15416.0,40080.0
2025-07-18_16:28:25,7971.0,11553.0,41052.0,13043.0,15416.0,40080.0
2025-07-18_16:28:25,7981.0,11553.0,41052.0,13056.0,15416.0,40080.0
2025-07-18_16:28:26,8569.0,11553.0,41052.0,13822.0,15416.0,40084.0
2025-07-18_16:28:26,8539.0,11553.0,41052.0,13835.0,15416.0,40084.0
2025-07-18_16:28:26,8007.0,11553.0,41052.0,13077.0,15416.0,40084.0
2025-07-18_16:28:26,,,,13280.0,15416.0,40084.0
2025-07-18_16:28:30,2778.0,11553.0,41052.0,12194.0,15416.0,40084.0
2025-07-18_16:28:30,9731.0,11553.0,41052.0,13960.0,15416.0,40084.0
2025-07-18_16:28:31,,,,,,
2025-07-18_16:28:35,6968.0,11553.0,41052.0,3792.0,15416.0,40084.0
2025-07-18_16:28:35,,,,,,
2025-07-18_16:28:39,6968.0,11553.0,41052.0,3793.0,15416.0,40084.0
2025-07-18_16:28:39,10037.0,11553.0,41052.0,14347.0,15416.0,40084.0
2025-07-18_16:28:39,9883.0,11553.0,41053.0,14032.0,15416.0,40084.0
2025-07-18_16:28:39,7962.0,11553.0,41053.0,12834.0,15416.0,40084.0
2025-07-18_16:28:39,10164.0,11553.0,41054.0,14340.0,15416.0,40084.0
2025-07-18_16:28:40,8527.0,11553.0,41054.0,14118.0,15416.0,40084.0
2025-07-18_16:28:40,8556.0,11553.0,41055.0,13906.0,15416.0,40084.0
2025-07-18_16:28:40,8078.0,11553.0,41056.0,12835.0,15416.0,40084.0
2025-07-18_16:28:40,8499.0,11553.0,41056.0,13064.0,15416.0,40084.0
2025-07-18_16:28:40,9186.0,11553.0,41056.0,13621.0,15416.0,40084.0
2025-07-18_16:28:41,8009.0,11553.0,41056.0,13052.0,15416.0,40084.0
2025-07-18_16:28:41,,,,,,
2025-07-18_16:28:45,2778.0,11553.0,41056.0,3776.0,15416.0,40084.0
2025-07-18_16:28:46,6968.0,11553.0,41056.0,3804.0,15416.0,40098.0
2025-07-18_16:28:46,,,,14082.0,15416.0,40098.0
2025-07-18_16:28:50,3319.0,11553.0,41056.0,12192.0,15416.0,40098.0
2025-07-18_16:28:50,7970.0,11553.0,41056.0,13076.0,15416.0,40098.0
2025-07-18_16:28:51,,,,,,
2025-07-18_16:28:55,2778.0,11553.0,41056.0,3776.0,15416.0,40098.0
2025-07-18_16:28:55,8520.0,11553.0,41056.0,13807.0,15416.0,40098.0
2025-07-18_16:28:56,8606.0,11553.0,41060.0,14353.0,15416.0,40098.0
2025-07-18_16:28:56,9568.0,11553.0,41061.0,14010.0,15416.0,40098.0
2025-07-18_16:28:56,,,,14040.0,15416.0,40099.0
2025-07-18_16:29:00,3375.0,11553.0,41061.0,12183.0,15416.0,40099.0
2025-07-18_16:29:00,,,,12859.0,15416.0,40099.0
2025-07-18_16:29:04,2778.0,11553.0,41061.0,12191.0,15416.0,40099.0
2025-07-18_16:29:04,9945.0,11553.0,41061.0,14048.0,15416.0,40099.0
2025-07-18_16:29:04,,,,14021.0,15416.0,40099.0
2025-07-18_16:29:08,,,,,,
2025-07-18_16:29:12,6954.0,11553.0,41061.0,3795.0,15416.0,40099.0
2025-07-18_16:29:12,,,,,,
2025-07-18_16:29:16,6974.0,11553.0,41061.0,3793.0,15416.0,40099.0
2025-07-18_16:29:16,,,,14107.0,15416.0,40099.0
2025-07-18_16:29:20,3319.0,11553.0,41061.0,12198.0,15416.0,40099.0
2025-07-18_16:29:20,9949.0,11553.0,41061.0,13906.0,15416.0,40099.0
2025-07-18_16:29:20,8006.0,11553.0,41061.0,13074.0,15416.0,40099.0
2025-07-18_16:29:20,7955.0,11553.0,41061.0,13260.0,15416.0,40099.0
2025-07-18_16:29:20,,,,,,
2025-07-18_16:29:24,6964.0,11553.0,41061.0,3786.0,15416.0,40099.0
2025-07-18_16:29:24,,,,14284.0,15416.0,40099.0
2025-07-18_16:29:28,3375.0,11553.0,41061.0,12183.0,15416.0,40099.0
2025-07-18_16:29:28,7950.0,11553.0,41061.0,12863.0,15416.0,40099.0
2025-07-18_16:29:29,8513.0,11553.0,41061.0,13844.0,15416.0,40099.0
2025-07-18_16:29:29,8115.0,11553.0,41061.0,13354.0,15416.0,40100.0
2025-07-18_16:29:29,8641.0,11553.0,41064.0,14375.0,15416.0,40100.0
2025-07-18_16:29:29,8126.0,11553.0,41064.0,12806.0,15416.0,40100.0
2025-07-18_16:29:29,,,,14101.0,15416.0,40100.0
2025-07-18_16:29:33,3302.0,11553.0,41064.0,12188.0,15416.0,40100.0
2025-07-18_16:29:33,7986.0,11553.0,41064.0,13078.0,15416.0,40100.0
2025-07-18_16:29:33,9875.0,11553.0,41068.0,14036.0,15416.0,40100.0
2025-07-18_16:29:34,8043.0,11553.0,41069.0,13089.0,15416.0,40100.0
2025-07-18_16:29:34,,,,,,
2025-07-18_16:29:38,6967.0,11553.0,41069.0,3787.0,15416.0,40100.0
2025-07-18_16:29:38,,,,13670.0,15418.0,40102.0
2025-07-18_16:29:42,2778.0,11553.0,41069.0,12174.0,15418.0,40102.0
2025-07-18_16:29:42,8053.0,11553.0,41069.0,13055.0,15418.0,40102.0
2025-07-18_16:29:42,8055.0,11553.0,41069.0,13233.0,15418.0,40102.0
2025-07-18_16:29:43,8662.0,11553.0,41069.0,14105.0,15418.0,40102.0
2025-07-18_16:29:43,7989.0,11553.0,41069.0,13049.0,15418.0,40102.0
2025-07-18_16:29:43,9687.0,11553.0,41069.0,14017.0,15418.0,40102.0
2025-07-18_16:29:43,7980.0,11553.0,41069.0,13070.0,15418.0,40102.0
2025-07-18_16:29:43,8564.0,11553.0,41069.0,13593.0,15418.0,40102.0
2025-07-18_16:29:44,8671.0,11553.0,41069.0,13799.0,15418.0,40102.0
2025-07-18_16:29:44,8662.0,11553.0,41069.0,14180.0,15418.0,40102.0
2025-07-18_16:29:44,8554.0,11553.0,41069.0,13815.0,15418.0,40102.0
2025-07-18_16:29:44,,,,14222.0,15418.0,40102.0
2025-07-18_16:29:48,3358.0,11553.0,41069.0,12201.0,15418.0,40102.0
2025-07-18_16:29:48,8035.0,11553.0,41070.0,13034.0,15418.0,40102.0
2025-07-18_16:29:48,8077.0,11553.0,41070.0,13271.0,15418.0,40102.0
2025-07-18_16:29:49,9891.0,11553.0,41070.0,13982.0,15418.0,40102.0
2025-07-18_16:29:49,,,,,,
2025-07-18_16:29:53,6976.0,11553.0,41070.0,3793.0,15418.0,40102.0
2025-07-18_16:29:53,,,,,,
2025-07-18_16:29:57,6964.0,11553.0,41070.0,3793.0,15418.0,40102.0
2025-07-18_16:29:57,8508.0,11553.0,41071.0,13263.0,15418.0,40102.0
2025-07-18_16:29:57,,,,13998.0,15418.0,40102.0
2025-07-18_16:30:01,3358.0,11553.0,41071.0,12186.0,15418.0,40102.0
2025-07-18_16:30:01,9709.0,11553.0,41071.0,13735.0,15418.0,40102.0
2025-07-18_16:30:01,7983.0,11553.0,41071.0,13055.0,15418.0,40102.0
2025-07-18_16:30:01,8071.0,11553.0,41072.0,13254.0,15418.0,40102.0
2025-07-18_16:30:02,9686.0,11553.0,41072.0,13968.0,15418.0,40102.0
2025-07-18_16:30:02,8127.0,11553.0,41072.0,13074.0,15418.0,40102.0
2025-07-18_16:30:02,,,,,,
2025-07-18_16:30:07,2778.0,11553.0,41072.0,3776.0,15418.0,40102.0
2025-07-18_16:30:07,7974.0,11553.0,41072.0,13273.0,15418.0,40102.0
2025-07-18_16:30:07,8105.0,11553.0,41072.0,13087.0,15418.0,40102.0
2025-07-18_16:30:07,9773.0,11553.0,41072.0,14067.0,15418.0,40105.0
2025-07-18_16:30:07,,,,,,
2025-07-18_16:30:11,6963.0,11553.0,41072.0,3793.0,15418.0,40105.0
2025-07-18_16:30:12,9901.0,11553.0,41073.0,14270.0,15418.0,40105.0
2025-07-18_16:30:12,8656.0,11553.0,41073.0,14106.0,15418.0,40105.0
2025-07-18_16:30:12,7974.0,11553.0,41073.0,13043.0,15418.0,40105.0
2025-07-18_16:30:12,8096.0,11553.0,41073.0,13058.0,15418.0,40105.0
2025-07-18_16:30:12,7977.0,11553.0,41073.0,13256.0,15418.0,40105.0
2025-07-18_16:30:13,8106.0,11553.0,41076.0,13224.0,15418.0,40105.0
2025-07-18_16:30:13,8035.0,11553.0,41077.0,13091.0,15418.0,40105.0
2025-07-18_16:30:13,8723.0,11553.0,41079.0,13866.0,15418.0,40105.0
2025-07-18_16:30:13,,,,14179.0,15418.0,40105.0
2025-07-18_16:30:17,3358.0,11553.0,41079.0,12192.0,15418.0,40105.0
2025-07-18_16:30:17,10092.0,11553.0,41079.0,14303.0,15418.0,40105.0
2025-07-18_16:30:18,9786.0,11553.0,41079.0,14309.0,15418.0,40108.0
2025-07-18_16:30:18,9003.0,11553.0,41097.0,14080.0,15418.0,40108.0
2025-07-18_16:30:18,,,,,,
2025-07-18_16:30:22,6965.0,11553.0,41097.0,3794.0,15418.0,40108.0
2025-07-18_16:30:22,7971.0,11553.0,41097.0,13089.0,15418.0,40110.0
2025-07-18_16:30:22,7963.0,11553.0,41097.0,13266.0,15418.0,40110.0
2025-07-18_16:30:22,7976.0,11553.0,41099.0,13058.0,15418.0,40110.0
2025-07-18_16:30:23,8000.0,11553.0,41099.0,13093.0,15418.0,40110.0
2025-07-18_16:30:23,7992.0,11553.0,41099.0,13608.0,15418.0,40111.0
2025-07-18_16:30:23,8570.0,11553.0,41099.0,13939.0,15418.0,40111.0
2025-07-18_16:30:23,,,,,,
2025-07-18_16:30:27,6969.0,11553.0,41099.0,3792.0,15418.0,40111.0
2025-07-18_16:30:27,7951.0,11553.0,41099.0,13079.0,15418.0,40111.0
2025-07-18_16:30:28,7952.0,11553.0,41108.0,13080.0,15418.0,40111.0
2025-07-18_16:30:28,8080.0,11553.0,41108.0,13080.0,15418.0,40111.0
2025-07-18_16:30:28,7978.0,11553.0,41109.0,13245.0,15418.0,40111.0
2025-07-18_16:30:28,,,,,,
2025-07-18_16:30:32,6968.0,11553.0,41109.0,3793.0,15418.0,40111.0
2025-07-18_16:30:32,7997.0,11553.0,41109.0,13047.0,15418.0,40111.0
2025-07-18_16:30:33,8045.0,11553.0,41110.0,13082.0,15418.0,40111.0
2025-07-18_16:30:33,8025.0,11553.0,41110.0,13055.0,15418.0,40111.0
2025-07-18_16:30:33,8657.0,11553.0,41112.0,14075.0,15418.0,40111.0
2025-07-18_16:30:33,7994.0,11553.0,41112.0,13269.0,15418.0,40111.0
2025-07-18_16:30:33,8602.0,11553.0,41112.0,14074.0,15418.0,40111.0
2025-07-18_16:30:34,,,,,,
2025-07-18_16:30:38,6953.0,11553.0,41112.0,3792.0,15418.0,40111.0
2025-07-18_16:30:38,7963.0,11553.0,41112.0,13068.0,15418.0,40111.0
2025-07-18_16:30:38,8065.0,11553.0,41112.0,13258.0,15418.0,40111.0
2025-07-18_16:30:38,8529.0,11553.0,41114.0,14019.0,15418.0,40111.0
2025-07-18_16:30:38,8548.0,11553.0,41114.0,14120.0,15418.0,40111.0
2025-07-18_16:30:39,,,,,,
2025-07-18_16:30:43,3300.0,11553.0,41114.0,4595.0,15418.0,40113.0
2025-07-18_16:30:43,10346.0,11553.0,41116.0,14452.0,15418.0,40113.0
2025-07-18_16:30:43,7997.0,11553.0,41116.0,13267.0,15418.0,40113.0
2025-07-18_16:30:44,9832.0,11553.0,41116.0,14031.0,15418.0,40113.0
2025-07-18_16:30:44,8653.0,11553.0,41117.0,14377.0,15418.0,40113.0
2025-07-18_16:30:44,7952.0,11553.0,41117.0,13079.0,15418.0,40113.0
2025-07-18_16:30:44,8018.0,11553.0,41117.0,13077.0,15418.0,40113.0
2025-07-18_16:30:45,9843.0,11553.0,41117.0,14307.0,15418.0,40113.0
2025-07-18_16:30:45,8518.0,11553.0,41117.0,13842.0,15418.0,40113.0
2025-07-18_16:30:45,8008.0,11553.0,41117.0,13259.0,15418.0,40113.0
2025-07-18_16:30:45,,,,13038.0,15418.0,40113.0
2025-07-18_16:30:49,2778.0,11553.0,41117.0,12161.0,15418.0,40113.0
2025-07-18_16:30:49,8008.0,11553.0,41117.0,13087.0,15418.0,40113.0
2025-07-18_16:30:50,7977.0,11553.0,41141.0,13043.0,15418.0,40113.0
2025-07-18_16:30:50,8651.0,11553.0,41148.0,14339.0,15418.0,40113.0
2025-07-18_16:30:50,9907.0,11553.0,41148.0,14032.0,15418.0,40113.0
2025-07-18_16:30:50,,,,14104.0,15418.0,40113.0
2025-07-18_16:30:54,2778.0,11553.0,41148.0,12159.0,15418.0,40113.0
2025-07-18_16:30:54,,,,,,
2025-07-18_16:30:58,6966.0,11553.0,41148.0,3795.0,15418.0,40113.0
2025-07-18_16:30:58,8110.0,11553.0,41148.0,13059.0,15418.0,40113.0
2025-07-18_16:30:58,7967.0,11553.0,41148.0,13046.0,15418.0,40113.0
2025-07-18_16:30:59,8514.0,11554.0,41149.0,13343.0,15418.0,40113.0
2025-07-18_16:30:59,,,,14056.0,15418.0,40113.0
2025-07-18_16:31:03,3358.0,11554.0,41149.0,12187.0,15418.0,40113.0
2025-07-18_16:31:03,,,,,,
2025-07-18_16:31:07,6963.0,11554.0,41149.0,3793.0,15418.0,40113.0
2025-07-18_16:31:07,8599.0,11554.0,41149.0,14083.0,15418.0,40113.0
2025-07-18_16:31:07,8024.0,11554.0,41149.0,13234.0,15418.0,40113.0
2025-07-18_16:31:07,8001.0,11554.0,41149.0,13527.0,15418.0,40113.0
2025-07-18_16:31:08,7973.0,11554.0,41152.0,13348.0,15418.0,40113.0
2025-07-18_16:31:08,,,,,,
2025-07-18_16:31:12,6954.0,11554.0,41152.0,3793.0,15418.0,40113.0
2025-07-18_16:31:12,8052.0,11554.0,41152.0,13610.0,15418.0,40113.0
2025-07-18_16:31:12,8533.0,11554.0,41152.0,14299.0,15418.0,40113.0
2025-07-18_16:31:12,7954.0,11554.0,41152.0,13047.0,15418.0,40113.0
2025-07-18_16:31:13,7999.0,11554.0,41154.0,13310.0,15418.0,40115.0
2025-07-18_16:31:13,8638.0,11554.0,41159.0,13851.0,15418.0,40115.0
2025-07-18_16:31:13,7966.0,11554.0,41159.0,13080.0,15418.0,40115.0
2025-07-18_16:31:13,7979.0,11554.0,41162.0,13222.0,15418.0,40116.0
2025-07-18_16:31:13,8034.0,11554.0,41169.0,13342.0,15418.0,40116.0
2025-07-18_16:31:14,8013.0,11554.0,41169.0,13230.0,15418.0,40116.0
2025-07-18_16:31:14,7979.0,11554.0,41169.0,13055.0,15418.0,40116.0
2025-07-18_16:31:14,,,,13085.0,15418.0,40116.0
2025-07-18_16:31:18,2778.0,11554.0,41169.0,12188.0,15418.0,40116.0
2025-07-18_16:31:18,7977.0,11554.0,41169.0,13228.0,15418.0,40116.0
2025-07-18_16:31:18,9825.0,11554.0,41169.0,14306.0,15418.0,40116.0
2025-07-18_16:31:19,,,,13855.0,15418.0,40116.0
2025-07-18_16:31:22,,,,,,
2025-07-18_16:31:26,6968.0,11554.0,41169.0,3793.0,15418.0,40116.0
2025-07-18_16:31:27,7969.0,11554.0,41169.0,13054.0,15418.0,40116.0
2025-07-18_16:31:27,8029.0,11554.0,41169.0,12869.0,15418.0,40116.0
2025-07-18_16:31:27,,,,13995.0,15418.0,40116.0
2025-07-18_16:31:31,3319.0,11554.0,41169.0,12163.0,15418.0,40116.0
2025-07-18_16:31:31,,,,,,
2025-07-18_16:31:35,6968.0,11554.0,41169.0,3792.0,15418.0,40116.0
2025-07-18_16:31:35,9358.0,11554.0,41169.0,13959.0,15418.0,40116.0
2025-07-18_16:31:35,7980.0,11554.0,41170.0,13307.0,15418.0,40116.0
2025-07-18_16:31:35,7961.0,11554.0,41170.0,13048.0,15418.0,40116.0
2025-07-18_16:31:36,8045.0,11554.0,41170.0,13046.0,15418.0,40116.0
2025-07-18_16:31:36,7996.0,11554.0,41170.0,13081.0,15418.0,40116.0
2025-07-18_16:31:36,8015.0,11554.0,41179.0,13039.0,15418.0,40116.0
2025-07-18_16:31:36,8111.0,11554.0,41179.0,13617.0,15418.0,40123.0
2025-07-18_16:31:37,8119.0,11554.0,41179.0,13046.0,15418.0,40123.0
2025-07-18_16:31:37,8028.0,11554.0,41179.0,13043.0,15418.0,40123.0
2025-07-18_16:31:37,8510.0,11554.0,41179.0,13051.0,15418.0,40123.0
2025-07-18_16:31:38,2778.0,11554.0,41179.0,12191.0,15418.0,40123.0
2025-07-18_16:31:38,8001.0,11554.0,41179.0,13053.0,15418.0,40123.0
2025-07-18_16:31:38,9585.0,11554.0,41179.0,13974.0,15418.0,40123.0
2025-07-18_16:31:39,,,,,,
2025-07-18_16:31:42,6974.0,11554.0,41179.0,3792.0,15418.0,40123.0
2025-07-18_16:31:43,,,,,,
2025-07-18_16:31:47,2778.0,11554.0,41179.0,3776.0,15418.0,40123.0
2025-07-18_16:31:47,8512.0,11554.0,41179.0,13815.0,15418.0,40123.0
2025-07-18_16:31:47,7968.0,11554.0,41179.0,13051.0,15418.0,40123.0
2025-07-18_16:31:48,9619.0,11554.0,41180.0,14229.0,15418.0,40124.0
2025-07-18_16:31:48,,,,,,
2025-07-18_16:31:52,6968.0,11554.0,41180.0,3792.0,15418.0,40124.0
2025-07-18_16:31:52,,,,,,
2025-07-18_16:31:56,6962.0,11554.0,41180.0,3792.0,15418.0,40124.0
2025-07-18_16:31:56,9869.0,11554.0,41180.0,13998.0,15418.0,40124.0
2025-07-18_16:31:56,7959.0,11554.0,41180.0,13238.0,15418.0,40124.0
2025-07-18_16:31:56,8613.0,11555.0,41182.0,13425.0,15418.0,40124.0
2025-07-18_16:31:57,7958.0,11555.0,41182.0,13265.0,15418.0,40124.0
2025-07-18_16:31:57,8106.0,11555.0,41182.0,13036.0,15418.0,40124.0
2025-07-18_16:31:57,8510.0,11555.0,41182.0,14044.0,15418.0,40124.0
2025-07-18_16:31:57,7955.0,11555.0,41182.0,13083.0,15418.0,40124.0
2025-07-18_16:31:58,,,,13352.0,15418.0,40146.0
2025-07-18_16:32:02,2778.0,11555.0,41182.0,12186.0,15418.0,40146.0
2025-07-18_16:32:02,8115.0,11555.0,41182.0,13075.0,15418.0,40146.0
2025-07-18_16:32:02,8018.0,11555.0,41182.0,12803.0,15418.0,40146.0
2025-07-18_16:32:02,8006.0,11555.0,41182.0,12895.0,15418.0,40146.0
2025-07-18_16:32:02,10000.0,11555.0,41182.0,14106.0,15418.0,40146.0
2025-07-18_16:32:03,,,,13977.0,15418.0,40146.0
2025-07-18_16:32:06,3375.0,11555.0,41182.0,12196.0,15418.0,40146.0
2025-07-18_16:32:06,,,,,,
2025-07-18_16:32:10,6968.0,11555.0,41182.0,3793.0,15418.0,40146.0
2025-07-18_16:32:10,7983.0,11555.0,41182.0,13507.0,15418.0,40146.0
2025-07-18_16:32:11,7988.0,11555.0,41182.0,12842.0,15418.0,40146.0
2025-07-18_16:32:11,8033.0,11587.0,41224.0,12843.0,15418.0,40166.0
2025-07-18_16:32:11,8009.0,11587.0,41224.0,13350.0,15418.0,40166.0
2025-07-18_16:32:11,8040.0,11587.0,41224.0,12895.0,15418.0,40166.0
2025-07-18_16:32:12,8051.0,11594.0,42940.0,12897.0,15418.0,40166.0
2025-07-18_16:32:16,6967.0,11594.0,42940.0,3793.0,15418.0,40166.0
2025-07-18_16:32:16,7999.0,11594.0,42940.0,13232.0,15418.0,40166.0
2025-07-18_16:32:16,7960.0,11594.0,42940.0,13525.0,15418.0,40166.0
2025-07-18_16:32:16,,,,,,
2025-07-18_16:32:21,2778.0,11594.0,42940.0,3776.0,15418.0,40166.0
2025-07-18_16:32:21,8632.0,11594.0,42940.0,14115.0,15418.0,40166.0
2025-07-18_16:32:21,8049.0,11594.0,42940.0,13260.0,15418.0,40166.0
2025-07-18_16:32:21,7975.0,11594.0,42940.0,13080.0,15418.0,40166.0
2025-07-18_16:32:22,7956.0,11594.0,42940.0,13052.0,15418.0,40166.0
2025-07-18_16:32:22,,,,,,
2025-07-18_16:32:26,2778.0,11594.0,42940.0,3776.0,15418.0,40166.0
2025-07-18_16:32:27,7974.0,11594.0,42940.0,13342.0,15418.0,40166.0
2025-07-18_16:32:27,7963.0,11594.0,42940.0,12845.0,15418.0,40166.0
2025-07-18_16:32:27,,,,13793.0,15418.0,40166.0
2025-07-18_16:32:31,3319.0,11594.0,42940.0,12190.0,15418.0,40166.0
2025-07-18_16:32:31,7984.0,11594.0,42941.0,13269.0,15418.0,40166.0
2025-07-18_16:32:31,,,,,,
2025-07-18_16:32:35,6954.0,11594.0,42941.0,3792.0,15418.0,40166.0
2025-07-18_16:32:35,8028.0,11594.0,42941.0,13354.0,15418.0,40166.0
2025-07-18_16:32:35,7962.0,11594.0,42941.0,13049.0,15418.0,40166.0
2025-07-18_16:32:36,8017.0,11594.0,42941.0,13081.0,15418.0,40166.0
2025-07-18_16:32:36,7948.0,11594.0,42941.0,13046.0,15418.0,40166.0
2025-07-18_16:32:36,8075.0,11594.0,42941.0,13082.0,15418.0,40166.0
2025-07-18_16:32:36,7977.0,11594.0,42941.0,13056.0,15418.0,40166.0
2025-07-18_16:32:37,8033.0,11594.0,42941.0,13089.0,15418.0,40166.0
2025-07-18_16:32:37,,,,,,
2025-07-18_16:32:41,2778.0,11594.0,42941.0,3776.0,15418.0,40166.0
2025-07-18_16:32:41,,,,13076.0,15418.0,40183.0
2025-07-18_16:32:45,2778.0,11594.0,42941.0,12167.0,15418.0,40183.0
2025-07-18_16:32:46,7963.0,11594.0,42941.0,13257.0,15418.0,40183.0
2025-07-18_16:32:46,7969.0,11594.0,42941.0,13086.0,15418.0,40183.0
2025-07-18_16:32:46,8093.0,11594.0,42944.0,13262.0,15418.0,40183.0
2025-07-18_16:32:46,8529.0,11594.0,42944.0,13813.0,15418.0,40183.0
2025-07-18_16:32:46,8011.0,11594.0,42944.0,13224.0,15418.0,40183.0
2025-07-18_16:32:47,,,,,,
2025-07-18_16:32:51,6969.0,11594.0,42944.0,3793.0,15418.0,40183.0
2025-07-18_16:32:51,7989.0,11594.0,42945.0,13229.0,15418.0,40183.0
2025-07-18_16:32:51,8663.0,11594.0,42946.0,14044.0,15418.0,40183.0
2025-07-18_16:32:51,8015.0,11594.0,42946.0,12894.0,15418.0,40183.0
2025-07-18_16:32:51,8525.0,11594.0,42946.0,13257.0,15418.0,40183.0
2025-07-18_16:32:52,8027.0,11594.0,42947.0,13069.0,15418.0,40183.0
2025-07-18_16:32:52,,,,,,
2025-07-18_16:32:56,6965.0,11594.0,42947.0,3792.0,15418.0,40183.0
2025-07-18_16:32:56,7978.0,11594.0,42947.0,13051.0,15418.0,40183.0
2025-07-18_16:32:56,7990.0,11594.0,42947.0,13269.0,15418.0,40183.0
2025-07-18_16:32:56,7959.0,11594.0,42947.0,13272.0,15418.0,40183.0
2025-07-18_16:32:57,8515.0,11594.0,42947.0,13240.0,15418.0,40183.0
2025-07-18_16:32:57,7954.0,11594.0,42948.0,12805.0,15418.0,40183.0
2025-07-18_16:32:57,8008.0,11594.0,42948.0,13053.0,15418.0,40183.0
2025-07-18_16:32:57,10484.0,11594.0,42963.0,14765.0,15418.0,40187.0
2025-07-18_16:32:57,8124.0,11594.0,42963.0,13256.0,15418.0,40187.0
2025-07-18_16:32:58,7955.0,11594.0,42963.0,13271.0,15418.0,40187.0
2025-07-18_16:32:58,,,,,,
2025-07-18_16:33:02,2778.0,11594.0,42963.0,3776.0,15418.0,40187.0
2025-07-18_16:33:03,7949.0,11594.0,42963.0,12884.0,15418.0,40187.0
2025-07-18_16:33:03,7967.0,11594.0,42963.0,13266.0,15418.0,40187.0
2025-07-18_16:33:03,9167.0,11594.0,42963.0,13984.0,15418.0,40187.0
2025-07-18_16:33:03,9191.0,11594.0,42963.0,13826.0,15418.0,40187.0
2025-07-18_16:33:03,8072.0,11594.0,42963.0,13239.0,15418.0,40187.0
2025-07-18_16:33:04,,,,,,
2025-07-18_16:33:07,6960.0,11594.0,42963.0,3793.0,15418.0,40187.0
2025-07-18_16:33:08,,,,13551.0,15418.0,40189.0
2025-07-18_16:33:12,,,,,,
2025-07-18_16:33:15,6964.0,11594.0,42963.0,3794.0,15418.0,40189.0
2025-07-18_16:33:16,7983.0,11594.0,42970.0,13268.0,15418.0,40189.0
2025-07-18_16:33:16,10143.0,11594.0,42970.0,14047.0,15418.0,40189.0
2025-07-18_16:33:16,,,,14097.0,15418.0,40189.0
2025-07-18_16:33:20,3358.0,11594.0,42970.0,12174.0,15418.0,40189.0
2025-07-18_16:33:20,8538.0,11594.0,42970.0,13840.0,15418.0,40189.0
2025-07-18_16:33:20,7962.0,11594.0,42970.0,12843.0,15418.0,40189.0
2025-07-18_16:33:20,,,,13156.0,15418.0,40189.0
2025-07-18_16:33:24,2778.0,11594.0,42970.0,12198.0,15418.0,40189.0
2025-07-18_16:33:25,7947.0,11594.0,42970.0,13081.0,15418.0,40189.0
2025-07-18_16:33:25,8487.0,11594.0,42970.0,12983.0,15418.0,40190.0
2025-07-18_16:33:25,,,,,,
2025-07-18_16:33:29,6969.0,11594.0,42970.0,3793.0,15418.0,40190.0
2025-07-18_16:33:29,,,,13994.0,15418.0,40190.0
2025-07-18_16:33:33,3319.0,11594.0,42970.0,12161.0,15418.0,40191.0
2025-07-18_16:33:33,7959.0,11594.0,42970.0,13339.0,15418.0,40192.0
2025-07-18_16:33:33,8667.0,11594.0,42970.0,13782.0,15418.0,40192.0
2025-07-18_16:33:33,9733.0,11594.0,42970.0,14003.0,15418.0,40192.0
2025-07-18_16:33:34,7965.0,11594.0,42970.0,13083.0,15418.0,40192.0
2025-07-18_16:33:34,7953.0,11594.0,42970.0,13079.0,15418.0,40192.0
2025-07-18_16:33:34,8576.0,11594.0,42971.0,14098.0,15418.0,40192.0
2025-07-18_16:33:34,7992.0,11594.0,42971.0,13131.0,15418.0,40223.0
2025-07-18_16:33:34,7959.0,11594.0,42971.0,13079.0,15418.0,40223.0
2025-07-18_16:33:35,9524.0,11594.0,42971.0,13867.0,15418.0,40223.0
2025-07-18_16:33:35,8070.0,11594.0,42971.0,13072.0,15418.0,40223.0
2025-07-18_16:33:35,8132.0,11594.0,42971.0,13056.0,15418.0,40223.0
2025-07-18_16:33:35,7964.0,11594.0,42971.0,13234.0,15418.0,40223.0
2025-07-18_16:33:35,7968.0,11594.0,42976.0,13268.0,15418.0,40223.0
2025-07-18_16:33:36,,,,12936.0,15418.0,40223.0
2025-07-18_16:33:40,2778.0,11594.0,42976.0,12162.0,15418.0,40223.0
2025-07-18_16:33:40,,,,13051.0,15418.0,40223.0
2025-07-18_16:33:44,,,,,,
2025-07-18_16:33:48,6962.0,11594.0,42976.0,3793.0,15418.0,40223.0
2025-07-18_16:33:48,7971.0,11594.0,42976.0,13348.0,15418.0,40223.0
2025-07-18_16:33:48,7951.0,11594.0,42976.0,13086.0,15418.0,40223.0
2025-07-18_16:33:48,9867.0,11594.0,42976.0,13984.0,15418.0,40223.0
2025-07-18_16:33:48,7969.0,11594.0,42976.0,13080.0,15418.0,40223.0
2025-07-18_16:33:49,7970.0,11594.0,42976.0,13311.0,15418.0,40223.0
2025-07-18_16:33:49,7991.0,11594.0,42976.0,12807.0,15418.0,40223.0
2025-07-18_16:33:49,7966.0,11594.0,42982.0,13077.0,15418.0,40223.0
2025-07-18_16:33:49,7959.0,11594.0,42982.0,13214.0,15418.0,40223.0
2025-07-18_16:33:50,7953.0,11594.0,42982.0,13264.0,15418.0,40223.0
2025-07-18_16:33:50,8031.0,11594.0,42982.0,12798.0,15418.0,40223.0
2025-07-18_16:33:50,,,,,,
2025-07-18_16:33:54,,,,3776.0,15418.0,40223.0
2025-07-18_16:33:58,2778.0,11594.0,42982.0,12169.0,15418.0,40223.0
2025-07-18_16:33:58,8085.0,11594.0,42982.0,13308.0,15418.0,40223.0
2025-07-18_16:33:58,8035.0,11594.0,42982.0,13233.0,15418.0,40223.0
2025-07-18_16:33:58,7960.0,11594.0,42982.0,13227.0,15418.0,40223.0
2025-07-18_16:33:58,7975.0,11594.0,42982.0,12891.0,15418.0,40223.0
2025-07-18_16:33:59,7978.0,11594.0,42982.0,13230.0,15418.0,40223.0
2025-07-18_16:33:59,8660.0,11594.0,42982.0,14059.0,15418.0,40223.0
2025-07-18_16:33:59,8003.0,11594.0,42982.0,13264.0,15418.0,40224.0
2025-07-18_16:33:59,7967.0,11594.0,42982.0,13234.0,15418.0,40224.0
2025-07-18_16:34:00,7968.0,11594.0,42982.0,13079.0,15418.0,40224.0
2025-07-18_16:34:00,8141.0,11594.0,42982.0,13266.0,15418.0,40224.0
2025-07-18_16:34:00,8080.0,11594.0,42982.0,13231.0,15418.0,40224.0
2025-07-18_16:34:00,9746.0,11594.0,42982.0,13931.0,15418.0,40224.0
2025-07-18_16:34:01,8026.0,11594.0,42982.0,13052.0,15418.0,40224.0
2025-07-18_16:34:01,,,,14353.0,15418.0,40227.0
2025-07-18_16:34:05,2778.0,11594.0,42982.0,12179.0,15418.0,40227.0
2025-07-18_16:34:05,9888.0,11594.0,42982.0,14023.0,15418.0,40227.0
2025-07-18_16:34:05,7984.0,11594.0,42982.0,12866.0,15418.0,40227.0
2025-07-18_16:34:06,2780.0,11594.0,42982.0,12187.0,15418.0,40227.0
2025-07-18_16:34:06,7983.0,11594.0,42982.0,13260.0,15418.0,40227.0
2025-07-18_16:34:06,7998.0,11594.0,42982.0,13252.0,15418.0,40227.0
2025-07-18_16:34:07,7948.0,11594.0,42982.0,13346.0,15418.0,40227.0
2025-07-18_16:34:07,7946.0,11594.0,42982.0,13074.0,15418.0,40227.0
2025-07-18_16:34:07,,,,,,
2025-07-18_16:34:11,6960.0,11594.0,42982.0,3793.0,15418.0,40227.0
2025-07-18_16:34:11,8513.0,11594.0,42982.0,13608.0,15418.0,40239.0
2025-07-18_16:34:11,8799.0,11594.0,42983.0,14095.0,15418.0,40239.0
2025-07-18_16:34:12,8139.0,11594.0,42983.0,13345.0,15418.0,40239.0
2025-07-18_16:34:12,7978.0,11594.0,42983.0,13239.0,15418.0,40239.0
2025-07-18_16:34:12,,,,13345.0,15418.0,40239.0
2025-07-18_16:34:16,2780.0,11594.0,42983.0,12191.0,15418.0,40239.0
2025-07-18_16:34:16,7976.0,11594.0,42983.0,12901.0,15418.0,40239.0
2025-07-18_16:34:17,,,,,,
2025-07-18_16:34:20,6964.0,11594.0,42983.0,3793.0,15418.0,40239.0
2025-07-18_16:34:21,9616.0,11594.0,42983.0,14222.0,15418.0,40239.0
2025-07-18_16:34:21,7974.0,11594.0,42983.0,13053.0,15418.0,40239.0
2025-07-18_16:34:21,8006.0,11594.0,42984.0,13044.0,15418.0,40239.0
2025-07-18_16:34:21,7976.0,11594.0,42984.0,13078.0,15418.0,40239.0
2025-07-18_16:34:21,7953.0,11594.0,42984.0,13079.0,15418.0,40239.0
2025-07-18_16:34:22,7959.0,11594.0,42984.0,13240.0,15418.0,40239.0
2025-07-18_16:34:22,7954.0,11594.0,42984.0,13230.0,15418.0,40239.0
2025-07-18_16:34:22,7971.0,11594.0,42984.0,13225.0,15418.0,40239.0
2025-07-18_16:34:22,7983.0,11594.0,42984.0,13314.0,15418.0,40239.0
2025-07-18_16:34:23,7953.0,11594.0,42984.0,13240.0,15418.0,40239.0
2025-07-18_16:34:23,,,,,,
2025-07-18_16:34:27,2778.0,11594.0,42984.0,3776.0,15418.0,40239.0
2025-07-18_16:34:27,8516.0,11594.0,42984.0,13811.0,15418.0,40239.0
2025-07-18_16:34:28,7954.0,11594.0,42984.0,12895.0,15418.0,40239.0
2025-07-18_16:34:28,7985.0,11594.0,42989.0,13052.0,15418.0,40239.0
2025-07-18_16:34:28,,,,14272.0,15418.0,40239.0
2025-07-18_16:34:32,3358.0,11594.0,42989.0,12157.0,15418.0,40239.0
2025-07-18_16:34:32,7955.0,11594.0,42989.0,13050.0,15418.0,40239.0
2025-07-18_16:34:32,,,,,,
2025-07-18_16:34:36,6957.0,11594.0,42989.0,3786.0,15418.0,40239.0
2025-07-18_16:34:36,8036.0,11594.0,42989.0,13041.0,15418.0,40239.0
2025-07-18_16:34:37,8038.0,11594.0,42989.0,13047.0,15418.0,40239.0
2025-07-18_16:34:37,7978.0,11594.0,42995.0,13271.0,15418.0,40239.0
2025-07-18_16:34:37,8023.0,11594.0,42995.0,13050.0,15418.0,40239.0
2025-07-18_16:34:37,7986.0,11594.0,42995.0,13230.0,15418.0,40239.0
2025-07-18_16:34:37,7948.0,11594.0,42995.0,13349.0,15418.0,40239.0
2025-07-18_16:34:38,7966.0,11594.0,42995.0,13227.0,15418.0,40239.0
2025-07-18_16:34:38,7958.0,11594.0,42996.0,13260.0,15418.0,40239.0
2025-07-18_16:34:38,8023.0,11594.0,42996.0,12858.0,15418.0,40239.0
2025-07-18_16:34:38,8033.0,11594.0,42996.0,13249.0,15418.0,40239.0
2025-07-18_16:34:39,7946.0,11594.0,42996.0,13253.0,15418.0,40239.0
2025-07-18_16:34:39,9871.0,11594.0,42996.0,13996.0,15418.0,40239.0
2025-07-18_16:34:39,7966.0,11594.0,42996.0,13079.0,15418.0,40239.0
2025-07-18_16:34:39,9719.0,11594.0,42997.0,13980.0,15418.0,40239.0
2025-07-18_16:34:39,7958.0,11594.0,42997.0,13076.0,15418.0,40239.0
2025-07-18_16:34:40,7964.0,11594.0,42997.0,13235.0,15418.0,40239.0
2025-07-18_16:34:40,7968.0,11594.0,42997.0,13076.0,15418.0,40239.0
2025-07-18_16:34:40,8117.0,11594.0,42997.0,13255.0,15418.0,40239.0
2025-07-18_16:34:40,7960.0,11594.0,42997.0,13224.0,15418.0,40239.0
2025-07-18_16:34:41,8036.0,11594.0,42997.0,12864.0,15418.0,40239.0
2025-07-18_16:34:41,7961.0,11594.0,42997.0,13046.0,15418.0,40239.0
2025-07-18_16:34:41,8031.0,11594.0,42997.0,13412.0,15418.0,40239.0
2025-07-18_16:34:41,7969.0,11594.0,43009.0,13352.0,15418.0,40239.0
2025-07-18_16:34:42,9734.0,11594.0,43009.0,14195.0,15418.0,40239.0
2025-07-18_16:34:42,8008.0,11594.0,43009.0,13259.0,15418.0,40239.0
2025-07-18_16:34:42,8007.0,11594.0,43009.0,13053.0,15418.0,40239.0
2025-07-18_16:34:42,7964.0,11594.0,43009.0,13083.0,15418.0,40239.0
2025-07-18_16:34:42,8630.0,11594.0,43014.0,14138.0,15418.0,40239.0
2025-07-18_16:34:43,8076.0,11594.0,43014.0,13067.0,15418.0,40239.0
2025-07-18_16:34:43,8697.0,11594.0,43014.0,14097.0,15418.0,40239.0
2025-07-18_16:34:43,7959.0,11594.0,43014.0,12865.0,15418.0,40239.0
2025-07-18_16:34:43,7978.0,11594.0,43014.0,13254.0,15418.0,40239.0
2025-07-18_16:34:44,9944.0,11594.0,43019.0,14282.0,15418.0,40239.0
2025-07-18_16:34:44,8060.0,11594.0,43020.0,13071.0,15418.0,40239.0
2025-07-18_16:34:44,,,,,,
2025-07-18_16:34:48,6968.0,11594.0,43020.0,3793.0,15418.0,40239.0
2025-07-18_16:34:48,8530.0,11594.0,43020.0,14020.0,15418.0,40239.0
2025-07-18_16:34:49,2778.0,11594.0,43020.0,12189.0,15418.0,40239.0
2025-07-18_16:34:49,7939.0,11594.0,43020.0,13046.0,15418.0,40239.0
2025-07-18_16:34:49,8015.0,11594.0,43021.0,13260.0,15418.0,40239.0
2025-07-18_16:34:50,7984.0,11594.0,43021.0,13310.0,15418.0,40239.0
2025-07-18_16:34:51,6967.0,11594.0,43021.0,4410.0,15418.0,40241.0
2025-07-18_16:34:51,10222.0,11594.0,43023.0,14108.0,15418.0,40244.0
2025-07-18_16:34:51,8071.0,11594.0,43023.0,13055.0,15418.0,40244.0
2025-07-18_16:34:51,9889.0,11594.0,43023.0,13978.0,15418.0,40244.0
2025-07-18_16:34:51,8014.0,11594.0,43023.0,12842.0,15418.0,40244.0
2025-07-18_16:34:52,7953.0,11594.0,43023.0,13075.0,15418.0,40244.0
2025-07-18_16:34:52,7980.0,11594.0,43023.0,13235.0,15418.0,40244.0
2025-07-18_16:34:52,7983.0,11594.0,43023.0,12861.0,15418.0,40244.0
2025-07-18_16:34:52,8607.0,11594.0,43023.0,14095.0,15418.0,40244.0
2025-07-18_16:34:52,7969.0,11594.0,43023.0,13051.0,15418.0,40244.0
2025-07-18_16:34:53,7962.0,11594.0,43023.0,12862.0,15418.0,40244.0
2025-07-18_16:34:53,8652.0,11594.0,43023.0,14364.0,15418.0,40244.0
2025-07-18_16:34:53,9896.0,11594.0,43023.0,14028.0,15418.0,40244.0
2025-07-18_16:34:53,7971.0,11594.0,43023.0,13339.0,15418.0,40244.0
2025-07-18_16:34:54,8556.0,11594.0,43026.0,13844.0,15418.0,40244.0
2025-07-18_16:34:54,7963.0,11594.0,43026.0,13240.0,15418.0,40244.0
2025-07-18_16:34:54,7981.0,11594.0,43026.0,13114.0,15418.0,40244.0
2025-07-18_16:34:54,7969.0,11594.0,43026.0,13076.0,15418.0,40244.0
2025-07-18_16:34:54,7967.0,11594.0,43026.0,12857.0,15418.0,40244.0
2025-07-18_16:34:55,8007.0,11594.0,43026.0,13083.0,15418.0,40244.0
2025-07-18_16:34:55,,,,12865.0,15418.0,40244.0
2025-07-18_16:34:59,2778.0,11594.0,43026.0,12198.0,15418.0,40244.0
2025-07-18_16:34:59,8118.0,11594.0,43026.0,13086.0,15418.0,40244.0
2025-07-18_16:34:59,,,,12173.0,15418.0,40244.0
2025-07-18_16:35:03,2778.0,11594.0,43026.0,12161.0,15418.0,40244.0
2025-07-18_16:35:03,,,,14021.0,15418.0,40244.0
2025-07-18_16:35:07,3375.0,11594.0,43026.0,12175.0,15418.0,40244.0
2025-07-18_16:35:07,8075.0,11594.0,43026.0,13232.0,15418.0,40244.0
2025-07-18_16:35:07,9959.0,11594.0,43026.0,13745.0,15418.0,40244.0
2025-07-18_16:35:08,8073.0,11594.0,43027.0,13084.0,15418.0,40244.0
2025-07-18_16:35:08,7972.0,11594.0,43027.0,13244.0,15418.0,40244.0
2025-07-18_16:35:08,,,,13106.0,15418.0,40244.0
2025-07-18_16:35:12,2778.0,11594.0,43027.0,12191.0,15418.0,40244.0
2025-07-18_16:35:12,8115.0,11594.0,43027.0,13079.0,15418.0,40244.0
2025-07-18_16:35:12,,,,14038.0,15418.0,40244.0
2025-07-18_16:35:16,2778.0,11594.0,43027.0,12192.0,15418.0,40244.0
2025-07-18_16:35:16,8027.0,11594.0,43027.0,13258.0,15418.0,40244.0
2025-07-18_16:35:17,,,,,,
2025-07-18_16:35:21,2778.0,11594.0,43027.0,3776.0,15418.0,40244.0
2025-07-18_16:35:21,,,,,,
2025-07-18_16:35:26,2778.0,11594.0,43027.0,3776.0,15418.0,40244.0
2025-07-18_16:35:26,,,,,,
2025-07-18_16:35:29,,,,,,
2025-07-18_16:35:33,6969.0,11594.0,43027.0,3792.0,15418.0,40244.0
2025-07-18_16:35:33,,,,,,
2025-07-18_16:35:37,6968.0,11594.0,43027.0,3793.0,15418.0,40244.0
2025-07-18_16:35:37,,,,14089.0,15418.0,40244.0
2025-07-18_16:35:41,2778.0,11594.0,43027.0,12171.0,15418.0,40244.0
2025-07-18_16:35:42,,,,13293.0,15418.0,40244.0
2025-07-18_16:35:45,,,,,,
2025-07-18_16:35:49,6960.0,11594.0,43027.0,3793.0,15418.0,40244.0
2025-07-18_16:35:49,8597.0,11594.0,43027.0,14093.0,15418.0,40244.0
2025-07-18_16:35:50,7958.0,11594.0,43027.0,13305.0,15418.0,40244.0
2025-07-18_16:35:50,,,,13595.0,15418.0,40244.0
2025-07-18_16:35:54,3319.0,11594.0,43027.0,12185.0,15418.0,40244.0
2025-07-18_16:35:54,7997.0,11594.0,43027.0,13046.0,15418.0,40244.0
2025-07-18_16:35:54,7968.0,11594.0,43027.0,12870.0,15418.0,40244.0
2025-07-18_16:35:54,8037.0,11594.0,43027.0,13263.0,15418.0,40244.0
2025-07-18_16:35:54,8073.0,11594.0,43027.0,13253.0,15418.0,40244.0
2025-07-18_16:35:55,8078.0,11594.0,43027.0,12813.0,15418.0,40244.0
2025-07-18_16:35:55,7970.0,11594.0,43027.0,13255.0,15418.0,40244.0
2025-07-18_16:35:56,2778.0,11594.0,43027.0,12192.0,15418.0,40244.0
2025-07-18_16:35:56,,,,13062.0,15418.0,40250.0
2025-07-18_16:36:00,2778.0,11594.0,43027.0,12186.0,15418.0,40250.0
2025-07-18_16:36:00,7964.0,11594.0,43027.0,13227.0,15418.0,40250.0
2025-07-18_16:36:00,8110.0,11594.0,43027.0,13232.0,15418.0,40250.0
2025-07-18_16:36:01,8026.0,11594.0,43027.0,13050.0,15418.0,40250.0
2025-07-18_16:36:01,10154.0,11594.0,43027.0,14027.0,15418.0,40251.0
2025-07-18_16:36:01,,,,,,
2025-07-18_16:36:05,6952.0,11594.0,43027.0,3793.0,15418.0,40251.0
2025-07-18_16:36:05,10085.0,11594.0,43027.0,14007.0,15418.0,40251.0
2025-07-18_16:36:05,7962.0,11594.0,43027.0,13059.0,15418.0,40251.0
2025-07-18_16:36:05,8047.0,11594.0,43027.0,13051.0,15418.0,40251.0
2025-07-18_16:36:06,8553.0,11594.0,43027.0,13848.0,15418.0,40251.0
2025-07-18_16:36:06,8533.0,11594.0,43027.0,13929.0,15418.0,40251.0
2025-07-18_16:36:07,2778.0,11594.0,43027.0,12183.0,15418.0,40251.0
2025-07-18_16:36:07,,,,,,
2025-07-18_16:36:12,2778.0,11594.0,43027.0,3776.0,15418.0,40251.0
2025-07-18_16:36:12,8016.0,11594.0,43027.0,12864.0,15418.0,40251.0
2025-07-18_16:36:12,9825.0,11594.0,43027.0,14280.0,15418.0,40251.0
2025-07-18_16:36:12,8108.0,11594.0,43027.0,13058.0,15418.0,40251.0
2025-07-18_16:36:12,,,,,,
2025-07-18_16:36:16,6964.0,11594.0,43027.0,3792.0,15418.0,40251.0
2025-07-18_16:36:16,8547.0,11594.0,43027.0,13827.0,15418.0,40251.0
2025-07-18_16:36:17,7978.0,11594.0,43027.0,13054.0,15418.0,40251.0
2025-07-18_16:36:17,7972.0,11594.0,43027.0,13044.0,15418.0,40251.0
2025-07-18_16:36:17,8521.0,11594.0,43027.0,13979.0,15418.0,40251.0
2025-07-18_16:36:17,,,,,,
2025-07-18_16:36:21,6964.0,11594.0,43027.0,3792.0,15418.0,40251.0
2025-07-18_16:36:21,9784.0,11594.0,43027.0,14051.0,15418.0,40251.0
2025-07-18_16:36:22,7963.0,11594.0,43027.0,13039.0,15418.0,40251.0
2025-07-18_16:36:22,9684.0,11594.0,43027.0,14176.0,15418.0,40251.0
2025-07-18_16:36:22,8000.0,11594.0,43027.0,13257.0,15418.0,40251.0
2025-07-18_16:36:22,7974.0,11594.0,43027.0,13082.0,15418.0,40251.0
2025-07-18_16:36:22,8033.0,11594.0,43027.0,13079.0,15418.0,40251.0
2025-07-18_16:36:23,10221.0,11594.0,43027.0,14092.0,15418.0,40251.0
2025-07-18_16:36:23,,,,,,
2025-07-18_16:36:27,2778.0,11594.0,43027.0,3776.0,15418.0,40251.0
2025-07-18_16:36:28,,,,13048.0,15418.0,40251.0
2025-07-18_16:36:31,,,,,,
2025-07-18_16:36:35,6968.0,11594.0,43027.0,3793.0,15418.0,40251.0
2025-07-18_16:36:36,2778.0,11594.0,43027.0,12810.0,15418.0,40251.0
2025-07-18_16:36:36,7955.0,11594.0,43027.0,13236.0,15418.0,40251.0
2025-07-18_16:36:37,8073.0,11594.0,43027.0,13272.0,15418.0,40251.0
2025-07-18_16:36:37,7979.0,11594.0,43027.0,13521.0,15418.0,40251.0
2025-07-18_16:36:37,8616.0,11594.0,43027.0,14067.0,15418.0,40251.0
2025-07-18_16:36:37,7970.0,11594.0,43027.0,13083.0,15418.0,40251.0
2025-07-18_16:36:37,8025.0,11594.0,43027.0,13264.0,15418.0,40251.0
2025-07-18_16:36:38,7956.0,11594.0,43027.0,13341.0,15418.0,40251.0
2025-07-18_16:36:38,9912.0,11594.0,43028.0,14226.0,15418.0,40251.0
2025-07-18_16:36:38,8560.0,11594.0,43028.0,13811.0,15418.0,40251.0
2025-07-18_16:36:38,,,,,,
2025-07-18_16:36:43,2778.0,11594.0,43028.0,3776.0,15418.0,40251.0
2025-07-18_16:36:43,8017.0,11594.0,43028.0,13051.0,15418.0,40251.0
2025-07-18_16:36:43,9163.0,11594.0,43028.0,14025.0,15418.0,40251.0
2025-07-18_16:36:44,,,,,,
2025-07-18_16:36:47,6966.0,11594.0,43028.0,3792.0,15418.0,40251.0
2025-07-18_16:36:48,8009.0,11594.0,43028.0,13355.0,15418.0,40251.0
2025-07-18_16:36:48,9644.0,11594.0,43028.0,14041.0,15418.0,40251.0
2025-07-18_16:36:48,8509.0,11594.0,43028.0,13222.0,15418.0,40253.0
2025-07-18_16:36:48,7970.0,11594.0,43028.0,13046.0,15418.0,40253.0
2025-07-18_16:36:49,8069.0,11594.0,43028.0,13253.0,15418.0,40253.0
2025-07-18_16:36:49,,,,,,
2025-07-18_16:36:53,6970.0,11594.0,43039.0,3793.0,15418.0,40253.0
2025-07-18_16:36:53,8529.0,11594.0,43039.0,13797.0,15418.0,40255.0
2025-07-18_16:36:53,7956.0,11594.0,43039.0,13254.0,15418.0,40255.0
2025-07-18_16:36:53,7959.0,11594.0,43039.0,13051.0,15418.0,40255.0
2025-07-18_16:36:54,,,,,,
2025-07-18_16:36:58,2778.0,11594.0,43039.0,3776.0,15418.0,40255.0
2025-07-18_16:36:58,7978.0,11594.0,43039.0,13047.0,15418.0,40255.0
2025-07-18_16:36:58,8018.0,11594.0,43039.0,13491.0,15418.0,40255.0
2025-07-18_16:36:59,7947.0,11594.0,43039.0,13047.0,15418.0,40255.0
2025-07-18_16:36:59,7963.0,11594.0,43039.0,13050.0,15418.0,40255.0
2025-07-18_16:36:59,8072.0,11594.0,43039.0,13044.0,15418.0,40255.0
2025-07-18_16:36:59,8081.0,11594.0,43039.0,13051.0,15418.0,40255.0
2025-07-18_16:37:00,8081.0,11594.0,43039.0,13088.0,15418.0,40255.0
2025-07-18_16:37:00,7973.0,11594.0,43039.0,13087.0,15418.0,40255.0
2025-07-18_16:37:00,8045.0,11594.0,43039.0,13278.0,15418.0,40255.0
2025-07-18_16:37:00,7967.0,11594.0,43039.0,13301.0,15418.0,40255.0
2025-07-18_16:37:01,,,,,,
2025-07-18_16:37:05,2778.0,11594.0,43039.0,3776.0,15418.0,40255.0
2025-07-18_16:37:05,8535.0,11594.0,43039.0,13730.0,15418.0,40258.0
2025-07-18_16:37:06,7968.0,11594.0,43039.0,13085.0,15418.0,40258.0
2025-07-18_16:37:06,7962.0,11594.0,43039.0,13044.0,15418.0,40258.0
2025-07-18_16:37:06,9903.0,11594.0,43039.0,14012.0,15418.0,40258.0
2025-07-18_16:37:06,8037.0,11594.0,43042.0,13084.0,15418.0,40258.0
2025-07-18_16:37:06,9912.0,11594.0,43042.0,14033.0,15418.0,40258.0
2025-07-18_16:37:07,7971.0,11594.0,43042.0,13022.0,15418.0,40283.0
2025-07-18_16:37:07,8117.0,11594.0,43042.0,13240.0,15418.0,40283.0
2025-07-18_16:37:07,7984.0,11594.0,43042.0,13345.0,15418.0,40283.0
2025-07-18_16:37:07,8138.0,11594.0,43052.0,13352.0,15418.0,40283.0
2025-07-18_16:37:08,,,,,,
2025-07-18_16:37:11,6980.0,11594.0,43052.0,3792.0,15418.0,40283.0
2025-07-18_16:37:12,9870.0,11594.0,43052.0,14229.0,15418.0,40283.0
2025-07-18_16:37:12,,,,,,
2025-07-18_16:37:16,6969.0,11594.0,43052.0,3793.0,15418.0,40283.0
2025-07-18_16:37:16,8033.0,11594.0,43052.0,13043.0,15418.0,40283.0
2025-07-18_16:37:16,8083.0,11594.0,43052.0,13055.0,15418.0,40283.0
2025-07-18_16:37:16,7969.0,11594.0,43052.0,13059.0,15418.0,40283.0
2025-07-18_16:37:17,8528.0,11594.0,43052.0,13089.0,15418.0,40283.0
2025-07-18_16:37:17,,,,,,
2025-07-18_16:37:21,,,,3793.0,15418.0,40386.0
2025-07-18_16:37:24,2778.0,11594.0,43052.0,12199.0,15418.0,40386.0
2025-07-18_16:37:25,,,,13269.0,15418.0,40386.0
2025-07-18_16:37:28,2778.0,11594.0,43052.0,12191.0,15418.0,40387.0
2025-07-18_16:37:29,7940.0,11594.0,43052.0,13256.0,15418.0,40387.0
2025-07-18_16:37:29,,,,,,
2025-07-18_16:37:33,6966.0,11594.0,43052.0,3792.0,15418.0,40387.0
2025-07-18_16:37:33,7952.0,11594.0,43052.0,12856.0,15418.0,40387.0
2025-07-18_16:37:33,8634.0,11594.0,43062.0,14118.0,15418.0,40387.0
2025-07-18_16:37:33,,,,13981.0,15418.0,40387.0
2025-07-18_16:37:37,2778.0,11594.0,43062.0,12198.0,15418.0,40387.0
2025-07-18_16:37:37,7955.0,11594.0,43062.0,13086.0,15418.0,40387.0
2025-07-18_16:37:38,,,,14252.0,15418.0,40387.0
2025-07-18_16:37:41,3375.0,11594.0,43062.0,12188.0,15418.0,40387.0
2025-07-18_16:37:42,7967.0,11594.0,43070.0,13084.0,15418.0,40395.0
2025-07-18_16:37:42,7976.0,11594.0,43070.0,13358.0,15418.0,40395.0
2025-07-18_16:37:42,,,,13984.0,15418.0,40395.0
2025-07-18_16:37:46,,,,,,
2025-07-18_16:37:50,6968.0,11594.0,43070.0,3793.0,15418.0,40395.0
2025-07-18_16:37:50,8077.0,11594.0,43070.0,13269.0,15418.0,40395.0
2025-07-18_16:37:50,10072.0,11594.0,43070.0,14064.0,15418.0,40395.0
2025-07-18_16:37:50,,,,13253.0,15418.0,40395.0
2025-07-18_16:37:54,2778.0,11594.0,43070.0,12185.0,15418.0,40395.0
2025-07-18_16:37:54,7960.0,11594.0,43070.0,13051.0,15418.0,40395.0
2025-07-18_16:37:55,,,,,,
2025-07-18_16:37:58,6960.0,11594.0,43070.0,3795.0,15418.0,40395.0
2025-07-18_16:37:59,7954.0,11594.0,43070.0,13037.0,15418.0,40395.0
2025-07-18_16:37:59,8616.0,11594.0,43070.0,14093.0,15418.0,40395.0
2025-07-18_16:37:59,,,,13991.0,15418.0,40395.0
2025-07-18_16:38:03,3358.0,11594.0,43070.0,12167.0,15418.0,40395.0
2025-07-18_16:38:03,9751.0,11594.0,43070.0,14191.0,15418.0,40395.0
2025-07-18_16:38:03,7970.0,11594.0,43070.0,13060.0,15418.0,40395.0
2025-07-18_16:38:04,7973.0,11594.0,43070.0,12848.0,15418.0,40395.0
2025-07-18_16:38:04,7966.0,11594.0,43070.0,12875.0,15418.0,40395.0
2025-07-18_16:38:04,9899.0,11594.0,43070.0,13991.0,15418.0,40395.0
2025-07-18_16:38:04,7963.0,11594.0,43070.0,13484.0,15418.0,40395.0
2025-07-18_16:38:04,,,,,,
2025-07-18_16:38:08,6967.0,11594.0,43070.0,3787.0,15418.0,40395.0
2025-07-18_16:38:08,7951.0,11594.0,43070.0,13036.0,15418.0,40395.0
2025-07-18_16:38:09,7957.0,11594.0,43070.0,13090.0,15418.0,40395.0
2025-07-18_16:38:09,7984.0,11594.0,43070.0,13231.0,15418.0,40395.0
2025-07-18_16:38:09,7953.0,11594.0,43070.0,13350.0,15418.0,40395.0
2025-07-18_16:38:09,7967.0,11594.0,43070.0,13224.0,15418.0,40395.0
2025-07-18_16:38:10,,,,13797.0,15418.0,40395.0
2025-07-18_16:38:13,3319.0,11594.0,43070.0,12184.0,15418.0,40395.0
2025-07-18_16:38:14,8076.0,11594.0,43070.0,13073.0,15418.0,40395.0
2025-07-18_16:38:14,8049.0,11594.0,43070.0,13310.0,15418.0,40395.0
2025-07-18_16:38:14,,,,13121.0,15418.0,40421.0
2025-07-18_16:38:18,2778.0,11594.0,43070.0,12185.0,15418.0,40421.0
2025-07-18_16:38:18,8556.0,11594.0,43070.0,13817.0,15418.0,40421.0
2025-07-18_16:38:18,,,,13621.0,15418.0,40421.0
2025-07-18_16:38:22,3377.0,11594.0,43070.0,12188.0,15418.0,40421.0
2025-07-18_16:38:22,7975.0,11594.0,43070.0,13524.0,15418.0,40421.0
2025-07-18_16:38:22,8097.0,11594.0,43070.0,13246.0,15418.0,40421.0
2025-07-18_16:38:23,,,,13089.0,15418.0,40421.0
2025-07-18_16:38:26,2778.0,11594.0,43070.0,12186.0,15418.0,40421.0
2025-07-18_16:38:27,8017.0,11594.0,43070.0,13081.0,15418.0,40421.0
2025-07-18_16:38:27,7957.0,11594.0,43070.0,13041.0,15418.0,40421.0
2025-07-18_16:38:27,7955.0,11594.0,43070.0,13047.0,15418.0,40421.0
2025-07-18_16:38:27,7950.0,11594.0,43070.0,13344.0,15418.0,40421.0
2025-07-18_16:38:28,8545.0,11594.0,43071.0,13277.0,15418.0,40421.0
2025-07-18_16:38:28,9872.0,11594.0,43071.0,13978.0,15418.0,40421.0
2025-07-18_16:38:28,7972.0,11594.0,43071.0,13267.0,15418.0,40421.0
2025-07-18_16:38:28,7989.0,11594.0,43071.0,13079.0,15418.0,40421.0
2025-07-18_16:38:29,9984.0,11594.0,43071.0,13861.0,15418.0,40421.0
2025-07-18_16:38:29,7974.0,11594.0,43071.0,13279.0,15418.0,40421.0
2025-07-18_16:38:29,7966.0,11594.0,43071.0,13263.0,15418.0,40421.0
2025-07-18_16:38:29,9842.0,11594.0,43071.0,13988.0,15418.0,40421.0
2025-07-18_16:38:29,,,,,,
2025-07-18_16:38:34,2778.0,11594.0,43071.0,3776.0,15418.0,40421.0
2025-07-18_16:38:34,,,,,,
2025-07-18_16:38:38,,,,3793.0,15418.0,40441.0
2025-07-18_16:38:42,2778.0,11594.0,43071.0,12179.0,15418.0,40441.0
2025-07-18_16:38:42,9570.0,11594.0,43071.0,14005.0,15418.0,40441.0
2025-07-18_16:38:42,8097.0,11594.0,43071.0,13048.0,15418.0,40441.0
2025-07-18_16:38:42,7981.0,11594.0,43071.0,13273.0,15418.0,40441.0
2025-07-18_16:38:43,,,,13087.0,15418.0,40441.0
2025-07-18_16:38:47,,,,,,
2025-07-18_16:38:50,6955.0,11594.0,43071.0,3793.0,15418.0,40441.0
2025-07-18_16:38:51,7951.0,11594.0,43071.0,13260.0,15418.0,40441.0
2025-07-18_16:38:51,,,,,,
2025-07-18_16:38:55,6967.0,11594.0,43071.0,3792.0,15418.0,40441.0
2025-07-18_16:38:55,,,,13342.0,15418.0,40443.0
2025-07-18_16:38:59,2778.0,11594.0,43071.0,12173.0,15418.0,40443.0
2025-07-18_16:38:59,7969.0,11594.0,43071.0,13272.0,15418.0,40443.0
2025-07-18_16:38:59,7974.0,11594.0,43071.0,13258.0,15418.0,40443.0
2025-07-18_16:38:59,9972.0,11594.0,43071.0,14329.0,15418.0,40443.0
2025-07-18_16:39:00,9548.0,11594.0,43071.0,14292.0,15418.0,40443.0
2025-07-18_16:39:00,8610.0,11594.0,43071.0,14083.0,15418.0,40443.0
2025-07-18_16:39:00,,,,13336.0,15418.0,40443.0
2025-07-18_16:39:04,2778.0,11594.0,43071.0,12189.0,15418.0,40443.0
2025-07-18_16:39:04,8081.0,11594.0,43071.0,13263.0,15418.0,40443.0
2025-07-18_16:39:04,8537.0,11594.0,43077.0,13269.0,15418.0,40443.0
2025-07-18_16:39:05,8032.0,11594.0,43077.0,13071.0,15418.0,40443.0
2025-07-18_16:39:05,,,,13344.0,15418.0,40443.0
2025-07-18_16:39:09,2778.0,11594.0,43077.0,12186.0,15418.0,40443.0
2025-07-18_16:39:09,7982.0,11594.0,43193.0,13171.0,15418.0,40443.0
2025-07-18_16:39:13,6964.0,11594.0,43193.0,3792.0,15418.0,40443.0
2025-07-18_16:39:13,7975.0,11594.0,43193.0,13085.0,15418.0,40443.0
2025-07-18_16:39:13,8536.0,11594.0,43193.0,13805.0,15418.0,40443.0
2025-07-18_16:39:14,7959.0,11594.0,43193.0,13040.0,15418.0,40443.0
2025-07-18_16:39:14,9617.0,11594.0,43193.0,13997.0,15418.0,40444.0
2025-07-18_16:39:14,,,,,,
2025-07-18_16:39:18,,,,3793.0,15418.0,40444.0
2025-07-18_16:39:22,2778.0,11594.0,43193.0,12165.0,15418.0,40444.0
2025-07-18_16:39:22,7963.0,11594.0,43193.0,13055.0,15418.0,40444.0
2025-07-18_16:39:22,,,,13252.0,15418.0,40444.0
2025-07-18_16:39:26,2778.0,11594.0,43193.0,12171.0,15418.0,40444.0
2025-07-18_16:39:26,,,,,,
2025-07-18_16:39:30,6969.0,11594.0,43193.0,3792.0,15418.0,40444.0
2025-07-18_16:39:30,,,,,,
2025-07-18_16:39:34,6969.0,11594.0,43193.0,3792.0,15418.0,40444.0
2025-07-18_16:39:34,,,,,,
2025-07-18_16:39:39,2778.0,11594.0,43193.0,3776.0,15418.0,40444.0
2025-07-18_16:39:39,8019.0,11594.0,43193.0,13258.0,15418.0,40444.0
2025-07-18_16:39:39,8010.0,11594.0,43193.0,13051.0,15418.0,40444.0
2025-07-18_16:39:39,7952.0,11594.0,43193.0,13052.0,15418.0,40444.0
2025-07-18_16:39:40,7969.0,11594.0,43198.0,13533.0,15418.0,40444.0
2025-07-18_16:39:40,7960.0,11594.0,43198.0,13260.0,15418.0,40444.0
2025-07-18_16:39:40,,,,,,
2025-07-18_16:39:44,6962.0,11594.0,43198.0,3793.0,15418.0,40444.0
2025-07-18_16:39:44,7970.0,11594.0,43198.0,13091.0,15418.0,40444.0
2025-07-18_16:39:44,,,,13807.0,15418.0,40444.0
2025-07-18_16:39:48,3302.0,11594.0,43198.0,12197.0,15418.0,40444.0
2025-07-18_16:39:48,7974.0,11594.0,43198.0,13082.0,15418.0,40444.0
2025-07-18_16:39:48,7978.0,11594.0,43198.0,13269.0,15418.0,40444.0
2025-07-18_16:39:49,,,,13044.0,15418.0,40444.0
2025-07-18_16:39:53,2778.0,11594.0,43198.0,12169.0,15418.0,40444.0
2025-07-18_16:39:53,7974.0,11594.0,43198.0,13258.0,15418.0,40444.0
2025-07-18_16:39:53,9895.0,11594.0,43198.0,13800.0,15418.0,40444.0
2025-07-18_16:39:53,7966.0,11594.0,43198.0,13228.0,15418.0,40444.0
2025-07-18_16:39:53,7966.0,11594.0,43198.0,13058.0,15418.0,40444.0
2025-07-18_16:39:54,7969.0,11594.0,43198.0,13248.0,15418.0,40444.0
2025-07-18_16:39:54,,,,,,
2025-07-18_16:39:58,6969.0,11594.0,43198.0,3793.0,15418.0,40444.0
2025-07-18_16:39:58,9935.0,11594.0,43198.0,13973.0,15418.0,40444.0
2025-07-18_16:39:58,7969.0,11594.0,43198.0,13056.0,15418.0,40444.0
2025-07-18_16:39:58,9794.0,11594.0,43198.0,14302.0,15418.0,40444.0
2025-07-18_16:39:59,8610.0,11594.0,43198.0,14088.0,15418.0,40444.0
2025-07-18_16:39:59,7977.0,11594.0,43198.0,13082.0,15418.0,40444.0
2025-07-18_16:39:59,9852.0,11594.0,43203.0,13969.0,15418.0,40444.0
2025-07-18_16:39:59,,,,13394.0,15418.0,40444.0
2025-07-18_16:40:03,,,,,,
2025-07-18_16:40:07,6964.0,11594.0,43203.0,3795.0,15418.0,40444.0
2025-07-18_16:40:07,10544.0,11603.0,43292.0,14501.0,15418.0,40457.0
2025-07-18_16:40:07,7981.0,11603.0,43292.0,13270.0,15418.0,40457.0
2025-07-18_16:40:08,8031.0,11603.0,43292.0,13277.0,15418.0,40457.0
2025-07-18_16:40:09,2778.0,11603.0,43292.0,12200.0,15418.0,40457.0
2025-07-18_16:40:09,9961.0,11603.0,43292.0,14171.0,15418.0,40457.0
2025-07-18_16:40:09,,,,,,
2025-07-18_16:40:13,6972.0,11603.0,43292.0,3792.0,15418.0,40457.0
2025-07-18_16:40:13,7967.0,11603.0,43292.0,13049.0,15418.0,40457.0
2025-07-18_16:40:13,7963.0,11603.0,43292.0,13050.0,15418.0,40457.0
2025-07-18_16:40:14,,,,13083.0,15418.0,40457.0
2025-07-18_16:40:21,2780.0,11603.0,43292.0,3778.0,15418.0,40457.0
2025-07-18_16:40:21,9754.0,11603.0,43292.0,13859.0,15418.0,40457.0
2025-07-18_16:40:21,7961.0,11603.0,43292.0,13042.0,15418.0,40457.0
2025-07-18_16:40:22,,,,13262.0,15418.0,40457.0
2025-07-18_16:40:26,2778.0,11603.0,43292.0,12167.0,15418.0,40457.0
2025-07-18_16:40:26,,,,,,
2025-07-18_16:40:30,6961.0,11603.0,43292.0,3786.0,15418.0,40457.0
2025-07-18_16:40:30,10052.0,11603.0,43292.0,14467.0,15418.0,40458.0
2025-07-18_16:40:30,8526.0,11603.0,43292.0,13810.0,15418.0,40458.0
2025-07-18_16:40:30,8010.0,11603.0,43292.0,13310.0,15418.0,40458.0
2025-07-18_16:40:30,7959.0,11603.0,43292.0,13228.0,15418.0,40458.0
2025-07-18_16:40:31,,,,,,
2025-07-18_16:40:35,6968.0,11603.0,43292.0,3787.0,15418.0,40458.0
2025-07-18_16:40:35,8533.0,11603.0,43292.0,13828.0,15418.0,40458.0
2025-07-18_16:40:35,8048.0,11603.0,43292.0,13235.0,15418.0,40458.0
2025-07-18_16:40:35,8027.0,11603.0,43292.0,13047.0,15418.0,40458.0
2025-07-18_16:40:35,7983.0,11603.0,43292.0,13083.0,15418.0,40458.0
2025-07-18_16:40:36,7962.0,11603.0,43292.0,13087.0,15418.0,40458.0
2025-07-18_16:40:36,7982.0,11603.0,43292.0,12866.0,15418.0,40458.0
2025-07-18_16:40:36,8504.0,11603.0,43292.0,13801.0,15418.0,40458.0
2025-07-18_16:40:36,7967.0,11603.0,43292.0,13334.0,15418.0,40458.0
2025-07-18_16:40:37,,,,14194.0,15418.0,40458.0
2025-07-18_16:40:40,3375.0,11603.0,43292.0,12185.0,15418.0,40458.0
2025-07-18_16:40:40,,,,,,
2025-07-18_16:40:44,6967.0,11603.0,43292.0,3792.0,15418.0,40458.0
2025-07-18_16:40:44,9887.0,11603.0,43292.0,14211.0,15418.0,40458.0
2025-07-18_16:40:45,8507.0,11603.0,43293.0,14267.0,15418.0,40458.0
2025-07-18_16:40:45,7950.0,11603.0,43293.0,13347.0,15418.0,40458.0
2025-07-18_16:40:45,,,,,,
2025-07-18_16:40:49,6961.0,11603.0,43293.0,3793.0,15418.0,40458.0
2025-07-18_16:40:49,,,,,,
2025-07-18_16:40:53,6954.0,11603.0,43293.0,3793.0,15418.0,40458.0
2025-07-18_16:40:54,2778.0,11603.0,43293.0,12162.0,15418.0,40458.0
2025-07-18_16:40:54,7958.0,11603.0,43293.0,13269.0,15418.0,40458.0
2025-07-18_16:40:54,7956.0,11603.0,43293.0,13304.0,15418.0,40458.0
2025-07-18_16:40:55,10018.0,11603.0,43293.0,14375.0,15418.0,40458.0
2025-07-18_16:40:55,8085.0,11603.0,43293.0,13351.0,15418.0,40458.0
2025-07-18_16:40:55,8666.0,11603.0,43295.0,14100.0,15418.0,40458.0
2025-07-18_16:40:55,,,,,,
2025-07-18_16:40:59,6969.0,11603.0,43295.0,3793.0,15418.0,40458.0
2025-07-18_16:40:59,8011.0,11603.0,43295.0,13307.0,15418.0,40458.0
2025-07-18_16:41:00,7948.0,11603.0,43295.0,13048.0,15418.0,40458.0
2025-07-18_16:41:00,,,,,,
2025-07-18_16:41:04,6966.0,11603.0,43295.0,3793.0,15418.0,40458.0
2025-07-18_16:41:04,9687.0,11603.0,43295.0,14142.0,15418.0,40458.0
2025-07-18_16:41:04,7973.0,11603.0,43295.0,13273.0,15418.0,40458.0
2025-07-18_16:41:04,,,,13273.0,15418.0,40458.0
2025-07-18_16:41:08,2780.0,11603.0,43295.0,12185.0,15418.0,40458.0
2025-07-18_16:41:08,8486.0,11603.0,43295.0,13723.0,15418.0,40458.0
2025-07-18_16:41:09,8759.0,11603.0,43295.0,14082.0,15418.0,40458.0
2025-07-18_16:41:09,7956.0,11603.0,43295.0,13056.0,15418.0,40458.0
2025-07-18_16:41:09,8525.0,11603.0,43295.0,13799.0,15418.0,40458.0
2025-07-18_16:41:09,8083.0,11603.0,43295.0,13079.0,15418.0,40458.0
2025-07-18_16:41:10,8004.0,11603.0,43295.0,13047.0,15418.0,40458.0
2025-07-18_16:41:10,,,,,,
2025-07-18_16:41:14,6949.0,11603.0,43295.0,3792.0,15418.0,40458.0
2025-07-18_16:41:14,,,,,,
2025-07-18_16:41:18,6954.0,11603.0,43295.0,3793.0,15418.0,40458.0
2025-07-18_16:41:18,,,,,,
2025-07-18_16:41:22,6954.0,11603.0,43295.0,3793.0,15418.0,40458.0
2025-07-18_16:41:22,7993.0,11603.0,43295.0,13075.0,15418.0,40458.0
2025-07-18_16:41:22,,,,,,
2025-07-18_16:41:26,6967.0,11603.0,43295.0,3793.0,15418.0,40458.0
2025-07-18_16:41:26,7970.0,11603.0,43295.0,13038.0,15418.0,40458.0
2025-07-18_16:41:26,7947.0,11603.0,43295.0,12808.0,15418.0,40458.0
2025-07-18_16:41:27,9862.0,11603.0,43295.0,13977.0,15418.0,40458.0
2025-07-18_16:41:27,8008.0,11603.0,43295.0,13055.0,15418.0,40458.0
2025-07-18_16:41:27,7982.0,11603.0,43295.0,13086.0,15418.0,40458.0
2025-07-18_16:41:27,,,,,,
2025-07-18_16:41:32,2778.0,11603.0,43295.0,3776.0,15418.0,40458.0
2025-07-18_16:41:32,8014.0,11603.0,43295.0,12901.0,15418.0,40458.0
2025-07-18_16:41:32,7966.0,11603.0,43295.0,13049.0,15418.0,40458.0
2025-07-18_16:41:32,8045.0,11603.0,43295.0,13088.0,15418.0,40458.0
2025-07-18_16:41:33,,,,,,
2025-07-18_16:41:36,6956.0,11603.0,43295.0,3793.0,15418.0,40458.0
2025-07-18_16:41:37,9689.0,11603.0,43295.0,13964.0,15418.0,40458.0
2025-07-18_16:41:37,7978.0,11603.0,43295.0,13082.0,15418.0,40458.0
2025-07-18_16:41:37,9837.0,11603.0,43295.0,14266.0,15418.0,40458.0
2025-07-18_16:41:37,7954.0,11603.0,43295.0,13258.0,15418.0,40458.0
2025-07-18_16:41:37,8882.0,11603.0,43295.0,13841.0,15418.0,40458.0
2025-07-18_16:41:38,8125.0,11603.0,43297.0,13048.0,15418.0,40458.0
2025-07-18_16:41:38,8700.0,11603.0,43297.0,14091.0,15418.0,40458.0
2025-07-18_16:41:38,7952.0,11603.0,43297.0,13081.0,15418.0,40458.0
2025-07-18_16:41:38,,,,,,
2025-07-18_16:41:42,6967.0,11603.0,43297.0,3793.0,15418.0,40458.0
2025-07-18_16:41:42,,,,11882.0,15418.0,40621.0
2025-07-18_16:41:46,2778.0,11603.0,43297.0,12169.0,15418.0,40621.0
2025-07-18_16:41:46,,,,,,
2025-07-18_16:41:50,6967.0,11603.0,43297.0,3792.0,15418.0,40621.0
2025-07-18_16:41:50,9841.0,11603.0,43300.0,14262.0,15418.0,40621.0
2025-07-18_16:41:51,7993.0,11603.0,43300.0,12871.0,15418.0,40621.0
2025-07-18_16:41:51,,,,,,
2025-07-18_16:41:55,6965.0,11603.0,43300.0,3787.0,15418.0,40621.0
2025-07-18_16:41:55,10165.0,11603.0,43300.0,14621.0,15418.0,40628.0
2025-07-18_16:41:55,7979.0,11603.0,43300.0,13085.0,15418.0,40628.0
2025-07-18_16:41:56,2778.0,11603.0,43300.0,12194.0,15418.0,40628.0
2025-07-18_16:41:56,7949.0,11603.0,43300.0,13042.0,15418.0,40628.0
2025-07-18_16:41:57,8521.0,11603.0,43300.0,13844.0,15418.0,40628.0
2025-07-18_16:41:57,8031.0,11603.0,43300.0,13233.0,15418.0,40628.0
2025-07-18_16:41:57,,,,,,
2025-07-18_16:42:01,2778.0,11603.0,43300.0,3776.0,15418.0,40628.0
2025-07-18_16:42:02,9903.0,11603.0,43301.0,14013.0,15418.0,40628.0
2025-07-18_16:42:02,,,,,,
2025-07-18_16:42:06,6966.0,11603.0,43301.0,3792.0,15418.0,40628.0
2025-07-18_16:42:06,9903.0,11603.0,43301.0,14018.0,15418.0,40628.0
2025-07-18_16:42:06,10179.0,11603.0,43301.0,14338.0,15418.0,40628.0
2025-07-18_16:42:06,8497.0,11603.0,43301.0,13843.0,15418.0,40628.0
2025-07-18_16:42:07,9881.0,11603.0,43301.0,13987.0,15418.0,40628.0
2025-07-18_16:42:07,,,,14221.0,15418.0,40628.0
2025-07-18_16:42:11,3375.0,11603.0,43301.0,12163.0,15418.0,40628.0
2025-07-18_16:42:11,7971.0,11603.0,43301.0,13230.0,15418.0,40628.0
2025-07-18_16:42:11,7974.0,11603.0,43301.0,13049.0,15418.0,40628.0
2025-07-18_16:42:11,,,,,,
2025-07-18_16:42:15,6964.0,11603.0,43301.0,3792.0,15418.0,40628.0
2025-07-18_16:42:15,7966.0,11603.0,43301.0,13259.0,15418.0,40628.0
2025-07-18_16:42:15,7985.0,11603.0,43301.0,13147.0,15418.0,40628.0
2025-07-18_16:42:16,,,,,,
2025-07-18_16:42:20,2778.0,11603.0,43301.0,3776.0,15418.0,40628.0
2025-07-18_16:42:20,,,,,,
2025-07-18_16:42:24,6970.0,11603.0,43301.0,3793.0,15418.0,40628.0
2025-07-18_16:42:24,9860.0,11603.0,43301.0,14022.0,15418.0,40628.0
2025-07-18_16:42:25,8588.0,11603.0,43301.0,14336.0,15418.0,40628.0
2025-07-18_16:42:25,8720.0,11603.0,43301.0,14081.0,15418.0,40628.0
2025-07-18_16:42:25,7964.0,11603.0,43301.0,13260.0,15418.0,40628.0
2025-07-18_16:42:25,8499.0,11603.0,43301.0,13714.0,15418.0,40628.0
2025-07-18_16:42:26,8026.0,11603.0,43301.0,13051.0,15418.0,40628.0
2025-07-18_16:42:26,8032.0,11603.0,43301.0,12913.0,15418.0,40628.0
2025-07-18_16:42:26,9780.0,11603.0,43301.0,14256.0,15418.0,40628.0
2025-07-18_16:42:26,9158.0,11603.0,43302.0,14033.0,15418.0,40628.0
2025-07-18_16:42:27,,,,,,
2025-07-18_16:42:30,6957.0,11603.0,43302.0,3793.0,15418.0,40628.0
2025-07-18_16:42:31,8523.0,11603.0,43302.0,13891.0,15418.0,40628.0
2025-07-18_16:42:31,9525.0,11603.0,43302.0,14208.0,15418.0,40628.0
2025-07-18_16:42:31,,,,13889.0,15418.0,40628.0
2025-07-18_16:42:35,3302.0,11603.0,43302.0,12206.0,15418.0,40628.0
2025-07-18_16:42:35,9641.0,11603.0,43304.0,14022.0,15418.0,40628.0
2025-07-18_16:42:36,2778.0,11603.0,43304.0,12159.0,15418.0,40628.0
2025-07-18_16:42:36,,,,,,
2025-07-18_16:42:40,6964.0,11603.0,43304.0,3787.0,15418.0,40628.0
2025-07-18_16:42:40,7972.0,11603.0,43304.0,13086.0,15418.0,40628.0
2025-07-18_16:42:40,8037.0,11603.0,43304.0,12892.0,15418.0,40628.0
2025-07-18_16:42:40,7970.0,11603.0,43304.0,13257.0,15418.0,40628.0
2025-07-18_16:42:41,8498.0,11603.0,43304.0,14059.0,15418.0,40628.0
2025-07-18_16:42:41,,,,,,
2025-07-18_16:42:45,6964.0,11603.0,43304.0,3792.0,15418.0,40628.0
2025-07-18_16:42:45,9881.0,11603.0,43304.0,14311.0,15418.0,40628.0
2025-07-18_16:42:45,,,,14120.0,15418.0,40628.0
2025-07-18_16:42:49,2778.0,11603.0,43304.0,12185.0,15418.0,40628.0
2025-07-18_16:42:49,8522.0,11603.0,43304.0,13262.0,15418.0,40628.0
2025-07-18_16:42:50,9868.0,11603.0,43304.0,13986.0,15418.0,40628.0
2025-07-18_16:42:50,8703.0,11603.0,43304.0,14097.0,15418.0,40628.0
2025-07-18_16:42:50,8560.0,11603.0,43304.0,13928.0,15418.0,40628.0
2025-07-18_16:42:50,,,,,,
2025-07-18_16:42:55,2778.0,11603.0,43304.0,3776.0,15418.0,40628.0
2025-07-18_16:42:55,8520.0,11603.0,43304.0,13847.0,15418.0,40628.0
2025-07-18_16:42:55,8080.0,11603.0,43304.0,13271.0,15418.0,40628.0
2025-07-18_16:42:55,8493.0,11603.0,43304.0,13757.0,15418.0,40628.0
2025-07-18_16:42:56,8684.0,11603.0,43304.0,13904.0,15418.0,40628.0
2025-07-18_16:42:56,,,,13087.0,15418.0,40628.0
2025-07-18_16:43:00,2778.0,11603.0,43304.0,12202.0,15418.0,40628.0
2025-07-18_16:43:00,9268.0,11603.0,43304.0,13986.0,15418.0,40628.0
2025-07-18_16:43:00,8125.0,11603.0,43304.0,13086.0,15418.0,40628.0
2025-07-18_16:43:00,9773.0,11603.0,43305.0,14250.0,15418.0,40628.0
2025-07-18_16:43:01,8530.0,11603.0,43305.0,13797.0,15418.0,40628.0
2025-07-18_16:43:01,,,,,,
2025-07-18_16:43:05,2778.0,11603.0,43305.0,3776.0,15418.0,40628.0
2025-07-18_16:43:06,9980.0,11603.0,43305.0,14315.0,15418.0,40628.0
2025-07-18_16:43:06,8116.0,11603.0,43305.0,13258.0,15418.0,40628.0
2025-07-18_16:43:06,9856.0,11603.0,43305.0,13819.0,15418.0,40628.0
2025-07-18_16:43:06,9921.0,11603.0,43305.0,13960.0,15418.0,40640.0
2025-07-18_16:43:07,7970.0,11603.0,43305.0,13046.0,15418.0,40640.0
2025-07-18_16:43:07,,,,13990.0,15418.0,40642.0
2025-07-18_16:43:10,3302.0,11603.0,43305.0,12183.0,15418.0,40642.0
2025-07-18_16:43:11,8121.0,11603.0,43306.0,13095.0,15418.0,40642.0
2025-07-18_16:43:11,8000.0,11603.0,43306.0,13052.0,15418.0,40642.0
2025-07-18_16:43:11,,,,,,
2025-07-18_16:43:15,6965.0,11603.0,43306.0,3792.0,15418.0,40642.0
2025-07-18_16:43:15,8112.0,11603.0,43306.0,13062.0,15418.0,40642.0
2025-07-18_16:43:15,8510.0,11603.0,43306.0,13771.0,15418.0,40642.0
2025-07-18_16:43:16,,,,13334.0,15418.0,40642.0
2025-07-18_16:43:19,2778.0,11603.0,43306.0,12165.0,15418.0,40642.0
2025-07-18_16:43:20,,,,13613.0,15418.0,40642.0
2025-07-18_16:43:23,2778.0,11603.0,43306.0,12164.0,15418.0,40642.0
2025-07-18_16:43:24,,,,,,
2025-07-18_16:43:28,2778.0,11603.0,43306.0,3776.0,15418.0,40642.0
2025-07-18_16:43:29,6965.0,11603.0,43306.0,3804.0,15418.0,40642.0
2025-07-18_16:43:29,,,,14318.0,15418.0,40642.0
2025-07-18_16:43:33,2778.0,11603.0,43306.0,12199.0,15418.0,40642.0
2025-07-18_16:43:33,9899.0,11603.0,43308.0,14280.0,15418.0,40642.0
2025-07-18_16:43:34,7982.0,11603.0,43308.0,13228.0,15418.0,40642.0
2025-07-18_16:43:34,8629.0,11603.0,43308.0,14093.0,15418.0,40642.0
2025-07-18_16:43:34,7962.0,11603.0,43308.0,13230.0,15418.0,40642.0
2025-07-18_16:43:34,8683.0,11603.0,43310.0,14087.0,15418.0,40642.0
2025-07-18_16:43:35,9900.0,11603.0,43310.0,13799.0,15418.0,40642.0
2025-07-18_16:43:35,8622.0,11603.0,43310.0,14071.0,15418.0,40642.0
2025-07-18_16:43:35,7968.0,11603.0,43310.0,13241.0,15418.0,40642.0
2025-07-18_16:43:35,7899.0,11603.0,43312.0,13047.0,15418.0,40642.0
2025-07-18_16:43:35,,,,14089.0,15418.0,40642.0
2025-07-18_16:43:39,3302.0,11603.0,43312.0,12198.0,15418.0,40642.0
2025-07-18_16:43:39,,,,,,
2025-07-18_16:43:44,2778.0,11603.0,43312.0,3776.0,15418.0,40642.0
2025-07-18_16:43:44,7984.0,11603.0,43312.0,13232.0,15418.0,40642.0
2025-07-18_16:43:44,,,,13074.0,15418.0,40642.0
2025-07-18_16:43:48,2778.0,11603.0,43312.0,12187.0,15418.0,40642.0
2025-07-18_16:43:48,8111.0,11603.0,43312.0,13120.0,15418.0,40642.0
2025-07-18_16:43:48,7951.0,11603.0,43312.0,13087.0,15418.0,40642.0
2025-07-18_16:43:49,8623.0,11603.0,43314.0,14357.0,15418.0,40644.0
2025-07-18_16:43:50,2778.0,11603.0,43314.0,12198.0,15418.0,40644.0
2025-07-18_16:43:50,7972.0,11603.0,43314.0,13231.0,15418.0,40644.0
2025-07-18_16:43:50,,,,,,
2025-07-18_16:43:54,6972.0,11603.0,43314.0,3792.0,15418.0,40644.0
2025-07-18_16:43:54,7979.0,11603.0,43314.0,13231.0,15418.0,40644.0
2025-07-18_16:43:54,,,,,,
2025-07-18_16:43:58,6971.0,11603.0,43314.0,3786.0,15418.0,40644.0
2025-07-18_16:43:58,9979.0,11603.0,43314.0,14064.0,15418.0,40644.0
2025-07-18_16:43:59,8000.0,11603.0,43314.0,13345.0,15418.0,40644.0
2025-07-18_16:43:59,8013.0,11603.0,43314.0,13083.0,15418.0,40644.0
2025-07-18_16:43:59,,,,13755.0,15418.0,40644.0
2025-07-18_16:44:03,3358.0,11603.0,43314.0,12168.0,15418.0,40644.0
2025-07-18_16:44:03,9765.0,11603.0,43317.0,13966.0,15418.0,40644.0
2025-07-18_16:44:03,8539.0,11603.0,43317.0,13812.0,15418.0,40644.0
2025-07-18_16:44:03,8536.0,11603.0,43317.0,13805.0,15418.0,40644.0
2025-07-18_16:44:04,9198.0,11603.0,43317.0,13786.0,15418.0,40644.0
2025-07-18_16:44:04,,,,,,
2025-07-18_16:44:08,6968.0,11603.0,43317.0,3792.0,15418.0,40644.0
2025-07-18_16:44:08,,,,,,
2025-07-18_16:44:12,6967.0,11603.0,43317.0,3786.0,15418.0,40644.0
2025-07-18_16:44:12,10077.0,11603.0,43317.0,14047.0,15418.0,40644.0
2025-07-18_16:44:12,8029.0,11603.0,43317.0,13306.0,15418.0,40644.0
2025-07-18_16:44:12,8120.0,11603.0,43317.0,13265.0,15418.0,40644.0
2025-07-18_16:44:13,9845.0,11603.0,43317.0,13991.0,15418.0,40644.0
2025-07-18_16:44:13,,,,13788.0,15418.0,40646.0
2025-07-18_16:44:17,3302.0,11603.0,43317.0,12170.0,15418.0,40646.0
2025-07-18_16:44:17,8519.0,11603.0,43317.0,13777.0,15418.0,40646.0
2025-07-18_16:44:17,9916.0,11603.0,43317.0,14111.0,15418.0,40646.0
2025-07-18_16:44:17,,,,13984.0,15418.0,40646.0
2025-07-18_16:44:21,2778.0,11603.0,43317.0,12193.0,15418.0,40646.0
2025-07-18_16:44:21,,,,13075.0,15420.0,40658.0
2025-07-18_16:44:25,2778.0,11603.0,43317.0,12195.0,15420.0,40658.0
2025-07-18_16:44:25,7991.0,11603.0,43317.0,13090.0,15420.0,40658.0
2025-07-18_16:44:26,8108.0,11603.0,43317.0,13226.0,15420.0,40658.0
2025-07-18_16:44:26,,,,13078.0,15420.0,40658.0
2025-07-18_16:44:30,2780.0,11603.0,43317.0,12186.0,15420.0,40658.0
2025-07-18_16:44:30,7977.0,11603.0,43317.0,13081.0,15420.0,40658.0
2025-07-18_16:44:30,9644.0,11603.0,43317.0,13975.0,15420.0,40658.0
2025-07-18_16:44:30,9680.0,11603.0,43317.0,14013.0,15420.0,40658.0
2025-07-18_16:44:31,8028.0,11603.0,43317.0,13517.0,15420.0,40659.0
2025-07-18_16:44:31,8119.0,11603.0,43317.0,13049.0,15420.0,40659.0
2025-07-18_16:44:32,2778.0,11603.0,43317.0,12151.0,15420.0,40659.0
2025-07-18_16:44:32,8011.0,11603.0,43317.0,13519.0,15420.0,40659.0
2025-07-18_16:44:32,8540.0,11603.0,43317.0,13836.0,15420.0,40659.0
2025-07-18_16:44:32,8061.0,11603.0,43317.0,13075.0,15420.0,40659.0
2025-07-18_16:44:33,8072.0,11603.0,43317.0,13052.0,15420.0,40659.0
2025-07-18_16:44:33,8451.0,11603.0,43317.0,13778.0,15420.0,40659.0
2025-07-18_16:44:33,,,,,,
2025-07-18_16:44:37,6968.0,11603.0,43317.0,3793.0,15420.0,40659.0
2025-07-18_16:44:37,,,,13828.0,15420.0,40659.0
2025-07-18_16:44:41,3302.0,11603.0,43317.0,12199.0,15420.0,40659.0
2025-07-18_16:44:41,,,,,,
2025-07-18_16:44:45,6964.0,11603.0,43317.0,3793.0,15420.0,40659.0
2025-07-18_16:44:45,8535.0,11603.0,43317.0,13798.0,15420.0,40659.0
2025-07-18_16:44:45,7987.0,11603.0,43317.0,13083.0,15420.0,40659.0
2025-07-18_16:44:45,8124.0,11603.0,43317.0,13239.0,15420.0,40659.0
2025-07-18_16:44:46,8013.0,11603.0,43317.0,13075.0,15420.0,40659.0
2025-07-18_16:44:46,8617.0,11603.0,43317.0,14027.0,15420.0,40659.0
2025-07-18_16:44:46,7959.0,11603.0,43317.0,13349.0,15420.0,40662.0
2025-07-18_16:44:46,7967.0,11603.0,43317.0,13353.0,15420.0,40662.0
2025-07-18_16:44:47,10232.0,11603.0,43318.0,14096.0,15420.0,40663.0
2025-07-18_16:44:47,,,,13990.0,15420.0,40663.0
2025-07-18_16:44:51,3319.0,11603.0,43318.0,12185.0,15420.0,40663.0
2025-07-18_16:44:51,7956.0,11603.0,43318.0,13520.0,15420.0,40663.0
2025-07-18_16:44:51,8094.0,11603.0,43318.0,13081.0,15420.0,40663.0
2025-07-18_16:44:51,8115.0,11603.0,43318.0,13042.0,15420.0,40663.0
2025-07-18_16:44:51,7968.0,11603.0,43318.0,13047.0,15420.0,40663.0
2025-07-18_16:44:52,7952.0,11603.0,43318.0,13047.0,15420.0,40663.0
2025-07-18_16:44:52,7967.0,11603.0,43318.0,13339.0,15420.0,40663.0
2025-07-18_16:44:52,7961.0,11603.0,43318.0,13055.0,15420.0,40663.0
2025-07-18_16:44:52,8019.0,11603.0,43318.0,13220.0,15420.0,40663.0
2025-07-18_16:44:53,,,,13061.0,15420.0,40663.0
2025-07-18_16:44:56,2778.0,11603.0,43318.0,12186.0,15420.0,40663.0
2025-07-18_16:44:57,8047.0,11603.0,43318.0,13078.0,15420.0,40663.0
2025-07-18_16:44:57,9836.0,11603.0,43318.0,14560.0,15420.0,40663.0
2025-07-18_16:44:57,8518.0,11603.0,43318.0,13079.0,15420.0,40663.0
2025-07-18_16:44:57,7959.0,11603.0,43318.0,13048.0,15420.0,40663.0
2025-07-18_16:44:58,8035.0,11603.0,43318.0,13084.0,15420.0,40663.0
2025-07-18_16:44:58,9944.0,11603.0,43318.0,14313.0,15420.0,40664.0
2025-07-18_16:44:58,7988.0,11603.0,43318.0,13221.0,15420.0,40664.0
2025-07-18_16:44:58,7950.0,11603.0,43318.0,13077.0,15420.0,40664.0
2025-07-18_16:44:58,7970.0,11603.0,43318.0,13344.0,15420.0,40664.0
2025-07-18_16:44:59,7959.0,11603.0,43318.0,13090.0,15420.0,40664.0
2025-07-18_16:44:59,7953.0,11603.0,43318.0,13242.0,15420.0,40664.0
2025-07-18_16:44:59,8013.0,11603.0,43318.0,13047.0,15420.0,40664.0
2025-07-18_16:44:59,10063.0,11603.0,43322.0,14340.0,15420.0,40687.0
2025-07-18_16:45:00,7956.0,11603.0,43322.0,13052.0,15420.0,40687.0
2025-07-18_16:45:00,7969.0,11603.0,43322.0,13045.0,15420.0,40687.0
2025-07-18_16:45:00,7957.0,11603.0,43322.0,13047.0,15420.0,40687.0
2025-07-18_16:45:00,8628.0,11603.0,43322.0,14096.0,15420.0,40687.0
2025-07-18_16:45:01,8537.0,11603.0,43322.0,13347.0,15420.0,40687.0
2025-07-18_16:45:01,,,,13055.0,15420.0,40687.0
2025-07-18_16:45:05,2778.0,11603.0,43322.0,12189.0,15420.0,40687.0
2025-07-18_16:45:05,7975.0,11603.0,43322.0,13258.0,15420.0,40687.0
2025-07-18_16:45:05,8039.0,11603.0,43322.0,13606.0,15420.0,40687.0
2025-07-18_16:45:05,8027.0,11603.0,43322.0,13271.0,15420.0,40690.0
2025-07-18_16:45:05,7973.0,11603.0,43322.0,13083.0,15420.0,40690.0
2025-07-18_16:45:06,8025.0,11603.0,43322.0,13270.0,15420.0,40690.0
2025-07-18_16:45:06,7965.0,11603.0,43322.0,13260.0,15420.0,40690.0
2025-07-18_16:45:06,7960.0,11603.0,43322.0,13084.0,15420.0,40690.0
2025-07-18_16:45:07,2778.0,11603.0,43322.0,12193.0,15420.0,40690.0
2025-07-18_16:45:07,,,,12858.0,15420.0,40690.0
2025-07-18_16:45:11,2778.0,11603.0,43322.0,12185.0,15420.0,40690.0
2025-07-18_16:45:11,9885.0,11603.0,43322.0,14287.0,15420.0,40690.0
2025-07-18_16:45:12,7965.0,11603.0,43322.0,13050.0,15420.0,40690.0
2025-07-18_16:45:12,8104.0,11603.0,43322.0,13057.0,15420.0,40690.0
2025-07-18_16:45:12,7951.0,11603.0,43322.0,13058.0,15420.0,40690.0
2025-07-18_16:45:12,8110.0,11603.0,43322.0,13485.0,15420.0,40690.0
2025-07-18_16:45:12,8499.0,11603.0,43322.0,13798.0,15420.0,40690.0
2025-07-18_16:45:13,,,,13063.0,15420.0,40690.0
2025-07-18_16:45:17,,,,,,
2025-07-18_16:45:20,6963.0,11603.0,43322.0,3792.0,15420.0,40690.0
2025-07-18_16:45:21,2778.0,11603.0,43322.0,12192.0,15420.0,40690.0
2025-07-18_16:45:21,,,,,,
2025-07-18_16:45:26,2778.0,11603.0,43322.0,3776.0,15420.0,40690.0
2025-07-18_16:45:26,8633.0,11603.0,43326.0,14383.0,15420.0,40690.0
2025-07-18_16:45:26,8037.0,11603.0,43326.0,13255.0,15420.0,40690.0
2025-07-18_16:45:27,7977.0,11603.0,43326.0,13228.0,15420.0,40690.0
2025-07-18_16:45:27,,,,13245.0,15420.0,40696.0
2025-07-18_16:45:31,2780.0,11603.0,43326.0,12187.0,15420.0,40696.0
2025-07-18_16:45:31,7968.0,11603.0,43326.0,13091.0,15420.0,40696.0
2025-07-18_16:45:31,,,,13098.0,15420.0,40696.0
2025-07-18_16:45:35,2778.0,11603.0,43326.0,12190.0,15420.0,40696.0
2025-07-18_16:45:35,7952.0,11603.0,43326.0,13342.0,15420.0,40696.0
2025-07-18_16:45:35,8682.0,11603.0,43326.0,13891.0,15420.0,40696.0
2025-07-18_16:45:36,7971.0,11603.0,43326.0,12898.0,15420.0,40696.0
2025-07-18_16:45:36,7963.0,11603.0,43326.0,13047.0,15420.0,40696.0
2025-07-18_16:45:36,7956.0,11603.0,43326.0,13056.0,15420.0,40696.0
2025-07-18_16:45:36,,,,,,
2025-07-18_16:45:40,,,,3788.0,15420.0,40696.0
2025-07-18_16:45:44,2778.0,11603.0,43326.0,12194.0,15420.0,40696.0
2025-07-18_16:45:44,7961.0,11603.0,43326.0,13251.0,15420.0,40696.0
2025-07-18_16:45:44,10017.0,11603.0,43326.0,14000.0,15420.0,40696.0
2025-07-18_16:45:45,7947.0,11603.0,43326.0,13051.0,15420.0,40696.0
2025-07-18_16:45:45,7974.0,11603.0,43326.0,13054.0,15420.0,40696.0
2025-07-18_16:45:45,7997.0,11603.0,43326.0,13055.0,15420.0,40696.0
2025-07-18_16:45:45,8076.0,11603.0,43326.0,13050.0,15420.0,40696.0
2025-07-18_16:45:46,7982.0,11603.0,43326.0,13259.0,15420.0,40696.0
2025-07-18_16:45:46,7971.0,11603.0,43326.0,13234.0,15420.0,40696.0
2025-07-18_16:45:46,7964.0,11603.0,43326.0,13047.0,15420.0,40696.0
2025-07-18_16:45:46,8107.0,11603.0,43326.0,13089.0,15420.0,40696.0
2025-07-18_16:45:47,7959.0,11603.0,43326.0,13047.0,15420.0,40696.0
2025-07-18_16:45:47,7961.0,11603.0,43326.0,13272.0,15420.0,40696.0
2025-07-18_16:45:47,7950.0,11603.0,43326.0,13350.0,15420.0,40696.0
2025-07-18_16:45:47,7958.0,11603.0,43326.0,13074.0,15420.0,40696.0
2025-07-18_16:45:47,9482.0,11603.0,43327.0,14025.0,15420.0,40696.0
2025-07-18_16:45:48,10092.0,11603.0,43327.0,13783.0,15420.0,40696.0
2025-07-18_16:45:48,7961.0,11603.0,43327.0,13049.0,15420.0,40696.0
2025-07-18_16:45:48,7986.0,11603.0,43327.0,13351.0,15420.0,40696.0
2025-07-18_16:45:48,7955.0,11603.0,43327.0,13048.0,15420.0,40696.0
2025-07-18_16:45:49,7964.0,11603.0,43327.0,13048.0,15420.0,40696.0
2025-07-18_16:45:49,7972.0,11603.0,43327.0,13047.0,15420.0,40696.0
2025-07-18_16:45:49,8038.0,11603.0,43327.0,13241.0,15420.0,40696.0
2025-07-18_16:45:49,8599.0,11603.0,43327.0,14173.0,15420.0,40696.0
2025-07-18_16:45:50,7946.0,11603.0,43327.0,12838.0,15420.0,40696.0
2025-07-18_16:45:50,8004.0,11603.0,43327.0,13337.0,15420.0,40696.0
2025-07-18_16:45:50,8088.0,11603.0,43327.0,13084.0,15420.0,40696.0
2025-07-18_16:45:50,,,,14223.0,15420.0,40696.0
2025-07-18_16:45:54,3375.0,11603.0,43327.0,12191.0,15420.0,40696.0
2025-07-18_16:45:54,8022.0,11603.0,43327.0,12866.0,15420.0,40696.0
2025-07-18_16:45:54,8600.0,11603.0,43327.0,14097.0,15420.0,40696.0
2025-07-18_16:45:55,2778.0,11603.0,43327.0,12190.0,15420.0,40696.0
2025-07-18_16:45:56,,,,14212.0,15420.0,40696.0
2025-07-18_16:45:59,3375.0,11603.0,43327.0,12184.0,15420.0,40696.0
2025-07-18_16:45:59,7972.0,11603.0,43327.0,13342.0,15420.0,40696.0
2025-07-18_16:46:00,9895.0,11603.0,43327.0,13986.0,15420.0,40696.0
2025-07-18_16:46:00,,,,13795.0,15420.0,40696.0
2025-07-18_16:46:04,3319.0,11603.0,43327.0,12176.0,15420.0,40696.0
2025-07-18_16:46:04,8000.0,11603.0,43327.0,13266.0,15420.0,40696.0
2025-07-18_16:46:04,,,,14051.0,15420.0,40696.0
2025-07-18_16:46:08,3319.0,11603.0,43327.0,12198.0,15420.0,40696.0
2025-07-18_16:46:08,8108.0,11603.0,43327.0,13051.0,15420.0,40696.0
2025-07-18_16:46:08,9618.0,11603.0,43327.0,13800.0,15420.0,40696.0
2025-07-18_16:46:08,7968.0,11603.0,43329.0,13094.0,15420.0,40696.0
2025-07-18_16:46:09,8596.0,11603.0,43332.0,14343.0,15420.0,40696.0
2025-07-18_16:46:09,,,,14652.0,15420.0,40696.0
2025-07-18_16:46:13,2778.0,11603.0,43332.0,12164.0,15420.0,40696.0
2025-07-18_16:46:13,9870.0,11603.0,43332.0,14018.0,15420.0,40696.0
2025-07-18_16:46:13,,,,13795.0,15420.0,40696.0
2025-07-18_16:46:17,,,,,,
2025-07-18_16:46:21,6966.0,11603.0,43332.0,3795.0,15420.0,40696.0
2025-07-18_16:46:21,,,,11879.0,15420.0,40697.0
2025-07-18_16:46:25,2778.0,11603.0,43332.0,12170.0,15420.0,40697.0
2025-07-18_16:46:25,9791.0,11603.0,43335.0,14010.0,15420.0,40697.0
2025-07-18_16:46:25,,,,14036.0,15420.0,40697.0
2025-07-18_16:46:29,,,,,,
2025-07-18_16:46:33,6969.0,11603.0,43335.0,3794.0,15420.0,40697.0
2025-07-18_16:46:33,9213.0,11603.0,43335.0,13807.0,15420.0,40697.0
2025-07-18_16:46:33,9864.0,11603.0,43335.0,13929.0,15420.0,40697.0
2025-07-18_16:46:34,9744.0,11603.0,43335.0,13807.0,15420.0,40697.0
2025-07-18_16:46:34,,,,,,
2025-07-18_16:46:38,6960.0,11603.0,43335.0,3793.0,15420.0,40697.0
2025-07-18_16:46:38,8511.0,11603.0,43335.0,13346.0,15420.0,40697.0
2025-07-18_16:46:38,8538.0,11603.0,43335.0,13892.0,15420.0,40697.0
2025-07-18_16:46:38,,,,13079.0,15420.0,40697.0
2025-07-18_16:46:42,2778.0,11603.0,43335.0,12193.0,15420.0,40697.0
2025-07-18_16:46:42,,,,,,
2025-07-18_16:46:46,6963.0,11603.0,43335.0,3793.0,15420.0,40697.0
2025-07-18_16:46:46,9139.0,11603.0,43335.0,13778.0,15420.0,40697.0
2025-07-18_16:46:47,8576.0,11603.0,43335.0,14107.0,15420.0,40697.0
2025-07-18_16:46:47,10262.0,11603.0,43335.0,14373.0,15420.0,40697.0
2025-07-18_16:46:47,,,,,,
2025-07-18_16:46:51,6967.0,11603.0,43335.0,3793.0,15420.0,40697.0
2025-07-18_16:46:51,7980.0,11603.0,43335.0,13242.0,15420.0,40697.0
2025-07-18_16:46:51,9167.0,11603.0,43335.0,13999.0,15420.0,40697.0
2025-07-18_16:46:52,7945.0,11603.0,43335.0,12883.0,15420.0,40697.0
2025-07-18_16:46:52,,,,13270.0,15420.0,40697.0
2025-07-18_16:46:56,2778.0,11603.0,43335.0,12173.0,15420.0,40697.0
2025-07-18_16:46:56,7955.0,11603.0,43335.0,13085.0,15420.0,40697.0
2025-07-18_16:46:56,9973.0,11603.0,43335.0,14163.0,15420.0,40697.0
2025-07-18_16:46:56,8012.0,11603.0,43335.0,13048.0,15420.0,40697.0
2025-07-18_16:46:57,8523.0,11603.0,43335.0,13800.0,15420.0,40697.0
2025-07-18_16:46:57,9866.0,11603.0,43336.0,14019.0,15420.0,40698.0
2025-07-18_16:46:57,7962.0,11603.0,43336.0,13083.0,15420.0,40698.0
2025-07-18_16:46:57,8646.0,11603.0,43336.0,14069.0,15420.0,40698.0
2025-07-18_16:46:57,7970.0,11603.0,43336.0,13341.0,15420.0,40698.0
2025-07-18_16:46:58,7973.0,11603.0,43336.0,13534.0,15420.0,40698.0
2025-07-18_16:46:58,7959.0,11603.0,43336.0,13076.0,15420.0,40698.0
2025-07-18_16:46:58,8069.0,11603.0,43336.0,13071.0,15420.0,40698.0
2025-07-18_16:46:58,,,,,,
2025-07-18_16:47:03,2778.0,11603.0,43336.0,3776.0,15420.0,40698.0
2025-07-18_16:47:03,10119.0,11603.0,43336.0,14092.0,15420.0,40698.0
2025-07-18_16:47:03,8546.0,11603.0,43340.0,14042.0,15420.0,40698.0
2025-07-18_16:47:04,,,,13236.0,15420.0,40698.0
2025-07-18_16:47:07,2778.0,11603.0,43340.0,12188.0,15420.0,40698.0
2025-07-18_16:47:08,7953.0,11603.0,43340.0,13238.0,15420.0,40698.0
2025-07-18_16:47:08,,,,14275.0,15420.0,40698.0
2025-07-18_16:47:12,3358.0,11603.0,43340.0,12191.0,15420.0,40698.0
2025-07-18_16:47:12,,,,12893.0,15420.0,40698.0
2025-07-18_16:47:16,2778.0,11603.0,43340.0,12185.0,15420.0,40698.0
2025-07-18_16:47:16,8487.0,11603.0,43340.0,13253.0,15420.0,40698.0
2025-07-18_16:47:16,8561.0,11603.0,43340.0,14072.0,15420.0,40698.0
2025-07-18_16:47:16,,,,,,
2025-07-18_16:47:21,2778.0,11603.0,43340.0,3778.0,15420.0,40698.0
2025-07-18_16:47:21,,,,,,
2025-07-18_16:47:25,2778.0,11603.0,43340.0,3776.0,15420.0,40698.0
2025-07-18_16:47:26,7966.0,11603.0,43340.0,13039.0,15420.0,40698.0
2025-07-18_16:47:26,7951.0,11603.0,43340.0,13055.0,15420.0,40698.0
2025-07-18_16:47:26,8521.0,11603.0,43340.0,14018.0,15420.0,40698.0
2025-07-18_16:47:26,7955.0,11603.0,43340.0,13046.0,15420.0,40698.0
2025-07-18_16:47:27,10195.0,11603.0,43340.0,14265.0,15420.0,40698.0
2025-07-18_16:47:27,7956.0,11603.0,43340.0,13044.0,15420.0,40698.0
2025-07-18_16:47:27,,,,,,
2025-07-18_16:47:31,6965.0,11603.0,43340.0,3795.0,15420.0,40698.0
2025-07-18_16:47:31,8562.0,11603.0,43340.0,13835.0,15420.0,40698.0
2025-07-18_16:47:31,7958.0,11603.0,43340.0,13055.0,15420.0,40698.0
2025-07-18_16:47:32,7993.0,11603.0,43340.0,13338.0,15420.0,40698.0
2025-07-18_16:47:32,6960.0,11603.0,43340.0,4412.0,15420.0,40698.0
2025-07-18_16:47:33,8586.0,11603.0,43340.0,14115.0,15420.0,40698.0
2025-07-18_16:47:33,7987.0,11603.0,43340.0,13270.0,15420.0,40698.0
2025-07-18_16:47:33,9250.0,11603.0,43340.0,13961.0,15420.0,40698.0
2025-07-18_16:47:33,7964.0,11603.0,43342.0,13058.0,15420.0,40698.0
2025-07-18_16:47:34,8517.0,11603.0,43342.0,13088.0,15420.0,40698.0
2025-07-18_16:47:34,,,,,,
2025-07-18_16:47:38,6961.0,11603.0,43342.0,3793.0,15420.0,40698.0
2025-07-18_16:47:39,8617.0,11603.0,43342.0,14274.0,15420.0,40698.0
2025-07-18_16:47:39,8512.0,11603.0,43342.0,13796.0,15420.0,40698.0
2025-07-18_16:47:39,,,,13087.0,15420.0,40698.0
2025-07-18_16:47:43,2778.0,11603.0,43342.0,12187.0,15420.0,40698.0
2025-07-18_16:47:43,9859.0,11603.0,43342.0,13986.0,15420.0,40698.0
2025-07-18_16:47:43,7994.0,11603.0,43342.0,13082.0,15420.0,40698.0
2025-07-18_16:47:44,9538.0,11603.0,43342.0,14081.0,15420.0,40698.0
2025-07-18_16:47:44,10006.0,11603.0,43342.0,14056.0,15420.0,40698.0
2025-07-18_16:47:44,,,,14213.0,15420.0,40698.0
2025-07-18_16:47:48,3358.0,11603.0,43342.0,12191.0,15420.0,40698.0
2025-07-18_16:47:48,,,,,,
2025-07-18_16:47:52,2778.0,11603.0,43342.0,3776.0,15420.0,40698.0
2025-07-18_16:47:53,8023.0,11603.0,43342.0,13225.0,15420.0,40698.0
2025-07-18_16:47:53,9913.0,11603.0,43342.0,14269.0,15420.0,40698.0
2025-07-18_16:47:53,8101.0,11603.0,43342.0,13165.0,15420.0,40698.0
2025-07-18_16:47:53,8706.0,11603.0,43342.0,14089.0,15420.0,40698.0
2025-07-18_16:47:54,8103.0,11603.0,43342.0,13048.0,15420.0,40698.0
2025-07-18_16:47:54,9865.0,11603.0,43342.0,13983.0,15420.0,40698.0
2025-07-18_16:47:54,9941.0,11603.0,43342.0,13995.0,15420.0,40698.0
2025-07-18_16:47:54,8668.0,11603.0,43342.0,14082.0,15420.0,40698.0
2025-07-18_16:47:54,9984.0,11603.0,43342.0,14393.0,15420.0,40698.0
2025-07-18_16:47:55,,,,14891.0,15921.0,41216.0
2025-07-18_16:47:59,2778.0,11603.0,43342.0,12184.0,15921.0,41216.0
2025-07-18_16:47:59,,,,,,
2025-07-18_16:48:03,6970.0,11603.0,43342.0,3793.0,15921.0,41216.0
2025-07-18_16:48:03,8533.0,11603.0,43342.0,13815.0,15921.0,41216.0
2025-07-18_16:48:03,10330.0,11603.0,43347.0,14432.0,15921.0,41216.0
2025-07-18_16:48:03,10347.0,11603.0,43351.0,14534.0,15921.0,41216.0
2025-07-18_16:48:03,8024.0,11603.0,43351.0,13090.0,15921.0,41216.0
2025-07-18_16:48:04,,,,,,
2025-07-18_16:48:07,6968.0,11603.0,43351.0,3792.0,15921.0,41216.0
2025-07-18_16:48:08,8537.0,11603.0,43351.0,13796.0,15921.0,41216.0
2025-07-18_16:48:08,8527.0,11603.0,43351.0,14089.0,15921.0,41216.0
2025-07-18_16:48:08,,,,,,
2025-07-18_16:48:12,,,,3776.0,15921.0,41216.0
2025-07-18_16:48:16,2778.0,11603.0,43351.0,12162.0,15921.0,41216.0
2025-07-18_16:48:16,7964.0,11603.0,43351.0,13260.0,15921.0,41216.0
2025-07-18_16:48:16,,,,,,
2025-07-18_16:48:20,6957.0,11603.0,43351.0,3792.0,15921.0,41216.0
2025-07-18_16:48:20,8697.0,11603.0,43352.0,14132.0,15921.0,41216.0
2025-07-18_16:48:21,9206.0,11603.0,43362.0,13831.0,15921.0,41216.0
2025-07-18_16:48:21,9614.0,11603.0,43362.0,14271.0,15921.0,41216.0
2025-07-18_16:48:21,8048.0,11603.0,43362.0,13126.0,15921.0,41216.0
2025-07-18_16:48:21,10193.0,11603.0,43362.0,14059.0,15921.0,41216.0
2025-07-18_16:48:22,,,,,,
2025-07-18_16:48:25,6971.0,11603.0,43362.0,3793.0,15921.0,41216.0
2025-07-18_16:48:26,8394.0,11603.0,43362.0,13803.0,15921.0,41216.0
2025-07-18_16:48:26,10624.0,11603.0,43362.0,14411.0,15921.0,41216.0
2025-07-18_16:48:26,7973.0,11603.0,43362.0,13075.0,15921.0,41216.0
2025-07-18_16:48:26,8075.0,11603.0,43381.0,13090.0,15921.0,41216.0
2025-07-18_16:48:27,2778.0,11603.0,43381.0,12193.0,15921.0,41216.0
2025-07-18_16:48:27,8988.0,11603.0,43381.0,13982.0,15921.0,41216.0
2025-07-18_16:48:28,7950.0,11603.0,43381.0,13051.0,15921.0,41216.0
2025-07-18_16:48:28,9974.0,11603.0,43387.0,14248.0,15921.0,41216.0
2025-07-18_16:48:28,10616.0,11603.0,43391.0,14485.0,15921.0,41218.0
2025-07-18_16:48:28,8080.0,11603.0,43391.0,13059.0,15921.0,41218.0
2025-07-18_16:48:29,,,,,,
2025-07-18_16:48:32,6965.0,11603.0,43391.0,3794.0,15921.0,41218.0
2025-07-18_16:48:33,9712.0,11603.0,43391.0,13985.0,15921.0,41218.0
2025-07-18_16:48:33,7978.0,11603.0,43391.0,12902.0,15921.0,41218.0
2025-07-18_16:48:33,,,,13043.0,15921.0,41218.0
2025-07-18_16:48:37,2778.0,11603.0,43391.0,12162.0,15921.0,41218.0
2025-07-18_16:48:37,8003.0,11603.0,43391.0,13322.0,15921.0,41218.0
2025-07-18_16:48:37,,,,13797.0,15921.0,41218.0
2025-07-18_16:48:41,2778.0,11603.0,43391.0,12191.0,15921.0,41218.0
2025-07-18_16:48:41,10273.0,11603.0,43391.0,14194.0,15921.0,41219.0
2025-07-18_16:48:42,7985.0,11603.0,43391.0,12908.0,15921.0,41224.0
2025-07-18_16:48:42,7985.0,11603.0,43391.0,13271.0,15921.0,41224.0
2025-07-18_16:48:42,7976.0,11603.0,43391.0,12896.0,15921.0,41224.0
2025-07-18_16:48:42,,,,,,
2025-07-18_16:48:46,6969.0,11603.0,43392.0,3793.0,15921.0,41224.0
2025-07-18_16:48:46,,,,12900.0,15921.0,41224.0
2025-07-18_16:48:50,2778.0,11603.0,43392.0,12187.0,15921.0,41224.0
2025-07-18_16:48:50,8555.0,11603.0,43392.0,13798.0,15921.0,41224.0
2025-07-18_16:48:51,10324.0,11603.0,43412.0,14421.0,15924.0,41261.0
2025-07-18_16:48:51,,,,13988.0,15924.0,41261.0
2025-07-18_16:48:55,3375.0,11603.0,43412.0,12166.0,15924.0,41261.0
2025-07-18_16:48:55,,,,13057.0,15924.0,41262.0
2025-07-18_16:48:59,2778.0,11603.0,43412.0,12186.0,15924.0,41262.0
2025-07-18_16:48:59,9861.0,11603.0,43414.0,13987.0,15924.0,41262.0
2025-07-18_16:48:59,8045.0,11603.0,43414.0,13127.0,15924.0,41262.0
2025-07-18_16:48:59,7962.0,11603.0,43414.0,13052.0,15924.0,41262.0
2025-07-18_16:49:00,2778.0,11603.0,43414.0,12177.0,15924.0,41262.0
2025-07-18_16:49:00,9878.0,11603.0,43414.0,14070.0,15924.0,41262.0
2025-07-18_16:49:01,8112.0,11603.0,43414.0,13259.0,15924.0,41262.0
2025-07-18_16:49:01,,,,,,
2025-07-18_16:49:05,2778.0,11603.0,43414.0,3776.0,15924.0,41262.0
2025-07-18_16:49:06,9891.0,11603.0,43414.0,14015.0,15924.0,41262.0
2025-07-18_16:49:06,2778.0,11603.0,43414.0,12168.0,15924.0,41262.0
2025-07-18_16:49:07,8481.0,11603.0,43414.0,14303.0,15924.0,41262.0
2025-07-18_16:49:07,,,,13068.0,15924.0,41262.0
2025-07-18_16:49:11,2778.0,11603.0,43414.0,12167.0,15924.0,41262.0
2025-07-18_16:49:11,7973.0,11603.0,43414.0,13065.0,15924.0,41262.0
2025-07-18_16:49:11,9130.0,11603.0,43414.0,13802.0,15924.0,41262.0
2025-07-18_16:49:11,7990.0,11603.0,43414.0,13056.0,15924.0,41262.0
2025-07-18_16:49:12,9869.0,11603.0,43421.0,14010.0,15924.0,41262.0
2025-07-18_16:49:12,7955.0,11603.0,43421.0,13052.0,15924.0,41262.0
2025-07-18_16:49:12,10194.0,11603.0,43421.0,14080.0,15924.0,41262.0
2025-07-18_16:49:12,8588.0,11603.0,43421.0,14098.0,15924.0,41262.0
2025-07-18_16:49:13,8563.0,11603.0,43421.0,14119.0,15924.0,41262.0
2025-07-18_16:49:13,8065.0,11603.0,43421.0,13048.0,15924.0,41265.0
2025-07-18_16:49:13,8969.0,11603.0,43421.0,14028.0,15924.0,41265.0
2025-07-18_16:49:13,7964.0,11603.0,43421.0,13515.0,15924.0,41265.0
2025-07-18_16:49:13,8581.0,11603.0,43421.0,14338.0,15924.0,41265.0
2025-07-18_16:49:14,7977.0,11603.0,43421.0,13055.0,15924.0,41265.0
2025-07-18_16:49:14,9724.0,11603.0,43421.0,13979.0,15924.0,41265.0
2025-07-18_16:49:14,8073.0,11603.0,43421.0,13239.0,15924.0,41265.0
2025-07-18_16:49:14,7979.0,11603.0,43421.0,13052.0,15924.0,41265.0
2025-07-18_16:49:15,8521.0,11603.0,43421.0,13839.0,15924.0,41265.0
2025-07-18_16:49:15,7983.0,11603.0,43421.0,13429.0,15924.0,41265.0
2025-07-18_16:49:15,8553.0,11603.0,43421.0,13817.0,15924.0,41265.0
2025-07-18_16:49:15,8559.0,11603.0,43421.0,13803.0,15924.0,41265.0
2025-07-18_16:49:16,7953.0,11603.0,43421.0,13518.0,15924.0,41265.0
2025-07-18_16:49:16,9893.0,11603.0,43421.0,13986.0,15924.0,41265.0
2025-07-18_16:49:17,2778.0,11603.0,43421.0,12192.0,15924.0,41265.0
2025-07-18_16:49:17,7976.0,11603.0,43421.0,13053.0,15924.0,41265.0
2025-07-18_16:49:17,,,,14286.0,15924.0,41342.0
2025-07-18_16:49:21,2778.0,11603.0,43421.0,12160.0,15924.0,41342.0
2025-07-18_16:49:21,,,,13079.0,15924.0,41342.0
2025-07-18_16:49:25,2778.0,11603.0,43421.0,12193.0,15924.0,41342.0
2025-07-18_16:49:25,7961.0,11603.0,43421.0,13236.0,15924.0,41342.0
2025-07-18_16:49:26,10618.0,11603.0,43425.0,14949.0,15924.0,41342.0
2025-07-18_16:49:26,,,,,,
2025-07-18_16:49:30,6956.0,11603.0,43425.0,3792.0,15924.0,41342.0
2025-07-18_16:49:30,,,,,,
2025-07-18_16:49:34,6967.0,11603.0,43425.0,3792.0,15924.0,41342.0
2025-07-18_16:49:34,7952.0,11603.0,43425.0,13056.0,15924.0,41342.0
2025-07-18_16:49:34,8524.0,11603.0,43425.0,13072.0,15924.0,41342.0
2025-07-18_16:49:34,8042.0,11603.0,43425.0,13080.0,15924.0,41342.0
2025-07-18_16:49:35,8070.0,11603.0,43425.0,13089.0,15924.0,41342.0
2025-07-18_16:49:35,9868.0,11603.0,43425.0,14268.0,15924.0,41342.0
2025-07-18_16:49:35,,,,,,
2025-07-18_16:49:40,2778.0,11603.0,43425.0,3776.0,15924.0,41342.0
2025-07-18_16:49:40,9927.0,11603.0,43425.0,14131.0,15924.0,41342.0
2025-07-18_16:49:40,9704.0,11603.0,43425.0,13977.0,15924.0,41342.0
2025-07-18_16:49:40,,,,,,
2025-07-18_16:49:44,6970.0,11603.0,43425.0,3793.0,15924.0,41342.0
2025-07-18_16:49:45,2778.0,11603.0,43425.0,12194.0,15924.0,41342.0
2025-07-18_16:49:45,,,,13275.0,15924.0,41342.0
2025-07-18_16:49:49,2778.0,11603.0,43425.0,12160.0,15924.0,41342.0
2025-07-18_16:49:49,9586.0,11603.0,43425.0,14018.0,15924.0,41342.0
2025-07-18_16:49:49,8121.0,11603.0,43425.0,13056.0,15924.0,41342.0
2025-07-18_16:49:50,,,,14045.0,15924.0,41342.0
2025-07-18_16:49:53,3375.0,11603.0,43425.0,12193.0,15924.0,41342.0
2025-07-18_16:49:54,8083.0,11603.0,43425.0,13238.0,15924.0,41342.0
2025-07-18_16:49:54,7957.0,11603.0,43425.0,13267.0,15924.0,41342.0
2025-07-18_16:49:54,8535.0,11603.0,43425.0,13838.0,15924.0,41342.0
2025-07-18_16:49:54,,,,13121.0,15924.0,41342.0
2025-07-18_16:49:58,2778.0,11603.0,43425.0,12164.0,15924.0,41342.0
2025-07-18_16:49:58,8582.0,11603.0,43425.0,13843.0,15924.0,41342.0
2025-07-18_16:49:58,,,,14445.0,15924.0,41342.0
2025-07-18_16:50:02,3375.0,11603.0,43425.0,12201.0,15924.0,41342.0
2025-07-18_16:50:02,8507.0,11603.0,43425.0,13848.0,15924.0,41342.0
2025-07-18_16:50:03,8676.0,11603.0,43425.0,14075.0,15924.0,41342.0
2025-07-18_16:50:03,7972.0,11603.0,43425.0,13087.0,15924.0,41342.0
2025-07-18_16:50:03,7956.0,11603.0,43425.0,12858.0,15924.0,41342.0
2025-07-18_16:50:03,,,,,,
2025-07-18_16:50:07,6968.0,11603.0,43425.0,3793.0,15924.0,41342.0
2025-07-18_16:50:07,8544.0,11603.0,43425.0,13606.0,15924.0,41342.0
2025-07-18_16:50:08,7978.0,11603.0,43425.0,13299.0,15924.0,41342.0
2025-07-18_16:50:08,,,,14176.0,15924.0,41342.0
2025-07-18_16:50:12,3358.0,11603.0,43425.0,12186.0,15924.0,41342.0
2025-07-18_16:50:12,8054.0,11603.0,43425.0,13341.0,15924.0,41342.0
2025-07-18_16:50:12,9772.0,11603.0,43425.0,13970.0,15924.0,41342.0
2025-07-18_16:50:12,,,,14147.0,15924.0,41346.0
2025-07-18_16:50:16,2778.0,11603.0,43425.0,12193.0,15924.0,41346.0
2025-07-18_16:50:16,10109.0,11603.0,43425.0,14046.0,15924.0,41346.0
2025-07-18_16:50:17,,,,,,
2025-07-18_16:50:20,6957.0,11603.0,43425.0,3792.0,15924.0,41346.0
2025-07-18_16:50:21,,,,14045.0,15924.0,41346.0
2025-07-18_16:50:24,3358.0,11603.0,43425.0,12169.0,15924.0,41346.0
2025-07-18_16:50:24,8025.0,11603.0,43425.0,12867.0,15924.0,41346.0
2025-07-18_16:50:25,10160.0,11603.0,43425.0,14067.0,15924.0,41346.0
2025-07-18_16:50:25,9877.0,11603.0,43425.0,14310.0,15924.0,41346.0
2025-07-18_16:50:25,8707.0,11603.0,43425.0,14274.0,15924.0,41346.0
2025-07-18_16:50:25,,,,,,
2025-07-18_16:50:29,6965.0,11603.0,43425.0,3793.0,15924.0,41346.0
2025-07-18_16:50:29,,,,,,
2025-07-18_16:50:33,6966.0,11603.0,43425.0,3792.0,15924.0,41346.0
2025-07-18_16:50:33,8545.0,11603.0,43425.0,14081.0,15924.0,41346.0
2025-07-18_16:50:34,9699.0,11603.0,43425.0,13981.0,15924.0,41346.0
2025-07-18_16:50:34,7971.0,11603.0,43425.0,13343.0,15924.0,41346.0
2025-07-18_16:50:34,8007.0,11603.0,43425.0,13522.0,15924.0,41346.0
2025-07-18_16:50:34,10174.0,11603.0,43438.0,14250.0,15924.0,41346.0
2025-07-18_16:50:34,7968.0,11603.0,43438.0,13264.0,15924.0,41346.0
2025-07-18_16:50:35,,,,,,
2025-07-18_16:50:38,6966.0,11603.0,43438.0,3792.0,15924.0,41346.0
2025-07-18_16:50:39,9706.0,11603.0,43438.0,13790.0,15924.0,41346.0
2025-07-18_16:50:39,8610.0,11603.0,43438.0,14097.0,15924.0,41346.0
2025-07-18_16:50:39,8611.0,11603.0,43438.0,14104.0,15924.0,41346.0
2025-07-18_16:50:39,7982.0,11603.0,43438.0,13271.0,15924.0,41346.0
2025-07-18_16:50:40,8014.0,11603.0,43438.0,13227.0,15924.0,41346.0
2025-07-18_16:50:40,9466.0,11603.0,43438.0,14057.0,15924.0,41346.0
2025-07-18_16:50:40,,,,,,
2025-07-18_16:50:44,6974.0,11603.0,43438.0,3792.0,15924.0,41346.0
2025-07-18_16:50:44,,,,,,
2025-07-18_16:50:48,6964.0,11603.0,43438.0,3792.0,15924.0,41346.0
2025-07-18_16:50:48,9952.0,11603.0,43438.0,13985.0,15924.0,41346.0
2025-07-18_16:50:48,7945.0,11603.0,43438.0,13262.0,15924.0,41346.0
2025-07-18_16:50:49,8522.0,11603.0,43438.0,13270.0,15924.0,41346.0
2025-07-18_16:50:49,,,,14298.0,15924.0,41346.0
2025-07-18_16:50:53,3358.0,11603.0,43438.0,12184.0,15924.0,41346.0
2025-07-18_16:50:53,8759.0,11603.0,43438.0,14093.0,15924.0,41346.0
2025-07-18_16:50:53,8721.0,11603.0,43439.0,14223.0,15924.0,41346.0
2025-07-18_16:50:54,2778.0,11603.0,43439.0,12190.0,15924.0,41346.0
2025-07-18_16:50:54,8057.0,11603.0,43439.0,13042.0,15924.0,41346.0
2025-07-18_16:50:54,,,,,,
2025-07-18_16:50:58,6962.0,11603.0,43439.0,3794.0,15924.0,41346.0
2025-07-18_16:50:58,,,,,,
2025-07-18_16:51:02,6965.0,11603.0,43439.0,3792.0,15924.0,41346.0
2025-07-18_16:51:02,10191.0,11603.0,43439.0,14028.0,15924.0,41346.0
2025-07-18_16:51:03,7983.0,11603.0,43439.0,13045.0,15924.0,41346.0
2025-07-18_16:51:03,9880.0,11603.0,43439.0,14056.0,15924.0,41346.0
2025-07-18_16:51:03,8014.0,11603.0,43439.0,13073.0,15924.0,41346.0
2025-07-18_16:51:03,,,,12901.0,15924.0,41346.0
2025-07-18_16:51:07,2778.0,11603.0,43439.0,12195.0,15924.0,41346.0
2025-07-18_16:51:07,9963.0,11603.0,43439.0,14022.0,15924.0,41346.0
2025-07-18_16:51:08,,,,,,
2025-07-18_16:51:11,6963.0,11603.0,43439.0,3793.0,15924.0,41346.0
2025-07-18_16:51:12,7976.0,11603.0,43439.0,13077.0,15924.0,41346.0
2025-07-18_16:51:12,8027.0,11603.0,43439.0,13051.0,15924.0,41346.0
2025-07-18_16:51:12,7980.0,11603.0,43439.0,13053.0,15924.0,41346.0
2025-07-18_16:51:12,,,,14069.0,15924.0,41346.0
2025-07-18_16:51:16,3375.0,11603.0,43439.0,12180.0,15924.0,41346.0
2025-07-18_16:51:16,8056.0,11603.0,43439.0,13336.0,15924.0,41346.0
2025-07-18_16:51:17,,,,14123.0,15924.0,41346.0
2025-07-18_16:51:20,2778.0,11603.0,43439.0,12193.0,15924.0,41346.0
2025-07-18_16:51:21,9837.0,11603.0,43439.0,13983.0,15924.0,41346.0
2025-07-18_16:51:21,8618.0,11603.0,43439.0,14052.0,15924.0,41346.0
2025-07-18_16:51:21,7955.0,11603.0,43439.0,13223.0,15924.0,41346.0
2025-07-18_16:51:21,,,,,,
2025-07-18_16:51:25,6967.0,11603.0,43439.0,3792.0,15924.0,41346.0
2025-07-18_16:51:25,9513.0,11603.0,43439.0,14009.0,15924.0,41346.0
2025-07-18_16:51:26,7956.0,11603.0,43439.0,13082.0,15924.0,41346.0
2025-07-18_16:51:26,,,,,,
2025-07-18_16:51:30,6966.0,11603.0,43439.0,3786.0,15924.0,41346.0
2025-07-18_16:51:30,10032.0,11603.0,43439.0,14080.0,15924.0,41346.0
2025-07-18_16:51:30,,,,,,
2025-07-18_16:51:34,6960.0,11603.0,43439.0,3793.0,15924.0,41346.0
2025-07-18_16:51:35,2778.0,11603.0,43439.0,13259.0,15924.0,41359.0
2025-07-18_16:51:35,,,,13989.0,15924.0,41359.0
2025-07-18_16:51:39,3358.0,11603.0,43439.0,12195.0,15924.0,41359.0
2025-07-18_16:51:39,8674.0,11603.0,43439.0,14225.0,15924.0,41359.0
2025-07-18_16:51:39,8536.0,11603.0,43439.0,13259.0,15924.0,41359.0
2025-07-18_16:51:39,,,,,,
2025-07-18_16:51:43,6967.0,11603.0,43501.0,3794.0,15924.0,41359.0
2025-07-18_16:51:43,,,,,,
2025-07-18_16:51:47,6962.0,11603.0,43501.0,3793.0,15924.0,41359.0
2025-07-18_16:51:47,9058.0,11603.0,43501.0,14091.0,15924.0,41359.0
2025-07-18_16:51:48,9202.0,11603.0,43501.0,14076.0,15924.0,41359.0
2025-07-18_16:51:48,8518.0,11603.0,43501.0,13809.0,15924.0,41359.0
2025-07-18_16:51:48,,,,14068.0,15924.0,41359.0
2025-07-18_16:51:52,3323.0,11603.0,43501.0,12192.0,15924.0,41359.0
2025-07-18_16:51:52,8615.0,11603.0,43501.0,14299.0,15924.0,41359.0
2025-07-18_16:51:52,8669.0,11603.0,43501.0,14040.0,15924.0,41426.0
2025-07-18_16:51:52,,,,13784.0,15924.0,41426.0
2025-07-18_16:51:56,3375.0,11603.0,43501.0,12190.0,15924.0,41426.0
2025-07-18_16:51:56,9842.0,11603.0,43501.0,14221.0,15924.0,41426.0
2025-07-18_16:51:56,8030.0,11603.0,43501.0,13049.0,15924.0,41426.0
2025-07-18_16:51:57,8096.0,11603.0,43501.0,13088.0,15924.0,41426.0
2025-07-18_16:51:57,,,,14313.0,15924.0,41426.0
2025-07-18_16:52:01,3375.0,11603.0,43501.0,12190.0,15924.0,41426.0
2025-07-18_16:52:01,,,,,,
2025-07-18_16:52:05,2778.0,11603.0,43501.0,3776.0,15924.0,41426.0
2025-07-18_16:52:05,9845.0,11603.0,43507.0,13948.0,15924.0,41426.0
2025-07-18_16:52:06,10333.0,11603.0,43513.0,14364.0,15924.0,41487.0
2025-07-18_16:52:06,,,,,,
2025-07-18_16:52:10,6964.0,11603.0,43513.0,3793.0,15924.0,41487.0
2025-07-18_16:52:10,,,,,,
2025-07-18_16:52:14,6962.0,11603.0,43513.0,3793.0,15924.0,41487.0
2025-07-18_16:52:14,8517.0,11603.0,43513.0,13870.0,15924.0,41487.0
2025-07-18_16:52:14,9868.0,11603.0,43513.0,14097.0,15924.0,41487.0
2025-07-18_16:52:14,,,,14087.0,15924.0,41487.0
2025-07-18_16:52:18,3317.0,11603.0,43513.0,12149.0,15924.0,41487.0
2025-07-18_16:52:18,,,,,,
2025-07-18_16:52:22,6969.0,11603.0,43513.0,3793.0,15924.0,41487.0
2025-07-18_16:52:22,9900.0,11603.0,43513.0,14101.0,15924.0,41487.0
2025-07-18_16:52:23,,,,13961.0,15924.0,41487.0
2025-07-18_16:52:26,2778.0,11603.0,43513.0,12183.0,15924.0,41487.0
2025-07-18_16:52:27,,,,13796.0,15924.0,41487.0
2025-07-18_16:52:30,3304.0,11603.0,43513.0,12190.0,15924.0,41487.0
2025-07-18_16:52:31,9690.0,11603.0,43513.0,13737.0,15924.0,41487.0
2025-07-18_16:52:31,9850.0,11603.0,43513.0,13967.0,15924.0,41487.0
2025-07-18_16:52:31,10054.0,11603.0,43514.0,14297.0,15924.0,41487.0
2025-07-18_16:52:31,8671.0,11603.0,43514.0,13915.0,15924.0,41487.0
2025-07-18_16:52:31,8008.0,11603.0,43514.0,13091.0,15924.0,41487.0
2025-07-18_16:52:32,9741.0,11603.0,43514.0,14096.0,15924.0,41487.0
2025-07-18_16:52:32,9977.0,11603.0,43514.0,13990.0,15924.0,41487.0
2025-07-18_16:52:33,2778.0,11603.0,43514.0,12179.0,15924.0,41487.0
2025-07-18_16:52:33,7994.0,11603.0,43514.0,12871.0,15924.0,41487.0
2025-07-18_16:52:33,,,,14146.0,15924.0,41487.0
2025-07-18_16:52:37,2778.0,11603.0,43514.0,12164.0,15924.0,41487.0
2025-07-18_16:52:37,8015.0,11603.0,43514.0,13090.0,15924.0,41487.0
2025-07-18_16:52:37,9916.0,11603.0,43514.0,14387.0,15924.0,41490.0
2025-07-18_16:52:38,7959.0,11603.0,43514.0,13231.0,15924.0,41490.0
2025-07-18_16:52:38,,,,13661.0,15924.0,41490.0
2025-07-18_16:52:42,2778.0,11603.0,43514.0,12175.0,15924.0,41490.0
2025-07-18_16:52:42,9849.0,11603.0,43515.0,13970.0,15924.0,41490.0
2025-07-18_16:52:42,,,,,,
2025-07-18_16:52:46,6959.0,11603.0,43515.0,3792.0,15924.0,41490.0
2025-07-18_16:52:46,9194.0,11603.0,43515.0,13790.0,15924.0,41490.0
2025-07-18_16:52:47,,,,14307.0,15924.0,41490.0
2025-07-18_16:52:50,3375.0,11603.0,43515.0,12182.0,15924.0,41490.0
2025-07-18_16:52:50,8033.0,11603.0,43515.0,13259.0,15924.0,41490.0
2025-07-18_16:52:51,10111.0,11603.0,43515.0,14045.0,15924.0,41490.0
2025-07-18_16:52:51,,,,,,
2025-07-18_16:52:55,6965.0,11603.0,43515.0,3795.0,15924.0,41490.0
2025-07-18_16:52:55,8049.0,11603.0,43515.0,13266.0,15924.0,41490.0
2025-07-18_16:52:55,,,,,,
2025-07-18_16:52:59,6968.0,11603.0,43515.0,3793.0,15924.0,41490.0
2025-07-18_16:52:59,9697.0,11603.0,43515.0,13982.0,15924.0,41490.0
2025-07-18_16:52:59,8015.0,11603.0,43515.0,13267.0,15924.0,41490.0
2025-07-18_16:53:00,2778.0,11603.0,43515.0,12169.0,15924.0,41491.0
2025-07-18_16:53:01,9687.0,11603.0,43515.0,13759.0,15924.0,41491.0
2025-07-18_16:53:01,9143.0,11603.0,43515.0,13782.0,15924.0,41491.0
2025-07-18_16:53:01,8116.0,11603.0,43515.0,13044.0,15924.0,41491.0
2025-07-18_16:53:01,9902.0,11603.0,43515.0,14228.0,15924.0,41491.0
2025-07-18_16:53:01,8575.0,11603.0,43515.0,14015.0,15924.0,41494.0
2025-07-18_16:53:02,9703.0,11603.0,43515.0,13977.0,15924.0,41494.0
2025-07-18_16:53:02,,,,13321.0,15924.0,41494.0
2025-07-18_16:53:06,2778.0,11603.0,43515.0,12177.0,15924.0,41494.0
2025-07-18_16:53:06,,,,,,
2025-07-18_16:53:10,2778.0,11603.0,43515.0,3778.0,15924.0,41494.0
2025-07-18_16:53:11,7935.0,11603.0,43515.0,12907.0,15924.0,41494.0
2025-07-18_16:53:11,,,,,,
2025-07-18_16:53:15,6970.0,11603.0,43515.0,3792.0,15924.0,41494.0
2025-07-18_16:53:15,8544.0,11603.0,43515.0,13260.0,15924.0,41494.0
2025-07-18_16:53:15,10012.0,11603.0,43515.0,14025.0,15924.0,41494.0
2025-07-18_16:53:15,8576.0,11603.0,43515.0,14002.0,15924.0,41494.0
2025-07-18_16:53:16,,,,,,
2025-07-18_16:53:20,2778.0,11603.0,43515.0,3776.0,15924.0,41494.0
2025-07-18_16:53:20,8622.0,11603.0,43525.0,14102.0,15924.0,41494.0
2025-07-18_16:53:21,,,,13238.0,15924.0,41494.0
2025-07-18_16:53:24,2778.0,11603.0,43525.0,12160.0,15924.0,41494.0
2025-07-18_16:53:25,10143.0,11603.0,43526.0,14045.0,15924.0,41494.0
2025-07-18_16:53:25,10574.0,11603.0,43526.0,14465.0,15924.0,41495.0
2025-07-18_16:53:25,7993.0,11603.0,43526.0,13264.0,15924.0,41495.0
2025-07-18_16:53:25,9902.0,11603.0,43526.0,13988.0,15924.0,41495.0
2025-07-18_16:53:26,,,,,,
2025-07-18_16:53:30,2778.0,11603.0,43526.0,3776.0,15924.0,41495.0
2025-07-18_16:53:30,,,,13849.0,15924.0,41495.0
2025-07-18_16:53:34,2778.0,11603.0,43526.0,12169.0,15924.0,41495.0
2025-07-18_16:53:34,9920.0,11603.0,43526.0,13696.0,15924.0,41497.0
2025-07-18_16:53:35,,,,13058.0,15924.0,41497.0
2025-07-18_16:53:38,2780.0,11603.0,43526.0,12165.0,15924.0,41497.0
2025-07-18_16:53:39,8339.0,11603.0,43526.0,13730.0,15924.0,41497.0
2025-07-18_16:53:39,8038.0,11603.0,43526.0,13225.0,15924.0,41497.0
2025-07-18_16:53:39,9856.0,11603.0,43526.0,13985.0,15924.0,41497.0
2025-07-18_16:53:39,,,,,,
2025-07-18_16:53:43,,,,3792.0,15924.0,41497.0
2025-07-18_16:53:47,2778.0,11603.0,43526.0,12191.0,15924.0,41497.0
2025-07-18_16:53:47,7989.0,11603.0,43526.0,13228.0,15924.0,41497.0
2025-07-18_16:53:47,,,,,,
2025-07-18_16:53:51,,,,3792.0,15924.0,41497.0
2025-07-18_16:53:55,2778.0,11603.0,43526.0,12168.0,15924.0,41497.0
2025-07-18_16:53:55,8523.0,11603.0,43526.0,13049.0,15924.0,41497.0
2025-07-18_16:53:56,9035.0,11603.0,43526.0,13806.0,15924.0,41497.0
2025-07-18_16:53:56,7980.0,11603.0,43526.0,12870.0,15924.0,41497.0
2025-07-18_16:53:56,8529.0,11603.0,43526.0,13810.0,15924.0,41497.0
2025-07-18_16:53:56,9900.0,11606.0,43551.0,14013.0,15924.0,41498.0
2025-07-18_16:53:57,,,,14226.0,15924.0,41498.0
2025-07-18_16:54:00,3358.0,11606.0,43551.0,12203.0,15924.0,41498.0
2025-07-18_16:54:00,7953.0,11606.0,43551.0,13083.0,15924.0,41498.0
2025-07-18_16:54:01,8115.0,11606.0,43551.0,13047.0,15924.0,41498.0
2025-07-18_16:54:01,,,,,,
2025-07-18_16:54:05,6964.0,11606.0,43551.0,3792.0,15924.0,41498.0
2025-07-18_16:54:05,9730.0,11606.0,43551.0,14013.0,15924.0,41498.0
2025-07-18_16:54:05,9967.0,11606.0,43551.0,13984.0,15924.0,41498.0
2025-07-18_16:54:05,8036.0,11606.0,43551.0,13048.0,15924.0,41498.0
2025-07-18_16:54:06,10971.0,11873.0,43831.0,14988.0,15946.0,41594.0
2025-07-18_16:54:06,10030.0,11873.0,43833.0,14296.0,15946.0,41594.0
2025-07-18_16:54:06,8511.0,11873.0,43833.0,13809.0,15946.0,41594.0
2025-07-18_16:54:06,,,,13269.0,15946.0,41594.0
2025-07-18_16:54:10,2778.0,11873.0,43833.0,12167.0,15946.0,41594.0
2025-07-18_16:54:10,9141.0,11873.0,43833.0,13783.0,15946.0,41594.0
2025-07-18_16:54:11,9875.0,11873.0,43833.0,14188.0,15946.0,41594.0
2025-07-18_16:54:11,8548.0,11873.0,43833.0,13829.0,15946.0,41594.0
2025-07-18_16:54:11,8030.0,11873.0,43833.0,13082.0,15946.0,41594.0
2025-07-18_16:54:11,,,,,,
2025-07-18_16:54:16,2778.0,11873.0,43833.0,3776.0,15946.0,41594.0
2025-07-18_16:54:16,7984.0,11873.0,43833.0,13334.0,15946.0,41594.0
2025-07-18_16:54:16,,,,,,
2025-07-18_16:54:20,6969.0,11873.0,43833.0,3793.0,15946.0,41594.0
2025-07-18_16:54:20,7967.0,11873.0,43833.0,13234.0,15946.0,41594.0
2025-07-18_16:54:20,,,,14003.0,15946.0,41594.0
2025-07-18_16:54:24,3319.0,11873.0,43833.0,12188.0,15946.0,41594.0
2025-07-18_16:54:24,7961.0,11873.0,43833.0,12896.0,15946.0,41594.0
2025-07-18_16:54:25,,,,,,
2025-07-18_16:54:28,6965.0,11873.0,43833.0,3792.0,15946.0,41594.0
2025-07-18_16:54:29,,,,,,
2025-07-18_16:54:33,2778.0,11873.0,43833.0,3776.0,15946.0,41594.0
2025-07-18_16:54:33,7982.0,11873.0,43833.0,13278.0,15946.0,41594.0
2025-07-18_16:54:33,8510.0,11873.0,43833.0,13839.0,15946.0,41594.0
2025-07-18_16:54:34,10076.0,11873.0,43833.0,14272.0,15946.0,41594.0
2025-07-18_16:54:34,7948.0,11873.0,43833.0,13050.0,15946.0,41594.0
2025-07-18_16:54:34,9175.0,11873.0,43833.0,13816.0,15946.0,41594.0
2025-07-18_16:54:34,8075.0,11873.0,43833.0,13085.0,15946.0,41594.0
2025-07-18_16:54:35,,,,,,
2025-07-18_16:54:38,6967.0,11873.0,43833.0,3793.0,15946.0,41594.0
2025-07-18_16:54:39,9848.0,11873.0,43833.0,13828.0,15946.0,41594.0
2025-07-18_16:54:39,8093.0,11873.0,43833.0,13050.0,15946.0,41594.0
2025-07-18_16:54:39,9653.0,11873.0,43833.0,14009.0,15946.0,41594.0
2025-07-18_16:54:39,8535.0,11873.0,43833.0,13795.0,15946.0,41594.0
2025-07-18_16:54:40,7970.0,11873.0,43833.0,13262.0,15946.0,41594.0
2025-07-18_16:54:40,8629.0,11873.0,43834.0,14094.0,15946.0,41594.0
2025-07-18_16:54:40,10300.0,11873.0,43834.0,14233.0,15946.0,41594.0
2025-07-18_16:54:40,,,,,,
2025-07-18_16:54:44,6967.0,11873.0,43834.0,3793.0,15946.0,41594.0
2025-07-18_16:54:44,,,,,,
2025-07-18_16:54:48,6961.0,11873.0,43834.0,3793.0,15946.0,41594.0
2025-07-18_16:54:48,9789.0,11873.0,43834.0,14013.0,15946.0,41594.0
2025-07-18_16:54:49,8523.0,11873.0,43838.0,14304.0,15946.0,41594.0
2025-07-18_16:54:49,8082.0,11873.0,43838.0,13611.0,15946.0,41594.0
2025-07-18_16:54:49,9766.0,11873.0,43842.0,14022.0,15946.0,41594.0
2025-07-18_16:54:49,,,,14164.0,15946.0,41614.0
2025-07-18_16:54:53,3375.0,11873.0,43842.0,12190.0,15946.0,41614.0
2025-07-18_16:54:53,,,,,,
2025-07-18_16:54:57,3300.0,11873.0,43842.0,4595.0,15946.0,41614.0
2025-07-18_16:54:58,9803.0,11875.0,43844.0,13831.0,15946.0,41614.0
2025-07-18_16:54:58,10008.0,11875.0,43844.0,14272.0,15946.0,41614.0
2025-07-18_16:54:58,,,,,,
2025-07-18_16:55:03,2778.0,11875.0,43844.0,3776.0,15946.0,41614.0
2025-07-18_16:55:03,,,,,,
2025-07-18_16:55:07,6967.0,11875.0,43844.0,3792.0,15946.0,41614.0
2025-07-18_16:55:07,10145.0,11875.0,43844.0,14032.0,15946.0,41614.0
2025-07-18_16:55:07,9183.0,11875.0,43844.0,14287.0,15946.0,41614.0
2025-07-18_16:55:07,8604.0,11875.0,43848.0,14096.0,15946.0,41614.0
2025-07-18_16:55:08,8524.0,11875.0,43860.0,13800.0,15946.0,41614.0
2025-07-18_16:55:11,6964.0,11875.0,43860.0,3792.0,15946.0,41614.0
2025-07-18_16:55:12,8615.0,11875.0,43860.0,14082.0,15946.0,41614.0
2025-07-18_16:55:12,8502.0,11875.0,43860.0,13550.0,15946.0,41614.0
2025-07-18_16:55:12,,,,14074.0,15946.0,41614.0
2025-07-18_16:55:16,,,,,,
2025-07-18_16:55:20,6965.0,11875.0,43860.0,3792.0,15946.0,41614.0
2025-07-18_16:55:20,9494.0,11875.0,43860.0,13977.0,15946.0,41614.0
2025-07-18_16:55:20,9936.0,11875.0,43860.0,14176.0,15946.0,41614.0
2025-07-18_16:55:20,8527.0,11875.0,43860.0,13804.0,15946.0,41614.0
2025-07-18_16:55:21,8650.0,11875.0,43860.0,13996.0,15946.0,41614.0
2025-07-18_16:55:21,,,,14247.0,15946.0,41663.0
2025-07-18_16:55:25,2778.0,11875.0,43860.0,12168.0,15946.0,41663.0
2025-07-18_16:55:25,10023.0,11875.0,43860.0,13967.0,15946.0,41663.0
2025-07-18_16:55:25,9849.0,11875.0,43860.0,13738.0,15946.0,41663.0
2025-07-18_16:55:25,,,,,,
2025-07-18_16:55:29,6971.0,11875.0,43860.0,3793.0,15946.0,41663.0
2025-07-18_16:55:29,9488.0,11875.0,43860.0,13602.0,15946.0,41663.0
2025-07-18_16:55:30,9839.0,11875.0,43860.0,14009.0,15946.0,41663.0
2025-07-18_16:55:30,9877.0,11875.0,43860.0,14348.0,15946.0,41663.0
2025-07-18_16:55:30,7967.0,11875.0,43860.0,13078.0,15946.0,41663.0
2025-07-18_16:55:30,,,,14599.0,15946.0,41663.0
2025-07-18_16:55:34,,,,,,
2025-07-18_16:55:38,6964.0,11875.0,43860.0,3792.0,15946.0,41663.0
2025-07-18_16:55:38,,,,13885.0,15946.0,41663.0
2025-07-18_16:55:42,3319.0,11875.0,43860.0,12169.0,15946.0,41663.0
2025-07-18_16:55:42,9992.0,11875.0,43860.0,14344.0,15946.0,41663.0
2025-07-18_16:55:42,9628.0,11875.0,43860.0,13788.0,15946.0,41663.0
2025-07-18_16:55:43,2778.0,11875.0,43860.0,12186.0,15946.0,41663.0
2025-07-18_16:55:43,,,,,,
2025-07-18_16:55:47,6966.0,11875.0,43860.0,3793.0,15946.0,41663.0
2025-07-18_16:55:47,,,,14186.0,15946.0,41663.0
2025-07-18_16:55:51,3319.0,11875.0,43860.0,12185.0,15946.0,41663.0
2025-07-18_16:55:51,7978.0,11875.0,43860.0,13045.0,15946.0,41663.0
2025-07-18_16:55:51,,,,,,
2025-07-18_16:55:55,6965.0,11875.0,43860.0,3793.0,15946.0,41663.0
2025-07-18_16:55:55,,,,,,
2025-07-18_16:55:59,6970.0,11875.0,43860.0,3793.0,15946.0,41663.0
2025-07-18_16:55:59,,,,13774.0,15946.0,41663.0
2025-07-18_16:56:03,3302.0,11875.0,43860.0,12183.0,15946.0,41663.0
2025-07-18_16:56:03,8637.0,11875.0,43861.0,13886.0,15946.0,41663.0
2025-07-18_16:56:04,8596.0,11875.0,43861.0,13896.0,15946.0,41663.0
2025-07-18_16:56:04,,,,,,
2025-07-18_16:56:08,2778.0,11875.0,43861.0,3776.0,15946.0,41663.0
2025-07-18_16:56:08,,,,14035.0,15946.0,41663.0
2025-07-18_16:56:12,3302.0,11875.0,43861.0,12186.0,15946.0,41663.0
2025-07-18_16:56:12,,,,14278.0,15946.0,41663.0
2025-07-18_16:56:16,2778.0,11875.0,43861.0,12185.0,15946.0,41663.0
2025-07-18_16:56:16,9894.0,11875.0,43861.0,13869.0,15946.0,41663.0
2025-07-18_16:56:17,,,,,,
2025-07-18_16:56:20,6968.0,11875.0,43861.0,3793.0,15946.0,41663.0
2025-07-18_16:56:21,,,,13901.0,15946.0,41663.0
2025-07-18_16:56:24,3302.0,11875.0,43861.0,12195.0,15946.0,41663.0
2025-07-18_16:56:25,10293.0,11875.0,43864.0,14413.0,15946.0,41663.0
2025-07-18_16:56:25,8625.0,11875.0,43864.0,14188.0,15946.0,41663.0
2025-07-18_16:56:25,8675.0,11875.0,43864.0,14106.0,15946.0,41663.0
2025-07-18_16:56:25,9609.0,11875.0,43864.0,13995.0,15946.0,41670.0
2025-07-18_16:56:25,,,,13812.0,15946.0,41670.0
2025-07-18_16:56:29,2778.0,11875.0,43864.0,12162.0,15946.0,41670.0
2025-07-18_16:56:30,7947.0,11875.0,43864.0,13049.0,15946.0,41670.0
2025-07-18_16:56:30,8644.0,11875.0,43864.0,14120.0,15946.0,41670.0
2025-07-18_16:56:30,8502.0,11875.0,43864.0,13550.0,15946.0,41670.0
2025-07-18_16:56:30,,,,14102.0,15946.0,41673.0
2025-07-18_16:56:34,2778.0,11875.0,43864.0,12175.0,15946.0,41673.0
2025-07-18_16:56:34,8488.0,11875.0,43864.0,13750.0,15946.0,41676.0
2025-07-18_16:56:35,7969.0,11875.0,43864.0,13259.0,15946.0,41676.0
2025-07-18_16:56:35,8645.0,11875.0,43864.0,14125.0,15946.0,41676.0
2025-07-18_16:56:35,7969.0,11875.0,43864.0,13301.0,15946.0,41676.0
2025-07-18_16:56:35,8047.0,11875.0,43864.0,13079.0,15946.0,41676.0
2025-07-18_16:56:35,9991.0,11875.0,43864.0,14310.0,15946.0,41676.0
2025-07-18_16:56:36,9880.0,11875.0,43864.0,14352.0,15946.0,41676.0
2025-07-18_16:56:36,7954.0,11875.0,43864.0,13077.0,15946.0,41676.0
2025-07-18_16:56:36,10127.0,11875.0,43864.0,14085.0,15946.0,41676.0
2025-07-18_16:56:36,,,,,,
2025-07-18_16:56:40,6963.0,11875.0,43864.0,3792.0,15946.0,41676.0
2025-07-18_16:56:40,,,,,,
2025-07-18_16:56:45,2778.0,11875.0,43864.0,3776.0,15946.0,41676.0
2025-07-18_16:56:45,7953.0,11875.0,43864.0,13049.0,15946.0,41676.0
2025-07-18_16:56:45,7999.0,11875.0,43864.0,13055.0,15946.0,41676.0
2025-07-18_16:56:46,8333.0,11875.0,43864.0,14057.0,15946.0,41676.0
2025-07-18_16:56:46,7962.0,11875.0,43864.0,13241.0,15946.0,41676.0
2025-07-18_16:56:46,8556.0,11875.0,43864.0,13945.0,15946.0,41676.0
2025-07-18_16:56:46,7958.0,11875.0,43864.0,13051.0,15946.0,41676.0
2025-07-18_16:56:46,8014.0,11875.0,43864.0,13260.0,15946.0,41676.0
2025-07-18_16:56:47,10129.0,11875.0,43864.0,14320.0,15946.0,41676.0
2025-07-18_16:56:47,10057.0,11875.0,43864.0,14121.0,15946.0,41676.0
2025-07-18_16:56:47,8577.0,11875.0,43864.0,14288.0,15946.0,41676.0
2025-07-18_16:56:47,8097.0,11875.0,43871.0,13082.0,15946.0,41677.0
2025-07-18_16:56:48,8107.0,11875.0,43871.0,13039.0,15946.0,41677.0
2025-07-18_16:56:48,9149.0,11875.0,43871.0,13793.0,15946.0,41677.0
2025-07-18_16:56:48,9188.0,11875.0,43871.0,14029.0,15946.0,41677.0
2025-07-18_16:56:48,9831.0,11875.0,43871.0,13992.0,15946.0,41677.0
2025-07-18_16:56:48,8085.0,11875.0,43871.0,13076.0,15946.0,41677.0
2025-07-18_16:56:49,,,,,,
2025-07-18_16:56:53,6962.0,11875.0,43871.0,3794.0,15946.0,41677.0
2025-07-18_16:56:53,8024.0,11875.0,43871.0,13074.0,15946.0,41677.0
2025-07-18_16:56:53,9482.0,11875.0,43871.0,14065.0,15946.0,41677.0
2025-07-18_16:56:53,,,,13603.0,15946.0,41677.0
2025-07-18_16:56:57,3319.0,11875.0,43871.0,12188.0,15946.0,41677.0
2025-07-18_16:56:57,8538.0,11875.0,43871.0,13819.0,15946.0,41677.0
2025-07-18_16:56:57,7970.0,11875.0,43871.0,13056.0,15946.0,41677.0
2025-07-18_16:56:57,8108.0,11875.0,43871.0,13046.0,15946.0,41677.0
2025-07-18_16:56:58,,,,13876.0,15946.0,41677.0
2025-07-18_16:57:02,2778.0,11875.0,43871.0,12166.0,15946.0,41677.0
2025-07-18_16:57:02,,,,,,
2025-07-18_16:57:06,6968.0,11875.0,43871.0,3792.0,15946.0,41677.0
2025-07-18_16:57:06,8506.0,11875.0,43871.0,13563.0,15946.0,41677.0
2025-07-18_16:57:10,2778.0,11875.0,43871.0,12202.0,15946.0,41677.0
2025-07-18_16:57:10,,,,13804.0,15946.0,41677.0
2025-07-18_16:57:14,3319.0,11875.0,43871.0,12188.0,15946.0,41677.0
2025-07-18_16:57:14,8046.0,11875.0,43871.0,13048.0,15946.0,41677.0
2025-07-18_16:57:14,9839.0,11875.0,43871.0,13971.0,15946.0,41677.0
2025-07-18_16:57:14,7950.0,11875.0,43871.0,13054.0,15946.0,41677.0
2025-07-18_16:57:15,7965.0,11875.0,43871.0,13085.0,15946.0,41677.0
2025-07-18_16:57:15,8080.0,11875.0,43871.0,13081.0,15946.0,41677.0
2025-07-18_16:57:15,8010.0,11875.0,43871.0,13072.0,15946.0,41677.0
2025-07-18_16:57:15,9885.0,11875.0,43871.0,14300.0,15946.0,41677.0
2025-07-18_16:57:15,8504.0,11875.0,43871.0,13921.0,15946.0,41677.0
2025-07-18_16:57:16,,,,,,
2025-07-18_16:57:20,6966.0,11875.0,43871.0,3792.0,15946.0,41677.0
2025-07-18_16:57:20,10094.0,11875.0,43871.0,14018.0,15946.0,41677.0
2025-07-18_16:57:20,9821.0,11875.0,43871.0,14026.0,15946.0,41677.0
2025-07-18_16:57:20,8633.0,11875.0,43871.0,13936.0,15946.0,41678.0
2025-07-18_16:57:20,8037.0,11875.0,43871.0,13080.0,15946.0,41678.0
2025-07-18_16:57:21,10303.0,11875.0,43871.0,14432.0,15946.0,41678.0
2025-07-18_16:57:21,9539.0,11875.0,43871.0,13990.0,15946.0,41678.0
2025-07-18_16:57:21,8620.0,11875.0,43871.0,14104.0,15946.0,41678.0
2025-07-18_16:57:21,7962.0,11875.0,43871.0,13243.0,15946.0,41678.0
2025-07-18_16:57:21,8114.0,11875.0,43871.0,13514.0,15946.0,41678.0
2025-07-18_16:57:22,8483.0,11875.0,43871.0,12885.0,15946.0,41678.0
2025-07-18_16:57:22,10190.0,11875.0,43871.0,14091.0,15946.0,41678.0
2025-07-18_16:57:22,,,,13280.0,15946.0,41678.0
2025-07-18_16:57:26,2778.0,11875.0,43871.0,12183.0,15946.0,41678.0
2025-07-18_16:57:26,8762.0,11875.0,43871.0,14219.0,15946.0,41678.0
2025-07-18_16:57:26,9851.0,11875.0,43871.0,14018.0,15946.0,41678.0
2025-07-18_16:57:27,7974.0,11875.0,43871.0,13052.0,15946.0,41678.0
2025-07-18_16:57:27,8061.0,11875.0,43871.0,13057.0,15946.0,41678.0
2025-07-18_16:57:27,8073.0,11875.0,43871.0,13479.0,15946.0,41678.0
2025-07-18_16:57:27,,,,,,
2025-07-18_16:57:31,6902.0,11875.0,43871.0,3793.0,15946.0,41678.0
2025-07-18_16:57:31,,,,,,
2025-07-18_16:57:35,6958.0,11875.0,43871.0,3792.0,15946.0,41678.0
2025-07-18_16:57:35,8537.0,11875.0,43871.0,12903.0,15946.0,41678.0
2025-07-18_16:57:36,8106.0,11875.0,43871.0,13047.0,15946.0,41678.0
2025-07-18_16:57:36,8112.0,11875.0,43871.0,13049.0,15946.0,41678.0
2025-07-18_16:57:36,7968.0,11875.0,43871.0,13050.0,15946.0,41678.0
2025-07-18_16:57:36,8542.0,11875.0,43876.0,13260.0,15946.0,41678.0
2025-07-18_16:57:37,8557.0,11875.0,43876.0,14090.0,15946.0,41678.0
2025-07-18_16:57:37,8598.0,11875.0,43876.0,14099.0,15946.0,41678.0
2025-07-18_16:57:37,9905.0,11875.0,43876.0,14269.0,15946.0,41678.0
2025-07-18_16:57:37,7974.0,11875.0,43876.0,13269.0,15946.0,41678.0
2025-07-18_16:57:38,7951.0,11875.0,43876.0,13319.0,15946.0,41678.0
2025-07-18_16:57:38,8650.0,11875.0,43876.0,14214.0,15946.0,41678.0
2025-07-18_16:57:38,,,,,,
2025-07-18_16:57:42,2778.0,11875.0,43876.0,3776.0,15946.0,41678.0
2025-07-18_16:57:43,7966.0,11875.0,43876.0,13294.0,15946.0,41678.0
2025-07-18_16:57:43,9902.0,11875.0,43876.0,13794.0,15946.0,41678.0
2025-07-18_16:57:43,10283.0,11875.0,43876.0,14637.0,15946.0,41685.0
2025-07-18_16:57:43,9855.0,11875.0,43876.0,13942.0,15946.0,41685.0
2025-07-18_16:57:44,,,,,,
2025-07-18_16:57:47,6963.0,11875.0,43876.0,3793.0,15946.0,41685.0
2025-07-18_16:57:48,8071.0,11875.0,43876.0,13079.0,15946.0,41685.0
2025-07-18_16:57:48,8015.0,11875.0,43876.0,13223.0,15946.0,41685.0
2025-07-18_16:57:48,8010.0,11875.0,43876.0,13042.0,15946.0,41685.0
2025-07-18_16:57:48,8541.0,11875.0,43876.0,14123.0,15946.0,41685.0
2025-07-18_16:57:49,9158.0,11875.0,43876.0,13826.0,15946.0,41685.0
2025-07-18_16:57:49,9707.0,11875.0,43876.0,13773.0,15946.0,41685.0
2025-07-18_16:57:49,8503.0,11875.0,43876.0,13731.0,15946.0,41685.0
2025-07-18_16:57:49,8012.0,11875.0,43876.0,13046.0,15946.0,41685.0
2025-07-18_16:57:49,10199.0,11875.0,43876.0,14387.0,15946.0,41685.0
2025-07-18_16:57:50,8063.0,11875.0,43876.0,13048.0,15946.0,41685.0
2025-07-18_16:57:50,8015.0,11875.0,43876.0,13050.0,15946.0,41685.0
2025-07-18_16:57:50,,,,,,
2025-07-18_16:57:54,6969.0,11875.0,43876.0,3792.0,15946.0,41685.0
2025-07-18_16:57:54,8508.0,11875.0,43876.0,13831.0,15946.0,41685.0
2025-07-18_16:57:54,,,,,,
2025-07-18_16:57:59,2778.0,11875.0,43876.0,3776.0,15946.0,41685.0
2025-07-18_16:57:59,8011.0,11875.0,43876.0,13256.0,15946.0,41685.0
2025-07-18_16:57:59,,,,14299.0,15946.0,41685.0
2025-07-18_16:58:03,3302.0,11875.0,43876.0,12198.0,15946.0,41685.0
2025-07-18_16:58:03,8055.0,11875.0,43876.0,13042.0,15946.0,41685.0
2025-07-18_16:58:03,9685.0,11875.0,43876.0,13984.0,15946.0,41685.0
2025-07-18_16:58:04,8621.0,11875.0,43876.0,14055.0,15946.0,41685.0
2025-07-18_16:58:04,8641.0,11875.0,43876.0,14087.0,15946.0,41685.0
2025-07-18_16:58:04,,,,,,
2025-07-18_16:58:08,6961.0,11875.0,43876.0,3792.0,15946.0,41685.0
2025-07-18_16:58:08,,,,14412.0,15946.0,41686.0
2025-07-18_16:58:12,3319.0,11875.0,43876.0,12185.0,15946.0,41686.0
2025-07-18_16:58:12,8520.0,11875.0,43876.0,13802.0,15946.0,41686.0
2025-07-18_16:58:12,9320.0,11875.0,43876.0,14050.0,15946.0,41686.0
2025-07-18_16:58:13,,,,,,
2025-07-18_16:58:16,6965.0,11875.0,43876.0,3793.0,15946.0,41686.0
2025-07-18_16:58:17,,,,14665.0,15946.0,41687.0
2025-07-18_16:58:20,3377.0,11875.0,43876.0,12171.0,15946.0,41687.0
2025-07-18_16:58:20,8076.0,11875.0,43876.0,12888.0,15946.0,41687.0
2025-07-18_16:58:21,9756.0,11875.0,43876.0,13986.0,15946.0,41687.0
2025-07-18_16:58:21,8527.0,11875.0,43876.0,13072.0,15946.0,41687.0
2025-07-18_16:58:21,9755.0,11875.0,43876.0,14103.0,15946.0,41687.0
2025-07-18_16:58:21,10216.0,11875.0,43876.0,14382.0,15946.0,41687.0
2025-07-18_16:58:22,,,,13081.0,15946.0,41687.0
2025-07-18_16:58:25,2778.0,11875.0,43876.0,12184.0,15946.0,41687.0
2025-07-18_16:58:26,,,,,,
2025-07-18_16:58:30,2778.0,11875.0,43876.0,3776.0,15946.0,41687.0
2025-07-18_16:58:30,8081.0,11875.0,43876.0,13051.0,15946.0,41687.0
2025-07-18_16:58:31,10149.0,11875.0,43877.0,14390.0,15946.0,41687.0
2025-07-18_16:58:31,,,,,,
2025-07-18_16:58:35,6968.0,11875.0,43877.0,3792.0,15946.0,41687.0
2025-07-18_16:58:35,8612.0,11875.0,43877.0,14100.0,15946.0,41687.0
2025-07-18_16:58:35,9721.0,11875.0,43877.0,14262.0,15946.0,41687.0
2025-07-18_16:58:35,,,,14039.0,15946.0,41687.0
2025-07-18_16:58:39,2778.0,11875.0,43877.0,12184.0,15946.0,41687.0
2025-07-18_16:58:39,8028.0,11875.0,43877.0,13047.0,15946.0,41687.0
2025-07-18_16:58:40,,,,14499.0,15946.0,41687.0
2025-07-18_16:58:43,3358.0,11875.0,43877.0,12198.0,15946.0,41687.0
2025-07-18_16:58:44,9239.0,11875.0,43877.0,14032.0,15946.0,41687.0
2025-07-18_16:58:44,,,,,,
2025-07-18_16:58:48,6963.0,11875.0,43877.0,3792.0,15946.0,41687.0
2025-07-18_16:58:48,8602.0,11875.0,43877.0,14208.0,15946.0,41687.0
2025-07-18_16:58:48,,,,13792.0,15946.0,41687.0
2025-07-18_16:58:52,3377.0,11875.0,43877.0,12182.0,15946.0,41687.0
2025-07-18_16:58:52,8652.0,11875.0,43877.0,14096.0,15946.0,41687.0
2025-07-18_16:58:52,,,,,,
2025-07-18_16:58:57,2778.0,11875.0,43877.0,3776.0,15946.0,41687.0
2025-07-18_16:58:57,9811.0,11875.0,43877.0,14264.0,15946.0,41687.0
2025-07-18_16:58:57,8690.0,11875.0,43883.0,14296.0,15946.0,41687.0
2025-07-18_16:58:57,8525.0,11875.0,43883.0,13772.0,15946.0,41687.0
2025-07-18_16:58:57,9638.0,11875.0,43883.0,13763.0,15946.0,41687.0
2025-07-18_16:58:58,,,,,,
2025-07-18_16:59:01,6968.0,11875.0,43883.0,3793.0,15946.0,41687.0
2025-07-18_16:59:02,10091.0,11875.0,43883.0,13858.0,15946.0,41687.0
2025-07-18_16:59:02,7954.0,11875.0,43883.0,13055.0,15946.0,41687.0
2025-07-18_16:59:02,9890.0,11875.0,43883.0,13985.0,15946.0,41687.0
2025-07-18_16:59:02,8517.0,11875.0,43883.0,13250.0,15946.0,41687.0
2025-07-18_16:59:03,7957.0,11875.0,43883.0,13081.0,15946.0,41687.0
2025-07-18_16:59:03,10576.0,11875.0,43883.0,14475.0,15946.0,41687.0
2025-07-18_16:59:03,7999.0,11875.0,43883.0,13265.0,15946.0,41687.0
2025-07-18_16:59:03,10191.0,11875.0,43883.0,13841.0,15946.0,41687.0
2025-07-18_16:59:04,7977.0,11875.0,43883.0,13236.0,15946.0,41691.0
2025-07-18_16:59:04,9824.0,11875.0,43883.0,14009.0,15946.0,41691.0
2025-07-18_16:59:04,,,,,,
2025-07-18_16:59:09,2778.0,11875.0,43883.0,3776.0,15946.0,41691.0
2025-07-18_16:59:09,8550.0,11875.0,43886.0,13829.0,15946.0,41691.0
2025-07-18_16:59:09,,,,,,
2025-07-18_16:59:13,6964.0,11875.0,43886.0,3793.0,15946.0,41691.0
2025-07-18_16:59:13,7948.0,11875.0,43886.0,13043.0,15946.0,41691.0
2025-07-18_16:59:13,8056.0,11875.0,43886.0,13049.0,15946.0,41691.0
2025-07-18_16:59:14,8627.0,11875.0,43886.0,14074.0,15946.0,41691.0
2025-07-18_16:59:14,,,,,,
2025-07-18_16:59:18,6960.0,11875.0,43886.0,3792.0,15946.0,41691.0
2025-07-18_16:59:18,10160.0,11875.0,43886.0,14420.0,15946.0,41691.0
2025-07-18_16:59:18,9672.0,11875.0,43886.0,13937.0,15946.0,41691.0
2025-07-18_16:59:18,,,,13780.0,15946.0,41691.0
2025-07-18_16:59:22,3302.0,11875.0,43886.0,12189.0,15946.0,41691.0
2025-07-18_16:59:22,,,,,,
2025-07-18_16:59:26,6965.0,11875.0,43886.0,3792.0,15946.0,41691.0
2025-07-18_16:59:26,10139.0,11875.0,43886.0,14623.0,15946.0,41698.0
2025-07-18_16:59:26,8009.0,11875.0,43886.0,13054.0,15946.0,41698.0
2025-07-18_16:59:27,10094.0,11875.0,43887.0,13835.0,15946.0,41698.0
2025-07-18_16:59:27,,,,,,
2025-07-18_16:59:31,6969.0,11875.0,43887.0,3793.0,15946.0,41698.0
2025-07-18_16:59:31,8064.0,11875.0,43887.0,13236.0,15946.0,41698.0
2025-07-18_16:59:31,8557.0,11875.0,43887.0,13808.0,15946.0,41698.0
2025-07-18_16:59:32,7967.0,11875.0,43887.0,13259.0,15946.0,41698.0
2025-07-18_16:59:32,,,,14026.0,15946.0,41698.0
2025-07-18_16:59:35,3375.0,11875.0,43887.0,12185.0,15946.0,41698.0
2025-07-18_16:59:36,8515.0,11875.0,43887.0,13807.0,15946.0,41698.0
2025-07-18_16:59:36,9879.0,11875.0,43887.0,13986.0,15946.0,41698.0
2025-07-18_16:59:36,8526.0,11875.0,43887.0,13839.0,15946.0,41698.0
2025-07-18_16:59:36,8016.0,11875.0,43887.0,13080.0,15946.0,41698.0
2025-07-18_16:59:37,9878.0,11875.0,43887.0,13980.0,15946.0,41698.0
2025-07-18_16:59:37,9974.0,11875.0,43887.0,14539.0,15946.0,41702.0
2025-07-18_16:59:37,8540.0,11875.0,43887.0,14021.0,15946.0,41702.0
2025-07-18_16:59:37,7955.0,11875.0,43887.0,13050.0,15946.0,41702.0
2025-07-18_16:59:37,7994.0,11875.0,43887.0,13077.0,15946.0,41702.0
2025-07-18_16:59:38,8524.0,11875.0,43887.0,14123.0,15946.0,41702.0
2025-07-18_16:59:38,8641.0,11875.0,43887.0,14101.0,15946.0,41702.0
2025-07-18_16:59:38,,,,,,
2025-07-18_16:59:42,,,,3792.0,15946.0,41702.0
2025-07-18_16:59:46,2778.0,11875.0,43887.0,12191.0,15946.0,41702.0
2025-07-18_16:59:46,,,,,,
2025-07-18_16:59:50,6969.0,11875.0,43887.0,3792.0,15946.0,41702.0
2025-07-18_16:59:50,10353.0,11875.0,43888.0,14185.0,15946.0,41702.0
2025-07-18_16:59:51,2778.0,11875.0,43888.0,12190.0,15946.0,41702.0
2025-07-18_16:59:51,9963.0,11875.0,43888.0,14559.0,15946.0,41703.0
2025-07-18_16:59:51,7959.0,11875.0,43888.0,13078.0,15946.0,41703.0
2025-07-18_16:59:52,8003.0,11875.0,43888.0,13091.0,15946.0,41703.0
2025-07-18_16:59:52,9775.0,11875.0,43888.0,14238.0,15946.0,41703.0
2025-07-18_16:59:52,,,,13828.0,15946.0,41703.0
2025-07-18_16:59:56,3321.0,11875.0,43888.0,12187.0,15946.0,41703.0
2025-07-18_16:59:56,,,,14383.0,15946.0,41703.0
2025-07-18_17:00:00,2778.0,11875.0,43888.0,12193.0,15946.0,41703.0
2025-07-18_17:00:00,7953.0,11875.0,43888.0,13050.0,15946.0,41703.0
2025-07-18_17:00:00,9713.0,11875.0,43889.0,14223.0,15946.0,41703.0
2025-07-18_17:00:01,7955.0,11875.0,43889.0,13086.0,15946.0,41703.0
2025-07-18_17:00:01,7975.0,11875.0,43889.0,13045.0,15946.0,41703.0
2025-07-18_17:00:01,8521.0,11875.0,43891.0,13899.0,15946.0,41703.0
2025-07-18_17:00:01,,,,,,
2025-07-18_17:00:06,2778.0,11875.0,43891.0,3776.0,15946.0,41703.0
2025-07-18_17:00:06,7962.0,11875.0,43891.0,13055.0,15946.0,41703.0
2025-07-18_17:00:06,7954.0,11875.0,43891.0,13046.0,15946.0,41703.0
2025-07-18_17:00:06,,,,14578.0,15946.0,41703.0
2025-07-18_17:00:10,3375.0,11875.0,43891.0,12193.0,15946.0,41703.0
2025-07-18_17:00:10,9834.0,11875.0,43891.0,14232.0,15946.0,41703.0
2025-07-18_17:00:11,8789.0,11875.0,43891.0,14084.0,15946.0,41703.0
2025-07-18_17:00:11,8080.0,11875.0,43891.0,12901.0,15946.0,41703.0
2025-07-18_17:00:12,2778.0,11875.0,43891.0,12162.0,15946.0,41703.0
2025-07-18_17:00:12,9850.0,11875.0,43891.0,13973.0,15946.0,41703.0
2025-07-18_17:00:12,9757.0,11875.0,43891.0,14229.0,15946.0,41703.0
2025-07-18_17:00:12,7977.0,11875.0,43891.0,13309.0,15946.0,41703.0
2025-07-18_17:00:13,7976.0,11875.0,43891.0,13051.0,15946.0,41703.0
2025-07-18_17:00:13,7995.0,11875.0,43891.0,13043.0,15946.0,41703.0
2025-07-18_17:00:13,8600.0,11875.0,43891.0,14176.0,15946.0,41703.0
2025-07-18_17:00:13,8039.0,11875.0,43891.0,13226.0,15946.0,41703.0
2025-07-18_17:00:14,9916.0,11875.0,43892.0,14260.0,15946.0,41703.0
2025-07-18_17:00:14,8115.0,11875.0,43892.0,13252.0,15946.0,41703.0
2025-07-18_17:00:14,8066.0,11875.0,43892.0,13049.0,15946.0,41703.0
2025-07-18_17:00:14,9684.0,11875.0,43892.0,13978.0,15946.0,41703.0
2025-07-18_17:00:15,7979.0,11875.0,43892.0,12867.0,15946.0,41703.0
2025-07-18_17:00:15,8008.0,11875.0,43892.0,12897.0,15946.0,41703.0
2025-07-18_17:00:15,,,,13823.0,15946.0,41703.0
2025-07-18_17:00:19,2778.0,11875.0,43892.0,12199.0,15946.0,41703.0
2025-07-18_17:00:19,9862.0,11875.0,43892.0,13797.0,15946.0,41703.0
2025-07-18_17:00:19,,,,13292.0,15946.0,41703.0
2025-07-18_17:00:23,2778.0,11875.0,43892.0,12191.0,15946.0,41703.0
2025-07-18_17:00:23,9723.0,11875.0,43892.0,14014.0,15946.0,41703.0
2025-07-18_17:00:24,10166.0,11875.0,43892.0,14357.0,15946.0,41703.0
2025-07-18_17:00:24,10009.0,11875.0,43892.0,14345.0,15946.0,41703.0
2025-07-18_17:00:24,8071.0,11875.0,43892.0,13046.0,15946.0,41703.0
2025-07-18_17:00:24,,,,,,
2025-07-18_17:00:28,6963.0,11875.0,43892.0,3792.0,15946.0,41703.0
2025-07-18_17:00:28,7961.0,11875.0,43892.0,13275.0,15946.0,41703.0
2025-07-18_17:00:29,,,,,,
2025-07-18_17:00:32,6964.0,11875.0,43892.0,3792.0,15946.0,41703.0
2025-07-18_17:00:33,10097.0,11875.0,43892.0,14369.0,15946.0,41703.0
2025-07-18_17:00:33,2778.0,11875.0,43892.0,12191.0,15946.0,41703.0
2025-07-18_17:00:34,10508.0,11883.0,43924.0,14097.0,15946.0,41704.0
2025-07-18_17:00:34,7973.0,11883.0,43924.0,13357.0,15946.0,41704.0
2025-07-18_17:00:34,,,,13983.0,15946.0,41704.0
2025-07-18_17:00:38,3358.0,11883.0,43924.0,12162.0,15946.0,41704.0
2025-07-18_17:00:38,8508.0,11883.0,43924.0,13070.0,15946.0,41704.0
2025-07-18_17:00:38,,,,14007.0,15946.0,41704.0
2025-07-18_17:00:42,2778.0,11883.0,43924.0,12191.0,15946.0,41704.0
2025-07-18_17:00:42,9920.0,11883.0,43924.0,14154.0,15946.0,41704.0
2025-07-18_17:00:43,,,,,,
2025-07-18_17:00:46,,,,3792.0,15946.0,41704.0
2025-07-18_17:00:50,2780.0,11883.0,43924.0,12202.0,15946.0,41704.0
2025-07-18_17:00:50,,,,,,
2025-07-18_17:00:54,,,,3776.0,15946.0,41704.0
2025-07-18_17:00:58,2778.0,11883.0,43924.0,12186.0,15946.0,41704.0
2025-07-18_17:00:58,8590.0,11883.0,43928.0,14045.0,15946.0,41704.0
2025-07-18_17:00:59,8051.0,11883.0,43928.0,12867.0,15946.0,41704.0
2025-07-18_17:00:59,,,,13981.0,15946.0,41704.0
2025-07-18_17:01:02,3319.0,11883.0,43928.0,12192.0,15946.0,41706.0
2025-07-18_17:01:03,,,,14010.0,15946.0,41707.0
2025-07-18_17:01:06,3319.0,11883.0,43928.0,12186.0,15946.0,41707.0
2025-07-18_17:01:07,8534.0,11883.0,43928.0,13800.0,15946.0,41707.0
2025-07-18_17:01:07,7950.0,11883.0,43928.0,13238.0,15946.0,41707.0
2025-07-18_17:01:07,9693.0,11883.0,43928.0,13966.0,15946.0,41707.0
2025-07-18_17:01:07,,,,13227.0,15946.0,41707.0
2025-07-18_17:01:11,2778.0,11883.0,43928.0,12199.0,15946.0,41707.0
2025-07-18_17:01:11,,,,,,
2025-07-18_17:01:16,2778.0,11883.0,43928.0,3776.0,15946.0,41707.0
2025-07-18_17:01:16,8526.0,11883.0,43928.0,13901.0,15946.0,41707.0
2025-07-18_17:01:16,8016.0,11883.0,43928.0,13225.0,15946.0,41707.0
2025-07-18_17:01:16,10669.0,11883.0,43928.0,14668.0,15946.0,41709.0
2025-07-18_17:01:17,9892.0,11883.0,43930.0,14016.0,15946.0,41709.0
2025-07-18_17:01:17,8093.0,11883.0,43930.0,13615.0,15946.0,41709.0
2025-07-18_17:01:17,7982.0,11883.0,43930.0,13157.0,15946.0,41709.0
2025-07-18_17:01:18,3300.0,11883.0,43930.0,12807.0,15946.0,41709.0
2025-07-18_17:01:18,8060.0,11883.0,43930.0,13056.0,15946.0,41709.0
2025-07-18_17:01:19,,,,14224.0,15946.0,41709.0
2025-07-18_17:01:22,2778.0,11883.0,43930.0,12186.0,15946.0,41709.0
2025-07-18_17:01:23,8061.0,11883.0,43930.0,13049.0,15946.0,41709.0
2025-07-18_17:01:23,10317.0,11883.0,43931.0,14131.0,15951.0,41718.0
2025-07-18_17:01:23,,,,,,
2025-07-18_17:01:28,2778.0,11883.0,43931.0,3776.0,15951.0,41718.0
2025-07-18_17:01:28,8013.0,11883.0,43931.0,13016.0,15951.0,41718.0
2025-07-18_17:01:28,7966.0,11883.0,43931.0,13265.0,15951.0,41718.0
2025-07-18_17:01:28,,,,,,
2025-07-18_17:01:32,6964.0,11883.0,43931.0,3793.0,15951.0,41718.0
2025-07-18_17:01:32,8514.0,11883.0,43931.0,13808.0,15951.0,41718.0
2025-07-18_17:01:32,7962.0,11883.0,43931.0,13225.0,15951.0,41718.0
2025-07-18_17:01:33,8011.0,11883.0,43931.0,13050.0,15951.0,41718.0
2025-07-18_17:01:33,,,,13061.0,15951.0,41718.0
2025-07-18_17:01:37,2778.0,11883.0,43931.0,12186.0,15951.0,41718.0
2025-07-18_17:01:37,,,,,,
2025-07-18_17:01:41,6967.0,11883.0,43931.0,3787.0,15951.0,41718.0
2025-07-18_17:01:41,7958.0,11883.0,43931.0,13084.0,15951.0,41718.0
2025-07-18_17:01:41,9991.0,11883.0,43931.0,14094.0,15951.0,41718.0
2025-07-18_17:01:41,,,,14257.0,15951.0,41718.0
2025-07-18_17:01:45,2778.0,11883.0,43931.0,12190.0,15951.0,41718.0
2025-07-18_17:01:46,9183.0,11883.0,43931.0,13795.0,15951.0,41718.0
2025-07-18_17:01:46,8064.0,11883.0,43931.0,12883.0,15951.0,41718.0
2025-07-18_17:01:46,10288.0,11883.0,43931.0,14369.0,15951.0,41718.0
2025-07-18_17:01:46,9887.0,11883.0,43931.0,13982.0,15951.0,41718.0
2025-07-18_17:01:46,9684.0,11883.0,43931.0,14114.0,15951.0,41718.0
2025-07-18_17:01:47,8518.0,11883.0,43931.0,14087.0,15951.0,41718.0
2025-07-18_17:01:47,,,,13798.0,15951.0,41718.0
2025-07-18_17:01:51,2778.0,11883.0,43931.0,12193.0,15951.0,41718.0
2025-07-18_17:01:51,,,,,,
2025-07-18_17:01:55,6967.0,11883.0,43931.0,3792.0,15951.0,41718.0
2025-07-18_17:01:55,8012.0,11883.0,43931.0,13256.0,15951.0,41718.0
2025-07-18_17:01:55,9981.0,11883.0,43939.0,14380.0,15951.0,41718.0
2025-07-18_17:01:55,7951.0,11883.0,43939.0,13050.0,15951.0,41718.0
2025-07-18_17:01:56,8610.0,11883.0,43939.0,14331.0,15951.0,41718.0
2025-07-18_17:01:56,,,,14037.0,15951.0,41718.0
2025-07-18_17:02:00,3319.0,11883.0,43939.0,12166.0,15951.0,41718.0
2025-07-18_17:02:00,7974.0,11883.0,43939.0,13262.0,15951.0,41718.0
2025-07-18_17:02:00,9979.0,11883.0,43939.0,13987.0,15951.0,41718.0
2025-07-18_17:02:00,8090.0,11883.0,43939.0,13081.0,15951.0,41718.0
2025-07-18_17:02:01,,,,13612.0,15951.0,41718.0
2025-07-18_17:02:04,3358.0,11883.0,43939.0,12172.0,15951.0,41718.0
2025-07-18_17:02:05,8606.0,11883.0,43939.0,14306.0,15951.0,41718.0
2025-07-18_17:02:05,,,,13788.0,15951.0,41718.0
2025-07-18_17:02:08,3304.0,11883.0,43939.0,12195.0,15951.0,41718.0
2025-07-18_17:02:09,8033.0,11883.0,43939.0,12841.0,15951.0,41718.0
2025-07-18_17:02:09,,,,,,
2025-07-18_17:02:13,2778.0,11883.0,43939.0,3776.0,15951.0,41718.0
2025-07-18_17:02:14,,,,13092.0,15951.0,41718.0
2025-07-18_17:02:17,2778.0,11883.0,43939.0,12188.0,15951.0,41718.0
2025-07-18_17:02:18,,,,,,
2025-07-18_17:02:21,6962.0,11883.0,43939.0,3793.0,15951.0,41718.0
2025-07-18_17:02:22,10261.0,11883.0,43939.0,14164.0,15951.0,41718.0
2025-07-18_17:02:23,2778.0,11883.0,43939.0,12185.0,15951.0,41719.0
2025-07-18_17:02:23,9873.0,11883.0,43939.0,14016.0,15951.0,41719.0
2025-07-18_17:02:23,,,,13854.0,15951.0,41719.0
2025-07-18_17:02:27,2778.0,11883.0,43939.0,12149.0,15951.0,41719.0
2025-07-18_17:02:27,9187.0,11883.0,43939.0,13631.0,15951.0,41719.0
2025-07-18_17:02:27,8093.0,11883.0,43939.0,13088.0,15951.0,41719.0
2025-07-18_17:02:28,,,,,,
2025-07-18_17:02:31,6967.0,11883.0,43939.0,3793.0,15951.0,41719.0
2025-07-18_17:02:32,8133.0,11883.0,43939.0,12995.0,15951.0,41719.0
2025-07-18_17:02:32,8749.0,11883.0,43939.0,14413.0,15951.0,41719.0
2025-07-18_17:02:32,8529.0,11883.0,43939.0,13843.0,15951.0,41719.0
2025-07-18_17:02:32,9787.0,11883.0,43939.0,14274.0,15951.0,41719.0
2025-07-18_17:02:33,7976.0,11883.0,43939.0,13044.0,15951.0,41719.0
2025-07-18_17:02:33,9149.0,11883.0,43939.0,14017.0,15951.0,41719.0
2025-07-18_17:02:33,7957.0,11883.0,43939.0,13049.0,15951.0,41719.0
2025-07-18_17:02:33,,,,,,
2025-07-18_17:02:37,6968.0,11883.0,43939.0,3793.0,15951.0,41719.0
2025-07-18_17:02:37,8620.0,11883.0,43939.0,14093.0,15951.0,41719.0
2025-07-18_17:02:37,9636.0,11883.0,43939.0,13812.0,15951.0,41719.0
2025-07-18_17:02:38,9815.0,11883.0,43939.0,14239.0,15951.0,41719.0
2025-07-18_17:02:38,,,,,,
2025-07-18_17:02:42,6968.0,11883.0,43939.0,3792.0,15951.0,41719.0
2025-07-18_17:02:42,10288.0,11883.0,43939.0,14484.0,15951.0,41719.0
2025-07-18_17:02:42,7972.0,11883.0,43939.0,13257.0,15951.0,41719.0
2025-07-18_17:02:42,8634.0,11883.0,43939.0,14086.0,15951.0,41719.0
2025-07-18_17:02:43,7996.0,11883.0,43939.0,13050.0,15951.0,41719.0
2025-07-18_17:02:43,8014.0,11883.0,43939.0,13049.0,15951.0,41719.0
2025-07-18_17:02:43,,,,14074.0,15951.0,41719.0
2025-07-18_17:02:47,3302.0,11883.0,43939.0,12191.0,15951.0,41719.0
2025-07-18_17:02:47,8677.0,11883.0,43939.0,13624.0,15951.0,41719.0
2025-07-18_17:02:47,9864.0,11883.0,43939.0,14059.0,15951.0,41719.0
2025-07-18_17:02:48,,,,,,
2025-07-18_17:02:51,6970.0,11883.0,43939.0,3789.0,15951.0,41719.0
2025-07-18_17:02:52,8655.0,11883.0,43939.0,14218.0,15951.0,41719.0
2025-07-18_17:02:52,7975.0,11883.0,43939.0,12891.0,15951.0,41719.0
2025-07-18_17:02:52,9051.0,11883.0,43939.0,13808.0,15951.0,41719.0
2025-07-18_17:02:52,8692.0,11883.0,43939.0,14278.0,15951.0,41719.0
2025-07-18_17:02:52,7962.0,11883.0,43939.0,13353.0,15951.0,41719.0
2025-07-18_17:02:53,8069.0,11883.0,43939.0,13610.0,15951.0,41719.0
2025-07-18_17:02:54,2778.0,11883.0,43939.0,12182.0,15951.0,41719.0
2025-07-18_17:02:54,,,,14247.0,15951.0,41719.0
2025-07-18_17:02:58,2778.0,11883.0,43939.0,12197.0,15951.0,41719.0
2025-07-18_17:02:58,7968.0,11883.0,43939.0,13350.0,15951.0,41719.0
2025-07-18_17:02:58,9204.0,11883.0,43939.0,13787.0,15951.0,41719.0
2025-07-18_17:02:58,,,,13254.0,15951.0,41719.0
2025-07-18_17:03:02,2778.0,11883.0,43939.0,12143.0,15951.0,41719.0
2025-07-18_17:03:02,,,,,,
2025-07-18_17:03:06,6969.0,11883.0,43939.0,3792.0,15951.0,41719.0
2025-07-18_17:03:07,,,,,,
2025-07-18_17:03:10,6959.0,11883.0,43939.0,3792.0,15951.0,41719.0
2025-07-18_17:03:11,,,,,,
2025-07-18_17:03:14,6970.0,11883.0,43939.0,3792.0,15951.0,41719.0
2025-07-18_17:03:15,9806.0,11883.0,43947.0,14010.0,15951.0,41719.0
2025-07-18_17:03:15,9152.0,11883.0,43947.0,14034.0,15951.0,41719.0
2025-07-18_17:03:15,9841.0,11883.0,43947.0,13915.0,15951.0,41719.0
2025-07-18_17:03:15,8016.0,11883.0,43947.0,12867.0,15951.0,41719.0
2025-07-18_17:03:16,10133.0,11883.0,43947.0,14312.0,15951.0,41780.0
2025-07-18_17:03:16,9720.0,11883.0,43947.0,14031.0,15951.0,41780.0
2025-07-18_17:03:16,7972.0,11883.0,43947.0,13360.0,15951.0,41780.0
2025-07-18_17:03:16,9741.0,11883.0,43947.0,14203.0,15951.0,41780.0
2025-07-18_17:03:17,8519.0,11883.0,43947.0,13354.0,15951.0,41780.0
2025-07-18_17:03:17,9930.0,11883.0,43947.0,14334.0,15951.0,41780.0
2025-07-18_17:03:17,7956.0,11883.0,43947.0,13057.0,15951.0,41780.0
2025-07-18_17:03:17,10950.0,11884.0,43951.0,15372.0,15970.0,42075.0
2025-07-18_17:03:21,2778.0,11884.0,43951.0,12191.0,15970.0,42075.0
2025-07-18_17:03:21,8115.0,11884.0,43951.0,13256.0,15970.0,42075.0
2025-07-18_17:03:22,8797.0,11884.0,43951.0,14236.0,15970.0,42075.0
2025-07-18_17:03:22,9985.0,11884.0,43952.0,14159.0,15970.0,42075.0
2025-07-18_17:03:22,,,,,,
2025-07-18_17:03:26,6970.0,11884.0,43952.0,3792.0,15970.0,42075.0
2025-07-18_17:03:26,,,,,,
2025-07-18_17:03:30,6955.0,11884.0,43952.0,3793.0,15970.0,42075.0
2025-07-18_17:03:30,,,,14088.0,15970.0,42075.0
2025-07-18_17:03:34,,,,,,
2025-07-18_17:03:38,6965.0,11884.0,43952.0,3792.0,15970.0,42075.0
2025-07-18_17:03:42,2778.0,11884.0,43952.0,12193.0,15970.0,42075.0
2025-07-18_17:03:42,8075.0,11884.0,43952.0,13040.0,15970.0,42075.0
2025-07-18_17:03:42,8131.0,11884.0,43952.0,13252.0,15970.0,42075.0
2025-07-18_17:03:42,,,,14600.0,15970.0,42075.0
2025-07-18_17:03:46,2778.0,11884.0,43952.0,12186.0,15970.0,42075.0
2025-07-18_17:03:46,,,,14307.0,15970.0,42075.0
2025-07-18_17:03:50,2778.0,11884.0,43952.0,12197.0,15970.0,42075.0
2025-07-18_17:03:50,9892.0,11884.0,43952.0,14103.0,15970.0,42075.0
2025-07-18_17:03:51,9862.0,11884.0,43952.0,14006.0,15970.0,42075.0
2025-07-18_17:03:51,8633.0,11884.0,43955.0,14050.0,15970.0,42075.0
2025-07-18_17:03:51,10128.0,11884.0,43955.0,14066.0,15970.0,42075.0
2025-07-18_17:03:51,8520.0,11884.0,43955.0,13958.0,15970.0,42075.0
2025-07-18_17:03:52,,,,13983.0,15970.0,42075.0
2025-07-18_17:03:55,,,,,,
2025-07-18_17:03:59,6968.0,11884.0,43955.0,3793.0,15970.0,42075.0
2025-07-18_17:03:59,8489.0,11884.0,43955.0,13483.0,15970.0,42075.0
2025-07-18_17:04:00,,,,13904.0,15970.0,42075.0
2025-07-18_17:04:03,3319.0,11884.0,43955.0,12192.0,15970.0,42075.0
2025-07-18_17:04:03,8015.0,11884.0,43955.0,13048.0,15970.0,42075.0
2025-07-18_17:04:04,8637.0,11884.0,43955.0,14161.0,15970.0,42075.0
2025-07-18_17:04:04,9898.0,11884.0,43955.0,13978.0,15970.0,42075.0
2025-07-18_17:04:04,8993.0,11884.0,43991.0,13779.0,15970.0,42075.0
2025-07-18_17:04:04,10135.0,11884.0,43991.0,13879.0,15970.0,42075.0
2025-07-18_17:04:05,9848.0,11884.0,43991.0,14267.0,15970.0,42075.0
2025-07-18_17:04:05,10199.0,11884.0,43991.0,14662.0,15970.0,42075.0
2025-07-18_17:04:05,9861.0,11884.0,43991.0,14391.0,15970.0,42075.0
2025-07-18_17:04:05,10142.0,11884.0,43991.0,14035.0,15970.0,42078.0
2025-07-18_17:04:05,8673.0,11884.0,43991.0,14028.0,15970.0,42078.0
2025-07-18_17:04:06,,,,,,
2025-07-18_17:04:09,6966.0,11884.0,43991.0,3792.0,15970.0,42078.0
2025-07-18_17:04:10,8026.0,11884.0,43991.0,13236.0,15970.0,42078.0
2025-07-18_17:04:10,10079.0,11884.0,43993.0,14302.0,15970.0,42078.0
2025-07-18_17:04:10,9838.0,11884.0,43993.0,14068.0,15970.0,42078.0
2025-07-18_17:04:11,2778.0,11884.0,43993.0,12149.0,15970.0,42078.0
2025-07-18_17:04:11,,,,14426.0,15970.0,42079.0
2025-07-18_17:04:15,2778.0,11884.0,43993.0,12184.0,15970.0,42079.0
2025-07-18_17:04:15,8072.0,11884.0,43993.0,13331.0,15970.0,42079.0
2025-07-18_17:04:19,2778.0,11884.0,43993.0,12198.0,15970.0,42079.0
2025-07-18_17:04:19,,,,,,
2025-07-18_17:04:23,6961.0,11884.0,43993.0,3793.0,15970.0,42079.0
2025-07-18_17:04:23,9857.0,11884.0,43993.0,14080.0,15970.0,42079.0
2025-07-18_17:04:24,9906.0,11884.0,43993.0,13734.0,15970.0,42079.0
2025-07-18_17:04:24,8012.0,11884.0,43993.0,13231.0,15970.0,42079.0
2025-07-18_17:04:24,9922.0,11884.0,43993.0,13859.0,15970.0,42079.0
2025-07-18_17:04:24,7980.0,11884.0,43993.0,13166.0,15970.0,42079.0
2025-07-18_17:04:25,,,,13802.0,15970.0,42079.0
2025-07-18_17:04:28,2778.0,11884.0,43993.0,12193.0,15970.0,42079.0
2025-07-18_17:04:29,10601.0,11884.0,43994.0,14478.0,15970.0,42091.0
2025-07-18_17:04:29,,,,,,
2025-07-18_17:04:33,6973.0,11884.0,43994.0,3793.0,15970.0,42091.0
2025-07-18_17:04:33,10013.0,11884.0,44000.0,14071.0,15970.0,42091.0
2025-07-18_17:04:33,,,,13240.0,15970.0,42091.0
2025-07-18_17:04:37,2778.0,11884.0,44000.0,12170.0,15970.0,42091.0
2025-07-18_17:04:37,,,,,,
2025-07-18_17:04:41,,,,3793.0,15970.0,42105.0
2025-07-18_17:04:45,2780.0,11884.0,44000.0,12195.0,15970.0,42105.0
2025-07-18_17:04:45,8664.0,11884.0,44000.0,14090.0,15970.0,42105.0
2025-07-18_17:04:45,8628.0,11884.0,44000.0,14090.0,15970.0,42105.0
2025-07-18_17:04:46,8543.0,11884.0,44001.0,13897.0,15970.0,42105.0
2025-07-18_17:04:46,,,,,,
2025-07-18_17:04:50,6962.0,11884.0,44001.0,3794.0,15970.0,42105.0
2025-07-18_17:04:50,8007.0,11884.0,44001.0,13517.0,15970.0,42105.0
2025-07-18_17:04:50,8605.0,11884.0,44001.0,14087.0,15970.0,42105.0
2025-07-18_17:04:50,8534.0,11884.0,44001.0,13788.0,15970.0,42105.0
2025-07-18_17:04:51,9869.0,11884.0,44001.0,14010.0,15970.0,42105.0
2025-07-18_17:04:51,,,,,,
2025-07-18_17:04:55,6970.0,11884.0,44001.0,3793.0,15970.0,42105.0
2025-07-18_17:04:55,6963.0,11884.0,44001.0,4410.0,15970.0,42105.0
2025-07-18_17:04:56,6963.0,11884.0,44001.0,3793.0,15970.0,42105.0
2025-07-18_17:04:57,8024.0,11884.0,44001.0,13266.0,15970.0,42105.0
2025-07-18_17:04:57,8665.0,11884.0,44001.0,13825.0,15970.0,42105.0
2025-07-18_17:04:57,,,,13808.0,15970.0,42105.0
2025-07-18_17:05:01,3321.0,11884.0,44001.0,12191.0,15970.0,42105.0
2025-07-18_17:05:01,8635.0,11884.0,44001.0,14086.0,15970.0,42105.0
2025-07-18_17:05:01,,,,11873.0,15970.0,42105.0
2025-07-18_17:05:05,2778.0,11884.0,44001.0,12184.0,15970.0,42105.0
2025-07-18_17:05:05,8605.0,11884.0,44001.0,14037.0,15970.0,42105.0
2025-07-18_17:05:05,9148.0,11884.0,44001.0,13814.0,15970.0,42105.0
2025-07-18_17:05:06,9093.0,11884.0,44001.0,13992.0,15970.0,42105.0
2025-07-18_17:05:06,,,,,,
2025-07-18_17:05:10,6960.0,11884.0,44001.0,3792.0,15970.0,42105.0
2025-07-18_17:05:10,8025.0,11884.0,44001.0,13047.0,15970.0,42105.0
2025-07-18_17:05:10,8649.0,11884.0,44001.0,14071.0,15970.0,42105.0
2025-07-18_17:05:10,,,,,,
2025-07-18_17:05:15,2778.0,11884.0,44001.0,3776.0,15970.0,42105.0
2025-07-18_17:05:15,,,,,,
2025-07-18_17:05:19,6970.0,11884.0,44001.0,3793.0,15970.0,42105.0
2025-07-18_17:05:19,8555.0,11884.0,44001.0,13792.0,15970.0,42105.0
2025-07-18_17:05:19,10020.0,11884.0,44001.0,14119.0,15970.0,42105.0
2025-07-18_17:05:19,9799.0,11884.0,44001.0,13997.0,15970.0,42105.0
2025-07-18_17:05:20,7969.0,11884.0,44001.0,13048.0,15970.0,42105.0
2025-07-18_17:05:20,9657.0,11884.0,44001.0,13723.0,15970.0,42105.0
2025-07-18_17:05:20,9889.0,11884.0,44004.0,13986.0,15970.0,42105.0
2025-07-18_17:05:20,9890.0,11884.0,44005.0,14552.0,15970.0,42105.0
2025-07-18_17:05:21,10137.0,11884.0,44005.0,14306.0,15970.0,42105.0
2025-07-18_17:05:21,8533.0,11884.0,44005.0,13676.0,15970.0,42105.0
2025-07-18_17:05:21,8522.0,11884.0,44005.0,13836.0,15970.0,42105.0
2025-07-18_17:05:21,,,,14658.0,15970.0,42105.0
2025-07-18_17:05:25,2778.0,11884.0,44005.0,12191.0,15970.0,42105.0
2025-07-18_17:05:25,8609.0,11884.0,44005.0,14349.0,15970.0,42105.0
2025-07-18_17:05:26,9937.0,11884.0,44005.0,13988.0,15970.0,42105.0
2025-07-18_17:05:26,9583.0,11884.0,44005.0,13960.0,15970.0,42105.0
2025-07-18_17:05:26,8614.0,11884.0,44005.0,14087.0,15970.0,42105.0
2025-07-18_17:05:26,8033.0,11884.0,44005.0,13092.0,15970.0,42105.0
2025-07-18_17:05:27,9781.0,11884.0,44006.0,13734.0,15970.0,42105.0
2025-07-18_17:05:27,8527.0,11884.0,44006.0,13910.0,15970.0,42105.0
2025-07-18_17:05:27,,,,14061.0,15970.0,42105.0
2025-07-18_17:05:31,3317.0,11884.0,44006.0,12170.0,15970.0,42105.0
2025-07-18_17:05:31,9720.0,11884.0,44006.0,13839.0,15970.0,42108.0
2025-07-18_17:05:31,8652.0,11884.0,44006.0,14105.0,15970.0,42108.0
2025-07-18_17:05:31,8536.0,11884.0,44006.0,13811.0,15970.0,42108.0
2025-07-18_17:05:32,9876.0,11884.0,44006.0,13973.0,15970.0,42108.0
2025-07-18_17:05:32,9042.0,11884.0,44006.0,13947.0,15970.0,42108.0
2025-07-18_17:05:32,,,,,,
2025-07-18_17:05:36,6964.0,11884.0,44006.0,3793.0,15970.0,42108.0
2025-07-18_17:05:36,7979.0,11884.0,44006.0,13083.0,15970.0,42108.0
2025-07-18_17:05:36,8694.0,11884.0,44006.0,14195.0,15970.0,42108.0
2025-07-18_17:05:37,8503.0,11884.0,44006.0,13270.0,15970.0,42108.0
2025-07-18_17:05:37,,,,13189.0,15970.0,42109.0
2025-07-18_17:05:41,,,,,,
2025-07-18_17:05:45,6964.0,11884.0,44006.0,3792.0,15970.0,42109.0
2025-07-18_17:05:45,8113.0,11884.0,44006.0,12902.0,15970.0,42109.0
2025-07-18_17:05:45,9924.0,11884.0,44006.0,14021.0,15970.0,42109.0
2025-07-18_17:05:45,,,,,,
2025-07-18_17:05:49,6968.0,11884.0,44006.0,3792.0,15970.0,42109.0
2025-07-18_17:05:49,,,,,,
2025-07-18_17:05:54,2778.0,11884.0,44006.0,3776.0,15970.0,42109.0
2025-07-18_17:05:54,10346.0,11884.0,44009.0,14404.0,15970.0,42110.0
2025-07-18_17:05:54,10119.0,11884.0,44009.0,14267.0,15970.0,42110.0
2025-07-18_17:05:54,,,,13888.0,15970.0,42110.0
2025-07-18_17:05:58,3375.0,11884.0,44009.0,12192.0,15970.0,42110.0
2025-07-18_17:05:58,8527.0,11884.0,44009.0,13992.0,15970.0,42110.0
2025-07-18_17:05:58,8013.0,11884.0,44009.0,13248.0,15970.0,42110.0
2025-07-18_17:05:59,,,,14217.0,15970.0,42110.0
2025-07-18_17:06:02,3319.0,11884.0,44009.0,12191.0,15970.0,42110.0
2025-07-18_17:06:03,9746.0,11884.0,44009.0,13991.0,15970.0,42110.0
2025-07-18_17:06:03,,,,13825.0,15970.0,42110.0
2025-07-18_17:06:07,2778.0,11884.0,44009.0,12187.0,15970.0,42110.0
2025-07-18_17:06:07,9973.0,11884.0,44009.0,13975.0,15970.0,42110.0
2025-07-18_17:06:07,,,,,,
2025-07-18_17:06:11,6979.0,11884.0,44009.0,3793.0,15970.0,42110.0
2025-07-18_17:06:11,7979.0,11884.0,44009.0,13341.0,15970.0,42110.0
2025-07-18_17:06:11,8663.0,11884.0,44009.0,13913.0,15970.0,42110.0
2025-07-18_17:06:12,,,,,,
2025-07-18_17:06:16,2778.0,11884.0,44009.0,3776.0,15970.0,42110.0
2025-07-18_17:06:16,10078.0,11884.0,44009.0,13819.0,15970.0,42110.0
2025-07-18_17:06:17,9911.0,11884.0,44009.0,14305.0,15970.0,42110.0
2025-07-18_17:06:17,9923.0,11884.0,44009.0,14044.0,15970.0,42110.0
2025-07-18_17:06:17,9817.0,11884.0,44009.0,14287.0,15970.0,42110.0
2025-07-18_17:06:17,7998.0,11884.0,44009.0,13534.0,15970.0,42110.0
2025-07-18_17:06:18,,,,,,
2025-07-18_17:06:22,2778.0,11884.0,44009.0,3776.0,15970.0,42110.0
2025-07-18_17:06:22,,,,,,
2025-07-18_17:06:26,6965.0,11884.0,44009.0,3793.0,15970.0,42110.0
2025-07-18_17:06:26,9972.0,11884.0,44009.0,14387.0,15970.0,42110.0
2025-07-18_17:06:26,10899.0,11884.0,44016.0,15408.0,15970.0,42125.0
2025-07-18_17:06:27,8619.0,11884.0,44017.0,14084.0,15970.0,42125.0
2025-07-18_17:06:27,9756.0,11884.0,44018.0,14230.0,15970.0,42126.0
2025-07-18_17:06:27,,,,,,
2025-07-18_17:06:31,6967.0,11884.0,44018.0,3793.0,15970.0,42126.0
2025-07-18_17:06:31,8706.0,11884.0,44019.0,14052.0,15970.0,42126.0
2025-07-18_17:06:35,2778.0,11884.0,44019.0,12198.0,15970.0,42126.0
2025-07-18_17:06:35,10607.0,11884.0,44019.0,14193.0,15970.0,42126.0
2025-07-18_17:06:36,,,,13846.0,15970.0,42126.0
2025-07-18_17:06:39,2778.0,11884.0,44019.0,12161.0,15970.0,42126.0
2025-07-18_17:06:40,9681.0,11884.0,44019.0,13976.0,15970.0,42126.0
2025-07-18_17:06:40,8541.0,11884.0,44019.0,13811.0,15970.0,42126.0
2025-07-18_17:06:40,10285.0,11884.0,44019.0,14509.0,15970.0,42126.0
2025-07-18_17:06:40,9163.0,11884.0,44019.0,13611.0,15970.0,42126.0
2025-07-18_17:06:40,7966.0,11884.0,44019.0,13082.0,15970.0,42126.0
2025-07-18_17:06:41,9873.0,11884.0,44019.0,13801.0,15970.0,42126.0
2025-07-18_17:06:41,,,,13277.0,15970.0,42126.0
2025-07-18_17:06:45,2778.0,11884.0,44019.0,12164.0,15970.0,42126.0
2025-07-18_17:06:45,9970.0,11884.0,44019.0,13991.0,15970.0,42126.0
2025-07-18_17:06:45,10169.0,11884.0,44019.0,14629.0,15970.0,42126.0
2025-07-18_17:06:45,,,,13979.0,15970.0,42126.0
2025-07-18_17:06:49,3319.0,11884.0,44019.0,12180.0,15970.0,42126.0
2025-07-18_17:06:49,7995.0,11884.0,44019.0,13081.0,15970.0,42126.0
2025-07-18_17:06:50,,,,,,
2025-07-18_17:06:53,6965.0,11884.0,44019.0,3792.0,15970.0,42126.0
2025-07-18_17:06:54,8535.0,11884.0,44019.0,14028.0,15970.0,42126.0
2025-07-18_17:06:54,7961.0,11884.0,44019.0,13268.0,15970.0,42126.0
2025-07-18_17:06:54,10132.0,11884.0,44019.0,14088.0,15970.0,42126.0
2025-07-18_17:06:54,7980.0,11884.0,44019.0,13140.0,15970.0,42126.0
2025-07-18_17:06:55,,,,14284.0,15970.0,42126.0
2025-07-18_17:06:58,3375.0,11884.0,44019.0,12182.0,15970.0,42126.0
2025-07-18_17:06:58,,,,13135.0,15970.0,42126.0
2025-07-18_17:07:02,2778.0,11884.0,44019.0,12162.0,15970.0,42126.0
2025-07-18_17:07:03,7980.0,11884.0,44019.0,13234.0,15970.0,42126.0
2025-07-18_17:07:03,,,,,,
2025-07-18_17:07:07,6970.0,11884.0,44019.0,3792.0,15970.0,42126.0
2025-07-18_17:07:07,,,,,,
2025-07-18_17:07:11,2778.0,11884.0,44019.0,3776.0,15970.0,42126.0
2025-07-18_17:07:11,8604.0,11884.0,44027.0,14213.0,15970.0,42126.0
2025-07-18_17:07:12,9871.0,11884.0,44027.0,14017.0,15970.0,42126.0
2025-07-18_17:07:12,7978.0,11884.0,44027.0,13350.0,15970.0,42126.0
2025-07-18_17:07:12,9920.0,11884.0,44027.0,14263.0,15970.0,42126.0
2025-07-18_17:07:12,10574.0,11884.0,44027.0,14323.0,15970.0,42126.0
2025-07-18_17:07:13,10331.0,11884.0,44027.0,14494.0,15970.0,42126.0
2025-07-18_17:07:13,,,,,,
2025-07-18_17:07:17,6960.0,11884.0,44027.0,3793.0,15970.0,42126.0
2025-07-18_17:07:17,,,,13989.0,15970.0,42126.0
2025-07-18_17:07:21,2778.0,11884.0,44027.0,12190.0,15970.0,42126.0
2025-07-18_17:07:21,7955.0,11884.0,44027.0,13052.0,15970.0,42126.0
2025-07-18_17:07:21,9899.0,11884.0,44027.0,14002.0,15970.0,42126.0
2025-07-18_17:07:21,,,,,,
2025-07-18_17:07:25,6979.0,11884.0,44027.0,3792.0,15970.0,42126.0
2025-07-18_17:07:26,9713.0,11884.0,44027.0,14029.0,15970.0,42126.0
2025-07-18_17:07:26,,,,,,
2025-07-18_17:07:30,6968.0,11884.0,44027.0,3787.0,15970.0,42126.0
2025-07-18_17:07:30,,,,13774.0,15970.0,42126.0
2025-07-18_17:07:33,3319.0,11884.0,44027.0,12192.0,15970.0,42126.0
2025-07-18_17:07:34,8650.0,11884.0,44027.0,14095.0,15970.0,42126.0
2025-07-18_17:07:34,8521.0,11884.0,44027.0,14036.0,15970.0,42126.0
2025-07-18_17:07:34,8034.0,11884.0,44027.0,12860.0,15970.0,42126.0
2025-07-18_17:07:34,,,,,,
2025-07-18_17:07:38,6960.0,11884.0,44027.0,3793.0,15970.0,42126.0
2025-07-18_17:07:38,,,,,,
2025-07-18_17:07:42,6970.0,11884.0,44027.0,3792.0,15970.0,42126.0
2025-07-18_17:07:42,,,,,,
2025-07-18_17:07:46,6964.0,11884.0,44027.0,3792.0,15970.0,42126.0
2025-07-18_17:07:47,9952.0,11884.0,44027.0,14463.0,15970.0,42126.0
2025-07-18_17:07:47,,,,13826.0,15970.0,42126.0
2025-07-18_17:07:50,3319.0,11884.0,44027.0,12194.0,15970.0,42126.0
2025-07-18_17:07:51,,,,,,
2025-07-18_17:07:54,6966.0,11884.0,44027.0,3792.0,15970.0,42126.0
2025-07-18_17:07:55,9895.0,11884.0,44027.0,13984.0,15970.0,42126.0
2025-07-18_17:07:55,9244.0,11884.0,44027.0,13819.0,15970.0,42126.0
2025-07-18_17:07:55,8525.0,11884.0,44032.0,13845.0,15970.0,42126.0
2025-07-18_17:07:55,8535.0,11884.0,44032.0,13883.0,15970.0,42126.0
2025-07-18_17:07:56,9158.0,11884.0,44032.0,14131.0,15970.0,42126.0
2025-07-18_17:07:56,9983.0,11884.0,44032.0,13932.0,15970.0,42126.0
2025-07-18_17:07:56,,,,,,
2025-07-18_17:08:00,6975.0,11884.0,44032.0,3793.0,15970.0,42126.0
2025-07-18_17:08:00,8528.0,11884.0,44032.0,13642.0,15970.0,42126.0
2025-07-18_17:08:04,2778.0,11884.0,44032.0,12162.0,15970.0,42126.0
2025-07-18_17:08:04,10539.0,11884.0,44032.0,14592.0,15970.0,42127.0
2025-07-18_17:08:04,9704.0,11884.0,44032.0,13973.0,15970.0,42127.0
2025-07-18_17:08:05,9202.0,11884.0,44032.0,13779.0,15970.0,42127.0
2025-07-18_17:08:05,9832.0,11884.0,44032.0,13959.0,15970.0,42127.0
2025-07-18_17:08:05,7971.0,11884.0,44032.0,13266.0,15970.0,42127.0
2025-07-18_17:08:05,8523.0,11884.0,44032.0,13839.0,15970.0,42127.0
2025-07-18_17:08:06,,,,13785.0,15970.0,42127.0
2025-07-18_17:08:09,3317.0,11884.0,44032.0,12185.0,15970.0,42127.0
2025-07-18_17:08:09,,,,,,
2025-07-18_17:08:13,6970.0,11884.0,44032.0,3794.0,15970.0,42127.0
2025-07-18_17:08:14,8521.0,11884.0,44032.0,13784.0,15970.0,42127.0
2025-07-18_17:08:14,9982.0,11884.0,44032.0,14354.0,15970.0,42127.0
2025-07-18_17:08:14,9631.0,11884.0,44032.0,13817.0,15970.0,42127.0
2025-07-18_17:08:14,,,,13882.0,15970.0,42127.0
2025-07-18_17:08:18,2778.0,11884.0,44032.0,12163.0,15970.0,42127.0
2025-07-18_17:08:18,8578.0,11884.0,44032.0,14094.0,15970.0,42127.0
2025-07-18_17:08:19,,,,,,
2025-07-18_17:08:23,2778.0,11884.0,44032.0,3776.0,15970.0,42127.0
2025-07-18_17:08:23,,,,13621.0,15970.0,42127.0
2025-07-18_17:08:27,3358.0,11884.0,44032.0,12199.0,15970.0,42127.0
2025-07-18_17:08:27,9850.0,11884.0,44033.0,14194.0,15970.0,42127.0
2025-07-18_17:08:27,10672.0,11884.0,44033.0,14934.0,15970.0,42163.0
2025-07-18_17:08:28,,,,13850.0,15970.0,42163.0
2025-07-18_17:08:31,2778.0,11884.0,44033.0,12167.0,15970.0,42163.0
2025-07-18_17:08:32,10157.0,11884.0,44033.0,13911.0,15970.0,42163.0
2025-07-18_17:08:32,8646.0,11884.0,44051.0,14196.0,15970.0,42163.0
2025-07-18_17:08:32,10147.0,11884.0,44054.0,14335.0,15970.0,42163.0
2025-07-18_17:08:32,9977.0,11884.0,44054.0,13983.0,15970.0,42163.0
2025-07-18_17:08:33,10245.0,11884.0,44054.0,14572.0,15970.0,42163.0
2025-07-18_17:08:33,,,,,,
2025-07-18_17:08:37,6964.0,11884.0,44054.0,3792.0,15970.0,42163.0
2025-07-18_17:08:37,9661.0,11884.0,44054.0,14026.0,15970.0,42163.0
2025-07-18_17:08:37,10250.0,11884.0,44054.0,14372.0,15970.0,42163.0
2025-07-18_17:08:37,,,,,,
2025-07-18_17:08:41,6956.0,11884.0,44054.0,3793.0,15970.0,42163.0
2025-07-18_17:08:41,10203.0,11884.0,44056.0,13978.0,15970.0,42168.0
2025-07-18_17:08:42,9820.0,11884.0,44056.0,13769.0,15970.0,42168.0
2025-07-18_17:08:42,10218.0,11884.0,44062.0,14348.0,15970.0,42171.0
2025-07-18_17:08:42,9914.0,11884.0,44062.0,14230.0,15970.0,42171.0
2025-07-18_17:08:42,,,,14383.0,15970.0,42171.0
2025-07-18_17:08:46,3319.0,11884.0,44062.0,12184.0,15970.0,42171.0
2025-07-18_17:08:46,8524.0,11884.0,44062.0,13249.0,15970.0,42171.0
2025-07-18_17:08:46,8609.0,11884.0,44062.0,14050.0,15970.0,42171.0
2025-07-18_17:08:47,9923.0,11884.0,44062.0,14078.0,15970.0,42171.0
2025-07-18_17:08:47,8660.0,11884.0,44062.0,14459.0,15970.0,42171.0
2025-07-18_17:08:47,9716.0,11884.0,44062.0,14114.0,15970.0,42171.0
2025-07-18_17:08:47,10049.0,11884.0,44062.0,14008.0,15970.0,42171.0
2025-07-18_17:08:48,9613.0,11884.0,44062.0,14020.0,15970.0,42171.0
2025-07-18_17:08:48,9879.0,11884.0,44063.0,13944.0,15970.0,42171.0
2025-07-18_17:08:48,,,,,,
2025-07-18_17:08:53,2778.0,11884.0,44063.0,3776.0,15970.0,42171.0
2025-07-18_17:08:53,9878.0,11884.0,44063.0,13980.0,15970.0,42171.0
2025-07-18_17:08:54,2778.0,11884.0,44063.0,12191.0,15970.0,42171.0
2025-07-18_17:08:54,8591.0,11884.0,44063.0,14407.0,15970.0,42171.0
2025-07-18_17:08:54,8520.0,11884.0,44063.0,13050.0,15970.0,42171.0
2025-07-18_17:08:54,8530.0,11884.0,44063.0,13811.0,15970.0,42171.0
2025-07-18_17:08:54,,,,13976.0,15970.0,42171.0
2025-07-18_17:08:58,2778.0,11884.0,44063.0,12166.0,15970.0,42171.0
2025-07-18_17:08:59,8533.0,11884.0,44063.0,13832.0,15970.0,42171.0
2025-07-18_17:08:59,10654.0,11884.0,44083.0,14382.0,16012.0,42316.0
2025-07-18_17:08:59,,,,13925.0,16012.0,42316.0
2025-07-18_17:09:03,2778.0,11884.0,44083.0,12170.0,16012.0,42316.0
2025-07-18_17:09:03,9703.0,11884.0,44083.0,13987.0,16012.0,42316.0
2025-07-18_17:09:03,10418.0,11884.0,44083.0,14509.0,16012.0,42316.0
2025-07-18_17:09:03,,,,13984.0,16012.0,42316.0
2025-07-18_17:09:07,,,,,,
2025-07-18_17:09:11,6971.0,11884.0,44083.0,3792.0,16012.0,42316.0
2025-07-18_17:09:11,,,,,,
2025-07-18_17:09:15,6964.0,11884.0,44083.0,3793.0,16012.0,42316.0
2025-07-18_17:09:15,9982.0,11884.0,44083.0,14185.0,16012.0,42316.0
2025-07-18_17:09:16,,,,14052.0,16012.0,42316.0
2025-07-18_17:09:19,3302.0,11884.0,44083.0,12204.0,16012.0,42316.0
2025-07-18_17:09:20,10022.0,11884.0,44085.0,14382.0,16012.0,42317.0
2025-07-18_17:09:20,,,,14162.0,16014.0,42482.0
2025-07-18_17:09:24,2778.0,11884.0,44085.0,12170.0,16014.0,42482.0
2025-07-18_17:09:24,8756.0,11884.0,44085.0,14180.0,16014.0,42482.0
2025-07-18_17:09:24,9866.0,11884.0,44085.0,14002.0,16014.0,42482.0
2025-07-18_17:09:24,9909.0,11884.0,44096.0,14044.0,16014.0,42496.0
2025-07-18_17:09:25,10170.0,11884.0,44096.0,14087.0,16014.0,42496.0
2025-07-18_17:09:25,9880.0,11884.0,44096.0,14039.0,16014.0,42496.0
2025-07-18_17:09:25,,,,14667.0,16014.0,42509.0
2025-07-18_17:09:29,2778.0,11884.0,44096.0,12187.0,16014.0,42509.0
2025-07-18_17:09:29,8540.0,11884.0,44096.0,13803.0,16014.0,42509.0
2025-07-18_17:09:29,9718.0,11884.0,44096.0,13900.0,16014.0,42509.0
2025-07-18_17:09:30,9704.0,11884.0,44096.0,14115.0,16014.0,42510.0
2025-07-18_17:09:30,9833.0,11884.0,44096.0,13739.0,16014.0,42510.0
2025-07-18_17:09:30,8100.0,11884.0,44096.0,13608.0,16014.0,42510.0
2025-07-18_17:09:30,8586.0,11884.0,44101.0,14096.0,16014.0,42510.0
2025-07-18_17:09:31,7959.0,11884.0,44102.0,13049.0,16014.0,42510.0
2025-07-18_17:09:31,,,,13924.0,16014.0,42510.0
2025-07-18_17:09:34,3319.0,11884.0,44102.0,12186.0,16014.0,42510.0
2025-07-18_17:09:35,9711.0,11884.0,44102.0,14071.0,16014.0,42510.0
2025-07-18_17:09:35,,,,14543.0,16014.0,42510.0
2025-07-18_17:09:39,2778.0,11884.0,44102.0,12199.0,16014.0,42510.0
2025-07-18_17:09:39,8499.0,11884.0,44102.0,13730.0,16014.0,42510.0
2025-07-18_17:09:39,,,,13259.0,16014.0,42510.0
2025-07-18_17:09:43,2778.0,11884.0,44102.0,12176.0,16014.0,42510.0
2025-07-18_17:09:43,8688.0,11884.0,44102.0,14097.0,16014.0,42510.0
2025-07-18_17:09:44,9836.0,11884.0,44102.0,14194.0,16014.0,42510.0
2025-07-18_17:09:44,9225.0,11884.0,44102.0,13783.0,16014.0,42510.0
2025-07-18_17:09:44,,,,14178.0,16014.0,42510.0
2025-07-18_17:09:48,3358.0,11884.0,44102.0,12185.0,16014.0,42510.0
2025-07-18_17:09:48,10212.0,11884.0,44110.0,14247.0,16014.0,42511.0
2025-07-18_17:09:48,,,,13528.0,16014.0,42511.0
2025-07-18_17:09:52,2778.0,11884.0,44110.0,12190.0,16014.0,42511.0
2025-07-18_17:09:52,8045.0,11884.0,44110.0,13273.0,16014.0,42511.0
2025-07-18_17:09:53,,,,,,
2025-07-18_17:09:56,6967.0,11884.0,44110.0,3792.0,16014.0,42511.0
2025-07-18_17:09:57,10236.0,11884.0,44122.0,14050.0,16014.0,42511.0
2025-07-18_17:09:57,8526.0,11884.0,44122.0,13784.0,16014.0,42511.0
2025-07-18_17:09:57,9039.0,11884.0,44122.0,13985.0,16014.0,42511.0
2025-07-18_17:09:57,10113.0,11884.0,44122.0,14408.0,16014.0,42512.0
2025-07-18_17:09:57,9751.0,11884.0,44122.0,14001.0,16014.0,42512.0
2025-07-18_17:09:58,9846.0,11884.0,44122.0,13932.0,16014.0,42512.0
2025-07-18_17:09:58,,,,14093.0,16014.0,42512.0
2025-07-18_17:10:02,3375.0,11884.0,44122.0,12182.0,16014.0,42512.0
2025-07-18_17:10:02,8004.0,11884.0,44122.0,13049.0,16014.0,42512.0
2025-07-18_17:10:02,,,,14916.0,16014.0,42512.0
2025-07-18_17:10:06,2778.0,11884.0,44122.0,12199.0,16014.0,42512.0
2025-07-18_17:10:06,9869.0,11884.0,44122.0,13995.0,16014.0,42512.0
2025-07-18_17:10:06,8098.0,11884.0,44122.0,13039.0,16014.0,42512.0
2025-07-18_17:10:07,8513.0,11884.0,44122.0,13996.0,16014.0,42512.0
2025-07-18_17:10:07,7997.0,11884.0,44122.0,13091.0,16014.0,42512.0
2025-07-18_17:10:07,7977.0,11884.0,44122.0,13346.0,16014.0,42512.0
2025-07-18_17:10:07,9578.0,11884.0,44122.0,13785.0,16014.0,42512.0
2025-07-18_17:10:08,8068.0,11884.0,44122.0,13033.0,16014.0,42512.0
2025-07-18_17:10:08,7983.0,11884.0,44122.0,13308.0,16014.0,42512.0
2025-07-18_17:10:08,,,,,,
2025-07-18_17:10:12,6962.0,11884.0,44122.0,3792.0,16014.0,42512.0
2025-07-18_17:10:12,10167.0,11884.0,44123.0,14402.0,16014.0,42512.0
2025-07-18_17:10:13,2778.0,11884.0,44123.0,12198.0,16014.0,42512.0
2025-07-18_17:10:13,9979.0,11884.0,44123.0,13818.0,16014.0,42512.0
2025-07-18_17:10:13,,,,,,
2025-07-18_17:10:17,6959.0,11884.0,44123.0,3786.0,16014.0,42512.0
2025-07-18_17:10:17,8047.0,11884.0,44123.0,13349.0,16014.0,42512.0
2025-07-18_17:10:18,7953.0,11884.0,44123.0,13239.0,16014.0,42512.0
2025-07-18_17:10:18,9543.0,11884.0,44123.0,14491.0,16014.0,42519.0
2025-07-18_17:10:18,9199.0,11884.0,44123.0,13815.0,16014.0,42519.0
2025-07-18_17:10:18,9961.0,11884.0,44123.0,14059.0,16014.0,42519.0
2025-07-18_17:10:18,8537.0,11884.0,44123.0,13843.0,16014.0,42519.0
2025-07-18_17:10:19,8529.0,11884.0,44123.0,13806.0,16014.0,42519.0
2025-07-18_17:10:19,10172.0,11884.0,44123.0,14367.0,16014.0,42519.0
2025-07-18_17:10:19,10408.0,11884.0,44123.0,14615.0,16014.0,42519.0
2025-07-18_17:10:19,8146.0,11884.0,44123.0,13182.0,16014.0,42527.0
2025-07-18_17:10:20,,,,,,
2025-07-18_17:10:23,6965.0,11884.0,44123.0,3793.0,16014.0,42527.0
2025-07-18_17:10:24,,,,14127.0,16014.0,42527.0
2025-07-18_17:10:28,2778.0,11884.0,44123.0,12186.0,16014.0,42527.0
2025-07-18_17:10:28,7991.0,11884.0,44123.0,13078.0,16014.0,42527.0
2025-07-18_17:10:28,10222.0,11884.0,44124.0,14070.0,16014.0,42528.0
2025-07-18_17:10:28,9023.0,11884.0,44124.0,13794.0,16014.0,42528.0
2025-07-18_17:10:28,8533.0,11884.0,44124.0,13692.0,16014.0,42528.0
2025-07-18_17:10:29,7968.0,11884.0,44124.0,13054.0,16014.0,42528.0
2025-07-18_17:10:29,8628.0,11884.0,44124.0,14082.0,16014.0,42528.0
2025-07-18_17:10:33,2778.0,11884.0,44124.0,12186.0,16014.0,42528.0
2025-07-18_17:10:33,8504.0,11884.0,44124.0,13839.0,16014.0,42528.0
2025-07-18_17:10:33,8575.0,11884.0,44124.0,13834.0,16014.0,42528.0
2025-07-18_17:10:33,8625.0,11884.0,44124.0,14236.0,16014.0,42528.0
2025-07-18_17:10:34,9869.0,11884.0,44124.0,14194.0,16014.0,42528.0
2025-07-18_17:10:35,2778.0,11884.0,44124.0,12187.0,16014.0,42528.0
2025-07-18_17:10:35,8504.0,11884.0,44124.0,13839.0,16014.0,42528.0
2025-07-18_17:10:35,8672.0,11884.0,44124.0,14088.0,16014.0,42528.0
2025-07-18_17:10:35,10155.0,11884.0,44124.0,14418.0,16014.0,42528.0
2025-07-18_17:10:35,10284.0,11884.0,44124.0,14416.0,16014.0,42528.0
2025-07-18_17:10:36,9945.0,11884.0,44126.0,14125.0,16014.0,42528.0
2025-07-18_17:10:36,10315.0,11884.0,44130.0,14580.0,16014.0,42541.0
2025-07-18_17:10:36,9892.0,11884.0,44137.0,13980.0,16014.0,42541.0
2025-07-18_17:10:36,10070.0,11884.0,44137.0,14352.0,16014.0,42541.0
2025-07-18_17:10:37,8026.0,11884.0,44137.0,13236.0,16014.0,42541.0
2025-07-18_17:10:37,,,,14079.0,16014.0,42541.0
2025-07-18_17:10:40,3319.0,11884.0,44137.0,12185.0,16014.0,42541.0
2025-07-18_17:10:41,10273.0,11884.0,44137.0,14114.0,16014.0,42541.0
2025-07-18_17:10:41,8095.0,11884.0,44137.0,13232.0,16014.0,42541.0
2025-07-18_17:10:41,8021.0,11884.0,44137.0,13186.0,16014.0,42541.0
2025-07-18_17:10:41,7980.0,11884.0,44137.0,13238.0,16014.0,42541.0
2025-07-18_17:10:42,,,,13781.0,16014.0,42541.0
2025-07-18_17:10:45,3319.0,11884.0,44137.0,12185.0,16014.0,42541.0
2025-07-18_17:10:46,,,,,,
2025-07-18_17:10:49,6970.0,11884.0,44137.0,3792.0,16014.0,42541.0
2025-07-18_17:10:50,9694.0,11884.0,44137.0,13974.0,16014.0,42541.0
2025-07-18_17:10:50,8673.0,11884.0,44137.0,14098.0,16014.0,42541.0
2025-07-18_17:10:50,,,,,,
2025-07-18_17:10:54,6970.0,11884.0,44137.0,3793.0,16014.0,42541.0
2025-07-18_17:10:54,10188.0,11884.0,44140.0,14317.0,16014.0,42541.0
2025-07-18_17:10:54,,,,13114.0,16014.0,42541.0
2025-07-18_17:10:58,2778.0,11884.0,44140.0,12182.0,16014.0,42541.0
2025-07-18_17:10:58,9986.0,11884.0,44140.0,14396.0,16014.0,42541.0
2025-07-18_17:10:59,9937.0,11884.0,44140.0,13803.0,16014.0,42541.0
2025-07-18_17:10:59,10347.0,11884.0,44140.0,14510.0,16014.0,42541.0
2025-07-18_17:10:59,8026.0,11884.0,44140.0,13058.0,16014.0,42541.0
2025-07-18_17:10:59,8599.0,11884.0,44140.0,14096.0,16014.0,42541.0
2025-07-18_17:11:00,10507.0,11884.0,44140.0,14327.0,16014.0,42541.0
2025-07-18_17:11:00,7949.0,11884.0,44140.0,13235.0,16014.0,42541.0
2025-07-18_17:11:00,8036.0,11884.0,44140.0,13050.0,16014.0,42541.0
2025-07-18_17:11:00,10046.0,11884.0,44140.0,14495.0,16014.0,42541.0
2025-07-18_17:11:00,9746.0,11884.0,44141.0,13982.0,16014.0,42541.0
2025-07-18_17:11:01,,,,,,
2025-07-18_17:11:04,6964.0,11884.0,44141.0,3793.0,16014.0,42541.0
2025-07-18_17:11:05,8554.0,11884.0,44141.0,13908.0,16014.0,42541.0
2025-07-18_17:11:05,9676.0,11884.0,44141.0,14209.0,16014.0,42541.0
2025-07-18_17:11:05,10119.0,11884.0,44141.0,14320.0,16032.0,42597.0
2025-07-18_17:11:05,8620.0,11884.0,44141.0,14392.0,16032.0,42597.0
2025-07-18_17:11:06,8699.0,11884.0,44141.0,14230.0,16032.0,42597.0
2025-07-18_17:11:06,8032.0,11884.0,44141.0,13302.0,16032.0,42597.0
2025-07-18_17:11:06,,,,,,
2025-07-18_17:11:10,6965.0,11884.0,44141.0,3792.0,16032.0,42597.0
2025-07-18_17:11:10,,,,,,
2025-07-18_17:11:14,6960.0,11884.0,44141.0,3793.0,16032.0,42597.0
2025-07-18_17:11:14,8075.0,11884.0,44141.0,13262.0,16032.0,42597.0
2025-07-18_17:11:14,10228.0,11884.0,44141.0,14558.0,16032.0,42597.0
2025-07-18_17:11:15,7956.0,11884.0,44141.0,13080.0,16032.0,42597.0
2025-07-18_17:11:15,,,,,,
2025-07-18_17:11:19,6969.0,11884.0,44141.0,3792.0,16032.0,42597.0
2025-07-18_17:11:19,,,,,,
2025-07-18_17:11:23,2778.0,11884.0,44141.0,3776.0,16032.0,42597.0
2025-07-18_17:11:24,,,,13815.0,16032.0,42597.0
2025-07-18_17:11:27,3302.0,11884.0,44141.0,12165.0,16032.0,42597.0
2025-07-18_17:11:27,8074.0,11884.0,44141.0,13039.0,16032.0,42597.0
2025-07-18_17:11:28,10122.0,11884.0,44141.0,14274.0,16032.0,42597.0
2025-07-18_17:11:28,,,,,,
2025-07-18_17:11:32,6955.0,11884.0,44145.0,3795.0,16032.0,42597.0
2025-07-18_17:11:32,10314.0,11884.0,44145.0,14160.0,16032.0,42597.0
2025-07-18_17:11:32,10345.0,11884.0,44145.0,14514.0,16032.0,42597.0
2025-07-18_17:11:32,7949.0,11884.0,44145.0,13083.0,16032.0,42597.0
2025-07-18_17:11:33,10152.0,11884.0,44145.0,14411.0,16032.0,42597.0
2025-07-18_17:11:33,,,,,,
2025-07-18_17:11:37,6966.0,11884.0,44145.0,3792.0,16032.0,42597.0
2025-07-18_17:11:37,,,,13812.0,16032.0,42597.0
2025-07-18_17:11:41,2778.0,11884.0,44145.0,12187.0,16032.0,42597.0
2025-07-18_17:11:41,10162.0,11884.0,44145.0,13873.0,16032.0,42597.0
2025-07-18_17:11:41,9879.0,11884.0,44145.0,14265.0,16032.0,42597.0
2025-07-18_17:11:41,10334.0,11884.0,44145.0,14465.0,16032.0,42597.0
2025-07-18_17:11:42,8626.0,11884.0,44145.0,13897.0,16032.0,42597.0
2025-07-18_17:11:42,8086.0,11884.0,44145.0,13344.0,16032.0,42597.0
2025-07-18_17:11:42,7965.0,11884.0,44145.0,13230.0,16032.0,42597.0
2025-07-18_17:11:42,,,,,,
2025-07-18_17:11:46,6971.0,11884.0,44145.0,3792.0,16032.0,42597.0
2025-07-18_17:11:46,,,,14037.0,16032.0,42597.0
2025-07-18_17:11:50,3360.0,11884.0,44145.0,12187.0,16032.0,42597.0
2025-07-18_17:11:50,8661.0,11884.0,44145.0,14122.0,16032.0,42597.0
2025-07-18_17:11:51,8500.0,11884.0,44145.0,14087.0,16032.0,42597.0
2025-07-18_17:11:51,8007.0,11884.0,44145.0,13262.0,16032.0,42597.0
2025-07-18_17:11:51,9891.0,11884.0,44145.0,13896.0,16032.0,42597.0
2025-07-18_17:11:51,8099.0,11884.0,44145.0,13256.0,16032.0,42597.0
2025-07-18_17:11:51,8602.0,11884.0,44145.0,14299.0,16032.0,42597.0
2025-07-18_17:11:52,7991.0,11884.0,44145.0,13057.0,16032.0,42597.0
2025-07-18_17:11:52,9249.0,11884.0,44145.0,13793.0,16032.0,42597.0
2025-07-18_17:11:52,10187.0,11884.0,44145.0,14302.0,16032.0,42597.0
2025-07-18_17:11:52,7976.0,11884.0,44145.0,13048.0,16032.0,42597.0
2025-07-18_17:11:52,9377.0,11884.0,44145.0,14401.0,16032.0,42597.0
2025-07-18_17:11:53,8620.0,11884.0,44145.0,14212.0,16032.0,42597.0
2025-07-18_17:11:53,,,,,,
2025-07-18_17:11:57,2778.0,11884.0,44145.0,3776.0,16032.0,42597.0
2025-07-18_17:11:58,,,,13973.0,16032.0,42597.0
2025-07-18_17:12:01,3375.0,11884.0,44145.0,12161.0,16032.0,42597.0
2025-07-18_17:12:01,,,,,,
2025-07-18_17:12:05,6976.0,11884.0,44145.0,3793.0,16032.0,42597.0
2025-07-18_17:12:06,7990.0,11884.0,44145.0,13240.0,16032.0,42597.0
2025-07-18_17:12:06,,,,,,
2025-07-18_17:12:10,6962.0,11884.0,44145.0,3792.0,16032.0,42597.0
2025-07-18_17:12:10,,,,13852.0,16032.0,42597.0
2025-07-18_17:12:13,3358.0,11884.0,44145.0,12186.0,16032.0,42597.0
2025-07-18_17:12:14,10160.0,11884.0,44145.0,14084.0,16032.0,42597.0
2025-07-18_17:12:14,8518.0,11884.0,44145.0,13075.0,16032.0,42597.0
2025-07-18_17:12:14,,,,14018.0,16032.0,42597.0
2025-07-18_17:12:18,3319.0,11884.0,44145.0,12183.0,16032.0,42597.0
2025-07-18_17:12:18,9853.0,11884.0,44145.0,13991.0,16032.0,42597.0
2025-07-18_17:12:18,,,,13893.0,16032.0,42597.0
2025-07-18_17:12:22,3302.0,11884.0,44145.0,12193.0,16032.0,42597.0
2025-07-18_17:12:22,,,,,,
2025-07-18_17:12:26,6967.0,11884.0,44145.0,3792.0,16032.0,42597.0
2025-07-18_17:12:26,8116.0,11884.0,44145.0,13516.0,16032.0,42597.0
2025-07-18_17:12:27,8612.0,11884.0,44145.0,13909.0,16032.0,42597.0
2025-07-18_17:12:27,10311.0,11884.0,44145.0,14390.0,16032.0,42597.0
2025-07-18_17:12:27,10001.0,11884.0,44145.0,14275.0,16032.0,42597.0
2025-07-18_17:12:27,,,,,,
2025-07-18_17:12:31,6952.0,11884.0,44145.0,3792.0,16032.0,42597.0
2025-07-18_17:12:31,9915.0,11884.0,44145.0,14402.0,16032.0,42597.0
2025-07-18_17:12:32,,,,,,
2025-07-18_17:12:36,2778.0,11884.0,44145.0,3778.0,16032.0,42597.0
2025-07-18_17:12:36,8100.0,11884.0,44145.0,13269.0,16032.0,42597.0
2025-07-18_17:12:37,9898.0,11884.0,44145.0,14016.0,16032.0,42597.0
2025-07-18_17:12:37,8567.0,11884.0,44145.0,14124.0,16032.0,42597.0
2025-07-18_17:12:37,,,,13829.0,16032.0,42597.0
2025-07-18_17:12:41,3317.0,11884.0,44145.0,12185.0,16032.0,42597.0
2025-07-18_17:12:41,,,,,,
2025-07-18_17:12:45,6968.0,11884.0,44145.0,3793.0,16032.0,42597.0
2025-07-18_17:12:45,,,,,,
2025-07-18_17:12:49,6967.0,11884.0,44145.0,3792.0,16032.0,42597.0
2025-07-18_17:12:49,10333.0,11884.0,44145.0,14532.0,16032.0,42597.0
2025-07-18_17:12:49,8512.0,11884.0,44145.0,14180.0,16032.0,42597.0
2025-07-18_17:12:49,,,,14085.0,16032.0,42598.0
2025-07-18_17:12:53,2778.0,11884.0,44145.0,12188.0,16032.0,42598.0
2025-07-18_17:12:54,7955.0,11884.0,44145.0,13074.0,16032.0,42598.0
2025-07-18_17:12:54,,,,,,
2025-07-18_17:12:58,6967.0,11884.0,44145.0,3792.0,16032.0,42598.0
2025-07-18_17:12:58,,,,,,
2025-07-18_17:13:02,2778.0,11884.0,44145.0,3776.0,16032.0,42598.0
2025-07-18_17:13:02,8555.0,11884.0,44145.0,13806.0,16032.0,42598.0
2025-07-18_17:13:03,,,,,,
2025-07-18_17:13:07,6969.0,11884.0,44145.0,3792.0,16032.0,42598.0
2025-07-18_17:13:07,,,,13958.0,16032.0,42598.0
2025-07-18_17:13:10,3319.0,11884.0,44145.0,12184.0,16032.0,42598.0
2025-07-18_17:13:11,8505.0,11884.0,44145.0,13806.0,16032.0,42598.0
2025-07-18_17:13:11,8609.0,11884.0,44145.0,14069.0,16032.0,42598.0
2025-07-18_17:13:11,,,,13971.0,16032.0,42598.0
2025-07-18_17:13:15,2778.0,11884.0,44145.0,12185.0,16032.0,42598.0
2025-07-18_17:13:15,,,,14394.0,16032.0,42598.0
2025-07-18_17:13:19,3302.0,11884.0,44145.0,12165.0,16032.0,42598.0
2025-07-18_17:13:19,9891.0,11884.0,44145.0,14311.0,16032.0,42598.0
2025-07-18_17:13:19,10148.0,11884.0,44147.0,14339.0,16032.0,42598.0
2025-07-18_17:13:20,,,,,,
2025-07-18_17:13:24,2780.0,11884.0,44147.0,3776.0,16032.0,42598.0
2025-07-18_17:13:24,,,,,,
2025-07-18_17:13:29,2778.0,11884.0,44147.0,3778.0,16032.0,42598.0
2025-07-18_17:13:29,9888.0,11884.0,44147.0,13797.0,16032.0,42598.0
2025-07-18_17:13:29,8540.0,11884.0,44147.0,14095.0,16032.0,42598.0
2025-07-18_17:13:29,9872.0,11884.0,44147.0,14595.0,16032.0,42598.0
2025-07-18_17:13:30,9978.0,11884.0,44147.0,14454.0,16032.0,42598.0
2025-07-18_17:13:30,,,,,,
2025-07-18_17:13:34,,,,3793.0,16032.0,42598.0
2025-07-18_17:13:38,2778.0,11884.0,44147.0,12165.0,16032.0,42598.0
2025-07-18_17:13:38,9833.0,11884.0,44147.0,14003.0,16032.0,42598.0
2025-07-18_17:13:38,,,,,,
2025-07-18_17:13:42,6959.0,11884.0,44147.0,3793.0,16032.0,42598.0
2025-07-18_17:13:42,10053.0,11884.0,44182.0,14270.0,16032.0,42598.0
2025-07-18_17:13:42,9234.0,11884.0,44182.0,14036.0,16032.0,42598.0
2025-07-18_17:13:42,8518.0,11884.0,44182.0,13720.0,16032.0,42598.0
2025-07-18_17:13:43,,,,14225.0,16032.0,42598.0
2025-07-18_17:13:46,3319.0,11884.0,44182.0,12192.0,16032.0,42598.0
2025-07-18_17:13:47,9810.0,11884.0,44182.0,14150.0,16032.0,42598.0
2025-07-18_17:13:47,8618.0,11884.0,44182.0,14303.0,16032.0,42598.0
2025-07-18_17:13:47,10001.0,11884.0,44182.0,14059.0,16032.0,42598.0
2025-07-18_17:13:47,8471.0,11884.0,44182.0,14096.0,16032.0,42598.0
2025-07-18_17:13:48,9858.0,11884.0,44182.0,14012.0,16032.0,42598.0
2025-07-18_17:13:48,,,,,,
2025-07-18_17:13:52,2778.0,11884.0,44182.0,3776.0,16032.0,42598.0
2025-07-18_17:13:52,10174.0,11884.0,44192.0,14059.0,16032.0,42657.0
2025-07-18_17:13:53,9902.0,11884.0,44195.0,13929.0,16032.0,42657.0
2025-07-18_17:13:53,8362.0,11884.0,44195.0,13941.0,16032.0,42657.0
2025-07-18_17:13:53,9907.0,11884.0,44195.0,13971.0,16032.0,42657.0
2025-07-18_17:13:53,9846.0,11884.0,44195.0,14225.0,16032.0,42657.0
2025-07-18_17:13:54,10078.0,11884.0,44195.0,14305.0,16032.0,42657.0
2025-07-18_17:13:54,9887.0,11884.0,44195.0,14076.0,16032.0,42657.0
2025-07-18_17:13:54,10032.0,11884.0,44195.0,14193.0,16032.0,42657.0
2025-07-18_17:13:54,8523.0,11884.0,44195.0,13290.0,16032.0,42662.0
2025-07-18_17:13:54,8026.0,11884.0,44195.0,13340.0,16032.0,42662.0
2025-07-18_17:13:55,8037.0,11884.0,44195.0,13041.0,16032.0,42662.0
2025-07-18_17:13:55,7958.0,11884.0,44195.0,13049.0,16032.0,42662.0
2025-07-18_17:13:55,9959.0,11884.0,44195.0,14241.0,16032.0,42662.0
2025-07-18_17:13:55,8537.0,11884.0,44195.0,13830.0,16032.0,42662.0
2025-07-18_17:13:55,,,,14173.0,16032.0,42662.0
2025-07-18_17:13:59,3319.0,11884.0,44195.0,12159.0,16032.0,42662.0
2025-07-18_17:13:59,,,,,,
2025-07-18_17:14:04,2778.0,11884.0,44195.0,3776.0,16032.0,42662.0
2025-07-18_17:14:04,8750.0,11884.0,44195.0,14217.0,16032.0,42662.0
2025-07-18_17:14:04,9876.0,11884.0,44195.0,13807.0,16032.0,42662.0
2025-07-18_17:14:05,9868.0,11884.0,44195.0,13970.0,16032.0,42662.0
2025-07-18_17:14:05,,,,,,
2025-07-18_17:14:09,2778.0,11884.0,44195.0,3776.0,16032.0,42662.0
2025-07-18_17:14:09,,,,14019.0,16032.0,42662.0
2025-07-18_17:14:13,2778.0,11884.0,44195.0,12185.0,16032.0,42662.0
2025-07-18_17:14:13,7958.0,11884.0,44195.0,13048.0,16032.0,42662.0
2025-07-18_17:14:14,9692.0,11884.0,44195.0,14264.0,16032.0,42662.0
2025-07-18_17:14:14,10141.0,11884.0,44195.0,14058.0,16032.0,42662.0
2025-07-18_17:14:14,8543.0,11884.0,44195.0,13803.0,16032.0,42662.0
2025-07-18_17:14:14,10487.0,11884.0,44195.0,14636.0,16032.0,42662.0
2025-07-18_17:14:15,10573.0,11884.0,44195.0,14261.0,16032.0,42662.0
2025-07-18_17:14:15,9371.0,11884.0,44195.0,14125.0,16032.0,42662.0
2025-07-18_17:14:15,9858.0,11884.0,44195.0,14011.0,16032.0,42662.0
2025-07-18_17:14:15,9685.0,11884.0,44195.0,13989.0,16032.0,42662.0
2025-07-18_17:14:16,10311.0,11884.0,44195.0,13963.0,16032.0,42662.0
2025-07-18_17:14:16,8525.0,11884.0,44195.0,13055.0,16032.0,42662.0
2025-07-18_17:14:16,,,,14107.0,16032.0,42662.0
2025-07-18_17:14:20,3319.0,11884.0,44195.0,12183.0,16032.0,42662.0
2025-07-18_17:14:20,,,,13841.0,16032.0,42662.0
2025-07-18_17:14:24,3375.0,11884.0,44195.0,12185.0,16032.0,42662.0
2025-07-18_17:14:24,10586.0,11884.0,44195.0,14444.0,16032.0,42662.0
2025-07-18_17:14:24,9160.0,11884.0,44195.0,13998.0,16032.0,42662.0
2025-07-18_17:14:24,9840.0,11884.0,44195.0,13974.0,16032.0,42662.0
2025-07-18_17:14:25,7971.0,11884.0,44195.0,13267.0,16032.0,42662.0
2025-07-18_17:14:25,9911.0,11884.0,44195.0,14100.0,16032.0,42662.0
2025-07-18_17:14:25,,,,13917.0,16032.0,42662.0
2025-07-18_17:14:29,3358.0,11884.0,44195.0,12198.0,16032.0,42662.0
2025-07-18_17:14:29,7986.0,11884.0,44195.0,13047.0,16032.0,42662.0
2025-07-18_17:14:29,8549.0,11884.0,44195.0,13914.0,16032.0,42662.0
2025-07-18_17:14:29,9952.0,11884.0,44197.0,14105.0,16032.0,42662.0
2025-07-18_17:14:30,,,,13979.0,16032.0,42662.0
2025-07-18_17:14:33,3375.0,11884.0,44197.0,12194.0,16032.0,42662.0
2025-07-18_17:14:33,10109.0,11884.0,44197.0,14070.0,16032.0,42662.0
2025-07-18_17:14:34,10050.0,11884.0,44197.0,14006.0,16032.0,42662.0
2025-07-18_17:14:34,8532.0,11884.0,44197.0,13803.0,16032.0,42662.0
2025-07-18_17:14:34,,,,13967.0,16032.0,42662.0
2025-07-18_17:14:38,3319.0,11884.0,44197.0,12160.0,16032.0,42662.0
2025-07-18_17:14:38,,,,14088.0,16032.0,42662.0
2025-07-18_17:14:42,3302.0,11884.0,44197.0,12184.0,16032.0,42662.0
2025-07-18_17:14:42,9927.0,11884.0,44197.0,14033.0,16032.0,42662.0
2025-07-18_17:14:42,8540.0,11884.0,44197.0,14029.0,16032.0,42662.0
2025-07-18_17:14:42,,,,,,
2025-07-18_17:14:46,6963.0,11884.0,44197.0,3793.0,16032.0,42662.0
2025-07-18_17:14:46,10326.0,11884.0,44197.0,14407.0,16032.0,42662.0
2025-07-18_17:14:47,9945.0,11884.0,44197.0,13989.0,16032.0,42662.0
2025-07-18_17:14:47,9870.0,11884.0,44197.0,13991.0,16032.0,42662.0
2025-07-18_17:14:47,10167.0,11884.0,44220.0,14521.0,16032.0,42686.0
2025-07-18_17:14:47,9829.0,11884.0,44220.0,14235.0,16032.0,42686.0
2025-07-18_17:14:48,10306.0,11884.0,44220.0,14362.0,16032.0,42686.0
2025-07-18_17:14:48,,,,,,
2025-07-18_17:14:52,6962.0,11884.0,44220.0,3793.0,16032.0,42686.0
2025-07-18_17:14:52,10352.0,11884.0,44222.0,14848.0,16032.0,42686.0
2025-07-18_17:14:52,10366.0,11884.0,44222.0,14831.0,16032.0,42702.0
2025-07-18_17:14:52,,,,,,
2025-07-18_17:14:56,6965.0,11884.0,44222.0,3786.0,16032.0,42702.0
2025-07-18_17:15:00,2778.0,11884.0,44222.0,12185.0,16032.0,42702.0
2025-07-18_17:15:00,10689.0,11884.0,44237.0,14948.0,16032.0,42722.0
2025-07-18_17:15:00,7983.0,11884.0,44237.0,13348.0,16032.0,42722.0
2025-07-18_17:15:01,,,,,,
2025-07-18_17:15:04,6969.0,11884.0,44237.0,3792.0,16032.0,42722.0
2025-07-18_17:15:05,10074.0,11884.0,44237.0,14394.0,16032.0,42722.0
2025-07-18_17:15:05,9092.0,11884.0,44237.0,14037.0,16032.0,42722.0
2025-07-18_17:15:05,10240.0,11884.0,44237.0,14259.0,16032.0,42722.0
2025-07-18_17:15:05,,,,,,
2025-07-18_17:15:09,,,,3776.0,16032.0,42722.0
2025-07-18_17:15:13,2778.0,11884.0,44237.0,12194.0,16032.0,42722.0
2025-07-18_17:15:13,,,,,,
2025-07-18_17:15:18,2778.0,11884.0,44237.0,3776.0,16032.0,42722.0
2025-07-18_17:15:18,,,,,,
2025-07-18_17:15:22,6968.0,11884.0,44237.0,3792.0,16032.0,42722.0
2025-07-18_17:15:22,9996.0,11884.0,44237.0,13979.0,16032.0,42722.0
2025-07-18_17:15:22,9904.0,11884.0,44239.0,13982.0,16032.0,42722.0
2025-07-18_17:15:23,9207.0,11884.0,44239.0,14033.0,16032.0,42722.0
2025-07-18_17:15:23,9799.0,11884.0,44243.0,14183.0,16032.0,42722.0
2025-07-18_17:15:23,8533.0,11884.0,44243.0,14089.0,16032.0,42722.0
2025-07-18_17:15:23,,,,,,
2025-07-18_17:15:27,,,,3786.0,16032.0,42722.0
2025-07-18_17:15:31,2778.0,11884.0,44243.0,12183.0,16032.0,42722.0
2025-07-18_17:15:31,7964.0,11884.0,44243.0,12907.0,16032.0,42722.0
2025-07-18_17:15:31,,,,,,
2025-07-18_17:15:35,6967.0,11884.0,44243.0,3792.0,16032.0,42722.0
2025-07-18_17:15:35,10192.0,11884.0,44243.0,13909.0,16032.0,42725.0
2025-07-18_17:15:36,9939.0,11884.0,44243.0,14125.0,16032.0,42725.0
2025-07-18_17:15:36,,,,,,
2025-07-18_17:15:40,6967.0,11884.0,44243.0,3792.0,16032.0,42725.0
2025-07-18_17:15:40,,,,13796.0,16032.0,42725.0
2025-07-18_17:15:43,3319.0,11884.0,44243.0,12186.0,16032.0,42725.0
2025-07-18_17:15:44,8612.0,11884.0,44243.0,14051.0,16032.0,42725.0
2025-07-18_17:15:44,9909.0,11884.0,44243.0,14189.0,16032.0,42725.0
2025-07-18_17:15:44,10321.0,11884.0,44243.0,14379.0,16032.0,42725.0
2025-07-18_17:15:44,,,,,,
2025-07-18_17:15:48,6966.0,11884.0,44243.0,3792.0,16032.0,42725.0
2025-07-18_17:15:48,9826.0,11884.0,44243.0,13761.0,16032.0,42725.0
2025-07-18_17:15:49,,,,13742.0,16032.0,42725.0
2025-07-18_17:15:52,3375.0,11884.0,44243.0,12196.0,16032.0,42725.0
2025-07-18_17:15:53,8525.0,11884.0,44243.0,13835.0,16032.0,42725.0
2025-07-18_17:15:53,9764.0,11884.0,44252.0,13999.0,16032.0,42725.0
2025-07-18_17:15:53,,,,,,
2025-07-18_17:15:57,2778.0,11884.0,44252.0,3778.0,16032.0,42725.0
2025-07-18_17:15:58,,,,14054.0,16032.0,42726.0
2025-07-18_17:16:02,2778.0,11884.0,44252.0,12189.0,16032.0,42726.0
2025-07-18_17:16:02,9872.0,11884.0,44252.0,14026.0,16032.0,42726.0
2025-07-18_17:16:02,8501.0,11884.0,44252.0,13803.0,16032.0,42726.0
2025-07-18_17:16:02,,,,14087.0,16032.0,42726.0
2025-07-18_17:16:06,3358.0,11884.0,44252.0,12185.0,16032.0,42726.0
2025-07-18_17:16:06,9991.0,11884.0,44253.0,14418.0,16032.0,42726.0
2025-07-18_17:16:06,10072.0,11884.0,44253.0,14309.0,16032.0,42726.0
2025-07-18_17:16:07,,,,,,
2025-07-18_17:16:10,6965.0,11884.0,44253.0,3793.0,16032.0,42726.0
2025-07-18_17:16:11,8964.0,11884.0,44253.0,14152.0,16032.0,42726.0
2025-07-18_17:16:11,8131.0,11884.0,44253.0,13082.0,16032.0,42726.0
2025-07-18_17:16:11,,,,12944.0,16032.0,42726.0
2025-07-18_17:16:15,2778.0,11884.0,44253.0,12188.0,16032.0,42726.0
2025-07-18_17:16:15,9684.0,11884.0,44253.0,13929.0,16032.0,42726.0
2025-07-18_17:16:15,9231.0,11884.0,44253.0,14025.0,16032.0,42726.0
2025-07-18_17:16:16,,,,14150.0,16032.0,42726.0
2025-07-18_17:16:19,3358.0,11884.0,44253.0,12188.0,16032.0,42726.0
2025-07-18_17:16:19,8606.0,11884.0,44253.0,14073.0,16032.0,42726.0
2025-07-18_17:16:20,8586.0,11884.0,44253.0,14117.0,16032.0,42726.0
2025-07-18_17:16:21,3300.0,11884.0,44253.0,12169.0,16032.0,42726.0
2025-07-18_17:16:21,10156.0,11884.0,44257.0,14030.0,16032.0,42726.0
2025-07-18_17:16:21,9761.0,11884.0,44257.0,14025.0,16032.0,42726.0
2025-07-18_17:16:21,,,,,,
2025-07-18_17:16:25,6967.0,11884.0,44257.0,3792.0,16032.0,42726.0
2025-07-18_17:16:25,10263.0,11884.0,44260.0,14250.0,16039.0,42786.0
2025-07-18_17:16:26,8098.0,11884.0,44260.0,13076.0,16039.0,42786.0
2025-07-18_17:16:26,8064.0,11884.0,44260.0,13035.0,16039.0,42786.0
2025-07-18_17:16:30,2778.0,11884.0,44260.0,12189.0,16039.0,42786.0
2025-07-18_17:16:30,9736.0,11884.0,44260.0,14016.0,16039.0,42786.0
2025-07-18_17:16:30,9867.0,11884.0,44260.0,13980.0,16039.0,42786.0
2025-07-18_17:16:30,8594.0,11884.0,44260.0,14054.0,16039.0,42786.0
2025-07-18_17:16:31,10488.0,11884.0,44260.0,13904.0,16039.0,42786.0
2025-07-18_17:16:31,8546.0,11884.0,44260.0,13972.0,16039.0,42786.0
2025-07-18_17:16:31,9837.0,11884.0,44260.0,14009.0,16039.0,42786.0
2025-07-18_17:16:31,,,,14210.0,16039.0,42786.0
2025-07-18_17:16:35,3358.0,11884.0,44260.0,12199.0,16039.0,42786.0
2025-07-18_17:16:35,,,,,,
2025-07-18_17:16:39,6965.0,11884.0,44260.0,3792.0,16039.0,42786.0
2025-07-18_17:16:39,,,,,,
2025-07-18_17:16:43,6967.0,11884.0,44260.0,3787.0,16039.0,42786.0
2025-07-18_17:16:43,8547.0,11884.0,44260.0,14137.0,16039.0,42786.0
2025-07-18_17:16:43,10138.0,11884.0,44260.0,13750.0,16039.0,42786.0
2025-07-18_17:16:44,,,,13843.0,16039.0,42786.0
2025-07-18_17:16:48,2778.0,11884.0,44260.0,12185.0,16039.0,42786.0
2025-07-18_17:16:48,9891.0,11884.0,44260.0,13981.0,16039.0,42786.0
2025-07-18_17:16:48,8085.0,11884.0,44260.0,13351.0,16039.0,42786.0
2025-07-18_17:16:48,,,,14251.0,16039.0,42786.0
2025-07-18_17:16:52,2778.0,11884.0,44260.0,12195.0,16039.0,42786.0
2025-07-18_17:16:52,9981.0,11884.0,44267.0,13950.0,16039.0,42786.0
2025-07-18_17:16:53,7956.0,11884.0,44267.0,13080.0,16039.0,42786.0
2025-07-18_17:16:53,9333.0,11884.0,44267.0,13815.0,16039.0,42786.0
2025-07-18_17:16:53,,,,13418.0,16039.0,42786.0
2025-07-18_17:16:57,2778.0,11884.0,44267.0,12196.0,16039.0,42786.0
2025-07-18_17:16:57,,,,,,
2025-07-18_17:17:01,,,,3793.0,16039.0,42786.0
2025-07-18_17:17:05,2778.0,11884.0,44267.0,12171.0,16039.0,42786.0
2025-07-18_17:17:05,8048.0,11884.0,44267.0,12902.0,16039.0,42786.0
2025-07-18_17:17:05,9876.0,11884.0,44267.0,14043.0,16039.0,42786.0
2025-07-18_17:17:05,9118.0,11884.0,44267.0,13987.0,16039.0,42786.0
2025-07-18_17:17:06,,,,,,
2025-07-18_17:17:10,6969.0,11884.0,44267.0,3793.0,16039.0,42786.0
2025-07-18_17:17:10,8528.0,11884.0,44267.0,14057.0,16039.0,42786.0
2025-07-18_17:17:10,8085.0,11884.0,44267.0,13321.0,16039.0,42786.0
2025-07-18_17:17:10,8573.0,11884.0,44267.0,14088.0,16039.0,42786.0
2025-07-18_17:17:10,,,,14052.0,16039.0,42786.0
2025-07-18_17:17:14,2778.0,11884.0,44267.0,12183.0,16039.0,42786.0
2025-07-18_17:17:15,9845.0,11884.0,44267.0,14005.0,16039.0,42786.0
2025-07-18_17:17:15,8028.0,11884.0,44267.0,13226.0,16039.0,42786.0
2025-07-18_17:17:15,,,,,,
2025-07-18_17:17:19,6965.0,11884.0,44267.0,3792.0,16039.0,42786.0
2025-07-18_17:17:19,,,,14023.0,16039.0,42786.0
2025-07-18_17:17:23,3302.0,11884.0,44267.0,12189.0,16039.0,42786.0
2025-07-18_17:17:23,8607.0,11884.0,44267.0,14174.0,16039.0,42786.0
2025-07-18_17:17:23,,,,13637.0,16039.0,42786.0
2025-07-18_17:17:27,2778.0,11884.0,44267.0,12172.0,16039.0,42786.0
2025-07-18_17:17:27,9616.0,11884.0,44267.0,13868.0,16039.0,42786.0
2025-07-18_17:17:28,,,,,,
2025-07-18_17:17:31,,,,3792.0,16039.0,42786.0
2025-07-18_17:17:35,2778.0,11884.0,44267.0,12174.0,16039.0,42786.0
2025-07-18_17:17:35,9883.0,11884.0,44267.0,13979.0,16039.0,42786.0
2025-07-18_17:17:36,9686.0,11884.0,44270.0,14256.0,16039.0,42786.0
2025-07-18_17:17:36,,,,,,
2025-07-18_17:17:40,,,,3776.0,16039.0,42786.0
2025-07-18_17:17:44,2778.0,11884.0,44270.0,12196.0,16039.0,42786.0
2025-07-18_17:17:44,10254.0,11890.0,44290.0,14615.0,16039.0,42786.0
2025-07-18_17:17:44,,,,13824.0,16039.0,42786.0
2025-07-18_17:17:48,3302.0,11890.0,44290.0,12184.0,16039.0,42786.0
2025-07-18_17:17:48,,,,,,
2025-07-18_17:17:52,2778.0,11890.0,44290.0,3776.0,16039.0,42786.0
2025-07-18_17:17:53,8542.0,11890.0,44290.0,13802.0,16039.0,42786.0
2025-07-18_17:17:53,9914.0,11890.0,44290.0,14009.0,16039.0,42786.0
2025-07-18_17:17:53,,,,14889.0,16039.0,42788.0
2025-07-18_17:17:57,3377.0,11890.0,44290.0,12181.0,16039.0,42788.0
2025-07-18_17:17:57,8098.0,11890.0,44290.0,13260.0,16039.0,42788.0
2025-07-18_17:17:57,,,,14123.0,16039.0,42788.0
2025-07-18_17:18:01,3319.0,11890.0,44290.0,12198.0,16039.0,42788.0
2025-07-18_17:18:01,,,,,,
2025-07-18_17:18:05,6968.0,11890.0,44290.0,3792.0,16039.0,42788.0
2025-07-18_17:18:05,8126.0,11890.0,44290.0,13263.0,16039.0,42788.0
2025-07-18_17:18:05,9140.0,11890.0,44290.0,13993.0,16039.0,42788.0
2025-07-18_17:18:06,,,,,,
2025-07-18_17:18:09,6973.0,11890.0,44290.0,3792.0,16039.0,42788.0
2025-07-18_17:18:10,9615.0,11890.0,44290.0,13973.0,16039.0,42788.0
2025-07-18_17:18:10,9745.0,11890.0,44290.0,14272.0,16039.0,42788.0
2025-07-18_17:18:10,10373.0,11890.0,44293.0,14541.0,16039.0,42788.0
2025-07-18_17:18:10,10168.0,11890.0,44293.0,14068.0,16039.0,42788.0
2025-07-18_17:18:11,,,,13061.0,16039.0,42788.0
2025-07-18_17:18:14,2778.0,11890.0,44293.0,12194.0,16039.0,42788.0
2025-07-18_17:18:15,8508.0,11890.0,44294.0,13556.0,16039.0,42788.0
2025-07-18_17:18:15,,,,,,
2025-07-18_17:18:19,6968.0,11890.0,44294.0,3792.0,16039.0,42788.0
2025-07-18_17:18:19,7984.0,11890.0,44294.0,13265.0,16039.0,42788.0
2025-07-18_17:18:19,9675.0,11890.0,44303.0,14209.0,16039.0,42795.0
2025-07-18_17:18:19,,,,14059.0,16039.0,42795.0
2025-07-18_17:18:23,2778.0,11890.0,44303.0,12162.0,16039.0,42795.0
2025-07-18_17:18:23,,,,,,
2025-07-18_17:18:27,6963.0,11890.0,44303.0,3793.0,16039.0,42795.0
2025-07-18_17:18:27,9677.0,11890.0,44303.0,13777.0,16039.0,42795.0
2025-07-18_17:18:28,10289.0,11890.0,44304.0,14475.0,16039.0,42795.0
2025-07-18_17:18:28,9694.0,11890.0,44304.0,14201.0,16039.0,42795.0
2025-07-18_17:18:28,10106.0,11890.0,44304.0,14180.0,16039.0,42795.0
2025-07-18_17:18:28,,,,14697.0,16039.0,42796.0
2025-07-18_17:18:32,2778.0,11890.0,44304.0,12184.0,16039.0,42796.0
2025-07-18_17:18:32,9167.0,11890.0,44304.0,14012.0,16039.0,42796.0
2025-07-18_17:18:33,,,,13976.0,16039.0,42796.0
2025-07-18_17:18:36,2778.0,11890.0,44304.0,12167.0,16039.0,42796.0
2025-07-18_17:18:37,9864.0,11890.0,44304.0,13984.0,16039.0,42796.0
2025-07-18_17:18:37,8723.0,11890.0,44311.0,14286.0,16039.0,42796.0
2025-07-18_17:18:37,8527.0,11890.0,44311.0,13833.0,16039.0,42796.0
2025-07-18_17:18:37,,,,,,
2025-07-18_17:18:41,6963.0,11890.0,44311.0,3793.0,16039.0,42796.0
2025-07-18_17:18:41,9858.0,11890.0,44311.0,14027.0,16039.0,42796.0
2025-07-18_17:18:42,8079.0,11890.0,44311.0,13541.0,16039.0,42796.0
2025-07-18_17:18:42,9946.0,11890.0,44311.0,14061.0,16039.0,42796.0
2025-07-18_17:18:42,9743.0,11890.0,44311.0,13864.0,16039.0,42796.0
2025-07-18_17:18:42,9036.0,11890.0,44311.0,13793.0,16039.0,42796.0
2025-07-18_17:18:43,10164.0,11890.0,44311.0,13864.0,16039.0,42796.0
2025-07-18_17:18:43,9188.0,11890.0,44311.0,13593.0,16039.0,42796.0
2025-07-18_17:18:43,8026.0,11890.0,44311.0,13082.0,16039.0,42796.0
2025-07-18_17:18:43,10523.0,11890.0,44311.0,14127.0,16039.0,42801.0
2025-07-18_17:18:43,8653.0,11890.0,44311.0,14359.0,16039.0,42801.0
2025-07-18_17:18:44,10282.0,11890.0,44311.0,14386.0,16039.0,42801.0
2025-07-18_17:18:44,9821.0,11890.0,44311.0,14131.0,16039.0,42801.0
2025-07-18_17:18:44,10092.0,11890.0,44312.0,14396.0,16039.0,42801.0
2025-07-18_17:18:44,10427.0,11890.0,44318.0,14679.0,16039.0,42803.0
2025-07-18_17:18:45,2778.0,11890.0,44318.0,12196.0,16039.0,42803.0
2025-07-18_17:18:45,8633.0,11890.0,44318.0,14125.0,16039.0,42809.0
2025-07-18_17:18:46,,,,13584.0,16039.0,42809.0
2025-07-18_17:18:49,3319.0,11890.0,44318.0,12167.0,16039.0,42809.0
2025-07-18_17:18:50,,,,,,
2025-07-18_17:18:53,6966.0,11890.0,44318.0,3793.0,16039.0,42809.0
2025-07-18_17:18:54,8537.0,11890.0,44318.0,14017.0,16039.0,42809.0
2025-07-18_17:18:54,8621.0,11890.0,44318.0,14056.0,16039.0,42809.0
2025-07-18_17:18:54,7956.0,11890.0,44318.0,13049.0,16039.0,42809.0
2025-07-18_17:18:54,9911.0,11890.0,44318.0,14223.0,16039.0,42809.0
2025-07-18_17:18:54,10066.0,11890.0,44318.0,14523.0,16039.0,42809.0
2025-07-18_17:18:55,10325.0,11890.0,44318.0,14671.0,16039.0,42809.0
2025-07-18_17:18:55,8614.0,11890.0,44318.0,14097.0,16039.0,42809.0
2025-07-18_17:18:55,8694.0,11890.0,44334.0,14100.0,16039.0,42809.0
2025-07-18_17:18:55,9908.0,11890.0,44334.0,13970.0,16039.0,42809.0
2025-07-18_17:18:56,9126.0,11890.0,44334.0,13773.0,16039.0,42809.0
2025-07-18_17:18:56,,,,,,
2025-07-18_17:19:00,,,,3792.0,16039.0,42809.0
2025-07-18_17:19:04,2778.0,11890.0,44334.0,12181.0,16039.0,42809.0
2025-07-18_17:19:04,,,,13084.0,16039.0,42812.0
2025-07-18_17:19:08,2778.0,11890.0,44334.0,12165.0,16039.0,42812.0
2025-07-18_17:19:08,,,,,,
2025-07-18_17:19:12,6967.0,11890.0,44334.0,3793.0,16039.0,42812.0
2025-07-18_17:19:12,,,,,,
2025-07-18_17:19:16,6968.0,11890.0,44334.0,3786.0,16039.0,42812.0
2025-07-18_17:19:16,,,,,,
2025-07-18_17:19:20,3300.0,11890.0,44334.0,4595.0,16039.0,42812.0
2025-07-18_17:19:20,9885.0,11890.0,44334.0,14102.0,16039.0,42812.0
2025-07-18_17:19:21,,,,14396.0,16039.0,42812.0
2025-07-18_17:19:24,2778.0,11890.0,44334.0,12188.0,16039.0,42812.0
2025-07-18_17:19:25,7948.0,11890.0,44334.0,13078.0,16039.0,42812.0
2025-07-18_17:19:25,10297.0,11890.0,44335.0,14016.0,16039.0,42812.0
2025-07-18_17:19:26,2778.0,11890.0,44335.0,12193.0,16039.0,42812.0
2025-07-18_17:19:26,7948.0,11890.0,44335.0,13050.0,16039.0,42812.0
2025-07-18_17:19:26,8664.0,11890.0,44335.0,14200.0,16039.0,42812.0
2025-07-18_17:19:27,8069.0,11890.0,44335.0,13089.0,16039.0,42812.0
2025-07-18_17:19:27,,,,13981.0,16039.0,42812.0
2025-07-18_17:19:30,3319.0,11890.0,44335.0,12198.0,16039.0,42812.0
2025-07-18_17:19:31,,,,13979.0,16039.0,42812.0
2025-07-18_17:19:35,2778.0,11890.0,44335.0,12159.0,16039.0,42812.0
2025-07-18_17:19:35,9824.0,11890.0,44335.0,14137.0,16039.0,42812.0
2025-07-18_17:19:35,,,,,,
2025-07-18_17:19:39,6971.0,11890.0,44335.0,3793.0,16039.0,42812.0
2025-07-18_17:19:39,,,,13815.0,16039.0,42812.0
2025-07-18_17:19:43,3319.0,11890.0,44335.0,12191.0,16039.0,42812.0
2025-07-18_17:19:43,8604.0,11890.0,44335.0,14047.0,16039.0,42812.0
2025-07-18_17:19:43,8115.0,11890.0,44335.0,13139.0,16039.0,42812.0
2025-07-18_17:19:43,10282.0,11890.0,44335.0,14384.0,16039.0,42812.0
2025-07-18_17:19:44,8516.0,11890.0,44335.0,13333.0,16039.0,42812.0
2025-07-18_17:19:44,8007.0,11890.0,44335.0,13078.0,16039.0,42812.0
2025-07-18_17:19:44,,,,13082.0,16039.0,42812.0
2025-07-18_17:19:48,2778.0,11890.0,44335.0,12182.0,16039.0,42812.0
2025-07-18_17:19:48,10318.0,11890.0,44335.0,14255.0,16039.0,42815.0
2025-07-18_17:19:48,,,,13870.0,16039.0,42815.0
2025-07-18_17:19:52,3375.0,11890.0,44335.0,12173.0,16039.0,42815.0
2025-07-18_17:19:52,,,,,,
2025-07-18_17:19:56,6957.0,11890.0,44335.0,3792.0,16039.0,42815.0
2025-07-18_17:19:56,9329.0,11890.0,44335.0,13845.0,16039.0,42815.0
2025-07-18_17:19:57,9835.0,11890.0,44335.0,14268.0,16039.0,42815.0
2025-07-18_17:19:57,7957.0,11890.0,44335.0,13091.0,16039.0,42815.0
2025-07-18_17:19:57,9209.0,11890.0,44335.0,13817.0,16039.0,42815.0
2025-07-18_17:19:57,10638.0,11890.0,44335.0,14480.0,16039.0,42815.0
2025-07-18_17:19:57,9816.0,11890.0,44335.0,14003.0,16039.0,42815.0
2025-07-18_17:19:58,10443.0,11890.0,44339.0,14394.0,16039.0,42815.0
2025-07-18_17:19:58,,,,13795.0,16039.0,42815.0
2025-07-18_17:20:02,3375.0,11890.0,44339.0,12187.0,16039.0,42815.0
2025-07-18_17:20:02,,,,,,
2025-07-18_17:20:06,6963.0,11890.0,44339.0,3787.0,16039.0,42815.0
2025-07-18_17:20:06,10068.0,11890.0,44340.0,14295.0,16039.0,42815.0
2025-07-18_17:20:06,8320.0,11890.0,44340.0,13747.0,16039.0,42815.0
2025-07-18_17:20:06,10215.0,11890.0,44340.0,13895.0,16039.0,42815.0
2025-07-18_17:20:06,8969.0,11890.0,44340.0,14090.0,16039.0,42815.0
2025-07-18_17:20:07,9896.0,11890.0,44340.0,14010.0,16039.0,42815.0
2025-07-18_17:20:07,,,,14130.0,16039.0,42815.0
2025-07-18_17:20:11,2778.0,11890.0,44340.0,12186.0,16039.0,42815.0
2025-07-18_17:20:11,,,,14111.0,16039.0,42815.0
2025-07-18_17:20:15,2778.0,11890.0,44340.0,12189.0,16039.0,42815.0
2025-07-18_17:20:15,10189.0,11890.0,44340.0,14690.0,16039.0,42815.0
2025-07-18_17:20:15,9195.0,11890.0,44340.0,14103.0,16039.0,42815.0
2025-07-18_17:20:15,8629.0,11890.0,44342.0,13892.0,16039.0,42815.0
2025-07-18_17:20:16,8033.0,11890.0,44342.0,13081.0,16039.0,42815.0
2025-07-18_17:20:16,10171.0,11890.0,44342.0,14596.0,16039.0,42815.0
2025-07-18_17:20:16,,,,,,
2025-07-18_17:20:20,6967.0,11890.0,44342.0,3792.0,16039.0,42815.0
2025-07-18_17:20:20,,,,,,
2025-07-18_17:20:24,6963.0,11890.0,44342.0,3793.0,16039.0,42815.0
2025-07-18_17:20:24,8089.0,11890.0,44342.0,13236.0,16039.0,42815.0
2025-07-18_17:20:25,,,,,,
2025-07-18_17:20:29,2778.0,11890.0,44342.0,3776.0,16039.0,42815.0
2025-07-18_17:20:29,,,,,,
2025-07-18_17:20:34,2778.0,11890.0,44342.0,3776.0,16039.0,42815.0
2025-07-18_17:20:34,,,,,,
2025-07-18_17:20:38,6964.0,11890.0,44342.0,3792.0,16039.0,42815.0
2025-07-18_17:20:38,8537.0,11890.0,44343.0,13636.0,16039.0,42815.0
2025-07-18_17:20:38,,,,,,
2025-07-18_17:20:42,6968.0,11890.0,44343.0,3793.0,16039.0,42815.0
2025-07-18_17:20:42,9263.0,11890.0,44343.0,14126.0,16039.0,42815.0
2025-07-18_17:20:42,10045.0,11890.0,44343.0,14357.0,16039.0,42815.0
2025-07-18_17:20:43,9900.0,11890.0,44343.0,14247.0,16039.0,42815.0
2025-07-18_17:20:43,9233.0,11890.0,44343.0,13778.0,16039.0,42815.0
2025-07-18_17:20:43,8544.0,11890.0,44343.0,13842.0,16039.0,42815.0
2025-07-18_17:20:43,,,,13829.0,16039.0,42815.0
2025-07-18_17:20:47,3319.0,11890.0,44343.0,12167.0,16039.0,42815.0
2025-07-18_17:20:47,,,,14106.0,16039.0,42817.0
2025-07-18_17:20:51,2778.0,11890.0,44343.0,12188.0,16039.0,42817.0
2025-07-18_17:20:51,8521.0,11890.0,44343.0,13660.0,16039.0,42817.0
2025-07-18_17:20:51,8617.0,11890.0,44343.0,14148.0,16039.0,42817.0
2025-07-18_17:20:52,,,,,,
2025-07-18_17:20:55,6969.0,11890.0,44343.0,3794.0,16039.0,42817.0
2025-07-18_17:20:56,,,,,,
2025-07-18_17:21:00,2778.0,11890.0,44343.0,3776.0,16039.0,42817.0
2025-07-18_17:21:00,9398.0,11890.0,44343.0,14142.0,16039.0,42817.0
2025-07-18_17:21:01,,,,,,
2025-07-18_17:21:04,6969.0,11890.0,44343.0,3787.0,16039.0,42817.0
2025-07-18_17:21:05,8518.0,11890.0,44343.0,13840.0,16039.0,42817.0
2025-07-18_17:21:05,,,,13996.0,16039.0,42817.0
2025-07-18_17:21:09,2778.0,11890.0,44343.0,12192.0,16039.0,42817.0
2025-07-18_17:21:09,9632.0,11890.0,44343.0,13740.0,16039.0,42817.0
2025-07-18_17:21:09,8753.0,11890.0,44343.0,14226.0,16039.0,42817.0
2025-07-18_17:21:09,8588.0,11890.0,44343.0,14207.0,16039.0,42817.0
2025-07-18_17:21:10,,,,,,
2025-07-18_17:21:13,6967.0,11890.0,44343.0,3792.0,16039.0,42817.0
2025-07-18_17:21:14,9513.0,11890.0,44343.0,13793.0,16039.0,42817.0
2025-07-18_17:21:14,9395.0,11890.0,44343.0,13978.0,16039.0,42817.0
2025-07-18_17:21:14,10076.0,11890.0,44344.0,14343.0,16039.0,42817.0
2025-07-18_17:21:14,,,,,,
2025-07-18_17:21:18,6970.0,11890.0,44344.0,3793.0,16039.0,42817.0
2025-07-18_17:21:18,9573.0,11890.0,44344.0,14007.0,16039.0,42817.0
2025-07-18_17:21:19,9639.0,11890.0,44344.0,14297.0,16039.0,42817.0
2025-07-18_17:21:19,8675.0,11890.0,44344.0,14220.0,16039.0,42817.0
2025-07-18_17:21:19,,,,,,
2025-07-18_17:21:24,2778.0,11890.0,44344.0,3778.0,16039.0,42817.0
2025-07-18_17:21:24,8678.0,11890.0,44344.0,14082.0,16039.0,42817.0
2025-07-18_17:21:24,8925.0,11890.0,44344.0,13785.0,16039.0,42817.0
2025-07-18_17:21:24,,,,,,
2025-07-18_17:21:29,2778.0,11890.0,44344.0,3778.0,16039.0,42817.0
2025-07-18_17:21:29,9567.0,11890.0,44344.0,13765.0,16039.0,42817.0
2025-07-18_17:21:29,,,,14111.0,16040.0,42818.0
2025-07-18_17:21:33,3319.0,11890.0,44344.0,12171.0,16040.0,42818.0
2025-07-18_17:21:33,,,,14067.0,16040.0,42818.0
2025-07-18_17:21:37,3319.0,11890.0,44344.0,12191.0,16040.0,42818.0
2025-07-18_17:21:37,9020.0,11890.0,44344.0,14029.0,16040.0,42818.0
2025-07-18_17:21:37,10097.0,11890.0,44344.0,14689.0,16040.0,42818.0
2025-07-18_17:21:37,10338.0,11890.0,44344.0,14424.0,16040.0,42818.0
2025-07-18_17:21:38,10127.0,11890.0,44344.0,14153.0,16040.0,42818.0
2025-07-18_17:21:38,,,,,,
2025-07-18_17:21:42,6970.0,11890.0,44344.0,3792.0,16040.0,42818.0
2025-07-18_17:21:42,,,,,,
2025-07-18_17:21:46,6953.0,11890.0,44344.0,3793.0,16040.0,42818.0
2025-07-18_17:21:46,9733.0,11890.0,44344.0,14111.0,16040.0,42818.0
2025-07-18_17:21:46,10181.0,11890.0,44344.0,14296.0,16040.0,42818.0
2025-07-18_17:21:46,9617.0,11890.0,44344.0,14131.0,16040.0,42818.0
2025-07-18_17:21:47,9987.0,11890.0,44354.0,14295.0,16040.0,42818.0
2025-07-18_17:21:47,2778.0,11890.0,44354.0,12168.0,16040.0,42818.0
2025-07-18_17:21:48,,,,,,
2025-07-18_17:21:52,2780.0,11890.0,44354.0,3776.0,16040.0,42818.0
2025-07-18_17:21:52,9811.0,11890.0,44354.0,14076.0,16040.0,42818.0
2025-07-18_17:21:53,8677.0,11890.0,44354.0,14216.0,16040.0,42818.0
2025-07-18_17:21:53,8649.0,11890.0,44354.0,14173.0,16040.0,42818.0
2025-07-18_17:21:53,,,,,,
2025-07-18_17:21:57,6970.0,11890.0,44354.0,3789.0,16040.0,42818.0
2025-07-18_17:21:57,,,,13106.0,16040.0,42818.0
2025-07-18_17:22:01,2778.0,11890.0,44354.0,12193.0,16040.0,42818.0
2025-07-18_17:22:01,,,,,,
2025-07-18_17:22:05,6961.0,11890.0,44354.0,3792.0,16040.0,42818.0
2025-07-18_17:22:05,,,,14194.0,16040.0,42818.0
2025-07-18_17:22:09,2780.0,11890.0,44354.0,12162.0,16040.0,42818.0
2025-07-18_17:22:09,9679.0,11890.0,44356.0,14055.0,16040.0,42818.0
2025-07-18_17:22:09,9986.0,11890.0,44356.0,14137.0,16040.0,42818.0
2025-07-18_17:22:10,9835.0,11890.0,44356.0,13774.0,16040.0,42818.0
2025-07-18_17:22:10,,,,,,
2025-07-18_17:22:14,,,,3793.0,16040.0,42818.0
2025-07-18_17:22:18,2778.0,11890.0,44356.0,12170.0,16040.0,42818.0
2025-07-18_17:22:18,,,,,,
2025-07-18_17:22:22,6964.0,11890.0,44356.0,3793.0,16040.0,42818.0
2025-07-18_17:22:22,,,,14380.0,16040.0,42818.0
2025-07-18_17:22:25,3358.0,11890.0,44356.0,12194.0,16040.0,42818.0
2025-07-18_17:22:26,,,,,,
2025-07-18_17:22:30,2778.0,11890.0,44356.0,3776.0,16040.0,42818.0
2025-07-18_17:22:30,9644.0,11890.0,44356.0,14139.0,16040.0,42818.0
2025-07-18_17:22:31,9698.0,11890.0,44356.0,13932.0,16040.0,42818.0
2025-07-18_17:22:31,10003.0,11890.0,44356.0,14139.0,16040.0,42818.0
2025-07-18_17:22:31,,,,13938.0,16040.0,42818.0
2025-07-18_17:22:35,3302.0,11890.0,44356.0,12183.0,16040.0,42818.0
2025-07-18_17:22:35,,,,,,
2025-07-18_17:22:39,6954.0,11890.0,44356.0,3786.0,16040.0,42818.0
2025-07-18_17:22:39,,,,14009.0,16040.0,42818.0
2025-07-18_17:22:43,3375.0,11890.0,44356.0,12178.0,16040.0,42818.0
2025-07-18_17:22:43,9682.0,11890.0,44356.0,13980.0,16040.0,42818.0
2025-07-18_17:22:43,8537.0,11890.0,44356.0,13618.0,16040.0,42818.0
2025-07-18_17:22:43,9685.0,11890.0,44356.0,14200.0,16040.0,42818.0
2025-07-18_17:22:43,,,,13832.0,16040.0,42818.0
2025-07-18_17:22:47,2780.0,11890.0,44356.0,12161.0,16040.0,42818.0
2025-07-18_17:22:47,9561.0,11890.0,44356.0,13972.0,16040.0,42818.0
2025-07-18_17:22:48,9492.0,11890.0,44356.0,13955.0,16040.0,42818.0
2025-07-18_17:22:48,9571.0,11890.0,44356.0,14009.0,16040.0,42818.0
2025-07-18_17:22:48,9144.0,11890.0,44356.0,14002.0,16040.0,42818.0
2025-07-18_17:22:48,9623.0,11890.0,44356.0,14012.0,16040.0,42818.0
2025-07-18_17:22:49,,,,13972.0,16040.0,42818.0
2025-07-18_17:22:52,3319.0,11890.0,44356.0,12191.0,16040.0,42818.0
2025-07-18_17:22:52,9808.0,11890.0,44356.0,14385.0,16040.0,42818.0
2025-07-18_17:22:53,9654.0,11890.0,44356.0,13982.0,16040.0,42818.0
2025-07-18_17:22:53,,,,14108.0,16040.0,42818.0
2025-07-18_17:22:57,3319.0,11890.0,44356.0,12190.0,16040.0,42818.0
2025-07-18_17:22:57,,,,,,
2025-07-18_17:23:01,6968.0,11890.0,44356.0,3792.0,16040.0,42818.0
2025-07-18_17:23:01,9397.0,11890.0,44356.0,14178.0,16040.0,42818.0
2025-07-18_17:23:01,7998.0,11890.0,44356.0,13046.0,16040.0,42818.0
2025-07-18_17:23:01,,,,14131.0,16040.0,42818.0
2025-07-18_17:23:05,3321.0,11890.0,44356.0,12192.0,16040.0,42818.0
2025-07-18_17:23:05,9963.0,11890.0,44356.0,14542.0,16040.0,42825.0
2025-07-18_17:23:06,,,,13777.0,16040.0,42825.0
2025-07-18_17:23:09,3358.0,11890.0,44356.0,12191.0,16040.0,42825.0
2025-07-18_17:23:09,,,,,,
2025-07-18_17:23:13,6973.0,11890.0,44356.0,3793.0,16040.0,42825.0
2025-07-18_17:23:14,10250.0,11890.0,44358.0,14532.0,16040.0,42825.0
2025-07-18_17:23:14,9951.0,11890.0,44358.0,14360.0,16040.0,42825.0
2025-07-18_17:23:14,9470.0,11890.0,44358.0,14283.0,16040.0,42825.0
2025-07-18_17:23:14,9628.0,11890.0,44358.0,14170.0,16040.0,42825.0
2025-07-18_17:23:14,,,,,,
2025-07-18_17:23:18,6968.0,11890.0,44358.0,3792.0,16040.0,42825.0
2025-07-18_17:23:18,9670.0,11890.0,44358.0,14002.0,16040.0,42825.0
2025-07-18_17:23:19,9609.0,11890.0,44358.0,13973.0,16040.0,42825.0
2025-07-18_17:23:19,,,,,,
2025-07-18_17:23:23,6968.0,11890.0,44361.0,3792.0,16040.0,42825.0
2025-07-18_17:23:23,8643.0,11890.0,44361.0,14165.0,16040.0,42825.0
2025-07-18_17:23:23,9731.0,11890.0,44361.0,14364.0,16040.0,42825.0
2025-07-18_17:23:23,9946.0,11890.0,44361.0,14299.0,16040.0,42825.0
2025-07-18_17:23:24,9851.0,11890.0,44361.0,14379.0,16040.0,42825.0
2025-07-18_17:23:24,,,,13927.0,16040.0,42825.0
2025-07-18_17:23:27,3302.0,11890.0,44361.0,12191.0,16040.0,42825.0
2025-07-18_17:23:28,9821.0,11890.0,44361.0,14024.0,16040.0,42825.0
2025-07-18_17:23:28,9653.0,11890.0,44361.0,14331.0,16040.0,42825.0
2025-07-18_17:23:28,9811.0,11890.0,44361.0,13994.0,16040.0,42825.0
2025-07-18_17:23:28,8125.0,11890.0,44361.0,13069.0,16040.0,42825.0
2025-07-18_17:23:29,10172.0,11890.0,44361.0,14002.0,16040.0,42825.0
2025-07-18_17:23:29,9892.0,11890.0,44361.0,14262.0,16040.0,42825.0
2025-07-18_17:23:30,,,,,,
2025-07-18_17:23:33,6968.0,11890.0,44361.0,3792.0,16040.0,42825.0
2025-07-18_17:23:34,,,,14107.0,16040.0,42825.0
2025-07-18_17:23:37,3321.0,11890.0,44361.0,12188.0,16040.0,42825.0
2025-07-18_17:23:38,9902.0,11890.0,44361.0,14383.0,16040.0,42828.0
2025-07-18_17:23:38,10364.0,11890.0,44361.0,14366.0,16040.0,42828.0
2025-07-18_17:23:38,9844.0,11890.0,44361.0,14058.0,16040.0,42828.0
2025-07-18_17:23:38,8360.0,11890.0,44361.0,14088.0,16040.0,42828.0
2025-07-18_17:23:39,,,,13979.0,16040.0,42828.0
2025-07-18_17:23:42,3319.0,11890.0,44361.0,12185.0,16040.0,42828.0
2025-07-18_17:23:42,8648.0,11890.0,44361.0,14192.0,16040.0,42828.0
2025-07-18_17:23:43,10019.0,11890.0,44361.0,14552.0,16040.0,42828.0
2025-07-18_17:23:43,9168.0,11890.0,44361.0,13799.0,16040.0,42828.0
2025-07-18_17:23:43,9672.0,11890.0,44361.0,13978.0,16040.0,42828.0
2025-07-18_17:23:43,9674.0,11890.0,44361.0,14170.0,16040.0,42828.0
2025-07-18_17:23:44,,,,14170.0,16040.0,42828.0
2025-07-18_17:23:47,2778.0,11890.0,44361.0,12193.0,16040.0,42828.0
2025-07-18_17:23:48,10086.0,11902.0,44441.0,14343.0,16040.0,42850.0
2025-07-18_17:23:48,9684.0,11902.0,44441.0,14320.0,16040.0,42850.0
2025-07-18_17:23:48,10154.0,11902.0,44441.0,14382.0,16040.0,42850.0
2025-07-18_17:23:48,9722.0,11902.0,44441.0,13993.0,16040.0,42850.0
2025-07-18_17:23:49,9590.0,11902.0,44441.0,14195.0,16040.0,42850.0
2025-07-18_17:23:49,,,,,,
2025-07-18_17:23:53,6960.0,11902.0,44441.0,3793.0,16040.0,42850.0
2025-07-18_17:23:53,,,,13798.0,16040.0,42850.0
2025-07-18_17:23:57,3302.0,11902.0,44441.0,12164.0,16040.0,42850.0
2025-07-18_17:23:57,,,,14118.0,16040.0,42850.0
2025-07-18_17:24:00,3373.0,11902.0,44441.0,12183.0,16040.0,42850.0
2025-07-18_17:24:01,9917.0,11902.0,44441.0,14278.0,16040.0,42850.0
2025-07-18_17:24:01,,,,14024.0,16040.0,42850.0
2025-07-18_17:24:05,2778.0,11902.0,44441.0,12164.0,16040.0,42850.0
2025-07-18_17:24:05,,,,,,
2025-07-18_17:24:09,6969.0,11902.0,44441.0,3792.0,16040.0,42850.0
2025-07-18_17:24:09,10180.0,11902.0,44442.0,14079.0,16040.0,42850.0
2025-07-18_17:24:09,,,,14387.0,16040.0,42850.0
2025-07-18_17:24:13,2780.0,11902.0,44442.0,12197.0,16040.0,42850.0
2025-07-18_17:24:13,,,,14074.0,16040.0,42850.0
2025-07-18_17:24:17,3360.0,11902.0,44442.0,12193.0,16040.0,42850.0
2025-07-18_17:24:17,9166.0,11902.0,44442.0,13963.0,16040.0,42850.0
2025-07-18_17:24:17,9934.0,11902.0,44442.0,14391.0,16040.0,42850.0
2025-07-18_17:24:18,,,,,,
2025-07-18_17:24:21,6958.0,11902.0,44442.0,3793.0,16040.0,42850.0
2025-07-18_17:24:22,9998.0,11902.0,44444.0,14359.0,16040.0,42850.0
2025-07-18_17:24:22,9583.0,11902.0,44444.0,14020.0,16040.0,42850.0
2025-07-18_17:24:22,8998.0,11902.0,44444.0,13785.0,16040.0,42850.0
2025-07-18_17:24:22,9702.0,11902.0,44444.0,13978.0,16040.0,42850.0
2025-07-18_17:24:23,10066.0,11902.0,44444.0,14175.0,16040.0,42850.0
2025-07-18_17:24:23,8689.0,11902.0,44446.0,14022.0,16040.0,42850.0
2025-07-18_17:24:23,10203.0,11902.0,44446.0,14308.0,16040.0,42850.0
2025-07-18_17:24:23,8619.0,11902.0,44446.0,14055.0,16040.0,42850.0
2025-07-18_17:24:23,,,,14243.0,16040.0,42850.0
2025-07-18_17:24:27,2778.0,11902.0,44446.0,12193.0,16040.0,42850.0
2025-07-18_17:24:28,9580.0,11902.0,44446.0,14217.0,16040.0,42850.0
2025-07-18_17:24:28,8566.0,11902.0,44446.0,14050.0,16040.0,42850.0
2025-07-18_17:24:28,9925.0,11902.0,44446.0,14084.0,16040.0,42850.0
2025-07-18_17:24:28,9462.0,11902.0,44446.0,13970.0,16040.0,42850.0
2025-07-18_17:24:28,8488.0,11902.0,44446.0,13726.0,16040.0,42850.0
2025-07-18_17:24:29,,,,,,
2025-07-18_17:24:33,6966.0,11902.0,44446.0,3792.0,16040.0,42850.0
2025-07-18_17:24:33,10078.0,11902.0,44446.0,14270.0,16040.0,42850.0
2025-07-18_17:24:33,9174.0,11902.0,44446.0,13820.0,16040.0,42850.0
2025-07-18_17:24:33,9673.0,11902.0,44446.0,14101.0,16040.0,42850.0
2025-07-18_17:24:33,,,,13801.0,16040.0,42850.0
2025-07-18_17:24:37,3302.0,11902.0,44446.0,12197.0,16040.0,42850.0
2025-07-18_17:24:37,9619.0,11902.0,44446.0,14014.0,16040.0,42850.0
2025-07-18_17:24:38,,,,,,
2025-07-18_17:24:42,3356.0,11902.0,44446.0,4595.0,16040.0,42850.0
2025-07-18_17:24:42,,,,14055.0,16040.0,42850.0
2025-07-18_17:24:46,,,,,,
2025-07-18_17:24:50,6956.0,11902.0,44446.0,3793.0,16040.0,42850.0
2025-07-18_17:24:50,9677.0,11902.0,44446.0,14431.0,16040.0,42853.0
2025-07-18_17:24:50,8314.0,11902.0,44446.0,13764.0,16040.0,42853.0
2025-07-18_17:24:50,9596.0,11902.0,44446.0,14014.0,16040.0,42853.0
2025-07-18_17:24:50,9699.0,11902.0,44446.0,13800.0,16040.0,42853.0
2025-07-18_17:24:51,9680.0,11902.0,44447.0,14157.0,16040.0,42853.0
2025-07-18_17:24:51,9760.0,11902.0,44447.0,14025.0,16040.0,42853.0
2025-07-18_17:24:51,10089.0,11902.0,44447.0,14015.0,16040.0,42853.0
2025-07-18_17:24:51,9975.0,11902.0,44447.0,14334.0,16040.0,42853.0
2025-07-18_17:24:51,9938.0,11902.0,44447.0,14463.0,16040.0,42853.0
2025-07-18_17:24:52,10043.0,11902.0,44447.0,14019.0,16040.0,42853.0
2025-07-18_17:24:52,9910.0,11902.0,44447.0,14192.0,16040.0,42853.0
2025-07-18_17:24:52,9676.0,11902.0,44447.0,13797.0,16040.0,42853.0
2025-07-18_17:24:52,,,,14163.0,16040.0,42853.0
2025-07-18_17:24:56,3319.0,11902.0,44447.0,12197.0,16040.0,42853.0
2025-07-18_17:24:56,9777.0,11902.0,44447.0,14106.0,16040.0,42853.0
2025-07-18_17:24:57,,,,,,
2025-07-18_17:25:00,6965.0,11902.0,44447.0,3786.0,16040.0,42853.0
2025-07-18_17:25:01,9177.0,11902.0,44447.0,13556.0,16040.0,42853.0
2025-07-18_17:25:01,,,,14022.0,16040.0,42853.0
2025-07-18_17:25:05,3319.0,11902.0,44447.0,12197.0,16040.0,42853.0
2025-07-18_17:25:05,10125.0,11902.0,44447.0,14366.0,16040.0,42853.0
2025-07-18_17:25:05,9694.0,11902.0,44447.0,14160.0,16040.0,42853.0
2025-07-18_17:25:05,9895.0,11902.0,44447.0,14313.0,16040.0,42853.0
2025-07-18_17:25:05,,,,,,
2025-07-18_17:25:09,6967.0,11902.0,44447.0,3792.0,16040.0,42853.0
2025-07-18_17:25:09,9673.0,11902.0,44447.0,14164.0,16040.0,42853.0
2025-07-18_17:25:10,,,,,,
2025-07-18_17:25:13,6964.0,11902.0,44447.0,3792.0,16040.0,42853.0
2025-07-18_17:25:14,8967.0,11902.0,44447.0,13990.0,16040.0,42853.0
2025-07-18_17:25:14,9780.0,11902.0,44448.0,13937.0,16040.0,42853.0
2025-07-18_17:25:14,8550.0,11902.0,44448.0,13823.0,16040.0,42853.0
2025-07-18_17:25:14,,,,13979.0,16040.0,42853.0
2025-07-18_17:25:18,3302.0,11902.0,44448.0,12197.0,16040.0,42853.0
2025-07-18_17:25:18,9258.0,11902.0,44448.0,14128.0,16040.0,42853.0
2025-07-18_17:25:18,,,,14115.0,16040.0,42853.0
2025-07-18_17:25:22,3319.0,11902.0,44448.0,12190.0,16040.0,42853.0
2025-07-18_17:25:22,9942.0,11902.0,44448.0,14103.0,16040.0,42853.0
2025-07-18_17:25:23,,,,13964.0,16040.0,42853.0
2025-07-18_17:25:26,3358.0,11902.0,44448.0,12190.0,16040.0,42853.0
2025-07-18_17:25:27,9894.0,11902.0,44448.0,13844.0,16040.0,42853.0
2025-07-18_17:25:27,9998.0,11902.0,44683.0,14075.0,16040.0,42853.0
2025-07-18_17:25:27,,,,14120.0,16040.0,42853.0
2025-07-18_17:25:31,3358.0,11902.0,44683.0,12190.0,16040.0,42853.0
2025-07-18_17:25:31,9452.0,11902.0,44683.0,13759.0,16040.0,42853.0
2025-07-18_17:25:31,9644.0,11902.0,44683.0,14110.0,16040.0,42853.0
2025-07-18_17:25:31,9679.0,11902.0,44683.0,13979.0,16040.0,42853.0
2025-07-18_17:25:32,,,,,,
2025-07-18_17:25:35,6965.0,11902.0,44683.0,3793.0,16040.0,42853.0
2025-07-18_17:25:36,9653.0,11902.0,44683.0,14301.0,16040.0,42853.0
2025-07-18_17:25:36,9021.0,11902.0,44683.0,14033.0,16040.0,42853.0
2025-07-18_17:25:36,,,,13965.0,16040.0,42853.0
2025-07-18_17:25:40,3302.0,11902.0,44683.0,12187.0,16040.0,42853.0
2025-07-18_17:25:40,9638.0,11902.0,44683.0,13794.0,16040.0,42853.0
2025-07-18_17:25:40,9481.0,11902.0,44683.0,13982.0,16040.0,42853.0
2025-07-18_17:25:40,9841.0,11902.0,44683.0,14081.0,16040.0,42853.0
2025-07-18_17:25:41,,,,13238.0,16040.0,42853.0
2025-07-18_17:25:44,2778.0,11902.0,44683.0,12190.0,16040.0,42853.0
2025-07-18_17:25:45,10042.0,11902.0,44686.0,14135.0,16040.0,42860.0
2025-07-18_17:25:45,,,,14068.0,16040.0,42860.0
2025-07-18_17:25:49,2778.0,11902.0,44686.0,12161.0,16040.0,42860.0
2025-07-18_17:25:49,,,,14216.0,16040.0,42860.0
2025-07-18_17:25:53,,,,,,
2025-07-18_17:25:56,6967.0,11902.0,44686.0,3792.0,16040.0,42860.0
2025-07-18_17:25:57,10044.0,11902.0,44815.0,14308.0,16040.0,42860.0
2025-07-18_17:25:57,10082.0,11902.0,44815.0,14147.0,16040.0,42860.0
2025-07-18_17:25:57,9993.0,11902.0,44815.0,13978.0,16040.0,42860.0
2025-07-18_17:25:57,10199.0,11902.0,44815.0,14763.0,16040.0,42860.0
2025-07-18_17:25:58,,,,13789.0,16040.0,42860.0
2025-07-18_17:26:01,3375.0,11902.0,44815.0,12186.0,16040.0,42860.0
2025-07-18_17:26:01,,,,14159.0,16040.0,42860.0
2025-07-18_17:26:05,3302.0,11902.0,44815.0,12167.0,16040.0,42860.0
2025-07-18_17:26:05,8570.0,11902.0,44815.0,13930.0,16040.0,42860.0
2025-07-18_17:26:06,9826.0,11902.0,44815.0,14122.0,16040.0,42860.0
2025-07-18_17:26:07,2778.0,11902.0,44815.0,12191.0,16040.0,42860.0
2025-07-18_17:26:07,9458.0,11902.0,44815.0,13694.0,16040.0,42861.0
2025-07-18_17:26:07,,,,,,
2025-07-18_17:26:11,6971.0,11902.0,44815.0,3792.0,16040.0,42861.0
2025-07-18_17:26:12,2778.0,11902.0,44815.0,12183.0,16040.0,42861.0
2025-07-18_17:26:12,9719.0,11902.0,44815.0,13982.0,16040.0,42861.0
2025-07-18_17:26:12,10123.0,11902.0,44815.0,14348.0,16040.0,42861.0
2025-07-18_17:26:12,9670.0,11902.0,44815.0,13987.0,16040.0,42861.0
2025-07-18_17:26:13,,,,,,
2025-07-18_17:26:16,6969.0,11902.0,44815.0,3792.0,16040.0,42861.0
2025-07-18_17:26:17,9924.0,11902.0,44815.0,13931.0,16040.0,42861.0
2025-07-18_17:26:17,,,,13671.0,16040.0,42861.0
2025-07-18_17:26:21,,,,,,
2025-07-18_17:26:25,6961.0,11902.0,44815.0,3794.0,16040.0,42861.0
2025-07-18_17:26:25,9879.0,11902.0,44815.0,14042.0,16040.0,42861.0
2025-07-18_17:26:25,8665.0,11902.0,44815.0,14074.0,16040.0,42861.0
2025-07-18_17:26:25,,,,11882.0,16040.0,42861.0
2025-07-18_17:26:29,2782.0,11902.0,44815.0,12166.0,16040.0,42861.0
2025-07-18_17:26:29,9871.0,11902.0,44815.0,14061.0,16040.0,42861.0
2025-07-18_17:26:30,,,,,,
2025-07-18_17:26:33,6969.0,11902.0,44815.0,3792.0,16040.0,42861.0
2025-07-18_17:26:34,,,,13782.0,16040.0,42861.0
2025-07-18_17:26:37,3358.0,11902.0,44815.0,12194.0,16040.0,42861.0
2025-07-18_17:26:37,9788.0,11902.0,44815.0,14269.0,16040.0,42861.0
2025-07-18_17:26:38,,,,,,
2025-07-18_17:26:42,6961.0,11902.0,44815.0,3787.0,16040.0,42861.0
2025-07-18_17:26:42,2778.0,11902.0,44815.0,12169.0,16040.0,42861.0
2025-07-18_17:26:43,,,,14360.0,16040.0,42861.0
2025-07-18_17:26:46,3319.0,11902.0,44815.0,12158.0,16040.0,42861.0
2025-07-18_17:26:47,9652.0,11902.0,44815.0,14106.0,16040.0,42861.0
2025-07-18_17:26:47,9809.0,11902.0,44815.0,14047.0,16040.0,42861.0
2025-07-18_17:26:47,9784.0,11902.0,44815.0,14264.0,16040.0,42861.0
2025-07-18_17:26:47,,,,14188.0,16040.0,42861.0
2025-07-18_17:26:51,3319.0,11902.0,44815.0,12197.0,16040.0,42861.0
2025-07-18_17:26:51,9260.0,11902.0,44815.0,13793.0,16040.0,42861.0
2025-07-18_17:26:51,,,,14496.0,16040.0,42861.0
2025-07-18_17:26:55,2778.0,11902.0,44815.0,12186.0,16040.0,42861.0
2025-07-18_17:26:55,9172.0,11902.0,44815.0,13787.0,16040.0,42861.0
2025-07-18_17:26:56,9700.0,11902.0,44817.0,14414.0,16040.0,42861.0
2025-07-18_17:26:56,10011.0,11902.0,44817.0,14355.0,16040.0,42861.0
2025-07-18_17:26:56,,,,,,
2025-07-18_17:27:01,2778.0,11902.0,44817.0,3776.0,16040.0,42861.0
2025-07-18_17:27:01,,,,14084.0,16040.0,42862.0
2025-07-18_17:27:04,3358.0,11902.0,44817.0,12193.0,16040.0,42862.0
2025-07-18_17:27:05,9821.0,11902.0,44817.0,13856.0,16040.0,42862.0
2025-07-18_17:27:05,10375.0,11902.0,44829.0,14550.0,16040.0,42862.0
2025-07-18_17:27:05,,,,14169.0,16040.0,42862.0
2025-07-18_17:27:09,,,,,,
2025-07-18_17:27:13,6961.0,11902.0,44829.0,3787.0,16040.0,42862.0
2025-07-18_17:27:13,9632.0,11902.0,44829.0,14262.0,16040.0,42862.0
2025-07-18_17:27:13,,,,14051.0,16040.0,42862.0
2025-07-18_17:27:17,3358.0,11902.0,44829.0,12208.0,16040.0,42862.0
2025-07-18_17:27:17,9487.0,11902.0,44829.0,14291.0,16040.0,42862.0
2025-07-18_17:27:17,,,,13844.0,16040.0,42862.0
2025-07-18_17:27:21,3302.0,11902.0,44829.0,12174.0,16040.0,42862.0
2025-07-18_17:27:21,10299.0,11902.0,44829.0,14355.0,16040.0,42862.0
2025-07-18_17:27:21,9596.0,11902.0,44829.0,13960.0,16040.0,42862.0
2025-07-18_17:27:22,,,,13058.0,16040.0,42862.0
2025-07-18_17:27:26,2778.0,11902.0,44829.0,12184.0,16040.0,42862.0
2025-07-18_17:27:26,9266.0,11902.0,44829.0,13781.0,16040.0,42862.0
2025-07-18_17:27:26,9909.0,11902.0,44829.0,14112.0,16040.0,42862.0
2025-07-18_17:27:26,10064.0,11902.0,44829.0,14545.0,16040.0,42863.0
2025-07-18_17:27:27,9948.0,11902.0,44829.0,14370.0,16040.0,42863.0
2025-07-18_17:27:27,9651.0,11902.0,44829.0,13959.0,16040.0,42863.0
2025-07-18_17:27:27,8561.0,11902.0,44829.0,13835.0,16040.0,42863.0
2025-07-18_17:27:27,,,,13858.0,16040.0,42863.0
2025-07-18_17:27:31,3375.0,11902.0,44829.0,12168.0,16040.0,42863.0
2025-07-18_17:27:31,,,,14211.0,16040.0,42863.0
2025-07-18_17:27:35,3358.0,11902.0,44829.0,12184.0,16040.0,42863.0
2025-07-18_17:27:35,,,,,,
2025-07-18_17:27:39,6968.0,11902.0,44829.0,3793.0,16040.0,42863.0
2025-07-18_17:27:39,9645.0,11902.0,44829.0,14261.0,16040.0,42863.0
2025-07-18_17:27:39,,,,,,
2025-07-18_17:27:43,6955.0,11902.0,44829.0,3793.0,16040.0,42863.0
2025-07-18_17:27:43,,,,,,
2025-07-18_17:27:47,6970.0,11902.0,44829.0,3792.0,16040.0,42863.0
2025-07-18_17:27:47,,,,13350.0,16040.0,42863.0
2025-07-18_17:27:51,2778.0,11902.0,44829.0,12175.0,16040.0,42863.0
2025-07-18_17:27:51,9595.0,11902.0,44829.0,14171.0,16040.0,42863.0
2025-07-18_17:27:52,9596.0,11902.0,44829.0,14009.0,16040.0,42863.0
2025-07-18_17:27:52,9642.0,11902.0,44829.0,14098.0,16040.0,42863.0
2025-07-18_17:27:52,7981.0,11902.0,44829.0,13090.0,16040.0,42863.0
2025-07-18_17:27:52,,,,,,
2025-07-18_17:27:56,6963.0,11902.0,44829.0,3786.0,16040.0,42863.0
2025-07-18_17:27:56,8645.0,11902.0,44829.0,13818.0,16040.0,42863.0
2025-07-18_17:27:57,,,,,,
2025-07-18_17:28:00,,,,3792.0,16040.0,42863.0
2025-07-18_17:28:04,2778.0,11902.0,44829.0,12192.0,16040.0,42863.0
2025-07-18_17:28:04,9691.0,11902.0,44829.0,14021.0,16040.0,42863.0
2025-07-18_17:28:05,,,,,,
2025-07-18_17:28:09,2778.0,11902.0,44829.0,3776.0,16040.0,42863.0
2025-07-18_17:28:09,8705.0,11902.0,44829.0,14223.0,16040.0,42863.0
2025-07-18_17:28:10,10049.0,11902.0,44831.0,14323.0,16040.0,42863.0
2025-07-18_17:28:10,9769.0,11902.0,44831.0,14394.0,16040.0,42863.0
2025-07-18_17:28:10,,,,14097.0,16040.0,42863.0
2025-07-18_17:28:14,3302.0,11902.0,44831.0,12187.0,16040.0,42863.0
2025-07-18_17:28:14,9683.0,11902.0,44831.0,13806.0,16040.0,42863.0
2025-07-18_17:28:14,,,,12054.0,16040.0,42863.0
2025-07-18_17:28:18,2778.0,11902.0,44831.0,12191.0,16040.0,42863.0
2025-07-18_17:28:18,8546.0,11902.0,44831.0,13894.0,16040.0,42863.0
2025-07-18_17:28:18,10143.0,11902.0,44838.0,14636.0,16040.0,42863.0
2025-07-18_17:28:19,2780.0,11902.0,44838.0,12187.0,16040.0,42863.0
2025-07-18_17:28:20,9677.0,11902.0,44838.0,14173.0,16040.0,42863.0
2025-07-18_17:28:20,9165.0,11902.0,44838.0,13794.0,16040.0,42863.0
2025-07-18_17:28:20,10060.0,11902.0,44838.0,14296.0,16040.0,42863.0
2025-07-18_17:28:20,9650.0,11902.0,44838.0,14114.0,16040.0,42863.0
2025-07-18_17:28:20,9642.0,11902.0,44838.0,14184.0,16040.0,42863.0
2025-07-18_17:28:21,9567.0,11902.0,44838.0,14194.0,16040.0,42863.0
2025-07-18_17:28:21,8638.0,11902.0,44838.0,14205.0,16040.0,42863.0
2025-07-18_17:28:21,9487.0,11902.0,44838.0,14128.0,16040.0,42863.0
2025-07-18_17:28:21,10105.0,11902.0,44838.0,14348.0,16040.0,42863.0
2025-07-18_17:28:22,,,,,,
2025-07-18_17:28:25,,,,3793.0,16040.0,42863.0
2025-07-18_17:28:29,2778.0,11902.0,44838.0,12161.0,16040.0,42863.0
2025-07-18_17:28:30,9964.0,11902.0,44838.0,14497.0,16040.0,42863.0
2025-07-18_17:28:30,9435.0,11902.0,44838.0,14415.0,16040.0,42863.0
2025-07-18_17:28:30,9637.0,11902.0,44838.0,14118.0,16040.0,42863.0
2025-07-18_17:28:30,9650.0,11902.0,44838.0,14174.0,16040.0,42863.0
2025-07-18_17:28:30,9667.0,11902.0,44838.0,14208.0,16040.0,42863.0
2025-07-18_17:28:31,10078.0,11902.0,44838.0,14471.0,16040.0,42892.0
2025-07-18_17:28:31,9529.0,11902.0,44838.0,14314.0,16040.0,42892.0
2025-07-18_17:28:31,8540.0,11902.0,44838.0,13836.0,16040.0,42892.0
2025-07-18_17:28:31,9667.0,11902.0,44838.0,14276.0,16040.0,42892.0
2025-07-18_17:28:32,9965.0,11902.0,44838.0,14605.0,16040.0,42895.0
2025-07-18_17:28:32,,,,14201.0,16040.0,42895.0
2025-07-18_17:28:36,3375.0,11902.0,44838.0,12180.0,16040.0,42895.0
2025-07-18_17:28:36,10158.0,11902.0,44838.0,14294.0,16040.0,42895.0
2025-07-18_17:28:36,10000.0,11902.0,44838.0,14317.0,16040.0,42895.0
2025-07-18_17:28:36,9179.0,11902.0,44838.0,13794.0,16040.0,42895.0
2025-07-18_17:28:36,8608.0,11902.0,44838.0,14181.0,16040.0,42895.0
2025-07-18_17:28:37,,,,13788.0,16040.0,42895.0
2025-07-18_17:28:41,2780.0,11902.0,44838.0,12194.0,16040.0,42895.0
2025-07-18_17:28:41,8568.0,11902.0,44838.0,13803.0,16040.0,42895.0
2025-07-18_17:28:41,10099.0,11902.0,44838.0,14615.0,16040.0,42895.0
2025-07-18_17:28:41,,,,14052.0,16040.0,42895.0
2025-07-18_17:28:45,3375.0,11902.0,44838.0,12163.0,16040.0,42895.0
2025-07-18_17:28:45,9834.0,11902.0,44839.0,14283.0,16040.0,42895.0
2025-07-18_17:28:45,9246.0,11902.0,44839.0,13799.0,16040.0,42895.0
2025-07-18_17:28:46,9617.0,11902.0,44839.0,13900.0,16040.0,42895.0
2025-07-18_17:28:46,,,,14094.0,16040.0,42895.0
2025-07-18_17:28:50,2778.0,11902.0,44839.0,12184.0,16040.0,42895.0
2025-07-18_17:28:50,9512.0,11902.0,44839.0,14214.0,16040.0,42895.0
2025-07-18_17:28:50,,,,,,
2025-07-18_17:28:54,6968.0,11902.0,44839.0,3793.0,16040.0,42895.0
2025-07-18_17:28:54,,,,,,
2025-07-18_17:28:58,6965.0,11902.0,44839.0,3792.0,16040.0,42895.0
2025-07-18_17:28:58,,,,11880.0,16040.0,42895.0
2025-07-18_17:29:02,2778.0,11902.0,44839.0,12184.0,16040.0,42895.0
2025-07-18_17:29:02,8628.0,11902.0,44839.0,14088.0,16040.0,42895.0
2025-07-18_17:29:02,,,,13982.0,16040.0,42895.0
2025-07-18_17:29:06,3375.0,11902.0,44839.0,12193.0,16040.0,42895.0
2025-07-18_17:29:06,,,,13818.0,16040.0,42895.0
2025-07-18_17:29:10,3302.0,11902.0,44839.0,12189.0,16040.0,42895.0
2025-07-18_17:29:10,,,,,,
2025-07-18_17:29:14,6965.0,11902.0,44839.0,3792.0,16040.0,42895.0
2025-07-18_17:29:14,,,,,,
2025-07-18_17:29:18,6968.0,11902.0,44839.0,3793.0,16040.0,42895.0
2025-07-18_17:29:18,,,,,,
2025-07-18_17:29:22,6964.0,11902.0,44839.0,3790.0,16040.0,42895.0
2025-07-18_17:29:22,9643.0,11902.0,44839.0,14067.0,16040.0,42895.0
2025-07-18_17:29:23,9576.0,11902.0,44839.0,13981.0,16040.0,42895.0
2025-07-18_17:29:23,,,,14234.0,16040.0,42895.0
2025-07-18_17:29:27,3358.0,11902.0,44839.0,12188.0,16040.0,42895.0
2025-07-18_17:29:27,,,,11882.0,16040.0,42895.0
2025-07-18_17:29:31,2780.0,11902.0,44839.0,12192.0,16040.0,42895.0
2025-07-18_17:29:31,9175.0,11902.0,44839.0,13998.0,16040.0,42895.0
2025-07-18_17:29:31,,,,14387.0,16040.0,42895.0
2025-07-18_17:29:35,3358.0,11902.0,44839.0,12168.0,16040.0,42895.0
2025-07-18_17:29:35,,,,13298.0,16040.0,42895.0
2025-07-18_17:29:39,2778.0,11902.0,44839.0,12187.0,16040.0,42895.0
2025-07-18_17:29:39,9658.0,11902.0,44839.0,14055.0,16040.0,42895.0
2025-07-18_17:29:39,,,,13797.0,16040.0,42895.0
2025-07-18_17:29:43,3302.0,11902.0,44839.0,12160.0,16040.0,42895.0
2025-07-18_17:29:43,8703.0,11902.0,44839.0,14093.0,16040.0,42895.0
2025-07-18_17:29:43,,,,11921.0,16040.0,42895.0
2025-07-18_17:29:47,2778.0,11902.0,44839.0,12193.0,16040.0,42895.0
2025-07-18_17:29:47,8531.0,11902.0,44839.0,13937.0,16040.0,42895.0
2025-07-18_17:29:48,2778.0,11902.0,44839.0,12185.0,16040.0,42895.0
2025-07-18_17:29:48,9600.0,11902.0,44839.0,14018.0,16040.0,42895.0
2025-07-18_17:29:49,8538.0,11902.0,44839.0,13803.0,16040.0,42895.0
2025-07-18_17:29:49,9629.0,11902.0,44839.0,14307.0,16040.0,42895.0
2025-07-18_17:29:49,,,,14184.0,16040.0,42895.0
2025-07-18_17:29:53,2778.0,11902.0,44839.0,12192.0,16040.0,42895.0
2025-07-18_17:29:53,,,,,,
2025-07-18_17:29:57,6963.0,11902.0,44839.0,3786.0,16040.0,42895.0
2025-07-18_17:29:57,9638.0,11902.0,44839.0,14295.0,16040.0,42895.0
2025-07-18_17:29:57,9896.0,11902.0,44839.0,14318.0,16040.0,42895.0
2025-07-18_17:29:58,,,,14092.0,16040.0,42895.0
2025-07-18_17:30:01,3302.0,11902.0,44839.0,12189.0,16040.0,42895.0
2025-07-18_17:30:02,9407.0,11902.0,44839.0,14228.0,16040.0,42895.0
2025-07-18_17:30:02,9753.0,11902.0,44839.0,14246.0,16040.0,42895.0
2025-07-18_17:30:02,9162.0,11902.0,44839.0,14005.0,16040.0,42895.0
2025-07-18_17:30:02,9591.0,11902.0,44839.0,14031.0,16040.0,42895.0
2025-07-18_17:30:02,9579.0,11902.0,44839.0,13981.0,16040.0,42895.0
2025-07-18_17:30:03,8625.0,11902.0,44839.0,14036.0,16040.0,42895.0
2025-07-18_17:30:03,,,,,,
2025-07-18_17:30:07,3300.0,11902.0,44839.0,4595.0,16040.0,42895.0
2025-07-18_17:30:07,10264.0,11902.0,44840.0,14390.0,16040.0,42895.0
2025-07-18_17:30:08,,,,,,
2025-07-18_17:30:11,6967.0,11902.0,44840.0,3787.0,16040.0,42895.0
2025-07-18_17:30:12,8662.0,11902.0,44840.0,14108.0,16040.0,42895.0
2025-07-18_17:30:12,,,,13878.0,16040.0,42895.0
2025-07-18_17:30:16,3375.0,11902.0,44840.0,12192.0,16040.0,42895.0
2025-07-18_17:30:16,8668.0,11902.0,44840.0,14385.0,16040.0,42895.0
2025-07-18_17:30:16,9802.0,11902.0,44840.0,14240.0,16040.0,42895.0
2025-07-18_17:30:16,8913.0,11902.0,44840.0,13793.0,16040.0,42895.0
2025-07-18_17:30:16,9880.0,11902.0,44840.0,14234.0,16040.0,42895.0
2025-07-18_17:30:17,,,,14231.0,16040.0,42895.0
2025-07-18_17:30:20,3375.0,11902.0,44840.0,12156.0,16040.0,42895.0
2025-07-18_17:30:21,9952.0,11902.0,44840.0,14392.0,16040.0,42895.0
2025-07-18_17:30:21,,,,13930.0,16040.0,42895.0
2025-07-18_17:30:25,3302.0,11902.0,44840.0,12192.0,16040.0,42895.0
2025-07-18_17:30:25,,,,,,
2025-07-18_17:30:29,2778.0,11902.0,44840.0,3778.0,16040.0,42895.0
2025-07-18_17:30:29,9271.0,11902.0,44840.0,14144.0,16040.0,42895.0
2025-07-18_17:30:30,9600.0,11902.0,44840.0,14186.0,16040.0,42895.0
2025-07-18_17:30:30,9713.0,11902.0,44840.0,14128.0,16040.0,42895.0
2025-07-18_17:30:30,9846.0,11902.0,44840.0,14306.0,16040.0,42895.0
2025-07-18_17:30:30,,,,13783.0,16040.0,42895.0
2025-07-18_17:30:34,3319.0,11902.0,44840.0,12187.0,16040.0,42895.0
2025-07-18_17:30:34,10244.0,11902.0,44842.0,14392.0,16040.0,42895.0
2025-07-18_17:30:34,10020.0,11902.0,44842.0,14268.0,16040.0,42895.0
2025-07-18_17:30:35,,,,14103.0,16040.0,42895.0
2025-07-18_17:30:38,3375.0,11902.0,44842.0,12188.0,16040.0,42895.0
2025-07-18_17:30:39,9783.0,11902.0,44842.0,14110.0,16040.0,42895.0
2025-07-18_17:30:39,,,,,,
2025-07-18_17:30:43,2778.0,11902.0,44842.0,3776.0,16040.0,42895.0
2025-07-18_17:30:43,9770.0,11902.0,44842.0,14314.0,16040.0,42897.0
2025-07-18_17:30:44,9664.0,11902.0,44842.0,14161.0,16040.0,42897.0
2025-07-18_17:30:44,9675.0,11902.0,44842.0,14173.0,16040.0,42897.0
2025-07-18_17:30:44,9017.0,11902.0,44842.0,14022.0,16040.0,42897.0
2025-07-18_17:30:44,,,,14386.0,16040.0,42897.0
2025-07-18_17:30:48,3302.0,11902.0,44842.0,12196.0,16040.0,42897.0
2025-07-18_17:30:48,9526.0,11902.0,44842.0,14140.0,16040.0,42897.0
2025-07-18_17:30:49,9993.0,11902.0,44842.0,14296.0,16040.0,42898.0
2025-07-18_17:30:49,9465.0,11902.0,44842.0,14287.0,16040.0,42898.0
2025-07-18_17:30:49,9551.0,11902.0,44842.0,13993.0,16040.0,42898.0
2025-07-18_17:30:49,,,,13959.0,16040.0,42898.0
2025-07-18_17:30:53,3358.0,11902.0,44842.0,12185.0,16040.0,42898.0
2025-07-18_17:30:53,9678.0,11902.0,44842.0,13978.0,16040.0,42898.0
2025-07-18_17:30:53,9650.0,11902.0,44842.0,14106.0,16040.0,42898.0
2025-07-18_17:30:54,9657.0,11902.0,44842.0,14074.0,16040.0,42898.0
2025-07-18_17:30:54,,,,14137.0,16040.0,42898.0
2025-07-18_17:30:58,3302.0,11902.0,44842.0,12199.0,16040.0,42898.0
2025-07-18_17:30:58,9899.0,11902.0,44842.0,14088.0,16040.0,42898.0
2025-07-18_17:30:58,9679.0,11902.0,44842.0,14177.0,16040.0,42898.0
2025-07-18_17:30:58,,,,,,
2025-07-18_17:31:02,6963.0,11902.0,44842.0,3793.0,16040.0,42898.0
2025-07-18_17:31:02,9036.0,11902.0,44842.0,13571.0,16040.0,42898.0
2025-07-18_17:31:03,,,,14207.0,16040.0,42898.0
2025-07-18_17:31:06,2778.0,11902.0,44842.0,12183.0,16040.0,42898.0
2025-07-18_17:31:07,,,,13578.0,16040.0,42898.0
2025-07-18_17:31:10,3358.0,11902.0,44842.0,12192.0,16040.0,42898.0
2025-07-18_17:31:11,9780.0,11902.0,44842.0,14095.0,16040.0,42898.0
2025-07-18_17:31:11,9644.0,11902.0,44842.0,14157.0,16040.0,42898.0
2025-07-18_17:31:11,8559.0,11902.0,44842.0,13948.0,16040.0,42898.0
2025-07-18_17:31:11,9680.0,11902.0,44842.0,14162.0,16040.0,42898.0
2025-07-18_17:31:12,,,,14290.0,16040.0,42898.0
2025-07-18_17:31:15,,,,,,
2025-07-18_17:31:19,,,,3793.0,16040.0,42898.0
2025-07-18_17:31:23,2778.0,11902.0,44842.0,12186.0,16040.0,42898.0
2025-07-18_17:31:23,9663.0,11902.0,44842.0,14171.0,16040.0,42898.0
2025-07-18_17:31:23,10285.0,11902.0,44842.0,14521.0,16040.0,42898.0
2025-07-18_17:31:24,9978.0,11902.0,44842.0,14509.0,16040.0,42898.0
2025-07-18_17:31:24,10089.0,11902.0,44842.0,14312.0,16040.0,42898.0
2025-07-18_17:31:24,9446.0,11902.0,44842.0,14008.0,16040.0,42898.0
2025-07-18_17:31:24,10052.0,11902.0,44842.0,14396.0,16040.0,42898.0
2025-07-18_17:31:24,,,,,,
2025-07-18_17:31:28,6967.0,11902.0,44843.0,3792.0,16040.0,42898.0
2025-07-18_17:31:29,9839.0,11902.0,44843.0,14051.0,16040.0,42898.0
2025-07-18_17:31:29,9961.0,11902.0,44843.0,14397.0,16040.0,42898.0
2025-07-18_17:31:29,9981.0,11902.0,44843.0,14114.0,16040.0,42898.0
2025-07-18_17:31:29,9835.0,11902.0,44843.0,14521.0,16040.0,42898.0
2025-07-18_17:31:29,8541.0,11902.0,44843.0,13910.0,16040.0,42898.0
2025-07-18_17:31:30,9616.0,11902.0,44843.0,14398.0,16040.0,42898.0
2025-07-18_17:31:30,9673.0,11902.0,44843.0,14153.0,16040.0,42898.0
2025-07-18_17:31:30,9861.0,11902.0,44843.0,14506.0,16040.0,42898.0
2025-07-18_17:31:30,,,,,,
2025-07-18_17:31:34,6966.0,11902.0,44843.0,3792.0,16040.0,42898.0
2025-07-18_17:31:34,,,,14521.0,16040.0,42898.0
2025-07-18_17:31:38,3377.0,11902.0,44843.0,12162.0,16040.0,42898.0
2025-07-18_17:31:38,,,,14161.0,16040.0,42898.0
2025-07-18_17:31:42,3375.0,11902.0,44843.0,12170.0,16040.0,42898.0
2025-07-18_17:31:42,9629.0,11902.0,44843.0,14102.0,16040.0,42898.0
2025-07-18_17:31:43,9874.0,11902.0,44843.0,14297.0,16040.0,42898.0
2025-07-18_17:31:43,9185.0,11902.0,44843.0,13879.0,16040.0,42898.0
2025-07-18_17:31:43,9991.0,11902.0,44843.0,14436.0,16040.0,42898.0
2025-07-18_17:31:43,,,,,,
2025-07-18_17:31:48,2778.0,11902.0,44843.0,3776.0,16040.0,42898.0
2025-07-18_17:31:48,,,,,,
2025-07-18_17:31:52,6962.0,11902.0,44843.0,3794.0,16040.0,42898.0
2025-07-18_17:31:52,9679.0,11902.0,44843.0,14017.0,16040.0,42898.0
2025-07-18_17:31:52,10054.0,11902.0,44843.0,14565.0,16040.0,42898.0
2025-07-18_17:31:52,9223.0,11902.0,44843.0,14107.0,16040.0,42898.0
2025-07-18_17:31:53,9939.0,11902.0,44843.0,14397.0,16040.0,42898.0
2025-07-18_17:31:53,9619.0,11902.0,44843.0,14092.0,16040.0,42898.0
2025-07-18_17:31:53,9681.0,11902.0,44843.0,14153.0,16040.0,42898.0
2025-07-18_17:31:53,,,,,,
2025-07-18_17:31:57,6965.0,11902.0,44843.0,3792.0,16040.0,42898.0
2025-07-18_17:31:57,9968.0,11902.0,44843.0,14546.0,16040.0,42898.0
2025-07-18_17:31:57,,,,14022.0,16040.0,42898.0
2025-07-18_17:32:01,3375.0,11902.0,44843.0,12185.0,16040.0,42898.0
2025-07-18_17:32:01,9796.0,11902.0,44843.0,14229.0,16040.0,42898.0
2025-07-18_17:32:02,9436.0,11902.0,44843.0,14180.0,16040.0,42898.0
2025-07-18_17:32:02,,,,,,
2025-07-18_17:32:06,6969.0,11902.0,44843.0,3792.0,16040.0,42898.0
2025-07-18_17:32:06,9675.0,11902.0,44843.0,14262.0,16040.0,42898.0
2025-07-18_17:32:06,9605.0,11902.0,44843.0,14001.0,16040.0,42898.0
2025-07-18_17:32:06,9951.0,11902.0,44843.0,14304.0,16040.0,42898.0
2025-07-18_17:32:07,,,,,,
2025-07-18_17:32:11,2778.0,11902.0,44843.0,3776.0,16040.0,42898.0
2025-07-18_17:32:11,,,,13828.0,16040.0,42898.0
2025-07-18_17:32:15,3375.0,11902.0,44843.0,12163.0,16040.0,42898.0
2025-07-18_17:32:15,,,,14538.0,16040.0,42898.0
2025-07-18_17:32:19,3358.0,11902.0,44843.0,12185.0,16040.0,42898.0
2025-07-18_17:32:19,9928.0,11902.0,44843.0,14297.0,16040.0,42898.0
2025-07-18_17:32:19,9655.0,11902.0,44843.0,14095.0,16040.0,42898.0
2025-07-18_17:32:20,9263.0,11902.0,44843.0,13941.0,16040.0,42898.0
2025-07-18_17:32:20,8606.0,11902.0,44843.0,14356.0,16040.0,42898.0
2025-07-18_17:32:20,9901.0,11902.0,44843.0,14328.0,16040.0,42898.0
2025-07-18_17:32:20,9801.0,11902.0,44843.0,14016.0,16040.0,42898.0
2025-07-18_17:32:20,9791.0,11902.0,44843.0,14235.0,16040.0,42898.0
2025-07-18_17:32:21,9937.0,11902.0,44843.0,14154.0,16040.0,42898.0
2025-07-18_17:32:21,9558.0,11902.0,44843.0,14204.0,16040.0,42898.0
2025-07-18_17:32:21,,,,14028.0,16040.0,42898.0
2025-07-18_17:32:25,2778.0,11902.0,44843.0,12184.0,16040.0,42898.0
2025-07-18_17:32:25,9841.0,11902.0,44843.0,14286.0,16040.0,42898.0
2025-07-18_17:32:25,9830.0,11902.0,44843.0,14099.0,16040.0,42898.0
2025-07-18_17:32:26,,,,14153.0,16040.0,42899.0
2025-07-18_17:32:29,3375.0,11902.0,44843.0,12191.0,16040.0,42899.0
2025-07-18_17:32:30,9679.0,11902.0,44843.0,14029.0,16040.0,42899.0
2025-07-18_17:32:30,9669.0,11902.0,44843.0,13968.0,16040.0,42899.0
2025-07-18_17:32:30,9297.0,11902.0,44843.0,14095.0,16040.0,42899.0
2025-07-18_17:32:30,9691.0,11902.0,44843.0,14165.0,16040.0,42899.0
2025-07-18_17:32:31,,,,14059.0,16040.0,42899.0
2025-07-18_17:32:34,3319.0,11902.0,44843.0,12189.0,16040.0,42899.0
2025-07-18_17:32:34,9971.0,11902.0,44843.0,14428.0,16040.0,42899.0
2025-07-18_17:32:35,9324.0,11902.0,44843.0,13998.0,16040.0,42899.0
2025-07-18_17:32:35,,,,14245.0,16040.0,42899.0
2025-07-18_17:32:39,3302.0,11902.0,44843.0,12192.0,16040.0,42899.0
2025-07-18_17:32:39,9676.0,11902.0,44843.0,13976.0,16040.0,42899.0
2025-07-18_17:32:39,9114.0,11902.0,44843.0,14155.0,16040.0,42899.0
2025-07-18_17:32:39,10246.0,11902.0,44846.0,14313.0,16040.0,42899.0
2025-07-18_17:32:40,,,,14044.0,16040.0,42899.0
2025-07-18_17:32:43,3319.0,11902.0,44846.0,12184.0,16040.0,42899.0
2025-07-18_17:32:43,9671.0,11902.0,44846.0,14113.0,16040.0,42899.0
2025-07-18_17:32:44,8516.0,11902.0,44846.0,13724.0,16040.0,42899.0
2025-07-18_17:32:44,9710.0,11902.0,44846.0,14119.0,16040.0,42899.0
2025-07-18_17:32:44,9949.0,11902.0,44846.0,14391.0,16040.0,42899.0
2025-07-18_17:32:44,10188.0,11902.0,44846.0,14622.0,16040.0,42899.0
2025-07-18_17:32:45,9821.0,11902.0,44846.0,14052.0,16040.0,42899.0
2025-07-18_17:32:45,9904.0,11902.0,44846.0,14302.0,16040.0,42899.0
2025-07-18_17:32:45,9165.0,11902.0,44846.0,13818.0,16040.0,42899.0
2025-07-18_17:32:45,9323.0,11902.0,44846.0,13939.0,16040.0,42899.0
2025-07-18_17:32:45,,,,,,
2025-07-18_17:32:49,6966.0,11902.0,44846.0,3793.0,16040.0,42899.0
2025-07-18_17:32:50,9665.0,11902.0,44849.0,14346.0,16040.0,42899.0
2025-07-18_17:32:50,9962.0,11902.0,44849.0,14253.0,16040.0,42899.0
2025-07-18_17:32:50,9673.0,11902.0,44849.0,13978.0,16040.0,42899.0
2025-07-18_17:32:50,,,,,,
2025-07-18_17:32:55,2778.0,11902.0,44849.0,3776.0,16040.0,42899.0
2025-07-18_17:32:55,9193.0,11902.0,44849.0,13793.0,16040.0,42899.0
2025-07-18_17:32:55,9963.0,11902.0,44849.0,14552.0,16040.0,42899.0
2025-07-18_17:32:55,8670.0,11902.0,44849.0,14032.0,16040.0,42899.0
2025-07-18_17:32:56,10062.0,11902.0,44885.0,14198.0,16040.0,42899.0
2025-07-18_17:32:56,9680.0,11902.0,44885.0,13932.0,16040.0,42899.0
2025-07-18_17:32:56,9697.0,11902.0,44885.0,14075.0,16040.0,42899.0
2025-07-18_17:32:56,9596.0,11902.0,44885.0,14013.0,16040.0,42899.0
2025-07-18_17:32:56,,,,13784.0,16040.0,42899.0
2025-07-18_17:33:00,3375.0,11902.0,44885.0,12184.0,16040.0,42899.0
2025-07-18_17:33:00,9501.0,11902.0,44885.0,14178.0,16040.0,42899.0
2025-07-18_17:33:01,9668.0,11902.0,44885.0,13795.0,16040.0,42899.0
2025-07-18_17:33:01,9844.0,11902.0,44885.0,14136.0,16040.0,42899.0
2025-07-18_17:33:01,10235.0,11902.0,44885.0,14311.0,16040.0,42899.0
2025-07-18_17:33:01,9905.0,11902.0,44885.0,14334.0,16040.0,42899.0
2025-07-18_17:33:02,10041.0,11902.0,44885.0,14171.0,16040.0,42899.0
2025-07-18_17:33:02,10091.0,11902.0,44885.0,14097.0,16040.0,42899.0
2025-07-18_17:33:02,9673.0,11902.0,44885.0,13964.0,16040.0,42899.0
2025-07-18_17:33:02,9672.0,11902.0,44885.0,13977.0,16040.0,42899.0
2025-07-18_17:33:02,,,,14510.0,16040.0,42899.0
2025-07-18_17:33:06,3358.0,11902.0,44885.0,12192.0,16040.0,42899.0
2025-07-18_17:33:06,9650.0,11902.0,44885.0,14288.0,16040.0,42899.0
2025-07-18_17:33:07,9518.0,11902.0,44885.0,14277.0,16040.0,42899.0
2025-07-18_17:33:07,9671.0,11902.0,44885.0,13973.0,16040.0,42899.0
2025-07-18_17:33:07,,,,,,
2025-07-18_17:33:11,6965.0,11902.0,44885.0,3793.0,16040.0,42899.0
2025-07-18_17:33:11,9903.0,11902.0,44885.0,14274.0,16040.0,42899.0
2025-07-18_17:33:11,,,,,,
2025-07-18_17:33:15,6963.0,11902.0,44885.0,3792.0,16040.0,42899.0
2025-07-18_17:33:15,9729.0,11902.0,44885.0,14276.0,16040.0,42899.0
2025-07-18_17:33:15,,,,13970.0,16040.0,42899.0
2025-07-18_17:33:19,3302.0,11902.0,44885.0,12163.0,16040.0,42899.0
2025-07-18_17:33:19,9582.0,11902.0,44885.0,14225.0,16040.0,42899.0
2025-07-18_17:33:20,,,,,,
2025-07-18_17:33:23,6964.0,11902.0,44885.0,3792.0,16040.0,42899.0
2025-07-18_17:33:24,9608.0,11902.0,44885.0,13994.0,16040.0,42899.0
2025-07-18_17:33:24,9767.0,11902.0,44885.0,13943.0,16040.0,42899.0
2025-07-18_17:33:24,9965.0,11902.0,44889.0,14553.0,16040.0,42899.0
2025-07-18_17:33:25,2778.0,11902.0,44889.0,12185.0,16040.0,42899.0
2025-07-18_17:33:25,9931.0,11902.0,44889.0,14332.0,16040.0,42899.0
2025-07-18_17:33:25,9243.0,11902.0,44889.0,13784.0,16040.0,42899.0
2025-07-18_17:33:26,9189.0,11902.0,44889.0,13781.0,16040.0,42899.0
2025-07-18_17:33:26,9598.0,11902.0,44889.0,14160.0,16040.0,42899.0
2025-07-18_17:33:26,9651.0,11902.0,44889.0,14287.0,16040.0,42899.0
2025-07-18_17:33:26,,,,14284.0,16040.0,42899.0
2025-07-18_17:33:30,3375.0,11902.0,44889.0,12184.0,16040.0,42899.0
2025-07-18_17:33:30,9654.0,11902.0,44889.0,14093.0,16040.0,42899.0
2025-07-18_17:33:31,9681.0,11902.0,44889.0,14183.0,16040.0,42899.0
2025-07-18_17:33:31,,,,,,
2025-07-18_17:33:35,6965.0,11902.0,44889.0,3793.0,16040.0,42899.0
2025-07-18_17:33:35,9680.0,11902.0,44889.0,13961.0,16040.0,42899.0
2025-07-18_17:33:35,,,,14309.0,16040.0,42899.0
2025-07-18_17:33:39,3358.0,11902.0,44889.0,12187.0,16040.0,42899.0
2025-07-18_17:33:39,9850.0,11902.0,44889.0,14096.0,16040.0,42899.0
2025-07-18_17:33:39,9795.0,11902.0,44889.0,14552.0,16040.0,42899.0
2025-07-18_17:33:39,10113.0,11902.0,44889.0,14172.0,16040.0,42899.0
2025-07-18_17:33:40,9826.0,11902.0,44889.0,14226.0,16040.0,42899.0
2025-07-18_17:33:40,10092.0,11902.0,44889.0,14409.0,16040.0,42899.0
2025-07-18_17:33:41,2778.0,11902.0,44889.0,12187.0,16040.0,42899.0
2025-07-18_17:33:41,10249.0,11902.0,44893.0,14009.0,16040.0,42899.0
2025-07-18_17:33:41,,,,14288.0,16040.0,42899.0
2025-07-18_17:33:45,3375.0,11902.0,44893.0,12192.0,16040.0,42899.0
2025-07-18_17:33:45,,,,,,
2025-07-18_17:33:49,6964.0,11902.0,44893.0,3793.0,16040.0,42899.0
2025-07-18_17:33:49,9953.0,11902.0,44893.0,14401.0,16040.0,42899.0
2025-07-18_17:33:49,,,,13787.0,16040.0,42899.0
2025-07-18_17:33:53,3375.0,11902.0,44893.0,12186.0,16040.0,42899.0
2025-07-18_17:33:53,10049.0,11902.0,44893.0,14299.0,16040.0,42899.0
2025-07-18_17:33:53,,,,13969.0,16040.0,42899.0
2025-07-18_17:33:57,3358.0,11902.0,44893.0,12163.0,16040.0,42899.0
2025-07-18_17:33:57,9680.0,11902.0,44893.0,14203.0,16040.0,42899.0
2025-07-18_17:33:58,8595.0,11902.0,44893.0,14006.0,16040.0,42899.0
2025-07-18_17:33:58,10001.0,11902.0,44893.0,14541.0,16040.0,42899.0
2025-07-18_17:33:58,8583.0,11902.0,44893.0,13930.0,16040.0,42899.0
2025-07-18_17:33:58,,,,,,
2025-07-18_17:34:02,6969.0,11902.0,44893.0,3792.0,16040.0,42899.0
2025-07-18_17:34:02,,,,,,
2025-07-18_17:34:06,6965.0,11902.0,44893.0,3792.0,16040.0,42899.0
2025-07-18_17:34:06,10093.0,11902.0,44893.0,14440.0,16040.0,42899.0
2025-07-18_17:34:07,,,,,,
2025-07-18_17:34:10,6959.0,11902.0,44893.0,3792.0,16040.0,42899.0
2025-07-18_17:34:11,9743.0,11902.0,44893.0,14179.0,16040.0,42899.0
2025-07-18_17:34:11,10187.0,11902.0,44898.0,14139.0,16040.0,42899.0
2025-07-18_17:34:11,,,,14357.0,16040.0,42899.0
2025-07-18_17:34:15,,,,,,
2025-07-18_17:34:19,6964.0,11902.0,44898.0,3792.0,16040.0,42899.0
2025-07-18_17:34:19,9667.0,11902.0,44898.0,13974.0,16040.0,42899.0
2025-07-18_17:34:19,,,,13791.0,16040.0,42899.0
2025-07-18_17:34:23,3319.0,11902.0,44898.0,12167.0,16040.0,42899.0
2025-07-18_17:34:23,9827.0,11902.0,44898.0,14082.0,16040.0,42899.0
2025-07-18_17:34:23,9511.0,11902.0,44898.0,14288.0,16040.0,42899.0
2025-07-18_17:34:23,9653.0,11902.0,44898.0,14088.0,16040.0,42899.0
2025-07-18_17:34:24,9673.0,11902.0,44898.0,14211.0,16040.0,42899.0
2025-07-18_17:34:24,9814.0,11902.0,44898.0,14063.0,16040.0,42899.0
2025-07-18_17:34:24,9942.0,11902.0,44898.0,14027.0,16040.0,42899.0
2025-07-18_17:34:24,9674.0,11902.0,44898.0,13983.0,16040.0,42899.0
2025-07-18_17:34:25,8541.0,11902.0,44898.0,13807.0,16040.0,42899.0
2025-07-18_17:34:25,,,,,,
2025-07-18_17:34:29,6968.0,11902.0,44898.0,3792.0,16040.0,42899.0
2025-07-18_17:34:29,9269.0,11902.0,44898.0,14114.0,16040.0,42899.0
2025-07-18_17:34:29,9723.0,11902.0,44898.0,14105.0,16040.0,42899.0
2025-07-18_17:34:29,9100.0,11902.0,44898.0,14116.0,16040.0,42899.0
2025-07-18_17:34:30,,,,,,
2025-07-18_17:34:33,6968.0,11902.0,44898.0,3792.0,16040.0,42899.0
2025-07-18_17:34:34,9783.0,11902.0,44898.0,14216.0,16040.0,42899.0
2025-07-18_17:34:34,9672.0,11902.0,44898.0,13968.0,16040.0,42899.0
2025-07-18_17:34:34,9824.0,11902.0,44898.0,14227.0,16040.0,42899.0
2025-07-18_17:34:34,9180.0,11902.0,44898.0,13791.0,16040.0,42899.0
2025-07-18_17:34:35,9701.0,11902.0,44898.0,13970.0,16040.0,42899.0
2025-07-18_17:34:35,9667.0,11902.0,44898.0,14152.0,16040.0,42899.0
2025-07-18_17:34:35,,,,13976.0,16040.0,42899.0
2025-07-18_17:34:39,3302.0,11902.0,44898.0,12189.0,16040.0,42899.0
2025-07-18_17:34:39,9793.0,11902.0,44898.0,14343.0,16040.0,42899.0
2025-07-18_17:34:39,9573.0,11902.0,44898.0,14014.0,16040.0,42899.0
2025-07-18_17:34:40,,,,,,
2025-07-18_17:34:43,6969.0,11902.0,44898.0,3793.0,16040.0,42899.0
2025-07-18_17:34:44,,,,,,
2025-07-18_17:34:47,6967.0,11902.0,44898.0,3793.0,16040.0,42899.0
2025-07-18_17:34:48,10208.0,11902.0,44898.0,14576.0,16040.0,42899.0
2025-07-18_17:34:48,,,,13980.0,16040.0,42899.0
2025-07-18_17:34:52,3375.0,11902.0,44898.0,12198.0,16040.0,42899.0
2025-07-18_17:34:52,,,,14030.0,16040.0,42899.0
2025-07-18_17:34:55,3319.0,11902.0,44898.0,12199.0,16040.0,42899.0
2025-07-18_17:34:56,,,,13990.0,16040.0,42899.0
2025-07-18_17:34:59,3319.0,11902.0,44898.0,12189.0,16040.0,42899.0
2025-07-18_17:35:00,,,,13782.0,16040.0,42899.0
2025-07-18_17:35:03,3319.0,11902.0,44898.0,12183.0,16040.0,42899.0
2025-07-18_17:35:03,9614.0,11902.0,44898.0,13982.0,16040.0,42899.0
2025-07-18_17:35:04,,,,,,
2025-07-18_17:35:08,6969.0,11902.0,44898.0,3792.0,16040.0,42899.0
2025-07-18_17:35:08,9506.0,11902.0,44898.0,14176.0,16040.0,42899.0
2025-07-18_17:35:08,8968.0,11902.0,44898.0,14060.0,16040.0,42899.0
2025-07-18_17:35:08,10061.0,11902.0,44898.0,14304.0,16040.0,42899.0
2025-07-18_17:35:09,9906.0,11902.0,44898.0,14206.0,16040.0,42899.0
2025-07-18_17:35:09,9673.0,11902.0,44898.0,13965.0,16040.0,42899.0
2025-07-18_17:35:09,9630.0,11902.0,44898.0,14019.0,16040.0,42899.0
2025-07-18_17:35:09,,,,,,
2025-07-18_17:35:14,2778.0,11902.0,44898.0,3778.0,16040.0,42899.0
2025-07-18_17:35:14,,,,,,
2025-07-18_17:35:18,2778.0,11902.0,44898.0,3776.0,16040.0,42899.0
2025-07-18_17:35:19,9662.0,11902.0,44898.0,13980.0,16040.0,42899.0
2025-07-18_17:35:19,9705.0,11902.0,44898.0,13981.0,16040.0,42899.0
2025-07-18_17:35:19,9822.0,11902.0,44898.0,14028.0,16040.0,42899.0
2025-07-18_17:35:19,9172.0,11902.0,44898.0,13769.0,16040.0,42899.0
2025-07-18_17:35:19,9676.0,11902.0,44898.0,13979.0,16040.0,42899.0
2025-07-18_17:35:20,9574.0,11902.0,44898.0,13833.0,16040.0,42899.0
2025-07-18_17:35:20,,,,14215.0,16040.0,42899.0
2025-07-18_17:35:24,2778.0,11902.0,44898.0,12199.0,16040.0,42899.0
2025-07-18_17:35:24,,,,,,
2025-07-18_17:35:28,6963.0,11902.0,44898.0,3792.0,16040.0,42899.0
2025-07-18_17:35:28,9654.0,11902.0,44898.0,14107.0,16040.0,42899.0
2025-07-18_17:35:28,,,,,,
2025-07-18_17:35:33,2778.0,11902.0,44898.0,3776.0,16040.0,42899.0
2025-07-18_17:35:33,,,,13943.0,16040.0,42899.0
2025-07-18_17:35:37,3302.0,11902.0,44898.0,12196.0,16040.0,42899.0
2025-07-18_17:35:37,,,,,,
2025-07-18_17:35:41,6963.0,11902.0,44898.0,3793.0,16040.0,42899.0
2025-07-18_17:35:42,2778.0,11902.0,44898.0,12192.0,16040.0,42899.0
2025-07-18_17:35:42,10107.0,11902.0,44898.0,14426.0,16040.0,42899.0
2025-07-18_17:35:42,9673.0,11902.0,44898.0,13981.0,16040.0,42899.0
2025-07-18_17:35:42,9670.0,11902.0,44898.0,13984.0,16040.0,42899.0
2025-07-18_17:35:42,,,,13253.0,16040.0,42899.0
2025-07-18_17:35:46,2778.0,11902.0,44898.0,12187.0,16040.0,42899.0
2025-07-18_17:35:46,10070.0,11902.0,44898.0,14363.0,16040.0,42899.0
2025-07-18_17:35:47,,,,13275.0,16040.0,42899.0
2025-07-18_17:35:51,2778.0,11902.0,44898.0,12195.0,16040.0,42899.0
2025-07-18_17:35:51,9890.0,11902.0,44898.0,14145.0,16040.0,42899.0
2025-07-18_17:35:51,,,,,,
2025-07-18_17:35:55,6965.0,11902.0,44898.0,3793.0,16040.0,42899.0
2025-07-18_17:35:55,9789.0,11902.0,44898.0,14109.0,16040.0,42899.0
2025-07-18_17:35:55,9840.0,11902.0,44898.0,14069.0,16040.0,42899.0
2025-07-18_17:35:55,,,,13777.0,16040.0,42899.0
2025-07-18_17:35:59,3317.0,11902.0,44898.0,12195.0,16040.0,42899.0
2025-07-18_17:35:59,8690.0,11902.0,44898.0,13997.0,16040.0,42899.0
2025-07-18_17:36:00,,,,13947.0,16040.0,42899.0
2025-07-18_17:36:03,,,,,,
2025-07-18_17:36:07,6963.0,11902.0,44898.0,3793.0,16040.0,42899.0
2025-07-18_17:36:07,,,,14226.0,16040.0,42899.0
2025-07-18_17:36:11,3358.0,11902.0,44898.0,12196.0,16040.0,42899.0
2025-07-18_17:36:11,9632.0,11902.0,44898.0,14018.0,16040.0,42899.0
2025-07-18_17:36:11,9680.0,11902.0,44898.0,14188.0,16040.0,42899.0
2025-07-18_17:36:12,9682.0,11902.0,44898.0,13968.0,16040.0,42899.0
2025-07-18_17:36:12,9658.0,11902.0,44898.0,14322.0,16040.0,42899.0
2025-07-18_17:36:12,9682.0,11902.0,44898.0,14277.0,16040.0,42899.0
2025-07-18_17:36:12,10228.0,11902.0,44898.0,14281.0,16040.0,42899.0
2025-07-18_17:36:13,9607.0,11902.0,44898.0,14252.0,16040.0,42899.0
2025-07-18_17:36:13,9648.0,11902.0,44898.0,14085.0,16040.0,42899.0
2025-07-18_17:36:13,,,,,,
2025-07-18_17:36:17,6967.0,11902.0,44898.0,3792.0,16040.0,42899.0
2025-07-18_17:36:17,9597.0,11902.0,44898.0,14232.0,16040.0,42899.0
2025-07-18_17:36:17,,,,13812.0,16040.0,42899.0
2025-07-18_17:36:21,3358.0,11902.0,44898.0,12197.0,16040.0,42899.0
2025-07-18_17:36:21,9086.0,11902.0,44898.0,13932.0,16040.0,42899.0
2025-07-18_17:36:21,,,,12050.0,16040.0,42899.0
2025-07-18_17:36:25,2778.0,11902.0,44898.0,12189.0,16040.0,42899.0
2025-07-18_17:36:26,,,,13995.0,16040.0,42899.0
2025-07-18_17:36:29,3375.0,11902.0,44898.0,12162.0,16040.0,42899.0
2025-07-18_17:36:29,,,,,,
2025-07-18_17:36:33,6964.0,11902.0,44898.0,3792.0,16040.0,42899.0
2025-07-18_17:36:33,,,,13984.0,16040.0,42899.0
2025-07-18_17:36:37,3358.0,11902.0,44898.0,12192.0,16040.0,42899.0
2025-07-18_17:36:37,9599.0,11902.0,44898.0,14204.0,16040.0,42899.0
2025-07-18_17:36:38,,,,,,
2025-07-18_17:36:41,6964.0,11902.0,44898.0,3793.0,16040.0,42899.0
2025-07-18_17:36:42,,,,,,
2025-07-18_17:36:46,3356.0,11902.0,44898.0,4595.0,16040.0,42899.0
2025-07-18_17:36:46,8502.0,11902.0,44898.0,13784.0,16040.0,42899.0
2025-07-18_17:36:46,9884.0,11902.0,44898.0,14085.0,16040.0,42899.0
2025-07-18_17:36:47,9502.0,11902.0,44898.0,13928.0,16040.0,42899.0
2025-07-18_17:36:47,9176.0,11902.0,44898.0,13787.0,16040.0,42899.0
2025-07-18_17:36:47,,,,14114.0,16040.0,42899.0
2025-07-18_17:36:51,3302.0,11902.0,44898.0,12195.0,16040.0,42899.0
2025-07-18_17:36:51,,,,,,
2025-07-18_17:36:55,6962.0,11902.0,44898.0,3792.0,16040.0,42899.0
2025-07-18_17:36:55,9592.0,11902.0,44898.0,13970.0,16040.0,42899.0
2025-07-18_17:36:55,,,,,,
2025-07-18_17:36:59,6967.0,11902.0,44898.0,3793.0,16040.0,42899.0
2025-07-18_17:36:59,9506.0,11902.0,44898.0,14109.0,16040.0,42899.0
2025-07-18_17:36:59,,,,,,
2025-07-18_17:37:03,6969.0,11902.0,44898.0,3793.0,16040.0,42899.0
2025-07-18_17:37:03,9797.0,11902.0,44898.0,14320.0,16040.0,42899.0
2025-07-18_17:37:04,,,,,,
2025-07-18_17:37:08,2778.0,11902.0,44898.0,3776.0,16040.0,42899.0
2025-07-18_17:37:08,9644.0,11902.0,44898.0,14006.0,16040.0,42899.0
2025-07-18_17:37:08,9697.0,11902.0,44898.0,13976.0,16040.0,42899.0
2025-07-18_17:37:09,,,,13972.0,16040.0,42899.0
2025-07-18_17:37:12,3375.0,11902.0,44898.0,12187.0,16040.0,42899.0
2025-07-18_17:37:13,,,,,,
2025-07-18_17:37:17,2778.0,11902.0,44898.0,3776.0,16040.0,42899.0
2025-07-18_17:37:17,9612.0,11902.0,44898.0,14285.0,16040.0,42899.0
2025-07-18_17:37:18,9689.0,11902.0,44898.0,14150.0,16040.0,42899.0
2025-07-18_17:37:18,,,,14330.0,16040.0,42900.0
2025-07-18_17:37:21,3358.0,11902.0,44898.0,12189.0,16040.0,42900.0
2025-07-18_17:37:22,,,,13984.0,16040.0,42900.0
2025-07-18_17:37:25,3358.0,11902.0,44898.0,12183.0,16040.0,42900.0
2025-07-18_17:37:26,9715.0,11902.0,44898.0,14176.0,16040.0,42900.0
2025-07-18_17:37:26,,,,,,
2025-07-18_17:37:30,2778.0,11902.0,44898.0,3776.0,16040.0,42900.0
2025-07-18_17:37:30,10083.0,11902.0,44898.0,14348.0,16040.0,42900.0
2025-07-18_17:37:31,,,,,,
2025-07-18_17:37:35,2778.0,11902.0,44898.0,3776.0,16040.0,42900.0
2025-07-18_17:37:35,,,,14105.0,16040.0,42900.0
2025-07-18_17:37:39,2778.0,11902.0,44898.0,12199.0,16040.0,42900.0
2025-07-18_17:37:39,9860.0,11902.0,44898.0,14221.0,16040.0,42900.0
2025-07-18_17:37:40,,,,13791.0,16040.0,42900.0
2025-07-18_17:37:43,3317.0,11902.0,44898.0,12168.0,16040.0,42900.0
2025-07-18_17:37:44,,,,,,
2025-07-18_17:37:47,6968.0,11902.0,44898.0,3792.0,16040.0,42900.0
2025-07-18_17:37:48,,,,14226.0,16040.0,42900.0
2025-07-18_17:37:51,3375.0,11902.0,44898.0,12189.0,16040.0,42900.0
2025-07-18_17:37:51,,,,,,
2025-07-18_17:37:55,6963.0,11902.0,44898.0,3792.0,16040.0,42900.0
2025-07-18_17:37:55,9896.0,11902.0,44898.0,14125.0,16040.0,42900.0
2025-07-18_17:37:56,,,,12134.0,16040.0,42900.0
2025-07-18_17:38:00,2780.0,11902.0,44898.0,12192.0,16040.0,42900.0
2025-07-18_17:38:00,,,,13769.0,16040.0,42900.0
2025-07-18_17:38:03,3358.0,11902.0,44898.0,12187.0,16040.0,42900.0
2025-07-18_17:38:04,,,,13788.0,16040.0,42900.0
2025-07-18_17:38:07,3319.0,11902.0,44898.0,12159.0,16040.0,42900.0
2025-07-18_17:38:08,9575.0,11902.0,44898.0,14016.0,16040.0,42900.0
2025-07-18_17:38:08,10107.0,11902.0,44898.0,14371.0,16040.0,42900.0
2025-07-18_17:38:08,,,,,,
2025-07-18_17:38:12,6972.0,11902.0,44898.0,3793.0,16040.0,42900.0
2025-07-18_17:38:12,,,,,,
2025-07-18_17:38:16,6963.0,11902.0,44898.0,3787.0,16040.0,42900.0
2025-07-18_17:38:16,9654.0,11902.0,44898.0,13974.0,16040.0,42900.0
2025-07-18_17:38:16,9063.0,11902.0,44898.0,14141.0,16040.0,42900.0
2025-07-18_17:38:17,9948.0,11902.0,44898.0,14358.0,16040.0,42900.0
2025-07-18_17:38:17,9387.0,11902.0,44898.0,13934.0,16040.0,42900.0
2025-07-18_17:38:17,,,,,,
2025-07-18_17:38:21,6959.0,11902.0,44898.0,3793.0,16040.0,42900.0
2025-07-18_17:38:21,,,,,,
2025-07-18_17:38:25,6966.0,11902.0,44898.0,3793.0,16040.0,42900.0
2025-07-18_17:38:25,10220.0,11902.0,44898.0,14368.0,16040.0,42900.0
2025-07-18_17:38:25,,,,,,
2025-07-18_17:38:30,3356.0,11902.0,44898.0,4595.0,16040.0,42900.0
2025-07-18_17:38:30,9874.0,11902.0,44898.0,14141.0,16040.0,42900.0
2025-07-18_17:38:30,9671.0,11902.0,44898.0,14175.0,16040.0,42900.0
2025-07-18_17:38:30,,,,,,
2025-07-18_17:38:34,6965.0,11902.0,44898.0,3787.0,16040.0,42900.0
2025-07-18_17:38:34,,,,13789.0,16040.0,42900.0
2025-07-18_17:38:38,3375.0,11902.0,44898.0,12179.0,16040.0,42900.0
2025-07-18_17:38:38,,,,,,
2025-07-18_17:38:42,6968.0,11902.0,44898.0,3792.0,16040.0,42900.0
2025-07-18_17:38:42,9800.0,11902.0,44898.0,14132.0,16040.0,42900.0
2025-07-18_17:38:42,,,,,,
2025-07-18_17:38:46,6968.0,11902.0,44898.0,3793.0,16040.0,42900.0
2025-07-18_17:38:46,,,,13605.0,16040.0,42900.0
2025-07-18_17:38:50,3319.0,11902.0,44898.0,12199.0,16040.0,42900.0
2025-07-18_17:38:50,9697.0,11902.0,44898.0,14150.0,16040.0,42900.0
2025-07-18_17:38:51,8502.0,11902.0,44898.0,13097.0,16040.0,42900.0
2025-07-18_17:38:52,2778.0,11902.0,44898.0,12187.0,16040.0,42900.0
2025-07-18_17:38:52,,,,,,
2025-07-18_17:38:56,6971.0,11902.0,44898.0,3793.0,16040.0,42900.0
2025-07-18_17:38:56,9666.0,11902.0,44898.0,14177.0,16040.0,42900.0
2025-07-18_17:38:56,10083.0,11902.0,44898.0,14109.0,16040.0,42900.0
2025-07-18_17:38:56,9672.0,11902.0,44898.0,13964.0,16040.0,42900.0
2025-07-18_17:38:56,9671.0,11902.0,44898.0,13984.0,16040.0,42900.0
2025-07-18_17:38:57,9681.0,11902.0,44898.0,14171.0,16040.0,42900.0
2025-07-18_17:38:57,9885.0,11902.0,44898.0,14301.0,16040.0,42900.0
2025-07-18_17:38:57,9672.0,11902.0,44898.0,13983.0,16040.0,42900.0
2025-07-18_17:38:57,10049.0,11902.0,44898.0,14354.0,16040.0,42900.0
2025-07-18_17:38:58,9675.0,11902.0,44898.0,13804.0,16040.0,42900.0
2025-07-18_17:38:58,9833.0,11902.0,44898.0,14040.0,16040.0,42900.0
2025-07-18_17:38:58,10093.0,11902.0,44898.0,14039.0,16040.0,42900.0
2025-07-18_17:38:58,9804.0,11902.0,44898.0,14036.0,16040.0,42900.0
2025-07-18_17:38:58,9664.0,11902.0,44898.0,13979.0,16040.0,42900.0
2025-07-18_17:38:59,9829.0,11902.0,44898.0,14236.0,16040.0,42900.0
2025-07-18_17:38:59,9830.0,11902.0,44898.0,14080.0,16040.0,42900.0
2025-07-18_17:38:59,,,,,,
2025-07-18_17:39:04,2780.0,11902.0,44898.0,3776.0,16040.0,42900.0
2025-07-18_17:39:04,9667.0,11902.0,44898.0,14135.0,16040.0,42900.0
2025-07-18_17:39:04,9826.0,11902.0,44898.0,14252.0,16040.0,42900.0
2025-07-18_17:39:04,9685.0,11902.0,44898.0,13958.0,16040.0,42900.0
2025-07-18_17:39:04,,,,,,
2025-07-18_17:39:08,6968.0,11902.0,44898.0,3793.0,16040.0,42900.0
2025-07-18_17:39:08,9678.0,11902.0,44898.0,13985.0,16040.0,42900.0
2025-07-18_17:39:09,9664.0,11902.0,44898.0,14086.0,16040.0,42900.0
2025-07-18_17:39:09,,,,,,
2025-07-18_17:39:13,6964.0,11902.0,44898.0,3793.0,16040.0,42900.0
2025-07-18_17:39:13,9676.0,11902.0,44898.0,13957.0,16040.0,42900.0
2025-07-18_17:39:13,10185.0,11902.0,44898.0,13898.0,16040.0,42900.0
2025-07-18_17:39:13,,,,12500.0,16040.0,42905.0
2025-07-18_17:39:17,2778.0,11902.0,44898.0,12167.0,16040.0,42905.0
2025-07-18_17:39:17,,,,,,
2025-07-18_17:39:21,6960.0,11902.0,44898.0,3793.0,16040.0,42905.0
2025-07-18_17:39:21,9659.0,11902.0,44898.0,14132.0,16040.0,42905.0
2025-07-18_17:39:22,9661.0,11902.0,44898.0,14293.0,16040.0,42905.0
2025-07-18_17:39:22,10045.0,11902.0,44898.0,14579.0,16040.0,42905.0
2025-07-18_17:39:22,9849.0,11902.0,44898.0,14033.0,16040.0,42905.0
2025-07-18_17:39:22,9824.0,11902.0,44898.0,14303.0,16040.0,42905.0
2025-07-18_17:39:23,,,,14145.0,16040.0,42905.0
2025-07-18_17:39:26,3302.0,11902.0,44898.0,12176.0,16040.0,42905.0
2025-07-18_17:39:27,9827.0,11902.0,44898.0,14265.0,16040.0,42905.0
2025-07-18_17:39:27,9688.0,11902.0,44898.0,14349.0,16040.0,42905.0
2025-07-18_17:39:27,9668.0,11902.0,44898.0,14281.0,16040.0,42905.0
2025-07-18_17:39:27,9655.0,11902.0,44898.0,14171.0,16040.0,42905.0
2025-07-18_17:39:28,9809.0,11902.0,44898.0,14200.0,16040.0,42905.0
2025-07-18_17:39:28,9669.0,11902.0,44898.0,14173.0,16040.0,42905.0
2025-07-18_17:39:28,9684.0,11902.0,44898.0,13983.0,16040.0,42905.0
2025-07-18_17:39:28,9752.0,11902.0,44898.0,14251.0,16040.0,42905.0
2025-07-18_17:39:28,,,,,,
2025-07-18_17:39:32,6970.0,11902.0,44898.0,3792.0,16040.0,42905.0
2025-07-18_17:39:32,9772.0,11902.0,44898.0,14041.0,16040.0,42905.0
2025-07-18_17:39:33,9456.0,11902.0,44898.0,14121.0,16040.0,42905.0
2025-07-18_17:39:33,,,,13980.0,16040.0,42905.0
2025-07-18_17:39:37,2778.0,11902.0,44898.0,12193.0,16040.0,42905.0
2025-07-18_17:39:37,,,,,,
2025-07-18_17:39:41,6964.0,11902.0,44898.0,3793.0,16040.0,42905.0
2025-07-18_17:39:41,,,,,,
2025-07-18_17:39:45,6970.0,11902.0,44898.0,3792.0,16040.0,42905.0
2025-07-18_17:39:45,9661.0,11902.0,44898.0,14292.0,16040.0,42905.0
2025-07-18_17:39:45,9668.0,11902.0,44898.0,14169.0,16040.0,42905.0
2025-07-18_17:39:46,,,,14400.0,16040.0,42905.0
2025-07-18_17:39:49,2778.0,11902.0,44898.0,12191.0,16040.0,42905.0
2025-07-18_17:39:50,9677.0,11902.0,44899.0,13915.0,16040.0,42905.0
2025-07-18_17:39:50,,,,,,
2025-07-18_17:39:54,6965.0,11902.0,44899.0,3792.0,16040.0,42905.0
2025-07-18_17:39:54,10073.0,11902.0,44899.0,14118.0,16040.0,42905.0
2025-07-18_17:39:54,,,,,,
2025-07-18_17:39:58,6971.0,11902.0,44899.0,3792.0,16040.0,42905.0
2025-07-18_17:39:58,9672.0,11902.0,44899.0,13965.0,16040.0,42905.0
2025-07-18_17:39:58,10123.0,11902.0,44899.0,13879.0,16040.0,42905.0
2025-07-18_17:39:59,9928.0,11902.0,44912.0,14303.0,16040.0,42905.0
2025-07-18_17:39:59,,,,,,
2025-07-18_17:40:03,2778.0,11902.0,44912.0,3776.0,16040.0,42905.0
2025-07-18_17:40:03,9706.0,11902.0,44912.0,14179.0,16040.0,42905.0
2025-07-18_17:40:04,10080.0,11902.0,44912.0,14315.0,16040.0,42905.0
2025-07-18_17:40:04,9671.0,11902.0,44912.0,13976.0,16040.0,42905.0
2025-07-18_17:40:04,,,,,,
2025-07-18_17:40:08,6963.0,11902.0,44912.0,3792.0,16040.0,42905.0
2025-07-18_17:40:08,8562.0,11902.0,44912.0,14401.0,16040.0,42905.0
2025-07-18_17:40:08,9877.0,11902.0,44913.0,14127.0,16040.0,42905.0
2025-07-18_17:40:09,9690.0,11902.0,44913.0,14176.0,16040.0,42905.0
2025-07-18_17:40:09,10022.0,11902.0,44914.0,14619.0,16040.0,42905.0
2025-07-18_17:40:09,9652.0,11902.0,44914.0,14111.0,16040.0,42905.0
2025-07-18_17:40:09,9670.0,11902.0,44914.0,13967.0,16040.0,42905.0
2025-07-18_17:40:10,,,,,,
2025-07-18_17:40:13,6965.0,11902.0,44914.0,3792.0,16040.0,42905.0
2025-07-18_17:40:14,9602.0,11902.0,44914.0,13970.0,16040.0,42905.0
2025-07-18_17:40:14,9827.0,11902.0,44914.0,14226.0,16040.0,42905.0
2025-07-18_17:40:14,10131.0,11902.0,44914.0,14365.0,16040.0,42905.0
2025-07-18_17:40:14,9673.0,11902.0,44914.0,14171.0,16040.0,42905.0
2025-07-18_17:40:15,9930.0,11902.0,44914.0,14396.0,16040.0,42905.0
2025-07-18_17:40:15,9666.0,11902.0,44914.0,14099.0,16040.0,42905.0
2025-07-18_17:40:15,9673.0,11902.0,44914.0,13980.0,16040.0,42905.0
2025-07-18_17:40:15,9581.0,11902.0,44914.0,14161.0,16040.0,42905.0
2025-07-18_17:40:15,9672.0,11902.0,44914.0,14316.0,16040.0,42905.0
2025-07-18_17:40:16,9278.0,11902.0,44914.0,13653.0,16040.0,42905.0
2025-07-18_17:40:16,9228.0,11902.0,44914.0,13840.0,16040.0,42905.0
2025-07-18_17:40:16,9211.0,11902.0,44914.0,14120.0,16040.0,42905.0
2025-07-18_17:40:16,9798.0,11902.0,44914.0,14225.0,16040.0,42905.0
2025-07-18_17:40:17,,,,,,
2025-07-18_17:40:21,2778.0,11902.0,44914.0,3776.0,16040.0,42905.0
2025-07-18_17:40:21,9667.0,11902.0,44914.0,13977.0,16040.0,42905.0
2025-07-18_17:40:21,9620.0,11902.0,44914.0,14099.0,16040.0,42905.0
2025-07-18_17:40:22,9842.0,11902.0,44915.0,14023.0,16040.0,42905.0
2025-07-18_17:40:22,,,,14202.0,16040.0,42905.0
2025-07-18_17:40:26,3358.0,11902.0,44915.0,12159.0,16040.0,42905.0
2025-07-18_17:40:26,9663.0,11902.0,44915.0,14110.0,16040.0,42905.0
2025-07-18_17:40:26,9698.0,11902.0,44915.0,14132.0,16040.0,42905.0
2025-07-18_17:40:26,,,,14143.0,16040.0,42905.0
2025-07-18_17:40:30,3319.0,11902.0,44915.0,12190.0,16040.0,42905.0
2025-07-18_17:40:30,,,,13924.0,16040.0,42905.0
2025-07-18_17:40:34,3377.0,11902.0,44915.0,12184.0,16040.0,42905.0
2025-07-18_17:40:34,9590.0,11902.0,44915.0,13835.0,16040.0,42905.0
2025-07-18_17:40:34,,,,,,
2025-07-18_17:40:38,6969.0,11902.0,44915.0,3793.0,16040.0,42905.0
2025-07-18_17:40:38,9680.0,11902.0,44915.0,14149.0,16040.0,42905.0
2025-07-18_17:40:39,9678.0,11902.0,44915.0,13971.0,16040.0,42905.0
2025-07-18_17:40:39,10096.0,11902.0,44915.0,14205.0,16040.0,42905.0
2025-07-18_17:40:39,,,,,,
2025-07-18_17:40:43,6955.0,11902.0,44915.0,3792.0,16040.0,42905.0
2025-07-18_17:40:43,9583.0,11902.0,44916.0,14481.0,16040.0,42905.0
2025-07-18_17:40:43,9801.0,11902.0,44916.0,14064.0,16040.0,42905.0
2025-07-18_17:40:44,9790.0,11902.0,44916.0,13810.0,16040.0,42905.0
2025-07-18_17:40:44,9679.0,11902.0,44916.0,14166.0,16040.0,42905.0
2025-07-18_17:40:44,9689.0,11902.0,44939.0,14105.0,16040.0,42905.0
2025-07-18_17:40:44,9592.0,11902.0,44939.0,14031.0,16040.0,42905.0
2025-07-18_17:40:44,,,,14148.0,16040.0,42905.0
2025-07-18_17:40:48,3319.0,11902.0,44939.0,12190.0,16040.0,42905.0
2025-07-18_17:40:48,9681.0,11902.0,44939.0,14014.0,16040.0,42905.0
2025-07-18_17:40:49,9668.0,11902.0,44939.0,13977.0,16040.0,42905.0
2025-07-18_17:40:49,9664.0,11902.0,44939.0,14111.0,16040.0,42905.0
2025-07-18_17:40:49,8428.0,11902.0,44939.0,13817.0,16040.0,42905.0
2025-07-18_17:40:49,9788.0,11902.0,44939.0,13848.0,16040.0,42905.0
2025-07-18_17:40:49,,,,14372.0,16040.0,42905.0
2025-07-18_17:40:53,2778.0,11902.0,44939.0,12184.0,16040.0,42905.0
2025-07-18_17:40:53,,,,14029.0,16040.0,42905.0
2025-07-18_17:40:57,3375.0,11902.0,44939.0,12173.0,16040.0,42905.0
2025-07-18_17:40:57,9659.0,11902.0,44939.0,14179.0,16040.0,42905.0
2025-07-18_17:40:58,9676.0,11902.0,44939.0,14171.0,16040.0,42905.0
2025-07-18_17:40:58,9672.0,11902.0,44939.0,13799.0,16040.0,42905.0
2025-07-18_17:40:58,,,,13077.0,16040.0,42905.0
2025-07-18_17:41:02,2778.0,11902.0,44939.0,12183.0,16040.0,42905.0
2025-07-18_17:41:02,,,,,,
2025-07-18_17:41:07,2778.0,11902.0,44939.0,3776.0,16040.0,42905.0
2025-07-18_17:41:07,9870.0,11902.0,44939.0,14369.0,16040.0,42905.0
2025-07-18_17:41:07,9651.0,11902.0,44939.0,14327.0,16040.0,42905.0
2025-07-18_17:41:07,9958.0,11902.0,44939.0,14399.0,16040.0,42905.0
2025-07-18_17:41:07,9665.0,11902.0,44939.0,14296.0,16040.0,42905.0
2025-07-18_17:41:08,,,,13981.0,16040.0,42905.0
2025-07-18_17:41:11,3302.0,11902.0,44939.0,12181.0,16040.0,42905.0
2025-07-18_17:41:12,10067.0,11902.0,44939.0,14392.0,16040.0,42905.0
2025-07-18_17:41:12,10084.0,11902.0,44939.0,14705.0,16040.0,42905.0
2025-07-18_17:41:12,9917.0,11902.0,44939.0,14016.0,16040.0,42905.0
2025-07-18_17:41:12,10068.0,11902.0,44939.0,14427.0,16040.0,42905.0
2025-07-18_17:41:13,9704.0,11902.0,44939.0,13916.0,16040.0,42905.0
2025-07-18_17:41:13,9662.0,11902.0,44939.0,14107.0,16040.0,42905.0
2025-07-18_17:41:13,9599.0,11902.0,44939.0,14189.0,16040.0,42905.0
2025-07-18_17:41:13,,,,13979.0,16040.0,42905.0
2025-07-18_17:41:17,3375.0,11902.0,44939.0,12192.0,16040.0,42905.0
2025-07-18_17:41:17,,,,13780.0,16040.0,42905.0
2025-07-18_17:41:21,3358.0,11902.0,44939.0,12189.0,16040.0,42905.0
2025-07-18_17:41:21,,,,13896.0,16040.0,42905.0
2025-07-18_17:41:25,2778.0,11902.0,44939.0,12169.0,16040.0,42905.0
2025-07-18_17:41:25,9869.0,11902.0,44939.0,13914.0,16040.0,42905.0
2025-07-18_17:41:25,9672.0,11902.0,44939.0,14253.0,16040.0,42905.0
2025-07-18_17:41:26,,,,13780.0,16040.0,42905.0
2025-07-18_17:41:29,3375.0,11902.0,44939.0,12160.0,16040.0,42905.0
2025-07-18_17:41:29,9838.0,11902.0,44939.0,14234.0,16040.0,42905.0
2025-07-18_17:41:30,9683.0,11902.0,44939.0,14169.0,16040.0,42905.0
2025-07-18_17:41:30,9634.0,11902.0,44939.0,14284.0,16040.0,42905.0
2025-07-18_17:41:30,9752.0,11902.0,44939.0,14074.0,16040.0,42905.0
2025-07-18_17:41:30,,,,14092.0,16040.0,42905.0
2025-07-18_17:41:34,3360.0,11902.0,44939.0,12170.0,16040.0,42905.0
2025-07-18_17:41:34,,,,14211.0,16040.0,42905.0
2025-07-18_17:41:38,3375.0,11902.0,44939.0,12167.0,16040.0,42905.0
2025-07-18_17:41:38,9839.0,11902.0,44939.0,14230.0,16040.0,42905.0
2025-07-18_17:41:38,9678.0,11902.0,44939.0,13969.0,16040.0,42905.0
2025-07-18_17:41:39,9668.0,11902.0,44939.0,14005.0,16040.0,42905.0
2025-07-18_17:41:39,9647.0,11902.0,44939.0,14289.0,16040.0,42905.0
2025-07-18_17:41:39,9649.0,11902.0,44939.0,14321.0,16040.0,42905.0
2025-07-18_17:41:39,10044.0,11902.0,44939.0,14344.0,16040.0,42905.0
2025-07-18_17:41:40,9793.0,11902.0,44939.0,13851.0,16040.0,42905.0
2025-07-18_17:41:40,9808.0,11902.0,44939.0,14035.0,16040.0,42905.0
2025-07-18_17:41:40,,,,,,
2025-07-18_17:41:44,6964.0,11902.0,44939.0,3793.0,16040.0,42905.0
2025-07-18_17:41:44,9679.0,11902.0,44939.0,13982.0,16040.0,42905.0
2025-07-18_17:41:44,9982.0,11902.0,44939.0,14288.0,16040.0,42905.0
2025-07-18_17:41:44,10266.0,11902.0,44939.0,14199.0,16040.0,42905.0
2025-07-18_17:41:45,,,,,,
2025-07-18_17:41:48,6965.0,11902.0,44939.0,3792.0,16040.0,42905.0
2025-07-18_17:41:49,9710.0,11902.0,44949.0,13942.0,16040.0,42905.0
2025-07-18_17:41:49,8644.0,11902.0,45149.0,14254.0,16040.0,42912.0
2025-07-18_17:41:49,10389.0,11902.0,45162.0,14661.0,16040.0,42912.0
2025-07-18_17:41:49,9907.0,11902.0,45162.0,14256.0,16040.0,42912.0
2025-07-18_17:41:50,,,,13979.0,16040.0,42912.0
2025-07-18_17:41:53,,,,,,
2025-07-18_17:41:57,6974.0,11902.0,45162.0,3792.0,16040.0,42912.0
2025-07-18_17:41:57,,,,,,
2025-07-18_17:42:01,6964.0,11902.0,45162.0,3793.0,16040.0,42912.0
2025-07-18_17:42:01,9591.0,11902.0,45162.0,14007.0,16040.0,42912.0
2025-07-18_17:42:02,9948.0,11902.0,45162.0,14071.0,16040.0,42912.0
2025-07-18_17:42:02,9863.0,11902.0,45162.0,14028.0,16040.0,42912.0
2025-07-18_17:42:02,,,,,,
2025-07-18_17:42:07,2778.0,11902.0,45162.0,3776.0,16040.0,42912.0
2025-07-18_17:42:07,9883.0,11902.0,45162.0,14137.0,16040.0,42912.0
2025-07-18_17:42:07,9458.0,11902.0,45162.0,14008.0,16040.0,42912.0
2025-07-18_17:42:07,9782.0,11902.0,45162.0,14084.0,16040.0,42912.0
2025-07-18_17:42:07,9838.0,11902.0,45162.0,14031.0,16040.0,42912.0
2025-07-18_17:42:08,9673.0,11902.0,45162.0,13973.0,16040.0,42912.0
2025-07-18_17:42:08,9709.0,11902.0,45162.0,14204.0,16040.0,42912.0
2025-07-18_17:42:08,9569.0,11902.0,45162.0,13986.0,16040.0,42912.0
2025-07-18_17:42:08,9592.0,11902.0,45162.0,14233.0,16040.0,42912.0
2025-07-18_17:42:08,9665.0,11902.0,45162.0,14173.0,16040.0,42912.0
2025-07-18_17:42:09,9670.0,11902.0,45162.0,13982.0,16040.0,42912.0
2025-07-18_17:42:09,9867.0,11902.0,45162.0,14133.0,16040.0,42912.0
2025-07-18_17:42:09,9651.0,11902.0,45162.0,14279.0,16040.0,42912.0
2025-07-18_17:42:09,,,,14269.0,16040.0,42917.0
2025-07-18_17:42:13,2778.0,11902.0,45162.0,12185.0,16040.0,42917.0
2025-07-18_17:42:13,,,,14164.0,16040.0,42917.0
2025-07-18_17:42:17,3358.0,11902.0,45162.0,12185.0,16040.0,42917.0
2025-07-18_17:42:17,9938.0,11902.0,45162.0,14353.0,16040.0,42917.0
2025-07-18_17:42:18,,,,,,
2025-07-18_17:42:21,6969.0,11902.0,45162.0,3793.0,16040.0,42917.0
2025-07-18_17:42:25,2778.0,11902.0,45162.0,12193.0,16040.0,42917.0
2025-07-18_17:42:26,9247.0,11902.0,45162.0,13835.0,16040.0,42917.0
2025-07-18_17:42:26,9671.0,11902.0,45162.0,13981.0,16040.0,42917.0
2025-07-18_17:42:26,9883.0,11902.0,45162.0,13888.0,16040.0,42917.0
2025-07-18_17:42:26,,,,14352.0,16040.0,42917.0
2025-07-18_17:42:30,3358.0,11902.0,45162.0,12188.0,16040.0,42917.0
2025-07-18_17:42:30,9647.0,11902.0,45162.0,14315.0,16040.0,42917.0
2025-07-18_17:42:30,,,,,,
2025-07-18_17:42:35,2778.0,11902.0,45162.0,3776.0,16040.0,42917.0
2025-07-18_17:42:35,9577.0,11902.0,45162.0,14008.0,16040.0,42917.0
2025-07-18_17:42:35,9625.0,11902.0,45162.0,14291.0,16040.0,42917.0
2025-07-18_17:42:35,9855.0,11902.0,45162.0,14211.0,16040.0,42917.0
2025-07-18_17:42:36,9624.0,11902.0,45162.0,14305.0,16040.0,42917.0
2025-07-18_17:42:36,9670.0,11902.0,45162.0,13917.0,16040.0,42917.0
2025-07-18_17:42:36,9836.0,11902.0,45162.0,14110.0,16040.0,42917.0
2025-07-18_17:42:36,9898.0,11902.0,45162.0,14189.0,16040.0,42917.0
2025-07-18_17:42:37,9687.0,11902.0,45162.0,13966.0,16040.0,42917.0
2025-07-18_17:42:37,9662.0,11902.0,45162.0,14287.0,16040.0,42917.0
2025-07-18_17:42:37,9675.0,11902.0,45162.0,13974.0,16040.0,42917.0
2025-07-18_17:42:37,,,,,,
2025-07-18_17:42:42,2778.0,11902.0,45162.0,3776.0,16040.0,42917.0
2025-07-18_17:42:42,9710.0,11902.0,45162.0,14011.0,16040.0,42917.0
2025-07-18_17:42:42,9677.0,11902.0,45162.0,13970.0,16040.0,42917.0
2025-07-18_17:42:42,9674.0,11902.0,45162.0,14006.0,16040.0,42917.0
2025-07-18_17:42:43,,,,,,
2025-07-18_17:42:47,2778.0,11902.0,45162.0,3776.0,16040.0,42917.0
2025-07-18_17:42:47,,,,14129.0,16040.0,42917.0
2025-07-18_17:42:51,3302.0,11902.0,45162.0,12187.0,16040.0,42917.0
2025-07-18_17:42:51,,,,13044.0,16040.0,42917.0
2025-07-18_17:42:55,2778.0,11902.0,45162.0,12185.0,16040.0,42917.0
2025-07-18_17:42:55,9683.0,11902.0,45162.0,13989.0,16040.0,42917.0
2025-07-18_17:42:55,9673.0,11902.0,45162.0,13900.0,16040.0,42917.0
2025-07-18_17:42:56,9618.0,11902.0,45162.0,14095.0,16040.0,42917.0
2025-07-18_17:42:56,9940.0,11902.0,45163.0,14252.0,16040.0,42917.0
2025-07-18_17:42:57,2780.0,11902.0,45163.0,12189.0,16040.0,42917.0
2025-07-18_17:42:57,,,,14087.0,16040.0,42917.0
2025-07-18_17:43:01,3390.0,11932.0,45213.0,12182.0,16040.0,42917.0
2025-07-18_17:43:01,,,,13033.0,16040.0,42917.0
2025-07-18_17:43:05,2778.0,11932.0,45213.0,12184.0,16040.0,42917.0
2025-07-18_17:43:05,9585.0,11932.0,45213.0,13988.0,16040.0,42917.0
2025-07-18_17:43:05,9741.0,11932.0,45213.0,14296.0,16040.0,42917.0
2025-07-18_17:43:05,,,,,,
2025-07-18_17:43:10,2778.0,11932.0,45213.0,3776.0,16040.0,42917.0
2025-07-18_17:43:10,,,,,,
2025-07-18_17:43:15,2778.0,11932.0,45213.0,3776.0,16040.0,42917.0
2025-07-18_17:43:15,9671.0,11932.0,45213.0,14235.0,16040.0,42917.0
2025-07-18_17:43:15,,,,,,
2025-07-18_17:43:19,6958.0,11932.0,45213.0,3786.0,16040.0,42917.0
2025-07-18_17:43:19,9240.0,11932.0,45213.0,13864.0,16040.0,42917.0
2025-07-18_17:43:19,9898.0,11932.0,45213.0,14086.0,16040.0,42917.0
2025-07-18_17:43:19,,,,,,
2025-07-18_17:43:23,6954.0,11932.0,45213.0,3792.0,16040.0,42917.0
2025-07-18_17:43:24,9668.0,11932.0,45213.0,14172.0,16040.0,42917.0
2025-07-18_17:43:24,9678.0,11932.0,45213.0,13981.0,16040.0,42917.0
2025-07-18_17:43:24,,,,,,
2025-07-18_17:43:28,6964.0,11932.0,45213.0,3793.0,16040.0,42917.0
2025-07-18_17:43:28,,,,,,
2025-07-18_17:43:32,6956.0,11932.0,45213.0,3793.0,16040.0,42917.0
2025-07-18_17:43:32,,,,13121.0,16040.0,42917.0
2025-07-18_17:43:36,2778.0,11932.0,45213.0,12191.0,16040.0,42917.0
2025-07-18_17:43:36,9665.0,11932.0,45213.0,14279.0,16040.0,42917.0
2025-07-18_17:43:36,9802.0,11932.0,45213.0,14220.0,16040.0,42917.0
2025-07-18_17:43:37,9666.0,11932.0,45213.0,14166.0,16040.0,42917.0
2025-07-18_17:43:37,9683.0,11932.0,45213.0,14202.0,16040.0,42917.0
2025-07-18_17:43:37,9464.0,11932.0,45213.0,13934.0,16040.0,42917.0
2025-07-18_17:43:37,,,,,,
2025-07-18_17:43:41,6964.0,11932.0,45213.0,3792.0,16040.0,42917.0
2025-07-18_17:43:41,9791.0,11932.0,45213.0,14034.0,16040.0,42917.0
2025-07-18_17:43:41,9626.0,11932.0,45213.0,13983.0,16040.0,42917.0
2025-07-18_17:43:42,9672.0,11932.0,45213.0,13978.0,16040.0,42917.0
2025-07-18_17:43:42,9598.0,11932.0,45213.0,14223.0,16040.0,42917.0
2025-07-18_17:43:42,,,,,,
2025-07-18_17:43:46,6969.0,11932.0,45213.0,3794.0,16040.0,42917.0
2025-07-18_17:43:46,9759.0,11932.0,45213.0,14238.0,16040.0,42917.0
2025-07-18_17:43:46,9675.0,11932.0,45213.0,13961.0,16040.0,42917.0
2025-07-18_17:43:47,9867.0,11932.0,45213.0,14402.0,16040.0,42917.0
2025-07-18_17:43:47,,,,,,
2025-07-18_17:43:51,2778.0,11932.0,45213.0,3778.0,16040.0,42917.0
2025-07-18_17:43:52,,,,13779.0,16040.0,42917.0
2025-07-18_17:43:55,3390.0,11932.0,45213.0,12198.0,16040.0,42917.0
2025-07-18_17:43:55,9654.0,11932.0,45213.0,14282.0,16040.0,42917.0
2025-07-18_17:43:56,9237.0,11932.0,45213.0,13974.0,16040.0,42917.0
2025-07-18_17:43:56,9673.0,11932.0,45213.0,13980.0,16040.0,42917.0
2025-07-18_17:43:56,,,,13780.0,16040.0,42917.0
2025-07-18_17:44:00,3302.0,11932.0,45213.0,12189.0,16040.0,42917.0
2025-07-18_17:44:00,9822.0,11932.0,45213.0,14195.0,16040.0,42917.0
2025-07-18_17:44:00,10035.0,11932.0,45213.0,14540.0,16040.0,42917.0
2025-07-18_17:44:00,9835.0,11932.0,45213.0,14043.0,16040.0,42917.0
2025-07-18_17:44:01,,,,,,
2025-07-18_17:44:05,2778.0,11932.0,45213.0,3776.0,16040.0,42917.0
2025-07-18_17:44:05,9573.0,11932.0,45213.0,13995.0,16040.0,42917.0
2025-07-18_17:44:06,9592.0,11932.0,45213.0,14362.0,16040.0,42917.0
2025-07-18_17:44:06,10103.0,11932.0,45213.0,14304.0,16040.0,42917.0
2025-07-18_17:44:06,9707.0,11932.0,45213.0,14251.0,16040.0,42917.0
2025-07-18_17:44:06,,,,,,
2025-07-18_17:44:10,6963.0,11932.0,45213.0,3786.0,16040.0,42917.0
2025-07-18_17:44:10,9984.0,11932.0,45213.0,14293.0,16040.0,42917.0
2025-07-18_17:44:10,9645.0,11932.0,45213.0,14295.0,16040.0,42917.0
2025-07-18_17:44:11,10086.0,11932.0,45213.0,14244.0,16040.0,42917.0
2025-07-18_17:44:11,9939.0,11932.0,45213.0,14622.0,16040.0,42917.0
2025-07-18_17:44:11,9595.0,11932.0,45213.0,14180.0,16040.0,42917.0
2025-07-18_17:44:11,9651.0,11932.0,45213.0,14099.0,16040.0,42917.0
2025-07-18_17:44:12,,,,,,
2025-07-18_17:44:15,6964.0,11932.0,45213.0,3793.0,16040.0,42917.0
2025-07-18_17:44:17,2778.0,11932.0,45213.0,3787.0,16040.0,42917.0
2025-07-18_17:44:17,,,,14039.0,16040.0,42917.0
2025-07-18_17:44:21,3375.0,11932.0,45213.0,12168.0,16040.0,42918.0
2025-07-18_17:44:21,8540.0,11932.0,45213.0,13779.0,16040.0,42918.0
2025-07-18_17:44:21,8554.0,11932.0,45213.0,13957.0,16040.0,42918.0
2025-07-18_17:44:21,9660.0,11932.0,45213.0,14137.0,16040.0,42918.0
2025-07-18_17:44:22,,,,,,
2025-07-18_17:44:25,6973.0,11932.0,45213.0,3793.0,16040.0,42918.0
2025-07-18_17:44:26,9526.0,11932.0,45214.0,14128.0,16040.0,42918.0
2025-07-18_17:44:26,9741.0,11932.0,45214.0,14245.0,16040.0,42918.0
2025-07-18_17:44:26,9671.0,11932.0,45214.0,14158.0,16040.0,42918.0
2025-07-18_17:44:26,9825.0,11932.0,45214.0,14085.0,16040.0,42918.0
2025-07-18_17:44:27,,,,,,
2025-07-18_17:44:31,2778.0,11932.0,45214.0,3776.0,16040.0,42918.0
2025-07-18_17:44:31,,,,13930.0,16040.0,42918.0
2025-07-18_17:44:35,3319.0,11932.0,45214.0,12189.0,16040.0,42918.0
2025-07-18_17:44:35,,,,,,
2025-07-18_17:44:39,6967.0,11932.0,45214.0,3793.0,16040.0,42918.0
2025-07-18_17:44:39,9686.0,11932.0,45214.0,14196.0,16040.0,42918.0
2025-07-18_17:44:39,9694.0,11932.0,45214.0,14090.0,16040.0,42918.0
2025-07-18_17:44:40,9667.0,11932.0,45214.0,14110.0,16040.0,42918.0
2025-07-18_17:44:40,,,,,,
2025-07-18_17:44:44,6968.0,11932.0,45214.0,3792.0,16040.0,42918.0
2025-07-18_17:44:44,9673.0,11932.0,45214.0,13800.0,16040.0,42918.0
2025-07-18_17:44:44,9654.0,11932.0,45214.0,14293.0,16040.0,42918.0
2025-07-18_17:44:44,9694.0,11932.0,45214.0,13993.0,16040.0,42918.0
2025-07-18_17:44:45,,,,13783.0,16040.0,42918.0
2025-07-18_17:44:48,3375.0,11932.0,45214.0,12197.0,16040.0,42918.0
2025-07-18_17:44:49,9765.0,11932.0,45219.0,14245.0,16040.0,42918.0
2025-07-18_17:44:49,,,,,,
2025-07-18_17:44:53,6964.0,11932.0,45219.0,3792.0,16040.0,42918.0
2025-07-18_17:44:53,10269.0,11932.0,45223.0,14499.0,16040.0,42919.0
2025-07-18_17:44:53,,,,13975.0,16040.0,42919.0
2025-07-18_17:44:57,3375.0,11932.0,45223.0,12190.0,16040.0,42919.0
2025-07-18_17:44:57,9671.0,11932.0,45223.0,13985.0,16040.0,42919.0
2025-07-18_17:44:57,9865.0,11932.0,45223.0,14213.0,16040.0,42919.0
2025-07-18_17:44:57,9671.0,11932.0,45223.0,13979.0,16040.0,42919.0
2025-07-18_17:44:58,9798.0,11932.0,45223.0,14017.0,16040.0,42919.0
2025-07-18_17:44:58,,,,14039.0,16040.0,42919.0
2025-07-18_17:45:02,2778.0,11932.0,45223.0,12185.0,16040.0,42919.0
2025-07-18_17:45:02,9682.0,11932.0,45223.0,13984.0,16040.0,42919.0
2025-07-18_17:45:02,,,,13983.0,16040.0,42919.0
2025-07-18_17:45:06,3375.0,11932.0,45223.0,12186.0,16040.0,42919.0
2025-07-18_17:45:06,9668.0,11932.0,45223.0,14206.0,16040.0,42919.0
2025-07-18_17:45:06,9916.0,11932.0,45223.0,14257.0,16040.0,42919.0
2025-07-18_17:45:07,9873.0,11932.0,45224.0,14231.0,16040.0,42919.0
2025-07-18_17:45:07,9838.0,11932.0,45224.0,13862.0,16040.0,42919.0
2025-07-18_17:45:07,9663.0,11932.0,45224.0,14111.0,16040.0,42919.0
2025-07-18_17:45:07,9571.0,11932.0,45224.0,14193.0,16040.0,42919.0
2025-07-18_17:45:07,9602.0,11932.0,45224.0,13976.0,16040.0,42919.0
2025-07-18_17:45:08,,,,,,
2025-07-18_17:45:11,6968.0,11932.0,45224.0,3792.0,16040.0,42919.0
2025-07-18_17:45:12,8703.0,11932.0,45224.0,14171.0,16040.0,42919.0
2025-07-18_17:45:12,9637.0,11932.0,45224.0,14196.0,16040.0,42919.0
2025-07-18_17:45:12,9684.0,11932.0,45224.0,13880.0,16040.0,42919.0
2025-07-18_17:45:12,,,,13812.0,16040.0,42919.0
2025-07-18_17:45:16,3302.0,11932.0,45224.0,12187.0,16040.0,42919.0
2025-07-18_17:45:16,9626.0,11932.0,45224.0,14282.0,16040.0,42919.0
2025-07-18_17:45:16,,,,13981.0,16040.0,42919.0
2025-07-18_17:45:20,3302.0,11932.0,45224.0,12168.0,16040.0,42919.0
2025-07-18_17:45:20,9673.0,11932.0,45224.0,13972.0,16040.0,42919.0
2025-07-18_17:45:21,9744.0,11932.0,45224.0,14240.0,16040.0,42919.0
2025-07-18_17:45:21,10071.0,11932.0,45229.0,14623.0,16040.0,42919.0
2025-07-18_17:45:21,9664.0,11932.0,45229.0,14170.0,16040.0,42919.0
2025-07-18_17:45:21,9666.0,11932.0,45229.0,13967.0,16040.0,42919.0
2025-07-18_17:45:22,,,,,,
2025-07-18_17:45:25,6965.0,11932.0,45229.0,3792.0,16040.0,42919.0
2025-07-18_17:45:26,9581.0,11932.0,45229.0,13986.0,16040.0,42919.0
2025-07-18_17:45:26,9837.0,11932.0,45229.0,14048.0,16040.0,42919.0
2025-07-18_17:45:26,9899.0,11932.0,45229.0,14233.0,16040.0,42919.0
2025-07-18_17:45:26,9815.0,11932.0,45229.0,14243.0,16040.0,42919.0
2025-07-18_17:45:26,9823.0,11932.0,45229.0,14318.0,16040.0,42919.0
2025-07-18_17:45:27,,,,,,
2025-07-18_17:45:30,6961.0,11932.0,45229.0,3793.0,16040.0,42919.0
2025-07-18_17:45:31,9668.0,11932.0,45229.0,14464.0,16040.0,42919.0
2025-07-18_17:45:31,,,,13297.0,16040.0,42919.0
2025-07-18_17:45:35,2778.0,11932.0,45229.0,12174.0,16040.0,42919.0
2025-07-18_17:45:35,9676.0,11932.0,45229.0,14175.0,16040.0,42919.0
2025-07-18_17:45:35,,,,,,
2025-07-18_17:45:39,6968.0,11932.0,45229.0,3792.0,16040.0,42919.0
2025-07-18_17:45:39,,,,13260.0,16040.0,42919.0
2025-07-18_17:45:43,2778.0,11932.0,45229.0,12192.0,16040.0,42919.0
2025-07-18_17:45:43,9663.0,11932.0,45229.0,14095.0,16040.0,42919.0
2025-07-18_17:45:44,9590.0,11932.0,45229.0,13970.0,16040.0,42919.0
2025-07-18_17:45:44,,,,13943.0,16040.0,42919.0
2025-07-18_17:45:47,3302.0,11932.0,45229.0,12166.0,16040.0,42919.0
2025-07-18_17:45:48,,,,,,
2025-07-18_17:45:51,6964.0,11932.0,45229.0,3786.0,16040.0,42919.0
2025-07-18_17:45:55,2778.0,11932.0,45229.0,12191.0,16040.0,42919.0
2025-07-18_17:45:55,9907.0,11932.0,45229.0,14349.0,16040.0,42919.0
2025-07-18_17:45:56,9666.0,11932.0,45229.0,13983.0,16040.0,42919.0
2025-07-18_17:45:56,9536.0,11932.0,45229.0,13809.0,16040.0,42919.0
2025-07-18_17:45:56,9676.0,11932.0,45229.0,13983.0,16040.0,42919.0
2025-07-18_17:45:56,,,,,,
2025-07-18_17:46:01,2778.0,11932.0,45229.0,3776.0,16040.0,42919.0
2025-07-18_17:46:01,9675.0,11932.0,45229.0,13983.0,16040.0,42919.0
2025-07-18_17:46:01,9949.0,11932.0,45229.0,14299.0,16040.0,42919.0
2025-07-18_17:46:02,9668.0,11932.0,45229.0,14169.0,16040.0,42919.0
2025-07-18_17:46:02,9950.0,11932.0,45229.0,14376.0,16040.0,42919.0
2025-07-18_17:46:02,9674.0,11932.0,45229.0,14166.0,16040.0,42919.0
2025-07-18_17:46:02,,,,14410.0,16040.0,42919.0
2025-07-18_17:46:06,3375.0,11932.0,45229.0,12167.0,16040.0,42919.0
2025-07-18_17:46:06,,,,14395.0,16040.0,42919.0
2025-07-18_17:46:10,3375.0,11932.0,45229.0,12190.0,16040.0,42919.0
2025-07-18_17:46:10,9670.0,11932.0,45229.0,13983.0,16040.0,42919.0
2025-07-18_17:46:10,9673.0,11932.0,45229.0,13968.0,16040.0,42919.0
2025-07-18_17:46:11,9780.0,11932.0,45229.0,14209.0,16040.0,42919.0
2025-07-18_17:46:11,9912.0,11932.0,45229.0,14383.0,16040.0,42919.0
2025-07-18_17:46:11,9659.0,11932.0,45229.0,14098.0,16040.0,42919.0
2025-07-18_17:46:11,9665.0,11932.0,45229.0,13791.0,16040.0,42919.0
2025-07-18_17:46:11,,,,13977.0,16040.0,42919.0
2025-07-18_17:46:15,3317.0,11932.0,45229.0,12188.0,16040.0,42919.0
2025-07-18_17:46:15,10320.0,11932.0,45229.0,14692.0,16040.0,42919.0
2025-07-18_17:46:16,9645.0,11932.0,45229.0,14102.0,16040.0,42919.0
2025-07-18_17:46:16,,,,13034.0,16040.0,42919.0
2025-07-18_17:46:20,2778.0,11932.0,45229.0,12191.0,16040.0,42919.0
2025-07-18_17:46:20,9679.0,11932.0,45229.0,14200.0,16040.0,42919.0
2025-07-18_17:46:20,9675.0,11932.0,45229.0,14157.0,16040.0,42919.0
2025-07-18_17:46:20,9672.0,11932.0,45229.0,14171.0,16040.0,42919.0
2025-07-18_17:46:21,9835.0,11932.0,45229.0,14035.0,16040.0,42919.0
2025-07-18_17:46:21,9674.0,11932.0,45229.0,14173.0,16040.0,42919.0
2025-07-18_17:46:21,10013.0,11932.0,45229.0,14321.0,16040.0,42920.0
2025-07-18_17:46:21,9562.0,11932.0,45229.0,13967.0,16040.0,42920.0
2025-07-18_17:46:22,10268.0,11932.0,45229.0,14454.0,16040.0,42920.0
2025-07-18_17:46:22,9878.0,11932.0,45229.0,14131.0,16040.0,42920.0
2025-07-18_17:46:22,,,,,,
2025-07-18_17:46:26,6958.0,11932.0,45229.0,3793.0,16040.0,42920.0
2025-07-18_17:46:26,10088.0,11932.0,45229.0,14316.0,16040.0,42920.0
2025-07-18_17:46:26,9669.0,11932.0,45229.0,13964.0,16040.0,42920.0
2025-07-18_17:46:26,,,,13971.0,16040.0,42920.0
2025-07-18_17:46:30,3375.0,11932.0,45229.0,12192.0,16040.0,42920.0
2025-07-18_17:46:30,9587.0,11932.0,45229.0,13764.0,16040.0,42920.0
2025-07-18_17:46:31,,,,,,
2025-07-18_17:46:34,6962.0,11932.0,45229.0,3792.0,16040.0,42920.0
2025-07-18_17:46:35,9827.0,11932.0,45229.0,14313.0,16040.0,42920.0
2025-07-18_17:46:35,9680.0,11932.0,45229.0,14316.0,16040.0,42920.0
2025-07-18_17:46:35,,,,,,
2025-07-18_17:46:39,6965.0,11932.0,45229.0,3793.0,16040.0,42920.0
2025-07-18_17:46:39,,,,,,
2025-07-18_17:46:43,6969.0,11932.0,45229.0,3792.0,16040.0,42920.0
2025-07-18_17:46:43,10228.0,11932.0,45229.0,14160.0,16040.0,42920.0
2025-07-18_17:46:43,10030.0,11932.0,45229.0,14318.0,16040.0,42920.0
2025-07-18_17:46:44,9885.0,11932.0,45229.0,14312.0,16040.0,42920.0
2025-07-18_17:46:44,9680.0,11932.0,45229.0,14175.0,16040.0,42920.0
2025-07-18_17:46:44,9407.0,11932.0,45229.0,14126.0,16040.0,42920.0
2025-07-18_17:46:44,10257.0,11932.0,45229.0,14690.0,16040.0,42920.0
2025-07-18_17:46:45,9677.0,11932.0,45229.0,13966.0,16040.0,42920.0
2025-07-18_17:46:45,9839.0,11932.0,45229.0,14045.0,16040.0,42920.0
2025-07-18_17:46:45,,,,,,
2025-07-18_17:46:49,6958.0,11932.0,45229.0,3793.0,16040.0,42920.0
2025-07-18_17:46:49,,,,14038.0,16040.0,42920.0
2025-07-18_17:46:53,3319.0,11932.0,45229.0,12191.0,16040.0,42920.0
2025-07-18_17:46:53,,,,,,
2025-07-18_17:46:57,2778.0,11932.0,45229.0,3776.0,16040.0,42920.0
2025-07-18_17:46:58,9908.0,11932.0,45229.0,14280.0,16040.0,42920.0
2025-07-18_17:46:58,9672.0,11932.0,45229.0,14178.0,16040.0,42920.0
2025-07-18_17:46:58,9635.0,11932.0,45229.0,14091.0,16040.0,42920.0
2025-07-18_17:46:58,10124.0,11932.0,45231.0,14237.0,16040.0,42920.0
2025-07-18_17:46:59,,,,,,
2025-07-18_17:47:02,6960.0,11932.0,45231.0,3792.0,16040.0,42920.0
2025-07-18_17:47:03,9829.0,11932.0,45231.0,14151.0,16040.0,42920.0
2025-07-18_17:47:03,9808.0,11932.0,45231.0,14089.0,16040.0,42920.0
2025-07-18_17:47:03,9526.0,11932.0,45231.0,14402.0,16040.0,42920.0
2025-07-18_17:47:03,10321.0,11932.0,45231.0,14686.0,16040.0,42920.0
2025-07-18_17:47:04,,,,11872.0,16040.0,42920.0
2025-07-18_17:47:07,2778.0,11932.0,45231.0,12190.0,16040.0,42920.0
2025-07-18_17:47:08,9669.0,11932.0,45231.0,14166.0,16040.0,42920.0
2025-07-18_17:47:08,9833.0,11932.0,45231.0,14259.0,16040.0,42920.0
2025-07-18_17:47:08,10038.0,11932.0,45231.0,14356.0,16040.0,42920.0
2025-07-18_17:47:08,,,,,,
2025-07-18_17:47:12,6968.0,11932.0,45231.0,3793.0,16040.0,42920.0
2025-07-18_17:47:12,9204.0,11932.0,45231.0,13789.0,16040.0,42920.0
2025-07-18_17:47:13,9655.0,11932.0,45231.0,14154.0,16040.0,42920.0
2025-07-18_17:47:13,9672.0,11932.0,45231.0,14157.0,16040.0,42920.0
2025-07-18_17:47:13,9792.0,11932.0,45231.0,14335.0,16040.0,42920.0
2025-07-18_17:47:13,9670.0,11932.0,45231.0,14067.0,16040.0,42920.0
2025-07-18_17:47:13,,,,14253.0,16040.0,42920.0
2025-07-18_17:47:17,2778.0,11932.0,45231.0,12192.0,16040.0,42920.0
2025-07-18_17:47:18,10080.0,11932.0,45231.0,14084.0,16040.0,42920.0
2025-07-18_17:47:18,10069.0,11932.0,45231.0,13956.0,16040.0,42920.0
2025-07-18_17:47:18,9807.0,11932.0,45231.0,14239.0,16040.0,42920.0
2025-07-18_17:47:18,9904.0,11932.0,45231.0,14239.0,16040.0,42920.0
2025-07-18_17:47:18,,,,,,
2025-07-18_17:47:23,2778.0,11932.0,45231.0,3776.0,16040.0,42920.0
2025-07-18_17:47:23,9680.0,11932.0,45231.0,13981.0,16040.0,42920.0
2025-07-18_17:47:23,9679.0,11932.0,45231.0,13988.0,16040.0,42920.0
2025-07-18_17:47:23,,,,14117.0,16040.0,42920.0
2025-07-18_17:47:27,2778.0,11932.0,45231.0,12194.0,16040.0,42920.0
2025-07-18_17:47:28,9714.0,11932.0,45231.0,14289.0,16040.0,42920.0
2025-07-18_17:47:28,9596.0,11932.0,45231.0,14170.0,16040.0,42920.0
2025-07-18_17:47:28,9810.0,11932.0,45231.0,14271.0,16040.0,42920.0
2025-07-18_17:47:28,9682.0,11932.0,45231.0,14459.0,16040.0,42920.0
2025-07-18_17:47:28,9672.0,11932.0,45231.0,14214.0,16040.0,42920.0
2025-07-18_17:47:29,9665.0,11932.0,45231.0,14108.0,16040.0,42920.0
2025-07-18_17:47:29,10134.0,11932.0,45231.0,14321.0,16040.0,42920.0
2025-07-18_17:47:29,9232.0,11932.0,45231.0,13949.0,16040.0,42920.0
2025-07-18_17:47:29,9796.0,11932.0,45231.0,13825.0,16040.0,42920.0
2025-07-18_17:47:30,9788.0,11932.0,45231.0,14036.0,16040.0,42920.0
2025-07-18_17:47:30,9672.0,11932.0,45231.0,13979.0,16040.0,42920.0
2025-07-18_17:47:30,9672.0,11932.0,45231.0,14169.0,16040.0,42920.0
2025-07-18_17:47:30,9673.0,11932.0,45231.0,13979.0,16040.0,42920.0
2025-07-18_17:47:31,9507.0,11932.0,45231.0,14056.0,16040.0,42920.0
2025-07-18_17:47:31,,,,,,
2025-07-18_17:47:35,6974.0,11932.0,45231.0,3792.0,16040.0,42920.0
2025-07-18_17:47:35,,,,13926.0,16040.0,42920.0
2025-07-18_17:47:38,3302.0,11932.0,45231.0,12185.0,16040.0,42920.0
2025-07-18_17:47:39,10096.0,11932.0,45231.0,14311.0,16040.0,42920.0
2025-07-18_17:47:39,,,,13786.0,16040.0,42920.0
2025-07-18_17:47:43,3375.0,11932.0,45231.0,12190.0,16040.0,42920.0
2025-07-18_17:47:43,9702.0,11932.0,45231.0,14140.0,16040.0,42920.0
2025-07-18_17:47:43,,,,,,
2025-07-18_17:47:47,6964.0,11932.0,45231.0,3792.0,16040.0,42920.0
2025-07-18_17:47:47,9593.0,11932.0,45231.0,13970.0,16040.0,42920.0
2025-07-18_17:47:47,9513.0,11932.0,45231.0,14225.0,16040.0,42920.0
2025-07-18_17:47:47,9544.0,11932.0,45232.0,14122.0,16040.0,42920.0
2025-07-18_17:47:48,,,,14110.0,16040.0,42920.0
2025-07-18_17:47:51,3319.0,11932.0,45232.0,12174.0,16040.0,42920.0
2025-07-18_17:47:52,10172.0,11932.0,45232.0,14325.0,16040.0,42920.0
2025-07-18_17:47:52,9671.0,11932.0,45232.0,14155.0,16040.0,42920.0
2025-07-18_17:47:52,9679.0,11932.0,45232.0,14163.0,16040.0,42920.0
2025-07-18_17:47:52,10025.0,11932.0,45232.0,14279.0,16040.0,42920.0
2025-07-18_17:47:53,9669.0,11932.0,45232.0,13971.0,16040.0,42920.0
2025-07-18_17:47:53,,,,,,
2025-07-18_17:47:57,6964.0,11932.0,45232.0,3792.0,16040.0,42920.0
2025-07-18_17:47:57,9674.0,11932.0,45232.0,13991.0,16040.0,42920.0
2025-07-18_17:47:57,,,,,,
2025-07-18_17:48:01,6964.0,11932.0,45232.0,3786.0,16040.0,42920.0
2025-07-18_17:48:01,9673.0,11932.0,45232.0,13972.0,16040.0,42920.0
2025-07-18_17:48:01,9567.0,11932.0,45232.0,14178.0,16040.0,42920.0
2025-07-18_17:48:01,,,,13980.0,16040.0,42920.0
2025-07-18_17:48:05,3319.0,11932.0,45232.0,12188.0,16040.0,42920.0
2025-07-18_17:48:05,,,,,,
2025-07-18_17:48:09,6965.0,11932.0,45232.0,3792.0,16040.0,42920.0
2025-07-18_17:48:09,10016.0,11932.0,45232.0,14327.0,16040.0,42920.0
2025-07-18_17:48:10,10210.0,11932.0,45233.0,14434.0,16040.0,42920.0
2025-07-18_17:48:10,9797.0,11932.0,45233.0,14031.0,16040.0,42920.0
2025-07-18_17:48:10,9671.0,11932.0,45233.0,14158.0,16040.0,42920.0
2025-07-18_17:48:10,9323.0,11932.0,45233.0,13862.0,16040.0,42920.0
2025-07-18_17:48:11,9567.0,11932.0,45233.0,14016.0,16040.0,42920.0
2025-07-18_17:48:11,,,,14031.0,16040.0,42920.0
2025-07-18_17:48:14,3375.0,11932.0,45233.0,12193.0,16040.0,42920.0
2025-07-18_17:48:15,9680.0,11932.0,45233.0,14163.0,16040.0,42920.0
2025-07-18_17:48:15,,,,,,
2025-07-18_17:48:19,6964.0,11932.0,45241.0,3792.0,16040.0,42920.0
2025-07-18_17:48:19,9635.0,11932.0,45241.0,13890.0,16040.0,42920.0
2025-07-18_17:48:19,,,,14393.0,16040.0,42920.0
2025-07-18_17:48:23,3358.0,11932.0,45241.0,12194.0,16040.0,42920.0
2025-07-18_17:48:23,10093.0,11932.0,45241.0,14317.0,16040.0,42920.0
2025-07-18_17:48:23,,,,14171.0,16040.0,42920.0
2025-07-18_17:48:27,3302.0,11932.0,45241.0,12194.0,16040.0,42920.0
2025-07-18_17:48:27,9673.0,11932.0,45241.0,14176.0,16040.0,42920.0
2025-07-18_17:48:27,9649.0,11932.0,45241.0,14098.0,16040.0,42920.0
2025-07-18_17:48:28,9686.0,11932.0,45241.0,13789.0,16040.0,42920.0
2025-07-18_17:48:28,9660.0,11932.0,45241.0,14148.0,16040.0,42920.0
2025-07-18_17:48:28,9661.0,11932.0,45241.0,14205.0,16040.0,42920.0
2025-07-18_17:48:28,,,,,,
2025-07-18_17:48:32,6964.0,11932.0,45241.0,3792.0,16040.0,42920.0
2025-07-18_17:48:32,10085.0,11932.0,45241.0,14311.0,16040.0,42920.0
2025-07-18_17:48:33,9376.0,11932.0,45241.0,14030.0,16040.0,42920.0
2025-07-18_17:48:33,,,,14662.0,16040.0,42951.0
2025-07-18_17:48:37,2778.0,11932.0,45241.0,12189.0,16040.0,42951.0
2025-07-18_17:48:37,9677.0,11932.0,45241.0,14173.0,16040.0,42951.0
2025-07-18_17:48:37,,,,13822.0,16040.0,42951.0
2025-07-18_17:48:41,3302.0,11932.0,45241.0,12169.0,16040.0,42951.0
2025-07-18_17:48:41,9663.0,11932.0,45241.0,14282.0,16040.0,42951.0
2025-07-18_17:48:41,9738.0,11932.0,45241.0,14077.0,16040.0,42951.0
2025-07-18_17:48:42,9832.0,11932.0,45241.0,14041.0,16040.0,42951.0
2025-07-18_17:48:42,10067.0,11932.0,45241.0,14517.0,16040.0,42951.0
2025-07-18_17:48:42,9667.0,11932.0,45241.0,14135.0,16040.0,42951.0
2025-07-18_17:48:42,9679.0,11932.0,45241.0,14244.0,16040.0,42951.0
2025-07-18_17:48:43,9639.0,11932.0,45241.0,14068.0,16040.0,42951.0
2025-07-18_17:48:43,9832.0,11932.0,45241.0,14295.0,16040.0,42951.0
2025-07-18_17:48:43,9448.0,11932.0,45241.0,14081.0,16040.0,42951.0
2025-07-18_17:48:43,,,,,,
2025-07-18_17:48:48,2778.0,11932.0,45241.0,3776.0,16040.0,42951.0
2025-07-18_17:48:48,9898.0,11932.0,45241.0,14556.0,16040.0,42951.0
2025-07-18_17:48:48,9595.0,11932.0,45241.0,13976.0,16040.0,42951.0
2025-07-18_17:48:48,10078.0,11932.0,45241.0,14310.0,16040.0,42951.0
2025-07-18_17:48:49,,,,,,
2025-07-18_17:48:52,6958.0,11932.0,45241.0,3795.0,16040.0,42951.0
2025-07-18_17:48:53,,,,,,
2025-07-18_17:48:56,6970.0,11932.0,45241.0,3793.0,16040.0,42951.0
2025-07-18_17:48:57,9677.0,11932.0,45241.0,13804.0,16040.0,42951.0
2025-07-18_17:48:57,9828.0,11932.0,45241.0,14020.0,16040.0,42951.0
2025-07-18_17:48:57,9706.0,11932.0,45241.0,14269.0,16040.0,42951.0
2025-07-18_17:48:57,9688.0,11932.0,45241.0,13745.0,16040.0,42951.0
2025-07-18_17:48:58,9676.0,11932.0,45241.0,14191.0,16040.0,42951.0
2025-07-18_17:48:58,,,,,,
2025-07-18_17:49:02,2778.0,11932.0,45241.0,3778.0,16040.0,42951.0
2025-07-18_17:49:02,9669.0,11932.0,45241.0,14058.0,16040.0,42951.0
2025-07-18_17:49:03,9671.0,11932.0,45241.0,14165.0,16040.0,42951.0
2025-07-18_17:49:03,9667.0,11932.0,45241.0,13966.0,16040.0,42951.0
2025-07-18_17:49:03,9718.0,11932.0,45241.0,13978.0,16040.0,42951.0
2025-07-18_17:49:03,8375.0,11932.0,45241.0,13940.0,16040.0,42951.0
2025-07-18_17:49:04,9678.0,11932.0,45241.0,13729.0,16040.0,42951.0
2025-07-18_17:49:04,,,,13041.0,16040.0,42951.0
2025-07-18_17:49:08,2778.0,11932.0,45241.0,12186.0,16040.0,42951.0
2025-07-18_17:49:08,9673.0,11932.0,45241.0,14163.0,16040.0,42951.0
2025-07-18_17:49:08,10108.0,11932.0,45241.0,14248.0,16040.0,42951.0
2025-07-18_17:49:08,9642.0,11932.0,45241.0,14087.0,16040.0,42951.0
2025-07-18_17:49:09,9184.0,11932.0,45241.0,13966.0,16040.0,42951.0
2025-07-18_17:49:09,9671.0,11932.0,45241.0,14168.0,16040.0,42951.0
2025-07-18_17:49:09,9698.0,11932.0,45241.0,14279.0,16040.0,42951.0
2025-07-18_17:49:09,9654.0,11932.0,45241.0,14091.0,16040.0,42951.0
2025-07-18_17:49:09,9687.0,11932.0,45241.0,13989.0,16040.0,42951.0
2025-07-18_17:49:10,9668.0,11932.0,45241.0,14169.0,16040.0,42951.0
2025-07-18_17:49:10,,,,,,
2025-07-18_17:49:14,6965.0,11932.0,45241.0,3793.0,16040.0,42951.0
2025-07-18_17:49:14,9668.0,11932.0,45241.0,14164.0,16040.0,42951.0
2025-07-18_17:49:14,9592.0,11932.0,45241.0,13977.0,16040.0,42951.0
2025-07-18_17:49:14,9790.0,11932.0,45241.0,14105.0,16040.0,42951.0
2025-07-18_17:49:15,9561.0,11932.0,45241.0,14210.0,16040.0,42951.0
2025-07-18_17:49:15,,,,,,
2025-07-18_17:49:19,6966.0,11932.0,45241.0,3793.0,16040.0,42951.0
2025-07-18_17:49:19,9671.0,11932.0,45241.0,13971.0,16040.0,42951.0
2025-07-18_17:49:19,9680.0,11932.0,45241.0,14262.0,16040.0,42951.0
2025-07-18_17:49:19,,,,,,
2025-07-18_17:49:23,6962.0,11932.0,45241.0,3792.0,16040.0,42951.0
2025-07-18_17:49:23,9446.0,11932.0,45241.0,13774.0,16040.0,42951.0
2025-07-18_17:49:24,9525.0,11932.0,45241.0,14313.0,16040.0,42951.0
2025-07-18_17:49:24,,,,,,
2025-07-18_17:49:28,6957.0,11932.0,45241.0,3792.0,16040.0,42951.0
2025-07-18_17:49:28,,,,14259.0,16040.0,42951.0
2025-07-18_17:49:32,2778.0,11932.0,45241.0,12194.0,16040.0,42951.0
2025-07-18_17:49:32,9644.0,11932.0,45241.0,14103.0,16040.0,42951.0
2025-07-18_17:49:32,9667.0,11932.0,45241.0,14155.0,16040.0,42951.0
2025-07-18_17:49:32,9648.0,11932.0,45241.0,14105.0,16040.0,42951.0
2025-07-18_17:49:33,9809.0,11932.0,45241.0,14172.0,16040.0,42951.0
2025-07-18_17:49:33,9832.0,11932.0,45241.0,14016.0,16040.0,42951.0
2025-07-18_17:49:33,9640.0,11932.0,45241.0,14326.0,16040.0,42951.0
2025-07-18_17:49:33,9821.0,11932.0,45241.0,14036.0,16040.0,42951.0
2025-07-18_17:49:33,9251.0,11932.0,45241.0,13935.0,16040.0,42951.0
2025-07-18_17:49:34,,,,14152.0,16040.0,42951.0
2025-07-18_17:49:37,,,,,,
2025-07-18_17:49:41,6968.0,11932.0,45241.0,3793.0,16040.0,42951.0
2025-07-18_17:49:41,,,,14009.0,16040.0,42951.0
2025-07-18_17:49:45,,,,,,
2025-07-18_17:49:49,,,,3787.0,16040.0,42951.0
2025-07-18_17:49:53,2778.0,11932.0,45241.0,12199.0,16040.0,42951.0
2025-07-18_17:49:53,10063.0,11932.0,45241.0,14512.0,16040.0,42951.0
2025-07-18_17:49:53,9645.0,11932.0,45241.0,14289.0,16040.0,42951.0
2025-07-18_17:49:54,9674.0,11932.0,45241.0,13980.0,16040.0,42951.0
2025-07-18_17:49:54,9671.0,11932.0,45241.0,14171.0,16040.0,42951.0
2025-07-18_17:49:54,9684.0,11932.0,45241.0,14178.0,16040.0,42951.0
2025-07-18_17:49:54,9642.0,11932.0,45241.0,14109.0,16040.0,42951.0
2025-07-18_17:49:55,,,,,,
2025-07-18_17:49:59,2778.0,11932.0,45241.0,3776.0,16040.0,42951.0
2025-07-18_17:49:59,9679.0,11932.0,45241.0,13951.0,16040.0,42951.0
2025-07-18_17:49:59,9673.0,11932.0,45241.0,13979.0,16040.0,42951.0
2025-07-18_17:50:00,9744.0,11932.0,45241.0,13870.0,16040.0,42951.0
2025-07-18_17:50:00,9471.0,11932.0,45241.0,14126.0,16040.0,42951.0
2025-07-18_17:50:00,9591.0,11932.0,45241.0,14186.0,16040.0,42951.0
2025-07-18_17:50:00,9664.0,11932.0,45241.0,13998.0,16040.0,42951.0
2025-07-18_17:50:01,9669.0,11932.0,45241.0,14163.0,16040.0,42951.0
2025-07-18_17:50:01,,,,14579.0,16040.0,42951.0
2025-07-18_17:50:04,3375.0,11932.0,45241.0,12166.0,16040.0,42951.0
2025-07-18_17:50:05,9805.0,11932.0,45241.0,14243.0,16040.0,42951.0
2025-07-18_17:50:05,9666.0,11932.0,45241.0,14102.0,16040.0,42951.0
2025-07-18_17:50:05,9684.0,11932.0,45241.0,14180.0,16040.0,42951.0
2025-07-18_17:50:05,9675.0,11932.0,45241.0,14172.0,16040.0,42951.0
2025-07-18_17:50:06,9672.0,11932.0,45241.0,13985.0,16040.0,42951.0
2025-07-18_17:50:06,9696.0,11932.0,45241.0,14285.0,16040.0,42951.0
2025-07-18_17:50:06,9671.0,11932.0,45241.0,14168.0,16040.0,42951.0
2025-07-18_17:50:06,9671.0,11932.0,45241.0,13794.0,16040.0,42951.0
2025-07-18_17:50:06,10109.0,11932.0,45241.0,14247.0,16040.0,42951.0
2025-07-18_17:50:07,9830.0,11932.0,45241.0,14037.0,16040.0,42951.0
2025-07-18_17:50:07,9680.0,11932.0,45241.0,14163.0,16040.0,42951.0
2025-07-18_17:50:07,,,,13786.0,16040.0,42951.0
2025-07-18_17:50:11,3375.0,11932.0,45241.0,12190.0,16040.0,42951.0
2025-07-18_17:50:11,,,,14075.0,16040.0,42951.0
2025-07-18_17:50:15,3358.0,11932.0,45241.0,12199.0,16040.0,42951.0
2025-07-18_17:50:15,9647.0,11932.0,45241.0,14295.0,16040.0,42951.0
2025-07-18_17:50:15,9672.0,11932.0,45241.0,13979.0,16040.0,42951.0
2025-07-18_17:50:15,9673.0,11932.0,45241.0,13981.0,16040.0,42951.0
2025-07-18_17:50:16,9670.0,11932.0,45241.0,14163.0,16040.0,42951.0
2025-07-18_17:50:16,9742.0,11932.0,45241.0,14323.0,16040.0,42951.0
2025-07-18_17:50:16,9683.0,11932.0,45241.0,14155.0,16040.0,42951.0
2025-07-18_17:50:16,9669.0,11932.0,45241.0,14170.0,16040.0,42951.0
2025-07-18_17:50:17,9668.0,11932.0,45241.0,13980.0,16040.0,42951.0
2025-07-18_17:50:17,9670.0,11932.0,45241.0,14171.0,16040.0,42951.0
2025-07-18_17:50:17,9681.0,11932.0,45241.0,14174.0,16040.0,42951.0
2025-07-18_17:50:17,9784.0,11932.0,45241.0,14074.0,16040.0,42951.0
2025-07-18_17:50:18,9682.0,11932.0,45241.0,14170.0,16040.0,42951.0
2025-07-18_17:50:18,9671.0,11932.0,45241.0,13979.0,16040.0,42951.0
2025-07-18_17:50:18,,,,14050.0,16040.0,42951.0
2025-07-18_17:50:22,3375.0,11932.0,45241.0,12159.0,16040.0,42951.0
2025-07-18_17:50:22,,,,,,
2025-07-18_17:50:26,6967.0,11932.0,45241.0,3792.0,16040.0,42951.0
2025-07-18_17:50:26,9672.0,11932.0,45241.0,13978.0,16040.0,42951.0
2025-07-18_17:50:26,9671.0,11932.0,45241.0,13827.0,16040.0,42951.0
2025-07-18_17:50:26,9668.0,11932.0,45241.0,14163.0,16040.0,42951.0
2025-07-18_17:50:27,9585.0,11932.0,45241.0,14222.0,16040.0,42951.0
2025-07-18_17:50:27,,,,14017.0,16040.0,42951.0
2025-07-18_17:50:31,3302.0,11932.0,45241.0,12182.0,16040.0,42951.0
2025-07-18_17:50:31,9670.0,11932.0,45241.0,14169.0,16040.0,42951.0
2025-07-18_17:50:31,,,,,,
2025-07-18_17:50:35,6968.0,11932.0,45241.0,3792.0,16040.0,42951.0
2025-07-18_17:50:35,,,,13790.0,16040.0,42951.0
2025-07-18_17:50:39,3302.0,11932.0,45241.0,12188.0,16040.0,42951.0
2025-07-18_17:50:39,,,,13965.0,16040.0,42951.0
2025-07-18_17:50:43,3319.0,11932.0,45241.0,12192.0,16040.0,42951.0
2025-07-18_17:50:43,10045.0,11932.0,45241.0,14338.0,16040.0,42951.0
2025-07-18_17:50:43,9669.0,11932.0,45241.0,14089.0,16040.0,42951.0
2025-07-18_17:50:43,9679.0,11932.0,45241.0,13977.0,16040.0,42951.0
2025-07-18_17:50:44,9703.0,11932.0,45241.0,14026.0,16040.0,42951.0
2025-07-18_17:50:44,9670.0,11932.0,45241.0,13978.0,16040.0,42951.0
2025-07-18_17:50:44,10107.0,11932.0,45241.0,14500.0,16040.0,42951.0
2025-07-18_17:50:44,9933.0,11932.0,45241.0,14393.0,16040.0,42951.0
2025-07-18_17:50:44,9173.0,11932.0,45242.0,13985.0,16040.0,42951.0
2025-07-18_17:50:45,9512.0,11932.0,45242.0,14077.0,16040.0,42951.0
2025-07-18_17:50:45,9672.0,11932.0,45242.0,13971.0,16040.0,42951.0
2025-07-18_17:50:45,9883.0,11932.0,45242.0,14241.0,16040.0,42951.0
2025-07-18_17:50:45,9671.0,11932.0,45242.0,14164.0,16040.0,42951.0
2025-07-18_17:50:46,,,,13865.0,16040.0,42951.0
2025-07-18_17:50:49,3375.0,11932.0,45242.0,12168.0,16040.0,42951.0
2025-07-18_17:50:49,9629.0,11932.0,45242.0,14315.0,16040.0,42951.0
2025-07-18_17:50:50,,,,14008.0,16040.0,42951.0
2025-07-18_17:50:54,2778.0,11932.0,45242.0,12195.0,16040.0,42951.0
2025-07-18_17:50:54,9671.0,11932.0,45242.0,14155.0,16040.0,42951.0
2025-07-18_17:50:54,9668.0,11932.0,45242.0,13973.0,16040.0,42951.0
2025-07-18_17:50:54,9670.0,11932.0,45242.0,13977.0,16040.0,42951.0
2025-07-18_17:50:55,9650.0,11932.0,45242.0,14286.0,16040.0,42951.0
2025-07-18_17:50:55,9671.0,11932.0,45242.0,14171.0,16040.0,42951.0
2025-07-18_17:50:55,9668.0,11932.0,45242.0,13980.0,16040.0,42951.0
2025-07-18_17:50:55,9667.0,11932.0,45242.0,14189.0,16040.0,42951.0
2025-07-18_17:50:56,,,,13926.0,16040.0,42951.0
2025-07-18_17:50:59,3302.0,11932.0,45242.0,12198.0,16040.0,42951.0
2025-07-18_17:50:59,9811.0,11932.0,45242.0,14224.0,16040.0,42951.0
2025-07-18_17:51:00,9670.0,11932.0,45242.0,14162.0,16040.0,42951.0
2025-07-18_17:51:00,,,,13893.0,16040.0,42951.0
2025-07-18_17:51:04,3319.0,11932.0,45242.0,12183.0,16040.0,42951.0
2025-07-18_17:51:04,,,,14321.0,16040.0,42951.0
2025-07-18_17:51:07,3358.0,11932.0,45242.0,12174.0,16040.0,42951.0
2025-07-18_17:51:08,,,,,,
2025-07-18_17:51:11,6966.0,11932.0,45242.0,3792.0,16040.0,42951.0
2025-07-18_17:51:12,9678.0,11932.0,45242.0,14175.0,16040.0,42951.0
2025-07-18_17:51:12,9673.0,11932.0,45242.0,14016.0,16040.0,42951.0
2025-07-18_17:51:12,9671.0,11932.0,45242.0,14156.0,16040.0,42951.0
2025-07-18_17:51:12,,,,13982.0,16040.0,42951.0
2025-07-18_17:51:16,3321.0,11932.0,45242.0,12183.0,16040.0,42951.0
2025-07-18_17:51:16,9795.0,11932.0,45242.0,14030.0,16040.0,42951.0
2025-07-18_17:51:16,,,,12050.0,16040.0,42951.0
2025-07-18_17:51:20,2778.0,11932.0,45242.0,12193.0,16040.0,42951.0
2025-07-18_17:51:21,,,,,,
2025-07-18_17:51:25,2778.0,11932.0,45242.0,3776.0,16040.0,42951.0
2025-07-18_17:51:25,9672.0,11932.0,45242.0,14175.0,16040.0,42951.0
2025-07-18_17:51:25,,,,14030.0,16040.0,42951.0
2025-07-18_17:51:29,3377.0,11932.0,45242.0,12160.0,16040.0,42951.0
2025-07-18_17:51:29,9910.0,11932.0,45242.0,14253.0,16040.0,42951.0
2025-07-18_17:51:30,9673.0,11932.0,45242.0,14175.0,16040.0,42951.0
2025-07-18_17:51:30,10376.0,11946.0,45264.0,14518.0,16041.0,42952.0
2025-07-18_17:51:30,9326.0,11946.0,45264.0,13878.0,16041.0,42952.0
2025-07-18_17:51:30,,,,13923.0,16041.0,42952.0
2025-07-18_17:51:34,3302.0,11946.0,45264.0,12189.0,16041.0,42952.0
2025-07-18_17:51:34,,,,,,
2025-07-18_17:51:38,6956.0,11946.0,45264.0,3792.0,16041.0,42952.0
2025-07-18_17:51:38,9665.0,11946.0,45264.0,14341.0,16041.0,42952.0
2025-07-18_17:51:38,9800.0,11946.0,45264.0,14070.0,16041.0,42952.0
2025-07-18_17:51:39,9494.0,11946.0,45264.0,13962.0,16041.0,42952.0
2025-07-18_17:51:39,,,,14151.0,16041.0,42952.0
2025-07-18_17:51:43,3321.0,11946.0,45264.0,12167.0,16041.0,42952.0
2025-07-18_17:51:43,9940.0,11946.0,45264.0,14521.0,16041.0,42952.0
2025-07-18_17:51:43,9680.0,11946.0,45264.0,13978.0,16041.0,42952.0
2025-07-18_17:51:43,,,,13793.0,16041.0,42952.0
2025-07-18_17:51:47,3319.0,11946.0,45264.0,12169.0,16041.0,42952.0
2025-07-18_17:51:48,2778.0,11946.0,45264.0,12955.0,16044.0,42976.0
2025-07-18_17:51:48,9674.0,11946.0,45264.0,14180.0,16044.0,42976.0
2025-07-18_17:51:48,9670.0,11946.0,45264.0,13972.0,16044.0,42976.0
2025-07-18_17:51:48,9794.0,11946.0,45264.0,14025.0,16044.0,42976.0
2025-07-18_17:51:49,10093.0,11946.0,45264.0,14361.0,16044.0,42976.0
2025-07-18_17:51:49,,,,13263.0,16044.0,42976.0
2025-07-18_17:51:53,2778.0,11946.0,45264.0,12186.0,16044.0,42976.0
2025-07-18_17:51:53,9669.0,11946.0,45264.0,13971.0,16044.0,42976.0
2025-07-18_17:51:53,9832.0,11946.0,45264.0,14220.0,16044.0,42976.0
2025-07-18_17:51:53,9647.0,11946.0,45264.0,14267.0,16044.0,42976.0
2025-07-18_17:51:54,10064.0,11946.0,45264.0,14327.0,16044.0,42976.0
2025-07-18_17:51:54,9890.0,11946.0,45264.0,14239.0,16044.0,42976.0
2025-07-18_17:51:54,9671.0,11946.0,45264.0,13980.0,16044.0,42976.0
2025-07-18_17:51:54,9669.0,11946.0,45264.0,14171.0,16044.0,42976.0
2025-07-18_17:51:54,9676.0,11946.0,45264.0,14177.0,16044.0,42976.0
2025-07-18_17:51:55,9903.0,11946.0,45264.0,14230.0,16044.0,42976.0
2025-07-18_17:51:55,,,,13788.0,16044.0,42976.0
2025-07-18_17:51:59,3317.0,11946.0,45264.0,12163.0,16044.0,42976.0
2025-07-18_17:51:59,9675.0,11946.0,45264.0,14170.0,16044.0,42976.0
2025-07-18_17:51:59,9670.0,11946.0,45264.0,14059.0,16044.0,42976.0
2025-07-18_17:51:59,9674.0,11946.0,45264.0,13974.0,16044.0,42976.0
2025-07-18_17:51:59,9679.0,11946.0,45264.0,13980.0,16044.0,42976.0
2025-07-18_17:52:00,9674.0,11946.0,45264.0,13980.0,16044.0,42976.0
2025-07-18_17:52:00,10061.0,11946.0,45264.0,14550.0,16044.0,42976.0
2025-07-18_17:52:00,9674.0,11946.0,45264.0,13977.0,16044.0,42976.0
2025-07-18_17:52:00,10101.0,11946.0,45264.0,14327.0,16044.0,42976.0
2025-07-18_17:52:01,9671.0,11946.0,45264.0,14172.0,16044.0,42976.0
2025-07-18_17:52:01,9677.0,11946.0,45264.0,14013.0,16044.0,42976.0
2025-07-18_17:52:01,9647.0,11946.0,45264.0,14289.0,16044.0,42976.0
2025-07-18_17:52:01,9668.0,11946.0,45264.0,13979.0,16044.0,42976.0
2025-07-18_17:52:02,10095.0,11946.0,45264.0,14253.0,16044.0,42976.0
2025-07-18_17:52:02,9635.0,11946.0,45264.0,14296.0,16044.0,42976.0
2025-07-18_17:52:02,9653.0,11946.0,45264.0,14072.0,16044.0,42976.0
2025-07-18_17:52:02,,,,,,
2025-07-18_17:52:06,6966.0,11946.0,45264.0,3786.0,16044.0,42976.0
2025-07-18_17:52:07,6968.0,11946.0,45264.0,3804.0,16044.0,42976.0
2025-07-18_17:52:07,9677.0,11946.0,45264.0,13977.0,16044.0,42976.0
2025-07-18_17:52:07,9689.0,11946.0,45264.0,14176.0,16044.0,42976.0
2025-07-18_17:52:08,9801.0,11946.0,45264.0,13844.0,16044.0,42976.0
2025-07-18_17:52:08,9671.0,11946.0,45264.0,13980.0,16044.0,42976.0
2025-07-18_17:52:08,10116.0,11946.0,45264.0,14251.0,16044.0,42976.0
2025-07-18_17:52:08,9664.0,11946.0,45264.0,14135.0,16044.0,42976.0
2025-07-18_17:52:08,10017.0,11946.0,45265.0,14341.0,16044.0,42977.0
2025-07-18_17:52:09,9676.0,11946.0,45265.0,13972.0,16044.0,42977.0
2025-07-18_17:52:09,9671.0,11946.0,45265.0,14171.0,16044.0,42977.0
2025-07-18_17:52:09,9818.0,11946.0,45265.0,14305.0,16044.0,42977.0
2025-07-18_17:52:09,9965.0,11946.0,45265.0,14373.0,16044.0,42977.0
2025-07-18_17:52:10,9670.0,11946.0,45265.0,13961.0,16044.0,42977.0
2025-07-18_17:52:10,9677.0,11946.0,45265.0,13976.0,16044.0,42977.0
2025-07-18_17:52:10,9678.0,11946.0,45265.0,14010.0,16044.0,42977.0
2025-07-18_17:52:10,9669.0,11946.0,45265.0,13964.0,16044.0,42977.0
2025-07-18_17:52:10,9673.0,11946.0,45265.0,13980.0,16044.0,42977.0
2025-07-18_17:52:11,9749.0,11946.0,45265.0,14307.0,16044.0,42977.0
2025-07-18_17:52:11,9673.0,11946.0,45265.0,14176.0,16044.0,42977.0
2025-07-18_17:52:11,,,,,,
2025-07-18_17:52:15,6955.0,11946.0,45265.0,3793.0,16044.0,42977.0
2025-07-18_17:52:15,9841.0,11946.0,45265.0,14053.0,16044.0,42977.0
2025-07-18_17:52:15,9753.0,11946.0,45265.0,14242.0,16044.0,42977.0
2025-07-18_17:52:16,9678.0,11946.0,45265.0,13983.0,16044.0,42977.0
2025-07-18_17:52:16,9871.0,11946.0,45265.0,14362.0,16044.0,42977.0
2025-07-18_17:52:16,9673.0,11946.0,45265.0,13971.0,16044.0,42977.0
2025-07-18_17:52:16,9677.0,11946.0,45265.0,14002.0,16044.0,42977.0
2025-07-18_17:52:16,9860.0,11946.0,45265.0,14020.0,16044.0,42977.0
2025-07-18_17:52:17,9757.0,11946.0,45266.0,14259.0,16044.0,42977.0
2025-07-18_17:52:17,9804.0,11946.0,45266.0,14217.0,16044.0,42977.0
2025-07-18_17:52:17,9668.0,11946.0,45266.0,14017.0,16044.0,42977.0
2025-07-18_17:52:17,10215.0,11946.0,45266.0,14532.0,16044.0,42977.0
2025-07-18_17:52:18,10065.0,11946.0,45266.0,14325.0,16044.0,42977.0
2025-07-18_17:52:18,9668.0,11946.0,45266.0,13979.0,16044.0,42977.0
2025-07-18_17:52:18,9672.0,11946.0,45266.0,14161.0,16044.0,42977.0
2025-07-18_17:52:18,9653.0,11946.0,45266.0,14183.0,16044.0,42977.0
2025-07-18_17:52:18,9757.0,11946.0,45266.0,14279.0,16044.0,42977.0
2025-07-18_17:52:19,,,,13970.0,16044.0,42977.0
2025-07-18_17:52:22,3302.0,11946.0,45266.0,12200.0,16044.0,42977.0
2025-07-18_17:52:23,9926.0,11946.0,45266.0,14234.0,16044.0,42977.0
2025-07-18_17:52:23,,,,,,
2025-07-18_17:52:27,6969.0,11946.0,45266.0,3793.0,16044.0,42977.0
2025-07-18_17:52:27,10109.0,11946.0,45266.0,14313.0,16044.0,42977.0
2025-07-18_17:52:27,9684.0,11946.0,45266.0,13822.0,16044.0,42977.0
2025-07-18_17:52:27,9673.0,11946.0,45266.0,14020.0,16044.0,42977.0
2025-07-18_17:52:28,9790.0,11946.0,45266.0,14016.0,16044.0,42977.0
2025-07-18_17:52:28,9674.0,11946.0,45266.0,13986.0,16044.0,42977.0
2025-07-18_17:52:28,9674.0,11946.0,45266.0,13974.0,16044.0,42977.0
2025-07-18_17:52:28,9713.0,11946.0,45266.0,14023.0,16044.0,42977.0
2025-07-18_17:52:28,,,,,,
2025-07-18_17:52:32,6964.0,11946.0,45266.0,3793.0,16044.0,42977.0
2025-07-18_17:52:32,,,,,,
2025-07-18_17:52:36,6971.0,11946.0,45266.0,3793.0,16044.0,42977.0
2025-07-18_17:52:37,10033.0,11946.0,45266.0,14360.0,16044.0,42977.0
2025-07-18_17:52:37,9678.0,11946.0,45266.0,14267.0,16044.0,42977.0
2025-07-18_17:52:37,9684.0,11946.0,45266.0,13977.0,16044.0,42977.0
2025-07-18_17:52:37,10090.0,11946.0,45266.0,14508.0,16044.0,42977.0
2025-07-18_17:52:37,9904.0,11946.0,45266.0,14259.0,16044.0,42977.0
2025-07-18_17:52:38,9669.0,11946.0,45266.0,13976.0,16044.0,42977.0
2025-07-18_17:52:38,9674.0,11946.0,45266.0,14169.0,16044.0,42977.0
2025-07-18_17:52:38,9673.0,11946.0,45266.0,14163.0,16044.0,42977.0
2025-07-18_17:52:38,,,,,,
2025-07-18_17:52:42,6963.0,11946.0,45266.0,3792.0,16044.0,42977.0
2025-07-18_17:52:42,9881.0,11946.0,45326.0,14191.0,16044.0,43024.0
2025-07-18_17:52:43,9677.0,11946.0,45326.0,14181.0,16044.0,43024.0
2025-07-18_17:52:43,9726.0,11946.0,45326.0,14050.0,16044.0,43024.0
2025-07-18_17:52:43,,,,,,
2025-07-18_17:52:47,6966.0,11946.0,45326.0,3792.0,16044.0,43024.0
2025-07-18_17:52:47,9668.0,11946.0,45326.0,13967.0,16044.0,43024.0
2025-07-18_17:52:47,9667.0,11946.0,45326.0,13972.0,16044.0,43024.0
2025-07-18_17:52:47,10066.0,11946.0,45326.0,14331.0,16044.0,43024.0
2025-07-18_17:52:48,9678.0,11946.0,45326.0,14246.0,16044.0,43024.0
2025-07-18_17:52:48,9670.0,11946.0,45326.0,13982.0,16044.0,43024.0
2025-07-18_17:52:48,9518.0,11946.0,45326.0,14082.0,16044.0,43024.0
2025-07-18_17:52:48,9674.0,11946.0,45326.0,14230.0,16044.0,43024.0
2025-07-18_17:52:49,9670.0,11946.0,45326.0,13983.0,16044.0,43024.0
2025-07-18_17:52:49,,,,13988.0,16044.0,43024.0
2025-07-18_17:52:53,3302.0,11946.0,45326.0,12179.0,16044.0,43024.0
2025-07-18_17:52:53,9671.0,11946.0,45326.0,13974.0,16044.0,43024.0
2025-07-18_17:52:53,9671.0,11946.0,45326.0,14160.0,16044.0,43024.0
2025-07-18_17:52:53,9668.0,11946.0,45326.0,14174.0,16044.0,43024.0
2025-07-18_17:52:53,9671.0,11946.0,45326.0,13972.0,16044.0,43024.0
2025-07-18_17:52:54,9679.0,11946.0,45326.0,13990.0,16044.0,43024.0
2025-07-18_17:52:54,9664.0,11946.0,45326.0,14170.0,16044.0,43024.0
2025-07-18_17:52:54,,,,,,
2025-07-18_17:52:58,6966.0,11946.0,45326.0,3793.0,16044.0,43024.0
2025-07-18_17:52:59,2778.0,11946.0,45326.0,3787.0,16044.0,43024.0
2025-07-18_17:53:00,9880.0,11946.0,45326.0,14125.0,16044.0,43024.0
2025-07-18_17:53:00,9806.0,11946.0,45326.0,14032.0,16044.0,43024.0
2025-07-18_17:53:00,9810.0,11946.0,45326.0,14239.0,16044.0,43024.0
2025-07-18_17:53:00,,,,14608.0,16044.0,43024.0
2025-07-18_17:53:04,3375.0,11946.0,45326.0,12193.0,16044.0,43024.0
2025-07-18_17:53:04,9678.0,11946.0,45326.0,13978.0,16044.0,43024.0
2025-07-18_17:53:04,9592.0,11946.0,45326.0,13980.0,16044.0,43024.0
2025-07-18_17:53:05,10245.0,11946.0,45326.0,14064.0,16044.0,43032.0
2025-07-18_17:53:05,9885.0,11946.0,45326.0,13985.0,16044.0,43032.0
2025-07-18_17:53:05,9669.0,11946.0,45326.0,14167.0,16044.0,43032.0
2025-07-18_17:53:05,9613.0,11946.0,45326.0,14334.0,16044.0,43032.0
2025-07-18_17:53:06,10097.0,11946.0,45326.0,14234.0,16044.0,43032.0
2025-07-18_17:53:06,,,,,,
2025-07-18_17:53:10,6962.0,11946.0,45326.0,3792.0,16044.0,43032.0
2025-07-18_17:53:10,9679.0,11946.0,45326.0,13994.0,16044.0,43032.0
2025-07-18_17:53:10,9674.0,11946.0,45326.0,14168.0,16044.0,43032.0
2025-07-18_17:53:10,10183.0,11946.0,45326.0,14355.0,16044.0,43032.0
2025-07-18_17:53:10,9670.0,11946.0,45326.0,13975.0,16044.0,43032.0
2025-07-18_17:53:11,10101.0,11946.0,45326.0,14324.0,16044.0,43032.0
2025-07-18_17:53:11,9792.0,11946.0,45326.0,13853.0,16044.0,43032.0
2025-07-18_17:53:11,8518.0,11946.0,45326.0,13896.0,16044.0,43032.0
2025-07-18_17:53:11,9671.0,11946.0,45326.0,14178.0,16044.0,43032.0
2025-07-18_17:53:12,9670.0,11946.0,45326.0,14178.0,16044.0,43032.0
2025-07-18_17:53:12,9679.0,11946.0,45326.0,13982.0,16044.0,43032.0
2025-07-18_17:53:12,9674.0,11946.0,45326.0,14159.0,16044.0,43032.0
2025-07-18_17:53:12,9674.0,11946.0,45326.0,14170.0,16044.0,43032.0
2025-07-18_17:53:13,9829.0,11946.0,45326.0,14206.0,16044.0,43032.0
2025-07-18_17:53:13,10144.0,11946.0,45326.0,14579.0,16044.0,43032.0
2025-07-18_17:53:13,9672.0,11946.0,45326.0,13940.0,16044.0,43032.0
2025-07-18_17:53:13,,,,,,
2025-07-18_17:53:17,6970.0,11946.0,45326.0,3793.0,16044.0,43032.0
2025-07-18_17:53:17,9982.0,11946.0,45326.0,14300.0,16044.0,43032.0
2025-07-18_17:53:17,,,,13970.0,16044.0,43032.0
2025-07-18_17:53:21,3302.0,11946.0,45326.0,12199.0,16044.0,43032.0
2025-07-18_17:53:21,,,,,,
2025-07-18_17:53:25,6968.0,11946.0,45326.0,3792.0,16044.0,43032.0
2025-07-18_17:53:25,9671.0,11946.0,45326.0,13982.0,16044.0,43032.0
2025-07-18_17:53:26,,,,12049.0,16044.0,43032.0
2025-07-18_17:53:30,2778.0,11946.0,45326.0,12194.0,16044.0,43032.0
2025-07-18_17:53:30,,,,,,
2025-07-18_17:53:34,6967.0,11946.0,45326.0,3792.0,16044.0,43032.0
2025-07-18_17:53:34,10111.0,11946.0,45326.0,14562.0,16044.0,43032.0
2025-07-18_17:53:34,10071.0,11946.0,45326.0,14087.0,16044.0,43032.0
2025-07-18_17:53:34,9673.0,11946.0,45326.0,13966.0,16044.0,43032.0
2025-07-18_17:53:34,9670.0,11946.0,45326.0,14169.0,16044.0,43032.0
2025-07-18_17:53:35,9813.0,11946.0,45326.0,14249.0,16044.0,43032.0
2025-07-18_17:53:35,9790.0,11946.0,45326.0,14246.0,16044.0,43032.0
2025-07-18_17:53:35,9675.0,11946.0,45326.0,13981.0,16044.0,43032.0
2025-07-18_17:53:35,,,,,,
2025-07-18_17:53:39,6963.0,11946.0,45326.0,3793.0,16044.0,43032.0
2025-07-18_17:53:39,9680.0,11946.0,45326.0,14195.0,16044.0,43032.0
2025-07-18_17:53:40,9674.0,11946.0,45326.0,14159.0,16044.0,43032.0
2025-07-18_17:53:40,9664.0,11946.0,45326.0,13976.0,16044.0,43032.0
2025-07-18_17:53:40,9679.0,11946.0,45326.0,13983.0,16044.0,43032.0
2025-07-18_17:53:40,9681.0,11946.0,45326.0,14178.0,16044.0,43032.0
2025-07-18_17:53:41,9671.0,11946.0,45326.0,14173.0,16044.0,43032.0
2025-07-18_17:53:41,9677.0,11946.0,45326.0,13971.0,16044.0,43032.0
2025-07-18_17:53:41,9672.0,11946.0,45326.0,13795.0,16044.0,43032.0
2025-07-18_17:53:41,9674.0,11946.0,45326.0,14159.0,16044.0,43032.0
2025-07-18_17:53:41,9446.0,11946.0,45326.0,14201.0,16044.0,43032.0
2025-07-18_17:53:42,9589.0,11946.0,45326.0,13974.0,16044.0,43032.0
2025-07-18_17:53:42,9667.0,11946.0,45326.0,13981.0,16044.0,43032.0
2025-07-18_17:53:42,,,,14536.0,16044.0,43032.0
2025-07-18_17:53:46,2778.0,11946.0,45326.0,12193.0,16044.0,43032.0
2025-07-18_17:53:46,9673.0,11946.0,45326.0,13976.0,16044.0,43032.0
2025-07-18_17:53:46,,,,14031.0,16044.0,43032.0
2025-07-18_17:53:50,3360.0,11946.0,45326.0,12161.0,16044.0,43032.0
2025-07-18_17:53:50,9691.0,11946.0,45326.0,14140.0,16044.0,43032.0
2025-07-18_17:53:51,,,,13961.0,16044.0,43032.0
2025-07-18_17:53:54,3319.0,11946.0,45326.0,12185.0,16044.0,43032.0
2025-07-18_17:53:55,9455.0,11946.0,45326.0,14125.0,16044.0,43032.0
2025-07-18_17:53:55,,,,13875.0,16044.0,43032.0
2025-07-18_17:53:59,2778.0,11946.0,45326.0,12184.0,16044.0,43032.0
2025-07-18_17:53:59,9672.0,11946.0,45326.0,14163.0,16044.0,43032.0
2025-07-18_17:53:59,,,,14356.0,16044.0,43032.0
2025-07-18_17:54:03,2778.0,11946.0,45326.0,12191.0,16044.0,43032.0
2025-07-18_17:54:03,9671.0,11946.0,45326.0,13972.0,16044.0,43032.0
2025-07-18_17:54:03,9595.0,11946.0,45326.0,14188.0,16044.0,43032.0
2025-07-18_17:54:04,9672.0,11946.0,45326.0,13967.0,16044.0,43032.0
2025-07-18_17:54:04,9635.0,11946.0,45326.0,14135.0,16044.0,43032.0
2025-07-18_17:54:04,9670.0,11946.0,45326.0,13979.0,16044.0,43032.0
2025-07-18_17:54:04,,,,14244.0,16044.0,43032.0
2025-07-18_17:54:08,3375.0,11946.0,45326.0,12179.0,16044.0,43032.0
2025-07-18_17:54:08,9869.0,11946.0,45326.0,14144.0,16044.0,43032.0
2025-07-18_17:54:08,9526.0,11946.0,45326.0,14175.0,16044.0,43032.0
2025-07-18_17:54:09,,,,,,
2025-07-18_17:54:13,6966.0,11946.0,45326.0,3793.0,16044.0,43032.0
2025-07-18_17:54:13,,,,13770.0,16044.0,43032.0
2025-07-18_17:54:16,3358.0,11946.0,45326.0,12200.0,16044.0,43032.0
2025-07-18_17:54:17,,,,,,
2025-07-18_17:54:20,6964.0,11946.0,45326.0,3792.0,16044.0,43032.0
2025-07-18_17:54:21,2778.0,11946.0,45326.0,12812.0,16044.0,43032.0
2025-07-18_17:54:21,10105.0,11946.0,45326.0,14270.0,16044.0,43032.0
2025-07-18_17:54:22,9670.0,11946.0,45326.0,14086.0,16044.0,43032.0
2025-07-18_17:54:22,9673.0,11946.0,45326.0,14168.0,16044.0,43032.0
2025-07-18_17:54:22,10074.0,11946.0,45326.0,14335.0,16044.0,43032.0
2025-07-18_17:54:22,9680.0,11946.0,45326.0,14316.0,16044.0,43032.0
2025-07-18_17:54:23,,,,,,
2025-07-18_17:54:27,2778.0,11946.0,45326.0,3776.0,16044.0,43032.0
2025-07-18_17:54:27,,,,14074.0,16044.0,43032.0
2025-07-18_17:54:31,3375.0,11946.0,45326.0,12193.0,16044.0,43032.0
2025-07-18_17:54:31,9672.0,11946.0,45326.0,14165.0,16044.0,43032.0
2025-07-18_17:54:31,9673.0,11946.0,45326.0,14167.0,16044.0,43032.0
2025-07-18_17:54:32,,,,12047.0,16044.0,43032.0
2025-07-18_17:54:36,2778.0,11946.0,45326.0,12190.0,16044.0,43032.0
2025-07-18_17:54:36,9638.0,11946.0,45326.0,14283.0,16044.0,43032.0
2025-07-18_17:54:36,9672.0,11946.0,45326.0,14176.0,16044.0,43032.0
2025-07-18_17:54:36,9668.0,11946.0,45326.0,14164.0,16044.0,43032.0
2025-07-18_17:54:36,,,,13820.0,16044.0,43032.0
2025-07-18_17:54:40,3304.0,11946.0,45326.0,12174.0,16044.0,43032.0
2025-07-18_17:54:40,10224.0,11946.0,45326.0,14323.0,16044.0,43032.0
2025-07-18_17:54:41,9855.0,11946.0,45326.0,14350.0,16044.0,43032.0
2025-07-18_17:54:41,9670.0,11946.0,45326.0,13963.0,16044.0,43032.0
2025-07-18_17:54:41,9675.0,11946.0,45326.0,14173.0,16044.0,43032.0
2025-07-18_17:54:41,9652.0,11946.0,45326.0,14291.0,16044.0,43032.0
2025-07-18_17:54:41,9712.0,11946.0,45326.0,14002.0,16044.0,43032.0
2025-07-18_17:54:42,,,,,,
2025-07-18_17:54:46,6969.0,11946.0,45326.0,3792.0,16044.0,43032.0
2025-07-18_17:54:46,9672.0,11946.0,45326.0,14175.0,16044.0,43032.0
2025-07-18_17:54:46,9670.0,11946.0,45326.0,13962.0,16044.0,43032.0
2025-07-18_17:54:46,,,,,,
2025-07-18_17:54:50,6961.0,11946.0,45326.0,3786.0,16044.0,43032.0
2025-07-18_17:54:50,9668.0,11946.0,45326.0,14070.0,16044.0,43032.0
2025-07-18_17:54:50,9675.0,11946.0,45326.0,14170.0,16044.0,43032.0
2025-07-18_17:54:51,9672.0,11946.0,45326.0,13978.0,16044.0,43032.0
2025-07-18_17:54:51,9672.0,11946.0,45326.0,13971.0,16044.0,43032.0
2025-07-18_17:54:51,9800.0,11946.0,45326.0,13923.0,16044.0,43032.0
2025-07-18_17:54:51,,,,,,
2025-07-18_17:54:55,6963.0,11946.0,45326.0,3786.0,16044.0,43032.0
2025-07-18_17:54:55,9668.0,11946.0,45326.0,14171.0,16044.0,43032.0
2025-07-18_17:54:56,9671.0,11946.0,45326.0,13980.0,16044.0,43032.0
2025-07-18_17:54:56,10065.0,11946.0,45332.0,14193.0,16044.0,43032.0
2025-07-18_17:54:56,9683.0,11946.0,45332.0,13983.0,16044.0,43032.0
2025-07-18_17:54:56,9604.0,11946.0,45332.0,13822.0,16044.0,43032.0
2025-07-18_17:54:56,10036.0,11946.0,45332.0,14568.0,16044.0,43032.0
2025-07-18_17:54:57,9671.0,11946.0,45332.0,13797.0,16044.0,43032.0
2025-07-18_17:54:57,,,,,,
2025-07-18_17:55:01,6968.0,11946.0,45332.0,3793.0,16044.0,43032.0
2025-07-18_17:55:01,,,,13802.0,16044.0,43032.0
2025-07-18_17:55:05,3375.0,11946.0,45332.0,12173.0,16044.0,43032.0
2025-07-18_17:55:05,,,,,,
2025-07-18_17:55:09,,,,3793.0,16044.0,43032.0
2025-07-18_17:55:12,2778.0,11946.0,45332.0,12164.0,16044.0,43032.0
2025-07-18_17:55:13,,,,14041.0,16044.0,43032.0
2025-07-18_17:55:16,3319.0,11946.0,45332.0,12180.0,16044.0,43032.0
2025-07-18_17:55:17,9667.0,11946.0,45332.0,14170.0,16044.0,43032.0
2025-07-18_17:55:17,10127.0,11946.0,45332.0,14291.0,16044.0,43032.0
2025-07-18_17:55:17,9672.0,11946.0,45332.0,14170.0,16044.0,43032.0
2025-07-18_17:55:17,10323.0,11946.0,45332.0,14574.0,16044.0,43033.0
2025-07-18_17:55:17,9667.0,11946.0,45332.0,13981.0,16044.0,43033.0
2025-07-18_17:55:18,9905.0,11946.0,45332.0,14243.0,16044.0,43033.0
2025-07-18_17:55:18,9976.0,11946.0,45332.0,14366.0,16044.0,43033.0
2025-07-18_17:55:18,9674.0,11946.0,45332.0,14167.0,16044.0,43033.0
2025-07-18_17:55:18,9671.0,11946.0,45332.0,14164.0,16044.0,43033.0
2025-07-18_17:55:19,9904.0,11946.0,45332.0,14232.0,16044.0,43033.0
2025-07-18_17:55:19,9474.0,11946.0,45332.0,14149.0,16044.0,43033.0
2025-07-18_17:55:19,9667.0,11946.0,45332.0,13968.0,16044.0,43033.0
2025-07-18_17:55:19,,,,,,
2025-07-18_17:55:23,6964.0,11946.0,45332.0,3792.0,16044.0,43033.0
2025-07-18_17:55:23,,,,13109.0,16044.0,43033.0
2025-07-18_17:55:27,2778.0,11946.0,45332.0,12188.0,16044.0,43033.0
2025-07-18_17:55:27,,,,,,
2025-07-18_17:55:31,6971.0,11946.0,45332.0,3792.0,16044.0,43033.0
2025-07-18_17:55:31,9672.0,11946.0,45332.0,14164.0,16044.0,43033.0
2025-07-18_17:55:32,9667.0,11946.0,45332.0,14149.0,16044.0,43033.0
2025-07-18_17:55:32,,,,,,
2025-07-18_17:55:36,6965.0,11946.0,45332.0,3792.0,16044.0,43033.0
2025-07-18_17:55:36,10090.0,11946.0,45332.0,14203.0,16044.0,43033.0
2025-07-18_17:55:36,9847.0,11946.0,45332.0,14000.0,16044.0,43033.0
2025-07-18_17:55:36,,,,,,
2025-07-18_17:55:40,6965.0,11946.0,45332.0,3787.0,16044.0,43033.0
2025-07-18_17:55:40,9445.0,11946.0,45332.0,13994.0,16044.0,43033.0
2025-07-18_17:55:41,10115.0,11946.0,45332.0,14308.0,16044.0,43033.0
2025-07-18_17:55:41,9584.0,11946.0,45332.0,13989.0,16044.0,43033.0
2025-07-18_17:55:41,,,,,,
2025-07-18_17:55:45,6966.0,11946.0,45332.0,3793.0,16044.0,43033.0
2025-07-18_17:55:45,9653.0,11946.0,45332.0,14150.0,16044.0,43033.0
2025-07-18_17:55:45,10444.0,11946.0,45339.0,14540.0,16044.0,43033.0
2025-07-18_17:55:46,,,,14321.0,16044.0,43033.0
2025-07-18_17:55:49,3358.0,11946.0,45339.0,12193.0,16044.0,43033.0
2025-07-18_17:55:50,9684.0,11946.0,45339.0,14174.0,16044.0,43033.0
2025-07-18_17:55:50,9007.0,11946.0,45339.0,13880.0,16044.0,43033.0
2025-07-18_17:55:50,,,,,,
2025-07-18_17:55:54,6965.0,11946.0,45339.0,3792.0,16044.0,43033.0
2025-07-18_17:55:54,8535.0,11946.0,45339.0,14132.0,16044.0,43033.0
2025-07-18_17:55:54,9836.0,11946.0,45339.0,14025.0,16044.0,43033.0
2025-07-18_17:55:55,9724.0,11946.0,45339.0,14034.0,16044.0,43033.0
2025-07-18_17:55:55,10016.0,11946.0,45339.0,14187.0,16044.0,43033.0
2025-07-18_17:55:55,9847.0,11946.0,45339.0,14038.0,16044.0,43033.0
2025-07-18_17:55:55,,,,13978.0,16044.0,43033.0
2025-07-18_17:55:59,3358.0,11946.0,45339.0,12186.0,16044.0,43033.0
2025-07-18_17:55:59,,,,,,
2025-07-18_17:56:03,6974.0,11946.0,45339.0,3786.0,16044.0,43033.0
2025-07-18_17:56:03,8530.0,11946.0,45339.0,13807.0,16044.0,43033.0
2025-07-18_17:56:03,9615.0,11946.0,45339.0,14248.0,16044.0,43033.0
2025-07-18_17:56:04,,,,,,
2025-07-18_17:56:08,6969.0,11946.0,45339.0,3792.0,16044.0,43033.0
2025-07-18_17:56:08,8690.0,11946.0,45339.0,14185.0,16044.0,43033.0
2025-07-18_17:56:08,9862.0,11946.0,45339.0,14562.0,16044.0,43033.0
2025-07-18_17:56:08,9665.0,11946.0,45339.0,14322.0,16044.0,43033.0
2025-07-18_17:56:08,,,,13804.0,16044.0,43033.0
2025-07-18_17:56:12,3319.0,11946.0,45339.0,12167.0,16044.0,43033.0
2025-07-18_17:56:12,9525.0,11946.0,45339.0,14416.0,16044.0,43033.0
2025-07-18_17:56:13,,,,14134.0,16044.0,43033.0
2025-07-18_17:56:16,2778.0,11946.0,45339.0,12175.0,16044.0,43033.0
2025-07-18_17:56:17,,,,13646.0,16044.0,43033.0
2025-07-18_17:56:20,3319.0,11946.0,45339.0,12185.0,16044.0,43033.0
2025-07-18_17:56:20,,,,13982.0,16044.0,43033.0
2025-07-18_17:56:24,2778.0,11946.0,45339.0,12170.0,16044.0,43033.0
2025-07-18_17:56:25,8695.0,11946.0,45339.0,14415.0,16044.0,43033.0
2025-07-18_17:56:25,,,,14581.0,16044.0,43033.0
2025-07-18_17:56:29,3358.0,11946.0,45339.0,12166.0,16044.0,43033.0
2025-07-18_17:56:29,9172.0,11946.0,45339.0,14095.0,16044.0,43033.0
2025-07-18_17:56:29,9242.0,11946.0,45339.0,13940.0,16044.0,43033.0
2025-07-18_17:56:29,,,,14361.0,16044.0,43033.0
2025-07-18_17:56:33,3358.0,11946.0,45339.0,12178.0,16044.0,43033.0
2025-07-18_17:56:33,8538.0,11946.0,45339.0,13935.0,16044.0,43033.0
2025-07-18_17:56:33,,,,,,
2025-07-18_17:56:37,6971.0,11946.0,45339.0,3794.0,16044.0,43033.0
2025-07-18_17:56:37,,,,,,
2025-07-18_17:56:42,2778.0,11946.0,45339.0,3776.0,16044.0,43033.0
2025-07-18_17:56:42,9636.0,11946.0,45339.0,14065.0,16044.0,43033.0
2025-07-18_17:56:42,10265.0,11946.0,45339.0,14075.0,16044.0,43033.0
2025-07-18_17:56:42,,,,13941.0,16044.0,43033.0
2025-07-18_17:56:46,3358.0,11946.0,45339.0,12192.0,16044.0,43033.0
2025-07-18_17:56:46,10270.0,11946.0,45339.0,14343.0,16044.0,43033.0
2025-07-18_17:56:47,9667.0,11946.0,45339.0,14173.0,16044.0,43033.0
2025-07-18_17:56:47,9974.0,11946.0,45339.0,14361.0,16044.0,43033.0
2025-07-18_17:56:47,9812.0,11946.0,45339.0,14222.0,16044.0,43033.0
2025-07-18_17:56:47,,,,,,
2025-07-18_17:56:52,2778.0,11946.0,45339.0,3776.0,16044.0,43033.0
2025-07-18_17:56:52,,,,13981.0,16044.0,43033.0
2025-07-18_17:56:56,3373.0,11946.0,45339.0,12184.0,16044.0,43033.0
2025-07-18_17:56:56,,,,14404.0,16044.0,43033.0
2025-07-18_17:57:00,3358.0,11946.0,45339.0,12189.0,16044.0,43033.0
2025-07-18_17:57:00,9664.0,11946.0,45339.0,14290.0,16044.0,43033.0
2025-07-18_17:57:00,10020.0,11946.0,45339.0,13838.0,16044.0,43033.0
2025-07-18_17:57:00,9705.0,11946.0,45339.0,14059.0,16044.0,43033.0
2025-07-18_17:57:00,9788.0,11946.0,45339.0,14216.0,16044.0,43033.0
2025-07-18_17:57:01,9827.0,11946.0,45339.0,14040.0,16044.0,43033.0
2025-07-18_17:57:01,9508.0,11946.0,45339.0,14096.0,16044.0,43033.0
2025-07-18_17:57:01,9568.0,11946.0,45339.0,14212.0,16044.0,43033.0
2025-07-18_17:57:01,,,,14306.0,16044.0,43033.0
2025-07-18_17:57:05,3375.0,11946.0,45339.0,12183.0,16044.0,43033.0
2025-07-18_17:57:05,,,,14138.0,16044.0,43033.0
2025-07-18_17:57:09,3358.0,11946.0,45339.0,12197.0,16044.0,43033.0
2025-07-18_17:57:09,,,,,,
2025-07-18_17:57:13,6966.0,11946.0,45339.0,3792.0,16044.0,43033.0
2025-07-18_17:57:13,,,,,,
2025-07-18_17:57:18,2778.0,11946.0,45339.0,3776.0,16044.0,43033.0
2025-07-18_17:57:18,,,,,,
2025-07-18_17:57:22,6967.0,11946.0,45339.0,3792.0,16044.0,43033.0
2025-07-18_17:57:22,8651.0,11946.0,45339.0,13444.0,16044.0,43033.0
2025-07-18_17:57:22,,,,,,
2025-07-18_17:57:26,6967.0,11946.0,45339.0,3792.0,16044.0,43033.0
2025-07-18_17:57:26,8528.0,11946.0,45339.0,13906.0,16044.0,43033.0
2025-07-18_17:57:27,9703.0,11946.0,45339.0,14140.0,16044.0,43033.0
2025-07-18_17:57:27,8367.0,11946.0,45340.0,13760.0,16044.0,43033.0
2025-07-18_17:57:27,9462.0,11946.0,45340.0,13975.0,16044.0,43033.0
2025-07-18_17:57:27,9794.0,11946.0,45340.0,14028.0,16044.0,43033.0
2025-07-18_17:57:27,9819.0,11946.0,45340.0,13975.0,16044.0,43033.0
2025-07-18_17:57:28,9499.0,11946.0,45340.0,14405.0,16044.0,43033.0
2025-07-18_17:57:28,9745.0,11946.0,45340.0,14000.0,16044.0,43033.0
2025-07-18_17:57:28,8589.0,11946.0,45351.0,13764.0,16044.0,43033.0
2025-07-18_17:57:32,6964.0,11946.0,45351.0,3792.0,16044.0,43033.0
2025-07-18_17:57:32,9600.0,11946.0,45351.0,14200.0,16044.0,43033.0
2025-07-18_17:57:33,,,,13934.0,16044.0,43033.0
2025-07-18_17:57:36,3302.0,11946.0,45351.0,12193.0,16044.0,43033.0
2025-07-18_17:57:37,,,,,,
2025-07-18_17:57:40,6960.0,11946.0,45351.0,3793.0,16044.0,43033.0
2025-07-18_17:57:41,8546.0,11946.0,45351.0,14369.0,16044.0,43033.0
2025-07-18_17:57:41,,,,,,
2025-07-18_17:57:45,6967.0,11946.0,45351.0,3792.0,16044.0,43033.0
2025-07-18_17:57:45,9284.0,11946.0,45351.0,13790.0,16044.0,43033.0
2025-07-18_17:57:45,8545.0,11946.0,45351.0,13973.0,16044.0,43033.0
2025-07-18_17:57:45,,,,14413.0,16044.0,43033.0
2025-07-18_17:57:49,3358.0,11946.0,45351.0,12202.0,16044.0,43033.0
2025-07-18_17:57:49,,,,,,
2025-07-18_17:57:53,6968.0,11946.0,45351.0,3793.0,16044.0,43033.0
2025-07-18_17:57:53,,,,14588.0,16044.0,43033.0
2025-07-18_17:57:57,3377.0,11946.0,45351.0,12195.0,16044.0,43033.0
2025-07-18_17:57:57,8615.0,11946.0,45351.0,14119.0,16044.0,43034.0
2025-07-18_17:57:57,9574.0,11946.0,45351.0,13973.0,16044.0,43034.0
2025-07-18_17:57:58,,,,13097.0,16044.0,43034.0
2025-07-18_17:58:01,2778.0,11946.0,45351.0,12184.0,16044.0,43034.0
2025-07-18_17:58:02,,,,13907.0,16044.0,43034.0
2025-07-18_17:58:05,3319.0,11946.0,45351.0,12172.0,16044.0,43034.0
2025-07-18_17:58:06,10103.0,11946.0,45351.0,14309.0,16044.0,43034.0
2025-07-18_17:58:06,9602.0,11946.0,45351.0,14254.0,16044.0,43034.0
2025-07-18_17:58:06,,,,13797.0,16044.0,43034.0
2025-07-18_17:58:10,2778.0,11946.0,45351.0,12193.0,16044.0,43034.0
2025-07-18_17:58:10,8122.0,11946.0,45351.0,12938.0,16044.0,43034.0
2025-07-18_17:58:10,10087.0,11946.0,45351.0,14409.0,16044.0,43034.0
2025-07-18_17:58:11,8637.0,11946.0,45351.0,14075.0,16044.0,43034.0
2025-07-18_17:58:11,,,,,,
2025-07-18_17:58:15,6963.0,11946.0,45351.0,3794.0,16044.0,43034.0
2025-07-18_17:58:15,9814.0,11946.0,45351.0,14076.0,16044.0,43034.0
2025-07-18_17:58:15,8647.0,11946.0,45354.0,14090.0,16044.0,43034.0
2025-07-18_17:58:15,,,,,,
2025-07-18_17:58:19,6960.0,11946.0,45354.0,3793.0,16044.0,43034.0
2025-07-18_17:58:19,9641.0,11946.0,45354.0,14122.0,16044.0,43034.0
2025-07-18_17:58:20,9326.0,11946.0,45354.0,14042.0,16044.0,43034.0
2025-07-18_17:58:20,8113.0,11946.0,45354.0,13081.0,16044.0,43034.0
2025-07-18_17:58:20,,,,,,
2025-07-18_17:58:24,6975.0,11946.0,45354.0,3792.0,16044.0,43034.0
2025-07-18_17:58:24,8746.0,11946.0,45354.0,14239.0,16044.0,43034.0
2025-07-18_17:58:24,10052.0,11946.0,45354.0,14177.0,16044.0,43034.0
2025-07-18_17:58:25,8022.0,11946.0,45354.0,13354.0,16044.0,43034.0
2025-07-18_17:58:25,9328.0,11946.0,45354.0,13943.0,16044.0,43034.0
2025-07-18_17:58:25,,,,14127.0,16044.0,43065.0
2025-07-18_17:58:29,2778.0,11946.0,45354.0,12198.0,16044.0,43065.0
2025-07-18_17:58:29,,,,,,
2025-07-18_17:58:34,2778.0,11946.0,45354.0,3776.0,16044.0,43065.0
2025-07-18_17:58:34,10072.0,11946.0,45354.0,14250.0,16044.0,43065.0
2025-07-18_17:58:34,9832.0,11946.0,45354.0,14189.0,16044.0,43065.0
2025-07-18_17:58:34,,,,,,
2025-07-18_17:58:38,6968.0,11946.0,45354.0,3793.0,16044.0,43065.0
2025-07-18_17:58:38,8520.0,11946.0,45354.0,12901.0,16044.0,43065.0
2025-07-18_17:58:38,9697.0,11946.0,45354.0,14112.0,16044.0,43065.0
2025-07-18_17:58:39,,,,13793.0,16044.0,43065.0
2025-07-18_17:58:42,,,,,,
2025-07-18_17:58:46,6961.0,11946.0,45354.0,3793.0,16044.0,43065.0
2025-07-18_17:58:46,8587.0,11946.0,45354.0,14219.0,16044.0,43065.0
2025-07-18_17:58:47,8585.0,11946.0,45354.0,13747.0,16044.0,43065.0
2025-07-18_17:58:47,9924.0,11946.0,45354.0,14312.0,16044.0,43065.0
2025-07-18_17:58:47,,,,13613.0,16044.0,43065.0
2025-07-18_17:58:51,,,,,,
2025-07-18_17:58:55,6968.0,11946.0,45354.0,3793.0,16044.0,43065.0
2025-07-18_17:58:55,,,,,,
2025-07-18_17:58:59,6965.0,11946.0,45354.0,3792.0,16044.0,43065.0
2025-07-18_17:58:59,9146.0,11946.0,45354.0,13946.0,16044.0,43065.0
2025-07-18_17:58:59,9676.0,11946.0,45354.0,13982.0,16044.0,43065.0
2025-07-18_17:58:59,10067.0,11946.0,45438.0,14306.0,16044.0,43066.0
2025-07-18_17:59:00,9749.0,11946.0,45438.0,14178.0,16044.0,43066.0
2025-07-18_17:59:00,9642.0,11946.0,45438.0,14290.0,16044.0,43066.0
2025-07-18_17:59:00,,,,13273.0,16044.0,43066.0
2025-07-18_17:59:04,2778.0,11946.0,45438.0,12182.0,16044.0,43066.0
2025-07-18_17:59:04,,,,14347.0,16044.0,43066.0
2025-07-18_17:59:08,3375.0,11946.0,45438.0,12193.0,16044.0,43066.0
2025-07-18_17:59:08,9886.0,11946.0,45438.0,14214.0,16044.0,43066.0
2025-07-18_17:59:08,,,,14087.0,16044.0,43066.0
2025-07-18_17:59:12,2778.0,11946.0,45438.0,12187.0,16044.0,43066.0
2025-07-18_17:59:12,,,,,,
2025-07-18_17:59:16,6964.0,11946.0,45438.0,3792.0,16044.0,43066.0
2025-07-18_17:59:16,,,,,,
2025-07-18_17:59:20,6965.0,11946.0,45438.0,3786.0,16044.0,43066.0
2025-07-18_17:59:24,2778.0,11946.0,45438.0,12195.0,16044.0,43066.0
2025-07-18_17:59:24,9671.0,11946.0,45438.0,14111.0,16044.0,43066.0
2025-07-18_17:59:24,,,,14061.0,16044.0,43066.0
2025-07-18_17:59:28,2778.0,11946.0,45438.0,12186.0,16044.0,43066.0
2025-07-18_17:59:29,11292.0,12455.0,46053.0,15212.0,16100.0,43130.0
2025-07-18_17:59:29,9573.0,12455.0,46053.0,14217.0,16100.0,43130.0
2025-07-18_17:59:29,9587.0,12455.0,46053.0,14202.0,16100.0,43130.0
2025-07-18_17:59:29,8991.0,12455.0,46053.0,14104.0,16100.0,43130.0
2025-07-18_17:59:29,9973.0,12455.0,46053.0,14389.0,16100.0,43130.0
2025-07-18_17:59:30,,,,14307.0,16100.0,43130.0
2025-07-18_17:59:34,2778.0,12455.0,46053.0,12167.0,16100.0,43130.0
2025-07-18_17:59:34,,,,,,
2025-07-18_17:59:38,6969.0,12455.0,46053.0,3792.0,16100.0,43130.0
2025-07-18_17:59:38,9854.0,12455.0,46053.0,13922.0,16100.0,43130.0
2025-07-18_17:59:38,,,,,,
2025-07-18_17:59:42,6966.0,12455.0,46053.0,3793.0,16100.0,43130.0
2025-07-18_17:59:42,,,,,,
2025-07-18_17:59:46,6961.0,12455.0,46053.0,3793.0,16100.0,43130.0
2025-07-18_17:59:46,9583.0,12455.0,46053.0,14024.0,16100.0,43130.0
2025-07-18_17:59:46,9841.0,12455.0,46053.0,14052.0,16100.0,43130.0
2025-07-18_17:59:46,9715.0,12455.0,46053.0,13995.0,16100.0,43130.0
2025-07-18_17:59:47,9689.0,12455.0,46053.0,14112.0,16100.0,43130.0
2025-07-18_17:59:47,9508.0,12455.0,46053.0,14107.0,16100.0,43130.0
2025-07-18_17:59:47,9306.0,12455.0,46053.0,13856.0,16100.0,43130.0
2025-07-18_17:59:47,9061.0,12455.0,46053.0,13909.0,16100.0,43130.0
2025-07-18_17:59:48,9362.0,12455.0,46053.0,14001.0,16100.0,43130.0
2025-07-18_17:59:48,10013.0,12455.0,46053.0,14388.0,16100.0,43130.0
2025-07-18_17:59:48,10084.0,12455.0,46053.0,14409.0,16100.0,43130.0
2025-07-18_17:59:48,,,,,,
2025-07-18_17:59:53,2780.0,12455.0,46053.0,3776.0,16100.0,43130.0
2025-07-18_17:59:53,9612.0,12455.0,46053.0,14273.0,16100.0,43130.0
2025-07-18_17:59:53,9874.0,12455.0,46053.0,14357.0,16100.0,43130.0
2025-07-18_17:59:53,9856.0,12455.0,46053.0,14363.0,16100.0,43130.0
2025-07-18_17:59:54,,,,,,
2025-07-18_17:59:57,6963.0,12455.0,46053.0,3793.0,16100.0,43130.0
2025-07-18_17:59:58,9594.0,12455.0,46053.0,13979.0,16100.0,43130.0
2025-07-18_17:59:58,9590.0,12455.0,46053.0,14001.0,16100.0,43130.0
2025-07-18_17:59:58,,,,,,
2025-07-18_18:00:02,6953.0,12455.0,46053.0,3786.0,16100.0,43130.0
2025-07-18_18:00:02,8009.0,12455.0,46053.0,12891.0,16100.0,43130.0
2025-07-18_18:00:02,8529.0,12455.0,46053.0,13942.0,16100.0,43130.0
2025-07-18_18:00:03,9649.0,12455.0,46053.0,14023.0,16100.0,43130.0
2025-07-18_18:00:03,9671.0,12455.0,46053.0,13979.0,16100.0,43130.0
2025-07-18_18:00:03,9940.0,12455.0,46053.0,14344.0,16100.0,43130.0
2025-07-18_18:00:03,10132.0,12455.0,46053.0,14007.0,16100.0,43130.0
2025-07-18_18:00:04,9212.0,12455.0,46053.0,13999.0,16100.0,43130.0
2025-07-18_18:00:04,,,,,,
2025-07-18_18:00:08,6962.0,12455.0,46053.0,3793.0,16100.0,43130.0
2025-07-18_18:00:08,10000.0,12455.0,46053.0,14354.0,16100.0,43130.0
2025-07-18_18:00:08,9634.0,12455.0,46053.0,13977.0,16100.0,43130.0
2025-07-18_18:00:08,9814.0,12455.0,46053.0,14212.0,16100.0,43130.0
2025-07-18_18:00:09,,,,12865.0,16100.0,43130.0
2025-07-18_18:00:12,2778.0,12455.0,46053.0,12181.0,16100.0,43130.0
2025-07-18_18:00:13,,,,13978.0,16100.0,43130.0
2025-07-18_18:00:16,3375.0,12455.0,46053.0,12189.0,16100.0,43130.0
2025-07-18_18:00:17,,,,14251.0,16100.0,43130.0
2025-07-18_18:00:20,3358.0,12455.0,46053.0,12186.0,16100.0,43130.0
2025-07-18_18:00:20,,,,13869.0,16100.0,43130.0
2025-07-18_18:00:24,2778.0,12455.0,46053.0,12192.0,16100.0,43130.0
2025-07-18_18:00:25,9247.0,12455.0,46053.0,14141.0,16100.0,43130.0
2025-07-18_18:00:25,,,,14142.0,16100.0,43130.0
2025-07-18_18:00:28,3375.0,12455.0,46053.0,12187.0,16100.0,43130.0
2025-07-18_18:00:29,8598.0,12455.0,46053.0,14483.0,16100.0,43130.0
2025-07-18_18:00:29,,,,12674.0,16100.0,43130.0
2025-07-18_18:00:33,2778.0,12455.0,46053.0,12162.0,16100.0,43130.0
2025-07-18_18:00:33,9672.0,12455.0,46053.0,14294.0,16100.0,43130.0
2025-07-18_18:00:33,8607.0,12455.0,46053.0,14342.0,16100.0,43130.0
2025-07-18_18:00:33,,,,14161.0,16100.0,43130.0
2025-07-18_18:00:37,3302.0,12455.0,46053.0,12189.0,16100.0,43130.0
2025-07-18_18:00:37,8579.0,12455.0,46053.0,13941.0,16100.0,43130.0
2025-07-18_18:00:38,9453.0,12455.0,46053.0,13976.0,16100.0,43130.0
2025-07-18_18:00:38,9676.0,12455.0,46053.0,13973.0,16100.0,43130.0
2025-07-18_18:00:38,10036.0,12455.0,46053.0,14030.0,16100.0,43130.0
2025-07-18_18:00:38,,,,,,
2025-07-18_18:00:42,6958.0,12455.0,46053.0,3792.0,16100.0,43130.0
2025-07-18_18:00:42,,,,13981.0,16100.0,43130.0
2025-07-18_18:00:46,3319.0,12455.0,46053.0,12187.0,16100.0,43130.0
2025-07-18_18:00:46,,,,,,
2025-07-18_18:00:50,6967.0,12455.0,46053.0,3792.0,16100.0,43130.0
2025-07-18_18:00:50,,,,,,
2025-07-18_18:00:54,6968.0,12455.0,46053.0,3793.0,16100.0,43130.0
2025-07-18_18:00:54,9202.0,12455.0,46053.0,13975.0,16100.0,43130.0
2025-07-18_18:00:55,9523.0,12455.0,46053.0,14288.0,16100.0,43130.0
2025-07-18_18:00:55,8569.0,12455.0,46053.0,14002.0,16100.0,43151.0
2025-07-18_18:00:55,,,,,,
2025-07-18_18:00:59,6972.0,12455.0,46053.0,3792.0,16100.0,43151.0
2025-07-18_18:00:59,8319.0,12455.0,46053.0,13927.0,16100.0,43151.0
2025-07-18_18:00:59,9695.0,12455.0,46053.0,14355.0,16100.0,43151.0
2025-07-18_18:00:59,9984.0,12455.0,46053.0,14393.0,16100.0,43151.0
2025-07-18_18:01:00,,,,13830.0,16100.0,43151.0
2025-07-18_18:01:03,3302.0,12455.0,46053.0,12173.0,16100.0,43151.0
2025-07-18_18:01:04,9451.0,12455.0,46053.0,13943.0,16100.0,43151.0
2025-07-18_18:01:04,9868.0,12455.0,46053.0,14041.0,16100.0,43151.0
2025-07-18_18:01:04,9324.0,12455.0,46053.0,14053.0,16100.0,43151.0
2025-07-18_18:01:04,,,,,,
2025-07-18_18:01:08,6968.0,12455.0,46053.0,3793.0,16100.0,43151.0
2025-07-18_18:01:08,9179.0,12455.0,46053.0,14005.0,16100.0,43151.0
2025-07-18_18:01:09,9048.0,12455.0,46053.0,13937.0,16100.0,43151.0
2025-07-18_18:01:09,9920.0,12455.0,46053.0,14355.0,16100.0,43151.0
2025-07-18_18:01:09,8515.0,12455.0,46053.0,13942.0,16100.0,43151.0
2025-07-18_18:01:09,,,,,,
2025-07-18_18:01:13,6973.0,12455.0,46053.0,3793.0,16100.0,43151.0
2025-07-18_18:01:13,9636.0,12455.0,46053.0,14101.0,16100.0,43151.0
2025-07-18_18:01:14,9487.0,12455.0,46053.0,14294.0,16100.0,43151.0
2025-07-18_18:01:14,9682.0,12455.0,46053.0,13822.0,16100.0,43151.0
2025-07-18_18:01:14,9418.0,12455.0,46053.0,13975.0,16100.0,43151.0
2025-07-18_18:01:14,9857.0,12455.0,46053.0,14062.0,16100.0,43151.0
2025-07-18_18:01:14,,,,,,
2025-07-18_18:01:18,6964.0,12455.0,46053.0,3786.0,16100.0,43151.0
2025-07-18_18:01:19,9932.0,12455.0,46053.0,13825.0,16100.0,43151.0
2025-07-18_18:01:19,,,,,,
2025-07-18_18:01:23,6964.0,12455.0,46053.0,3793.0,16100.0,43151.0
2025-07-18_18:01:23,8604.0,12455.0,46053.0,13970.0,16100.0,43151.0
2025-07-18_18:01:23,7959.0,12455.0,46053.0,13079.0,16100.0,43151.0
2025-07-18_18:01:23,,,,,,
2025-07-18_18:01:27,6964.0,12455.0,46053.0,3793.0,16100.0,43151.0
2025-07-18_18:01:27,,,,13974.0,16100.0,43151.0
2025-07-18_18:01:31,3375.0,12455.0,46053.0,12164.0,16100.0,43151.0
2025-07-18_18:01:31,9934.0,12455.0,46053.0,14555.0,16100.0,43151.0
2025-07-18_18:01:31,9872.0,12455.0,46053.0,14266.0,16100.0,43151.0
2025-07-18_18:01:32,,,,14250.0,16100.0,43151.0
2025-07-18_18:01:35,3358.0,12455.0,46053.0,12193.0,16100.0,43151.0
2025-07-18_18:01:35,9886.0,12455.0,46053.0,14048.0,16100.0,43151.0
2025-07-18_18:01:36,9826.0,12455.0,46053.0,14234.0,16100.0,43151.0
2025-07-18_18:01:36,,,,,,
2025-07-18_18:01:40,2778.0,12455.0,46053.0,3776.0,16100.0,43151.0
2025-07-18_18:01:41,,,,14247.0,16100.0,43151.0
2025-07-18_18:01:44,3358.0,12455.0,46053.0,12196.0,16100.0,43152.0
2025-07-18_18:01:44,,,,14043.0,16100.0,43152.0
2025-07-18_18:01:48,3319.0,12455.0,46053.0,12150.0,16100.0,43152.0
2025-07-18_18:01:48,9806.0,12455.0,46053.0,13853.0,16100.0,43152.0
2025-07-18_18:01:49,,,,13982.0,16100.0,43152.0
2025-07-18_18:01:52,2778.0,12455.0,46053.0,12194.0,16100.0,43152.0
2025-07-18_18:01:53,8376.0,12455.0,46053.0,13963.0,16100.0,43152.0
2025-07-18_18:01:53,8532.0,12455.0,46053.0,13848.0,16100.0,43152.0
2025-07-18_18:01:53,9972.0,12455.0,46053.0,14405.0,16100.0,43153.0
2025-07-18_18:01:53,9629.0,12455.0,46058.0,14238.0,16100.0,43153.0
2025-07-18_18:01:54,9558.0,12455.0,46058.0,14198.0,16100.0,43153.0
2025-07-18_18:01:54,8543.0,12455.0,46058.0,13771.0,16100.0,43153.0
2025-07-18_18:01:54,,,,,,
2025-07-18_18:01:58,2778.0,12455.0,46058.0,3776.0,16100.0,43153.0
2025-07-18_18:01:59,10143.0,12455.0,46058.0,14623.0,16100.0,43153.0
2025-07-18_18:01:59,8556.0,12455.0,46058.0,13934.0,16100.0,43153.0
2025-07-18_18:01:59,,,,,,
2025-07-18_18:02:03,6964.0,12455.0,46058.0,3786.0,16100.0,43153.0
2025-07-18_18:02:03,,,,,,
2025-07-18_18:02:07,6955.0,12455.0,46058.0,3793.0,16100.0,43153.0
2025-07-18_18:02:07,,,,14336.0,16100.0,43155.0
2025-07-18_18:02:11,2778.0,12455.0,46058.0,12179.0,16100.0,43155.0
2025-07-18_18:02:11,9680.0,12455.0,46058.0,14169.0,16100.0,43155.0
2025-07-18_18:02:12,,,,,,
2025-07-18_18:02:15,6963.0,12455.0,46058.0,3792.0,16100.0,43155.0
2025-07-18_18:02:16,9542.0,12455.0,46058.0,13998.0,16100.0,43155.0
2025-07-18_18:02:16,,,,,,
2025-07-18_18:02:20,6966.0,12455.0,46058.0,3793.0,16100.0,43155.0
2025-07-18_18:02:20,9493.0,12455.0,46058.0,14208.0,16100.0,43155.0
2025-07-18_18:02:20,8622.0,12455.0,46058.0,14182.0,16100.0,43155.0
2025-07-18_18:02:20,10294.0,12455.0,46058.0,14466.0,16100.0,43155.0
2025-07-18_18:02:20,9498.0,12455.0,46058.0,14298.0,16100.0,43155.0
2025-07-18_18:02:21,9657.0,12455.0,46058.0,14166.0,16100.0,43155.0
2025-07-18_18:02:21,10079.0,12455.0,46058.0,14245.0,16100.0,43155.0
2025-07-18_18:02:21,,,,14098.0,16100.0,43155.0
2025-07-18_18:02:25,3302.0,12455.0,46058.0,12178.0,16100.0,43155.0
2025-07-18_18:02:25,,,,,,
2025-07-18_18:02:29,6966.0,12455.0,46058.0,3792.0,16100.0,43155.0
2025-07-18_18:02:29,9272.0,12455.0,46058.0,13927.0,16100.0,43155.0
2025-07-18_18:02:29,,,,,,
2025-07-18_18:02:33,6962.0,12455.0,46058.0,3793.0,16100.0,43155.0
2025-07-18_18:02:33,,,,13819.0,16100.0,43155.0
2025-07-18_18:02:37,3319.0,12455.0,46058.0,12186.0,16100.0,43155.0
2025-07-18_18:02:37,9461.0,12455.0,46058.0,13990.0,16100.0,43155.0
2025-07-18_18:02:37,9177.0,12455.0,46058.0,14114.0,16100.0,43155.0
2025-07-18_18:02:38,9920.0,12455.0,46058.0,13900.0,16100.0,43155.0
2025-07-18_18:02:38,,,,,,
2025-07-18_18:02:42,6960.0,12455.0,46058.0,3793.0,16100.0,43155.0
2025-07-18_18:02:42,,,,14226.0,16100.0,43155.0
2025-07-18_18:02:46,2778.0,12455.0,46058.0,12184.0,16100.0,43155.0
2025-07-18_18:02:46,9612.0,12455.0,46058.0,14222.0,16100.0,43155.0
2025-07-18_18:02:46,10177.0,12455.0,46058.0,14154.0,16100.0,43155.0
2025-07-18_18:02:47,,,,13810.0,16100.0,43155.0
2025-07-18_18:02:50,3319.0,12455.0,46058.0,12160.0,16100.0,43155.0
2025-07-18_18:02:50,8738.0,12455.0,46063.0,14103.0,16100.0,43155.0
2025-07-18_18:02:51,9590.0,12455.0,46063.0,13986.0,16100.0,43155.0
2025-07-18_18:02:51,9747.0,12455.0,46063.0,14101.0,16100.0,43155.0
2025-07-18_18:02:51,,,,14217.0,16100.0,43155.0
2025-07-18_18:02:55,3302.0,12455.0,46063.0,12168.0,16100.0,43155.0
2025-07-18_18:02:55,9744.0,12455.0,46063.0,14225.0,16100.0,43155.0
2025-07-18_18:02:55,,,,,,
2025-07-18_18:02:59,6959.0,12455.0,46063.0,3792.0,16100.0,43155.0
2025-07-18_18:02:59,,,,,,
2025-07-18_18:03:03,6959.0,12455.0,46063.0,3792.0,16100.0,43155.0
2025-07-18_18:03:03,9636.0,12455.0,46063.0,14223.0,16100.0,43155.0
2025-07-18_18:03:04,10176.0,12455.0,46063.0,14547.0,16100.0,43155.0
2025-07-18_18:03:04,,,,,,
2025-07-18_18:03:08,6962.0,12455.0,46063.0,3792.0,16100.0,43155.0
2025-07-18_18:03:08,9864.0,12455.0,46063.0,14048.0,16100.0,43155.0
2025-07-18_18:03:08,9857.0,12455.0,46063.0,13995.0,16100.0,43155.0
2025-07-18_18:03:08,,,,,,
2025-07-18_18:03:13,2778.0,12455.0,46063.0,3778.0,16100.0,43155.0
2025-07-18_18:03:13,,,,13830.0,16100.0,43155.0
2025-07-18_18:03:17,3319.0,12455.0,46063.0,12189.0,16100.0,43155.0
2025-07-18_18:03:17,9841.0,12455.0,46063.0,14349.0,16100.0,43155.0
2025-07-18_18:03:17,10098.0,12455.0,46063.0,14327.0,16100.0,43155.0
2025-07-18_18:03:17,9688.0,12455.0,46063.0,13986.0,16100.0,43155.0
2025-07-18_18:03:17,,,,,,
2025-07-18_18:03:21,6968.0,12455.0,46063.0,3787.0,16100.0,43155.0
2025-07-18_18:03:21,9376.0,12455.0,46063.0,13851.0,16100.0,43155.0
2025-07-18_18:03:22,9658.0,12455.0,46063.0,13963.0,16100.0,43155.0
2025-07-18_18:03:22,9446.0,12455.0,46063.0,13819.0,16100.0,43155.0
2025-07-18_18:03:22,9650.0,12455.0,46063.0,14010.0,16100.0,43155.0
2025-07-18_18:03:22,9641.0,12455.0,46063.0,14070.0,16100.0,43155.0
2025-07-18_18:03:23,9683.0,12455.0,46063.0,14013.0,16100.0,43155.0
2025-07-18_18:03:23,9662.0,12455.0,46063.0,14278.0,16100.0,43155.0
2025-07-18_18:03:23,,,,,,
2025-07-18_18:03:27,6959.0,12455.0,46063.0,3792.0,16100.0,43155.0
2025-07-18_18:03:27,,,,,,
2025-07-18_18:03:31,6968.0,12455.0,46063.0,3792.0,16100.0,43155.0
2025-07-18_18:03:31,9626.0,12455.0,46063.0,14094.0,16100.0,43155.0
2025-07-18_18:03:31,8553.0,12455.0,46063.0,13834.0,16100.0,43155.0
2025-07-18_18:03:32,,,,13605.0,16100.0,43155.0
2025-07-18_18:03:35,3373.0,12455.0,46063.0,12186.0,16100.0,43155.0
2025-07-18_18:03:35,9595.0,12455.0,46063.0,14190.0,16100.0,43155.0
2025-07-18_18:03:36,9853.0,12455.0,46063.0,14386.0,16100.0,43155.0
2025-07-18_18:03:36,10109.0,12455.0,46063.0,14020.0,16100.0,43155.0
2025-07-18_18:03:36,,,,,,
2025-07-18_18:03:40,6973.0,12455.0,46063.0,3786.0,16100.0,43155.0
2025-07-18_18:03:40,,,,,,
2025-07-18_18:03:44,6958.0,12455.0,46063.0,3792.0,16100.0,43155.0
2025-07-18_18:03:44,10027.0,12455.0,46063.0,14472.0,16100.0,43155.0
2025-07-18_18:03:44,8618.0,12455.0,46063.0,13990.0,16100.0,43155.0
2025-07-18_18:03:45,9608.0,12455.0,46063.0,14116.0,16100.0,43155.0
2025-07-18_18:03:45,10057.0,12455.0,46063.0,14353.0,16100.0,43155.0
2025-07-18_18:03:45,9681.0,12455.0,46063.0,13978.0,16100.0,43155.0
2025-07-18_18:03:45,9202.0,12455.0,46063.0,13990.0,16100.0,43155.0
2025-07-18_18:03:46,9800.0,12455.0,46063.0,14050.0,16100.0,43155.0
2025-07-18_18:03:46,,,,14114.0,16100.0,43155.0
2025-07-18_18:03:50,2780.0,12455.0,46063.0,12192.0,16100.0,43155.0
2025-07-18_18:03:50,,,,14210.0,16100.0,43155.0
2025-07-18_18:03:54,2778.0,12455.0,46063.0,12164.0,16100.0,43155.0
2025-07-18_18:03:54,9683.0,12455.0,46063.0,14173.0,16100.0,43155.0
2025-07-18_18:03:54,9638.0,12455.0,46063.0,14159.0,16100.0,43155.0
2025-07-18_18:03:54,,,,,,
2025-07-18_18:03:58,6966.0,12455.0,46063.0,3792.0,16100.0,43155.0
2025-07-18_18:03:58,9832.0,12455.0,46063.0,14021.0,16100.0,43155.0
2025-07-18_18:03:59,9857.0,12455.0,46063.0,14161.0,16100.0,43155.0
2025-07-18_18:03:59,9640.0,12455.0,46063.0,14133.0,16100.0,43157.0
2025-07-18_18:03:59,9661.0,12455.0,46063.0,14092.0,16100.0,43157.0
2025-07-18_18:03:59,,,,,,
2025-07-18_18:04:03,6956.0,12455.0,46063.0,3792.0,16100.0,43157.0
2025-07-18_18:04:04,,,,14167.0,16100.0,43157.0
2025-07-18_18:04:07,2780.0,12455.0,46063.0,12187.0,16100.0,43157.0
2025-07-18_18:04:08,,,,,,
2025-07-18_18:04:11,6955.0,12455.0,46063.0,3786.0,16100.0,43157.0
2025-07-18_18:04:12,9652.0,12455.0,46063.0,14269.0,16100.0,43157.0
2025-07-18_18:04:12,9596.0,12455.0,46063.0,14182.0,16100.0,43157.0
2025-07-18_18:04:12,10169.0,12455.0,46063.0,14632.0,16100.0,43157.0
2025-07-18_18:04:12,8539.0,12455.0,46063.0,13911.0,16100.0,43157.0
2025-07-18_18:04:12,10013.0,12455.0,46063.0,14373.0,16100.0,43157.0
2025-07-18_18:04:13,8691.0,12455.0,46063.0,14235.0,16100.0,43157.0
2025-07-18_18:04:13,9835.0,12455.0,46063.0,14253.0,16100.0,43157.0
2025-07-18_18:04:13,9569.0,12455.0,46063.0,14099.0,16100.0,43157.0
2025-07-18_18:04:13,,,,,,
2025-07-18_18:04:17,6953.0,12455.0,46063.0,3792.0,16100.0,43157.0
2025-07-18_18:04:18,9599.0,12455.0,46063.0,14280.0,16100.0,43157.0
2025-07-18_18:04:18,8543.0,12455.0,46063.0,13956.0,16100.0,43157.0
2025-07-18_18:04:18,9674.0,12455.0,46063.0,14168.0,16100.0,43157.0
2025-07-18_18:04:18,9601.0,12455.0,46063.0,14220.0,16100.0,43157.0
2025-07-18_18:04:18,9892.0,12455.0,46063.0,14155.0,16100.0,43157.0
2025-07-18_18:04:19,9199.0,12455.0,46063.0,13968.0,16100.0,43157.0
2025-07-18_18:04:19,9919.0,12455.0,46063.0,13963.0,16100.0,43157.0
2025-07-18_18:04:19,,,,13771.0,16100.0,43157.0
2025-07-18_18:04:23,3319.0,12455.0,46063.0,12147.0,16100.0,43157.0
2025-07-18_18:04:23,9582.0,12455.0,46063.0,13982.0,16100.0,43157.0
2025-07-18_18:04:23,,,,14357.0,16100.0,43157.0
2025-07-18_18:04:27,2778.0,12455.0,46063.0,12199.0,16100.0,43157.0
2025-07-18_18:04:27,9594.0,12455.0,46063.0,14198.0,16100.0,43157.0
2025-07-18_18:04:28,,,,13990.0,16100.0,43157.0
2025-07-18_18:04:31,3319.0,12455.0,46063.0,12180.0,16100.0,43157.0
2025-07-18_18:04:32,,,,13618.0,16100.0,43157.0
2025-07-18_18:04:35,2778.0,12455.0,46063.0,12193.0,16100.0,43157.0
2025-07-18_18:04:36,9598.0,12455.0,46063.0,13983.0,16100.0,43157.0
2025-07-18_18:04:36,9170.0,12455.0,46063.0,13831.0,16100.0,43157.0
2025-07-18_18:04:36,9424.0,12455.0,46063.0,14272.0,16100.0,43157.0
2025-07-18_18:04:36,8721.0,12455.0,46063.0,14103.0,16100.0,43157.0
2025-07-18_18:04:36,,,,12828.0,16100.0,43158.0
2025-07-18_18:04:40,2778.0,12455.0,46063.0,12184.0,16100.0,43158.0
2025-07-18_18:04:41,8501.0,12455.0,46063.0,13900.0,16100.0,43158.0
2025-07-18_18:04:41,9898.0,12455.0,46063.0,14155.0,16100.0,43158.0
2025-07-18_18:04:41,9792.0,12455.0,46063.0,14223.0,16100.0,43158.0
2025-07-18_18:04:41,10346.0,12455.0,46063.0,14603.0,16100.0,43159.0
2025-07-18_18:04:42,9925.0,12455.0,46063.0,14287.0,16100.0,43159.0
2025-07-18_18:04:42,9030.0,12455.0,46063.0,13965.0,16100.0,43159.0
2025-07-18_18:04:42,9907.0,12455.0,46063.0,14059.0,16100.0,43159.0
2025-07-18_18:04:42,8529.0,12455.0,46063.0,13913.0,16100.0,43159.0
2025-07-18_18:04:42,9947.0,12455.0,46063.0,14683.0,16100.0,43159.0
2025-07-18_18:04:43,8655.0,12455.0,46063.0,14090.0,16100.0,43159.0
2025-07-18_18:04:43,9694.0,12455.0,46063.0,14182.0,16100.0,43159.0
2025-07-18_18:04:43,9571.0,12455.0,46063.0,14228.0,16100.0,43159.0
2025-07-18_18:04:43,,,,,,
2025-07-18_18:04:47,6982.0,12455.0,46063.0,3792.0,16100.0,43159.0
2025-07-18_18:04:47,9517.0,12455.0,46063.0,13967.0,16100.0,43159.0
2025-07-18_18:04:48,8353.0,12455.0,46063.0,13904.0,16100.0,43159.0
2025-07-18_18:04:48,10048.0,12455.0,46063.0,14360.0,16100.0,43159.0
2025-07-18_18:04:48,9883.0,12455.0,46063.0,14141.0,16100.0,43162.0
2025-07-18_18:04:48,9727.0,12455.0,46063.0,14385.0,16100.0,43162.0
2025-07-18_18:04:48,9842.0,12455.0,46063.0,14032.0,16100.0,43162.0
2025-07-18_18:04:49,,,,,,
2025-07-18_18:04:52,6969.0,12455.0,46063.0,3792.0,16100.0,43162.0
2025-07-18_18:04:53,9620.0,12455.0,46063.0,13989.0,16100.0,43162.0
2025-07-18_18:04:53,10264.0,12455.0,46063.0,14338.0,16100.0,43162.0
2025-07-18_18:04:53,9852.0,12455.0,46063.0,14231.0,16100.0,43162.0
2025-07-18_18:04:53,10034.0,12455.0,46063.0,14351.0,16100.0,43162.0
2025-07-18_18:04:54,9691.0,12455.0,46063.0,13773.0,16100.0,43162.0
2025-07-18_18:04:54,,,,13066.0,16100.0,43162.0
2025-07-18_18:04:58,2778.0,12455.0,46063.0,12167.0,16100.0,43162.0
2025-07-18_18:04:58,9861.0,12455.0,46063.0,14078.0,16100.0,43162.0
2025-07-18_18:04:58,,,,13050.0,16100.0,43162.0
2025-07-18_18:05:02,2778.0,12455.0,46063.0,12192.0,16100.0,43162.0
2025-07-18_18:05:02,,,,12045.0,16100.0,43162.0
2025-07-18_18:05:06,2778.0,12455.0,46063.0,12159.0,16100.0,43162.0
2025-07-18_18:05:06,,,,,,
2025-07-18_18:05:10,6964.0,12455.0,46063.0,3792.0,16100.0,43162.0
2025-07-18_18:05:11,2778.0,12455.0,46063.0,12183.0,16100.0,43162.0
2025-07-18_18:05:11,9678.0,12455.0,46063.0,14178.0,16100.0,43162.0
2025-07-18_18:05:11,8645.0,12455.0,46063.0,14087.0,16100.0,43162.0
2025-07-18_18:05:12,,,,13904.0,16100.0,43162.0
2025-07-18_18:05:15,3302.0,12455.0,46063.0,12197.0,16100.0,43162.0
2025-07-18_18:05:15,,,,,,
2025-07-18_18:05:19,6970.0,12455.0,46063.0,3794.0,16100.0,43162.0
2025-07-18_18:05:19,,,,13784.0,16100.0,43162.0
2025-07-18_18:05:23,2778.0,12455.0,46063.0,12193.0,16100.0,43162.0
2025-07-18_18:05:23,10120.0,12455.0,46063.0,14027.0,16100.0,43162.0
2025-07-18_18:05:24,9801.0,12455.0,46063.0,14581.0,16100.0,43162.0
2025-07-18_18:05:24,9681.0,12455.0,46063.0,13984.0,16100.0,43162.0
2025-07-18_18:05:24,9602.0,12455.0,46063.0,14194.0,16100.0,43162.0
2025-07-18_18:05:24,9438.0,12455.0,46063.0,14200.0,16100.0,43162.0
2025-07-18_18:05:25,9673.0,12455.0,46063.0,13979.0,16100.0,43162.0
2025-07-18_18:05:25,9574.0,12455.0,46063.0,13972.0,16100.0,43162.0
2025-07-18_18:05:25,,,,14107.0,16100.0,43162.0
2025-07-18_18:05:29,3358.0,12455.0,46063.0,12142.0,16100.0,43162.0
2025-07-18_18:05:29,9713.0,12455.0,46063.0,14344.0,16100.0,43162.0
2025-07-18_18:05:29,9653.0,12455.0,46063.0,13974.0,16100.0,43162.0
2025-07-18_18:05:29,8646.0,12455.0,46063.0,14212.0,16100.0,43162.0
2025-07-18_18:05:30,8671.0,12455.0,46063.0,14189.0,16100.0,43162.0
2025-07-18_18:05:30,,,,,,
2025-07-18_18:05:34,6952.0,12455.0,46063.0,3793.0,16100.0,43162.0
2025-07-18_18:05:34,,,,,,
2025-07-18_18:05:38,6963.0,12455.0,46063.0,3787.0,16100.0,43162.0
2025-07-18_18:05:38,8534.0,12455.0,46063.0,13074.0,16100.0,43162.0
2025-07-18_18:05:38,9531.0,12455.0,46063.0,14117.0,16100.0,43162.0
2025-07-18_18:05:38,,,,14293.0,16100.0,43162.0
2025-07-18_18:05:42,2778.0,12455.0,46063.0,12165.0,16100.0,43162.0
2025-07-18_18:05:42,9850.0,12455.0,46063.0,14045.0,16100.0,43162.0
2025-07-18_18:05:43,9678.0,12455.0,46063.0,13985.0,16100.0,43162.0
2025-07-18_18:05:43,,,,14144.0,16100.0,43162.0
2025-07-18_18:05:47,3358.0,12455.0,46063.0,12167.0,16100.0,43162.0
2025-07-18_18:05:47,8626.0,12455.0,46063.0,14189.0,16100.0,43162.0
2025-07-18_18:05:47,10085.0,12455.0,46063.0,14413.0,16100.0,43162.0
2025-07-18_18:05:47,,,,,,
2025-07-18_18:05:52,2778.0,12455.0,46063.0,3776.0,16100.0,43162.0
2025-07-18_18:05:52,,,,13975.0,16100.0,43162.0
2025-07-18_18:05:56,3319.0,12455.0,46063.0,12170.0,16100.0,43162.0
2025-07-18_18:05:56,,,,13982.0,16100.0,43162.0
2025-07-18_18:05:59,3358.0,12455.0,46063.0,12179.0,16100.0,43162.0
2025-07-18_18:06:00,,,,,,
2025-07-18_18:06:03,6968.0,12455.0,46063.0,3793.0,16100.0,43162.0
2025-07-18_18:06:04,8620.0,12455.0,46063.0,14389.0,16100.0,43162.0
2025-07-18_18:06:04,10022.0,12455.0,46063.0,14293.0,16100.0,43162.0
2025-07-18_18:06:04,9346.0,12455.0,46063.0,14180.0,16100.0,43162.0
2025-07-18_18:06:04,9015.0,12455.0,46063.0,14045.0,16100.0,43162.0
2025-07-18_18:06:05,10136.0,12455.0,46063.0,14500.0,16100.0,43162.0
2025-07-18_18:06:05,9295.0,12455.0,46063.0,13790.0,16100.0,43162.0
2025-07-18_18:06:05,9802.0,12455.0,46063.0,14043.0,16100.0,43162.0
2025-07-18_18:06:05,9954.0,12455.0,46063.0,14064.0,16100.0,43162.0
2025-07-18_18:06:05,9686.0,12455.0,46063.0,13983.0,16100.0,43162.0
2025-07-18_18:06:06,,,,,,
2025-07-18_18:06:09,6968.0,12455.0,46063.0,3793.0,16100.0,43162.0
2025-07-18_18:06:10,9871.0,12455.0,46063.0,14060.0,16100.0,43162.0
2025-07-18_18:06:10,,,,,,
2025-07-18_18:06:14,,,,3792.0,16100.0,43162.0
2025-07-18_18:06:18,2778.0,12455.0,46063.0,12195.0,16100.0,43162.0
2025-07-18_18:06:18,9845.0,12455.0,46063.0,14041.0,16100.0,43162.0
2025-07-18_18:06:18,9807.0,12455.0,46063.0,14174.0,16100.0,43162.0
2025-07-18_18:06:18,9723.0,12455.0,46063.0,14013.0,16100.0,43162.0
2025-07-18_18:06:18,9893.0,12455.0,46063.0,14265.0,16100.0,43162.0
2025-07-18_18:06:19,,,,13615.0,16100.0,43162.0
2025-07-18_18:06:23,,,,,,
2025-07-18_18:06:26,6968.0,12455.0,46063.0,3792.0,16100.0,43162.0
2025-07-18_18:06:27,9721.0,12455.0,46063.0,14045.0,16100.0,43162.0
2025-07-18_18:06:27,9670.0,12455.0,46063.0,14165.0,16100.0,43162.0
2025-07-18_18:06:27,,,,13269.0,16100.0,43162.0
2025-07-18_18:06:31,2778.0,12455.0,46063.0,12167.0,16100.0,43162.0
2025-07-18_18:06:31,9674.0,12455.0,46063.0,14246.0,16100.0,43185.0
2025-07-18_18:06:31,10079.0,12455.0,46063.0,14258.0,16100.0,43185.0
2025-07-18_18:06:32,9930.0,12455.0,46064.0,14407.0,16100.0,43185.0
2025-07-18_18:06:32,9462.0,12455.0,46064.0,14023.0,16100.0,43185.0
2025-07-18_18:06:32,9839.0,12455.0,46064.0,14040.0,16100.0,43185.0
2025-07-18_18:06:32,10118.0,12455.0,46064.0,14402.0,16100.0,43185.0
2025-07-18_18:06:32,9865.0,12455.0,46064.0,14039.0,16100.0,43185.0
2025-07-18_18:06:33,9870.0,12455.0,46064.0,14105.0,16100.0,43185.0
2025-07-18_18:06:33,9875.0,12455.0,46064.0,14324.0,16100.0,43185.0
2025-07-18_18:06:33,9213.0,12455.0,46064.0,14171.0,16100.0,43185.0
2025-07-18_18:06:33,,,,13963.0,16100.0,43185.0
2025-07-18_18:06:37,3358.0,12455.0,46064.0,12198.0,16100.0,43185.0
2025-07-18_18:06:37,9720.0,12455.0,46064.0,14022.0,16100.0,43185.0
2025-07-18_18:06:38,9915.0,12455.0,46064.0,14360.0,16100.0,43185.0
2025-07-18_18:06:38,,,,13786.0,16100.0,43185.0
2025-07-18_18:06:42,3358.0,12455.0,46064.0,12199.0,16100.0,43185.0
2025-07-18_18:06:42,9601.0,12455.0,46064.0,14226.0,16100.0,43185.0
2025-07-18_18:06:42,9837.0,12455.0,46064.0,14048.0,16100.0,43185.0
2025-07-18_18:06:42,9465.0,12455.0,46064.0,14190.0,16100.0,43185.0
2025-07-18_18:06:42,9454.0,12455.0,46064.0,14009.0,16100.0,43185.0
2025-07-18_18:06:43,9813.0,12455.0,46064.0,14192.0,16100.0,43185.0
2025-07-18_18:06:43,,,,13632.0,16100.0,43185.0
2025-07-18_18:06:46,3375.0,12455.0,46064.0,12168.0,16100.0,43185.0
2025-07-18_18:06:47,,,,,,
2025-07-18_18:06:51,6966.0,12455.0,46064.0,3792.0,16100.0,43185.0
2025-07-18_18:06:52,2778.0,12455.0,46064.0,3787.0,16100.0,43185.0
2025-07-18_18:06:52,,,,14028.0,16100.0,43185.0
2025-07-18_18:06:56,3360.0,12455.0,46064.0,12168.0,16100.0,43185.0
2025-07-18_18:06:56,9964.0,12455.0,46064.0,14386.0,16100.0,43185.0
2025-07-18_18:06:56,,,,14340.0,16100.0,43185.0
2025-07-18_18:07:00,2778.0,12455.0,46064.0,12183.0,16100.0,43185.0
2025-07-18_18:07:00,9634.0,12455.0,46064.0,14068.0,16100.0,43185.0
2025-07-18_18:07:01,9689.0,12455.0,46064.0,14295.0,16100.0,43185.0
2025-07-18_18:07:01,,,,,,
2025-07-18_18:07:05,6964.0,12455.0,46064.0,3793.0,16100.0,43185.0
2025-07-18_18:07:05,9433.0,12455.0,46064.0,13976.0,16100.0,43185.0
2025-07-18_18:07:05,9673.0,12455.0,46064.0,14167.0,16100.0,43185.0
2025-07-18_18:07:06,10301.0,12455.0,46064.0,14392.0,16100.0,43185.0
2025-07-18_18:07:06,10367.0,12455.0,46064.0,14412.0,16100.0,43185.0
2025-07-18_18:07:06,9869.0,12455.0,46064.0,14165.0,16100.0,43185.0
2025-07-18_18:07:06,8561.0,12455.0,46064.0,13932.0,16100.0,43185.0
2025-07-18_18:07:06,9913.0,12455.0,46064.0,14331.0,16100.0,43185.0
2025-07-18_18:07:07,,,,,,
2025-07-18_18:07:10,6964.0,12455.0,46064.0,3792.0,16100.0,43185.0
2025-07-18_18:07:11,,,,13956.0,16100.0,43185.0
2025-07-18_18:07:15,2778.0,12455.0,46064.0,12194.0,16100.0,43185.0
2025-07-18_18:07:15,9490.0,12455.0,46064.0,14147.0,16100.0,43185.0
2025-07-18_18:07:15,,,,14581.0,16100.0,43188.0
2025-07-18_18:07:19,2778.0,12455.0,46064.0,12192.0,16100.0,43188.0
2025-07-18_18:07:19,9981.0,12455.0,46064.0,14328.0,16100.0,43188.0
2025-07-18_18:07:19,,,,13784.0,16100.0,43188.0
2025-07-18_18:07:23,3375.0,12455.0,46064.0,12190.0,16100.0,43188.0
2025-07-18_18:07:23,,,,14258.0,16100.0,43189.0
2025-07-18_18:07:27,2778.0,12455.0,46064.0,12191.0,16100.0,43189.0
2025-07-18_18:07:27,9914.0,12455.0,46064.0,14348.0,16100.0,43189.0
2025-07-18_18:07:27,,,,14313.0,16100.0,43189.0
2025-07-18_18:07:31,3375.0,12455.0,46064.0,12191.0,16100.0,43189.0
2025-07-18_18:07:31,9825.0,12455.0,46064.0,14200.0,16100.0,43189.0
2025-07-18_18:07:32,9907.0,12455.0,46064.0,14322.0,16100.0,43189.0
2025-07-18_18:07:32,9436.0,12455.0,46064.0,13837.0,16100.0,43189.0
2025-07-18_18:07:32,9671.0,12455.0,46064.0,14280.0,16100.0,43189.0
2025-07-18_18:07:32,10352.0,12455.0,46064.0,14658.0,16100.0,43189.0
2025-07-18_18:07:33,8662.0,12455.0,46064.0,14040.0,16100.0,43189.0
2025-07-18_18:07:33,,,,,,
2025-07-18_18:07:37,2778.0,12455.0,46064.0,3776.0,16100.0,43189.0
2025-07-18_18:07:38,,,,14111.0,16100.0,43189.0
2025-07-18_18:07:41,2778.0,12455.0,46064.0,12196.0,16100.0,43189.0
2025-07-18_18:07:42,9699.0,12455.0,46064.0,14341.0,16100.0,43189.0
2025-07-18_18:07:42,9673.0,12455.0,46064.0,14307.0,16100.0,43189.0
2025-07-18_18:07:42,,,,13916.0,16100.0,43189.0
2025-07-18_18:07:46,3302.0,12455.0,46064.0,12155.0,16100.0,43189.0
2025-07-18_18:07:46,9593.0,12455.0,46064.0,14240.0,16100.0,43189.0
2025-07-18_18:07:46,9642.0,12455.0,46064.0,14292.0,16100.0,43189.0
2025-07-18_18:07:46,9845.0,12455.0,46064.0,14337.0,16100.0,43189.0
2025-07-18_18:07:47,,,,,,
2025-07-18_18:07:51,6962.0,12455.0,46064.0,3792.0,16100.0,43189.0
2025-07-18_18:07:51,10203.0,12455.0,46064.0,14583.0,16100.0,43189.0
2025-07-18_18:07:51,9590.0,12455.0,46064.0,13996.0,16100.0,43189.0
2025-07-18_18:07:51,,,,13929.0,16100.0,43189.0
2025-07-18_18:07:55,,,,,,
2025-07-18_18:07:59,6961.0,12455.0,46064.0,3792.0,16100.0,43189.0
2025-07-18_18:07:59,9954.0,12455.0,46064.0,14608.0,16100.0,43189.0
2025-07-18_18:07:59,9854.0,12455.0,46064.0,14134.0,16100.0,43189.0
2025-07-18_18:07:59,9670.0,12455.0,46064.0,14010.0,16100.0,43189.0
2025-07-18_18:08:00,,,,,,
2025-07-18_18:08:04,2778.0,12455.0,46064.0,3776.0,16100.0,43189.0
2025-07-18_18:08:04,9966.0,12455.0,46066.0,14360.0,16100.0,43189.0
2025-07-18_18:08:04,,,,,,
2025-07-18_18:08:09,2778.0,12455.0,46066.0,3776.0,16100.0,43189.0
2025-07-18_18:08:09,9890.0,12455.0,46066.0,14248.0,16100.0,43189.0
2025-07-18_18:08:09,9472.0,12455.0,46066.0,13936.0,16100.0,43189.0
2025-07-18_18:08:10,,,,14145.0,16100.0,43189.0
2025-07-18_18:08:13,3358.0,12455.0,46066.0,12176.0,16100.0,43189.0
2025-07-18_18:08:14,9671.0,12455.0,46066.0,14278.0,16100.0,43189.0
2025-07-18_18:08:14,9887.0,12455.0,46066.0,14078.0,16100.0,43189.0
2025-07-18_18:08:14,9460.0,12455.0,46066.0,14112.0,16100.0,43189.0
2025-07-18_18:08:14,9419.0,12455.0,46066.0,13987.0,16100.0,43189.0
2025-07-18_18:08:14,9678.0,12455.0,46066.0,14002.0,16100.0,43189.0
2025-07-18_18:08:15,,,,13367.0,16100.0,43189.0
2025-07-18_18:08:19,2778.0,12455.0,46066.0,12170.0,16100.0,43189.0
2025-07-18_18:08:19,9642.0,12455.0,46066.0,14165.0,16100.0,43189.0
2025-07-18_18:08:19,9496.0,12455.0,46066.0,14302.0,16100.0,43189.0
2025-07-18_18:08:19,9663.0,12455.0,46066.0,13949.0,16100.0,43189.0
2025-07-18_18:08:20,7995.0,12455.0,46066.0,12911.0,16100.0,43192.0
2025-07-18_18:08:20,9595.0,12455.0,46066.0,14235.0,16100.0,43192.0
2025-07-18_18:08:20,9675.0,12455.0,46066.0,14271.0,16100.0,43192.0
2025-07-18_18:08:20,10158.0,12455.0,46066.0,14344.0,16100.0,43192.0
2025-07-18_18:08:20,8667.0,12455.0,46066.0,14112.0,16100.0,43192.0
2025-07-18_18:08:21,9170.0,12455.0,46066.0,13997.0,16100.0,43192.0
2025-07-18_18:08:21,,,,,,
2025-07-18_18:08:25,6972.0,12455.0,46066.0,3793.0,16100.0,43192.0
2025-07-18_18:08:25,,,,14010.0,16100.0,43192.0
2025-07-18_18:08:29,3375.0,12455.0,46066.0,12160.0,16100.0,43192.0
2025-07-18_18:08:29,9563.0,12455.0,46066.0,14192.0,16100.0,43192.0
2025-07-18_18:08:29,10029.0,12455.0,46084.0,14464.0,16100.0,43193.0
2025-07-18_18:08:29,9880.0,12455.0,46084.0,13990.0,16100.0,43193.0
2025-07-18_18:08:30,9645.0,12455.0,46088.0,14285.0,16100.0,43193.0
2025-07-18_18:08:30,9693.0,12455.0,46088.0,14154.0,16100.0,43193.0
2025-07-18_18:08:30,,,,,,
2025-07-18_18:08:34,6961.0,12455.0,46088.0,3792.0,16100.0,43193.0
2025-07-18_18:08:34,,,,14308.0,16100.0,43193.0
2025-07-18_18:08:38,2778.0,12455.0,46088.0,12166.0,16100.0,43193.0
2025-07-18_18:08:38,,,,,,
2025-07-18_18:08:42,6965.0,12455.0,46088.0,3786.0,16100.0,43193.0
2025-07-18_18:08:42,9670.0,12455.0,46088.0,13975.0,16100.0,43193.0
2025-07-18_18:08:43,,,,,,
2025-07-18_18:08:46,6968.0,12455.0,46088.0,3793.0,16100.0,43193.0
2025-07-18_18:08:47,9870.0,12455.0,46088.0,14215.0,16100.0,43193.0
2025-07-18_18:08:47,10199.0,12455.0,46088.0,14175.0,16100.0,43193.0
2025-07-18_18:08:48,2778.0,12455.0,46088.0,12192.0,16100.0,43193.0
2025-07-18_18:08:48,7997.0,12455.0,46088.0,12848.0,16100.0,43252.0
2025-07-18_18:08:48,9917.0,12455.0,46088.0,14432.0,16100.0,43252.0
2025-07-18_18:08:48,9679.0,12455.0,46088.0,13986.0,16100.0,43252.0
2025-07-18_18:08:49,9797.0,12455.0,46088.0,14010.0,16100.0,43252.0
2025-07-18_18:08:49,9807.0,12455.0,46088.0,14288.0,16100.0,43252.0
2025-07-18_18:08:49,9676.0,12455.0,46088.0,13897.0,16100.0,43252.0
2025-07-18_18:08:49,,,,13785.0,16100.0,43252.0
2025-07-18_18:08:53,3375.0,12455.0,46088.0,12193.0,16100.0,43252.0
2025-07-18_18:08:53,9599.0,12455.0,46088.0,14017.0,16100.0,43252.0
2025-07-18_18:08:54,8123.0,12455.0,46088.0,13093.0,16100.0,43252.0
2025-07-18_18:08:54,9620.0,12455.0,46088.0,14274.0,16100.0,43252.0
2025-07-18_18:08:54,8542.0,12455.0,46088.0,13937.0,16100.0,43252.0
2025-07-18_18:08:54,,,,,,
2025-07-18_18:08:58,6973.0,12455.0,46088.0,3792.0,16100.0,43252.0
2025-07-18_18:08:58,8516.0,12455.0,46088.0,14018.0,16100.0,43252.0
2025-07-18_18:08:59,,,,,,
2025-07-18_18:09:03,6965.0,12455.0,46088.0,3792.0,16100.0,43252.0
2025-07-18_18:09:03,,,,,,
2025-07-18_18:09:07,6955.0,12455.0,46088.0,3787.0,16100.0,43252.0
2025-07-18_18:09:07,9427.0,12455.0,46088.0,14190.0,16100.0,43252.0
2025-07-18_18:09:07,,,,14173.0,16100.0,43252.0
2025-07-18_18:09:11,3375.0,12455.0,46088.0,12198.0,16100.0,43252.0
2025-07-18_18:09:11,10246.0,12455.0,46088.0,14157.0,16100.0,43252.0
2025-07-18_18:09:11,9665.0,12455.0,46088.0,14009.0,16100.0,43252.0
2025-07-18_18:09:11,9869.0,12455.0,46088.0,14144.0,16100.0,43252.0
2025-07-18_18:09:12,9637.0,12455.0,46088.0,14271.0,16100.0,43252.0
2025-07-18_18:09:12,,,,13079.0,16100.0,43252.0
2025-07-18_18:09:16,2778.0,12455.0,46088.0,12161.0,16100.0,43252.0
2025-07-18_18:09:16,,,,,,
2025-07-18_18:09:20,6967.0,12455.0,46088.0,3793.0,16100.0,43252.0
2025-07-18_18:09:20,9814.0,12455.0,46088.0,14273.0,16100.0,43252.0
2025-07-18_18:09:20,9916.0,12455.0,46100.0,14264.0,16100.0,43252.0
2025-07-18_18:09:20,9362.0,12455.0,46100.0,13721.0,16100.0,43252.0
2025-07-18_18:09:21,9841.0,12455.0,46100.0,14038.0,16100.0,43252.0
2025-07-18_18:09:21,7949.0,12455.0,46100.0,13050.0,16100.0,43252.0
2025-07-18_18:09:21,9528.0,12455.0,46100.0,13964.0,16100.0,43252.0
2025-07-18_18:09:21,9581.0,12455.0,46100.0,14227.0,16100.0,43252.0
2025-07-18_18:09:22,9613.0,12455.0,46100.0,14287.0,16100.0,43252.0
2025-07-18_18:09:22,,,,12900.0,16100.0,43252.0
2025-07-18_18:09:26,2778.0,12455.0,46100.0,12167.0,16100.0,43252.0
2025-07-18_18:09:26,,,,13815.0,16100.0,43252.0
2025-07-18_18:09:30,3319.0,12455.0,46100.0,12168.0,16100.0,43252.0
2025-07-18_18:09:30,9662.0,12455.0,46100.0,13979.0,16100.0,43252.0
2025-07-18_18:09:30,9719.0,12455.0,46100.0,14225.0,16100.0,43252.0
2025-07-18_18:09:30,,,,14122.0,16100.0,43252.0
2025-07-18_18:09:34,3358.0,12455.0,46100.0,12193.0,16100.0,43252.0
2025-07-18_18:09:34,8528.0,12455.0,46100.0,13941.0,16100.0,43252.0
2025-07-18_18:09:34,9408.0,12455.0,46100.0,14152.0,16100.0,43252.0
2025-07-18_18:09:35,,,,11880.0,16100.0,43252.0
2025-07-18_18:09:39,2778.0,12455.0,46100.0,12203.0,16100.0,43252.0
2025-07-18_18:09:39,,,,14491.0,16100.0,43252.0
2025-07-18_18:09:43,3358.0,12455.0,46100.0,12184.0,16100.0,43252.0
2025-07-18_18:09:43,8542.0,12455.0,46100.0,14049.0,16100.0,43252.0
2025-07-18_18:09:43,,,,14375.0,16100.0,43252.0
2025-07-18_18:09:47,3375.0,12455.0,46100.0,12183.0,16100.0,43252.0
2025-07-18_18:09:47,,,,,,
2025-07-18_18:09:51,2778.0,12455.0,46100.0,3776.0,16100.0,43252.0
2025-07-18_18:09:52,9674.0,12455.0,46100.0,14292.0,16100.0,43252.0
2025-07-18_18:09:52,8605.0,12455.0,46101.0,14098.0,16100.0,43252.0
2025-07-18_18:09:52,10044.0,12455.0,46101.0,14331.0,16100.0,43252.0
2025-07-18_18:09:52,8539.0,12455.0,46101.0,13788.0,16100.0,43252.0
2025-07-18_18:09:52,9541.0,12455.0,46101.0,14039.0,16100.0,43252.0
2025-07-18_18:09:53,,,,13784.0,16100.0,43252.0
2025-07-18_18:09:56,3319.0,12455.0,46101.0,12195.0,16100.0,43252.0
2025-07-18_18:09:57,9681.0,12455.0,46101.0,14177.0,16100.0,43252.0
2025-07-18_18:09:57,,,,,,
2025-07-18_18:10:01,2778.0,12455.0,46101.0,3776.0,16100.0,43252.0
2025-07-18_18:10:02,,,,,,
2025-07-18_18:10:05,6969.0,12455.0,46101.0,3793.0,16100.0,43252.0
2025-07-18_18:10:06,9636.0,12455.0,46101.0,14122.0,16100.0,43252.0
2025-07-18_18:10:06,,,,13244.0,16100.0,43252.0
2025-07-18_18:10:10,2778.0,12455.0,46101.0,12194.0,16100.0,43252.0
2025-07-18_18:10:10,9632.0,12455.0,46101.0,14135.0,16100.0,43252.0
2025-07-18_18:10:10,,,,14009.0,16100.0,43252.0
2025-07-18_18:10:14,3319.0,12455.0,46101.0,12192.0,16100.0,43252.0
2025-07-18_18:10:14,9855.0,12455.0,46101.0,14063.0,16100.0,43252.0
2025-07-18_18:10:14,,,,14030.0,16100.0,43252.0
2025-07-18_18:10:18,3319.0,12455.0,46101.0,12189.0,16100.0,43252.0
2025-07-18_18:10:18,10082.0,12455.0,46101.0,13864.0,16100.0,43252.0
2025-07-18_18:10:19,,,,11890.0,16100.0,43252.0
2025-07-18_18:10:22,2778.0,12455.0,46101.0,12195.0,16100.0,43252.0
2025-07-18_18:10:23,,,,13102.0,16100.0,43252.0
2025-07-18_18:10:26,2778.0,12455.0,46101.0,12166.0,16100.0,43252.0
2025-07-18_18:10:27,9048.0,12455.0,46101.0,13841.0,16100.0,43252.0
2025-07-18_18:10:27,10219.0,12455.0,46101.0,14565.0,16100.0,43254.0
2025-07-18_18:10:27,9925.0,12455.0,46101.0,14331.0,16100.0,43254.0
2025-07-18_18:10:27,,,,,,
2025-07-18_18:10:32,2778.0,12455.0,46101.0,3776.0,16100.0,43254.0
2025-07-18_18:10:32,,,,13075.0,16100.0,43254.0
2025-07-18_18:10:36,2778.0,12455.0,46101.0,12172.0,16100.0,43254.0
2025-07-18_18:10:36,8540.0,12455.0,46101.0,13785.0,16100.0,43254.0
2025-07-18_18:10:36,,,,,,
2025-07-18_18:10:41,2778.0,12455.0,46101.0,3776.0,16100.0,43254.0
2025-07-18_18:10:41,10041.0,12455.0,46103.0,13985.0,16100.0,43254.0
2025-07-18_18:10:41,9572.0,12455.0,46103.0,14027.0,16100.0,43254.0
2025-07-18_18:10:41,9720.0,12455.0,46104.0,13951.0,16100.0,43254.0
2025-07-18_18:10:42,9816.0,12476.0,46148.0,14090.0,16104.0,43258.0
2025-07-18_18:10:42,8130.0,12476.0,46148.0,13059.0,16104.0,43258.0
2025-07-18_18:10:42,,,,14138.0,16104.0,43260.0
2025-07-18_18:10:46,2778.0,12476.0,46148.0,12169.0,16104.0,43260.0
2025-07-18_18:10:46,,,,14270.0,16104.0,43260.0
2025-07-18_18:10:50,3375.0,12476.0,46148.0,12190.0,16104.0,43260.0
2025-07-18_18:10:50,9743.0,12476.0,46148.0,14278.0,16104.0,43260.0
2025-07-18_18:10:50,9662.0,12476.0,46148.0,14161.0,16104.0,43260.0
2025-07-18_18:10:51,9777.0,12476.0,46148.0,13823.0,16104.0,43260.0
2025-07-18_18:10:51,8970.0,12476.0,46148.0,13789.0,16104.0,43260.0
2025-07-18_18:10:51,10086.0,12476.0,46148.0,14338.0,16104.0,43260.0
2025-07-18_18:10:51,8672.0,12476.0,46148.0,14187.0,16104.0,43260.0
2025-07-18_18:10:51,10125.0,12476.0,46148.0,14017.0,16104.0,43260.0
2025-07-18_18:10:52,9266.0,12476.0,46148.0,14176.0,16104.0,43260.0
2025-07-18_18:10:52,9944.0,12476.0,46148.0,14404.0,16104.0,43260.0
2025-07-18_18:10:52,,,,,,
2025-07-18_18:10:56,6967.0,12476.0,46148.0,3793.0,16104.0,43260.0
2025-07-18_18:10:56,9643.0,12476.0,46148.0,14270.0,16104.0,43260.0
2025-07-18_18:10:56,,,,14048.0,16104.0,43260.0
2025-07-18_18:11:00,2780.0,12476.0,46148.0,12161.0,16104.0,43260.0
2025-07-18_18:11:00,,,,14063.0,16104.0,43260.0
2025-07-18_18:11:04,2778.0,12476.0,46148.0,12186.0,16104.0,43260.0
2025-07-18_18:11:05,9609.0,12476.0,46148.0,14108.0,16104.0,43260.0
2025-07-18_18:11:05,8530.0,12476.0,46148.0,13704.0,16104.0,43260.0
2025-07-18_18:11:05,9637.0,12476.0,46148.0,14309.0,16104.0,43260.0
2025-07-18_18:11:05,,,,14240.0,16104.0,43260.0
2025-07-18_18:11:09,3375.0,12476.0,46148.0,12187.0,16104.0,43260.0
2025-07-18_18:11:09,,,,14233.0,16104.0,43260.0
2025-07-18_18:11:13,3375.0,12476.0,46148.0,12193.0,16104.0,43260.0
2025-07-18_18:11:13,,,,14006.0,16104.0,43260.0
2025-07-18_18:11:17,3319.0,12476.0,46148.0,12187.0,16104.0,43260.0
2025-07-18_18:11:17,,,,,,
2025-07-18_18:11:21,6966.0,12476.0,46148.0,3792.0,16104.0,43260.0
2025-07-18_18:11:21,9600.0,12476.0,46148.0,14487.0,16104.0,43260.0
2025-07-18_18:11:21,,,,,,
2025-07-18_18:11:25,6968.0,12476.0,46149.0,3795.0,16104.0,43260.0
2025-07-18_18:11:25,,,,,,
2025-07-18_18:11:30,2778.0,12476.0,46149.0,3776.0,16104.0,43260.0
2025-07-18_18:11:30,9678.0,12476.0,46149.0,14340.0,16104.0,43260.0
2025-07-18_18:11:30,,,,14400.0,16104.0,43263.0
2025-07-18_18:11:34,2778.0,12476.0,46149.0,12194.0,16104.0,43263.0
2025-07-18_18:11:34,,,,14040.0,16104.0,43263.0
2025-07-18_18:11:38,3319.0,12476.0,46149.0,12192.0,16104.0,43263.0
2025-07-18_18:11:38,9824.0,12476.0,46149.0,14247.0,16104.0,43263.0
2025-07-18_18:11:39,9778.0,12476.0,46149.0,14382.0,16104.0,43263.0
2025-07-18_18:11:39,9593.0,12476.0,46149.0,14201.0,16104.0,43263.0
2025-07-18_18:11:39,10071.0,12476.0,46155.0,14348.0,16104.0,43263.0
2025-07-18_18:11:39,9791.0,12476.0,46156.0,14028.0,16104.0,43265.0
2025-07-18_18:11:40,10053.0,12476.0,46156.0,14031.0,16104.0,43265.0
2025-07-18_18:11:40,9968.0,12476.0,46156.0,14365.0,16104.0,43265.0
2025-07-18_18:11:40,8733.0,12476.0,46156.0,14057.0,16104.0,43265.0
2025-07-18_18:11:40,,,,,,
2025-07-18_18:11:45,2778.0,12476.0,46156.0,3776.0,16104.0,43265.0
2025-07-18_18:11:45,8537.0,12476.0,46156.0,13672.0,16104.0,43265.0
2025-07-18_18:11:45,8528.0,12476.0,46156.0,14046.0,16104.0,43265.0
2025-07-18_18:11:45,10079.0,12476.0,46156.0,14243.0,16104.0,43265.0
2025-07-18_18:11:46,9842.0,12476.0,46156.0,14033.0,16104.0,43265.0
2025-07-18_18:11:46,8661.0,12476.0,46156.0,14214.0,16104.0,43265.0
2025-07-18_18:11:46,9823.0,12476.0,46156.0,14000.0,16104.0,43265.0
2025-07-18_18:11:46,,,,,,
2025-07-18_18:11:51,2778.0,12476.0,46156.0,3776.0,16104.0,43265.0
2025-07-18_18:11:51,8094.0,12476.0,46156.0,13162.0,16104.0,43265.0
2025-07-18_18:11:52,2778.0,12476.0,46156.0,12193.0,16104.0,43265.0
2025-07-18_18:11:52,8994.0,12476.0,46156.0,13801.0,16104.0,43265.0
2025-07-18_18:11:52,,,,13999.0,16104.0,43265.0
2025-07-18_18:11:56,3319.0,12476.0,46156.0,12189.0,16104.0,43265.0
2025-07-18_18:11:56,9847.0,12476.0,46156.0,14192.0,16104.0,43265.0
2025-07-18_18:11:57,2778.0,12476.0,46156.0,12179.0,16104.0,43265.0
2025-07-18_18:11:58,,,,12053.0,16104.0,43294.0
2025-07-18_18:12:01,2778.0,12476.0,46156.0,12197.0,16104.0,43294.0
2025-07-18_18:12:02,9585.0,12476.0,46156.0,13983.0,16104.0,43294.0
2025-07-18_18:12:02,9700.0,12476.0,46156.0,13639.0,16104.0,43294.0
2025-07-18_18:12:02,8598.0,12476.0,46156.0,13940.0,16104.0,43294.0
2025-07-18_18:12:02,,,,12490.0,16104.0,43294.0
2025-07-18_18:12:06,,,,,,
2025-07-18_18:12:10,6968.0,12476.0,46156.0,3792.0,16104.0,43294.0
2025-07-18_18:12:10,8353.0,12476.0,46156.0,13853.0,16104.0,43294.0
2025-07-18_18:12:10,9467.0,12476.0,46156.0,14101.0,16104.0,43294.0
2025-07-18_18:12:11,9918.0,12476.0,46156.0,14264.0,16104.0,43294.0
2025-07-18_18:12:11,9684.0,12476.0,46156.0,14185.0,16104.0,43294.0
2025-07-18_18:12:11,8565.0,12476.0,46156.0,14185.0,16104.0,43294.0
2025-07-18_18:12:11,,,,13287.0,16104.0,43294.0
2025-07-18_18:12:15,2780.0,12476.0,46156.0,12195.0,16104.0,43294.0
2025-07-18_18:12:15,,,,,,
2025-07-18_18:12:19,6966.0,12476.0,46156.0,3792.0,16104.0,43294.0
2025-07-18_18:12:19,9681.0,12476.0,46156.0,14169.0,16104.0,43294.0
2025-07-18_18:12:20,9484.0,12476.0,46156.0,13857.0,16104.0,43294.0
2025-07-18_18:12:20,,,,,,
2025-07-18_18:12:24,6977.0,12476.0,46156.0,3792.0,16104.0,43294.0
2025-07-18_18:12:24,,,,14285.0,16104.0,43294.0
2025-07-18_18:12:28,2778.0,12476.0,46156.0,12191.0,16104.0,43294.0
2025-07-18_18:12:28,8008.0,12476.0,46156.0,13496.0,16104.0,43294.0
2025-07-18_18:12:28,9669.0,12476.0,46156.0,13824.0,16104.0,43294.0
2025-07-18_18:12:29,9600.0,12476.0,46156.0,14038.0,16104.0,43294.0
2025-07-18_18:12:29,8616.0,12476.0,46156.0,14210.0,16104.0,43294.0
2025-07-18_18:12:29,8642.0,12476.0,46156.0,14085.0,16104.0,43294.0
2025-07-18_18:12:30,,,,,,
2025-07-18_18:12:34,6967.0,12476.0,46156.0,3793.0,16104.0,43294.0
2025-07-18_18:12:34,,,,,,
2025-07-18_18:12:38,6963.0,12476.0,46156.0,3792.0,16104.0,43294.0
2025-07-18_18:12:38,9176.0,12476.0,46156.0,13976.0,16104.0,43294.0
2025-07-18_18:12:38,,,,,,
2025-07-18_18:12:42,6964.0,12476.0,46156.0,3792.0,16104.0,43294.0
2025-07-18_18:12:42,8112.0,12476.0,46156.0,13085.0,16104.0,43294.0
2025-07-18_18:12:42,,,,,,
2025-07-18_18:12:46,6965.0,12476.0,46156.0,3787.0,16104.0,43294.0
2025-07-18_18:12:46,9780.0,12476.0,46156.0,14225.0,16104.0,43294.0
2025-07-18_18:12:47,8076.0,12476.0,46156.0,13269.0,16104.0,43294.0
2025-07-18_18:12:48,2778.0,12476.0,46156.0,12161.0,16104.0,43294.0
2025-07-18_18:12:48,,,,,,
2025-07-18_18:12:52,6970.0,12476.0,46156.0,3793.0,16104.0,43294.0
2025-07-18_18:12:52,8533.0,12476.0,46157.0,13087.0,16104.0,43294.0
2025-07-18_18:12:52,9902.0,12476.0,46165.0,14519.0,16104.0,43294.0
2025-07-18_18:12:52,,,,,,
2025-07-18_18:12:56,6976.0,12476.0,46165.0,3793.0,16104.0,43294.0
2025-07-18_18:12:56,,,,14292.0,16104.0,43294.0
2025-07-18_18:13:00,2778.0,12476.0,46165.0,12170.0,16104.0,43294.0
2025-07-18_18:13:01,,,,,,
2025-07-18_18:13:05,2778.0,12476.0,46165.0,3776.0,16104.0,43294.0
2025-07-18_18:13:05,10196.0,12476.0,46165.0,14605.0,16104.0,43294.0
2025-07-18_18:13:06,,,,,,
2025-07-18_18:13:10,2778.0,12476.0,46165.0,3778.0,16104.0,43294.0
2025-07-18_18:13:10,,,,12808.0,16104.0,43294.0
2025-07-18_18:13:14,2778.0,12476.0,46165.0,12177.0,16104.0,43294.0
2025-07-18_18:13:14,,,,14106.0,16104.0,43294.0
2025-07-18_18:13:18,2778.0,12476.0,46165.0,12162.0,16104.0,43294.0
2025-07-18_18:13:18,10185.0,12476.0,46165.0,14087.0,16104.0,43294.0
2025-07-18_18:13:19,,,,13770.0,16104.0,43294.0
2025-07-18_18:13:22,3375.0,12476.0,46165.0,12192.0,16104.0,43294.0
2025-07-18_18:13:23,10049.0,12476.0,46165.0,14497.0,16104.0,43294.0
2025-07-18_18:13:23,9393.0,12476.0,46165.0,13972.0,16104.0,43294.0
2025-07-18_18:13:23,9175.0,12476.0,46165.0,13775.0,16104.0,43294.0
2025-07-18_18:13:23,,,,14251.0,16104.0,43294.0
2025-07-18_18:13:27,,,,,,
2025-07-18_18:13:31,6964.0,12476.0,46165.0,3792.0,16104.0,43294.0
2025-07-18_18:13:31,9818.0,12476.0,46165.0,14141.0,16104.0,43294.0
2025-07-18_18:13:31,9985.0,12476.0,46165.0,14128.0,16104.0,43294.0
2025-07-18_18:13:32,10177.0,12476.0,46165.0,14343.0,16104.0,43294.0
2025-07-18_18:13:32,9100.0,12476.0,46165.0,14005.0,16104.0,43294.0
2025-07-18_18:13:32,9828.0,12476.0,46165.0,14003.0,16104.0,43294.0
2025-07-18_18:13:32,,,,14122.0,16104.0,43294.0
2025-07-18_18:13:36,2778.0,12476.0,46165.0,12195.0,16104.0,43294.0
2025-07-18_18:13:36,,,,,,
2025-07-18_18:13:40,6964.0,12476.0,46165.0,3792.0,16104.0,43294.0
2025-07-18_18:13:40,8559.0,12476.0,46165.0,13942.0,16104.0,43294.0
2025-07-18_18:13:41,10110.0,12476.0,46165.0,14371.0,16104.0,43294.0
2025-07-18_18:13:41,,,,,,
2025-07-18_18:13:45,,,,3792.0,16104.0,43294.0
2025-07-18_18:13:49,2778.0,12476.0,46165.0,12174.0,16104.0,43294.0
2025-07-18_18:13:49,,,,,,
2025-07-18_18:13:53,6963.0,12476.0,46165.0,3793.0,16104.0,43294.0
2025-07-18_18:13:53,10089.0,12476.0,46165.0,14056.0,16104.0,43294.0
2025-07-18_18:13:57,2778.0,12476.0,46165.0,12183.0,16104.0,43294.0
2025-07-18_18:13:57,9799.0,12476.0,46165.0,13917.0,16104.0,43294.0
2025-07-18_18:13:57,9906.0,12476.0,46165.0,14274.0,16104.0,43294.0
2025-07-18_18:13:57,,,,,,
2025-07-18_18:14:01,6974.0,12476.0,46165.0,3792.0,16104.0,43294.0
2025-07-18_18:14:01,,,,14023.0,16104.0,43294.0
2025-07-18_18:14:05,2780.0,12476.0,46165.0,12191.0,16104.0,43294.0
2025-07-18_18:14:06,,,,,,
2025-07-18_18:14:10,2778.0,12476.0,46165.0,3776.0,16104.0,43294.0
2025-07-18_18:14:10,,,,13784.0,16104.0,43294.0
2025-07-18_18:14:14,3375.0,12476.0,46165.0,12197.0,16104.0,43294.0
2025-07-18_18:14:14,9515.0,12476.0,46165.0,13636.0,16104.0,43294.0
2025-07-18_18:14:14,9680.0,12476.0,46165.0,13970.0,16104.0,43294.0
2025-07-18_18:14:15,,,,,,
2025-07-18_18:14:18,6967.0,12476.0,46165.0,3792.0,16104.0,43294.0
2025-07-18_18:14:19,9160.0,12476.0,46165.0,13972.0,16104.0,43294.0
2025-07-18_18:14:19,8581.0,12476.0,46165.0,14226.0,16104.0,43294.0
2025-07-18_18:14:19,9996.0,12476.0,46165.0,14589.0,16104.0,43294.0
2025-07-18_18:14:19,9983.0,12476.0,46165.0,14416.0,16104.0,43294.0
2025-07-18_18:14:19,,,,,,
2025-07-18_18:14:23,6966.0,12476.0,46165.0,3792.0,16104.0,43294.0
2025-07-18_18:14:23,9404.0,12476.0,46165.0,13750.0,16104.0,43294.0
2025-07-18_18:14:24,9808.0,12476.0,46165.0,14304.0,16104.0,43294.0
2025-07-18_18:14:24,8601.0,12476.0,46165.0,14221.0,16104.0,43294.0
2025-07-18_18:14:24,,,,,,
2025-07-18_18:14:28,6961.0,12476.0,46165.0,3792.0,16104.0,43294.0
2025-07-18_18:14:28,,,,,,
2025-07-18_18:14:32,6968.0,12476.0,46165.0,3793.0,16104.0,43294.0
2025-07-18_18:14:32,10173.0,12476.0,46165.0,14732.0,16104.0,43322.0
2025-07-18_18:14:32,9677.0,12476.0,46165.0,14021.0,16104.0,43322.0
2025-07-18_18:14:33,,,,13987.0,16104.0,43322.0
2025-07-18_18:14:36,3319.0,12476.0,46165.0,12186.0,16104.0,43322.0
2025-07-18_18:14:37,10575.0,12476.0,46165.0,15000.0,16108.0,43377.0
2025-07-18_18:14:37,2778.0,12476.0,46165.0,12189.0,16108.0,43377.0
2025-07-18_18:14:38,9450.0,12476.0,46165.0,13974.0,16108.0,43377.0
2025-07-18_18:14:38,,,,,,
2025-07-18_18:14:42,6964.0,12476.0,46165.0,3792.0,16108.0,43377.0
2025-07-18_18:14:42,9859.0,12476.0,46165.0,14226.0,16108.0,43377.0
2025-07-18_18:14:42,,,,14210.0,16108.0,43377.0
2025-07-18_18:14:46,3317.0,12476.0,46165.0,12161.0,16108.0,43377.0
2025-07-18_18:14:46,9498.0,12476.0,46165.0,14103.0,16108.0,43377.0
2025-07-18_18:14:46,10654.0,12476.0,46169.0,14460.0,16108.0,43377.0
2025-07-18_18:14:46,9720.0,12476.0,46169.0,14135.0,16108.0,43377.0
2025-07-18_18:14:47,9668.0,12476.0,46169.0,14174.0,16108.0,43377.0
2025-07-18_18:14:47,9678.0,12476.0,46169.0,13975.0,16108.0,43377.0
2025-07-18_18:14:47,9840.0,12476.0,46169.0,14072.0,16108.0,43377.0
2025-07-18_18:14:47,,,,,,
2025-07-18_18:14:51,6974.0,12476.0,46169.0,3793.0,16108.0,43377.0
2025-07-18_18:14:51,9848.0,12476.0,46169.0,14138.0,16108.0,43377.0
2025-07-18_18:14:52,,,,,,
2025-07-18_18:14:56,2778.0,12476.0,46169.0,3776.0,16108.0,43377.0
2025-07-18_18:14:56,9666.0,12476.0,46169.0,14098.0,16108.0,43377.0
2025-07-18_18:14:56,9247.0,12476.0,46169.0,14111.0,16108.0,43377.0
2025-07-18_18:14:57,,,,14069.0,16108.0,43377.0
2025-07-18_18:15:00,3317.0,12476.0,46169.0,12197.0,16108.0,43377.0
2025-07-18_18:15:01,9462.0,12476.0,46169.0,13976.0,16108.0,43377.0
2025-07-18_18:15:01,10191.0,12476.0,46169.0,14549.0,16108.0,43377.0
2025-07-18_18:15:01,8382.0,12476.0,46169.0,13965.0,16108.0,43377.0
2025-07-18_18:15:01,8587.0,12476.0,46169.0,13952.0,16108.0,43377.0
2025-07-18_18:15:01,,,,13831.0,16108.0,43377.0
2025-07-18_18:15:05,3375.0,12476.0,46169.0,12190.0,16108.0,43377.0
2025-07-18_18:15:05,10014.0,12476.0,46169.0,14135.0,16108.0,43377.0
2025-07-18_18:15:06,9797.0,12476.0,46169.0,14291.0,16108.0,43377.0
2025-07-18_18:15:06,10000.0,12476.0,46169.0,14479.0,16108.0,43377.0
2025-07-18_18:15:06,8535.0,12476.0,46169.0,13931.0,16108.0,43377.0
2025-07-18_18:15:06,,,,,,
2025-07-18_18:15:10,6967.0,12476.0,46169.0,3793.0,16108.0,43377.0
2025-07-18_18:15:10,8656.0,12476.0,46169.0,14035.0,16108.0,43377.0
2025-07-18_18:15:10,9497.0,12476.0,46169.0,14125.0,16108.0,43377.0
2025-07-18_18:15:11,,,,13971.0,16108.0,43377.0
2025-07-18_18:15:14,,,,,,
2025-07-18_18:15:18,6974.0,12476.0,46169.0,3792.0,16108.0,43377.0
2025-07-18_18:15:18,9881.0,12476.0,46169.0,14299.0,16108.0,43377.0
2025-07-18_18:15:19,9606.0,12476.0,46169.0,13978.0,16108.0,43377.0
2025-07-18_18:15:19,,,,13801.0,16108.0,43377.0
2025-07-18_18:15:23,,,,,,
2025-07-18_18:15:27,6967.0,12476.0,46169.0,3792.0,16108.0,43377.0
2025-07-18_18:15:27,10166.0,12476.0,46169.0,14330.0,16108.0,43377.0
2025-07-18_18:15:27,9823.0,12476.0,46169.0,14264.0,16108.0,43377.0
2025-07-18_18:15:27,9671.0,12476.0,46169.0,14058.0,16108.0,43377.0
2025-07-18_18:15:27,,,,14060.0,16108.0,43377.0
2025-07-18_18:15:31,3358.0,12476.0,46169.0,12187.0,16108.0,43377.0
2025-07-18_18:15:31,,,,14293.0,16108.0,43377.0
2025-07-18_18:15:35,3358.0,12476.0,46169.0,12182.0,16108.0,43377.0
2025-07-18_18:15:35,,,,,,
2025-07-18_18:15:39,6966.0,12476.0,46169.0,3792.0,16108.0,43377.0
2025-07-18_18:15:39,,,,14047.0,16108.0,43377.0
2025-07-18_18:15:43,3302.0,12476.0,46169.0,12178.0,16108.0,43377.0
2025-07-18_18:15:43,,,,,,
2025-07-18_18:15:47,6971.0,12476.0,46169.0,3792.0,16108.0,43377.0
2025-07-18_18:15:47,8708.0,12476.0,46169.0,14221.0,16108.0,43377.0
2025-07-18_18:15:48,9590.0,12476.0,46169.0,13966.0,16108.0,43377.0
2025-07-18_18:15:48,9672.0,12476.0,46169.0,13983.0,16108.0,43377.0
2025-07-18_18:15:48,,,,13780.0,16108.0,43377.0
2025-07-18_18:15:52,3358.0,12476.0,46169.0,12182.0,16108.0,43377.0
2025-07-18_18:15:52,,,,14097.0,16108.0,43377.0
2025-07-18_18:15:56,2778.0,12476.0,46169.0,12183.0,16108.0,43377.0
2025-07-18_18:15:56,8532.0,12476.0,46169.0,13921.0,16108.0,43377.0
2025-07-18_18:15:56,9053.0,12476.0,46169.0,13611.0,16108.0,43377.0
2025-07-18_18:15:56,9411.0,12476.0,46169.0,14124.0,16108.0,43377.0
2025-07-18_18:15:57,,,,,,
2025-07-18_18:16:00,6962.0,12476.0,46169.0,3793.0,16108.0,43377.0
2025-07-18_18:16:01,9724.0,12476.0,46169.0,13978.0,16108.0,43377.0
2025-07-18_18:16:01,,,,,,
2025-07-18_18:16:05,2778.0,12476.0,46169.0,3776.0,16108.0,43377.0
2025-07-18_18:16:06,,,,,,
2025-07-18_18:16:09,6963.0,12476.0,46169.0,3793.0,16108.0,43377.0
2025-07-18_18:16:10,,,,13951.0,16108.0,43377.0
2025-07-18_18:16:13,3319.0,12476.0,46169.0,12175.0,16108.0,43377.0
2025-07-18_18:16:13,,,,13269.0,16108.0,43377.0
2025-07-18_18:16:17,2780.0,12476.0,46169.0,12189.0,16108.0,43377.0
2025-07-18_18:16:18,,,,12857.0,16108.0,43377.0
2025-07-18_18:16:21,2778.0,12476.0,46169.0,12188.0,16108.0,43377.0
2025-07-18_18:16:22,9486.0,12476.0,46169.0,13928.0,16108.0,43377.0
2025-07-18_18:16:22,10165.0,12476.0,46169.0,14338.0,16108.0,43377.0
2025-07-18_18:16:22,9680.0,12476.0,46169.0,13983.0,16108.0,43377.0
2025-07-18_18:16:22,9915.0,12476.0,46169.0,14144.0,16108.0,43377.0
2025-07-18_18:16:23,9682.0,12476.0,46169.0,14093.0,16108.0,43377.0
2025-07-18_18:16:23,10345.0,12476.0,46169.0,14209.0,16108.0,43377.0
2025-07-18_18:16:23,,,,,,
2025-07-18_18:16:27,2778.0,12476.0,46169.0,3776.0,16108.0,43377.0
2025-07-18_18:16:28,10455.0,12476.0,46189.0,14309.0,16108.0,43377.0
2025-07-18_18:16:28,9657.0,12476.0,46189.0,14139.0,16108.0,43377.0
2025-07-18_18:16:28,,,,,,
2025-07-18_18:16:33,2778.0,12476.0,46189.0,3776.0,16108.0,43377.0
2025-07-18_18:16:33,9183.0,12476.0,46189.0,14126.0,16108.0,43377.0
2025-07-18_18:16:33,8358.0,12476.0,46189.0,13923.0,16108.0,43377.0
2025-07-18_18:16:33,9653.0,12476.0,46189.0,14319.0,16108.0,43377.0
2025-07-18_18:16:33,,,,,,
2025-07-18_18:16:37,6962.0,12476.0,46189.0,3786.0,16108.0,43377.0
2025-07-18_18:16:37,,,,14506.0,16108.0,43377.0
2025-07-18_18:16:41,2778.0,12476.0,46189.0,12185.0,16108.0,43377.0
2025-07-18_18:16:41,,,,13938.0,16108.0,43377.0
2025-07-18_18:16:45,3319.0,12476.0,46189.0,12188.0,16108.0,43377.0
2025-07-18_18:16:45,,,,14400.0,16108.0,43377.0
2025-07-18_18:16:49,3319.0,12476.0,46189.0,12169.0,16108.0,43377.0
2025-07-18_18:16:49,,,,13928.0,16108.0,43377.0
2025-07-18_18:16:53,3302.0,12476.0,46189.0,12174.0,16108.0,43377.0
2025-07-18_18:16:53,,,,13708.0,16108.0,43377.0
2025-07-18_18:16:57,,,,,,
2025-07-18_18:17:01,6963.0,12476.0,46189.0,3787.0,16108.0,43377.0
2025-07-18_18:17:02,2778.0,12476.0,46189.0,12198.0,16108.0,43377.0
2025-07-18_18:17:02,,,,,,
2025-07-18_18:17:06,2778.0,12476.0,46189.0,3778.0,16108.0,43377.0
2025-07-18_18:17:07,10126.0,12476.0,46189.0,14439.0,16108.0,43377.0
2025-07-18_18:17:07,,,,13796.0,16108.0,43377.0
2025-07-18_18:17:10,3375.0,12476.0,46189.0,12194.0,16108.0,43377.0
2025-07-18_18:17:11,,,,14107.0,16108.0,43377.0
2025-07-18_18:17:15,2778.0,12476.0,46189.0,12187.0,16108.0,43377.0
2025-07-18_18:17:15,9674.0,12476.0,46189.0,14108.0,16108.0,43377.0
2025-07-18_18:17:15,9649.0,12476.0,46189.0,14076.0,16108.0,43377.0
2025-07-18_18:17:15,,,,,,
2025-07-18_18:17:19,6955.0,12476.0,46189.0,3792.0,16108.0,43377.0
2025-07-18_18:17:19,10242.0,12476.0,46189.0,14703.0,16108.0,43377.0
2025-07-18_18:17:19,8693.0,12476.0,46189.0,14371.0,16108.0,43377.0
2025-07-18_18:17:20,8542.0,12476.0,46189.0,13813.0,16108.0,43377.0
2025-07-18_18:17:20,8542.0,12476.0,46189.0,14094.0,16108.0,43377.0
2025-07-18_18:17:20,9680.0,12476.0,46189.0,13969.0,16108.0,43377.0
2025-07-18_18:17:20,9662.0,12476.0,46189.0,14101.0,16108.0,43377.0
2025-07-18_18:17:21,9578.0,12476.0,46189.0,14232.0,16108.0,43377.0
2025-07-18_18:17:21,,,,14080.0,16108.0,43377.0
2025-07-18_18:17:25,3302.0,12476.0,46189.0,12197.0,16108.0,43377.0
2025-07-18_18:17:25,,,,14100.0,16108.0,43377.0
2025-07-18_18:17:28,3358.0,12476.0,46189.0,12147.0,16108.0,43377.0
2025-07-18_18:17:29,10178.0,12476.0,46189.0,14012.0,16108.0,43377.0
2025-07-18_18:17:29,,,,13939.0,16108.0,43377.0
2025-07-18_18:17:33,3302.0,12476.0,46189.0,12163.0,16108.0,43377.0
2025-07-18_18:17:33,10224.0,12476.0,46189.0,14528.0,16108.0,43377.0
2025-07-18_18:17:33,,,,,,
2025-07-18_18:17:37,6961.0,12476.0,46189.0,3793.0,16108.0,43377.0
2025-07-18_18:17:37,9706.0,12476.0,46189.0,14073.0,16108.0,43377.0
2025-07-18_18:17:37,,,,,,
2025-07-18_18:17:41,6967.0,12476.0,46189.0,3793.0,16108.0,43377.0
2025-07-18_18:17:41,9831.0,12476.0,46189.0,14042.0,16108.0,43377.0
2025-07-18_18:17:42,,,,14298.0,16108.0,43377.0
2025-07-18_18:17:45,3358.0,12476.0,46189.0,12192.0,16108.0,43377.0
2025-07-18_18:17:46,9664.0,12476.0,46189.0,13969.0,16108.0,43377.0
2025-07-18_18:17:46,9644.0,12476.0,46189.0,14290.0,16108.0,43377.0
2025-07-18_18:17:46,9923.0,12476.0,46189.0,14109.0,16108.0,43377.0
2025-07-18_18:17:46,9938.0,12476.0,46189.0,14474.0,16108.0,43377.0
2025-07-18_18:17:46,,,,14255.0,16108.0,43377.0
2025-07-18_18:17:50,3358.0,12476.0,46189.0,12184.0,16108.0,43377.0
2025-07-18_18:17:50,,,,,,
2025-07-18_18:17:54,6967.0,12476.0,46189.0,3792.0,16108.0,43377.0
2025-07-18_18:17:54,,,,,,
2025-07-18_18:17:58,6963.0,12476.0,46189.0,3793.0,16108.0,43377.0
2025-07-18_18:17:58,9669.0,12476.0,46189.0,13956.0,16108.0,43377.0
2025-07-18_18:17:59,9722.0,12476.0,46189.0,14263.0,16108.0,43377.0
2025-07-18_18:17:59,9794.0,12476.0,46189.0,14219.0,16108.0,43377.0
2025-07-18_18:17:59,9445.0,12476.0,46189.0,14141.0,16108.0,43377.0
2025-07-18_18:17:59,,,,,,
2025-07-18_18:18:04,2778.0,12476.0,46189.0,3776.0,16108.0,43377.0
2025-07-18_18:18:04,9840.0,12476.0,46189.0,14267.0,16108.0,43377.0
2025-07-18_18:18:04,9612.0,12476.0,46189.0,14020.0,16108.0,43377.0
2025-07-18_18:18:04,9809.0,12476.0,46189.0,14308.0,16108.0,43377.0
2025-07-18_18:18:05,9669.0,12476.0,46189.0,14165.0,16108.0,43377.0
2025-07-18_18:18:05,9906.0,12476.0,46189.0,14137.0,16108.0,43377.0
2025-07-18_18:18:05,10083.0,12476.0,46189.0,14387.0,16108.0,43377.0
2025-07-18_18:18:05,9797.0,12476.0,46189.0,14208.0,16108.0,43377.0
2025-07-18_18:18:06,,,,,,
2025-07-18_18:18:10,2778.0,12476.0,46189.0,3776.0,16108.0,43377.0
2025-07-18_18:18:10,,,,,,
2025-07-18_18:18:14,6967.0,12476.0,46189.0,3792.0,16108.0,43377.0
2025-07-18_18:18:14,9662.0,12476.0,46189.0,14296.0,16108.0,43377.0
2025-07-18_18:18:15,9873.0,12476.0,46189.0,14080.0,16108.0,43377.0
2025-07-18_18:18:15,,,,13661.0,16108.0,43377.0
2025-07-18_18:18:18,3302.0,12476.0,46189.0,12198.0,16108.0,43377.0
2025-07-18_18:18:19,9672.0,12476.0,46189.0,13976.0,16108.0,43377.0
2025-07-18_18:18:19,9687.0,12476.0,46189.0,14199.0,16108.0,43377.0
2025-07-18_18:18:19,9658.0,12476.0,46189.0,14285.0,16108.0,43377.0
2025-07-18_18:18:19,9879.0,12476.0,46189.0,14123.0,16108.0,43377.0
2025-07-18_18:18:20,10135.0,12476.0,46189.0,14366.0,16108.0,43377.0
2025-07-18_18:18:20,,,,13872.0,16108.0,43377.0
2025-07-18_18:18:24,3375.0,12476.0,46189.0,12196.0,16108.0,43377.0
2025-07-18_18:18:24,9954.0,12476.0,46189.0,14608.0,16108.0,43377.0
2025-07-18_18:18:24,,,,14033.0,16108.0,43377.0
2025-07-18_18:18:28,3302.0,12476.0,46189.0,12161.0,16108.0,43377.0
2025-07-18_18:18:28,8532.0,12476.0,46189.0,13648.0,16108.0,43377.0
2025-07-18_18:18:28,9741.0,12476.0,46189.0,14234.0,16108.0,43377.0
2025-07-18_18:18:28,9181.0,12476.0,46189.0,13979.0,16108.0,43377.0
2025-07-18_18:18:29,9980.0,12476.0,46189.0,14113.0,16108.0,43377.0
2025-07-18_18:18:29,10293.0,12476.0,46189.0,14496.0,16108.0,43377.0
2025-07-18_18:18:29,9756.0,12476.0,46189.0,14261.0,16108.0,43377.0
2025-07-18_18:18:29,9814.0,12476.0,46189.0,14036.0,16108.0,43377.0
2025-07-18_18:18:29,,,,,,
2025-07-18_18:18:33,6961.0,12476.0,46189.0,3793.0,16108.0,43377.0
2025-07-18_18:18:33,9610.0,12476.0,46189.0,14186.0,16108.0,43377.0
2025-07-18_18:18:34,9850.0,12476.0,46189.0,14046.0,16108.0,43377.0
2025-07-18_18:18:34,9771.0,12476.0,46189.0,14366.0,16108.0,43377.0
2025-07-18_18:18:34,8671.0,12476.0,46189.0,14395.0,16108.0,43377.0
2025-07-18_18:18:34,9738.0,12476.0,46189.0,14211.0,16108.0,43377.0
2025-07-18_18:18:35,9601.0,12476.0,46189.0,13773.0,16108.0,43377.0
2025-07-18_18:18:35,9667.0,12476.0,46189.0,13796.0,16108.0,43377.0
2025-07-18_18:18:35,,,,13789.0,16108.0,43377.0
2025-07-18_18:18:39,3360.0,12476.0,46189.0,12175.0,16108.0,43377.0
2025-07-18_18:18:39,,,,14025.0,16108.0,43377.0
2025-07-18_18:18:43,,,,,,
2025-07-18_18:18:47,6960.0,12476.0,46189.0,3792.0,16108.0,43377.0
2025-07-18_18:18:47,9809.0,12476.0,46189.0,14170.0,16108.0,43377.0
2025-07-18_18:18:47,9671.0,12476.0,46189.0,13974.0,16108.0,43377.0
2025-07-18_18:18:47,8535.0,12476.0,46189.0,14114.0,16108.0,43377.0
2025-07-18_18:18:47,9941.0,12476.0,46189.0,14331.0,16108.0,43377.0
2025-07-18_18:18:48,10192.0,12476.0,46189.0,14620.0,16108.0,43377.0
2025-07-18_18:18:48,,,,14128.0,16108.0,43401.0
2025-07-18_18:18:52,2778.0,12476.0,46189.0,12189.0,16108.0,43401.0
2025-07-18_18:18:52,9647.0,12476.0,46189.0,13979.0,16108.0,43401.0
2025-07-18_18:18:52,,,,,,
2025-07-18_18:18:56,6971.0,12476.0,46189.0,3786.0,16108.0,43401.0
2025-07-18_18:18:56,,,,13988.0,16108.0,43401.0
2025-07-18_18:19:00,3375.0,12476.0,46189.0,12169.0,16108.0,43401.0
2025-07-18_18:19:00,8006.0,12476.0,46189.0,13050.0,16108.0,43401.0
2025-07-18_18:19:00,9644.0,12476.0,46189.0,14135.0,16108.0,43401.0
2025-07-18_18:19:01,9678.0,12476.0,46189.0,14049.0,16108.0,43401.0
2025-07-18_18:19:01,,,,13847.0,16108.0,43401.0
2025-07-18_18:19:05,2778.0,12476.0,46189.0,12169.0,16108.0,43401.0
2025-07-18_18:19:05,9544.0,12476.0,46189.0,14131.0,16108.0,43401.0
2025-07-18_18:19:05,,,,,,
2025-07-18_18:19:10,2778.0,12476.0,46189.0,3776.0,16108.0,43401.0
2025-07-18_18:19:10,,,,,,
2025-07-18_18:19:14,6959.0,12476.0,46189.0,3792.0,16108.0,43401.0
2025-07-18_18:19:14,8556.0,12476.0,46189.0,13935.0,16108.0,43401.0
2025-07-18_18:19:14,,,,13792.0,16108.0,43401.0
2025-07-18_18:19:18,3375.0,12476.0,46189.0,12195.0,16108.0,43401.0
2025-07-18_18:19:18,10291.0,12476.0,46189.0,14499.0,16108.0,43401.0
2025-07-18_18:19:18,9687.0,12476.0,46189.0,14181.0,16108.0,43401.0
2025-07-18_18:19:18,,,,,,
2025-07-18_18:19:22,,,,3793.0,16108.0,43401.0
2025-07-18_18:19:26,2778.0,12476.0,46189.0,12185.0,16108.0,43401.0
2025-07-18_18:19:26,10289.0,12476.0,46189.0,14371.0,16108.0,43401.0
2025-07-18_18:19:26,9951.0,12476.0,46189.0,14230.0,16108.0,43401.0
2025-07-18_18:19:27,9655.0,12476.0,46189.0,14310.0,16108.0,43401.0
2025-07-18_18:19:27,9607.0,12476.0,46189.0,14064.0,16108.0,43401.0
2025-07-18_18:19:27,,,,13976.0,16108.0,43401.0
2025-07-18_18:19:31,3375.0,12476.0,46189.0,12186.0,16108.0,43401.0
2025-07-18_18:19:31,9651.0,12476.0,46189.0,14158.0,16108.0,43401.0
2025-07-18_18:19:31,9537.0,12476.0,46189.0,14325.0,16108.0,43401.0
2025-07-18_18:19:32,9666.0,12476.0,46189.0,13965.0,16108.0,43401.0
2025-07-18_18:19:32,10039.0,12476.0,46189.0,14311.0,16108.0,43401.0
2025-07-18_18:19:32,,,,14105.0,16108.0,43401.0
2025-07-18_18:19:36,3375.0,12476.0,46189.0,12183.0,16108.0,43401.0
2025-07-18_18:19:36,9341.0,12476.0,46189.0,14180.0,16108.0,43401.0
2025-07-18_18:19:36,9678.0,12476.0,46189.0,14176.0,16108.0,43401.0
2025-07-18_18:19:36,9675.0,12476.0,46189.0,13742.0,16108.0,43401.0
2025-07-18_18:19:37,10209.0,12476.0,46189.0,14543.0,16108.0,43401.0
2025-07-18_18:19:37,,,,,,
2025-07-18_18:19:41,6970.0,12476.0,46189.0,3787.0,16108.0,43401.0
2025-07-18_18:19:41,9488.0,12476.0,46189.0,14131.0,16108.0,43401.0
2025-07-18_18:19:41,9667.0,12476.0,46189.0,14173.0,16108.0,43401.0
2025-07-18_18:19:41,,,,,,
2025-07-18_18:19:45,6967.0,12476.0,46189.0,3793.0,16108.0,43401.0
2025-07-18_18:19:45,9799.0,12476.0,46189.0,14062.0,16108.0,43401.0
2025-07-18_18:19:45,9909.0,12476.0,46189.0,14215.0,16108.0,43401.0
2025-07-18_18:19:46,9683.0,12476.0,46189.0,13994.0,16108.0,43401.0
2025-07-18_18:19:46,9678.0,12476.0,46189.0,13984.0,16108.0,43401.0
2025-07-18_18:19:46,9676.0,12476.0,46189.0,14282.0,16108.0,43401.0
2025-07-18_18:19:46,9645.0,12476.0,46189.0,14190.0,16108.0,43401.0
2025-07-18_18:19:47,9692.0,12476.0,46189.0,14274.0,16108.0,43401.0
2025-07-18_18:19:47,9673.0,12476.0,46189.0,13962.0,16108.0,43401.0
2025-07-18_18:19:47,9610.0,12476.0,46189.0,14000.0,16108.0,43401.0
2025-07-18_18:19:47,9857.0,12476.0,46189.0,14304.0,16108.0,43401.0
2025-07-18_18:19:48,9673.0,12476.0,46189.0,13799.0,16108.0,43401.0
2025-07-18_18:19:48,9703.0,12476.0,46189.0,14163.0,16108.0,43401.0
2025-07-18_18:19:48,,,,14291.0,16108.0,43401.0
2025-07-18_18:19:52,3358.0,12476.0,46189.0,12183.0,16108.0,43401.0
2025-07-18_18:19:52,,,,,,
2025-07-18_18:19:56,6969.0,12476.0,46189.0,3792.0,16108.0,43401.0
2025-07-18_18:19:56,10203.0,12476.0,46189.0,14466.0,16108.0,43401.0
2025-07-18_18:19:56,,,,,,
2025-07-18_18:20:00,6969.0,12476.0,46189.0,3792.0,16108.0,43401.0
2025-07-18_18:20:00,9915.0,12476.0,46189.0,14315.0,16108.0,43401.0
2025-07-18_18:20:01,9594.0,12476.0,46189.0,14189.0,16108.0,43401.0
2025-07-18_18:20:01,9987.0,12476.0,46189.0,14306.0,16108.0,43401.0
2025-07-18_18:20:01,9645.0,12476.0,46189.0,14096.0,16108.0,43401.0
2025-07-18_18:20:01,,,,,,
2025-07-18_18:20:05,6964.0,12476.0,46189.0,3792.0,16108.0,43401.0
2025-07-18_18:20:05,,,,14063.0,16108.0,43401.0
2025-07-18_18:20:09,3319.0,12476.0,46189.0,12169.0,16108.0,43401.0
2025-07-18_18:20:09,9703.0,12476.0,46189.0,14293.0,16108.0,43401.0
2025-07-18_18:20:09,9860.0,12476.0,46189.0,14134.0,16108.0,43401.0
2025-07-18_18:20:10,10208.0,12476.0,46189.0,14588.0,16108.0,43401.0
2025-07-18_18:20:10,9607.0,12476.0,46189.0,14018.0,16108.0,43401.0
2025-07-18_18:20:10,9573.0,12476.0,46189.0,14007.0,16108.0,43401.0
2025-07-18_18:20:10,10159.0,12476.0,46189.0,14480.0,16108.0,43401.0
2025-07-18_18:20:10,9299.0,12476.0,46189.0,13982.0,16108.0,43401.0
2025-07-18_18:20:11,,,,,,
2025-07-18_18:20:15,2778.0,12476.0,46189.0,3776.0,16108.0,43401.0
2025-07-18_18:20:15,,,,,,
2025-07-18_18:20:19,6966.0,12476.0,46189.0,3792.0,16108.0,43401.0
2025-07-18_18:20:19,8648.0,12476.0,46189.0,14154.0,16108.0,43401.0
2025-07-18_18:20:20,,,,13331.0,16108.0,43401.0
2025-07-18_18:20:24,2778.0,12476.0,46189.0,12192.0,16108.0,43401.0
2025-07-18_18:20:24,10039.0,12476.0,46189.0,14292.0,16108.0,43401.0
2025-07-18_18:20:24,,,,,,
2025-07-18_18:20:28,6968.0,12476.0,46189.0,3792.0,16108.0,43401.0
2025-07-18_18:20:28,9662.0,12476.0,46189.0,14294.0,16108.0,43401.0
2025-07-18_18:20:28,9680.0,12476.0,46189.0,14177.0,16108.0,43401.0
2025-07-18_18:20:28,9662.0,12476.0,46189.0,13982.0,16108.0,43401.0
2025-07-18_18:20:29,,,,,,
2025-07-18_18:20:32,6969.0,12476.0,46189.0,3792.0,16108.0,43401.0
2025-07-18_18:20:33,9419.0,12476.0,46189.0,13951.0,16108.0,43401.0
2025-07-18_18:20:33,9839.0,12476.0,46189.0,14220.0,16108.0,43401.0
2025-07-18_18:20:33,8551.0,12476.0,46189.0,13942.0,16108.0,43401.0
2025-07-18_18:20:33,9671.0,12476.0,46189.0,14171.0,16108.0,43401.0
2025-07-18_18:20:34,9672.0,12476.0,46189.0,13980.0,16108.0,43401.0
2025-07-18_18:20:34,9401.0,12476.0,46189.0,14218.0,16108.0,43401.0
2025-07-18_18:20:34,,,,13798.0,16108.0,43401.0
2025-07-18_18:20:38,3375.0,12476.0,46189.0,12160.0,16108.0,43401.0
2025-07-18_18:20:38,10232.0,12476.0,46189.0,14406.0,16108.0,43401.0
2025-07-18_18:20:38,9681.0,12476.0,46189.0,14185.0,16108.0,43401.0
2025-07-18_18:20:39,9673.0,12476.0,46189.0,14170.0,16108.0,43401.0
2025-07-18_18:20:39,9669.0,12476.0,46189.0,14170.0,16108.0,43401.0
2025-07-18_18:20:39,9884.0,12476.0,46208.0,14071.0,16108.0,43401.0
2025-07-18_18:20:39,9765.0,12476.0,46208.0,14023.0,16108.0,43401.0
2025-07-18_18:20:39,9443.0,12476.0,46208.0,14126.0,16108.0,43401.0
2025-07-18_18:20:40,,,,13937.0,16108.0,43401.0
2025-07-18_18:20:43,3302.0,12476.0,46208.0,12149.0,16108.0,43401.0
2025-07-18_18:20:44,,,,,,
2025-07-18_18:20:48,2778.0,12476.0,46208.0,3776.0,16108.0,43401.0
2025-07-18_18:20:48,,,,14048.0,16108.0,43401.0
2025-07-18_18:20:52,3375.0,12476.0,46208.0,12183.0,16108.0,43401.0
2025-07-18_18:20:52,9677.0,12476.0,46208.0,13978.0,16108.0,43401.0
2025-07-18_18:20:53,,,,,,
2025-07-18_18:20:57,2778.0,12476.0,46208.0,3776.0,16108.0,43401.0
2025-07-18_18:20:57,,,,13987.0,16108.0,43401.0
2025-07-18_18:21:01,3358.0,12476.0,46208.0,12207.0,16108.0,43401.0
2025-07-18_18:21:01,10177.0,12476.0,46208.0,14629.0,16108.0,43401.0
2025-07-18_18:21:01,9679.0,12476.0,46208.0,13972.0,16108.0,43401.0
2025-07-18_18:21:02,9680.0,12476.0,46208.0,13988.0,16108.0,43401.0
2025-07-18_18:21:02,,,,,,
2025-07-18_18:21:06,6970.0,12476.0,46208.0,3792.0,16108.0,43401.0
2025-07-18_18:21:06,,,,,,
2025-07-18_18:21:10,6964.0,12476.0,46208.0,3793.0,16108.0,43401.0
2025-07-18_18:21:10,8536.0,12476.0,46208.0,13940.0,16108.0,43401.0
2025-07-18_18:21:10,9684.0,12476.0,46208.0,14180.0,16108.0,43401.0
2025-07-18_18:21:10,9683.0,12476.0,46208.0,13790.0,16108.0,43401.0
2025-07-18_18:21:11,9891.0,12476.0,46208.0,14083.0,16108.0,43401.0
2025-07-18_18:21:11,,,,,,
2025-07-18_18:21:15,6968.0,12476.0,46208.0,3793.0,16108.0,43401.0
2025-07-18_18:21:15,,,,14032.0,16108.0,43401.0
2025-07-18_18:21:19,2778.0,12476.0,46208.0,12162.0,16108.0,43401.0
2025-07-18_18:21:19,,,,13786.0,16108.0,43401.0
2025-07-18_18:21:23,3358.0,12476.0,46208.0,12191.0,16108.0,43401.0
2025-07-18_18:21:23,9680.0,12476.0,46208.0,14210.0,16108.0,43401.0
2025-07-18_18:21:23,,,,13979.0,16108.0,43401.0
2025-07-18_18:21:27,3375.0,12476.0,46208.0,12186.0,16108.0,43401.0
2025-07-18_18:21:27,,,,14015.0,16108.0,43401.0
2025-07-18_18:21:31,3321.0,12476.0,46208.0,12191.0,16108.0,43401.0
2025-07-18_18:21:31,9680.0,12476.0,46208.0,14176.0,16108.0,43401.0
2025-07-18_18:21:31,9674.0,12476.0,46208.0,13745.0,16108.0,43401.0
2025-07-18_18:21:31,9730.0,12476.0,46208.0,14034.0,16108.0,43401.0
2025-07-18_18:21:32,,,,,,
2025-07-18_18:21:35,6973.0,12476.0,46208.0,3793.0,16108.0,43401.0
2025-07-18_18:21:36,,,,14178.0,16108.0,43401.0
2025-07-18_18:21:40,2778.0,12476.0,46208.0,12195.0,16108.0,43401.0
2025-07-18_18:21:40,,,,13096.0,16108.0,43401.0
2025-07-18_18:21:44,2778.0,12476.0,46208.0,12195.0,16108.0,43401.0
2025-07-18_18:21:44,9676.0,12476.0,46208.0,13971.0,16108.0,43401.0
2025-07-18_18:21:44,,,,14226.0,16108.0,43401.0
2025-07-18_18:21:48,3358.0,12476.0,46208.0,12192.0,16108.0,43401.0
2025-07-18_18:21:48,9805.0,12476.0,46208.0,14399.0,16108.0,43401.0
2025-07-18_18:21:48,9537.0,12476.0,46208.0,13931.0,16108.0,43401.0
2025-07-18_18:21:48,8643.0,12476.0,46208.0,14220.0,16108.0,43401.0
2025-07-18_18:21:49,9669.0,12476.0,46208.0,14166.0,16108.0,43401.0
2025-07-18_18:21:49,9676.0,12476.0,46208.0,13964.0,16108.0,43401.0
2025-07-18_18:21:49,,,,14171.0,16108.0,43401.0
2025-07-18_18:21:53,2780.0,12476.0,46208.0,12152.0,16108.0,43401.0
2025-07-18_18:21:53,,,,14461.0,16108.0,43401.0
2025-07-18_18:21:57,2778.0,12476.0,46208.0,12195.0,16108.0,43401.0
2025-07-18_18:21:57,,,,,,
2025-07-18_18:22:02,2778.0,12476.0,46208.0,3776.0,16108.0,43401.0
2025-07-18_18:22:02,,,,,,
2025-07-18_18:22:06,6976.0,12476.0,46208.0,3792.0,16108.0,43401.0
2025-07-18_18:22:07,,,,,,
2025-07-18_18:22:11,6968.0,12476.0,46208.0,3793.0,16108.0,43401.0
2025-07-18_18:22:11,9666.0,12476.0,46208.0,13977.0,16108.0,43401.0
2025-07-18_18:22:11,9863.0,12476.0,46208.0,14117.0,16108.0,43401.0
2025-07-18_18:22:11,,,,12874.0,16108.0,43401.0
2025-07-18_18:22:15,2778.0,12476.0,46208.0,12195.0,16108.0,43401.0
2025-07-18_18:22:15,10188.0,12476.0,46208.0,14625.0,16108.0,43401.0
2025-07-18_18:22:16,10332.0,12476.0,46208.0,14473.0,16108.0,43402.0
2025-07-18_18:22:16,,,,14185.0,16108.0,43402.0
2025-07-18_18:22:20,3319.0,12476.0,46208.0,12193.0,16108.0,43402.0
2025-07-18_18:22:20,9815.0,12476.0,46208.0,14228.0,16108.0,43402.0
2025-07-18_18:22:20,9686.0,12476.0,46208.0,14297.0,16108.0,43402.0
2025-07-18_18:22:20,9672.0,12476.0,46208.0,13969.0,16108.0,43402.0
2025-07-18_18:22:21,,,,14031.0,16108.0,43402.0
2025-07-18_18:22:24,3375.0,12476.0,46208.0,12198.0,16108.0,43402.0
2025-07-18_18:22:24,9796.0,12476.0,46208.0,14227.0,16108.0,43402.0
2025-07-18_18:22:25,10226.0,12476.0,46208.0,14331.0,16108.0,43402.0
2025-07-18_18:22:25,9544.0,12476.0,46208.0,13983.0,16108.0,43402.0
2025-07-18_18:22:25,10059.0,12476.0,46208.0,14362.0,16108.0,43402.0
2025-07-18_18:22:25,9657.0,12476.0,46208.0,14138.0,16108.0,43402.0
2025-07-18_18:22:26,9635.0,12476.0,46208.0,14136.0,16108.0,43402.0
2025-07-18_18:22:26,,,,14134.0,16108.0,43402.0
2025-07-18_18:22:29,,,,,,
2025-07-18_18:22:33,6973.0,12476.0,46208.0,3793.0,16108.0,43402.0
2025-07-18_18:22:34,9934.0,12477.0,46210.0,14369.0,16108.0,43402.0
2025-07-18_18:22:34,9680.0,12477.0,46210.0,14170.0,16108.0,43402.0
2025-07-18_18:22:34,9671.0,12477.0,46210.0,13984.0,16108.0,43402.0
2025-07-18_18:22:34,9837.0,12477.0,46210.0,14038.0,16108.0,43402.0
2025-07-18_18:22:34,,,,14407.0,16108.0,43402.0
2025-07-18_18:22:38,2778.0,12477.0,46210.0,12189.0,16108.0,43402.0
2025-07-18_18:22:39,,,,14299.0,16108.0,43402.0
2025-07-18_18:22:42,3358.0,12477.0,46210.0,12192.0,16108.0,43402.0
2025-07-18_18:22:42,9686.0,12477.0,46210.0,13978.0,16108.0,43402.0
2025-07-18_18:22:43,8749.0,12477.0,46210.0,14233.0,16108.0,43402.0
2025-07-18_18:22:43,,,,,,
2025-07-18_18:22:47,2778.0,12477.0,46210.0,3776.0,16108.0,43402.0
2025-07-18_18:22:48,,,,13932.0,16108.0,43402.0
2025-07-18_18:22:51,3319.0,12477.0,46210.0,12197.0,16108.0,43402.0
2025-07-18_18:22:52,9798.0,12477.0,46210.0,14240.0,16108.0,43402.0
2025-07-18_18:22:52,9696.0,12477.0,46210.0,13733.0,16108.0,43402.0
2025-07-18_18:22:52,10141.0,12477.0,46210.0,14554.0,16108.0,43402.0
2025-07-18_18:22:52,9670.0,12477.0,46210.0,13976.0,16108.0,43402.0
2025-07-18_18:22:52,10321.0,12477.0,46210.0,14509.0,16108.0,43402.0
2025-07-18_18:22:53,,,,13933.0,16108.0,43402.0
2025-07-18_18:22:56,3319.0,12477.0,46210.0,12188.0,16108.0,43402.0
2025-07-18_18:22:57,10179.0,12477.0,46210.0,14393.0,16108.0,43402.0
2025-07-18_18:22:57,9689.0,12477.0,46210.0,14010.0,16108.0,43402.0
2025-07-18_18:22:57,9678.0,12477.0,46210.0,14352.0,16108.0,43402.0
2025-07-18_18:22:57,10050.0,12477.0,46210.0,14199.0,16108.0,43402.0
2025-07-18_18:22:57,9818.0,12477.0,46210.0,14247.0,16108.0,43402.0
2025-07-18_18:22:58,9631.0,12477.0,46210.0,14580.0,16108.0,43402.0
2025-07-18_18:22:58,9590.0,12477.0,46210.0,13991.0,16108.0,43402.0
2025-07-18_18:22:58,8548.0,12477.0,46210.0,13746.0,16108.0,43402.0
2025-07-18_18:22:58,,,,13981.0,16108.0,43402.0
2025-07-18_18:23:02,3375.0,12477.0,46210.0,12190.0,16108.0,43402.0
2025-07-18_18:23:02,,,,,,
2025-07-18_18:23:07,3356.0,12477.0,46210.0,4595.0,16108.0,43402.0
2025-07-18_18:23:07,9855.0,12477.0,46210.0,14038.0,16108.0,43402.0
2025-07-18_18:23:07,9732.0,12477.0,46210.0,13892.0,16108.0,43402.0
2025-07-18_18:23:07,9557.0,12477.0,46210.0,14501.0,16108.0,43402.0
2025-07-18_18:23:07,9889.0,12477.0,46210.0,13956.0,16108.0,43402.0
2025-07-18_18:23:08,,,,,,
2025-07-18_18:23:12,6954.0,12477.0,46210.0,3794.0,16108.0,43402.0
2025-07-18_18:23:12,9810.0,12477.0,46210.0,14132.0,16108.0,43402.0
2025-07-18_18:23:12,,,,13778.0,16108.0,43402.0
2025-07-18_18:23:16,3358.0,12477.0,46210.0,12197.0,16108.0,43402.0
2025-07-18_18:23:16,9678.0,12477.0,46210.0,14203.0,16108.0,43402.0
2025-07-18_18:23:16,10024.0,12477.0,46210.0,14185.0,16108.0,43402.0
2025-07-18_18:23:16,,,,13797.0,16108.0,43402.0
2025-07-18_18:23:20,,,,,,
2025-07-18_18:23:24,6962.0,12477.0,46210.0,3793.0,16108.0,43402.0
2025-07-18_18:23:24,9840.0,12477.0,46210.0,14091.0,16108.0,43402.0
2025-07-18_18:23:24,,,,13984.0,16108.0,43402.0
2025-07-18_18:23:28,3390.0,12477.0,46210.0,12184.0,16108.0,43402.0
2025-07-18_18:23:28,9668.0,12477.0,46210.0,13970.0,16108.0,43402.0
2025-07-18_18:23:28,9765.0,12477.0,46210.0,14144.0,16108.0,43402.0
2025-07-18_18:23:29,,,,,,
2025-07-18_18:23:33,2778.0,12477.0,46210.0,3776.0,16108.0,43402.0
2025-07-18_18:23:33,10073.0,12477.0,46210.0,14268.0,16108.0,43402.0
2025-07-18_18:23:34,9248.0,12477.0,46210.0,13806.0,16108.0,43402.0
2025-07-18_18:23:34,9198.0,12477.0,46210.0,13825.0,16108.0,43402.0
2025-07-18_18:23:34,9680.0,12477.0,46210.0,14200.0,16108.0,43402.0
2025-07-18_18:23:34,,,,13253.0,16108.0,43402.0
2025-07-18_18:23:38,2778.0,12477.0,46210.0,12192.0,16108.0,43402.0
2025-07-18_18:23:38,9674.0,12477.0,46210.0,13798.0,16108.0,43402.0
2025-07-18_18:23:38,9847.0,12477.0,46210.0,14115.0,16108.0,43402.0
2025-07-18_18:23:39,9675.0,12477.0,46210.0,14170.0,16108.0,43402.0
2025-07-18_18:23:39,9600.0,12477.0,46210.0,14102.0,16108.0,43402.0
2025-07-18_18:23:39,9668.0,12477.0,46210.0,13969.0,16108.0,43402.0
2025-07-18_18:23:39,10162.0,12477.0,46210.0,14345.0,16108.0,43402.0
2025-07-18_18:23:40,10067.0,12477.0,46210.0,14514.0,16108.0,43402.0
2025-07-18_18:23:40,9679.0,12477.0,46210.0,14166.0,16108.0,43402.0
2025-07-18_18:23:40,9657.0,12477.0,46210.0,14123.0,16108.0,43402.0
2025-07-18_18:23:40,8726.0,12477.0,46210.0,14230.0,16108.0,43402.0
2025-07-18_18:23:40,,,,13893.0,16108.0,43405.0
2025-07-18_18:23:44,2778.0,12477.0,46210.0,12170.0,16108.0,43405.0
2025-07-18_18:23:45,9650.0,12477.0,46210.0,14277.0,16108.0,43405.0
2025-07-18_18:23:45,9735.0,12477.0,46210.0,14164.0,16108.0,43405.0
2025-07-18_18:23:45,,,,,,
2025-07-18_18:23:49,6964.0,12477.0,46210.0,3793.0,16108.0,43405.0
2025-07-18_18:23:49,,,,13894.0,16108.0,43405.0
2025-07-18_18:23:53,2778.0,12477.0,46210.0,12193.0,16108.0,43405.0
2025-07-18_18:23:53,9674.0,12477.0,46210.0,14161.0,16108.0,43405.0
2025-07-18_18:23:53,10084.0,12477.0,46210.0,14348.0,16108.0,43405.0
2025-07-18_18:23:54,9670.0,12477.0,46210.0,14168.0,16108.0,43405.0
2025-07-18_18:23:54,9655.0,12477.0,46210.0,14105.0,16108.0,43405.0
2025-07-18_18:23:54,9683.0,12477.0,46210.0,14359.0,16108.0,43405.0
2025-07-18_18:23:54,9658.0,12477.0,46210.0,14134.0,16108.0,43405.0
2025-07-18_18:23:54,9800.0,12477.0,46210.0,14239.0,16108.0,43405.0
2025-07-18_18:23:55,8953.0,12477.0,46210.0,14380.0,16108.0,43405.0
2025-07-18_18:23:55,,,,13777.0,16108.0,43405.0
2025-07-18_18:23:59,3358.0,12477.0,46210.0,12198.0,16108.0,43405.0
2025-07-18_18:23:59,9550.0,12477.0,46210.0,13860.0,16108.0,43405.0
2025-07-18_18:23:59,9674.0,12477.0,46210.0,13971.0,16108.0,43405.0
2025-07-18_18:23:59,9626.0,12477.0,46210.0,13928.0,16108.0,43405.0
2025-07-18_18:23:59,9677.0,12477.0,46210.0,14171.0,16108.0,43405.0
2025-07-18_18:24:00,9673.0,12477.0,46210.0,14158.0,16108.0,43405.0
2025-07-18_18:24:00,9868.0,12477.0,46210.0,14230.0,16108.0,43405.0
2025-07-18_18:24:00,9827.0,12477.0,46210.0,14262.0,16108.0,43405.0
2025-07-18_18:24:00,8970.0,12477.0,46210.0,14118.0,16108.0,43405.0
2025-07-18_18:24:01,,,,,,
2025-07-18_18:24:04,6966.0,12477.0,46210.0,3792.0,16108.0,43405.0
2025-07-18_18:24:05,9676.0,12477.0,46210.0,14176.0,16108.0,43405.0
2025-07-18_18:24:05,9786.0,12477.0,46210.0,14249.0,16108.0,43405.0
2025-07-18_18:24:05,9843.0,12477.0,46210.0,14056.0,16108.0,43405.0
2025-07-18_18:24:05,,,,13285.0,16108.0,43405.0
2025-07-18_18:24:09,2778.0,12477.0,46210.0,12188.0,16108.0,43405.0
2025-07-18_18:24:10,2778.0,12477.0,46210.0,12979.0,16108.0,43409.0
2025-07-18_18:24:10,9844.0,12477.0,46210.0,14044.0,16108.0,43409.0
2025-07-18_18:24:10,9589.0,12477.0,46210.0,13979.0,16108.0,43409.0
2025-07-18_18:24:11,9710.0,12477.0,46210.0,14049.0,16108.0,43409.0
2025-07-18_18:24:11,9670.0,12477.0,46210.0,13970.0,16108.0,43409.0
2025-07-18_18:24:11,9876.0,12477.0,46210.0,14039.0,16108.0,43409.0
2025-07-18_18:24:11,9919.0,12477.0,46210.0,14341.0,16108.0,43409.0
2025-07-18_18:24:12,10190.0,12477.0,46210.0,14580.0,16108.0,43409.0
2025-07-18_18:24:12,9677.0,12477.0,46210.0,13790.0,16108.0,43409.0
2025-07-18_18:24:12,,,,,,
2025-07-18_18:24:16,6966.0,12477.0,46210.0,3792.0,16108.0,43409.0
2025-07-18_18:24:16,9796.0,12477.0,46210.0,14314.0,16108.0,43409.0
2025-07-18_18:24:16,9669.0,12477.0,46210.0,14190.0,16108.0,43410.0
2025-07-18_18:24:17,,,,,,
2025-07-18_18:24:20,6967.0,12477.0,46210.0,3793.0,16108.0,43410.0
2025-07-18_18:24:21,9670.0,12477.0,46210.0,14271.0,16108.0,43410.0
2025-07-18_18:24:21,9671.0,12477.0,46210.0,14010.0,16108.0,43410.0
2025-07-18_18:24:21,9671.0,12477.0,46210.0,13974.0,16108.0,43410.0
2025-07-18_18:24:21,9695.0,12477.0,46210.0,13984.0,16108.0,43410.0
2025-07-18_18:24:22,9711.0,12477.0,46210.0,14029.0,16108.0,43410.0
2025-07-18_18:24:22,,,,,,
2025-07-18_18:24:26,6962.0,12477.0,46210.0,3786.0,16108.0,43410.0
2025-07-18_18:24:26,9600.0,12477.0,46210.0,14018.0,16108.0,43410.0
2025-07-18_18:24:26,,,,,,
2025-07-18_18:24:30,2778.0,12477.0,46210.0,3776.0,16108.0,43410.0
2025-07-18_18:24:31,9683.0,12477.0,46210.0,14175.0,16108.0,43410.0
2025-07-18_18:24:31,9682.0,12477.0,46210.0,14012.0,16108.0,43410.0
2025-07-18_18:24:31,9527.0,12477.0,46210.0,14317.0,16108.0,43410.0
2025-07-18_18:24:31,9605.0,12477.0,46210.0,14200.0,16108.0,43410.0
2025-07-18_18:24:32,9843.0,12477.0,46210.0,14048.0,16108.0,43410.0
2025-07-18_18:24:32,9665.0,12477.0,46210.0,14101.0,16108.0,43410.0
2025-07-18_18:24:32,,,,13829.0,16108.0,43410.0
2025-07-18_18:24:36,2778.0,12477.0,46210.0,12161.0,16108.0,43410.0
2025-07-18_18:24:36,,,,,,
2025-07-18_18:24:40,6964.0,12477.0,46210.0,3793.0,16108.0,43410.0
2025-07-18_18:24:40,,,,14519.0,16108.0,43410.0
2025-07-18_18:24:44,3375.0,12477.0,46210.0,12183.0,16108.0,43410.0
2025-07-18_18:24:44,9673.0,12477.0,46210.0,13967.0,16108.0,43410.0
2025-07-18_18:24:44,9670.0,12477.0,46210.0,13981.0,16108.0,43410.0
2025-07-18_18:24:44,9666.0,12477.0,46210.0,14095.0,16108.0,43410.0
2025-07-18_18:24:45,,,,13979.0,16108.0,43410.0
2025-07-18_18:24:48,3319.0,12477.0,46210.0,12193.0,16108.0,43410.0
2025-07-18_18:24:49,9670.0,12477.0,46210.0,13966.0,16108.0,43410.0
2025-07-18_18:24:49,9832.0,12477.0,46210.0,14231.0,16108.0,43410.0
2025-07-18_18:24:49,9779.0,12477.0,46210.0,14025.0,16108.0,43410.0
2025-07-18_18:24:49,10045.0,12477.0,46210.0,14333.0,16108.0,43410.0
2025-07-18_18:24:50,,,,,,
2025-07-18_18:24:53,,,,3792.0,16108.0,43410.0
2025-07-18_18:24:57,2780.0,12477.0,46210.0,12187.0,16108.0,43410.0
2025-07-18_18:24:57,9666.0,12477.0,46210.0,14103.0,16108.0,43410.0
2025-07-18_18:24:58,9713.0,12477.0,46211.0,14318.0,16108.0,43410.0
2025-07-18_18:24:58,9492.0,12477.0,46211.0,14112.0,16108.0,43410.0
2025-07-18_18:24:58,9844.0,12477.0,46211.0,14238.0,16108.0,43410.0
2025-07-18_18:24:58,9702.0,12477.0,46211.0,14109.0,16108.0,43410.0
2025-07-18_18:24:58,9670.0,12477.0,46211.0,14171.0,16108.0,43410.0
2025-07-18_18:24:59,9674.0,12477.0,46211.0,13971.0,16108.0,43410.0
2025-07-18_18:24:59,9038.0,12477.0,46211.0,13977.0,16108.0,43410.0
2025-07-18_18:24:59,9670.0,12477.0,46211.0,14175.0,16108.0,43410.0
2025-07-18_18:24:59,9672.0,12477.0,46211.0,13962.0,16108.0,43410.0
2025-07-18_18:25:00,9996.0,12477.0,46211.0,14347.0,16108.0,43410.0
2025-07-18_18:25:00,9815.0,12477.0,46211.0,14214.0,16108.0,43410.0
2025-07-18_18:25:00,9669.0,12477.0,46211.0,14170.0,16108.0,43410.0
2025-07-18_18:25:00,,,,13789.0,16108.0,43410.0
2025-07-18_18:25:04,3375.0,12477.0,46211.0,12183.0,16108.0,43410.0
2025-07-18_18:25:04,,,,14134.0,16108.0,43410.0
2025-07-18_18:25:08,3319.0,12477.0,46211.0,12170.0,16108.0,43410.0
2025-07-18_18:25:08,,,,,,
2025-07-18_18:25:12,6965.0,12477.0,46211.0,3793.0,16108.0,43410.0
2025-07-18_18:25:12,,,,,,
2025-07-18_18:25:17,2778.0,12477.0,46211.0,3776.0,16108.0,43410.0
2025-07-18_18:25:17,9903.0,12477.0,46211.0,14270.0,16108.0,43410.0
2025-07-18_18:25:17,9673.0,12477.0,46211.0,13982.0,16108.0,43410.0
2025-07-18_18:25:17,,,,14018.0,16108.0,43410.0
2025-07-18_18:25:21,3375.0,12477.0,46211.0,12155.0,16108.0,43410.0
2025-07-18_18:25:21,9672.0,12477.0,46211.0,13966.0,16108.0,43410.0
2025-07-18_18:25:21,9922.0,12477.0,46216.0,14147.0,16108.0,43410.0
2025-07-18_18:25:22,9596.0,12477.0,46216.0,14002.0,16108.0,43410.0
2025-07-18_18:25:22,9667.0,12477.0,46216.0,14140.0,16108.0,43410.0
2025-07-18_18:25:22,9681.0,12477.0,46216.0,13985.0,16108.0,43410.0
2025-07-18_18:25:22,9807.0,12477.0,46216.0,14242.0,16108.0,43410.0
2025-07-18_18:25:22,,,,,,
2025-07-18_18:25:26,6970.0,12477.0,46216.0,3793.0,16108.0,43410.0
2025-07-18_18:25:27,,,,,,
2025-07-18_18:25:30,6965.0,12477.0,46216.0,3792.0,16108.0,43410.0
2025-07-18_18:25:31,9676.0,12477.0,46216.0,13976.0,16108.0,43410.0
2025-07-18_18:25:31,10311.0,12477.0,46216.0,14575.0,16108.0,43410.0
2025-07-18_18:25:31,9838.0,12477.0,46216.0,14234.0,16108.0,43410.0
2025-07-18_18:25:31,10085.0,12477.0,46216.0,14391.0,16108.0,43410.0
2025-07-18_18:25:31,9673.0,12477.0,46216.0,13807.0,16108.0,43410.0
2025-07-18_18:25:32,10220.0,12477.0,46216.0,14333.0,16108.0,43410.0
2025-07-18_18:25:32,9682.0,12477.0,46216.0,13990.0,16108.0,43410.0
2025-07-18_18:25:32,,,,,,
2025-07-18_18:25:36,6968.0,12477.0,46216.0,3787.0,16108.0,43410.0
2025-07-18_18:25:36,9679.0,12477.0,46216.0,14177.0,16108.0,43410.0
2025-07-18_18:25:36,10182.0,12477.0,46216.0,14342.0,16108.0,43410.0
2025-07-18_18:25:37,10167.0,12477.0,46216.0,14645.0,16108.0,43410.0
2025-07-18_18:25:37,,,,,,
2025-07-18_18:25:41,6969.0,12477.0,46216.0,3792.0,16108.0,43410.0
2025-07-18_18:25:41,,,,,,
2025-07-18_18:25:45,2778.0,12477.0,46216.0,3776.0,16108.0,43410.0
2025-07-18_18:25:46,,,,,,
2025-07-18_18:25:49,6959.0,12477.0,46216.0,3792.0,16108.0,43410.0
2025-07-18_18:25:50,,,,,,
2025-07-18_18:25:53,6961.0,12477.0,46216.0,3792.0,16108.0,43410.0
2025-07-18_18:25:54,8393.0,12477.0,46216.0,14217.0,16108.0,43410.0
2025-07-18_18:25:54,9657.0,12477.0,46216.0,14097.0,16108.0,43410.0
2025-07-18_18:25:54,,,,13239.0,16108.0,43410.0
2025-07-18_18:25:58,2778.0,12477.0,46216.0,12185.0,16108.0,43410.0
2025-07-18_18:25:58,,,,14021.0,16108.0,43410.0
2025-07-18_18:26:02,,,,,,
2025-07-18_18:26:06,6968.0,12477.0,46216.0,3792.0,16108.0,43410.0
2025-07-18_18:26:06,9649.0,12477.0,46216.0,14284.0,16108.0,43410.0
2025-07-18_18:26:06,9792.0,12477.0,46216.0,14039.0,16108.0,43410.0
2025-07-18_18:26:06,10184.0,12477.0,46216.0,14369.0,16108.0,43410.0
2025-07-18_18:26:07,,,,,,
2025-07-18_18:26:10,6952.0,12477.0,46216.0,3786.0,16108.0,43410.0
2025-07-18_18:26:11,9682.0,12477.0,46216.0,14256.0,16108.0,43410.0
2025-07-18_18:26:11,9682.0,12477.0,46216.0,13981.0,16108.0,43410.0
2025-07-18_18:26:11,9670.0,12477.0,46216.0,14167.0,16108.0,43410.0
2025-07-18_18:26:11,9672.0,12477.0,46216.0,14174.0,16108.0,43410.0
2025-07-18_18:26:11,9669.0,12477.0,46216.0,13980.0,16108.0,43410.0
2025-07-18_18:26:12,9335.0,12477.0,46216.0,14051.0,16108.0,43410.0
2025-07-18_18:26:12,9459.0,12477.0,46216.0,14283.0,16108.0,43410.0
2025-07-18_18:26:12,10068.0,12477.0,46216.0,14513.0,16108.0,43410.0
2025-07-18_18:26:12,9686.0,12477.0,46216.0,14008.0,16108.0,43410.0
2025-07-18_18:26:13,9665.0,12477.0,46216.0,14360.0,16108.0,43410.0
2025-07-18_18:26:13,9801.0,12477.0,46216.0,14020.0,16108.0,43410.0
2025-07-18_18:26:13,9831.0,12477.0,46216.0,14039.0,16108.0,43410.0
2025-07-18_18:26:13,10128.0,12477.0,46216.0,14371.0,16108.0,43410.0
2025-07-18_18:26:13,9679.0,12477.0,46216.0,13997.0,16108.0,43410.0
2025-07-18_18:26:14,9824.0,12477.0,46216.0,14227.0,16108.0,43410.0
2025-07-18_18:26:14,9814.0,12477.0,46216.0,14068.0,16108.0,43410.0
2025-07-18_18:26:14,9868.0,12477.0,46216.0,14398.0,16108.0,43410.0
2025-07-18_18:26:15,2778.0,12477.0,46216.0,12793.0,16108.0,43410.0
2025-07-18_18:26:15,,,,,,
2025-07-18_18:26:20,2778.0,12477.0,46216.0,3776.0,16108.0,43410.0
2025-07-18_18:26:20,,,,13973.0,16108.0,43410.0
2025-07-18_18:26:24,3358.0,12477.0,46216.0,12192.0,16108.0,43410.0
2025-07-18_18:26:24,9674.0,12477.0,46216.0,14165.0,16108.0,43410.0
2025-07-18_18:26:24,9522.0,12477.0,46216.0,13981.0,16108.0,43410.0
2025-07-18_18:26:24,,,,,,
2025-07-18_18:26:28,6959.0,12477.0,46216.0,3793.0,16108.0,43410.0
2025-07-18_18:26:28,9115.0,12477.0,46216.0,14449.0,16108.0,43410.0
2025-07-18_18:26:28,,,,,,
2025-07-18_18:26:32,6968.0,12477.0,46216.0,3793.0,16108.0,43410.0
2025-07-18_18:26:33,9685.0,12477.0,46216.0,14024.0,16108.0,43410.0
2025-07-18_18:26:33,9680.0,12477.0,46216.0,13975.0,16108.0,43410.0
2025-07-18_18:26:33,,,,,,
2025-07-18_18:26:37,6965.0,12477.0,46216.0,3787.0,16108.0,43410.0
2025-07-18_18:26:37,9814.0,12477.0,46216.0,14503.0,16108.0,43410.0
2025-07-18_18:26:37,9665.0,12477.0,46216.0,13817.0,16108.0,43410.0
2025-07-18_18:26:38,9682.0,12477.0,46216.0,14175.0,16108.0,43410.0
2025-07-18_18:26:38,9878.0,12477.0,46216.0,14090.0,16108.0,43410.0
2025-07-18_18:26:38,9669.0,12477.0,46216.0,14166.0,16108.0,43410.0
2025-07-18_18:26:38,9674.0,12477.0,46216.0,14178.0,16108.0,43410.0
2025-07-18_18:26:39,9648.0,12477.0,46216.0,14167.0,16108.0,43410.0
2025-07-18_18:26:39,10161.0,12477.0,46216.0,14595.0,16108.0,43410.0
2025-07-18_18:26:39,,,,13981.0,16108.0,43410.0
2025-07-18_18:26:43,3358.0,12477.0,46216.0,12170.0,16108.0,43410.0
2025-07-18_18:26:43,,,,,,
2025-07-18_18:26:47,6963.0,12477.0,46216.0,3793.0,16108.0,43410.0
2025-07-18_18:26:47,9181.0,12477.0,46216.0,14056.0,16108.0,43410.0
2025-07-18_18:26:47,9589.0,12477.0,46216.0,14026.0,16108.0,43410.0
2025-07-18_18:26:47,9680.0,12477.0,46216.0,14102.0,16108.0,43410.0
2025-07-18_18:26:48,9826.0,12477.0,46216.0,14213.0,16108.0,43410.0
2025-07-18_18:26:48,9172.0,12477.0,46216.0,13938.0,16108.0,43410.0
2025-07-18_18:26:48,9992.0,12477.0,46216.0,14536.0,16108.0,43410.0
2025-07-18_18:26:48,9839.0,12477.0,46216.0,14264.0,16108.0,43410.0
2025-07-18_18:26:49,9496.0,12477.0,46216.0,14130.0,16108.0,43410.0
2025-07-18_18:26:49,,,,13985.0,16108.0,43410.0
2025-07-18_18:26:53,3358.0,12477.0,46216.0,12183.0,16108.0,43410.0
2025-07-18_18:26:53,9670.0,12477.0,46216.0,13998.0,16108.0,43410.0
2025-07-18_18:26:53,9833.0,12477.0,46216.0,14283.0,16108.0,43410.0
2025-07-18_18:26:53,9672.0,12477.0,46216.0,14163.0,16108.0,43410.0
2025-07-18_18:26:53,9168.0,12477.0,46216.0,14115.0,16108.0,43410.0
2025-07-18_18:26:54,,,,,,
2025-07-18_18:26:57,6962.0,12477.0,46216.0,3792.0,16108.0,43410.0
2025-07-18_18:26:58,,,,13770.0,16108.0,43410.0
2025-07-18_18:27:01,3302.0,12477.0,46216.0,12195.0,16108.0,43410.0
2025-07-18_18:27:02,9832.0,12477.0,46216.0,14295.0,16108.0,43410.0
2025-07-18_18:27:02,9644.0,12477.0,46216.0,14111.0,16108.0,43410.0
2025-07-18_18:27:02,9679.0,12477.0,46216.0,13988.0,16108.0,43410.0
2025-07-18_18:27:02,9716.0,12477.0,46216.0,14179.0,16108.0,43410.0
2025-07-18_18:27:02,,,,14059.0,16108.0,43410.0
2025-07-18_18:27:06,3302.0,12477.0,46216.0,12189.0,16108.0,43410.0
2025-07-18_18:27:06,9660.0,12477.0,46216.0,14084.0,16108.0,43410.0
2025-07-18_18:27:07,9641.0,12477.0,46216.0,14348.0,16108.0,43410.0
2025-07-18_18:27:07,9667.0,12477.0,46216.0,13971.0,16108.0,43410.0
2025-07-18_18:27:07,9673.0,12477.0,46216.0,13987.0,16108.0,43410.0
2025-07-18_18:27:07,9789.0,12477.0,46216.0,14026.0,16108.0,43410.0
2025-07-18_18:27:08,9960.0,12477.0,46216.0,14373.0,16108.0,43410.0
2025-07-18_18:27:08,9690.0,12477.0,46216.0,13808.0,16108.0,43410.0
2025-07-18_18:27:08,9669.0,12477.0,46216.0,13973.0,16108.0,43410.0
2025-07-18_18:27:08,9683.0,12477.0,46216.0,13981.0,16108.0,43410.0
2025-07-18_18:27:08,9670.0,12477.0,46216.0,14316.0,16108.0,43410.0
2025-07-18_18:27:09,9669.0,12477.0,46216.0,14174.0,16108.0,43410.0
2025-07-18_18:27:09,9672.0,12477.0,46216.0,13975.0,16108.0,43410.0
2025-07-18_18:27:09,9675.0,12477.0,46216.0,14322.0,16108.0,43410.0
2025-07-18_18:27:09,9664.0,12477.0,46216.0,13969.0,16108.0,43410.0
2025-07-18_18:27:10,9596.0,12477.0,46216.0,14012.0,16108.0,43410.0
2025-07-18_18:27:10,9815.0,12477.0,46216.0,14254.0,16108.0,43410.0
2025-07-18_18:27:10,9673.0,12477.0,46216.0,13958.0,16108.0,43410.0
2025-07-18_18:27:10,9852.0,12477.0,46216.0,14033.0,16108.0,43410.0
2025-07-18_18:27:10,9673.0,12477.0,46216.0,13977.0,16108.0,43410.0
2025-07-18_18:27:11,9655.0,12477.0,46216.0,14159.0,16108.0,43410.0
2025-07-18_18:27:11,9912.0,12477.0,46216.0,14235.0,16108.0,43410.0
2025-07-18_18:27:11,,,,14010.0,16108.0,43410.0
2025-07-18_18:27:15,3319.0,12477.0,46216.0,12186.0,16108.0,43410.0
2025-07-18_18:27:15,9677.0,12477.0,46216.0,13970.0,16108.0,43410.0
2025-07-18_18:27:15,9848.0,12477.0,46216.0,14235.0,16108.0,43410.0
2025-07-18_18:27:15,9713.0,12477.0,46216.0,14024.0,16108.0,43410.0
2025-07-18_18:27:16,,,,13978.0,16108.0,43410.0
2025-07-18_18:27:19,3319.0,12477.0,46216.0,12154.0,16108.0,43410.0
2025-07-18_18:27:20,9673.0,12477.0,46216.0,13820.0,16108.0,43410.0
2025-07-18_18:27:20,8529.0,12477.0,46216.0,13965.0,16108.0,43410.0
2025-07-18_18:27:20,9677.0,12477.0,46216.0,13983.0,16108.0,43410.0
2025-07-18_18:27:20,9835.0,12477.0,46216.0,13837.0,16108.0,43410.0
2025-07-18_18:27:20,9672.0,12477.0,46216.0,13985.0,16108.0,43410.0
2025-07-18_18:27:21,,,,,,
2025-07-18_18:27:25,2778.0,12477.0,46216.0,3778.0,16108.0,43410.0
2025-07-18_18:27:25,9643.0,12477.0,46216.0,14101.0,16108.0,43410.0
2025-07-18_18:27:26,9802.0,12477.0,46216.0,14283.0,16108.0,43410.0
2025-07-18_18:27:26,9894.0,12477.0,46216.0,14381.0,16108.0,43410.0
2025-07-18_18:27:26,9670.0,12477.0,46216.0,13980.0,16108.0,43410.0
2025-07-18_18:27:26,10042.0,12477.0,46216.0,14272.0,16108.0,43410.0
2025-07-18_18:27:26,9666.0,12477.0,46216.0,14177.0,16108.0,43410.0
2025-07-18_18:27:27,9799.0,12477.0,46216.0,14223.0,16108.0,43410.0
2025-07-18_18:27:27,9669.0,12477.0,46216.0,13973.0,16108.0,43410.0
2025-07-18_18:27:27,9769.0,12477.0,46216.0,14284.0,16108.0,43410.0
2025-07-18_18:27:27,9676.0,12477.0,46216.0,14214.0,16108.0,43410.0
2025-07-18_18:27:28,9677.0,12477.0,46216.0,14174.0,16108.0,43410.0
2025-07-18_18:27:28,9899.0,12477.0,46216.0,14269.0,16108.0,43410.0
2025-07-18_18:27:28,9674.0,12477.0,46216.0,14180.0,16108.0,43410.0
2025-07-18_18:27:28,9678.0,12477.0,46216.0,14002.0,16108.0,43410.0
2025-07-18_18:27:29,,,,13981.0,16108.0,43410.0
2025-07-18_18:27:32,3358.0,12477.0,46216.0,12195.0,16108.0,43410.0
2025-07-18_18:27:33,9669.0,12477.0,46216.0,13982.0,16108.0,43410.0
2025-07-18_18:27:33,,,,,,
2025-07-18_18:27:37,2778.0,12477.0,46216.0,3776.0,16108.0,43410.0
2025-07-18_18:27:37,9673.0,12477.0,46216.0,14167.0,16108.0,43410.0
2025-07-18_18:27:38,9675.0,12477.0,46216.0,13978.0,16108.0,43410.0
2025-07-18_18:27:38,9729.0,12477.0,46216.0,14070.0,16108.0,43410.0
2025-07-18_18:27:38,9700.0,12477.0,46216.0,14319.0,16108.0,43410.0
2025-07-18_18:27:38,,,,,,
2025-07-18_18:27:42,6965.0,12477.0,46216.0,3792.0,16108.0,43410.0
2025-07-18_18:27:43,2778.0,12477.0,46216.0,12198.0,16108.0,43410.0
2025-07-18_18:27:43,9898.0,12477.0,46216.0,14250.0,16108.0,43410.0
2025-07-18_18:27:44,10122.0,12477.0,46216.0,14486.0,16108.0,43410.0
2025-07-18_18:27:44,9674.0,12477.0,46216.0,13733.0,16108.0,43410.0
2025-07-18_18:27:44,9876.0,12477.0,46216.0,14059.0,16108.0,43410.0
2025-07-18_18:27:44,,,,,,
2025-07-18_18:27:48,,,,3776.0,16108.0,43410.0
2025-07-18_18:27:52,2778.0,12477.0,46216.0,12183.0,16108.0,43410.0
2025-07-18_18:27:52,,,,13972.0,16108.0,43410.0
2025-07-18_18:27:56,3375.0,12477.0,46216.0,12161.0,16108.0,43410.0
2025-07-18_18:27:56,9671.0,12477.0,46216.0,14166.0,16108.0,43410.0
2025-07-18_18:27:56,9497.0,12477.0,46216.0,13809.0,16108.0,43410.0
2025-07-18_18:27:56,9830.0,12477.0,46216.0,14221.0,16108.0,43410.0
2025-07-18_18:27:57,9656.0,12477.0,46216.0,13978.0,16108.0,43410.0
2025-07-18_18:27:57,9812.0,12477.0,46216.0,14366.0,16108.0,43410.0
2025-07-18_18:27:57,9852.0,12477.0,46216.0,13858.0,16108.0,43410.0
2025-07-18_18:27:57,,,,14014.0,16108.0,43410.0
2025-07-18_18:28:01,2778.0,12477.0,46216.0,12189.0,16108.0,43410.0
2025-07-18_18:28:01,9647.0,12477.0,46216.0,14087.0,16108.0,43410.0
2025-07-18_18:28:02,9810.0,12477.0,46216.0,14400.0,16108.0,43410.0
2025-07-18_18:28:02,9673.0,12477.0,46216.0,13984.0,16108.0,43410.0
2025-07-18_18:28:02,9666.0,12477.0,46216.0,14152.0,16108.0,43410.0
2025-07-18_18:28:02,,,,11866.0,16108.0,43410.0
2025-07-18_18:28:06,2778.0,12477.0,46216.0,12167.0,16108.0,43410.0
2025-07-18_18:28:06,9457.0,12477.0,46216.0,13984.0,16108.0,43410.0
2025-07-18_18:28:07,9672.0,12477.0,46216.0,13825.0,16108.0,43410.0
2025-07-18_18:28:07,9671.0,12477.0,46216.0,13971.0,16108.0,43410.0
2025-07-18_18:28:07,9675.0,12477.0,46216.0,14167.0,16108.0,43410.0
2025-07-18_18:28:07,,,,14248.0,16108.0,43410.0
2025-07-18_18:28:11,3375.0,12477.0,46216.0,12177.0,16108.0,43410.0
2025-07-18_18:28:11,9673.0,12477.0,46216.0,13962.0,16108.0,43410.0
2025-07-18_18:28:11,9665.0,12477.0,46216.0,14161.0,16108.0,43410.0
2025-07-18_18:28:12,,,,13761.0,16108.0,43410.0
2025-07-18_18:28:15,3375.0,12477.0,46216.0,12196.0,16108.0,43410.0
2025-07-18_18:28:16,9592.0,12477.0,46216.0,14192.0,16108.0,43410.0
2025-07-18_18:28:16,9749.0,12477.0,46216.0,14262.0,16108.0,43410.0
2025-07-18_18:28:16,9447.0,12477.0,46216.0,13926.0,16108.0,43410.0
2025-07-18_18:28:16,,,,,,
2025-07-18_18:28:20,6967.0,12477.0,46216.0,3793.0,16108.0,43410.0
2025-07-18_18:28:20,,,,,,
2025-07-18_18:28:24,6974.0,12477.0,46216.0,3793.0,16108.0,43410.0
2025-07-18_18:28:24,9595.0,12477.0,46216.0,14240.0,16108.0,43410.0
2025-07-18_18:28:25,9679.0,12477.0,46216.0,14005.0,16108.0,43410.0
2025-07-18_18:28:25,9642.0,12477.0,46216.0,14230.0,16108.0,43410.0
2025-07-18_18:28:25,9660.0,12477.0,46216.0,14290.0,16108.0,43410.0
2025-07-18_18:28:25,9673.0,12477.0,46216.0,13973.0,16108.0,43410.0
2025-07-18_18:28:25,9671.0,12477.0,46216.0,14166.0,16108.0,43410.0
2025-07-18_18:28:26,9690.0,12477.0,46216.0,14152.0,16108.0,43410.0
2025-07-18_18:28:26,9671.0,12477.0,46216.0,13962.0,16108.0,43410.0
2025-07-18_18:28:26,9667.0,12477.0,46216.0,14100.0,16108.0,43410.0
2025-07-18_18:28:26,9671.0,12477.0,46216.0,13983.0,16108.0,43410.0
2025-07-18_18:28:27,9657.0,12477.0,46216.0,14091.0,16108.0,43410.0
2025-07-18_18:28:27,9683.0,12477.0,46216.0,14181.0,16108.0,43410.0
2025-07-18_18:28:27,9685.0,12477.0,46216.0,14234.0,16108.0,43410.0
2025-07-18_18:28:27,9833.0,12477.0,46216.0,14045.0,16108.0,43410.0
2025-07-18_18:28:27,9813.0,12477.0,46216.0,14072.0,16108.0,43410.0
2025-07-18_18:28:28,9677.0,12477.0,46216.0,13960.0,16108.0,43410.0
2025-07-18_18:28:28,,,,,,
2025-07-18_18:28:32,6967.0,12477.0,46216.0,3793.0,16108.0,43410.0
2025-07-18_18:28:32,9332.0,12477.0,46216.0,14057.0,16108.0,43410.0
2025-07-18_18:28:32,9679.0,12477.0,46216.0,14011.0,16108.0,43410.0
2025-07-18_18:28:32,,,,,,
2025-07-18_18:28:36,6967.0,12477.0,46216.0,3792.0,16108.0,43410.0
2025-07-18_18:28:36,9651.0,12477.0,46216.0,14120.0,16108.0,43410.0
2025-07-18_18:28:37,9697.0,12477.0,46216.0,14317.0,16108.0,43410.0
2025-07-18_18:28:37,9819.0,12477.0,46216.0,14254.0,16108.0,43410.0
2025-07-18_18:28:37,9788.0,12477.0,46216.0,14249.0,16108.0,43410.0
2025-07-18_18:28:37,9671.0,12477.0,46216.0,14164.0,16108.0,43410.0
2025-07-18_18:28:38,9673.0,12477.0,46216.0,13972.0,16108.0,43413.0
2025-07-18_18:28:38,9641.0,12477.0,46216.0,14121.0,16108.0,43413.0
2025-07-18_18:28:38,,,,,,
2025-07-18_18:28:42,6968.0,12477.0,46216.0,3792.0,16108.0,43413.0
2025-07-18_18:28:42,9676.0,12477.0,46216.0,13798.0,16108.0,43413.0
2025-07-18_18:28:42,9668.0,12477.0,46216.0,13902.0,16108.0,43413.0
2025-07-18_18:28:43,9671.0,12477.0,46216.0,14175.0,16108.0,43413.0
2025-07-18_18:28:43,9291.0,12477.0,46216.0,14110.0,16108.0,43413.0
2025-07-18_18:28:43,9672.0,12477.0,46216.0,13792.0,16108.0,43413.0
2025-07-18_18:28:43,,,,13984.0,16108.0,43413.0
2025-07-18_18:28:47,3319.0,12477.0,46216.0,12168.0,16108.0,43413.0
2025-07-18_18:28:47,9672.0,12477.0,46216.0,13966.0,16108.0,43413.0
2025-07-18_18:28:47,9733.0,12477.0,46216.0,13890.0,16108.0,43413.0
2025-07-18_18:28:48,9680.0,12477.0,46216.0,13974.0,16108.0,43413.0
2025-07-18_18:28:48,,,,14424.0,16108.0,43413.0
2025-07-18_18:28:52,2778.0,12477.0,46216.0,12172.0,16108.0,43413.0
2025-07-18_18:28:52,,,,,,
2025-07-18_18:28:56,6966.0,12477.0,46216.0,3793.0,16108.0,43413.0
2025-07-18_18:28:56,9672.0,12477.0,46216.0,13966.0,16108.0,43413.0
2025-07-18_18:28:56,9678.0,12477.0,46216.0,14010.0,16108.0,43413.0
2025-07-18_18:28:56,9671.0,12477.0,46216.0,13979.0,16108.0,43413.0
2025-07-18_18:28:56,,,,,,
2025-07-18_18:29:00,6965.0,12477.0,46216.0,3792.0,16108.0,43413.0
2025-07-18_18:29:01,9672.0,12477.0,46216.0,14163.0,16108.0,43413.0
2025-07-18_18:29:01,10243.0,12477.0,46217.0,14424.0,16108.0,43413.0
2025-07-18_18:29:01,9821.0,12477.0,46217.0,14001.0,16108.0,43413.0
2025-07-18_18:29:01,9638.0,12477.0,46217.0,14173.0,16108.0,43413.0
2025-07-18_18:29:01,9649.0,12477.0,46217.0,14083.0,16108.0,43413.0
2025-07-18_18:29:02,9069.0,12477.0,46217.0,13938.0,16108.0,43413.0
2025-07-18_18:29:02,,,,14106.0,16108.0,43413.0
2025-07-18_18:29:06,3302.0,12477.0,46217.0,12175.0,16108.0,43413.0
2025-07-18_18:29:06,9803.0,12477.0,46217.0,14251.0,16108.0,43413.0
2025-07-18_18:29:06,9672.0,12477.0,46217.0,14180.0,16108.0,43413.0
2025-07-18_18:29:06,,,,,,
2025-07-18_18:29:10,6940.0,12477.0,46222.0,3793.0,16108.0,43413.0
2025-07-18_18:29:10,9853.0,12477.0,46225.0,14364.0,16108.0,43413.0
2025-07-18_18:29:11,9485.0,12477.0,46225.0,14055.0,16108.0,43413.0
2025-07-18_18:29:11,9656.0,12477.0,46225.0,14286.0,16108.0,43413.0
2025-07-18_18:29:11,9897.0,12477.0,46225.0,14245.0,16108.0,43413.0
2025-07-18_18:29:11,9684.0,12477.0,46225.0,13805.0,16108.0,43413.0
2025-07-18_18:29:11,,,,,,
2025-07-18_18:29:15,6964.0,12477.0,46225.0,3792.0,16108.0,43413.0
2025-07-18_18:29:15,9674.0,12477.0,46225.0,13977.0,16108.0,43413.0
2025-07-18_18:29:16,9516.0,12477.0,46225.0,13973.0,16108.0,43413.0
2025-07-18_18:29:16,9694.0,12477.0,46225.0,14352.0,16108.0,43413.0
2025-07-18_18:29:16,9672.0,12477.0,46225.0,14160.0,16108.0,43413.0
2025-07-18_18:29:16,,,,13370.0,16108.0,43413.0
2025-07-18_18:29:20,2778.0,12477.0,46225.0,12194.0,16108.0,43413.0
2025-07-18_18:29:20,9128.0,12477.0,46225.0,14109.0,16108.0,43413.0
2025-07-18_18:29:21,9672.0,12477.0,46225.0,13978.0,16108.0,43413.0
2025-07-18_18:29:21,9731.0,12477.0,46225.0,14071.0,16108.0,43413.0
2025-07-18_18:29:21,9669.0,12477.0,46225.0,14168.0,16108.0,43413.0
2025-07-18_18:29:21,9669.0,12477.0,46225.0,14178.0,16108.0,43413.0
2025-07-18_18:29:22,9662.0,12477.0,46225.0,14105.0,16108.0,43413.0
2025-07-18_18:29:22,,,,14091.0,16108.0,43413.0
2025-07-18_18:29:25,3375.0,12477.0,46225.0,12191.0,16108.0,43413.0
2025-07-18_18:29:26,,,,,,
2025-07-18_18:29:29,6970.0,12477.0,46225.0,3793.0,16108.0,43413.0
2025-07-18_18:29:30,9671.0,12477.0,46225.0,13790.0,16108.0,43413.0
2025-07-18_18:29:30,,,,,,
2025-07-18_18:29:34,2778.0,12477.0,46225.0,3776.0,16108.0,43413.0
2025-07-18_18:29:35,,,,13776.0,16108.0,43413.0
2025-07-18_18:29:38,,,,,,
2025-07-18_18:29:42,6967.0,12477.0,46225.0,3793.0,16108.0,43413.0
2025-07-18_18:29:42,9875.0,12477.0,46225.0,14083.0,16108.0,43413.0
2025-07-18_18:29:43,,,,14433.0,16108.0,43413.0
2025-07-18_18:29:46,2778.0,12477.0,46225.0,12191.0,16108.0,43413.0
2025-07-18_18:29:47,9570.0,12477.0,46225.0,13967.0,16108.0,43413.0
2025-07-18_18:29:47,,,,13774.0,16108.0,43413.0
2025-07-18_18:29:51,3375.0,12477.0,46225.0,12195.0,16108.0,43413.0
2025-07-18_18:29:51,8673.0,12477.0,46225.0,14206.0,16108.0,43413.0
2025-07-18_18:29:51,9859.0,12477.0,46225.0,13973.0,16108.0,43413.0
2025-07-18_18:29:51,9478.0,12477.0,46225.0,14278.0,16108.0,43413.0
2025-07-18_18:29:52,,,,,,
2025-07-18_18:29:55,6968.0,12477.0,46225.0,3792.0,16108.0,43413.0
2025-07-18_18:29:56,9655.0,12477.0,46225.0,14155.0,16108.0,43413.0
2025-07-18_18:29:56,8516.0,12477.0,46225.0,13891.0,16108.0,43413.0
2025-07-18_18:29:56,,,,,,
2025-07-18_18:30:00,6960.0,12477.0,46225.0,3792.0,16108.0,43413.0
2025-07-18_18:30:00,9661.0,12477.0,46225.0,13977.0,16108.0,43413.0
2025-07-18_18:30:00,,,,14348.0,16108.0,43413.0
2025-07-18_18:30:04,2778.0,12477.0,46225.0,12173.0,16108.0,43413.0
2025-07-18_18:30:04,9872.0,12477.0,46225.0,14237.0,16108.0,43413.0
2025-07-18_18:30:05,8744.0,12477.0,46225.0,14149.0,16108.0,43413.0
2025-07-18_18:30:05,9879.0,12477.0,46225.0,14043.0,16108.0,43413.0
2025-07-18_18:30:05,9823.0,12477.0,46225.0,14206.0,16108.0,43413.0
2025-07-18_18:30:05,,,,14279.0,16108.0,43416.0
2025-07-18_18:30:09,2778.0,12477.0,46225.0,12160.0,16108.0,43416.0
2025-07-18_18:30:09,,,,13244.0,16108.0,43416.0
2025-07-18_18:30:13,2778.0,12477.0,46225.0,12165.0,16108.0,43416.0
2025-07-18_18:30:14,,,,14199.0,16108.0,43416.0
2025-07-18_18:30:17,2778.0,12477.0,46225.0,12169.0,16108.0,43416.0
2025-07-18_18:30:18,10210.0,12477.0,46225.0,14319.0,16108.0,43416.0
2025-07-18_18:30:18,9665.0,12477.0,46225.0,13989.0,16108.0,43416.0
2025-07-18_18:30:18,9186.0,12477.0,46225.0,13832.0,16108.0,43416.0
2025-07-18_18:30:18,,,,13777.0,16108.0,43416.0
2025-07-18_18:30:22,3375.0,12477.0,46225.0,12187.0,16108.0,43416.0
2025-07-18_18:30:22,10025.0,12477.0,46225.0,14100.0,16108.0,43416.0
2025-07-18_18:30:22,9430.0,12477.0,46225.0,13957.0,16108.0,43416.0
2025-07-18_18:30:23,,,,14278.0,16108.0,43416.0
2025-07-18_18:30:26,3375.0,12477.0,46225.0,12190.0,16108.0,43416.0
2025-07-18_18:30:27,,,,14305.0,16108.0,43416.0
2025-07-18_18:30:30,3360.0,12477.0,46225.0,12185.0,16108.0,43416.0
2025-07-18_18:30:30,9801.0,12477.0,46225.0,14019.0,16108.0,43416.0
2025-07-18_18:30:31,,,,,,
2025-07-18_18:30:34,6966.0,12477.0,46225.0,3786.0,16108.0,43416.0
2025-07-18_18:30:35,,,,,,
2025-07-18_18:30:38,6966.0,12477.0,46225.0,3793.0,16108.0,43416.0
2025-07-18_18:30:39,9838.0,12477.0,46225.0,14139.0,16108.0,43417.0
2025-07-18_18:30:39,9703.0,12477.0,46225.0,14228.0,16108.0,43417.0
2025-07-18_18:30:39,,,,13981.0,16108.0,43417.0
2025-07-18_18:30:43,3319.0,12477.0,46225.0,12185.0,16108.0,43417.0
2025-07-18_18:30:43,9946.0,12477.0,46225.0,14569.0,16108.0,43417.0
2025-07-18_18:30:43,9844.0,12477.0,46225.0,14230.0,16108.0,43417.0
2025-07-18_18:30:44,9563.0,12477.0,46225.0,14106.0,16108.0,43417.0
2025-07-18_18:30:44,,,,,,
2025-07-18_18:30:48,6968.0,12477.0,46225.0,3792.0,16108.0,43417.0
2025-07-18_18:30:48,9633.0,12477.0,46225.0,14286.0,16108.0,43417.0
2025-07-18_18:30:48,,,,,,
2025-07-18_18:30:52,6963.0,12477.0,46225.0,3793.0,16108.0,43417.0
2025-07-18_18:30:52,,,,14371.0,16108.0,43417.0
2025-07-18_18:30:56,3375.0,12477.0,46225.0,12184.0,16108.0,43417.0
2025-07-18_18:30:56,8516.0,12477.0,46225.0,13054.0,16108.0,43417.0
2025-07-18_18:30:56,9535.0,12477.0,46225.0,14062.0,16108.0,43417.0
2025-07-18_18:30:56,10058.0,12477.0,46225.0,14362.0,16108.0,43417.0
2025-07-18_18:30:57,,,,14270.0,16108.0,43417.0
2025-07-18_18:31:01,2778.0,12477.0,46225.0,12190.0,16108.0,43417.0
2025-07-18_18:31:01,9575.0,12477.0,46225.0,14218.0,16108.0,43417.0
2025-07-18_18:31:01,,,,13815.0,16108.0,43417.0
2025-07-18_18:31:05,2778.0,12477.0,46225.0,12191.0,16108.0,43417.0
2025-07-18_18:31:05,,,,,,
2025-07-18_18:31:10,2780.0,12477.0,46225.0,3776.0,16108.0,43417.0
2025-07-18_18:31:10,9398.0,12477.0,46225.0,14010.0,16108.0,43417.0
2025-07-18_18:31:10,8601.0,12477.0,46225.0,14139.0,16108.0,43417.0
2025-07-18_18:31:10,10041.0,12477.0,46225.0,14410.0,16108.0,43417.0
2025-07-18_18:31:10,,,,,,
2025-07-18_18:31:15,2778.0,12477.0,46225.0,3776.0,16108.0,43417.0
2025-07-18_18:31:15,8629.0,12477.0,46225.0,14036.0,16108.0,43417.0
2025-07-18_18:31:15,9855.0,12477.0,46225.0,13791.0,16108.0,43417.0
2025-07-18_18:31:16,9653.0,12477.0,46225.0,13977.0,16108.0,43417.0
2025-07-18_18:31:16,9795.0,12477.0,46225.0,14187.0,16108.0,43417.0
2025-07-18_18:31:17,2778.0,12477.0,46225.0,12192.0,16108.0,43417.0
2025-07-18_18:31:17,8637.0,12477.0,46225.0,14208.0,16108.0,43417.0
2025-07-18_18:31:17,,,,,,
2025-07-18_18:31:21,6971.0,12477.0,46225.0,3793.0,16108.0,43417.0
2025-07-18_18:31:21,8686.0,12477.0,46225.0,14490.0,16108.0,43417.0
2025-07-18_18:31:21,,,,,,
2025-07-18_18:31:26,2778.0,12477.0,46225.0,3776.0,16108.0,43417.0
2025-07-18_18:31:26,9973.0,12477.0,46225.0,14309.0,16108.0,43417.0
2025-07-18_18:31:26,,,,14006.0,16108.0,43417.0
2025-07-18_18:31:30,3302.0,12477.0,46225.0,12194.0,16108.0,43417.0
2025-07-18_18:31:30,9915.0,12477.0,46225.0,14138.0,16108.0,43417.0
2025-07-18_18:31:30,10038.0,12477.0,46225.0,14053.0,16108.0,43417.0
2025-07-18_18:31:31,2780.0,12477.0,46225.0,12186.0,16108.0,43417.0
2025-07-18_18:31:31,8563.0,12477.0,46225.0,13942.0,16108.0,43417.0
2025-07-18_18:31:32,,,,13843.0,16108.0,43417.0
2025-07-18_18:31:35,,,,,,
2025-07-18_18:31:39,6966.0,12477.0,46225.0,3793.0,16108.0,43417.0
2025-07-18_18:31:39,9283.0,12477.0,46225.0,14148.0,16108.0,43417.0
2025-07-18_18:31:40,,,,14237.0,16108.0,43417.0
2025-07-18_18:31:43,2778.0,12477.0,46225.0,12182.0,16108.0,43417.0
2025-07-18_18:31:44,9866.0,12477.0,46225.0,14053.0,16108.0,43417.0
2025-07-18_18:31:44,,,,14215.0,16108.0,43417.0
2025-07-18_18:31:48,,,,,,
2025-07-18_18:31:52,,,,3792.0,16108.0,43417.0
2025-07-18_18:31:55,2778.0,12477.0,46225.0,12176.0,16108.0,43417.0
2025-07-18_18:31:56,9475.0,12477.0,46225.0,14230.0,16108.0,43417.0
2025-07-18_18:31:56,10312.0,12477.0,46225.0,14400.0,16108.0,43417.0
2025-07-18_18:31:56,,,,,,
2025-07-18_18:32:00,6965.0,12477.0,46225.0,3792.0,16108.0,43417.0
2025-07-18_18:32:00,,,,14179.0,16108.0,43417.0
2025-07-18_18:32:04,3377.0,12477.0,46225.0,12194.0,16108.0,43417.0
2025-07-18_18:32:04,10353.0,12477.0,46225.0,14555.0,16108.0,43417.0
2025-07-18_18:32:04,9280.0,12477.0,46225.0,13970.0,16108.0,43417.0
2025-07-18_18:32:04,8069.0,12477.0,46225.0,13079.0,16108.0,43417.0
2025-07-18_18:32:05,,,,14104.0,16108.0,43417.0
2025-07-18_18:32:08,3375.0,12477.0,46225.0,12190.0,16108.0,43417.0
2025-07-18_18:32:09,8654.0,12477.0,46225.0,14179.0,16108.0,43417.0
2025-07-18_18:32:09,,,,,,
2025-07-18_18:32:13,6963.0,12477.0,46225.0,3793.0,16108.0,43417.0
2025-07-18_18:32:13,8597.0,12477.0,46289.0,13941.0,16108.0,43434.0
2025-07-18_18:32:14,3300.0,12477.0,46289.0,12169.0,16108.0,43434.0
2025-07-18_18:32:14,9904.0,12477.0,46289.0,14153.0,16108.0,43434.0
2025-07-18_18:32:14,8658.0,12477.0,46289.0,14365.0,16108.0,43434.0
2025-07-18_18:32:14,10220.0,12477.0,46289.0,14038.0,16108.0,43434.0
2025-07-18_18:32:15,9553.0,12477.0,46289.0,13974.0,16108.0,43434.0
2025-07-18_18:32:15,9673.0,12477.0,46289.0,14173.0,16108.0,43434.0
2025-07-18_18:32:15,9661.0,12477.0,46289.0,14161.0,16108.0,43434.0
2025-07-18_18:32:15,,,,,,
2025-07-18_18:32:19,6961.0,12477.0,46289.0,3792.0,16108.0,43434.0
2025-07-18_18:32:19,,,,,,
2025-07-18_18:32:24,2778.0,12477.0,46289.0,3776.0,16108.0,43434.0
2025-07-18_18:32:24,9896.0,12477.0,46289.0,14135.0,16108.0,43434.0
2025-07-18_18:32:24,,,,,,
2025-07-18_18:32:28,6957.0,12477.0,46289.0,3793.0,16108.0,43434.0
2025-07-18_18:32:28,9035.0,12477.0,46289.0,13645.0,16108.0,43434.0
2025-07-18_18:32:28,8640.0,12477.0,46290.0,14214.0,16108.0,43434.0
2025-07-18_18:32:29,9831.0,12477.0,46290.0,14223.0,16108.0,43434.0
2025-07-18_18:32:29,,,,13946.0,16108.0,43434.0
2025-07-18_18:32:33,3302.0,12477.0,46290.0,12188.0,16108.0,43434.0
2025-07-18_18:32:33,9153.0,12477.0,46290.0,13790.0,16108.0,43434.0
2025-07-18_18:32:33,,,,13994.0,16108.0,43434.0
2025-07-18_18:32:37,3319.0,12477.0,46290.0,12166.0,16108.0,43434.0
2025-07-18_18:32:37,8547.0,12477.0,46290.0,13938.0,16108.0,43434.0
2025-07-18_18:32:37,10186.0,12477.0,46290.0,14341.0,16108.0,43434.0
2025-07-18_18:32:38,10254.0,12477.0,46290.0,14129.0,16108.0,43434.0
2025-07-18_18:32:38,,,,,,
2025-07-18_18:32:42,6967.0,12477.0,46290.0,3792.0,16108.0,43434.0
2025-07-18_18:32:42,9960.0,12477.0,46290.0,14301.0,16108.0,43434.0
2025-07-18_18:32:42,8133.0,12477.0,46290.0,13351.0,16108.0,43434.0
2025-07-18_18:32:42,,,,,,
2025-07-18_18:32:46,6969.0,12477.0,46290.0,3793.0,16108.0,43434.0
2025-07-18_18:32:46,10065.0,12477.0,46290.0,14154.0,16108.0,43434.0
2025-07-18_18:32:47,9803.0,12477.0,46290.0,14270.0,16108.0,43434.0
2025-07-18_18:32:47,9590.0,12477.0,46290.0,14183.0,16108.0,43434.0
2025-07-18_18:32:47,,,,,,
2025-07-18_18:32:51,6966.0,12477.0,46290.0,3793.0,16108.0,43434.0
2025-07-18_18:32:51,9239.0,12477.0,46290.0,13781.0,16108.0,43434.0
2025-07-18_18:32:51,9791.0,12477.0,46290.0,14140.0,16108.0,43434.0
2025-07-18_18:32:51,9894.0,12477.0,46290.0,14181.0,16108.0,43434.0
2025-07-18_18:32:52,,,,,,
2025-07-18_18:32:55,6970.0,12477.0,46290.0,3792.0,16108.0,43434.0
2025-07-18_18:32:56,8540.0,12477.0,46292.0,14073.0,16108.0,43434.0
2025-07-18_18:32:56,9098.0,12477.0,46292.0,14110.0,16108.0,43434.0
2025-07-18_18:32:56,,,,,,
2025-07-18_18:33:00,6964.0,12477.0,46292.0,3792.0,16108.0,43434.0
2025-07-18_18:33:00,9255.0,12477.0,46292.0,13933.0,16108.0,43434.0
2025-07-18_18:33:00,,,,14019.0,16108.0,43434.0
2025-07-18_18:33:04,3358.0,12477.0,46292.0,12192.0,16108.0,43434.0
2025-07-18_18:33:04,,,,13776.0,16108.0,43434.0
2025-07-18_18:33:08,3358.0,12477.0,46292.0,12161.0,16108.0,43434.0
2025-07-18_18:33:08,,,,13936.0,16108.0,43434.0
2025-07-18_18:33:12,3321.0,12477.0,46292.0,12189.0,16108.0,43434.0
2025-07-18_18:33:12,8576.0,12477.0,46292.0,13926.0,16108.0,43434.0
2025-07-18_18:33:12,9874.0,12477.0,46292.0,14246.0,16108.0,43434.0
2025-07-18_18:33:13,9876.0,12477.0,46292.0,13851.0,16108.0,43434.0
2025-07-18_18:33:13,,,,14430.0,16108.0,43434.0
2025-07-18_18:33:17,3375.0,12477.0,46292.0,12186.0,16108.0,43434.0
2025-07-18_18:33:17,,,,14049.0,16108.0,43434.0
2025-07-18_18:33:21,2778.0,12477.0,46292.0,12184.0,16108.0,43434.0
2025-07-18_18:33:21,,,,13941.0,16108.0,43434.0
2025-07-18_18:33:25,2778.0,12477.0,46292.0,12184.0,16108.0,43434.0
2025-07-18_18:33:25,,,,,,
2025-07-18_18:33:29,6968.0,12477.0,46292.0,3792.0,16108.0,43434.0
2025-07-18_18:33:29,9842.0,12477.0,46292.0,14225.0,16108.0,43434.0
2025-07-18_18:33:29,9777.0,12477.0,46292.0,14248.0,16108.0,43434.0
2025-07-18_18:33:29,,,,,,
2025-07-18_18:33:33,6961.0,12477.0,46292.0,3786.0,16108.0,43434.0
2025-07-18_18:33:33,9529.0,12477.0,46292.0,14213.0,16108.0,43434.0
2025-07-18_18:33:34,9902.0,12477.0,46292.0,14421.0,16108.0,43434.0
2025-07-18_18:33:34,9393.0,12477.0,46292.0,13953.0,16108.0,43434.0
2025-07-18_18:33:34,10044.0,12477.0,46292.0,14599.0,16108.0,43434.0
2025-07-18_18:33:34,9445.0,12477.0,46292.0,14000.0,16108.0,43434.0
2025-07-18_18:33:35,10056.0,12477.0,46292.0,14390.0,16108.0,43434.0
2025-07-18_18:33:35,8526.0,12477.0,46292.0,13930.0,16108.0,43434.0
2025-07-18_18:33:35,,,,,,
2025-07-18_18:33:39,6966.0,12477.0,46292.0,3786.0,16108.0,43434.0
2025-07-18_18:33:39,10171.0,12477.0,46292.0,14561.0,16108.0,43434.0
2025-07-18_18:33:39,9942.0,12477.0,46292.0,14252.0,16108.0,43434.0
2025-07-18_18:33:39,9631.0,12477.0,46292.0,14182.0,16108.0,43434.0
2025-07-18_18:33:40,9048.0,12477.0,46292.0,13798.0,16108.0,43434.0
2025-07-18_18:33:40,9633.0,12477.0,46292.0,14288.0,16108.0,43434.0
2025-07-18_18:33:40,9632.0,12477.0,46292.0,14285.0,16108.0,43434.0
2025-07-18_18:33:40,10466.0,12477.0,46292.0,14311.0,16108.0,43434.0
2025-07-18_18:33:41,8974.0,12477.0,46292.0,13830.0,16108.0,43434.0
2025-07-18_18:33:41,9610.0,12477.0,46292.0,14112.0,16108.0,43434.0
2025-07-18_18:33:41,10251.0,12477.0,46293.0,14264.0,16108.0,43434.0
2025-07-18_18:33:41,,,,,,
2025-07-18_18:33:45,6960.0,12477.0,46293.0,3793.0,16108.0,43434.0
2025-07-18_18:33:45,9911.0,12477.0,46293.0,14341.0,16108.0,43435.0
2025-07-18_18:33:46,9823.0,12477.0,46293.0,14001.0,16108.0,43435.0
2025-07-18_18:33:46,8510.0,12477.0,46293.0,13801.0,16108.0,43435.0
2025-07-18_18:33:46,9909.0,12477.0,46293.0,14054.0,16108.0,43444.0
2025-07-18_18:33:46,9947.0,12477.0,46293.0,14532.0,16108.0,43444.0
2025-07-18_18:33:47,,,,,,
2025-07-18_18:33:50,6965.0,12477.0,46293.0,3786.0,16108.0,43444.0
2025-07-18_18:33:51,,,,14274.0,16108.0,43444.0
2025-07-18_18:33:54,3358.0,12477.0,46293.0,12174.0,16108.0,43444.0
2025-07-18_18:33:54,,,,,,
2025-07-18_18:33:59,2778.0,12477.0,46293.0,3776.0,16108.0,43444.0
2025-07-18_18:33:59,,,,,,
2025-07-18_18:34:03,6956.0,12477.0,46293.0,3793.0,16108.0,43444.0
2025-07-18_18:34:04,2778.0,12477.0,46293.0,12194.0,16108.0,43444.0
2025-07-18_18:34:04,,,,14365.0,16108.0,43444.0
2025-07-18_18:34:08,2778.0,12477.0,46293.0,12193.0,16108.0,43444.0
2025-07-18_18:34:08,9811.0,12477.0,46293.0,14255.0,16108.0,43444.0
2025-07-18_18:34:08,,,,14173.0,16108.0,43444.0
2025-07-18_18:34:12,2778.0,12477.0,46293.0,12168.0,16108.0,43444.0
2025-07-18_18:34:12,9607.0,12477.0,46293.0,14014.0,16108.0,43444.0
2025-07-18_18:34:13,9233.0,12477.0,46293.0,14117.0,16108.0,43444.0
2025-07-18_18:34:13,9906.0,12477.0,46300.0,13910.0,16108.0,43444.0
2025-07-18_18:34:13,9917.0,12477.0,46300.0,13878.0,16108.0,43444.0
2025-07-18_18:34:13,9545.0,12477.0,46300.0,14162.0,16108.0,43444.0
2025-07-18_18:34:14,,,,,,
2025-07-18_18:34:17,6968.0,12477.0,46300.0,3793.0,16108.0,43444.0
2025-07-18_18:34:18,9855.0,12477.0,46300.0,13866.0,16108.0,43444.0
2025-07-18_18:34:18,9609.0,12477.0,46300.0,14171.0,16108.0,43444.0
2025-07-18_18:34:18,9675.0,12477.0,46300.0,14165.0,16108.0,43444.0
2025-07-18_18:34:18,9509.0,12477.0,46300.0,14200.0,16108.0,43444.0
2025-07-18_18:34:19,9600.0,12477.0,46300.0,14184.0,16108.0,43444.0
2025-07-18_18:34:19,8529.0,12477.0,46300.0,13895.0,16108.0,43444.0
2025-07-18_18:34:19,9476.0,12477.0,46300.0,13987.0,16108.0,43444.0
2025-07-18_18:34:19,8955.0,12477.0,46300.0,13776.0,16108.0,43444.0
2025-07-18_18:34:19,8519.0,12477.0,46300.0,14099.0,16108.0,43444.0
2025-07-18_18:34:20,10208.0,12477.0,46300.0,14083.0,16108.0,43444.0
2025-07-18_18:34:20,9966.0,12477.0,46301.0,14255.0,16108.0,43444.0
2025-07-18_18:34:20,,,,14219.0,16108.0,43444.0
2025-07-18_18:34:24,,,,,,
2025-07-18_18:34:28,6960.0,12477.0,46301.0,3792.0,16108.0,43444.0
2025-07-18_18:34:28,9705.0,12477.0,46301.0,14293.0,16108.0,43444.0
2025-07-18_18:34:28,9917.0,12477.0,46310.0,14268.0,16108.0,43444.0
2025-07-18_18:34:28,8543.0,12477.0,46310.0,13784.0,16108.0,43444.0
2025-07-18_18:34:29,8616.0,12477.0,46310.0,14094.0,16108.0,43444.0
2025-07-18_18:34:29,,,,,,
2025-07-18_18:34:33,6967.0,12477.0,46310.0,3786.0,16108.0,43444.0
2025-07-18_18:34:33,9840.0,12477.0,46310.0,14214.0,16108.0,43444.0
2025-07-18_18:34:33,8559.0,12477.0,46310.0,14041.0,16108.0,43444.0
2025-07-18_18:34:33,,,,14037.0,16108.0,43444.0
2025-07-18_18:34:37,3302.0,12477.0,46310.0,12181.0,16108.0,43444.0
2025-07-18_18:34:37,,,,14466.0,16108.0,43444.0
2025-07-18_18:34:41,3302.0,12477.0,46310.0,12168.0,16108.0,43444.0
2025-07-18_18:34:41,8535.0,12477.0,46310.0,13892.0,16108.0,43444.0
2025-07-18_18:34:41,,,,14359.0,16108.0,43444.0
2025-07-18_18:34:45,3358.0,12477.0,46310.0,12177.0,16108.0,43444.0
2025-07-18_18:34:45,9558.0,12477.0,46310.0,13978.0,16108.0,43444.0
2025-07-18_18:34:45,,,,,,
2025-07-18_18:34:50,2778.0,12477.0,46310.0,3776.0,16108.0,43444.0
2025-07-18_18:34:50,9550.0,12477.0,46310.0,14178.0,16108.0,43444.0
2025-07-18_18:34:50,,,,14218.0,16108.0,43444.0
2025-07-18_18:34:54,3375.0,12477.0,46310.0,12186.0,16108.0,43444.0
2025-07-18_18:34:54,9207.0,12477.0,46310.0,13838.0,16108.0,43444.0
2025-07-18_18:34:55,,,,13984.0,16108.0,43444.0
2025-07-18_18:34:58,3377.0,12477.0,46310.0,12172.0,16108.0,43444.0
2025-07-18_18:34:58,9809.0,12477.0,46310.0,14041.0,16108.0,43444.0
2025-07-18_18:34:59,,,,,,
2025-07-18_18:35:03,2778.0,12477.0,46310.0,3778.0,16108.0,43444.0
2025-07-18_18:35:03,9887.0,12477.0,46310.0,14211.0,16108.0,43444.0
2025-07-18_18:35:04,9998.0,12477.0,46310.0,14163.0,16108.0,43444.0
2025-07-18_18:35:04,9838.0,12479.0,46313.0,14219.0,16108.0,43444.0
2025-07-18_18:35:04,10188.0,12479.0,46313.0,14718.0,16108.0,43446.0
2025-07-18_18:35:04,,,,13326.0,16108.0,43446.0
2025-07-18_18:35:08,2778.0,12479.0,46313.0,12159.0,16108.0,43446.0
2025-07-18_18:35:08,9638.0,12479.0,46313.0,14246.0,16108.0,43446.0
2025-07-18_18:35:09,9591.0,12479.0,46313.0,14092.0,16108.0,43446.0
2025-07-18_18:35:09,11038.0,12479.0,46313.0,15205.0,16108.0,43454.0
2025-07-18_18:35:09,,,,13983.0,16108.0,43454.0
2025-07-18_18:35:13,3302.0,12479.0,46313.0,12190.0,16108.0,43454.0
2025-07-18_18:35:13,,,,14504.0,16108.0,43454.0
2025-07-18_18:35:17,3358.0,12479.0,46313.0,12194.0,16108.0,43454.0
2025-07-18_18:35:17,9657.0,12479.0,46313.0,14089.0,16108.0,43454.0
2025-07-18_18:35:17,9891.0,12479.0,46313.0,14541.0,16108.0,43454.0
2025-07-18_18:35:17,9195.0,12479.0,46313.0,14015.0,16108.0,43454.0
2025-07-18_18:35:18,,,,,,
2025-07-18_18:35:21,6966.0,12479.0,46313.0,3793.0,16108.0,43454.0
2025-07-18_18:35:22,,,,,,
2025-07-18_18:35:25,6964.0,12479.0,46313.0,3793.0,16108.0,43454.0
2025-07-18_18:35:26,9494.0,12479.0,46313.0,14071.0,16108.0,43454.0
2025-07-18_18:35:26,9589.0,12479.0,46313.0,13810.0,16108.0,43454.0
2025-07-18_18:35:26,10153.0,12479.0,46313.0,14162.0,16108.0,43454.0
2025-07-18_18:35:26,9468.0,12479.0,46313.0,13788.0,16108.0,43454.0
2025-07-18_18:35:27,9569.0,12479.0,46313.0,14195.0,16108.0,43454.0
2025-07-18_18:35:27,,,,13984.0,16108.0,43454.0
2025-07-18_18:35:31,3319.0,12479.0,46313.0,12184.0,16108.0,43454.0
2025-07-18_18:35:31,9774.0,12479.0,46313.0,14092.0,16108.0,43454.0
2025-07-18_18:35:31,7972.0,12479.0,46313.0,13053.0,16108.0,43454.0
2025-07-18_18:35:31,8653.0,12479.0,46313.0,14097.0,16108.0,43454.0
2025-07-18_18:35:31,9809.0,12479.0,46313.0,14310.0,16108.0,43454.0
2025-07-18_18:35:32,,,,,,
2025-07-18_18:35:35,6962.0,12479.0,46313.0,3792.0,16108.0,43454.0
2025-07-18_18:35:36,8600.0,12479.0,46313.0,14082.0,16108.0,43454.0
2025-07-18_18:35:36,9616.0,12479.0,46313.0,14273.0,16108.0,43454.0
2025-07-18_18:35:36,8541.0,12479.0,46313.0,13919.0,16108.0,43454.0
2025-07-18_18:35:36,8556.0,12479.0,46313.0,14119.0,16108.0,43454.0
2025-07-18_18:35:37,9884.0,12479.0,46313.0,14352.0,16108.0,43454.0
2025-07-18_18:35:37,9562.0,12479.0,46313.0,14026.0,16108.0,43454.0
2025-07-18_18:35:37,9615.0,12479.0,46313.0,14206.0,16108.0,43454.0
2025-07-18_18:35:37,,,,14814.0,16108.0,43454.0
2025-07-18_18:35:41,3358.0,12479.0,46313.0,12166.0,16108.0,43454.0
2025-07-18_18:35:41,10044.0,12479.0,46313.0,14388.0,16108.0,43454.0
2025-07-18_18:35:42,,,,,,
2025-07-18_18:35:45,,,,3793.0,16108.0,43454.0
2025-07-18_18:35:49,2778.0,12479.0,46313.0,12195.0,16108.0,43454.0
2025-07-18_18:35:49,9788.0,12479.0,46313.0,14027.0,16108.0,43454.0
2025-07-18_18:35:50,,,,,,
2025-07-18_18:35:54,6961.0,12479.0,46313.0,3792.0,16108.0,43454.0
2025-07-18_18:35:54,,,,,,
2025-07-18_18:35:58,,,,3776.0,16108.0,43454.0
2025-07-18_18:36:01,2778.0,12479.0,46313.0,12170.0,16108.0,43454.0
2025-07-18_18:36:02,9597.0,12479.0,46313.0,13963.0,16108.0,43454.0
2025-07-18_18:36:02,,,,,,
2025-07-18_18:36:06,,,,3792.0,16108.0,43454.0
2025-07-18_18:36:10,2778.0,12479.0,46313.0,12192.0,16108.0,43454.0
2025-07-18_18:36:10,9860.0,12479.0,46313.0,13970.0,16108.0,43454.0
2025-07-18_18:36:10,9673.0,12479.0,46313.0,14170.0,16108.0,43454.0
2025-07-18_18:36:10,9839.0,12479.0,46313.0,14000.0,16108.0,43454.0
2025-07-18_18:36:10,8543.0,12479.0,46313.0,14104.0,16108.0,43454.0
2025-07-18_18:36:11,9646.0,12479.0,46313.0,14131.0,16108.0,43454.0
2025-07-18_18:36:11,9792.0,12479.0,46313.0,14371.0,16108.0,43454.0
2025-07-18_18:36:11,,,,14113.0,16108.0,43454.0
2025-07-18_18:36:15,3302.0,12479.0,46313.0,12190.0,16108.0,43454.0
2025-07-18_18:36:15,,,,,,
2025-07-18_18:36:20,2778.0,12479.0,46313.0,3776.0,16108.0,43454.0
2025-07-18_18:36:20,10077.0,12479.0,46313.0,14357.0,16108.0,43454.0
2025-07-18_18:36:20,9912.0,12479.0,46313.0,14382.0,16108.0,43454.0
2025-07-18_18:36:20,,,,13979.0,16108.0,43454.0
2025-07-18_18:36:24,3319.0,12479.0,46313.0,12186.0,16108.0,43454.0
2025-07-18_18:36:24,8716.0,12479.0,46316.0,13917.0,16108.0,43454.0
2025-07-18_18:36:24,9679.0,12479.0,46316.0,13977.0,16108.0,43454.0
2025-07-18_18:36:25,,,,14112.0,16108.0,43454.0
2025-07-18_18:36:29,2778.0,12479.0,46316.0,12185.0,16108.0,43454.0
2025-07-18_18:36:29,9700.0,12479.0,46316.0,14141.0,16108.0,43454.0
2025-07-18_18:36:29,9589.0,12479.0,46316.0,14195.0,16108.0,43454.0
2025-07-18_18:36:29,,,,14246.0,16108.0,43454.0
2025-07-18_18:36:33,3358.0,12479.0,46316.0,12197.0,16108.0,43454.0
2025-07-18_18:36:33,9904.0,12479.0,46316.0,14124.0,16108.0,43454.0
2025-07-18_18:36:33,,,,,,
2025-07-18_18:36:37,6967.0,12479.0,46316.0,3792.0,16108.0,43454.0
2025-07-18_18:36:37,9643.0,12479.0,46316.0,14106.0,16108.0,43454.0
2025-07-18_18:36:38,,,,13781.0,16108.0,43454.0
2025-07-18_18:36:41,3375.0,12479.0,46316.0,12183.0,16108.0,43454.0
2025-07-18_18:36:41,9670.0,12479.0,46316.0,13956.0,16108.0,43454.0
2025-07-18_18:36:42,9648.0,12479.0,46316.0,14003.0,16108.0,43454.0
2025-07-18_18:36:42,9929.0,12479.0,46316.0,14223.0,16108.0,43454.0
2025-07-18_18:36:42,9675.0,12479.0,46316.0,13976.0,16108.0,43454.0
2025-07-18_18:36:42,8664.0,12479.0,46316.0,14062.0,16108.0,43454.0
2025-07-18_18:36:43,,,,14889.0,16108.0,43454.0
2025-07-18_18:36:46,3358.0,12479.0,46316.0,12180.0,16108.0,43454.0
2025-07-18_18:36:46,9859.0,12479.0,46316.0,14352.0,16108.0,43454.0
2025-07-18_18:36:47,9544.0,12479.0,46316.0,14431.0,16108.0,43454.0
2025-07-18_18:36:47,9915.0,12479.0,46316.0,14232.0,16108.0,43454.0
2025-07-18_18:36:47,,,,13791.0,16108.0,43454.0
2025-07-18_18:36:51,3319.0,12479.0,46316.0,12185.0,16108.0,43454.0
2025-07-18_18:36:51,9749.0,12479.0,46316.0,14223.0,16108.0,43454.0
2025-07-18_18:36:51,,,,14275.0,16108.0,43454.0
2025-07-18_18:36:55,2778.0,12479.0,46316.0,12171.0,16108.0,43454.0
2025-07-18_18:36:55,9830.0,12479.0,46316.0,14224.0,16108.0,43454.0
2025-07-18_18:36:56,8536.0,12479.0,46316.0,13817.0,16108.0,43454.0
2025-07-18_18:36:56,,,,13941.0,16108.0,43454.0
2025-07-18_18:37:00,2778.0,12479.0,46316.0,12163.0,16108.0,43454.0
2025-07-18_18:37:00,9863.0,12479.0,46316.0,14182.0,16108.0,43454.0
2025-07-18_18:37:00,10140.0,12479.0,46316.0,14381.0,16108.0,43454.0
2025-07-18_18:37:00,9682.0,12479.0,46316.0,14168.0,16108.0,43454.0
2025-07-18_18:37:01,9950.0,12479.0,46317.0,14143.0,16108.0,43454.0
2025-07-18_18:37:01,,,,14121.0,16108.0,43454.0
2025-07-18_18:37:04,3373.0,12479.0,46317.0,12192.0,16108.0,43454.0
2025-07-18_18:37:05,,,,,,
2025-07-18_18:37:08,6975.0,12479.0,46317.0,3793.0,16108.0,43454.0
2025-07-18_18:37:09,10130.0,12479.0,46317.0,14480.0,16108.0,43454.0
2025-07-18_18:37:09,,,,14102.0,16108.0,43457.0
2025-07-18_18:37:13,3375.0,12479.0,46317.0,12166.0,16108.0,43457.0
2025-07-18_18:37:13,,,,,,
2025-07-18_18:37:17,6969.0,12479.0,46317.0,3792.0,16108.0,43457.0
2025-07-18_18:37:17,9627.0,12479.0,46317.0,13607.0,16108.0,43457.0
2025-07-18_18:37:17,9826.0,12479.0,46317.0,14569.0,16109.0,43458.0
2025-07-18_18:37:17,,,,,,
2025-07-18_18:37:21,6968.0,12479.0,46317.0,3792.0,16109.0,43458.0
2025-07-18_18:37:21,9442.0,12479.0,46317.0,13944.0,16109.0,43458.0
2025-07-18_18:37:22,9279.0,12479.0,46317.0,13955.0,16109.0,43458.0
2025-07-18_18:37:22,,,,,,
2025-07-18_18:37:26,6963.0,12479.0,46317.0,3793.0,16109.0,43458.0
2025-07-18_18:37:26,,,,,,
2025-07-18_18:37:30,6965.0,12479.0,46317.0,3792.0,16109.0,43458.0
2025-07-18_18:37:30,,,,13784.0,16109.0,43458.0
2025-07-18_18:37:34,3302.0,12479.0,46317.0,12193.0,16109.0,43458.0
2025-07-18_18:37:34,9804.0,12479.0,46317.0,14212.0,16109.0,43458.0
2025-07-18_18:37:34,8690.0,12479.0,46317.0,13909.0,16109.0,43458.0
2025-07-18_18:37:34,9745.0,12479.0,46317.0,14288.0,16109.0,43458.0
2025-07-18_18:37:35,9842.0,12479.0,46317.0,14227.0,16109.0,43458.0
2025-07-18_18:37:35,9923.0,12479.0,46317.0,14155.0,16109.0,43458.0
2025-07-18_18:37:35,9683.0,12479.0,46317.0,13983.0,16109.0,43458.0
2025-07-18_18:37:35,,,,,,
2025-07-18_18:37:39,6960.0,12479.0,46317.0,3793.0,16109.0,43458.0
2025-07-18_18:37:39,9590.0,12479.0,46317.0,14020.0,16109.0,43458.0
2025-07-18_18:37:39,10338.0,12479.0,46317.0,14420.0,16109.0,43458.0
2025-07-18_18:37:40,,,,,,
2025-07-18_18:37:44,6968.0,12479.0,46317.0,3792.0,16109.0,43458.0
2025-07-18_18:37:44,9562.0,12479.0,46317.0,14002.0,16109.0,43458.0
2025-07-18_18:37:44,,,,,,
2025-07-18_18:37:48,2778.0,12479.0,46317.0,3776.0,16109.0,43458.0
2025-07-18_18:37:49,,,,14570.0,16109.0,43458.0
2025-07-18_18:37:52,3375.0,12479.0,46317.0,12150.0,16109.0,43458.0
2025-07-18_18:37:53,,,,13931.0,16109.0,43458.0
2025-07-18_18:37:56,3373.0,12479.0,46317.0,12192.0,16109.0,43458.0
2025-07-18_18:37:56,9237.0,12479.0,46317.0,14006.0,16109.0,43458.0
2025-07-18_18:37:57,,,,,,
2025-07-18_18:38:01,,,,3787.0,16109.0,43458.0
2025-07-18_18:38:04,2778.0,12479.0,46317.0,12194.0,16109.0,43458.0
2025-07-18_18:38:05,,,,13852.0,16109.0,43458.0
2025-07-18_18:38:08,3358.0,12479.0,46317.0,12175.0,16109.0,43458.0
2025-07-18_18:38:08,10115.0,12479.0,46317.0,14317.0,16109.0,43458.0
2025-07-18_18:38:09,9532.0,12479.0,46317.0,13948.0,16109.0,43458.0
2025-07-18_18:38:09,8623.0,12479.0,46317.0,13975.0,16109.0,43458.0
2025-07-18_18:38:09,9748.0,12479.0,46317.0,13902.0,16109.0,43458.0
2025-07-18_18:38:09,10057.0,12479.0,46317.0,14429.0,16109.0,43458.0
2025-07-18_18:38:10,,,,,,
2025-07-18_18:38:13,6966.0,12479.0,46317.0,3793.0,16109.0,43458.0
2025-07-18_18:38:14,9665.0,12479.0,46317.0,14499.0,16109.0,43458.0
2025-07-18_18:38:14,8545.0,12479.0,46317.0,14009.0,16109.0,43458.0
2025-07-18_18:38:14,9782.0,12479.0,46317.0,13956.0,16109.0,43458.0
2025-07-18_18:38:14,9689.0,12479.0,46317.0,13810.0,16109.0,43458.0
2025-07-18_18:38:15,9726.0,12479.0,46317.0,13931.0,16109.0,43458.0
2025-07-18_18:38:15,8658.0,12479.0,46317.0,14219.0,16109.0,43458.0
2025-07-18_18:38:15,9655.0,12479.0,46317.0,14145.0,16109.0,43458.0
2025-07-18_18:38:15,,,,,,
2025-07-18_18:38:19,6969.0,12479.0,46317.0,3793.0,16109.0,43458.0
2025-07-18_18:38:19,,,,,,
2025-07-18_18:38:23,6970.0,12479.0,46317.0,3793.0,16109.0,43458.0
2025-07-18_18:38:23,9423.0,12479.0,46317.0,14106.0,16109.0,43458.0
2025-07-18_18:38:24,8037.0,12479.0,46317.0,13263.0,16109.0,43458.0
2025-07-18_18:38:24,2778.0,12479.0,46317.0,12152.0,16109.0,43458.0
2025-07-18_18:38:25,9451.0,12479.0,46317.0,14184.0,16109.0,43458.0
2025-07-18_18:38:25,9643.0,12479.0,46317.0,14105.0,16109.0,43458.0
2025-07-18_18:38:25,10218.0,12479.0,46317.0,14366.0,16109.0,43458.0
2025-07-18_18:38:25,9677.0,12479.0,46317.0,13986.0,16109.0,43458.0
2025-07-18_18:38:26,8503.0,12479.0,46317.0,13717.0,16109.0,43458.0
2025-07-18_18:38:26,10611.0,12480.0,46338.0,14631.0,16109.0,43458.0
2025-07-18_18:38:26,,,,13910.0,16109.0,43458.0
2025-07-18_18:38:30,2778.0,12480.0,46338.0,12195.0,16109.0,43458.0
2025-07-18_18:38:30,9602.0,12480.0,46338.0,14184.0,16109.0,43458.0
2025-07-18_18:38:30,,,,,,
2025-07-18_18:38:34,6969.0,12480.0,46338.0,3787.0,16109.0,43458.0
2025-07-18_18:38:34,9810.0,12480.0,46338.0,14013.0,16109.0,43458.0
2025-07-18_18:38:35,9656.0,12480.0,46338.0,14108.0,16109.0,43458.0
2025-07-18_18:38:35,8628.0,12480.0,46338.0,14206.0,16109.0,43458.0
2025-07-18_18:38:35,9880.0,12480.0,46338.0,14088.0,16109.0,43458.0
2025-07-18_18:38:35,9822.0,12480.0,46338.0,14039.0,16109.0,43458.0
2025-07-18_18:38:35,,,,,,
2025-07-18_18:38:39,6968.0,12480.0,46338.0,3794.0,16109.0,43458.0
2025-07-18_18:38:40,9348.0,12480.0,46338.0,14219.0,16109.0,43458.0
2025-07-18_18:38:40,,,,,,
2025-07-18_18:38:44,6965.0,12480.0,46338.0,3793.0,16109.0,43458.0
2025-07-18_18:38:44,8651.0,12480.0,46338.0,14262.0,16109.0,43458.0
2025-07-18_18:38:44,,,,,,
2025-07-18_18:38:48,6966.0,12480.0,46338.0,3792.0,16109.0,43458.0
2025-07-18_18:38:48,,,,,,
2025-07-18_18:38:52,6964.0,12480.0,46338.0,3793.0,16109.0,43458.0
2025-07-18_18:38:52,,,,13877.0,16109.0,43458.0
2025-07-18_18:38:56,3319.0,12480.0,46338.0,12194.0,16109.0,43458.0
2025-07-18_18:38:56,,,,,,
2025-07-18_18:39:00,2778.0,12480.0,46338.0,3776.0,16109.0,43458.0
2025-07-18_18:39:01,,,,,,
2025-07-18_18:39:05,2778.0,12480.0,46338.0,3776.0,16109.0,43458.0
2025-07-18_18:39:05,,,,14185.0,16109.0,43458.0
2025-07-18_18:39:09,3319.0,12480.0,46338.0,12181.0,16109.0,43458.0
2025-07-18_18:39:09,9990.0,12480.0,46338.0,14574.0,16109.0,43458.0
2025-07-18_18:39:09,9851.0,12480.0,46338.0,13989.0,16109.0,43458.0
2025-07-18_18:39:10,9610.0,12480.0,46338.0,14196.0,16109.0,43458.0
2025-07-18_18:39:10,10083.0,12480.0,46338.0,14202.0,16109.0,43458.0
2025-07-18_18:39:10,9811.0,12480.0,46338.0,14221.0,16109.0,43458.0
2025-07-18_18:39:10,,,,14065.0,16109.0,43458.0
2025-07-18_18:39:14,3319.0,12480.0,46338.0,12190.0,16109.0,43458.0
2025-07-18_18:39:14,8706.0,12480.0,46338.0,14190.0,16109.0,43458.0
2025-07-18_18:39:14,8914.0,12480.0,46338.0,13800.0,16109.0,43458.0
2025-07-18_18:39:15,9753.0,12480.0,46338.0,14314.0,16109.0,43458.0
2025-07-18_18:39:15,9685.0,12480.0,46338.0,14176.0,16109.0,43458.0
2025-07-18_18:39:15,9884.0,12480.0,46341.0,14385.0,16109.0,43458.0
2025-07-18_18:39:15,,,,12046.0,16109.0,43458.0
2025-07-18_18:39:19,2778.0,12480.0,46341.0,12188.0,16109.0,43458.0
2025-07-18_18:39:19,9180.0,12480.0,46341.0,13976.0,16109.0,43458.0
2025-07-18_18:39:20,9674.0,12480.0,46341.0,13970.0,16109.0,43458.0
2025-07-18_18:39:20,,,,13967.0,16109.0,43458.0
2025-07-18_18:39:24,3375.0,12480.0,46341.0,12165.0,16109.0,43458.0
2025-07-18_18:39:24,,,,,,
2025-07-18_18:39:28,6958.0,12480.0,46343.0,3792.0,16109.0,43458.0
2025-07-18_18:39:28,9528.0,12480.0,46343.0,14346.0,16109.0,43458.0
2025-07-18_18:39:28,8598.0,12480.0,46343.0,14101.0,16109.0,43458.0
2025-07-18_18:39:28,10093.0,12480.0,46343.0,14508.0,16109.0,43458.0
2025-07-18_18:39:29,9490.0,12480.0,46343.0,13914.0,16109.0,43458.0
2025-07-18_18:39:29,9803.0,12480.0,46343.0,14218.0,16109.0,43458.0
2025-07-18_18:39:29,,,,,,
2025-07-18_18:39:33,6959.0,12480.0,46343.0,3792.0,16109.0,43458.0
2025-07-18_18:39:33,10263.0,12480.0,46343.0,14510.0,16109.0,43458.0
2025-07-18_18:39:33,,,,,,
2025-07-18_18:39:37,,,,3792.0,16109.0,43458.0
2025-07-18_18:39:41,2778.0,12480.0,46343.0,12191.0,16109.0,43458.0
2025-07-18_18:39:41,9573.0,12480.0,46343.0,13979.0,16109.0,43458.0
2025-07-18_18:39:41,9700.0,12480.0,46343.0,14131.0,16109.0,43458.0
2025-07-18_18:39:42,,,,14149.0,16109.0,43458.0
2025-07-18_18:39:45,3375.0,12480.0,46343.0,12188.0,16109.0,43458.0
2025-07-18_18:39:46,9633.0,12480.0,46351.0,14162.0,16109.0,43458.0
2025-07-18_18:39:46,,,,,,
2025-07-18_18:39:50,6965.0,12480.0,46351.0,3792.0,16109.0,43458.0
2025-07-18_18:39:50,,,,,,
2025-07-18_18:39:54,6965.0,12480.0,46351.0,3793.0,16109.0,43458.0
2025-07-18_18:39:54,8711.0,12480.0,46351.0,14196.0,16109.0,43458.0
2025-07-18_18:39:54,,,,,,
2025-07-18_18:39:58,6964.0,12480.0,46351.0,3792.0,16109.0,43458.0
2025-07-18_18:39:58,8586.0,12480.0,46351.0,14207.0,16109.0,43458.0
2025-07-18_18:39:58,10066.0,12480.0,46351.0,14172.0,16109.0,43458.0
2025-07-18_18:39:59,9916.0,12480.0,46351.0,14386.0,16109.0,43458.0
2025-07-18_18:39:59,,,,,,
2025-07-18_18:40:03,6967.0,12480.0,46351.0,3793.0,16109.0,43458.0
2025-07-18_18:40:03,9188.0,12480.0,46351.0,13817.0,16109.0,43458.0
2025-07-18_18:40:03,,,,13785.0,16109.0,43458.0
2025-07-18_18:40:07,3302.0,12480.0,46351.0,12192.0,16109.0,43458.0
2025-07-18_18:40:07,9594.0,12480.0,46351.0,14096.0,16109.0,43458.0
2025-07-18_18:40:07,,,,14470.0,16109.0,43458.0
2025-07-18_18:40:11,3302.0,12480.0,46351.0,12174.0,16109.0,43458.0
2025-07-18_18:40:11,,,,13955.0,16109.0,43458.0
2025-07-18_18:40:15,3302.0,12480.0,46351.0,12184.0,16109.0,43458.0
2025-07-18_18:40:15,9629.0,12480.0,46351.0,14124.0,16109.0,43458.0
2025-07-18_18:40:15,8564.0,12480.0,46351.0,14219.0,16109.0,43458.0
2025-07-18_18:40:15,,,,13999.0,16109.0,43458.0
2025-07-18_18:40:19,3302.0,12480.0,46351.0,12186.0,16109.0,43458.0
2025-07-18_18:40:19,9914.0,12480.0,46351.0,14362.0,16109.0,43458.0
2025-07-18_18:40:20,9952.0,12480.0,46351.0,14305.0,16109.0,43458.0
2025-07-18_18:40:20,9591.0,12480.0,46351.0,14004.0,16109.0,43458.0
2025-07-18_18:40:20,9749.0,12480.0,46351.0,14015.0,16109.0,43458.0
2025-07-18_18:40:20,,,,14487.0,16109.0,43458.0
2025-07-18_18:40:24,3358.0,12480.0,46351.0,12192.0,16109.0,43458.0
2025-07-18_18:40:24,,,,13609.0,16109.0,43458.0
2025-07-18_18:40:28,3304.0,12480.0,46351.0,12192.0,16109.0,43458.0
2025-07-18_18:40:28,9056.0,12480.0,46351.0,13933.0,16109.0,43458.0
2025-07-18_18:40:28,9681.0,12480.0,46352.0,13988.0,16109.0,43458.0
2025-07-18_18:40:28,,,,,,
2025-07-18_18:40:32,6966.0,12480.0,46352.0,3792.0,16109.0,43458.0
2025-07-18_18:40:32,9756.0,12480.0,46352.0,14085.0,16109.0,43458.0
2025-07-18_18:40:33,,,,13980.0,16109.0,43458.0
2025-07-18_18:40:36,3375.0,12480.0,46352.0,12182.0,16109.0,43458.0
2025-07-18_18:40:37,10101.0,12480.0,46352.0,14229.0,16109.0,43458.0
2025-07-18_18:40:37,9920.0,12480.0,46352.0,14321.0,16109.0,43458.0
2025-07-18_18:40:37,,,,13691.0,16109.0,43458.0
2025-07-18_18:40:41,3302.0,12480.0,46352.0,12196.0,16109.0,43458.0
2025-07-18_18:40:41,,,,13922.0,16109.0,43458.0
2025-07-18_18:40:45,3375.0,12480.0,46352.0,12137.0,16109.0,43458.0
2025-07-18_18:40:45,9739.0,12480.0,46352.0,14288.0,16109.0,43458.0
2025-07-18_18:40:45,9873.0,12480.0,46352.0,14277.0,16109.0,43458.0
2025-07-18_18:40:45,9658.0,12480.0,46352.0,14274.0,16109.0,43458.0
2025-07-18_18:40:46,9822.0,12480.0,46352.0,14226.0,16109.0,43458.0
2025-07-18_18:40:46,9603.0,12480.0,46352.0,14006.0,16109.0,43458.0
2025-07-18_18:40:46,9976.0,12480.0,46352.0,14292.0,16109.0,43458.0
2025-07-18_18:40:46,9192.0,12480.0,46352.0,13797.0,16109.0,43458.0
2025-07-18_18:40:46,8579.0,12480.0,46360.0,13966.0,16109.0,43458.0
2025-07-18_18:40:47,9808.0,12480.0,46360.0,14038.0,16109.0,43458.0
2025-07-18_18:40:47,8663.0,12480.0,46360.0,14229.0,16109.0,43458.0
2025-07-18_18:40:47,10182.0,12480.0,46360.0,14372.0,16109.0,43458.0
2025-07-18_18:40:47,,,,,,
2025-07-18_18:40:52,3356.0,12480.0,46360.0,4596.0,16109.0,43458.0
2025-07-18_18:40:52,,,,,,
2025-07-18_18:40:56,6968.0,12480.0,46360.0,3795.0,16109.0,43458.0
2025-07-18_18:40:56,9602.0,12480.0,46360.0,14011.0,16109.0,43458.0
2025-07-18_18:40:56,9822.0,12480.0,46360.0,14000.0,16109.0,43458.0
2025-07-18_18:40:56,9672.0,12480.0,46360.0,14161.0,16109.0,43458.0
2025-07-18_18:40:57,9692.0,12480.0,46360.0,14170.0,16109.0,43458.0
2025-07-18_18:40:57,,,,13932.0,16109.0,43458.0
2025-07-18_18:41:01,3302.0,12480.0,46360.0,12195.0,16109.0,43458.0
2025-07-18_18:41:01,9800.0,12480.0,46360.0,14252.0,16109.0,43458.0
2025-07-18_18:41:01,9898.0,12480.0,46360.0,14139.0,16109.0,43458.0
2025-07-18_18:41:01,,,,14122.0,16109.0,43458.0
2025-07-18_18:41:05,3319.0,12480.0,46360.0,12196.0,16109.0,43458.0
2025-07-18_18:41:05,,,,,,
2025-07-18_18:41:09,6964.0,12480.0,46360.0,3793.0,16109.0,43458.0
2025-07-18_18:41:09,9584.0,12480.0,46360.0,14189.0,16109.0,43458.0
2025-07-18_18:41:09,9915.0,12480.0,46360.0,14370.0,16109.0,43459.0
2025-07-18_18:41:10,,,,,,
2025-07-18_18:41:14,6966.0,12480.0,46360.0,3793.0,16109.0,43459.0
2025-07-18_18:41:14,8663.0,12480.0,46360.0,14209.0,16109.0,43459.0
2025-07-18_18:41:14,9818.0,12480.0,46370.0,14037.0,16109.0,43459.0
2025-07-18_18:41:14,9681.0,12480.0,46370.0,13980.0,16109.0,43459.0
2025-07-18_18:41:14,10191.0,12480.0,46370.0,14482.0,16109.0,43459.0
2025-07-18_18:41:15,9245.0,12480.0,46370.0,13945.0,16109.0,43459.0
2025-07-18_18:41:15,,,,,,
2025-07-18_18:41:19,6970.0,12480.0,46370.0,3793.0,16109.0,43459.0
2025-07-18_18:41:19,9212.0,12480.0,46370.0,14141.0,16109.0,43459.0
2025-07-18_18:41:19,,,,,,
2025-07-18_18:41:23,6969.0,12480.0,46370.0,3792.0,16109.0,43459.0
2025-07-18_18:41:23,9645.0,12480.0,46370.0,14101.0,16109.0,43459.0
2025-07-18_18:41:23,9653.0,12480.0,46370.0,14105.0,16109.0,43459.0
2025-07-18_18:41:24,9050.0,12480.0,46370.0,13923.0,16109.0,43459.0
2025-07-18_18:41:24,9675.0,12480.0,46370.0,14000.0,16109.0,43459.0
2025-07-18_18:41:24,10219.0,12480.0,46370.0,14593.0,16109.0,43459.0
2025-07-18_18:41:24,9579.0,12480.0,46370.0,14291.0,16109.0,43459.0
2025-07-18_18:41:25,10074.0,12480.0,46370.0,14025.0,16109.0,43459.0
2025-07-18_18:41:25,9825.0,12480.0,46370.0,14043.0,16109.0,43459.0
2025-07-18_18:41:25,,,,,,
2025-07-18_18:41:29,6965.0,12480.0,46370.0,3793.0,16109.0,43459.0
2025-07-18_18:41:29,9607.0,12480.0,46370.0,13998.0,16109.0,43459.0
2025-07-18_18:41:29,,,,13796.0,16109.0,43459.0
2025-07-18_18:41:33,3375.0,12480.0,46370.0,12192.0,16109.0,43459.0
2025-07-18_18:41:33,9732.0,12480.0,46370.0,14213.0,16109.0,43459.0
2025-07-18_18:41:33,9460.0,12480.0,46370.0,14105.0,16109.0,43459.0
2025-07-18_18:41:34,9910.0,12480.0,46370.0,14345.0,16109.0,43459.0
2025-07-18_18:41:34,,,,,,
2025-07-18_18:41:38,6966.0,12480.0,46370.0,3792.0,16109.0,43459.0
2025-07-18_18:41:38,10255.0,12480.0,46370.0,14484.0,16109.0,43462.0
2025-07-18_18:41:38,9224.0,12480.0,46370.0,13937.0,16109.0,43462.0
2025-07-18_18:41:38,,,,14282.0,16109.0,43462.0
2025-07-18_18:41:42,3358.0,12480.0,46370.0,12160.0,16109.0,43462.0
2025-07-18_18:41:42,,,,13818.0,16109.0,43462.0
2025-07-18_18:41:46,2778.0,12480.0,46370.0,12188.0,16109.0,43462.0
2025-07-18_18:41:46,,,,,,
2025-07-18_18:41:50,6960.0,12480.0,46370.0,3792.0,16109.0,43462.0
2025-07-18_18:41:50,8648.0,12480.0,46370.0,14202.0,16109.0,43462.0
2025-07-18_18:41:51,9677.0,12480.0,46370.0,14336.0,16109.0,43462.0
2025-07-18_18:41:51,,,,13908.0,16109.0,43462.0
2025-07-18_18:41:55,2778.0,12480.0,46370.0,12198.0,16109.0,43462.0
2025-07-18_18:41:55,9409.0,12480.0,46370.0,13940.0,16109.0,43462.0
2025-07-18_18:41:55,,,,14092.0,16109.0,43462.0
2025-07-18_18:41:59,2778.0,12480.0,46370.0,12169.0,16109.0,43462.0
2025-07-18_18:41:59,9671.0,12480.0,46370.0,14170.0,16109.0,43462.0
2025-07-18_18:41:59,10038.0,12480.0,46370.0,14517.0,16109.0,43462.0
2025-07-18_18:42:00,9853.0,12480.0,46370.0,14030.0,16109.0,43462.0
2025-07-18_18:42:00,,,,14517.0,16109.0,43462.0
2025-07-18_18:42:04,2778.0,12480.0,46370.0,12193.0,16109.0,43462.0
2025-07-18_18:42:04,,,,,,
2025-07-18_18:42:08,6971.0,12480.0,46370.0,3792.0,16109.0,43462.0
2025-07-18_18:42:08,,,,13854.0,16109.0,43462.0
2025-07-18_18:42:12,3317.0,12480.0,46370.0,12197.0,16109.0,43462.0
2025-07-18_18:42:12,9513.0,12480.0,46370.0,13861.0,16109.0,43462.0
2025-07-18_18:42:12,,,,14166.0,16109.0,43462.0
2025-07-18_18:42:16,3358.0,12480.0,46370.0,12189.0,16109.0,43462.0
2025-07-18_18:42:16,10436.0,12480.0,46370.0,14645.0,16109.0,43462.0
2025-07-18_18:42:16,10237.0,12480.0,46370.0,14394.0,16109.0,43462.0
2025-07-18_18:42:16,9916.0,12480.0,46370.0,14244.0,16109.0,43462.0
2025-07-18_18:42:17,9775.0,12480.0,46370.0,14275.0,16109.0,43462.0
2025-07-18_18:42:17,8553.0,12480.0,46370.0,14000.0,16109.0,43462.0
2025-07-18_18:42:17,9797.0,12480.0,46370.0,14100.0,16109.0,43462.0
2025-07-18_18:42:17,,,,,,
2025-07-18_18:42:21,6969.0,12480.0,46370.0,3792.0,16109.0,43462.0
2025-07-18_18:42:21,,,,13840.0,16109.0,43462.0
2025-07-18_18:42:25,,,,,,
2025-07-18_18:42:29,,,,3792.0,16109.0,43462.0
2025-07-18_18:42:33,2778.0,12480.0,46370.0,12191.0,16109.0,43462.0
2025-07-18_18:42:33,,,,,,
2025-07-18_18:42:37,,,,3776.0,16109.0,43462.0
2025-07-18_18:42:41,2778.0,12480.0,46370.0,12187.0,16109.0,43462.0
2025-07-18_18:42:41,10557.0,12480.0,46377.0,14449.0,16109.0,43462.0
2025-07-18_18:42:41,,,,13299.0,16109.0,43462.0
2025-07-18_18:42:45,2778.0,12480.0,46377.0,12192.0,16109.0,43462.0
2025-07-18_18:42:45,9685.0,12480.0,46377.0,14177.0,16109.0,43462.0
2025-07-18_18:42:45,9685.0,12480.0,46377.0,14254.0,16109.0,43462.0
2025-07-18_18:42:45,9902.0,12480.0,46377.0,14256.0,16109.0,43462.0
2025-07-18_18:42:46,,,,,,
2025-07-18_18:42:50,6970.0,12480.0,46377.0,3792.0,16109.0,43462.0
2025-07-18_18:42:50,,,,14209.0,16109.0,43462.0
2025-07-18_18:42:53,3375.0,12480.0,46377.0,12188.0,16109.0,43462.0
2025-07-18_18:42:54,9780.0,12480.0,46377.0,14222.0,16109.0,43462.0
2025-07-18_18:42:54,9871.0,12480.0,46377.0,14032.0,16109.0,43462.0
2025-07-18_18:42:54,,,,,,
2025-07-18_18:42:58,6966.0,12480.0,46377.0,3786.0,16109.0,43462.0
2025-07-18_18:42:58,,,,13067.0,16109.0,43462.0
2025-07-18_18:43:02,2778.0,12480.0,46377.0,12171.0,16109.0,43462.0
2025-07-18_18:43:02,,,,12051.0,16109.0,43462.0
2025-07-18_18:43:06,2778.0,12480.0,46377.0,12168.0,16109.0,43462.0
2025-07-18_18:43:06,10254.0,12480.0,46377.0,14386.0,16109.0,43462.0
2025-07-18_18:43:07,9836.0,12480.0,46377.0,14215.0,16109.0,43462.0
2025-07-18_18:43:07,9647.0,12480.0,46377.0,14258.0,16109.0,43462.0
2025-07-18_18:43:07,9786.0,12480.0,46377.0,13982.0,16109.0,43462.0
2025-07-18_18:43:07,,,,14650.0,16109.0,43462.0
2025-07-18_18:43:11,2778.0,12480.0,46377.0,12194.0,16109.0,43462.0
2025-07-18_18:43:11,10630.0,12480.0,46377.0,14710.0,16109.0,43462.0
2025-07-18_18:43:12,9650.0,12480.0,46377.0,14361.0,16109.0,43462.0
2025-07-18_18:43:12,8033.0,12480.0,46377.0,13274.0,16109.0,43462.0
2025-07-18_18:43:12,,,,13936.0,16109.0,43462.0
2025-07-18_18:43:16,3319.0,12480.0,46377.0,12185.0,16109.0,43462.0
2025-07-18_18:43:16,9608.0,12480.0,46377.0,14222.0,16109.0,43462.0
2025-07-18_18:43:16,10140.0,12480.0,46377.0,14187.0,16109.0,43462.0
2025-07-18_18:43:16,,,,,,
2025-07-18_18:43:20,6959.0,12480.0,46377.0,3787.0,16109.0,43462.0
2025-07-18_18:43:21,10606.0,12480.0,46377.0,14712.0,16109.0,43462.0
2025-07-18_18:43:21,9651.0,12480.0,46377.0,14107.0,16109.0,43462.0
2025-07-18_18:43:21,9676.0,12480.0,46377.0,13984.0,16109.0,43462.0
2025-07-18_18:43:21,9969.0,12480.0,46377.0,14331.0,16109.0,43462.0
2025-07-18_18:43:21,9654.0,12480.0,46377.0,14141.0,16109.0,43462.0
2025-07-18_18:43:22,,,,14117.0,16109.0,43462.0
2025-07-18_18:43:29,2778.0,12480.0,46377.0,3776.0,16109.0,43462.0
2025-07-18_18:43:29,,,,,,
2025-07-18_18:43:33,6968.0,12480.0,46377.0,3787.0,16109.0,43462.0
2025-07-18_18:43:34,9653.0,12480.0,46377.0,14250.0,16109.0,43462.0
2025-07-18_18:43:34,10210.0,12480.0,46377.0,14390.0,16109.0,43462.0
2025-07-18_18:43:34,9833.0,12480.0,46377.0,14078.0,16109.0,43462.0
2025-07-18_18:43:34,9677.0,12480.0,46377.0,14008.0,16109.0,43462.0
2025-07-18_18:43:34,,,,,,
2025-07-18_18:43:39,2778.0,12480.0,46377.0,3776.0,16109.0,43462.0
2025-07-18_18:43:39,,,,,,
2025-07-18_18:43:43,6965.0,12480.0,46377.0,3793.0,16109.0,43462.0
2025-07-18_18:43:43,10202.0,12480.0,46377.0,14052.0,16109.0,43462.0
2025-07-18_18:43:44,9651.0,12480.0,46377.0,13876.0,16109.0,43462.0
2025-07-18_18:43:44,,,,14150.0,16109.0,43462.0
2025-07-18_18:43:48,3317.0,12480.0,46377.0,12193.0,16109.0,43462.0
2025-07-18_18:43:48,8968.0,12480.0,46378.0,13780.0,16109.0,43462.0
2025-07-18_18:43:48,9715.0,12480.0,46378.0,14025.0,16109.0,43462.0
2025-07-18_18:43:48,9848.0,12480.0,46378.0,14048.0,16109.0,43462.0
2025-07-18_18:43:48,,,,13984.0,16109.0,43462.0
2025-07-18_18:43:52,3358.0,12480.0,46378.0,12172.0,16109.0,43462.0
2025-07-18_18:43:52,9699.0,12480.0,46378.0,14014.0,16109.0,43462.0
2025-07-18_18:43:53,,,,,,
2025-07-18_18:43:56,6966.0,12480.0,46378.0,3793.0,16109.0,43462.0
2025-07-18_18:43:57,10276.0,12480.0,46378.0,14295.0,16109.0,43462.0
2025-07-18_18:43:57,10176.0,12480.0,46378.0,14139.0,16109.0,43462.0
2025-07-18_18:43:57,8097.0,12480.0,46378.0,13334.0,16109.0,43462.0
2025-07-18_18:43:57,10206.0,12480.0,46379.0,14465.0,16109.0,43462.0
2025-07-18_18:43:58,9659.0,12480.0,46379.0,14095.0,16109.0,43462.0
2025-07-18_18:43:58,,,,14044.0,16109.0,43462.0
2025-07-18_18:44:01,3358.0,12480.0,46379.0,12190.0,16109.0,43462.0
2025-07-18_18:44:02,9869.0,12480.0,46379.0,14014.0,16109.0,43462.0
2025-07-18_18:44:02,9811.0,12480.0,46379.0,13791.0,16109.0,43462.0
2025-07-18_18:44:02,,,,,,
2025-07-18_18:44:06,6966.0,12480.0,46379.0,3786.0,16109.0,43462.0
2025-07-18_18:44:07,6967.0,12480.0,46379.0,3804.0,16109.0,43462.0
2025-07-18_18:44:07,9657.0,12480.0,46380.0,14030.0,16109.0,43482.0
2025-07-18_18:44:07,8631.0,12480.0,46380.0,14085.0,16109.0,43482.0
2025-07-18_18:44:08,9871.0,12480.0,46380.0,14310.0,16109.0,43482.0
2025-07-18_18:44:08,10200.0,12480.0,46390.0,14011.0,16109.0,43483.0
2025-07-18_18:44:08,9890.0,12480.0,46390.0,14075.0,16109.0,43483.0
2025-07-18_18:44:08,,,,,,
2025-07-18_18:44:13,2778.0,12480.0,46390.0,3776.0,16109.0,43483.0
2025-07-18_18:44:13,,,,,,
2025-07-18_18:44:17,6964.0,12480.0,46390.0,3792.0,16109.0,43483.0
2025-07-18_18:44:17,,,,,,
2025-07-18_18:44:21,2778.0,12480.0,46390.0,3776.0,16109.0,43483.0
2025-07-18_18:44:22,10508.0,12480.0,46390.0,14664.0,16109.0,43483.0
2025-07-18_18:44:22,,,,13897.0,16109.0,43483.0
2025-07-18_18:44:26,3375.0,12480.0,46390.0,12170.0,16109.0,43483.0
2025-07-18_18:44:26,,,,,,
2025-07-18_18:44:30,6965.0,12480.0,46390.0,3793.0,16109.0,43483.0
2025-07-18_18:44:30,9676.0,12480.0,46390.0,14131.0,16109.0,43483.0
2025-07-18_18:44:30,10170.0,12480.0,46390.0,14474.0,16109.0,43483.0
2025-07-18_18:44:30,9875.0,12480.0,46390.0,14024.0,16109.0,43486.0
2025-07-18_18:44:31,9708.0,12480.0,46390.0,14034.0,16109.0,43486.0
2025-07-18_18:44:31,,,,,,
2025-07-18_18:44:35,6964.0,12480.0,46390.0,3792.0,16109.0,43486.0
2025-07-18_18:44:35,,,,14311.0,16109.0,43486.0
2025-07-18_18:44:38,3375.0,12480.0,46390.0,12196.0,16109.0,43486.0
2025-07-18_18:44:39,9590.0,12480.0,46390.0,13793.0,16109.0,43486.0
2025-07-18_18:44:39,10389.0,12480.0,46390.0,14849.0,16109.0,43486.0
2025-07-18_18:44:39,10191.0,12480.0,46390.0,14736.0,16109.0,43486.0
2025-07-18_18:44:39,9670.0,12480.0,46390.0,14159.0,16109.0,43486.0
2025-07-18_18:44:40,,,,13977.0,16109.0,43486.0
2025-07-18_18:44:43,3358.0,12480.0,46390.0,12169.0,16109.0,43486.0
2025-07-18_18:44:44,,,,,,
2025-07-18_18:44:47,6964.0,12480.0,46390.0,3786.0,16109.0,43486.0
2025-07-18_18:44:48,9218.0,12480.0,46390.0,13796.0,16109.0,43486.0
2025-07-18_18:44:48,,,,14162.0,16109.0,43486.0
2025-07-18_18:44:52,3304.0,12480.0,46390.0,12185.0,16109.0,43486.0
2025-07-18_18:44:53,2778.0,12480.0,46390.0,12956.0,16109.0,43486.0
2025-07-18_18:44:53,,,,13927.0,16109.0,43486.0
2025-07-18_18:44:57,2778.0,12480.0,46390.0,12192.0,16109.0,43486.0
2025-07-18_18:44:57,9863.0,12480.0,46390.0,14079.0,16109.0,43486.0
2025-07-18_18:44:57,,,,,,
2025-07-18_18:45:02,2778.0,12480.0,46390.0,3776.0,16109.0,43486.0
2025-07-18_18:45:02,9252.0,12480.0,46390.0,14139.0,16109.0,43486.0
2025-07-18_18:45:02,,,,,,
2025-07-18_18:45:06,6967.0,12480.0,46390.0,3792.0,16109.0,43486.0
2025-07-18_18:45:06,,,,,,
2025-07-18_18:45:11,2778.0,12480.0,46390.0,3776.0,16109.0,43486.0
2025-07-18_18:45:11,9588.0,12480.0,46390.0,14006.0,16109.0,43486.0
2025-07-18_18:45:11,8563.0,12480.0,46390.0,13948.0,16109.0,43486.0
2025-07-18_18:45:11,8562.0,12480.0,46390.0,14210.0,16109.0,43486.0
2025-07-18_18:45:12,9808.0,12480.0,46390.0,14225.0,16109.0,43486.0
2025-07-18_18:45:12,9794.0,12480.0,46390.0,14226.0,16109.0,43486.0
2025-07-18_18:45:12,,,,13965.0,16109.0,43486.0
2025-07-18_18:45:16,,,,,,
2025-07-18_18:45:20,,,,3793.0,16109.0,43486.0
2025-07-18_18:45:24,2778.0,12480.0,46390.0,3787.0,16109.0,43486.0
2025-07-18_18:45:24,,,,14155.0,16109.0,43486.0
2025-07-18_18:45:28,3375.0,12480.0,46390.0,12188.0,16109.0,43486.0
2025-07-18_18:45:28,,,,13834.0,16109.0,43486.0
2025-07-18_18:45:32,3319.0,12480.0,46390.0,12191.0,16109.0,43486.0
2025-07-18_18:45:32,9953.0,12480.0,46390.0,14366.0,16109.0,43486.0
2025-07-18_18:45:32,10262.0,12480.0,46390.0,14496.0,16109.0,43486.0
2025-07-18_18:45:33,10111.0,12480.0,46390.0,14212.0,16109.0,43486.0
2025-07-18_18:45:33,9985.0,12480.0,46390.0,14544.0,16109.0,43489.0
2025-07-18_18:45:33,,,,,,
2025-07-18_18:45:37,6963.0,12480.0,46390.0,3787.0,16109.0,43489.0
2025-07-18_18:45:37,10456.0,12480.0,46390.0,14687.0,16109.0,43489.0
2025-07-18_18:45:37,8677.0,12480.0,46390.0,14093.0,16109.0,43489.0
2025-07-18_18:45:38,9784.0,12480.0,46390.0,14147.0,16109.0,43489.0
2025-07-18_18:45:38,8616.0,12480.0,46390.0,14182.0,16109.0,43489.0
2025-07-18_18:45:38,10176.0,12480.0,46390.0,13916.0,16109.0,43489.0
2025-07-18_18:45:38,9918.0,12480.0,46390.0,14372.0,16109.0,43489.0
2025-07-18_18:45:38,9816.0,12480.0,46390.0,13848.0,16109.0,43489.0
2025-07-18_18:45:39,8669.0,12480.0,46391.0,14081.0,16109.0,43489.0
2025-07-18_18:45:39,9653.0,12480.0,46391.0,14323.0,16109.0,43489.0
2025-07-18_18:45:39,9655.0,12480.0,46391.0,14120.0,16109.0,43489.0
2025-07-18_18:45:39,10418.0,12480.0,46391.0,14537.0,16109.0,43489.0
2025-07-18_18:45:40,,,,,,
2025-07-18_18:45:43,6966.0,12480.0,46391.0,3787.0,16109.0,43489.0
2025-07-18_18:45:44,,,,,,
2025-07-18_18:45:47,6971.0,12480.0,46391.0,3794.0,16109.0,43489.0
2025-07-18_18:45:48,8702.0,12480.0,46391.0,14194.0,16109.0,43489.0
2025-07-18_18:45:49,2778.0,12480.0,46391.0,12812.0,16109.0,43489.0
2025-07-18_18:45:49,9674.0,12480.0,46391.0,14170.0,16109.0,43489.0
2025-07-18_18:45:49,,,,,,
2025-07-18_18:45:53,6963.0,12480.0,46391.0,3792.0,16109.0,43489.0
2025-07-18_18:45:53,8542.0,12480.0,46391.0,13896.0,16109.0,43489.0
2025-07-18_18:45:53,9608.0,12480.0,46391.0,14212.0,16109.0,43489.0
2025-07-18_18:45:54,,,,,,
2025-07-18_18:45:58,2778.0,12480.0,46391.0,3776.0,16109.0,43489.0
2025-07-18_18:45:58,,,,,,
2025-07-18_18:46:02,6964.0,12480.0,46391.0,3793.0,16109.0,43489.0
2025-07-18_18:46:02,,,,,,
2025-07-18_18:46:06,6969.0,12480.0,46391.0,3792.0,16109.0,43489.0
2025-07-18_18:46:06,,,,13237.0,16109.0,43489.0
2025-07-18_18:46:10,2778.0,12480.0,46391.0,12187.0,16109.0,43491.0
2025-07-18_18:46:10,9952.0,12480.0,46392.0,14215.0,16109.0,43494.0
2025-07-18_18:46:11,,,,14166.0,16109.0,43494.0
2025-07-18_18:46:15,2778.0,12480.0,46392.0,12184.0,16109.0,43494.0
2025-07-18_18:46:15,10158.0,12480.0,46392.0,14465.0,16109.0,43494.0
2025-07-18_18:46:15,9412.0,12480.0,46392.0,13930.0,16109.0,43494.0
2025-07-18_18:46:15,9829.0,12480.0,46392.0,14039.0,16109.0,43494.0
2025-07-18_18:46:15,9663.0,12480.0,46392.0,14177.0,16109.0,43494.0
2025-07-18_18:46:16,9672.0,12480.0,46392.0,14178.0,16109.0,43494.0
2025-07-18_18:46:16,9492.0,12480.0,46392.0,14162.0,16109.0,43494.0
2025-07-18_18:46:16,10371.0,12480.0,46392.0,14554.0,16109.0,43494.0
2025-07-18_18:46:16,9827.0,12480.0,46392.0,14254.0,16109.0,43494.0
2025-07-18_18:46:17,10259.0,12480.0,46394.0,14302.0,16109.0,43494.0
2025-07-18_18:46:17,,,,13867.0,16109.0,43494.0
2025-07-18_18:46:21,3375.0,12480.0,46394.0,12179.0,16109.0,43494.0
2025-07-18_18:46:21,8500.0,12480.0,46394.0,13766.0,16109.0,43494.0
2025-07-18_18:46:21,,,,14058.0,16109.0,43494.0
2025-07-18_18:46:25,3358.0,12480.0,46394.0,12200.0,16109.0,43494.0
2025-07-18_18:46:25,,,,,,
2025-07-18_18:46:29,6964.0,12480.0,46394.0,3792.0,16109.0,43494.0
2025-07-18_18:46:29,9613.0,12480.0,46394.0,14260.0,16109.0,43494.0
2025-07-18_18:46:29,9231.0,12480.0,46394.0,14113.0,16109.0,43494.0
2025-07-18_18:46:29,,,,,,
2025-07-18_18:46:33,6964.0,12480.0,46394.0,3792.0,16109.0,43494.0
2025-07-18_18:46:33,9694.0,12480.0,46394.0,14207.0,16109.0,43494.0
2025-07-18_18:46:34,9922.0,12480.0,46394.0,14320.0,16109.0,43494.0
2025-07-18_18:46:34,8537.0,12480.0,46394.0,14104.0,16109.0,43494.0
2025-07-18_18:46:34,8534.0,12480.0,46394.0,13915.0,16109.0,43494.0
2025-07-18_18:46:34,,,,,,
2025-07-18_18:46:39,2778.0,12480.0,46394.0,3776.0,16109.0,43494.0
2025-07-18_18:46:40,2778.0,12480.0,46394.0,12956.0,16109.0,43494.0
2025-07-18_18:46:40,9889.0,12480.0,46394.0,13776.0,16109.0,43494.0
2025-07-18_18:46:40,,,,14069.0,16109.0,43494.0
2025-07-18_18:46:44,2778.0,12480.0,46394.0,12189.0,16109.0,43494.0
2025-07-18_18:46:44,9683.0,12480.0,46394.0,14170.0,16109.0,43494.0
2025-07-18_18:46:44,10394.0,12480.0,46394.0,14392.0,16109.0,43494.0
2025-07-18_18:46:45,9669.0,12480.0,46394.0,14139.0,16109.0,43494.0
2025-07-18_18:46:45,,,,14109.0,16109.0,43494.0
2025-07-18_18:46:49,3377.0,12480.0,46394.0,12183.0,16109.0,43494.0
2025-07-18_18:46:49,,,,,,
2025-07-18_18:46:53,2778.0,12480.0,46394.0,3776.0,16109.0,43494.0
2025-07-18_18:46:54,6968.0,12480.0,46394.0,3804.0,16109.0,43494.0
2025-07-18_18:46:55,,,,,,
2025-07-18_18:46:59,2778.0,12480.0,46394.0,3776.0,16109.0,43494.0
2025-07-18_18:47:00,,,,3804.0,16109.0,43494.0
2025-07-18_18:47:04,2778.0,12480.0,46394.0,12202.0,16109.0,43494.0
2025-07-18_18:47:05,,,,13104.0,16109.0,43494.0
2025-07-18_18:47:09,2778.0,12480.0,46394.0,12163.0,16109.0,43494.0
2025-07-18_18:47:09,,,,,,
2025-07-18_18:47:13,2778.0,12480.0,46394.0,3776.0,16109.0,43494.0
2025-07-18_18:47:14,2778.0,12480.0,46394.0,12206.0,16109.0,43494.0
2025-07-18_18:47:15,,,,14118.0,16109.0,43494.0
2025-07-18_18:47:19,2778.0,12480.0,46394.0,12200.0,16109.0,43494.0
2025-07-18_18:47:19,8008.0,12480.0,46394.0,13074.0,16109.0,43494.0
2025-07-18_18:47:20,2778.0,12480.0,46394.0,12176.0,16109.0,43494.0
2025-07-18_18:47:20,10071.0,12480.0,46394.0,14384.0,16109.0,43494.0
2025-07-18_18:47:20,8543.0,12480.0,46394.0,13762.0,16109.0,43494.0
2025-07-18_18:47:21,9680.0,12480.0,46394.0,14099.0,16109.0,43494.0
2025-07-18_18:47:21,,,,,,
2025-07-18_18:47:25,6978.0,12480.0,46394.0,3792.0,16109.0,43494.0
2025-07-18_18:47:25,,,,,,
2025-07-18_18:47:29,6968.0,12480.0,46394.0,3792.0,16109.0,43494.0
2025-07-18_18:47:29,,,,14121.0,16109.0,43494.0
2025-07-18_18:47:33,3319.0,12480.0,46394.0,12161.0,16109.0,43494.0
2025-07-18_18:47:33,9594.0,12480.0,46394.0,13723.0,16109.0,43494.0
2025-07-18_18:47:33,,,,,,
2025-07-18_18:47:37,6964.0,12480.0,46394.0,3786.0,16109.0,43494.0
2025-07-18_18:47:37,,,,14036.0,16109.0,43494.0
2025-07-18_18:47:41,3319.0,12480.0,46394.0,12191.0,16109.0,43494.0
2025-07-18_18:47:41,,,,,,
2025-07-18_18:47:45,6977.0,12480.0,46394.0,3792.0,16109.0,43494.0
2025-07-18_18:47:45,8590.0,12480.0,46394.0,14085.0,16109.0,43494.0
2025-07-18_18:47:45,10236.0,12480.0,46394.0,14356.0,16109.0,43494.0
2025-07-18_18:47:46,10520.0,12480.0,46394.0,14979.0,16109.0,43499.0
2025-07-18_18:47:46,8638.0,12480.0,46394.0,13892.0,16109.0,43499.0
2025-07-18_18:47:46,8533.0,12480.0,46394.0,14007.0,16109.0,43499.0
2025-07-18_18:47:46,9910.0,12480.0,46395.0,14286.0,16109.0,43499.0
2025-07-18_18:47:47,9948.0,12480.0,46395.0,14602.0,16109.0,43499.0
2025-07-18_18:47:47,10213.0,12480.0,46395.0,14354.0,16109.0,43499.0
2025-07-18_18:47:47,,,,,,
2025-07-18_18:47:51,6963.0,12480.0,46395.0,3787.0,16109.0,43499.0
2025-07-18_18:47:51,,,,,,
2025-07-18_18:47:55,6967.0,12480.0,46395.0,3793.0,16109.0,43499.0
2025-07-18_18:47:55,8532.0,12480.0,46395.0,13932.0,16109.0,43499.0
2025-07-18_18:47:55,9679.0,12480.0,46395.0,13989.0,16109.0,43499.0
2025-07-18_18:47:55,10094.0,12480.0,46395.0,14537.0,16109.0,43499.0
2025-07-18_18:47:56,8562.0,12480.0,46395.0,13790.0,16109.0,43499.0
2025-07-18_18:47:56,10178.0,12480.0,46395.0,14241.0,16109.0,43499.0
2025-07-18_18:47:56,,,,,,
2025-07-18_18:48:00,6968.0,12480.0,46395.0,3792.0,16109.0,43499.0
2025-07-18_18:48:00,8667.0,12480.0,46395.0,13951.0,16109.0,43499.0
2025-07-18_18:48:00,9688.0,12480.0,46395.0,14271.0,16109.0,43499.0
2025-07-18_18:48:01,10346.0,12480.0,46395.0,14853.0,16109.0,43499.0
2025-07-18_18:48:01,,,,14553.0,16117.0,43508.0
2025-07-18_18:48:05,2778.0,12480.0,46395.0,12198.0,16117.0,43508.0
2025-07-18_18:48:05,8360.0,12480.0,46395.0,13753.0,16117.0,43508.0
2025-07-18_18:48:05,9596.0,12480.0,46395.0,14195.0,16117.0,43508.0
2025-07-18_18:48:05,8529.0,12480.0,46395.0,14026.0,16117.0,43508.0
2025-07-18_18:48:06,10429.0,12480.0,46395.0,14667.0,16117.0,43509.0
2025-07-18_18:48:06,10024.0,12480.0,46395.0,14479.0,16117.0,43509.0
2025-07-18_18:48:06,,,,,,
2025-07-18_18:48:10,6970.0,12480.0,46395.0,3793.0,16117.0,43509.0
2025-07-18_18:48:10,9419.0,12480.0,46395.0,13934.0,16117.0,43509.0
2025-07-18_18:48:10,9688.0,12480.0,46395.0,14083.0,16117.0,43509.0
2025-07-18_18:48:11,9700.0,12480.0,46395.0,13984.0,16117.0,43509.0
2025-07-18_18:48:11,10345.0,12480.0,46395.0,14430.0,16117.0,43509.0
2025-07-18_18:48:11,9714.0,12480.0,46395.0,14012.0,16117.0,43509.0
2025-07-18_18:48:11,,,,,,
2025-07-18_18:48:15,6964.0,12480.0,46395.0,3792.0,16117.0,43509.0
2025-07-18_18:48:15,9567.0,12480.0,46395.0,13983.0,16117.0,43509.0
2025-07-18_18:48:15,10183.0,12480.0,46395.0,14687.0,16117.0,43509.0
2025-07-18_18:48:16,10176.0,12480.0,46395.0,14659.0,16117.0,43509.0
2025-07-18_18:48:16,10210.0,12480.0,46395.0,14702.0,16117.0,43509.0
2025-07-18_18:48:16,8668.0,12480.0,46395.0,14087.0,16117.0,43509.0
2025-07-18_18:48:16,,,,14104.0,16117.0,43509.0
2025-07-18_18:48:20,3317.0,12480.0,46395.0,12192.0,16117.0,43509.0
2025-07-18_18:48:20,9597.0,12480.0,46395.0,14180.0,16117.0,43509.0
2025-07-18_18:48:21,9865.0,12480.0,46395.0,14259.0,16117.0,43509.0
2025-07-18_18:48:21,,,,14406.0,16117.0,43509.0
2025-07-18_18:48:25,3375.0,12480.0,46395.0,12164.0,16117.0,43509.0
2025-07-18_18:48:25,8527.0,12480.0,46395.0,13846.0,16117.0,43509.0
2025-07-18_18:48:25,,,,13989.0,16117.0,43509.0
2025-07-18_18:48:29,3302.0,12480.0,46395.0,12184.0,16117.0,43509.0
2025-07-18_18:48:29,10203.0,12480.0,46396.0,14651.0,16117.0,43509.0
2025-07-18_18:48:29,9816.0,12480.0,46396.0,14234.0,16117.0,43509.0
2025-07-18_18:48:29,9681.0,12480.0,46396.0,13974.0,16117.0,43509.0
2025-07-18_18:48:30,9983.0,12480.0,46396.0,14094.0,16117.0,43509.0
2025-07-18_18:48:30,10007.0,12480.0,46396.0,13986.0,16117.0,43509.0
2025-07-18_18:48:30,10110.0,12480.0,46396.0,14608.0,16117.0,43509.0
2025-07-18_18:48:30,9692.0,12480.0,46396.0,14167.0,16117.0,43509.0
2025-07-18_18:48:30,9208.0,12480.0,46396.0,14117.0,16117.0,43509.0
2025-07-18_18:48:31,9560.0,12480.0,46396.0,14316.0,16117.0,43509.0
2025-07-18_18:48:31,9668.0,12480.0,46396.0,13968.0,16117.0,43509.0
2025-07-18_18:48:31,8569.0,12480.0,46396.0,14088.0,16117.0,43509.0
2025-07-18_18:48:31,,,,14098.0,16117.0,43509.0
2025-07-18_18:48:35,3302.0,12480.0,46396.0,12203.0,16117.0,43509.0
2025-07-18_18:48:35,9597.0,12480.0,46396.0,14007.0,16117.0,43509.0
2025-07-18_18:48:36,10221.0,12480.0,46396.0,14307.0,16117.0,43509.0
2025-07-18_18:48:36,9598.0,12480.0,46396.0,13971.0,16117.0,43509.0
2025-07-18_18:48:36,9822.0,12480.0,46397.0,14275.0,16117.0,43509.0
2025-07-18_18:48:36,,,,,,
2025-07-18_18:48:40,6971.0,12480.0,46397.0,3792.0,16117.0,43509.0
2025-07-18_18:48:40,9974.0,12480.0,46397.0,14393.0,16117.0,43509.0
2025-07-18_18:48:41,10100.0,12480.0,46397.0,14350.0,16117.0,43509.0
2025-07-18_18:48:41,9279.0,12480.0,46397.0,14007.0,16117.0,43509.0
2025-07-18_18:48:41,9599.0,12480.0,46397.0,14011.0,16117.0,43509.0
2025-07-18_18:48:41,8768.0,12480.0,46397.0,14049.0,16117.0,43509.0
2025-07-18_18:48:42,,,,,,
2025-07-18_18:48:45,6965.0,12480.0,46397.0,3793.0,16117.0,43509.0
2025-07-18_18:48:46,,,,,,
2025-07-18_18:48:50,2778.0,12480.0,46397.0,3776.0,16117.0,43509.0
2025-07-18_18:48:50,9337.0,12480.0,46397.0,14218.0,16117.0,43509.0
2025-07-18_18:48:50,10221.0,12480.0,46397.0,14349.0,16117.0,43509.0
2025-07-18_18:48:51,,,,14497.0,16117.0,43509.0
2025-07-18_18:48:54,3375.0,12480.0,46397.0,12192.0,16117.0,43509.0
2025-07-18_18:48:55,,,,14100.0,16117.0,43509.0
2025-07-18_18:48:58,3358.0,12480.0,46397.0,12170.0,16117.0,43509.0
2025-07-18_18:48:59,,,,,,
2025-07-18_18:49:02,6967.0,12480.0,46397.0,3792.0,16117.0,43509.0
2025-07-18_18:49:03,10360.0,12480.0,46397.0,14661.0,16117.0,43513.0
2025-07-18_18:49:03,2780.0,12480.0,46397.0,12187.0,16117.0,43513.0
2025-07-18_18:49:04,,,,13858.0,16117.0,43513.0
2025-07-18_18:49:08,2778.0,12480.0,46397.0,12193.0,16117.0,43513.0
2025-07-18_18:49:08,10171.0,12480.0,46407.0,14441.0,16117.0,43513.0
2025-07-18_18:49:08,,,,,,
2025-07-18_18:49:13,2778.0,12480.0,46407.0,3776.0,16117.0,43513.0
2025-07-18_18:49:13,8559.0,12480.0,46407.0,13963.0,16117.0,43513.0
2025-07-18_18:49:13,,,,14446.0,16117.0,43513.0
2025-07-18_18:49:17,2778.0,12480.0,46407.0,12199.0,16117.0,43513.0
2025-07-18_18:49:17,10212.0,12480.0,46407.0,14225.0,16117.0,43513.0
2025-07-18_18:49:17,9919.0,12480.0,46407.0,14393.0,16117.0,43513.0
2025-07-18_18:49:18,9177.0,12480.0,46407.0,14296.0,16117.0,43513.0
2025-07-18_18:49:18,9827.0,12480.0,46407.0,14005.0,16117.0,43513.0
2025-07-18_18:49:18,9887.0,12480.0,46407.0,14191.0,16117.0,43518.0
2025-07-18_18:49:18,,,,,,
2025-07-18_18:49:22,6966.0,12480.0,46407.0,3787.0,16117.0,43518.0
2025-07-18_18:49:22,8508.0,12480.0,46407.0,14010.0,16117.0,43518.0
2025-07-18_18:49:23,8641.0,12480.0,46407.0,14090.0,16117.0,43518.0
2025-07-18_18:49:23,10651.0,12480.0,46407.0,14746.0,16117.0,43518.0
2025-07-18_18:49:23,,,,13431.0,16117.0,43518.0
2025-07-18_18:49:27,2778.0,12480.0,46407.0,12167.0,16117.0,43518.0
2025-07-18_18:49:27,9923.0,12480.0,46407.0,14016.0,16117.0,43518.0
2025-07-18_18:49:27,9972.0,12480.0,46407.0,14019.0,16117.0,43518.0
2025-07-18_18:49:28,8116.0,12480.0,46407.0,13053.0,16117.0,43518.0
2025-07-18_18:49:28,,,,13827.0,16117.0,43518.0
2025-07-18_18:49:32,3302.0,12480.0,46407.0,12201.0,16117.0,43518.0
2025-07-18_18:49:32,9404.0,12480.0,46407.0,14409.0,16117.0,43518.0
2025-07-18_18:49:32,,,,14560.0,16117.0,43518.0
2025-07-18_18:49:36,2778.0,12480.0,46407.0,12194.0,16117.0,43518.0
2025-07-18_18:49:36,,,,13984.0,16117.0,43518.0
2025-07-18_18:49:40,3375.0,12480.0,46407.0,12200.0,16117.0,43518.0
2025-07-18_18:49:40,10121.0,12480.0,46407.0,14595.0,16117.0,43518.0
2025-07-18_18:49:40,8521.0,12480.0,46407.0,13892.0,16117.0,43518.0
2025-07-18_18:49:40,8582.0,12480.0,46407.0,14396.0,16117.0,43518.0
2025-07-18_18:49:41,9721.0,12480.0,46407.0,14219.0,16117.0,43518.0
2025-07-18_18:49:41,9664.0,12480.0,46407.0,14149.0,16117.0,43518.0
2025-07-18_18:49:41,9675.0,12480.0,46407.0,13799.0,16117.0,43518.0
2025-07-18_18:49:41,,,,,,
2025-07-18_18:49:45,6963.0,12480.0,46407.0,3787.0,16117.0,43518.0
2025-07-18_18:49:45,9929.0,12480.0,46407.0,14159.0,16117.0,43518.0
2025-07-18_18:49:46,,,,,,
2025-07-18_18:49:49,6960.0,12480.0,46407.0,3786.0,16117.0,43518.0
2025-07-18_18:49:50,,,,13536.0,16117.0,43518.0
2025-07-18_18:49:54,2778.0,12480.0,46407.0,12188.0,16117.0,43518.0
2025-07-18_18:49:54,9665.0,12480.0,46407.0,14280.0,16117.0,43518.0
2025-07-18_18:49:54,9529.0,12480.0,46407.0,14107.0,16117.0,43518.0
2025-07-18_18:49:54,,,,,,
2025-07-18_18:49:58,6968.0,12480.0,46407.0,3793.0,16117.0,43518.0
2025-07-18_18:49:58,,,,13810.0,16117.0,43518.0
2025-07-18_18:50:02,3302.0,12480.0,46407.0,12173.0,16117.0,43518.0
2025-07-18_18:50:02,,,,,,
2025-07-18_18:50:06,6968.0,12480.0,46407.0,3792.0,16117.0,43518.0
2025-07-18_18:50:06,,,,15221.0,16117.0,43530.0
2025-07-18_18:50:10,2778.0,12480.0,46407.0,12169.0,16117.0,43530.0
2025-07-18_18:50:10,,,,,,
2025-07-18_18:50:14,6969.0,12480.0,46407.0,3792.0,16117.0,43530.0
2025-07-18_18:50:14,8021.0,12480.0,46407.0,13084.0,16117.0,43530.0
2025-07-18_18:50:15,2780.0,12480.0,46407.0,12167.0,16117.0,43530.0
2025-07-18_18:50:16,10347.0,12480.0,46407.0,14216.0,16117.0,43530.0
2025-07-18_18:50:16,2778.0,12480.0,46407.0,12186.0,16117.0,43530.0
2025-07-18_18:50:17,2778.0,12480.0,46407.0,12972.0,16117.0,43530.0
2025-07-18_18:50:17,10538.0,12480.0,46407.0,15094.0,16117.0,43532.0
2025-07-18_18:50:18,,,,,,
2025-07-18_18:50:22,6970.0,12480.0,46407.0,3793.0,16117.0,43532.0
2025-07-18_18:50:22,9766.0,12480.0,46407.0,14344.0,16117.0,43532.0
2025-07-18_18:50:22,8643.0,12480.0,46407.0,14331.0,16117.0,43532.0
2025-07-18_18:50:22,10048.0,12480.0,46410.0,14312.0,16117.0,43532.0
2025-07-18_18:50:23,9598.0,12480.0,46410.0,14207.0,16117.0,43532.0
2025-07-18_18:50:23,,,,,,
2025-07-18_18:50:27,6975.0,12480.0,46410.0,3793.0,16117.0,43532.0
2025-07-18_18:50:28,2778.0,12480.0,46410.0,3787.0,16117.0,43532.0
2025-07-18_18:50:28,8635.0,12480.0,46410.0,14140.0,16117.0,43532.0
2025-07-18_18:50:29,9421.0,12480.0,46410.0,14154.0,16117.0,43532.0
2025-07-18_18:50:29,9909.0,12480.0,46410.0,14122.0,16117.0,43532.0
2025-07-18_18:50:29,,,,,,
2025-07-18_18:50:34,2778.0,12480.0,46410.0,3776.0,16117.0,43532.0
2025-07-18_18:50:34,8544.0,12480.0,46410.0,13945.0,16117.0,43532.0
2025-07-18_18:50:34,10123.0,12480.0,46410.0,13819.0,16117.0,43532.0
2025-07-18_18:50:38,2778.0,12480.0,46410.0,12170.0,16117.0,43532.0
2025-07-18_18:50:38,,,,,,
2025-07-18_18:50:42,6963.0,12480.0,46410.0,3793.0,16117.0,43532.0
2025-07-18_18:50:42,9724.0,12480.0,46410.0,14212.0,16117.0,43532.0
2025-07-18_18:50:43,,,,,,
2025-07-18_18:50:46,6965.0,12480.0,46410.0,3787.0,16117.0,43532.0
2025-07-18_18:50:47,8639.0,12480.0,46410.0,14043.0,16117.0,43532.0
2025-07-18_18:50:47,9821.0,12480.0,46410.0,14073.0,16117.0,43532.0
2025-07-18_18:50:47,,,,13930.0,16117.0,43532.0
2025-07-18_18:50:51,3319.0,12480.0,46410.0,12198.0,16117.0,43532.0
2025-07-18_18:50:51,9682.0,12480.0,46410.0,13977.0,16117.0,43532.0
2025-07-18_18:50:51,10330.0,12480.0,46410.0,14416.0,16117.0,43532.0
2025-07-18_18:50:51,,,,13986.0,16117.0,43532.0
2025-07-18_18:50:55,2778.0,12480.0,46410.0,12193.0,16117.0,43532.0
2025-07-18_18:50:56,9532.0,12480.0,46410.0,13843.0,16117.0,43532.0
2025-07-18_18:50:56,9847.0,12480.0,46410.0,14248.0,16117.0,43532.0
2025-07-18_18:50:56,10280.0,12480.0,46410.0,14364.0,16117.0,43532.0
2025-07-18_18:50:56,8524.0,12480.0,46410.0,13086.0,16117.0,43532.0
2025-07-18_18:50:57,2778.0,12480.0,46410.0,12202.0,16117.0,43532.0
2025-07-18_18:50:57,,,,14360.0,16117.0,43532.0
2025-07-18_18:51:01,2778.0,12480.0,46410.0,12191.0,16117.0,43532.0
2025-07-18_18:51:01,9769.0,12480.0,46410.0,14234.0,16117.0,43532.0
2025-07-18_18:51:02,10087.0,12480.0,46410.0,14316.0,16117.0,43532.0
2025-07-18_18:51:02,9710.0,12480.0,46410.0,14152.0,16117.0,43532.0
2025-07-18_18:51:02,10773.0,12480.0,46410.0,14973.0,16117.0,43532.0
2025-07-18_18:51:02,10345.0,12480.0,46410.0,14402.0,16117.0,43532.0
2025-07-18_18:51:03,,,,14081.0,16117.0,43532.0
2025-07-18_18:51:06,2778.0,12480.0,46410.0,12192.0,16117.0,43532.0
2025-07-18_18:51:07,10082.0,12480.0,46410.0,14216.0,16117.0,43532.0
2025-07-18_18:51:07,10297.0,12480.0,46410.0,14158.0,16117.0,43532.0
2025-07-18_18:51:07,,,,13892.0,16117.0,43532.0
2025-07-18_18:51:11,2778.0,12480.0,46410.0,12200.0,16117.0,43532.0
2025-07-18_18:51:11,10070.0,12480.0,46412.0,14227.0,16117.0,43532.0
2025-07-18_18:51:11,10368.0,12480.0,46412.0,14208.0,16117.0,43532.0
2025-07-18_18:51:12,,,,,,
2025-07-18_18:51:15,6968.0,12480.0,46412.0,3786.0,16117.0,43532.0
2025-07-18_18:51:16,8645.0,12480.0,46412.0,14094.0,16117.0,43532.0
2025-07-18_18:51:16,9656.0,12480.0,46412.0,14134.0,16117.0,43532.0
2025-07-18_18:51:16,,,,,,
2025-07-18_18:51:20,6966.0,12480.0,46412.0,3792.0,16117.0,43532.0
2025-07-18_18:51:20,8650.0,12480.0,46412.0,13918.0,16117.0,43532.0
2025-07-18_18:51:20,8609.0,12480.0,46417.0,14112.0,16117.0,43536.0
2025-07-18_18:51:21,9753.0,12480.0,46417.0,14353.0,16117.0,43536.0
2025-07-18_18:51:21,8576.0,12480.0,46417.0,14139.0,16117.0,43536.0
2025-07-18_18:51:21,,,,12937.0,16117.0,43538.0
2025-07-18_18:51:25,2778.0,12480.0,46417.0,12197.0,16117.0,43538.0
2025-07-18_18:51:25,,,,13949.0,16117.0,43538.0
2025-07-18_18:51:29,3321.0,12480.0,46417.0,12168.0,16117.0,43538.0
2025-07-18_18:51:29,,,,,,
2025-07-18_18:51:33,6957.0,12480.0,46417.0,3786.0,16117.0,43538.0
2025-07-18_18:51:33,8514.0,12480.0,46417.0,14092.0,16117.0,43538.0
2025-07-18_18:51:33,,,,13926.0,16117.0,43538.0
2025-07-18_18:51:37,2780.0,12480.0,46417.0,12164.0,16117.0,43538.0
2025-07-18_18:51:38,10204.0,12480.0,46417.0,14665.0,16117.0,43538.0
2025-07-18_18:51:38,7990.0,12480.0,46417.0,13086.0,16117.0,43538.0
2025-07-18_18:51:38,10411.0,12480.0,46417.0,14639.0,16117.0,43538.0
2025-07-18_18:51:38,9168.0,12480.0,46417.0,13787.0,16117.0,43538.0
2025-07-18_18:51:38,9591.0,12480.0,46417.0,14010.0,16117.0,43538.0
2025-07-18_18:51:39,,,,,,
2025-07-18_18:51:43,2778.0,12480.0,46417.0,3776.0,16117.0,43538.0
2025-07-18_18:51:43,9629.0,12480.0,46417.0,14105.0,16117.0,43538.0
2025-07-18_18:51:44,8544.0,12480.0,46417.0,13826.0,16117.0,43538.0
2025-07-18_18:51:44,9201.0,12480.0,46417.0,13943.0,16117.0,43538.0
2025-07-18_18:51:44,,,,,,
2025-07-18_18:51:48,6975.0,12480.0,46418.0,3793.0,16117.0,43538.0
2025-07-18_18:51:48,9960.0,12480.0,46418.0,14361.0,16117.0,43538.0
2025-07-18_18:51:48,10047.0,12480.0,46418.0,14549.0,16117.0,43538.0
2025-07-18_18:51:49,10145.0,12480.0,46418.0,14414.0,16117.0,43538.0
2025-07-18_18:51:49,,,,,,
2025-07-18_18:51:53,6968.0,12480.0,46418.0,3792.0,16117.0,43538.0
2025-07-18_18:51:53,,,,,,
2025-07-18_18:51:57,6964.0,12480.0,46418.0,3792.0,16117.0,43538.0
2025-07-18_18:51:57,,,,,,
2025-07-18_18:52:01,6966.0,12480.0,46418.0,3792.0,16117.0,43538.0
2025-07-18_18:52:01,10286.0,12480.0,46418.0,14404.0,16117.0,43538.0
2025-07-18_18:52:01,,,,,,
2025-07-18_18:52:05,6959.0,12480.0,46418.0,3786.0,16117.0,43538.0
2025-07-18_18:52:05,9378.0,12480.0,46418.0,14122.0,16117.0,43538.0
2025-07-18_18:52:05,,,,13841.0,16117.0,43538.0
2025-07-18_18:52:09,3375.0,12480.0,46418.0,12199.0,16117.0,43538.0
2025-07-18_18:52:09,9640.0,12480.0,46418.0,14182.0,16117.0,43538.0
2025-07-18_18:52:10,,,,13767.0,16117.0,43538.0
2025-07-18_18:52:13,2778.0,12480.0,46418.0,12187.0,16117.0,43538.0
2025-07-18_18:52:14,,,,,,
2025-07-18_18:52:18,,,,3793.0,16117.0,43538.0
2025-07-18_18:52:22,2778.0,12480.0,46418.0,12200.0,16117.0,43538.0
2025-07-18_18:52:22,2778.0,12480.0,46418.0,12985.0,16117.0,43538.0
2025-07-18_18:52:23,,,,,,
2025-07-18_18:52:27,2778.0,12480.0,46418.0,3776.0,16117.0,43538.0
2025-07-18_18:52:28,,,,,,
2025-07-18_18:52:32,2778.0,12480.0,46418.0,3776.0,16117.0,43538.0
2025-07-18_18:52:32,8541.0,12480.0,46418.0,14131.0,16117.0,43538.0
2025-07-18_18:52:33,8551.0,12480.0,46418.0,13691.0,16117.0,43538.0
2025-07-18_18:52:33,,,,14263.0,16117.0,43538.0
2025-07-18_18:52:37,2778.0,12480.0,46418.0,12201.0,16117.0,43538.0
2025-07-18_18:52:37,,,,,,
2025-07-18_18:52:42,2778.0,12480.0,46418.0,3776.0,16117.0,43538.0
2025-07-18_18:52:42,,,,,,
2025-07-18_18:52:46,6959.0,12480.0,46418.0,3792.0,16117.0,43538.0
2025-07-18_18:52:50,2778.0,12480.0,46418.0,12194.0,16117.0,43538.0
2025-07-18_18:52:50,8647.0,12480.0,46419.0,14218.0,16117.0,43585.0
2025-07-18_18:52:50,,,,,,
2025-07-18_18:52:54,6940.0,12480.0,46419.0,3787.0,16117.0,43585.0
2025-07-18_18:52:55,8650.0,12481.0,46423.0,14203.0,16117.0,43585.0
2025-07-18_18:52:55,10087.0,12481.0,46423.0,14314.0,16117.0,43585.0
2025-07-18_18:52:55,,,,14252.0,16117.0,43585.0
2025-07-18_18:52:59,3302.0,12481.0,46423.0,12194.0,16117.0,43585.0
2025-07-18_18:52:59,9664.0,12481.0,46423.0,14291.0,16117.0,43585.0
2025-07-18_18:52:59,9719.0,12481.0,46423.0,14211.0,16117.0,43585.0
2025-07-18_18:52:59,8518.0,12481.0,46431.0,13088.0,16117.0,43585.0
2025-07-18_18:53:00,8503.0,12481.0,46431.0,13710.0,16117.0,43585.0
2025-07-18_18:53:00,9670.0,12481.0,46431.0,13978.0,16117.0,43585.0
2025-07-18_18:53:00,8647.0,12481.0,46431.0,14186.0,16117.0,43585.0
2025-07-18_18:53:00,,,,14314.0,16117.0,43585.0
2025-07-18_18:53:04,3358.0,12481.0,46431.0,12198.0,16117.0,43585.0
2025-07-18_18:53:04,,,,14233.0,16117.0,43585.0
2025-07-18_18:53:08,3302.0,12481.0,46431.0,12194.0,16117.0,43585.0
2025-07-18_18:53:08,8549.0,12481.0,46431.0,13895.0,16117.0,43585.0
2025-07-18_18:53:08,,,,13061.0,16117.0,43585.0
2025-07-18_18:53:12,2778.0,12481.0,46431.0,12200.0,16117.0,43585.0
2025-07-18_18:53:12,9624.0,12481.0,46431.0,13807.0,16117.0,43585.0
2025-07-18_18:53:13,,,,,,
2025-07-18_18:53:16,6968.0,12481.0,46431.0,3793.0,16117.0,43585.0
2025-07-18_18:53:17,9727.0,12481.0,46431.0,14029.0,16117.0,43585.0
2025-07-18_18:53:17,,,,15010.0,16117.0,43585.0
2025-07-18_18:53:21,2780.0,12481.0,46431.0,12193.0,16117.0,43585.0
2025-07-18_18:53:21,,,,,,
2025-07-18_18:53:25,6980.0,12481.0,46431.0,3793.0,16117.0,43585.0
2025-07-18_18:53:29,2778.0,12481.0,46431.0,12176.0,16117.0,43585.0
2025-07-18_18:53:29,,,,13073.0,16117.0,43585.0
2025-07-18_18:53:33,2778.0,12481.0,46431.0,12161.0,16117.0,43585.0
2025-07-18_18:53:33,9731.0,12481.0,46431.0,14572.0,16117.0,43585.0
2025-07-18_18:53:33,,,,14028.0,16117.0,43585.0
2025-07-18_18:53:37,2778.0,12481.0,46431.0,12173.0,16117.0,43585.0
2025-07-18_18:53:37,10248.0,12481.0,46431.0,14618.0,16117.0,43585.0
2025-07-18_18:53:38,,,,,,
2025-07-18_18:53:41,6967.0,12481.0,46431.0,3793.0,16117.0,43585.0
2025-07-18_18:53:42,,,,,,
2025-07-18_18:53:46,2778.0,12481.0,46431.0,3776.0,16117.0,43585.0
2025-07-18_18:53:46,8590.0,12481.0,46431.0,14170.0,16117.0,43585.0
2025-07-18_18:53:47,10200.0,12481.0,46431.0,14660.0,16117.0,43585.0
2025-07-18_18:53:47,10228.0,12481.0,46431.0,14543.0,16117.0,43585.0
2025-07-18_18:53:47,,,,,,
2025-07-18_18:53:52,2778.0,12481.0,46431.0,3776.0,16117.0,43585.0
2025-07-18_18:53:52,,,,,,
2025-07-18_18:53:56,6962.0,12481.0,46431.0,3792.0,16117.0,43585.0
2025-07-18_18:53:56,9668.0,12481.0,46431.0,14219.0,16117.0,43585.0
2025-07-18_18:53:56,8670.0,12481.0,46431.0,14233.0,16117.0,43585.0
2025-07-18_18:53:56,8659.0,12481.0,46431.0,14226.0,16117.0,43585.0
2025-07-18_18:53:57,,,,13801.0,16117.0,43585.0
2025-07-18_18:54:00,3321.0,12481.0,46431.0,12183.0,16117.0,43585.0
2025-07-18_18:54:00,8534.0,12481.0,46431.0,13666.0,16117.0,43585.0
2025-07-18_18:54:01,,,,,,
2025-07-18_18:54:04,6968.0,12481.0,46431.0,3793.0,16117.0,43585.0
2025-07-18_18:54:05,,,,,,
2025-07-18_18:54:09,6963.0,12481.0,46431.0,3793.0,16117.0,43585.0
2025-07-18_18:54:09,9600.0,12481.0,46431.0,14214.0,16117.0,43585.0
2025-07-18_18:54:09,9804.0,12481.0,46431.0,14111.0,16117.0,43585.0
2025-07-18_18:54:09,,,,,,
2025-07-18_18:54:14,2778.0,12481.0,46431.0,3776.0,16117.0,43585.0
2025-07-18_18:54:14,9675.0,12481.0,46431.0,13981.0,16117.0,43585.0
2025-07-18_18:54:14,9332.0,12481.0,46431.0,13939.0,16117.0,43585.0
2025-07-18_18:54:14,,,,14542.0,16117.0,43585.0
2025-07-18_18:54:18,3358.0,12481.0,46431.0,12187.0,16117.0,43585.0
2025-07-18_18:54:18,,,,,,
2025-07-18_18:54:22,6968.0,12481.0,46431.0,3793.0,16117.0,43585.0
2025-07-18_18:54:22,9727.0,12481.0,46431.0,14075.0,16117.0,43585.0
2025-07-18_18:54:22,,,,,,
2025-07-18_18:54:27,2778.0,12481.0,46431.0,3776.0,16117.0,43585.0
2025-07-18_18:54:27,,,,,,
2025-07-18_18:54:32,2778.0,12481.0,46431.0,3776.0,16117.0,43585.0
2025-07-18_18:54:32,10071.0,12481.0,46431.0,13991.0,16117.0,43585.0
2025-07-18_18:54:32,,,,,,
2025-07-18_18:54:36,6966.0,12481.0,46431.0,3792.0,16117.0,43585.0
2025-07-18_18:54:36,,,,,,
2025-07-18_18:54:40,6968.0,12481.0,46431.0,3792.0,16117.0,43585.0
2025-07-18_18:54:40,,,,13549.0,16117.0,43585.0
2025-07-18_18:54:44,3319.0,12481.0,46431.0,12197.0,16117.0,43585.0
2025-07-18_18:54:44,8668.0,12481.0,46431.0,14183.0,16117.0,43585.0
2025-07-18_18:54:44,9555.0,12481.0,46431.0,13935.0,16117.0,43585.0
2025-07-18_18:54:45,8552.0,12481.0,46433.0,13936.0,16117.0,43585.0
2025-07-18_18:54:45,9820.0,12481.0,46433.0,14355.0,16117.0,43585.0
2025-07-18_18:54:45,,,,14170.0,16117.0,43585.0
2025-07-18_18:54:49,2778.0,12481.0,46433.0,12162.0,16117.0,43585.0
2025-07-18_18:54:49,,,,,,
2025-07-18_18:54:54,2778.0,12481.0,46433.0,3776.0,16117.0,43585.0
2025-07-18_18:54:54,9636.0,12481.0,46433.0,14113.0,16117.0,43585.0
2025-07-18_18:54:54,9977.0,12481.0,46433.0,14162.0,16117.0,43585.0
2025-07-18_18:54:54,9627.0,12481.0,46433.0,14141.0,16117.0,43585.0
2025-07-18_18:54:54,,,,,,
2025-07-18_18:54:58,6967.0,12481.0,46433.0,3794.0,16117.0,43585.0
2025-07-18_18:54:58,8957.0,12481.0,46433.0,13804.0,16117.0,43585.0
2025-07-18_18:54:59,9865.0,12481.0,46433.0,13872.0,16117.0,43585.0
2025-07-18_18:54:59,9166.0,12481.0,46433.0,13780.0,16117.0,43585.0
2025-07-18_18:54:59,,,,,,
2025-07-18_18:55:04,2778.0,12481.0,46433.0,3776.0,16117.0,43585.0
2025-07-18_18:55:04,8636.0,12481.0,46433.0,14207.0,16117.0,43585.0
2025-07-18_18:55:04,9370.0,12481.0,46433.0,13826.0,16117.0,43585.0
2025-07-18_18:55:04,9858.0,12481.0,46433.0,14219.0,16117.0,43585.0
2025-07-18_18:55:05,9328.0,12481.0,46433.0,13858.0,16117.0,43585.0
2025-07-18_18:55:05,,,,13786.0,16117.0,43585.0
2025-07-18_18:55:08,3358.0,12481.0,46433.0,12196.0,16117.0,43585.0
2025-07-18_18:55:09,9848.0,12481.0,46433.0,14248.0,16117.0,43585.0
2025-07-18_18:55:09,,,,,,
2025-07-18_18:55:13,2778.0,12481.0,46433.0,3776.0,16117.0,43585.0
2025-07-18_18:55:14,9828.0,12481.0,46433.0,14069.0,16117.0,43585.0
2025-07-18_18:55:14,,,,13785.0,16117.0,43585.0
2025-07-18_18:55:18,3302.0,12481.0,46433.0,12188.0,16117.0,43585.0
2025-07-18_18:55:18,9607.0,12481.0,46433.0,14213.0,16117.0,43585.0
2025-07-18_18:55:18,8554.0,12481.0,46434.0,14188.0,16117.0,43585.0
2025-07-18_18:55:18,9689.0,12481.0,46434.0,14190.0,16117.0,43585.0
2025-07-18_18:55:18,,,,13815.0,16117.0,43585.0
2025-07-18_18:55:22,2778.0,12481.0,46434.0,12195.0,16117.0,43585.0
2025-07-18_18:55:23,,,,,,
2025-07-18_18:55:26,6962.0,12481.0,46434.0,3793.0,16117.0,43585.0
2025-07-18_18:55:27,9188.0,12481.0,46434.0,13998.0,16117.0,43585.0
2025-07-18_18:55:27,9660.0,12481.0,46434.0,14281.0,16117.0,43585.0
2025-07-18_18:55:27,9383.0,12481.0,46434.0,14175.0,16117.0,43585.0
2025-07-18_18:55:27,9844.0,12481.0,46434.0,14050.0,16117.0,43585.0
2025-07-18_18:55:28,10043.0,12481.0,46434.0,14216.0,16117.0,43585.0
2025-07-18_18:55:28,9635.0,12481.0,46434.0,14113.0,16117.0,43585.0
2025-07-18_18:55:28,,,,,,
2025-07-18_18:55:32,6950.0,12481.0,46434.0,3793.0,16117.0,43585.0
2025-07-18_18:55:32,,,,,,
2025-07-18_18:55:36,6965.0,12481.0,46434.0,3792.0,16117.0,43585.0
2025-07-18_18:55:36,9624.0,12481.0,46434.0,14103.0,16117.0,43585.0
2025-07-18_18:55:36,10377.0,12481.0,46434.0,14408.0,16117.0,43585.0
2025-07-18_18:55:36,,,,,,
2025-07-18_18:55:40,6953.0,12481.0,46434.0,3793.0,16117.0,43585.0
2025-07-18_18:55:41,,,,,,
2025-07-18_18:55:44,6964.0,12481.0,46434.0,3792.0,16117.0,43585.0
2025-07-18_18:55:45,,,,14227.0,16117.0,43585.0
2025-07-18_18:55:48,,,,,,
2025-07-18_18:55:52,6964.0,12481.0,46434.0,3792.0,16117.0,43585.0
2025-07-18_18:55:52,9710.0,12481.0,46434.0,14014.0,16117.0,43585.0
2025-07-18_18:55:53,,,,14246.0,16117.0,43588.0
2025-07-18_18:55:56,3375.0,12481.0,46434.0,12147.0,16117.0,43588.0
2025-07-18_18:55:56,9860.0,12481.0,46434.0,13934.0,16117.0,43588.0
2025-07-18_18:55:57,9685.0,12481.0,46434.0,14170.0,16117.0,43588.0
2025-07-18_18:55:57,8974.0,12481.0,46434.0,13774.0,16117.0,43588.0
2025-07-18_18:55:57,,,,,,
2025-07-18_18:56:01,6970.0,12481.0,46434.0,3786.0,16117.0,43588.0
2025-07-18_18:56:01,,,,,,
2025-07-18_18:56:05,6972.0,12481.0,46434.0,3792.0,16117.0,43588.0
2025-07-18_18:56:05,8577.0,12481.0,46434.0,14105.0,16117.0,43588.0
2025-07-18_18:56:05,,,,,,
2025-07-18_18:56:10,2778.0,12481.0,46434.0,3778.0,16117.0,43588.0
2025-07-18_18:56:10,8951.0,12481.0,46434.0,13938.0,16117.0,43588.0
2025-07-18_18:56:10,,,,,,
2025-07-18_18:56:14,6963.0,12481.0,46434.0,3792.0,16117.0,43588.0
2025-07-18_18:56:14,9664.0,12481.0,46434.0,14139.0,16117.0,43588.0
2025-07-18_18:56:15,9024.0,12481.0,46434.0,13990.0,16117.0,43588.0
2025-07-18_18:56:15,10052.0,12481.0,46434.0,14195.0,16117.0,43588.0
2025-07-18_18:56:15,9449.0,12481.0,46434.0,13968.0,16117.0,43588.0
2025-07-18_18:56:15,8920.0,12481.0,46434.0,13792.0,16117.0,43588.0
2025-07-18_18:56:15,,,,,,
2025-07-18_18:56:19,6964.0,12481.0,46434.0,3793.0,16117.0,43588.0
2025-07-18_18:56:19,8522.0,12481.0,46434.0,13843.0,16117.0,43588.0
2025-07-18_18:56:20,9912.0,12481.0,46434.0,14277.0,16117.0,43588.0
2025-07-18_18:56:20,9440.0,12481.0,46434.0,14128.0,16117.0,43588.0
2025-07-18_18:56:20,,,,,,
2025-07-18_18:56:25,2778.0,12481.0,46434.0,3778.0,16117.0,43588.0
2025-07-18_18:56:25,9915.0,12481.0,46434.0,14232.0,16117.0,43588.0
2025-07-18_18:56:25,9613.0,12481.0,46434.0,14237.0,16117.0,43588.0
2025-07-18_18:56:25,9565.0,12481.0,46434.0,13997.0,16117.0,43588.0
2025-07-18_18:56:26,10190.0,12481.0,46434.0,14320.0,16117.0,43588.0
2025-07-18_18:56:26,,,,,,
2025-07-18_18:56:30,2778.0,12481.0,46434.0,3776.0,16117.0,43588.0
2025-07-18_18:56:31,9224.0,12481.0,46434.0,13815.0,16117.0,43588.0
2025-07-18_18:56:31,8682.0,12481.0,46434.0,13852.0,16117.0,43588.0
2025-07-18_18:56:31,,,,13781.0,16117.0,43588.0
2025-07-18_18:56:35,3302.0,12481.0,46434.0,12179.0,16117.0,43588.0
2025-07-18_18:56:35,8517.0,12481.0,46434.0,13641.0,16117.0,43588.0
2025-07-18_18:56:35,9133.0,12481.0,46434.0,13782.0,16117.0,43588.0
2025-07-18_18:56:35,9838.0,12481.0,46434.0,14366.0,16117.0,43588.0
2025-07-18_18:56:36,9891.0,12481.0,46434.0,14143.0,16117.0,43588.0
2025-07-18_18:56:36,8673.0,12481.0,46434.0,14013.0,16117.0,43588.0
2025-07-18_18:56:36,10204.0,12481.0,46434.0,14229.0,16117.0,43588.0
2025-07-18_18:56:36,9217.0,12481.0,46434.0,13785.0,16117.0,43588.0
2025-07-18_18:56:37,9657.0,12481.0,46434.0,14096.0,16117.0,43588.0
2025-07-18_18:56:37,9698.0,12481.0,46434.0,13986.0,16117.0,43588.0
2025-07-18_18:56:37,9209.0,12481.0,46434.0,14011.0,16117.0,43588.0
2025-07-18_18:56:37,9638.0,12481.0,46434.0,14280.0,16117.0,43588.0
2025-07-18_18:56:37,,,,,,
2025-07-18_18:56:42,2778.0,12481.0,46434.0,3776.0,16117.0,43588.0
2025-07-18_18:56:42,9668.0,12481.0,46434.0,13932.0,16117.0,43588.0
2025-07-18_18:56:42,9573.0,12481.0,46434.0,14222.0,16117.0,43588.0
2025-07-18_18:56:43,9613.0,12481.0,46434.0,13996.0,16117.0,43588.0
2025-07-18_18:56:43,,,,,,
2025-07-18_18:56:47,6955.0,12481.0,46434.0,3793.0,16117.0,43588.0
2025-07-18_18:56:47,9954.0,12481.0,46434.0,14286.0,16117.0,43588.0
2025-07-18_18:56:47,,,,14035.0,16117.0,43588.0
2025-07-18_18:56:51,2778.0,12481.0,46434.0,12164.0,16117.0,43588.0
2025-07-18_18:56:51,9753.0,12481.0,46434.0,14049.0,16117.0,43588.0
2025-07-18_18:56:51,9660.0,12481.0,46434.0,14159.0,16117.0,43588.0
2025-07-18_18:56:52,9751.0,12481.0,46434.0,14130.0,16117.0,43588.0
2025-07-18_18:56:52,,,,13794.0,16117.0,43588.0
2025-07-18_18:56:56,3375.0,12481.0,46434.0,12190.0,16117.0,43588.0
2025-07-18_18:56:56,9799.0,12481.0,46434.0,14230.0,16117.0,43588.0
2025-07-18_18:56:56,9654.0,12481.0,46434.0,14276.0,16117.0,43588.0
2025-07-18_18:56:56,9822.0,12481.0,46440.0,14155.0,16117.0,43588.0
2025-07-18_18:56:57,9267.0,12481.0,46440.0,14120.0,16117.0,43588.0
2025-07-18_18:56:57,9647.0,12481.0,46440.0,14285.0,16117.0,43588.0
2025-07-18_18:56:57,,,,14005.0,16117.0,43588.0
2025-07-18_18:57:01,3375.0,12481.0,46440.0,12199.0,16117.0,43588.0
2025-07-18_18:57:01,,,,13979.0,16117.0,43588.0
2025-07-18_18:57:05,3319.0,12481.0,46440.0,12194.0,16117.0,43588.0
2025-07-18_18:57:05,9678.0,12481.0,46440.0,13981.0,16117.0,43588.0
2025-07-18_18:57:05,9594.0,12481.0,46440.0,14018.0,16117.0,43588.0
2025-07-18_18:57:05,9784.0,12481.0,46440.0,14218.0,16117.0,43588.0
2025-07-18_18:57:06,,,,13266.0,16117.0,43588.0
2025-07-18_18:57:09,2778.0,12481.0,46440.0,12202.0,16117.0,43588.0
2025-07-18_18:57:10,,,,,,
2025-07-18_18:57:13,6960.0,12481.0,46440.0,3793.0,16117.0,43588.0
2025-07-18_18:57:14,9970.0,12481.0,46440.0,14538.0,16117.0,43588.0
2025-07-18_18:57:14,9179.0,12481.0,46440.0,13793.0,16117.0,43588.0
2025-07-18_18:57:14,9691.0,12481.0,46440.0,14209.0,16117.0,43588.0
2025-07-18_18:57:14,9623.0,12481.0,46440.0,14110.0,16117.0,43588.0
2025-07-18_18:57:15,,,,,,
2025-07-18_18:57:19,2778.0,12481.0,46440.0,3776.0,16117.0,43588.0
2025-07-18_18:57:19,9845.0,12481.0,46440.0,14246.0,16117.0,43588.0
2025-07-18_18:57:20,,,,13895.0,16117.0,43588.0
2025-07-18_18:57:24,2778.0,12481.0,46440.0,12196.0,16117.0,43588.0
2025-07-18_18:57:24,9652.0,12481.0,46440.0,14304.0,16117.0,43588.0
2025-07-18_18:57:24,9550.0,12481.0,46440.0,14205.0,16117.0,43588.0
2025-07-18_18:57:24,9926.0,12481.0,46440.0,14037.0,16117.0,43588.0
2025-07-18_18:57:24,,,,,,
2025-07-18_18:57:28,6966.0,12481.0,46440.0,3792.0,16117.0,43588.0
2025-07-18_18:57:28,9588.0,12481.0,46440.0,13966.0,16117.0,43588.0
2025-07-18_18:57:29,,,,,,
2025-07-18_18:57:33,2778.0,12481.0,46440.0,3776.0,16117.0,43588.0
2025-07-18_18:57:33,,,,13795.0,16117.0,43588.0
2025-07-18_18:57:37,3302.0,12481.0,46440.0,12187.0,16117.0,43588.0
2025-07-18_18:57:37,9575.0,12481.0,46440.0,13978.0,16117.0,43588.0
2025-07-18_18:57:38,,,,14010.0,16117.0,43588.0
2025-07-18_18:57:41,3302.0,12481.0,46440.0,12192.0,16117.0,43588.0
2025-07-18_18:57:41,9645.0,12481.0,46440.0,14094.0,16117.0,43588.0
2025-07-18_18:57:42,9672.0,12481.0,46440.0,14013.0,16117.0,43588.0
2025-07-18_18:57:42,8680.0,12481.0,46440.0,14229.0,16117.0,43588.0
2025-07-18_18:57:42,9889.0,12481.0,46440.0,14607.0,16117.0,43588.0
2025-07-18_18:57:42,8649.0,12481.0,46440.0,14046.0,16117.0,43588.0
2025-07-18_18:57:43,9252.0,12481.0,46440.0,13985.0,16117.0,43588.0
2025-07-18_18:57:43,9584.0,12481.0,46440.0,14185.0,16117.0,43588.0
2025-07-18_18:57:43,9767.0,12481.0,46440.0,13790.0,16117.0,43588.0
2025-07-18_18:57:43,9655.0,12481.0,46440.0,13934.0,16117.0,43588.0
2025-07-18_18:57:44,9804.0,12481.0,46440.0,14226.0,16117.0,43588.0
2025-07-18_18:57:44,,,,,,
2025-07-18_18:57:48,6968.0,12481.0,46440.0,3792.0,16117.0,43588.0
2025-07-18_18:57:49,2778.0,12481.0,46440.0,12197.0,16117.0,43588.0
2025-07-18_18:57:49,9273.0,12481.0,46440.0,13955.0,16117.0,43588.0
2025-07-18_18:57:49,9676.0,12481.0,46440.0,14175.0,16117.0,43588.0
2025-07-18_18:57:49,10312.0,12481.0,46440.0,14558.0,16117.0,43588.0
2025-07-18_18:57:49,,,,14572.0,16117.0,43588.0
2025-07-18_18:57:53,3375.0,12481.0,46440.0,12202.0,16117.0,43588.0
2025-07-18_18:57:53,9586.0,12481.0,46440.0,14019.0,16117.0,43588.0
2025-07-18_18:57:54,9263.0,12481.0,46440.0,13924.0,16117.0,43588.0
2025-07-18_18:57:54,10059.0,12481.0,46440.0,14184.0,16117.0,43588.0
2025-07-18_18:57:54,,,,14208.0,16117.0,43588.0
2025-07-18_18:57:58,3375.0,12481.0,46440.0,12186.0,16117.0,43588.0
2025-07-18_18:57:58,9431.0,12481.0,46440.0,14183.0,16117.0,43588.0
2025-07-18_18:57:58,9184.0,12481.0,46440.0,13782.0,16117.0,43588.0
2025-07-18_18:57:58,8717.0,12481.0,46445.0,14447.0,16117.0,43588.0
2025-07-18_18:57:59,9805.0,12481.0,46445.0,14032.0,16117.0,43588.0
2025-07-18_18:57:59,,,,13830.0,16117.0,43588.0
2025-07-18_18:58:03,3358.0,12481.0,46445.0,12191.0,16117.0,43588.0
2025-07-18_18:58:03,9867.0,12481.0,46445.0,14035.0,16117.0,43588.0
2025-07-18_18:58:03,10129.0,12481.0,46445.0,14362.0,16117.0,43588.0
2025-07-18_18:58:03,8743.0,12481.0,46445.0,14376.0,16117.0,43588.0
2025-07-18_18:58:03,,,,,,
2025-07-18_18:58:08,2778.0,12481.0,46445.0,3776.0,16117.0,43588.0
2025-07-18_18:58:08,9204.0,12481.0,46445.0,13795.0,16117.0,43588.0
2025-07-18_18:58:08,,,,14170.0,16117.0,43588.0
2025-07-18_18:58:12,2778.0,12481.0,46445.0,12160.0,16117.0,43588.0
2025-07-18_18:58:12,9678.0,12481.0,46445.0,13974.0,16117.0,43588.0
2025-07-18_18:58:13,10263.0,12481.0,46445.0,14417.0,16117.0,43588.0
2025-07-18_18:58:13,9666.0,12481.0,46445.0,14286.0,16117.0,43588.0
2025-07-18_18:58:13,,,,14053.0,16117.0,43588.0
2025-07-18_18:58:17,2778.0,12481.0,46445.0,12186.0,16117.0,43588.0
2025-07-18_18:58:17,,,,,,
2025-07-18_18:58:21,6965.0,12481.0,46445.0,3793.0,16117.0,43588.0
2025-07-18_18:58:21,9389.0,12481.0,46445.0,14392.0,16117.0,43588.0
2025-07-18_18:58:21,9807.0,12481.0,46445.0,14221.0,16117.0,43588.0
2025-07-18_18:58:22,9838.0,12481.0,46445.0,14078.0,16117.0,43588.0
2025-07-18_18:58:22,10172.0,12481.0,46445.0,14352.0,16117.0,43588.0
2025-07-18_18:58:22,8672.0,12481.0,46445.0,14423.0,16117.0,43588.0
2025-07-18_18:58:22,9561.0,12481.0,46445.0,14275.0,16117.0,43588.0
2025-07-18_18:58:22,9678.0,12481.0,46445.0,14167.0,16117.0,43588.0
2025-07-18_18:58:23,9689.0,12481.0,46445.0,14153.0,16117.0,43588.0
2025-07-18_18:58:23,9873.0,12481.0,46445.0,14125.0,16117.0,43588.0
2025-07-18_18:58:23,,,,14086.0,16117.0,43588.0
2025-07-18_18:58:27,3375.0,12481.0,46445.0,12193.0,16117.0,43588.0
2025-07-18_18:58:27,9905.0,12481.0,46445.0,13941.0,16117.0,43588.0
2025-07-18_18:58:27,9793.0,12481.0,46445.0,14022.0,16117.0,43588.0
2025-07-18_18:58:28,9614.0,12481.0,46445.0,14134.0,16117.0,43588.0
2025-07-18_18:58:28,9859.0,12481.0,46445.0,14215.0,16117.0,43588.0
2025-07-18_18:58:28,9927.0,12481.0,46445.0,14369.0,16117.0,43588.0
2025-07-18_18:58:28,9449.0,12481.0,46445.0,14193.0,16117.0,43588.0
2025-07-18_18:58:28,9437.0,12481.0,46445.0,14007.0,16117.0,43588.0
2025-07-18_18:58:29,,,,14322.0,16117.0,43588.0
2025-07-18_18:58:33,2778.0,12481.0,46445.0,12173.0,16117.0,43588.0
2025-07-18_18:58:33,,,,11688.0,16117.0,43593.0
2025-07-18_18:58:37,2778.0,12481.0,46445.0,12191.0,16117.0,43593.0
2025-07-18_18:58:37,9862.0,12481.0,46445.0,14119.0,16117.0,43593.0
2025-07-18_18:58:37,,,,,,
2025-07-18_18:58:41,6965.0,12481.0,46445.0,3793.0,16117.0,43593.0
2025-07-18_18:58:41,8711.0,12481.0,46445.0,14084.0,16117.0,43593.0
2025-07-18_18:58:41,,,,14266.0,16117.0,43593.0
2025-07-18_18:58:45,3375.0,12481.0,46445.0,12185.0,16117.0,43593.0
2025-07-18_18:58:45,9898.0,12481.0,46445.0,14140.0,16117.0,43593.0
2025-07-18_18:58:45,9132.0,12481.0,46445.0,13967.0,16117.0,43593.0
2025-07-18_18:58:46,10109.0,12481.0,46445.0,14499.0,16117.0,43593.0
2025-07-18_18:58:46,,,,,,
2025-07-18_18:58:50,6964.0,12481.0,46445.0,3792.0,16117.0,43593.0
2025-07-18_18:58:50,9582.0,12481.0,46445.0,14208.0,16117.0,43593.0
2025-07-18_18:58:50,10132.0,12481.0,46445.0,14011.0,16117.0,43593.0
2025-07-18_18:58:50,10010.0,12481.0,46445.0,14360.0,16117.0,43593.0
2025-07-18_18:58:51,9870.0,12481.0,46445.0,14059.0,16117.0,43593.0
2025-07-18_18:58:51,,,,13813.0,16117.0,43593.0
2025-07-18_18:58:54,3358.0,12481.0,46445.0,12191.0,16117.0,43593.0
2025-07-18_18:58:55,,,,,,
2025-07-18_18:58:59,2778.0,12481.0,46445.0,3776.0,16117.0,43593.0
2025-07-18_18:58:59,8559.0,12481.0,46445.0,13805.0,16117.0,43593.0
2025-07-18_18:59:00,,,,,,
2025-07-18_18:59:03,6966.0,12481.0,46445.0,3792.0,16117.0,43593.0
2025-07-18_18:59:04,9806.0,12481.0,46445.0,14234.0,16117.0,43593.0
2025-07-18_18:59:04,9643.0,12481.0,46445.0,13915.0,16117.0,43593.0
2025-07-18_18:59:04,,,,,,
2025-07-18_18:59:08,6965.0,12481.0,46445.0,3793.0,16117.0,43593.0
2025-07-18_18:59:08,,,,,,
2025-07-18_18:59:12,6969.0,12481.0,46445.0,3793.0,16117.0,43593.0
2025-07-18_18:59:12,,,,,,
2025-07-18_18:59:17,2778.0,12481.0,46445.0,3776.0,16117.0,43593.0
2025-07-18_18:59:17,8650.0,12481.0,46445.0,14208.0,16117.0,43593.0
2025-07-18_18:59:17,,,,,,
2025-07-18_18:59:21,6964.0,12481.0,46445.0,3793.0,16117.0,43593.0
2025-07-18_18:59:22,6954.0,12481.0,46445.0,3804.0,16117.0,43593.0
2025-07-18_18:59:22,,,,13557.0,16117.0,43593.0
2025-07-18_18:59:26,2778.0,12481.0,46445.0,12184.0,16117.0,43593.0
2025-07-18_18:59:26,,,,13867.0,16117.0,43593.0
2025-07-18_18:59:30,3358.0,12481.0,46445.0,12193.0,16117.0,43593.0
2025-07-18_18:59:30,,,,,,
2025-07-18_18:59:34,6964.0,12481.0,46445.0,3793.0,16117.0,43593.0
2025-07-18_18:59:34,9663.0,12481.0,46445.0,14104.0,16117.0,43593.0
2025-07-18_18:59:34,9549.0,12481.0,46445.0,14206.0,16117.0,43593.0
2025-07-18_18:59:34,,,,,,
2025-07-18_18:59:38,6973.0,12481.0,46445.0,3792.0,16117.0,43593.0
2025-07-18_18:59:38,9801.0,12481.0,46445.0,14038.0,16117.0,43593.0
2025-07-18_18:59:39,,,,,,
2025-07-18_18:59:42,6967.0,12481.0,46445.0,3793.0,16117.0,43593.0
2025-07-18_18:59:43,9376.0,12481.0,46445.0,13980.0,16117.0,43593.0
2025-07-18_18:59:43,,,,13971.0,16117.0,43593.0
2025-07-18_18:59:47,3375.0,12481.0,46445.0,12190.0,16117.0,43593.0
2025-07-18_18:59:47,9792.0,12481.0,46445.0,14179.0,16117.0,43593.0
2025-07-18_18:59:47,10004.0,12481.0,46445.0,14288.0,16117.0,43593.0
2025-07-18_18:59:47,9488.0,12481.0,46445.0,13931.0,16117.0,43593.0
2025-07-18_18:59:47,10006.0,12481.0,46445.0,14405.0,16117.0,43593.0
2025-07-18_18:59:48,9680.0,12481.0,46445.0,13976.0,16117.0,43593.0
2025-07-18_18:59:48,9805.0,12481.0,46445.0,14041.0,16117.0,43593.0
2025-07-18_18:59:48,10047.0,12481.0,46445.0,14211.0,16117.0,43593.0
2025-07-18_18:59:48,10333.0,12481.0,46445.0,14352.0,16117.0,43593.0
2025-07-18_18:59:49,9677.0,12481.0,46445.0,13976.0,16117.0,43593.0
2025-07-18_18:59:49,9672.0,12481.0,46445.0,14351.0,16117.0,43593.0
2025-07-18_18:59:49,9630.0,12481.0,46445.0,14138.0,16117.0,43593.0
2025-07-18_18:59:49,10041.0,12481.0,46445.0,14317.0,16117.0,43593.0
2025-07-18_18:59:49,,,,13061.0,16117.0,43593.0
2025-07-18_18:59:53,2778.0,12481.0,46445.0,12182.0,16117.0,43593.0
2025-07-18_18:59:54,9681.0,12481.0,46445.0,13970.0,16117.0,43593.0
2025-07-18_18:59:54,9683.0,12481.0,46445.0,14210.0,16117.0,43593.0
2025-07-18_18:59:54,,,,,,
2025-07-18_18:59:58,6967.0,12481.0,46445.0,3792.0,16117.0,43593.0
2025-07-18_18:59:58,9851.0,12481.0,46445.0,14169.0,16117.0,43593.0
2025-07-18_18:59:58,9674.0,12481.0,46445.0,13983.0,16117.0,43593.0
2025-07-18_18:59:58,9579.0,12481.0,46445.0,14180.0,16117.0,43593.0
2025-07-18_18:59:59,9665.0,12481.0,46445.0,14205.0,16117.0,43593.0
2025-07-18_18:59:59,9732.0,12481.0,46445.0,14102.0,16117.0,43593.0
2025-07-18_18:59:59,,,,,,
2025-07-18_19:00:03,3356.0,12481.0,46445.0,4597.0,16117.0,43593.0
2025-07-18_19:00:04,9528.0,12481.0,46445.0,14279.0,16117.0,43593.0
2025-07-18_19:00:04,10064.0,12481.0,46445.0,14345.0,16117.0,43593.0
2025-07-18_19:00:04,9466.0,12481.0,46445.0,14111.0,16117.0,43593.0
2025-07-18_19:00:04,9725.0,12481.0,46445.0,14075.0,16117.0,43593.0
2025-07-18_19:00:05,,,,13603.0,16117.0,43593.0
2025-07-18_19:00:08,3358.0,12481.0,46445.0,12182.0,16117.0,43593.0
2025-07-18_19:00:09,9972.0,12481.0,46445.0,14327.0,16117.0,43593.0
2025-07-18_19:00:09,,,,,,
2025-07-18_19:00:13,6965.0,12481.0,46445.0,3793.0,16117.0,43593.0
2025-07-18_19:00:13,9645.0,12481.0,46445.0,13764.0,16117.0,43593.0
2025-07-18_19:00:13,8526.0,12481.0,46445.0,13892.0,16117.0,43593.0
2025-07-18_19:00:13,9643.0,12481.0,46445.0,14272.0,16117.0,43593.0
2025-07-18_19:00:13,9680.0,12481.0,46445.0,14020.0,16117.0,43593.0
2025-07-18_19:00:14,10043.0,12481.0,46445.0,14152.0,16117.0,43593.0
